timestamp,optimizer,bench,instance,seed,trial_id,score,cfg_json,out_json
2026-04-14T04:55:11.119080,tpe,lcbench,168329,1,0,44.8463134765625,"{""OpenML_task_id"": ""168335"", ""batch_size"": 359, ""epoch"": 17, ""learning_rate"": 0.06868144267539023, ""max_dropout"": 0.8346256718973729, ""max_units"": 81, ""momentum"": 0.7676284403010211, ""num_layers"": 5, ""weight_decay"": 0.07481908378144014}","{""time"": 44.8463134765625, ""val_accuracy"": 0.31399306654930115, ""val_cross_entropy"": 4.433438301086426, ""val_balanced_accuracy"": 0.010684823617339134, ""test_cross_entropy"": 4.590173244476318, ""test_balanced_accuracy"": 0.010809969156980515}"
2026-04-14T04:55:11.122584,tpe,lcbench,168329,1,1,183.65191650390625,"{""OpenML_task_id"": ""189862"", ""batch_size"": 476, ""epoch"": 19, ""learning_rate"": 0.07510612910330196, ""max_dropout"": 0.7259979853504515, ""max_units"": 912, ""momentum"": 0.6550682642794919, ""num_layers"": 4, ""weight_decay"": 0.03489634521436448}","{""time"": 183.65191650390625, ""val_accuracy"": 1.3053284883499146, ""val_cross_entropy"": 4.50758171081543, ""val_balanced_accuracy"": 0.01341233216226101, ""test_cross_entropy"": 4.648096561431885, ""test_balanced_accuracy"": 0.013316665776073933}"
2026-04-14T04:55:11.125591,tpe,lcbench,168329,1,2,30.214134216308594,"{""OpenML_task_id"": ""189354"", ""batch_size"": 369, ""epoch"": 7, ""learning_rate"": 0.00208602537059558, ""max_dropout"": 0.026210986877719278, ""max_units"": 91, ""momentum"": 0.31912785016671086, ""num_layers"": 5, ""weight_decay"": 0.053887718123521874}","{""time"": 30.214134216308594, ""val_accuracy"": 0.4810000956058502, ""val_cross_entropy"": 4.58305549621582, ""val_balanced_accuracy"": 0.009559289552271366, ""test_cross_entropy"": 4.577884674072266, ""test_balanced_accuracy"": 0.00965083483606577}"
2026-04-14T04:55:11.127589,tpe,lcbench,168329,1,3,68.21485900878906,"{""OpenML_task_id"": ""189908"", ""batch_size"": 135, ""epoch"": 26, ""learning_rate"": 0.06203357626629985, ""max_dropout"": 0.8289808995501787, ""max_units"": 214, ""momentum"": 0.11653281993789448, ""num_layers"": 1, ""weight_decay"": 0.04863964764259382}","{""time"": 68.21485900878906, ""val_accuracy"": 18.084993362426758, ""val_cross_entropy"": 3.8402469158172607, ""val_balanced_accuracy"": 0.1459120512008667, ""test_cross_entropy"": 4.631956100463867, ""test_balanced_accuracy"": 0.14204050600528717}"
2026-04-14T04:55:11.130590,tpe,lcbench,168329,1,4,666.5110473632812,"{""OpenML_task_id"": ""126025"", ""batch_size"": 471, ""epoch"": 34, ""learning_rate"": 0.039061770642710505, ""max_dropout"": 0.48599066709690975, ""max_units"": 644, ""momentum"": 0.5890976501426207, ""num_layers"": 5, ""weight_decay"": 0.09187415622900427}","{""time"": 666.5110473632812, ""val_accuracy"": 0.7852025032043457, ""val_cross_entropy"": 4.754653453826904, ""val_balanced_accuracy"": 0.008838081732392311, ""test_cross_entropy"": 4.588720798492432, ""test_balanced_accuracy"": 0.008914708159863949}"
2026-04-14T04:55:11.133097,tpe,lcbench,168329,1,5,104.97867584228516,"{""OpenML_task_id"": ""7593"", ""batch_size"": 407, ""epoch"": 32, ""learning_rate"": 0.005485536280167922, ""max_dropout"": 0.4201936800011322, ""max_units"": 716, ""momentum"": 0.917555582399998, ""num_layers"": 1, ""weight_decay"": 0.09767614731161565}","{""time"": 104.97867584228516, ""val_accuracy"": 15.886998176574707, ""val_cross_entropy"": 3.963179349899292, ""val_balanced_accuracy"": 0.1271386444568634, ""test_cross_entropy"": 4.636560916900635, ""test_balanced_accuracy"": 0.12300344556570053}"
2026-04-14T04:55:11.135104,tpe,lcbench,168329,1,6,198.86976623535156,"{""OpenML_task_id"": ""168868"", ""batch_size"": 278, ""epoch"": 42, ""learning_rate"": 0.057291602867441484, ""max_dropout"": 0.7331425252875111, ""max_units"": 562, ""momentum"": 0.7860866803466803, ""num_layers"": 3, ""weight_decay"": 0.04657633076041218}","{""time"": 198.86976623535156, ""val_accuracy"": 2.8344533443450928, ""val_cross_entropy"": 4.346058368682861, ""val_balanced_accuracy"": 0.020108889788389206, ""test_cross_entropy"": 4.645179271697998, ""test_balanced_accuracy"": 0.01964426599442959}"
2026-04-14T04:55:11.138608,tpe,lcbench,168329,1,7,141.1665802001953,"{""OpenML_task_id"": ""126026"", ""batch_size"": 286, ""epoch"": 35, ""learning_rate"": 0.014540099458453517, ""max_dropout"": 0.7515278171352439, ""max_units"": 277, ""momentum"": 0.5622231236857694, ""num_layers"": 4, ""weight_decay"": 0.0022428194949007}","{""time"": 141.1665802001953, ""val_accuracy"": 13.683829307556152, ""val_cross_entropy"": 3.5544002056121826, ""val_balanced_accuracy"": 0.10234384983778, ""test_cross_entropy"": 4.6273393630981445, ""test_balanced_accuracy"": 0.10409124195575714}"
2026-04-14T04:55:11.140613,tpe,lcbench,168329,1,8,5.518062114715576,"{""OpenML_task_id"": ""189905"", ""batch_size"": 192, ""epoch"": 2, ""learning_rate"": 0.016123478434012947, ""max_dropout"": 0.7456371927074961, ""max_units"": 93, ""momentum"": 0.42622335654693244, ""num_layers"": 5, ""weight_decay"": 0.06927084497356036}","{""time"": 5.518062114715576, ""val_accuracy"": 0.4584887623786926, ""val_cross_entropy"": 4.587102890014648, ""val_balanced_accuracy"": 0.010921008884906769, ""test_cross_entropy"": 4.62489128112793, ""test_balanced_accuracy"": 0.011058871634304523}"
2026-04-14T04:55:11.143613,tpe,lcbench,168329,1,9,1076.5816650390625,"{""OpenML_task_id"": ""126026"", ""batch_size"": 415, ""epoch"": 37, ""learning_rate"": 0.07664451696946949, ""max_dropout"": 0.3424541198435198, ""max_units"": 876, ""momentum"": 0.4816042097495039, ""num_layers"": 5, ""weight_decay"": 0.06265335090084313}","{""time"": 1076.5816650390625, ""val_accuracy"": 1.1372536420822144, ""val_cross_entropy"": 4.711075305938721, ""val_balanced_accuracy"": 0.008656003512442112, ""test_cross_entropy"": 4.588058948516846, ""test_balanced_accuracy"": 0.008716990239918232}"
2026-04-14T04:55:11.157149,tpe,lcbench,168329,1,10,3.4542458057403564,"{""OpenML_task_id"": ""189905"", ""batch_size"": 76, ""epoch"": 1, ""learning_rate"": 0.09876685256029641, ""max_dropout"": 0.9441666761301676, ""max_units"": 380, ""momentum"": 0.3355981232051136, ""num_layers"": 3, ""weight_decay"": 0.023377666396665706}","{""time"": 3.4542458057403564, ""val_accuracy"": 0.892461895942688, ""val_cross_entropy"": 4.389528274536133, ""val_balanced_accuracy"": 0.012190657667815685, ""test_cross_entropy"": 4.648738861083984, ""test_balanced_accuracy"": 0.01192731037735939}"
2026-04-14T04:55:11.166655,tpe,lcbench,168329,1,11,3.620187759399414,"{""OpenML_task_id"": ""189905"", ""batch_size"": 29, ""epoch"": 1, ""learning_rate"": 0.09741349756010734, ""max_dropout"": 0.9876267542805721, ""max_units"": 381, ""momentum"": 0.36804629325096955, ""num_layers"": 3, ""weight_decay"": 0.0186807598267232}","{""time"": 3.620187759399414, ""val_accuracy"": 0.9029802680015564, ""val_cross_entropy"": 4.339815616607666, ""val_balanced_accuracy"": 0.01230402197688818, ""test_cross_entropy"": 4.641247749328613, ""test_balanced_accuracy"": 0.012033313512802124}"
2026-04-14T04:55:11.176162,tpe,lcbench,168329,1,12,133.3673095703125,"{""OpenML_task_id"": ""189905"", ""batch_size"": 18, ""epoch"": 51, ""learning_rate"": 0.0984192479662935, ""max_dropout"": 0.9782564286204352, ""max_units"": 397, ""momentum"": 0.24586045262005252, ""num_layers"": 2, ""weight_decay"": 0.013859411708255106}","{""time"": 133.3673095703125, ""val_accuracy"": 17.60308837890625, ""val_cross_entropy"": 3.5540826320648193, ""val_balanced_accuracy"": 0.15572984516620636, ""test_cross_entropy"": 4.580393314361572, ""test_balanced_accuracy"": 0.155458003282547}"
2026-04-14T04:55:11.188177,tpe,lcbench,168329,1,13,34.31387710571289,"{""OpenML_task_id"": ""189906"", ""batch_size"": 20, ""epoch"": 10, ""learning_rate"": 0.0979092715106841, ""max_dropout"": 0.9939511314143522, ""max_units"": 418, ""momentum"": 0.3273126656304381, ""num_layers"": 3, ""weight_decay"": 0.02377233298011303}","{""time"": 34.31387710571289, ""val_accuracy"": 4.431182861328125, ""val_cross_entropy"": 3.963797092437744, ""val_balanced_accuracy"": 0.04091624915599823, ""test_cross_entropy"": 4.62187385559082, ""test_balanced_accuracy"": 0.04072704538702965}"
2026-04-14T04:55:11.199683,tpe,lcbench,168329,1,14,5.084381580352783,"{""OpenML_task_id"": ""189905"", ""batch_size"": 112, ""epoch"": 1, ""learning_rate"": 0.08658596114724681, ""max_dropout"": 0.21287246696775497, ""max_units"": 413, ""momentum"": 0.13672829045037183, ""num_layers"": 2, ""weight_decay"": 0.02579311833598627}","{""time"": 5.084381580352783, ""val_accuracy"": 0.9085205793380737, ""val_cross_entropy"": 4.453738212585449, ""val_balanced_accuracy"": 0.011269698850810528, ""test_cross_entropy"": 4.6461615562438965, ""test_balanced_accuracy"": 0.010918822139501572}"
2026-04-14T04:55:11.212193,tpe,lcbench,168329,1,15,53.563148498535156,"{""OpenML_task_id"": ""168330"", ""batch_size"": 99, ""epoch"": 13, ""learning_rate"": 0.03494512373811187, ""max_dropout"": 0.9262629241888054, ""max_units"": 251, ""momentum"": 0.3749683678962548, ""num_layers"": 2, ""weight_decay"": 0.00047330419991674366}","{""time"": 53.563148498535156, ""val_accuracy"": 27.539737701416016, ""val_cross_entropy"": 3.240725517272949, ""val_balanced_accuracy"": 0.20573090016841888, ""test_cross_entropy"": 4.581910610198975, ""test_balanced_accuracy"": 0.20686885714530945}"
2026-04-14T04:55:11.225213,tpe,lcbench,168329,1,16,206.9409637451172,"{""OpenML_task_id"": ""189909"", ""batch_size"": 79, ""epoch"": 22, ""learning_rate"": 0.08444628660881427, ""max_dropout"": 0.5922413423123793, ""max_units"": 504, ""momentum"": 0.23723500938936617, ""num_layers"": 4, ""weight_decay"": 0.03493647465031349}","{""time"": 206.9409637451172, ""val_accuracy"": 1.8870729207992554, ""val_cross_entropy"": 4.467466831207275, ""val_balanced_accuracy"": 0.012718223966658115, ""test_cross_entropy"": 4.632047653198242, ""test_balanced_accuracy"": 0.012770168483257294}"
2026-04-14T04:55:11.238242,tpe,lcbench,168329,1,17,37.15999221801758,"{""OpenML_task_id"": ""189866"", ""batch_size"": 205, ""epoch"": 6, ""learning_rate"": 0.08866006473053581, ""max_dropout"": 0.6272273111398209, ""max_units"": 748, ""momentum"": 0.43712533447055935, ""num_layers"": 3, ""weight_decay"": 0.015060316269206812}","{""time"": 37.15999221801758, ""val_accuracy"": 14.328718185424805, ""val_cross_entropy"": 3.5082521438598633, ""val_balanced_accuracy"": 0.1273772418498993, ""test_cross_entropy"": 4.598385810852051, ""test_balanced_accuracy"": 0.12827616930007935}"
2026-04-14T04:55:11.248754,tpe,lcbench,168329,1,18,39.318634033203125,"{""OpenML_task_id"": ""126029"", ""batch_size"": 180, ""epoch"": 12, ""learning_rate"": 0.04447344894191534, ""max_dropout"": 0.8561644928474539, ""max_units"": 339, ""momentum"": 0.2288405035735314, ""num_layers"": 2, ""weight_decay"": 0.013413181095388083}","{""time"": 39.318634033203125, ""val_accuracy"": 17.815446853637695, ""val_cross_entropy"": 3.589211940765381, ""val_balanced_accuracy"": 0.1395370364189148, ""test_cross_entropy"": 4.6187944412231445, ""test_balanced_accuracy"": 0.13919466733932495}"
2026-04-14T04:55:11.261262,tpe,lcbench,168329,1,19,8.366965293884277,"{""OpenML_task_id"": ""167200"", ""batch_size"": 60, ""epoch"": 1, ""learning_rate"": 0.0972523739141858, ""max_dropout"": 0.5770435863952665, ""max_units"": 1020, ""momentum"": 0.5258586949567832, ""num_layers"": 4, ""weight_decay"": 0.031083589208641755}","{""time"": 8.366965293884277, ""val_accuracy"": 0.6954730749130249, ""val_cross_entropy"": 4.303805828094482, ""val_balanced_accuracy"": 0.012452145107090473, ""test_cross_entropy"": 4.603363513946533, ""test_balanced_accuracy"": 0.012458013370633125}"
2026-04-14T04:55:11.271276,tpe,lcbench,168329,1,20,31.296245574951172,"{""OpenML_task_id"": ""167161"", ""batch_size"": 156, ""epoch"": 7, ""learning_rate"": 0.054625564995549915, ""max_dropout"": 0.8999491982025026, ""max_units"": 567, ""momentum"": 0.6414721588850232, ""num_layers"": 3, ""weight_decay"": 0.042023620431665736}","{""time"": 31.296245574951172, ""val_accuracy"": 2.366919755935669, ""val_cross_entropy"": 4.2345709800720215, ""val_balanced_accuracy"": 0.02294405736029148, ""test_cross_entropy"": 4.638968467712402, ""test_balanced_accuracy"": 0.022688908502459526}"
2026-04-14T04:55:11.283289,tpe,lcbench,168329,1,21,5.5334014892578125,"{""OpenML_task_id"": ""189905"", ""batch_size"": 114, ""epoch"": 1, ""learning_rate"": 0.08550697226529022, ""max_dropout"": 0.08109933162612004, ""max_units"": 452, ""momentum"": 0.10442770689948211, ""num_layers"": 2, ""weight_decay"": 0.022898126682923688}","{""time"": 5.5334014892578125, ""val_accuracy"": 0.9082520604133606, ""val_cross_entropy"": 4.456391334533691, ""val_balanced_accuracy"": 0.01112016849219799, ""test_cross_entropy"": 4.646679401397705, ""test_balanced_accuracy"": 0.010781141929328442}"
2026-04-14T04:55:11.296795,tpe,lcbench,168329,1,22,19.100204467773438,"{""OpenML_task_id"": ""189905"", ""batch_size"": 55, ""epoch"": 5, ""learning_rate"": 0.08976790636266085, ""max_dropout"": 0.2470376440652075, ""max_units"": 328, ""momentum"": 0.1760722985790133, ""num_layers"": 2, ""weight_decay"": 0.023633336413257534}","{""time"": 19.100204467773438, ""val_accuracy"": 14.690073013305664, ""val_cross_entropy"": 3.760256290435791, ""val_balanced_accuracy"": 0.11774268746376038, ""test_cross_entropy"": 4.6180500984191895, ""test_balanced_accuracy"": 0.11764392256736755}"
2026-04-14T04:55:11.309804,tpe,lcbench,168329,1,23,50.38515090942383,"{""OpenML_task_id"": ""3945"", ""batch_size"": 232, ""epoch"": 15, ""learning_rate"": 0.0778945846244248, ""max_dropout"": 0.2601845113906887, ""max_units"": 185, ""momentum"": 0.31266630750099633, ""num_layers"": 3, ""weight_decay"": 0.01034999627143909}","{""time"": 50.38515090942383, ""val_accuracy"": 16.710704803466797, ""val_cross_entropy"": 3.4298832416534424, ""val_balanced_accuracy"": 0.1370774358510971, ""test_cross_entropy"": 4.595704555511475, ""test_balanced_accuracy"": 0.13841603696346283}"
2026-04-14T04:55:11.327821,tpe,lcbench,168329,1,24,59.72531509399414,"{""OpenML_task_id"": ""167152"", ""batch_size"": 60, ""epoch"": 11, ""learning_rate"": 0.09140222959434484, ""max_dropout"": 0.1554802593644214, ""max_units"": 482, ""momentum"": 0.1835281396481357, ""num_layers"": 3, ""weight_decay"": 0.02435982030481746}","{""time"": 59.72531509399414, ""val_accuracy"": 9.368690490722656, ""val_cross_entropy"": 3.7648866176605225, ""val_balanced_accuracy"": 0.07318497449159622, ""test_cross_entropy"": 4.619138240814209, ""test_balanced_accuracy"": 0.07360086590051651}"
2026-04-14T04:55:11.341339,tpe,lcbench,168329,1,25,16.749126434326172,"{""OpenML_task_id"": ""168910"", ""batch_size"": 133, ""epoch"": 4, ""learning_rate"": 0.06809603782408098, ""max_dropout"": 0.36938811182518344, ""max_units"": 352, ""momentum"": 0.3997040190240363, ""num_layers"": 1, ""weight_decay"": 0.03834590613869881}","{""time"": 16.749126434326172, ""val_accuracy"": 18.384897232055664, ""val_cross_entropy"": 3.8346681594848633, ""val_balanced_accuracy"": 0.14379847049713135, ""test_cross_entropy"": 4.622897624969482, ""test_balanced_accuracy"": 0.1409219652414322}"
2026-04-14T04:55:11.355357,tpe,lcbench,168329,1,26,53.22011184692383,"{""OpenML_task_id"": ""167184"", ""batch_size"": 17, ""epoch"": 9, ""learning_rate"": 0.09993667413605174, ""max_dropout"": 0.1800659046411447, ""max_units"": 602, ""momentum"": 0.279765692605107, ""num_layers"": 2, ""weight_decay"": 0.007973756912983989}","{""time"": 53.22011184692383, ""val_accuracy"": 24.80029296875, ""val_cross_entropy"": 3.325366973876953, ""val_balanced_accuracy"": 0.19733954966068268, ""test_cross_entropy"": 4.563730239868164, ""test_balanced_accuracy"": 0.1977732628583908}"
2026-04-14T04:55:11.372374,tpe,lcbench,168329,1,27,57.40491485595703,"{""OpenML_task_id"": ""167185"", ""batch_size"": 97, ""epoch"": 22, ""learning_rate"": 0.08197310247216875, ""max_dropout"": 0.5080504025592429, ""max_units"": 172, ""momentum"": 0.16271412513153521, ""num_layers"": 3, ""weight_decay"": 0.028098439478213905}","{""time"": 57.40491485595703, ""val_accuracy"": 3.379899263381958, ""val_cross_entropy"": 4.224663734436035, ""val_balanced_accuracy"": 0.0254965927451849, ""test_cross_entropy"": 4.639370918273926, ""test_balanced_accuracy"": 0.02534898929297924}"
2026-04-14T04:55:11.389392,tpe,lcbench,168329,1,28,2.7681660652160645,"{""OpenML_task_id"": ""167168"", ""batch_size"": 157, ""epoch"": 1, ""learning_rate"": 0.09211781400039289, ""max_dropout"": 0.6669689323235913, ""max_units"": 388, ""momentum"": 0.3706100189178239, ""num_layers"": 4, ""weight_decay"": 0.055766495918533165}","{""time"": 2.7681660652160645, ""val_accuracy"": 0.7261257171630859, ""val_cross_entropy"": 4.398601055145264, ""val_balanced_accuracy"": 0.01245870254933834, ""test_cross_entropy"": 4.659559726715088, ""test_balanced_accuracy"": 0.01247972622513771}"
2026-04-14T04:55:11.407912,tpe,lcbench,168329,1,29,103.81011199951172,"{""OpenML_task_id"": ""167168"", ""batch_size"": 228, ""epoch"": 18, ""learning_rate"": 0.0704678393963345, ""max_dropout"": 0.8204054905062095, ""max_units"": 286, ""momentum"": 0.4812855991073871, ""num_layers"": 4, ""weight_decay"": 0.08206470705605105}","{""time"": 103.81011199951172, ""val_accuracy"": 0.4552949070930481, ""val_cross_entropy"": 4.586167812347412, ""val_balanced_accuracy"": 0.009872878901660442, ""test_cross_entropy"": 4.654701232910156, ""test_balanced_accuracy"": 0.009821604005992413}"
2026-04-14T04:55:11.428433,tpe,lcbench,168329,1,30,420.2210693359375,"{""OpenML_task_id"": ""146212"", ""batch_size"": 304, ""epoch"": 51, ""learning_rate"": 0.0934486028920957, ""max_dropout"": 0.6642374000587814, ""max_units"": 521, ""momentum"": 0.3691175733775304, ""num_layers"": 4, ""weight_decay"": 0.05795845291470522}","{""time"": 420.2210693359375, ""val_accuracy"": 2.2508199214935303, ""val_cross_entropy"": 4.48218297958374, ""val_balanced_accuracy"": 0.01038205437362194, ""test_cross_entropy"": 4.664200782775879, ""test_balanced_accuracy"": 0.010424895212054253}"
2026-04-14T04:55:11.445447,tpe,lcbench,168329,1,31,14.4956636428833,"{""OpenML_task_id"": ""167190"", ""batch_size"": 163, ""epoch"": 4, ""learning_rate"": 0.08264478749812816, ""max_dropout"": 0.9214859582329114, ""max_units"": 392, ""momentum"": 0.35039247439218285, ""num_layers"": 2, ""weight_decay"": 0.019424298878134887}","{""time"": 14.4956636428833, ""val_accuracy"": 14.06259536743164, ""val_cross_entropy"": 3.7693071365356445, ""val_balanced_accuracy"": 0.11542966961860657, ""test_cross_entropy"": 4.62168550491333, ""test_balanced_accuracy"": 0.11478857696056366}"
2026-04-14T04:55:11.458963,tpe,lcbench,168329,1,32,3.73732328414917,"{""OpenML_task_id"": ""168908"", ""batch_size"": 58, ""epoch"": 1, ""learning_rate"": 0.08999474718268688, ""max_dropout"": 0.8376106674523089, ""max_units"": 431, ""momentum"": 0.471802694345413, ""num_layers"": 3, ""weight_decay"": 0.042809755560584556}","{""time"": 3.73732328414917, ""val_accuracy"": 0.8238839507102966, ""val_cross_entropy"": 4.336121559143066, ""val_balanced_accuracy"": 0.012589414604008198, ""test_cross_entropy"": 4.639251232147217, ""test_balanced_accuracy"": 0.012373377569019794}"
2026-04-14T04:55:11.475995,tpe,lcbench,168329,1,33,88.99386596679688,"{""OpenML_task_id"": ""167201"", ""batch_size"": 48, ""epoch"": 8, ""learning_rate"": 0.09317298471551948, ""max_dropout"": 0.793997245041876, ""max_units"": 464, ""momentum"": 0.4354327706831591, ""num_layers"": 4, ""weight_decay"": 0.043762578910933464}","{""time"": 88.99386596679688, ""val_accuracy"": 0.5983825325965881, ""val_cross_entropy"": 4.429396629333496, ""val_balanced_accuracy"": 0.011869009584188461, ""test_cross_entropy"": 4.6372199058532715, ""test_balanced_accuracy"": 0.011834874749183655}"
2026-04-14T04:55:11.491013,tpe,lcbench,168329,1,34,18.45874786376953,"{""OpenML_task_id"": ""168908"", ""batch_size"": 81, ""epoch"": 4, ""learning_rate"": 0.06805159995206218, ""max_dropout"": 0.872870323111256, ""max_units"": 294, ""momentum"": 0.5200951384210755, ""num_layers"": 3, ""weight_decay"": 0.05553694906160623}","{""time"": 18.45874786376953, ""val_accuracy"": 1.2972396612167358, ""val_cross_entropy"": 4.387416839599609, ""val_balanced_accuracy"": 0.015850592404603958, ""test_cross_entropy"": 4.64605712890625, ""test_balanced_accuracy"": 0.015729282051324844}"
2026-04-14T04:55:11.502532,tpe,lcbench,168329,1,35,121.83782958984375,"{""OpenML_task_id"": ""34539"", ""batch_size"": 148, ""epoch"": 14, ""learning_rate"": 0.07422080613806886, ""max_dropout"": 0.6823624317696804, ""max_units"": 666, ""momentum"": 0.6374985271158946, ""num_layers"": 3, ""weight_decay"": 0.0651151838368785}","{""time"": 121.83782958984375, ""val_accuracy"": 1.2044439315795898, ""val_cross_entropy"": 4.40969705581665, ""val_balanced_accuracy"": 0.01509401947259903, ""test_cross_entropy"": 4.631465435028076, ""test_balanced_accuracy"": 0.014974386431276798}"
2026-04-14T04:55:11.514051,tpe,lcbench,168329,1,36,26.90505599975586,"{""OpenML_task_id"": ""189865"", ""batch_size"": 43, ""epoch"": 8, ""learning_rate"": 0.07972085275182661, ""max_dropout"": 0.9543312499266865, ""max_units"": 142, ""momentum"": 0.4734558375155041, ""num_layers"": 3, ""weight_decay"": 0.050253747731793266}","{""time"": 26.90505599975586, ""val_accuracy"": 1.1736338138580322, ""val_cross_entropy"": 4.348191261291504, ""val_balanced_accuracy"": 0.015145092271268368, ""test_cross_entropy"": 4.6428446769714355, ""test_balanced_accuracy"": 0.014981242828071117}"
2026-04-14T04:55:11.526078,tpe,lcbench,168329,1,37,213.5897979736328,"{""OpenML_task_id"": ""167104"", ""batch_size"": 127, ""epoch"": 27, ""learning_rate"": 0.06310196179070837, ""max_dropout"": 0.7943990502588195, ""max_units"": 237, ""momentum"": 0.7445588794660244, ""num_layers"": 4, ""weight_decay"": 0.07696275455440627}","{""time"": 213.5897979736328, ""val_accuracy"": 0.42724522948265076, ""val_cross_entropy"": 4.489780902862549, ""val_balanced_accuracy"": 0.01043032482266426, ""test_cross_entropy"": 4.6327972412109375, ""test_balanced_accuracy"": 0.010381381027400494}"
2026-04-14T04:55:11.537592,tpe,lcbench,168329,1,38,17.132606506347656,"{""OpenML_task_id"": ""167149"", ""batch_size"": 321, ""epoch"": 4, ""learning_rate"": 0.09330792422835198, ""max_dropout"": 0.8743499594882829, ""max_units"": 371, ""momentum"": 0.29429176758330067, ""num_layers"": 4, ""weight_decay"": 0.05267402236157036}","{""time"": 17.132606506347656, ""val_accuracy"": 1.1521130800247192, ""val_cross_entropy"": 4.478044033050537, ""val_balanced_accuracy"": 0.01240702997893095, ""test_cross_entropy"": 4.660618782043457, ""test_balanced_accuracy"": 0.012572833336889744}"
2026-04-14T04:55:11.550223,tpe,lcbench,168329,1,39,4.437347412109375,"{""OpenML_task_id"": ""167168"", ""batch_size"": 81, ""epoch"": 1, ""learning_rate"": 0.027151284284303176, ""max_dropout"": 0.7141732387610661, ""max_units"": 315, ""momentum"": 0.9238022931899745, ""num_layers"": 3, ""weight_decay"": 0.033183611480838274}","{""time"": 4.437347412109375, ""val_accuracy"": 0.8642088770866394, ""val_cross_entropy"": 4.3932905197143555, ""val_balanced_accuracy"": 0.011817416176199913, ""test_cross_entropy"": 4.630929470062256, ""test_balanced_accuracy"": 0.01154965627938509}"
2026-04-14T04:55:11.563737,tpe,lcbench,168329,1,40,237.4519805908203,"{""OpenML_task_id"": ""189873"", ""batch_size"": 40, ""epoch"": 16, ""learning_rate"": 0.0998236677347161, ""max_dropout"": 0.781891901666151, ""max_units"": 449, ""momentum"": 0.6041202112528583, ""num_layers"": 5, ""weight_decay"": 0.03895224645275744}","{""time"": 237.4519805908203, ""val_accuracy"": 0.34414955973625183, ""val_cross_entropy"": 4.490289688110352, ""val_balanced_accuracy"": 0.01008940301835537, ""test_cross_entropy"": 4.590489387512207, ""test_balanced_accuracy"": 0.010221290402114391}"
2026-04-14T04:55:11.579760,tpe,lcbench,168329,1,41,13.332674980163574,"{""OpenML_task_id"": ""167168"", ""batch_size"": 78, ""epoch"": 3, ""learning_rate"": 0.028734673327963013, ""max_dropout"": 0.7213447754818232, ""max_units"": 337, ""momentum"": 0.9798892593332441, ""num_layers"": 3, ""weight_decay"": 0.03240919925235035}","{""time"": 13.332674980163574, ""val_accuracy"": 2.3760340213775635, ""val_cross_entropy"": 4.1718549728393555, ""val_balanced_accuracy"": 0.026565665379166603, ""test_cross_entropy"": 4.640741348266602, ""test_balanced_accuracy"": 0.026878761127591133}"
2026-04-14T04:55:11.594080,tpe,lcbench,168329,1,42,4.642334461212158,"{""OpenML_task_id"": ""168331"", ""batch_size"": 85, ""epoch"": 1, ""learning_rate"": 0.01733551834968569, ""max_dropout"": 0.9478117060891319, ""max_units"": 283, ""momentum"": 0.6963080799912083, ""num_layers"": 3, ""weight_decay"": 0.018623081098570013}","{""time"": 4.642334461212158, ""val_accuracy"": 0.9541648030281067, ""val_cross_entropy"": 4.455735683441162, ""val_balanced_accuracy"": 0.011421828530728817, ""test_cross_entropy"": 4.645790100097656, ""test_balanced_accuracy"": 0.01106053777039051}"
2026-04-14T04:55:11.606094,tpe,lcbench,168329,1,43,25.835498809814453,"{""OpenML_task_id"": ""167181"", ""batch_size"": 120, ""epoch"": 6, ""learning_rate"": 0.028575086263384272, ""max_dropout"": 0.8413897847230576, ""max_units"": 427, ""momentum"": 0.8222678691796131, ""num_layers"": 3, ""weight_decay"": 0.03639043549191359}","{""time"": 25.835498809814453, ""val_accuracy"": 2.593040943145752, ""val_cross_entropy"": 4.222732067108154, ""val_balanced_accuracy"": 0.024878807365894318, ""test_cross_entropy"": 4.642560958862305, ""test_balanced_accuracy"": 0.024728648364543915}"
2026-04-14T04:55:11.620234,tpe,lcbench,168329,1,44,74.56248474121094,"{""OpenML_task_id"": ""168335"", ""batch_size"": 42, ""epoch"": 10, ""learning_rate"": 0.001977438381987138, ""max_dropout"": 0.5139289786268153, ""max_units"": 546, ""momentum"": 0.5687070664338214, ""num_layers"": 3, ""weight_decay"": 0.04530970410149551}","{""time"": 74.56248474121094, ""val_accuracy"": 4.331218719482422, ""val_cross_entropy"": 4.227166175842285, ""val_balanced_accuracy"": 0.028158923611044884, ""test_cross_entropy"": 4.637190818786621, ""test_balanced_accuracy"": 0.027624817565083504}"
2026-04-14T04:55:11.632743,tpe,lcbench,168329,1,45,243.9418487548828,"{""OpenML_task_id"": ""189862"", ""batch_size"": 101, ""epoch"": 41, ""learning_rate"": 0.010099046120579325, ""max_dropout"": 0.6982360821763531, ""max_units"": 382, ""momentum"": 0.400145722613216, ""num_layers"": 4, ""weight_decay"": 0.05986359892096619}","{""time"": 243.9418487548828, ""val_accuracy"": 3.713311195373535, ""val_cross_entropy"": 4.491540431976318, ""val_balanced_accuracy"": 0.010403601452708244, ""test_cross_entropy"": 4.649425506591797, ""test_balanced_accuracy"": 0.010385936126112938}"
2026-04-14T04:55:11.645756,tpe,lcbench,168329,1,46,23.969696044921875,"{""OpenML_task_id"": ""168908"", ""batch_size"": 494, ""epoch"": 6, ""learning_rate"": 0.042240766569392046, ""max_dropout"": 0.9873605767666522, ""max_units"": 204, ""momentum"": 0.33389569853487067, ""num_layers"": 4, ""weight_decay"": 0.029454338865282113}","{""time"": 23.969696044921875, ""val_accuracy"": 2.587275505065918, ""val_cross_entropy"": 4.424557685852051, ""val_balanced_accuracy"": 0.018979975953698158, ""test_cross_entropy"": 4.651937484741211, ""test_balanced_accuracy"": 0.019411366432905197}"
2026-04-14T04:55:11.659656,tpe,lcbench,168329,1,47,19.457191467285156,"{""OpenML_task_id"": ""168329"", ""batch_size"": 77, ""epoch"": 3, ""learning_rate"": 0.025653370903873804, ""max_dropout"": 0.7618802105652982, ""max_units"": 311, ""momentum"": 0.8783602157433428, ""num_layers"": 3, ""weight_decay"": 0.06919727573639245}","{""time"": 19.457191467285156, ""val_accuracy"": 0.8223140239715576, ""val_cross_entropy"": 4.451591491699219, ""val_balanced_accuracy"": 0.01170703861862421, ""test_cross_entropy"": 4.6450958251953125, ""test_balanced_accuracy"": 0.011552189476788044}"
2026-04-14T04:55:11.672686,tpe,lcbench,168329,1,48,30.173694610595703,"{""OpenML_task_id"": ""167168"", ""batch_size"": 178, ""epoch"": 8, ""learning_rate"": 0.09488571361488643, ""max_dropout"": 0.6287765693642029, ""max_units"": 245, ""momentum"": 0.2624757225593845, ""num_layers"": 3, ""weight_decay"": 0.04999276930559958}","{""time"": 30.173694610595703, ""val_accuracy"": 1.5994102954864502, ""val_cross_entropy"": 4.4166741371154785, ""val_balanced_accuracy"": 0.01627262681722641, ""test_cross_entropy"": 4.642920017242432, ""test_balanced_accuracy"": 0.01613503322005272}"
2026-04-14T04:55:11.688623,tpe,lcbench,168329,1,49,226.9209442138672,"{""OpenML_task_id"": ""189908"", ""batch_size"": 28, ""epoch"": 48, ""learning_rate"": 0.08912523683452495, ""max_dropout"": 0.8994756753246469, ""max_units"": 504, ""momentum"": 0.4579316844907473, ""num_layers"": 3, ""weight_decay"": 0.006014335042356978}","{""time"": 226.9209442138672, ""val_accuracy"": 21.591053009033203, ""val_cross_entropy"": 3.2129549980163574, ""val_balanced_accuracy"": 0.1986261010169983, ""test_cross_entropy"": 4.548361301422119, ""test_balanced_accuracy"": 0.19985394179821014}"
2026-04-14T04:55:11.702637,tpe,lcbench,168329,1,50,3.7861297130584717,"{""OpenML_task_id"": ""189354"", ""batch_size"": 433, ""epoch"": 1, ""learning_rate"": 0.04813461990916879, ""max_dropout"": 0.5574809487022353, ""max_units"": 122, ""momentum"": 0.5147244445098748, ""num_layers"": 2, ""weight_decay"": 0.03350529518056761}","{""time"": 3.7861297130584717, ""val_accuracy"": 1.0512663125991821, ""val_cross_entropy"": 4.444434642791748, ""val_balanced_accuracy"": 0.011028707958757877, ""test_cross_entropy"": 4.635468482971191, ""test_balanced_accuracy"": 0.010564592666924}"
2026-04-14T04:55:11.718684,tpe,lcbench,168329,1,51,4.299294948577881,"{""OpenML_task_id"": ""126025"", ""batch_size"": 447, ""epoch"": 1, ""learning_rate"": 0.046870270379485976, ""max_dropout"": 0.5759641511010865, ""max_units"": 81, ""momentum"": 0.5163043171769018, ""num_layers"": 1, ""weight_decay"": 0.019040499888481707}","{""time"": 4.299294948577881, ""val_accuracy"": 0.8167835474014282, ""val_cross_entropy"": 4.5574259757995605, ""val_balanced_accuracy"": 0.008994984440505505, ""test_cross_entropy"": 4.6425371170043945, ""test_balanced_accuracy"": 0.008192416280508041}"
2026-04-14T04:55:11.737611,tpe,lcbench,168329,1,52,10.729198455810547,"{""OpenML_task_id"": ""189906"", ""batch_size"": 444, ""epoch"": 3, ""learning_rate"": 0.05068717403610514, ""max_dropout"": 0.411009214421283, ""max_units"": 68, ""momentum"": 0.5354617435448049, ""num_layers"": 1, ""weight_decay"": 0.01659167768793373}","{""time"": 10.729198455810547, ""val_accuracy"": 13.448164939880371, ""val_cross_entropy"": 3.952223300933838, ""val_balanced_accuracy"": 0.10736514627933502, ""test_cross_entropy"": 4.631483554840088, ""test_balanced_accuracy"": 0.10522186011075974}"
2026-04-14T04:55:11.754157,tpe,lcbench,168329,1,53,4.7734150886535645,"{""OpenML_task_id"": ""189354"", ""batch_size"": 361, ""epoch"": 1, ""learning_rate"": 0.050115206611791814, ""max_dropout"": 0.47379545512587984, ""max_units"": 128, ""momentum"": 0.5053575208404172, ""num_layers"": 1, ""weight_decay"": 0.02025231122948819}","{""time"": 4.7734150886535645, ""val_accuracy"": 0.7690905928611755, ""val_cross_entropy"": 4.586445331573486, ""val_balanced_accuracy"": 0.008522470481693745, ""test_cross_entropy"": 4.643059730529785, ""test_balanced_accuracy"": 0.007763247471302748}"
2026-04-14T04:55:11.774685,tpe,lcbench,168329,1,54,31.767574310302734,"{""OpenML_task_id"": ""126025"", ""batch_size"": 400, ""epoch"": 6, ""learning_rate"": 0.044129235266402216, ""max_dropout"": 0.5669312283827437, ""max_units"": 820, ""momentum"": 0.4137123233447964, ""num_layers"": 1, ""weight_decay"": 0.01217656547261772}","{""time"": 31.767574310302734, ""val_accuracy"": 16.817373275756836, ""val_cross_entropy"": 3.8192286491394043, ""val_balanced_accuracy"": 0.12965142726898193, ""test_cross_entropy"": 4.613213539123535, ""test_balanced_accuracy"": 0.12585580348968506}"
2026-04-14T04:55:11.789206,tpe,lcbench,168329,1,55,28.295345306396484,"{""OpenML_task_id"": ""189354"", ""batch_size"": 427, ""epoch"": 12, ""learning_rate"": 0.059733328161722166, ""max_dropout"": 0.6341944241677356, ""max_units"": 125, ""momentum"": 0.6036819064433476, ""num_layers"": 2, ""weight_decay"": 0.04046411426525588}","{""time"": 28.295345306396484, ""val_accuracy"": 6.011054039001465, ""val_cross_entropy"": 3.974846601486206, ""val_balanced_accuracy"": 0.05867178365588188, ""test_cross_entropy"": 4.631845474243164, ""test_balanced_accuracy"": 0.05774277448654175}"
2026-04-14T04:55:11.818154,tpe,lcbench,168329,1,56,76.08943176269531,"{""OpenML_task_id"": ""126025"", ""batch_size"": 455, ""epoch"": 31, ""learning_rate"": 0.035132672867866144, ""max_dropout"": 0.5329394010369198, ""max_units"": 112, ""momentum"": 0.36344797079131297, ""num_layers"": 1, ""weight_decay"": 0.026507601624419938}","{""time"": 76.08943176269531, ""val_accuracy"": 20.012535095214844, ""val_cross_entropy"": 3.76177716255188, ""val_balanced_accuracy"": 0.15454359352588654, ""test_cross_entropy"": 4.637564659118652, ""test_balanced_accuracy"": 0.15257510542869568}"
2026-04-14T04:55:11.839761,tpe,lcbench,168329,1,57,6.764719009399414,"{""OpenML_task_id"": ""7593"", ""batch_size"": 393, ""epoch"": 3, ""learning_rate"": 0.054558070081730005, ""max_dropout"": 0.5511803306814037, ""max_units"": 82, ""momentum"": 0.5573019649835137, ""num_layers"": 5, ""weight_decay"": 0.04629665695890791}","{""time"": 6.764719009399414, ""val_accuracy"": 0.5528162717819214, ""val_cross_entropy"": 4.542801380157471, ""val_balanced_accuracy"": 0.011169016361236572, ""test_cross_entropy"": 4.6121673583984375, ""test_balanced_accuracy"": 0.011306020431220531}"
2026-04-14T04:55:11.856922,tpe,lcbench,168329,1,58,22.572437286376953,"{""OpenML_task_id"": ""189905"", ""batch_size"": 333, ""epoch"": 5, ""learning_rate"": 0.0371333333190291, ""max_dropout"": 0.4652765931370356, ""max_units"": 165, ""momentum"": 0.44825563462662227, ""num_layers"": 2, ""weight_decay"": 0.002962858586919366}","{""time"": 22.572437286376953, ""val_accuracy"": 17.415969848632812, ""val_cross_entropy"": 3.663670063018799, ""val_balanced_accuracy"": 0.12932047247886658, ""test_cross_entropy"": 4.61142110824585, ""test_balanced_accuracy"": 0.12942782044410706}"
2026-04-14T04:55:11.871945,tpe,lcbench,168329,1,59,47.844425201416016,"{""OpenML_task_id"": ""189866"", ""batch_size"": 512, ""epoch"": 10, ""learning_rate"": 0.09601712082952074, ""max_dropout"": 0.5940428356061397, ""max_units"": 589, ""momentum"": 0.20904296177042467, ""num_layers"": 2, ""weight_decay"": 0.035939291476999896}","{""time"": 47.844425201416016, ""val_accuracy"": 9.41707992553711, ""val_cross_entropy"": 3.785595655441284, ""val_balanced_accuracy"": 0.08829375356435776, ""test_cross_entropy"": 4.6433305740356445, ""test_balanced_accuracy"": 0.0872892439365387}"
2026-04-14T04:55:11.887014,tpe,lcbench,168329,1,60,5.862496376037598,"{""OpenML_task_id"": ""168330"", ""batch_size"": 264, ""epoch"": 2, ""learning_rate"": 0.08695509882454962, ""max_dropout"": 0.9607126271775934, ""max_units"": 213, ""momentum"": 0.5058053603286923, ""num_layers"": 2, ""weight_decay"": 0.02212908138926819}","{""time"": 5.862496376037598, ""val_accuracy"": 8.953437805175781, ""val_cross_entropy"": 4.07976770401001, ""val_balanced_accuracy"": 0.07531307637691498, ""test_cross_entropy"": 4.637974739074707, ""test_balanced_accuracy"": 0.07433789223432541}"
2026-04-14T04:55:11.902044,tpe,lcbench,168329,1,61,5.402320861816406,"{""OpenML_task_id"": ""168868"", ""batch_size"": 383, ""epoch"": 1, ""learning_rate"": 0.04055673179680544, ""max_dropout"": 0.6558260092161552, ""max_units"": 436, ""momentum"": 0.3956944944223083, ""num_layers"": 3, ""weight_decay"": 0.032584307918399766}","{""time"": 5.402320861816406, ""val_accuracy"": 1.084012508392334, ""val_cross_entropy"": 4.4486403465271, ""val_balanced_accuracy"": 0.0111453952267766, ""test_cross_entropy"": 4.640672206878662, ""test_balanced_accuracy"": 0.010862922295928001}"
2026-04-14T04:55:11.917091,tpe,lcbench,168329,1,62,4.670224189758301,"{""OpenML_task_id"": ""167168"", ""batch_size"": 64, ""epoch"": 1, ""learning_rate"": 0.048091277943237594, ""max_dropout"": 0.7171523556535756, ""max_units"": 370, ""momentum"": 0.4787927298679848, ""num_layers"": 3, ""weight_decay"": 0.027929855678434784}","{""time"": 4.670224189758301, ""val_accuracy"": 0.845417320728302, ""val_cross_entropy"": 4.4658308029174805, ""val_balanced_accuracy"": 0.011464126408100128, ""test_cross_entropy"": 4.639613151550293, ""test_balanced_accuracy"": 0.011215810663998127}"
2026-04-14T04:55:11.933132,tpe,lcbench,168329,1,63,25.329303741455078,"{""OpenML_task_id"": ""126026"", ""batch_size"": 103, ""epoch"": 7, ""learning_rate"": 0.06362360306254236, ""max_dropout"": 0.8259718586343031, ""max_units"": 401, ""momentum"": 0.314797430351319, ""num_layers"": 2, ""weight_decay"": 0.016980056245836463}","{""time"": 25.329303741455078, ""val_accuracy"": 16.58123207092285, ""val_cross_entropy"": 3.6330931186676025, ""val_balanced_accuracy"": 0.13702750205993652, ""test_cross_entropy"": 4.616147041320801, ""test_balanced_accuracy"": 0.13655343651771545}"
2026-04-14T04:55:11.949149,tpe,lcbench,168329,1,64,21.158443450927734,"{""OpenML_task_id"": ""189909"", ""batch_size"": 424, ""epoch"": 5, ""learning_rate"": 0.07361084348746877, ""max_dropout"": 0.6004260072090961, ""max_units"": 482, ""momentum"": 0.6901958685827281, ""num_layers"": 1, ""weight_decay"": 0.032423733496930424}","{""time"": 21.158443450927734, ""val_accuracy"": 18.605091094970703, ""val_cross_entropy"": 3.7877256870269775, ""val_balanced_accuracy"": 0.15115490555763245, ""test_cross_entropy"": 4.629683017730713, ""test_balanced_accuracy"": 0.1475534588098526}"
2026-04-14T04:55:11.966142,tpe,lcbench,168329,1,65,12.402563095092773,"{""OpenML_task_id"": ""167200"", ""batch_size"": 466, ""epoch"": 3, ""learning_rate"": 0.04723069608978977, ""max_dropout"": 0.9162438571855694, ""max_units"": 248, ""momentum"": 0.38287703177484383, ""num_layers"": 3, ""weight_decay"": 0.04177644965329374}","{""time"": 12.402563095092773, ""val_accuracy"": 3.1863207817077637, ""val_cross_entropy"": 4.359138488769531, ""val_balanced_accuracy"": 0.029678963124752045, ""test_cross_entropy"": 4.6583571434021, ""test_balanced_accuracy"": 0.02957966923713684}"
2026-04-14T04:55:11.982014,tpe,lcbench,168329,1,66,9.807453155517578,"{""OpenML_task_id"": ""126029"", ""batch_size"": 32, ""epoch"": 2, ""learning_rate"": 0.01946559293084335, ""max_dropout"": 0.997078377619604, ""max_units"": 329, ""momentum"": 0.4221244976921489, ""num_layers"": 3, ""weight_decay"": 0.02633257729462684}","{""time"": 9.807453155517578, ""val_accuracy"": 4.747920989990234, ""val_cross_entropy"": 4.262136936187744, ""val_balanced_accuracy"": 0.03501354530453682, ""test_cross_entropy"": 4.638194561004639, ""test_balanced_accuracy"": 0.03489500656723976}"
2026-04-14T04:55:11.999040,tpe,lcbench,168329,1,67,68.244140625,"{""OpenML_task_id"": ""167161"", ""batch_size"": 147, ""epoch"": 20, ""learning_rate"": 0.031790862440455155, ""max_dropout"": 0.748329773346332, ""max_units"": 412, ""momentum"": 0.3470389796643198, ""num_layers"": 2, ""weight_decay"": 0.009884893808665167}","{""time"": 68.244140625, ""val_accuracy"": 21.580307006835938, ""val_cross_entropy"": 3.480381965637207, ""val_balanced_accuracy"": 0.16724559664726257, ""test_cross_entropy"": 4.603970527648926, ""test_balanced_accuracy"": 0.16725006699562073}"
2026-04-14T04:55:12.016058,tpe,lcbench,168329,1,68,28.857315063476562,"{""OpenML_task_id"": ""189905"", ""batch_size"": 63, ""epoch"": 5, ""learning_rate"": 0.022251929240780344, ""max_dropout"": 0.6808717123018972, ""max_units"": 354, ""momentum"": 0.27878227028844094, ""num_layers"": 4, ""weight_decay"": 0.021914034370628152}","{""time"": 28.857315063476562, ""val_accuracy"": 3.3872694969177246, ""val_cross_entropy"": 4.310257911682129, ""val_balanced_accuracy"": 0.023767750710248947, ""test_cross_entropy"": 4.642599582672119, ""test_balanced_accuracy"": 0.024016426876187325}"
2026-04-14T04:55:12.032074,tpe,lcbench,168329,1,69,25.142444610595703,"{""OpenML_task_id"": ""167184"", ""batch_size"": 211, ""epoch"": 7, ""learning_rate"": 0.006956043957314202, ""max_dropout"": 0.8848267200066596, ""max_units"": 156, ""momentum"": 0.5062983886335016, ""num_layers"": 3, ""weight_decay"": 0.09602550812441973}","{""time"": 25.142444610595703, ""val_accuracy"": 3.371715545654297, ""val_cross_entropy"": 4.38938570022583, ""val_balanced_accuracy"": 0.02444041147828102, ""test_cross_entropy"": 4.647443771362305, ""test_balanced_accuracy"": 0.024484504014253616}"
2026-04-14T04:55:12.048127,tpe,lcbench,168329,1,70,25.61377716064453,"{""OpenML_task_id"": ""168908"", ""batch_size"": 256, ""epoch"": 9, ""learning_rate"": 0.09035610199854525, ""max_dropout"": 0.8605271881158276, ""max_units"": 270, ""momentum"": 0.5743110006982389, ""num_layers"": 1, ""weight_decay"": 0.03771760506117222}","{""time"": 25.61377716064453, ""val_accuracy"": 18.517539978027344, ""val_cross_entropy"": 3.8268470764160156, ""val_balanced_accuracy"": 0.14936625957489014, ""test_cross_entropy"": 4.6293487548828125, ""test_balanced_accuracy"": 0.14597856998443604}"
2026-04-14T04:55:12.065179,tpe,lcbench,168329,1,71,4.635362148284912,"{""OpenML_task_id"": ""167185"", ""batch_size"": 87, ""epoch"": 1, ""learning_rate"": 0.020158129756367757, ""max_dropout"": 0.9472715585816636, ""max_units"": 305, ""momentum"": 0.6982915485452378, ""num_layers"": 3, ""weight_decay"": 0.017520741912587103}","{""time"": 4.635362148284912, ""val_accuracy"": 0.9562727808952332, ""val_cross_entropy"": 4.445132255554199, ""val_balanced_accuracy"": 0.011504342779517174, ""test_cross_entropy"": 4.64447021484375, ""test_balanced_accuracy"": 0.011143099516630173}"
2026-04-14T04:55:12.084832,tpe,lcbench,168329,1,72,9.98315715789795,"{""OpenML_task_id"": ""167152"", ""batch_size"": 91, ""epoch"": 2, ""learning_rate"": 0.011917481216906056, ""max_dropout"": 0.9454008476150202, ""max_units"": 314, ""momentum"": 0.9802786656082767, ""num_layers"": 3, ""weight_decay"": 0.014145928823261433}","{""time"": 9.98315715789795, ""val_accuracy"": 6.350730895996094, ""val_cross_entropy"": 4.131573677062988, ""val_balanced_accuracy"": 0.046856340020895004, ""test_cross_entropy"": 4.632145881652832, ""test_balanced_accuracy"": 0.04664473980665207}"
2026-04-14T04:55:12.101349,tpe,lcbench,168329,1,73,8.471550941467285,"{""OpenML_task_id"": ""167185"", ""batch_size"": 17, ""epoch"": 4, ""learning_rate"": 0.09675258667993587, ""max_dropout"": 0.9724871227970749, ""max_units"": 98, ""momentum"": 0.8332044950263118, ""num_layers"": 3, ""weight_decay"": 0.030168017092015567}","{""time"": 8.471550941467285, ""val_accuracy"": 1.488211989402771, ""val_cross_entropy"": 3.9606401920318604, ""val_balanced_accuracy"": 0.024789094924926758, ""test_cross_entropy"": 4.64676570892334, ""test_balanced_accuracy"": 0.02474728599190712}"
2026-04-14T04:55:12.120597,tpe,lcbench,168329,1,74,3.058216094970703,"{""OpenML_task_id"": ""167185"", ""batch_size"": 113, ""epoch"": 1, ""learning_rate"": 0.05426969216448499, ""max_dropout"": 0.9252963417907454, ""max_units"": 364, ""momentum"": 0.9378438433979253, ""num_layers"": 4, ""weight_decay"": 0.018713681572340303}","{""time"": 3.058216094970703, ""val_accuracy"": 0.8802391886711121, ""val_cross_entropy"": 4.211577415466309, ""val_balanced_accuracy"": 0.013159037567675114, ""test_cross_entropy"": 4.6478776931762695, ""test_balanced_accuracy"": 0.013056633062660694}"
2026-04-14T04:55:12.139487,tpe,lcbench,168329,1,75,15.332345962524414,"{""OpenML_task_id"": ""146212"", ""batch_size"": 116, ""epoch"": 3, ""learning_rate"": 0.08408030683116258, ""max_dropout"": 0.9159599763745367, ""max_units"": 481, ""momentum"": 0.9202994868718892, ""num_layers"": 4, ""weight_decay"": 0.03451553664815516}","{""time"": 15.332345962524414, ""val_accuracy"": 0.7079601883888245, ""val_cross_entropy"": 4.162320137023926, ""val_balanced_accuracy"": 0.015060804784297943, ""test_cross_entropy"": 4.652569770812988, ""test_balanced_accuracy"": 0.015227499417960644}"
2026-04-14T04:55:12.161298,tpe,lcbench,168329,1,76,25.166152954101562,"{""OpenML_task_id"": ""167168"", ""batch_size"": 137, ""epoch"": 5, ""learning_rate"": 0.05446126302656144, ""max_dropout"": 0.7986535715791124, ""max_units"": 354, ""momentum"": 0.941125679373464, ""num_layers"": 5, ""weight_decay"": 0.024233063536674416}","{""time"": 25.166152954101562, ""val_accuracy"": 0.48794427514076233, ""val_cross_entropy"": 4.2430596351623535, ""val_balanced_accuracy"": 0.0121298898011446, ""test_cross_entropy"": 4.6536359786987305, ""test_balanced_accuracy"": 0.012321259826421738}"
2026-04-14T04:55:12.180389,tpe,lcbench,168329,1,77,13.958792686462402,"{""OpenML_task_id"": ""168910"", ""batch_size"": 70, ""epoch"": 2, ""learning_rate"": 0.07993133958718249, ""max_dropout"": 0.8414071557884788, ""max_units"": 422, ""momentum"": 0.8721851630669809, ""num_layers"": 4, ""weight_decay"": 0.05596613473741802}","{""time"": 13.958792686462402, ""val_accuracy"": 0.45696792006492615, ""val_cross_entropy"": 4.218319416046143, ""val_balanced_accuracy"": 0.012327936477959156, ""test_cross_entropy"": 4.641485214233398, ""test_balanced_accuracy"": 0.012422729283571243}"
2026-04-14T04:55:12.199105,tpe,lcbench,168329,1,78,162.99143981933594,"{""OpenML_task_id"": ""3945"", ""batch_size"": 49, ""epoch"": 6, ""learning_rate"": 0.09292820136672679, ""max_dropout"": 0.4444109189487975, ""max_units"": 1010, ""momentum"": 0.4487559893233945, ""num_layers"": 4, ""weight_decay"": 0.04306564875654089}","{""time"": 162.99143981933594, ""val_accuracy"": 0.8268609046936035, ""val_cross_entropy"": 4.289207935333252, ""val_balanced_accuracy"": 0.011651103384792805, ""test_cross_entropy"": 4.604928016662598, ""test_balanced_accuracy"": 0.011742842383682728}"
2026-04-14T04:55:12.222609,tpe,lcbench,168329,1,79,29.989627838134766,"{""OpenML_task_id"": ""167190"", ""batch_size"": 167, ""epoch"": 4, ""learning_rate"": 0.08674428862891098, ""max_dropout"": 0.7706328553521709, ""max_units"": 512, ""momentum"": 0.6234885819694151, ""num_layers"": 4, ""weight_decay"": 0.04808642054495135}","{""time"": 29.989627838134766, ""val_accuracy"": 0.5668722987174988, ""val_cross_entropy"": 4.4560770988464355, ""val_balanced_accuracy"": 0.011143630370497704, ""test_cross_entropy"": 4.641334056854248, ""test_balanced_accuracy"": 0.011155582033097744}"
2026-04-14T04:55:12.241639,tpe,lcbench,168329,1,80,25.180095672607422,"{""OpenML_task_id"": ""167201"", ""batch_size"": 107, ""epoch"": 8, ""learning_rate"": 0.09786534185123212, ""max_dropout"": 0.6548009242575064, ""max_units"": 193, ""momentum"": 0.9577620976246616, ""num_layers"": 4, ""weight_decay"": 0.02056332415653513}","{""time"": 25.180095672607422, ""val_accuracy"": 0.9063743948936462, ""val_cross_entropy"": 4.081963539123535, ""val_balanced_accuracy"": 0.019314827397465706, ""test_cross_entropy"": 4.6531243324279785, ""test_balanced_accuracy"": 0.019724950194358826}"
2026-04-14T04:55:12.262317,tpe,lcbench,168329,1,81,4.518226623535156,"{""OpenML_task_id"": ""167185"", ""batch_size"": 90, ""epoch"": 1, ""learning_rate"": 0.023417720513479172, ""max_dropout"": 0.9319133711126777, ""max_units"": 306, ""momentum"": 0.7619909095313415, ""num_layers"": 3, ""weight_decay"": 0.01670840555653986}","{""time"": 4.518226623535156, ""val_accuracy"": 0.9554268717765808, ""val_cross_entropy"": 4.425837993621826, ""val_balanced_accuracy"": 0.011645015329122543, ""test_cross_entropy"": 4.641536712646484, ""test_balanced_accuracy"": 0.01128376554697752}"
2026-04-14T04:55:12.279309,tpe,lcbench,168329,1,82,5.672848224639893,"{""OpenML_task_id"": ""167185"", ""batch_size"": 32, ""epoch"": 1, ""learning_rate"": 0.02885305446632532, ""max_dropout"": 0.8871571331066936, ""max_units"": 386, ""momentum"": 0.7371632952970831, ""num_layers"": 3, ""weight_decay"": 0.010871132280256622}","{""time"": 5.672848224639893, ""val_accuracy"": 0.9454275369644165, ""val_cross_entropy"": 4.379571914672852, ""val_balanced_accuracy"": 0.011766809970140457, ""test_cross_entropy"": 4.632301330566406, ""test_balanced_accuracy"": 0.011426513083279133}"
2026-04-14T04:55:12.297933,tpe,lcbench,168329,1,83,9.670795440673828,"{""OpenML_task_id"": ""34539"", ""batch_size"": 133, ""epoch"": 2, ""learning_rate"": 0.02341601727422557, ""max_dropout"": 0.9364422472128108, ""max_units"": 263, ""momentum"": 0.8535542587016756, ""num_layers"": 3, ""weight_decay"": 0.006254690560637079}","{""time"": 9.670795440673828, ""val_accuracy"": 7.144568920135498, ""val_cross_entropy"": 4.044722557067871, ""val_balanced_accuracy"": 0.052232060581445694, ""test_cross_entropy"": 4.631991386413574, ""test_balanced_accuracy"": 0.05231132358312607}"
2026-04-14T04:55:12.315824,tpe,lcbench,168329,1,84,9.49648666381836,"{""OpenML_task_id"": ""189354"", ""batch_size"": 53, ""epoch"": 4, ""learning_rate"": 0.0585718208864003, ""max_dropout"": 0.9173654574241056, ""max_units"": 227, ""momentum"": 0.899547266799279, ""num_layers"": 3, ""weight_decay"": 0.01578625760345733}","{""time"": 9.49648666381836, ""val_accuracy"": 6.79918909072876, ""val_cross_entropy"": 3.697869300842285, ""val_balanced_accuracy"": 0.07058537751436234, ""test_cross_entropy"": 4.6434125900268555, ""test_balanced_accuracy"": 0.07127548009157181}"
2026-04-14T04:55:12.335375,tpe,lcbench,168329,1,85,17.230220794677734,"{""OpenML_task_id"": ""189865"", ""batch_size"": 77, ""epoch"": 3, ""learning_rate"": 0.014380112002981435, ""max_dropout"": 0.8139157044891965, ""max_units"": 454, ""momentum"": 0.7941038739295052, ""num_layers"": 3, ""weight_decay"": 0.028859431663990662}","{""time"": 17.230220794677734, ""val_accuracy"": 4.528510570526123, ""val_cross_entropy"": 4.166139602661133, ""val_balanced_accuracy"": 0.03709230199456215, ""test_cross_entropy"": 4.635137557983398, ""test_balanced_accuracy"": 0.03686048090457916}"
2026-04-14T04:55:12.352954,tpe,lcbench,168329,1,86,3.487713098526001,"{""OpenML_task_id"": ""126025"", ""batch_size"": 95, ""epoch"": 1, ""learning_rate"": 0.03294355303663926, ""max_dropout"": 0.9750215070263377, ""max_units"": 355, ""momentum"": 0.5479252660472598, ""num_layers"": 4, ""weight_decay"": 0.02433749239383275}","{""time"": 3.487713098526001, ""val_accuracy"": 0.903388500213623, ""val_cross_entropy"": 4.361401081085205, ""val_balanced_accuracy"": 0.012113797478377819, ""test_cross_entropy"": 4.650510311126709, ""test_balanced_accuracy"": 0.011950081214308739}"
2026-04-14T04:55:12.371481,tpe,lcbench,168329,1,87,22.62124252319336,"{""OpenML_task_id"": ""126025"", ""batch_size"": 124, ""epoch"": 5, ""learning_rate"": 0.032951577621647764, ""max_dropout"": 0.9899903729975489, ""max_units"": 353, ""momentum"": 0.5525495673045808, ""num_layers"": 4, ""weight_decay"": 0.025594686518812068}","{""time"": 22.62124252319336, ""val_accuracy"": 2.255753755569458, ""val_cross_entropy"": 4.358615398406982, ""val_balanced_accuracy"": 0.018747728317975998, ""test_cross_entropy"": 4.647588729858398, ""test_balanced_accuracy"": 0.01898377761244774}"
2026-04-14T04:55:12.390496,tpe,lcbench,168329,1,88,38.73574447631836,"{""OpenML_task_id"": ""126025"", ""batch_size"": 341, ""epoch"": 7, ""learning_rate"": 0.039296850053086044, ""max_dropout"": 0.6122816958580012, ""max_units"": 376, ""momentum"": 0.5347909831957895, ""num_layers"": 4, ""weight_decay"": 0.03391790204922586}","{""time"": 38.73574447631836, ""val_accuracy"": 1.8020628690719604, ""val_cross_entropy"": 4.45124626159668, ""val_balanced_accuracy"": 0.015367434360086918, ""test_cross_entropy"": 4.649646759033203, ""test_balanced_accuracy"": 0.015501853078603745}"
2026-04-14T04:55:12.410508,tpe,lcbench,168329,1,89,228.8843536376953,"{""OpenML_task_id"": ""167104"", ""batch_size"": 488, ""epoch"": 25, ""learning_rate"": 0.0998347019394722, ""max_dropout"": 0.002258077043130635, ""max_units"": 404, ""momentum"": 0.29946364371349155, ""num_layers"": 5, ""weight_decay"": 0.06238498288986721}","{""time"": 228.8843536376953, ""val_accuracy"": 0.8832647800445557, ""val_cross_entropy"": 4.594151020050049, ""val_balanced_accuracy"": 0.009429863654077053, ""test_cross_entropy"": 4.615274429321289, ""test_balanced_accuracy"": 0.009649730287492275}"
2026-04-14T04:55:12.431123,tpe,lcbench,168329,1,90,12.19478702545166,"{""OpenML_task_id"": ""167149"", ""batch_size"": 439, ""epoch"": 2, ""learning_rate"": 0.0916169930817642, ""max_dropout"": 0.5655471147262519, ""max_units"": 437, ""momentum"": 0.4653713858367188, ""num_layers"": 4, ""weight_decay"": 0.01975485239449558}","{""time"": 12.19478702545166, ""val_accuracy"": 2.2922427654266357, ""val_cross_entropy"": 4.4132843017578125, ""val_balanced_accuracy"": 0.024987949058413506, ""test_cross_entropy"": 4.648593425750732, ""test_balanced_accuracy"": 0.025368288159370422}"
2026-04-14T04:55:12.451129,tpe,lcbench,168329,1,91,2.7500381469726562,"{""OpenML_task_id"": ""189905"", ""batch_size"": 71, ""epoch"": 1, ""learning_rate"": 0.027575737664202626, ""max_dropout"": 0.9661474678025067, ""max_units"": 334, ""momentum"": 0.6678392389357808, ""num_layers"": 4, ""weight_decay"": 0.052033207579265134}","{""time"": 2.7500381469726562, ""val_accuracy"": 0.7934557199478149, ""val_cross_entropy"": 4.339221477508545, ""val_balanced_accuracy"": 0.012390168383717537, ""test_cross_entropy"": 4.651333808898926, ""test_balanced_accuracy"": 0.012251145206391811}"
2026-04-14T04:55:12.469149,tpe,lcbench,168329,1,92,15.538727760314941,"{""OpenML_task_id"": ""189905"", ""batch_size"": 66, ""epoch"": 3, ""learning_rate"": 0.025716787570377042, ""max_dropout"": 0.9698003908468209, ""max_units"": 335, ""momentum"": 0.6631567386860246, ""num_layers"": 4, ""weight_decay"": 0.03952813693801041}","{""time"": 15.538727760314941, ""val_accuracy"": 1.2203441858291626, ""val_cross_entropy"": 4.395741939544678, ""val_balanced_accuracy"": 0.012221458368003368, ""test_cross_entropy"": 4.644556045532227, ""test_balanced_accuracy"": 0.012228989973664284}"
2026-04-14T04:55:12.487831,tpe,lcbench,168329,1,93,3.240891695022583,"{""OpenML_task_id"": ""189905"", ""batch_size"": 98, ""epoch"": 1, ""learning_rate"": 0.03133953916833988, ""max_dropout"": 0.5324596565556211, ""max_units"": 287, ""momentum"": 0.5915636805195394, ""num_layers"": 4, ""weight_decay"": 0.05870854871569306}","{""time"": 3.240891695022583, ""val_accuracy"": 0.7427387237548828, ""val_cross_entropy"": 4.402480125427246, ""val_balanced_accuracy"": 0.012011735700070858, ""test_cross_entropy"": 4.6536760330200195, ""test_balanced_accuracy"": 0.011954891495406628}"
2026-04-14T04:55:12.507823,tpe,lcbench,168329,1,94,23.60852813720703,"{""OpenML_task_id"": ""168331"", ""batch_size"": 112, ""epoch"": 4, ""learning_rate"": 0.03144844942895261, ""max_dropout"": 0.5274648350049483, ""max_units"": 272, ""momentum"": 0.5758545699715234, ""num_layers"": 4, ""weight_decay"": 0.06675988643988925}","{""time"": 23.60852813720703, ""val_accuracy"": 0.6423357725143433, ""val_cross_entropy"": 4.537541389465332, ""val_balanced_accuracy"": 0.010404752567410469, ""test_cross_entropy"": 4.650881767272949, ""test_balanced_accuracy"": 0.01035804208368063}"
2026-04-14T04:55:12.527660,tpe,lcbench,168329,1,95,41.31133270263672,"{""OpenML_task_id"": ""189873"", ""batch_size"": 95, ""epoch"": 6, ""learning_rate"": 0.03438912012319404, ""max_dropout"": 0.5019824293446892, ""max_units"": 293, ""momentum"": 0.6012944001296352, ""num_layers"": 4, ""weight_decay"": 0.0526312488987005}","{""time"": 41.31133270263672, ""val_accuracy"": 0.6670679450035095, ""val_cross_entropy"": 4.495301246643066, ""val_balanced_accuracy"": 0.010258477181196213, ""test_cross_entropy"": 4.648632049560547, ""test_balanced_accuracy"": 0.010206600651144981}"
2026-04-14T04:55:12.547782,tpe,lcbench,168329,1,96,14.983728408813477,"{""OpenML_task_id"": ""189905"", ""batch_size"": 43, ""epoch"": 2, ""learning_rate"": 0.04706972295941827, ""max_dropout"": 0.900566014774259, ""max_units"": 470, ""momentum"": 0.5056993939603894, ""num_layers"": 4, ""weight_decay"": 0.05957375962275632}","{""time"": 14.983728408813477, ""val_accuracy"": 0.6293294429779053, ""val_cross_entropy"": 4.472754955291748, ""val_balanced_accuracy"": 0.011191513389348984, ""test_cross_entropy"": 4.647431373596191, ""test_balanced_accuracy"": 0.011157476343214512}"
2026-04-14T04:55:12.569042,tpe,lcbench,168329,1,97,5.540373802185059,"{""OpenML_task_id"": ""189905"", ""batch_size"": 32, ""epoch"": 1, ""learning_rate"": 0.043039823473803474, ""max_dropout"": 0.3945780455675997, ""max_units"": 375, ""momentum"": 0.5236219540829133, ""num_layers"": 4, ""weight_decay"": 0.054419119992560216}","{""time"": 5.540373802185059, ""val_accuracy"": 0.6970574259757996, ""val_cross_entropy"": 4.3860859870910645, ""val_balanced_accuracy"": 0.011895911768078804, ""test_cross_entropy"": 4.654561996459961, ""test_balanced_accuracy"": 0.011848200112581253}"
2026-04-14T04:55:12.589567,tpe,lcbench,168329,1,98,17.347354888916016,"{""OpenML_task_id"": ""167181"", ""batch_size"": 70, ""epoch"": 3, ""learning_rate"": 0.03659397000696355, ""max_dropout"": 0.9649106537399699, ""max_units"": 399, ""momentum"": 0.4870147066551131, ""num_layers"": 4, ""weight_decay"": 0.0514029180163287}","{""time"": 17.347354888916016, ""val_accuracy"": 0.950785756111145, ""val_cross_entropy"": 4.4559125900268555, ""val_balanced_accuracy"": 0.011194096878170967, ""test_cross_entropy"": 4.645053863525391, ""test_balanced_accuracy"": 0.011173299513757229}"
2026-04-14T04:55:12.615155,tpe,lcbench,168329,1,99,127.43663024902344,"{""OpenML_task_id"": ""189905"", ""batch_size"": 141, ""epoch"": 39, ""learning_rate"": 0.09442864449121391, ""max_dropout"": 0.5452155619076025, ""max_units"": 64, ""momentum"": 0.351395174965259, ""num_layers"": 5, ""weight_decay"": 0.06303449372073626}","{""time"": 127.43663024902344, ""val_accuracy"": 0.9509925246238708, ""val_cross_entropy"": 4.427796840667725, ""val_balanced_accuracy"": 0.011196445673704147, ""test_cross_entropy"": 4.614728927612305, ""test_balanced_accuracy"": 0.011216473765671253}"
2026-04-14T04:55:12.636193,tpe,lcbench,168329,1,100,312.22210693359375,"{""OpenML_task_id"": ""168908"", ""batch_size"": 55, ""epoch"": 33, ""learning_rate"": 0.05298802582462632, ""max_dropout"": 0.9997025900220284, ""max_units"": 352, ""momentum"": 0.6265447889489093, ""num_layers"": 4, ""weight_decay"": 0.057785588947840055}","{""time"": 312.22210693359375, ""val_accuracy"": 1.3620728254318237, ""val_cross_entropy"": 4.353562831878662, ""val_balanced_accuracy"": 0.011006096377968788, ""test_cross_entropy"": 4.617079257965088, ""test_balanced_accuracy"": 0.010957146063446999}"
2026-04-14T04:55:12.657223,tpe,lcbench,168329,1,101,3.3510549068450928,"{""OpenML_task_id"": ""168329"", ""batch_size"": 102, ""epoch"": 1, ""learning_rate"": 0.028740547439616546, ""max_dropout"": 0.7017501234201375, ""max_units"": 319, ""momentum"": 0.5915527139549713, ""num_layers"": 4, ""weight_decay"": 0.04733612335968945}","{""time"": 3.3510549068450928, ""val_accuracy"": 0.7829293608665466, ""val_cross_entropy"": 4.41953182220459, ""val_balanced_accuracy"": 0.012060035951435566, ""test_cross_entropy"": 4.651634693145752, ""test_balanced_accuracy"": 0.01199360378086567}"
2026-04-14T04:55:12.681780,tpe,lcbench,168329,1,102,10.440543174743652,"{""OpenML_task_id"": ""168329"", ""batch_size"": 103, ""epoch"": 2, ""learning_rate"": 0.029756547589300186, ""max_dropout"": 0.863197197227247, ""max_units"": 334, ""momentum"": 0.6635470080266054, ""num_layers"": 4, ""weight_decay"": 0.0484248546985703}","{""time"": 10.440543174743652, ""val_accuracy"": 1.0731381177902222, ""val_cross_entropy"": 4.4722442626953125, ""val_balanced_accuracy"": 0.014628732576966286, ""test_cross_entropy"": 4.644564628601074, ""test_balanced_accuracy"": 0.01470429077744484}"
2026-04-14T04:55:12.702147,tpe,lcbench,168329,1,103,307.1978454589844,"{""OpenML_task_id"": ""168329"", ""batch_size"": 120, ""epoch"": 46, ""learning_rate"": 0.06658425745000036, ""max_dropout"": 0.578894138217192, ""max_units"": 228, ""momentum"": 0.5779850627349264, ""num_layers"": 4, ""weight_decay"": 0.056064240503612243}","{""time"": 307.1978454589844, ""val_accuracy"": 2.010246753692627, ""val_cross_entropy"": 4.3951849937438965, ""val_balanced_accuracy"": 0.011049236170947552, ""test_cross_entropy"": 4.639426231384277, ""test_balanced_accuracy"": 0.011007691733539104}"
2026-04-14T04:55:12.723668,tpe,lcbench,168329,1,104,41.72270202636719,"{""OpenML_task_id"": ""168335"", ""batch_size"": 190, ""epoch"": 5, ""learning_rate"": 0.03956115144440381, ""max_dropout"": 0.48614550297128445, ""max_units"": 536, ""momentum"": 0.5451544317099226, ""num_layers"": 4, ""weight_decay"": 0.04400032168428993}","{""time"": 41.72270202636719, ""val_accuracy"": 1.3295056819915771, ""val_cross_entropy"": 4.4584641456604, ""val_balanced_accuracy"": 0.012803703546524048, ""test_cross_entropy"": 4.6407060623168945, ""test_balanced_accuracy"": 0.012872315011918545}"
2026-04-14T04:55:12.742693,tpe,lcbench,168329,1,105,6.973889350891113,"{""OpenML_task_id"": ""126025"", ""batch_size"": 95, ""epoch"": 1, ""learning_rate"": 0.02712638984280688, ""max_dropout"": 0.31248151881442554, ""max_units"": 429, ""momentum"": 0.4278231923776685, ""num_layers"": 4, ""weight_decay"": 0.02277092876103074}","{""time"": 6.973889350891113, ""val_accuracy"": 0.8367257714271545, ""val_cross_entropy"": 4.468955039978027, ""val_balanced_accuracy"": 0.011070013977587223, ""test_cross_entropy"": 4.647784233093262, ""test_balanced_accuracy"": 0.010959341190755367}"
2026-04-14T04:55:12.763296,tpe,lcbench,168329,1,106,18.48245620727539,"{""OpenML_task_id"": ""189862"", ""batch_size"": 158, ""epoch"": 4, ""learning_rate"": 0.04552083784194889, ""max_dropout"": 0.9727479750626679, ""max_units"": 367, ""momentum"": 0.38886947713229625, ""num_layers"": 5, ""weight_decay"": 0.04659057441362245}","{""time"": 18.48245620727539, ""val_accuracy"": 0.4742867946624756, ""val_cross_entropy"": 4.577689170837402, ""val_balanced_accuracy"": 0.010551885701715946, ""test_cross_entropy"": 4.636420249938965, ""test_balanced_accuracy"": 0.010588033124804497}"
2026-04-14T04:55:12.784451,tpe,lcbench,168329,1,107,12.894811630249023,"{""OpenML_task_id"": ""189905"", ""batch_size"": 286, ""epoch"": 3, ""learning_rate"": 0.05204087618308685, ""max_dropout"": 0.6891567207325912, ""max_units"": 321, ""momentum"": 0.5972514505966918, ""num_layers"": 2, ""weight_decay"": 0.01264069532728009}","{""time"": 12.894811630249023, ""val_accuracy"": 15.199607849121094, ""val_cross_entropy"": 3.7270374298095703, ""val_balanced_accuracy"": 0.12233008444309235, ""test_cross_entropy"": 4.614526748657227, ""test_balanced_accuracy"": 0.12160728871822357}"
2026-04-14T04:55:12.808780,tpe,lcbench,168329,1,108,3.4430899620056152,"{""OpenML_task_id"": ""189906"", ""batch_size"": 78, ""epoch"": 1, ""learning_rate"": 0.0958087020874961, ""max_dropout"": 0.6226138206397309, ""max_units"": 112, ""momentum"": 0.49681595470176604, ""num_layers"": 1, ""weight_decay"": 0.051716798729742906}","{""time"": 3.4430899620056152, ""val_accuracy"": 0.7858377695083618, ""val_cross_entropy"": 4.486237049102783, ""val_balanced_accuracy"": 0.009548447094857693, ""test_cross_entropy"": 4.639279365539551, ""test_balanced_accuracy"": 0.008852658793330193}"
2026-04-14T04:55:12.829302,tpe,lcbench,168329,1,109,15.227760314941406,"{""OpenML_task_id"": ""189908"", ""batch_size"": 73, ""epoch"": 3, ""learning_rate"": 0.09601621602751721, ""max_dropout"": 0.6167287148444536, ""max_units"": 183, ""momentum"": 0.4905791471675846, ""num_layers"": 4, ""weight_decay"": 0.05032779820224024}","{""time"": 15.227760314941406, ""val_accuracy"": 0.4976990818977356, ""val_cross_entropy"": 4.4355878829956055, ""val_balanced_accuracy"": 0.011142716743052006, ""test_cross_entropy"": 4.649456024169922, ""test_balanced_accuracy"": 0.011179161258041859}"
2026-04-14T04:55:12.852839,tpe,lcbench,168329,1,110,6.721490383148193,"{""OpenML_task_id"": ""189906"", ""batch_size"": 61, ""epoch"": 2, ""learning_rate"": 0.08818485421580606, ""max_dropout"": 0.9027331577834667, ""max_units"": 143, ""momentum"": 0.33371756204249114, ""num_layers"": 4, ""weight_decay"": 0.05822694109084409}","{""time"": 6.721490383148193, ""val_accuracy"": 0.5746735334396362, ""val_cross_entropy"": 4.441152572631836, ""val_balanced_accuracy"": 0.011574708856642246, ""test_cross_entropy"": 4.658723831176758, ""test_balanced_accuracy"": 0.011569675989449024}"
2026-04-14T04:55:12.872854,tpe,lcbench,168329,1,111,3.5351250171661377,"{""OpenML_task_id"": ""168868"", ""batch_size"": 80, ""epoch"": 1, ""learning_rate"": 0.0912394182708737, ""max_dropout"": 0.5612030967652211, ""max_units"": 99, ""momentum"": 0.40889655785998186, ""num_layers"": 1, ""weight_decay"": 0.052878641926929676}","{""time"": 3.5351250171661377, ""val_accuracy"": 0.7772841453552246, ""val_cross_entropy"": 4.5128912925720215, ""val_balanced_accuracy"": 0.009432111866772175, ""test_cross_entropy"": 4.642679691314697, ""test_balanced_accuracy"": 0.008741182275116444}"
2026-04-14T04:55:12.894907,tpe,lcbench,168329,1,112,3.54906964302063,"{""OpenML_task_id"": ""168868"", ""batch_size"": 79, ""epoch"": 1, ""learning_rate"": 0.0929222630217112, ""max_dropout"": 0.5199414407031744, ""max_units"": 95, ""momentum"": 0.3693818159918727, ""num_layers"": 1, ""weight_decay"": 0.05408551469281951}","{""time"": 3.54906964302063, ""val_accuracy"": 0.7730865478515625, ""val_cross_entropy"": 4.51975154876709, ""val_balanced_accuracy"": 0.009394587017595768, ""test_cross_entropy"": 4.644190311431885, ""test_balanced_accuracy"": 0.008707934059202671}"
2026-04-14T04:55:12.916424,tpe,lcbench,168329,1,113,16.698928833007812,"{""OpenML_task_id"": ""168868"", ""batch_size"": 86, ""epoch"": 6, ""learning_rate"": 0.09105956558083905, ""max_dropout"": 0.7313515237872517, ""max_units"": 93, ""momentum"": 0.4139323647792447, ""num_layers"": 1, ""weight_decay"": 0.05431932594540587}","{""time"": 16.698928833007812, ""val_accuracy"": 16.262134552001953, ""val_cross_entropy"": 3.8840107917785645, ""val_balanced_accuracy"": 0.1363777369260788, ""test_cross_entropy"": 4.6347174644470215, ""test_balanced_accuracy"": 0.13332073390483856}"
2026-04-14T04:55:12.936442,tpe,lcbench,168329,1,114,12.595000267028809,"{""OpenML_task_id"": ""168868"", ""batch_size"": 110, ""epoch"": 4, ""learning_rate"": 0.09263157114450692, ""max_dropout"": 0.5272131350389363, ""max_units"": 108, ""momentum"": 0.37147708200721336, ""num_layers"": 1, ""weight_decay"": 0.06176712189712575}","{""time"": 12.595000267028809, ""val_accuracy"": 16.405912399291992, ""val_cross_entropy"": 3.9166100025177, ""val_balanced_accuracy"": 0.1335388422012329, ""test_cross_entropy"": 4.633914947509766, ""test_balanced_accuracy"": 0.1306329071521759}"
2026-04-14T04:55:12.959072,tpe,lcbench,168329,1,115,3.483529567718506,"{""OpenML_task_id"": ""168868"", ""batch_size"": 80, ""epoch"": 1, ""learning_rate"": 0.09850265786259557, ""max_dropout"": 0.6368519981974134, ""max_units"": 139, ""momentum"": 0.45371095123170124, ""num_layers"": 1, ""weight_decay"": 0.05283365028417694}","{""time"": 3.483529567718506, ""val_accuracy"": 0.787459671497345, ""val_cross_entropy"": 4.496730804443359, ""val_balanced_accuracy"": 0.009550323709845543, ""test_cross_entropy"": 4.640925884246826, ""test_balanced_accuracy"": 0.008855631574988365}"
2026-04-14T04:55:12.979604,tpe,lcbench,168329,1,116,6.391000747680664,"{""OpenML_task_id"": ""168868"", ""batch_size"": 83, ""epoch"": 2, ""learning_rate"": 0.09736064803019052, ""max_dropout"": 0.6702556476742251, ""max_units"": 145, ""momentum"": 0.4425993981253886, ""num_layers"": 1, ""weight_decay"": 0.0529889768095887}","{""time"": 6.391000747680664, ""val_accuracy"": 15.488665580749512, ""val_cross_entropy"": 3.941610336303711, ""val_balanced_accuracy"": 0.12901103496551514, ""test_cross_entropy"": 4.629354000091553, ""test_balanced_accuracy"": 0.1263117641210556}"
2026-04-14T04:55:13.001622,tpe,lcbench,168329,1,117,15.307245254516602,"{""OpenML_task_id"": ""168868"", ""batch_size"": 97, ""epoch"": 5, ""learning_rate"": 0.09524963864370807, ""max_dropout"": 0.6418659445422499, ""max_units"": 128, ""momentum"": 0.3543489275448024, ""num_layers"": 1, ""weight_decay"": 0.07230286455731642}","{""time"": 15.307245254516602, ""val_accuracy"": 15.30313777923584, ""val_cross_entropy"": 3.939060926437378, ""val_balanced_accuracy"": 0.12864957749843597, ""test_cross_entropy"": 4.637650966644287, ""test_balanced_accuracy"": 0.1254904866218567}"
2026-04-14T04:55:13.023143,tpe,lcbench,168329,1,118,3.754056930541992,"{""OpenML_task_id"": ""168868"", ""batch_size"": 123, ""epoch"": 1, ""learning_rate"": 0.08504774616904316, ""max_dropout"": 0.5845207247468007, ""max_units"": 174, ""momentum"": 0.40161332807443706, ""num_layers"": 1, ""weight_decay"": 0.06045752635473354}","{""time"": 3.754056930541992, ""val_accuracy"": 0.7948098182678223, ""val_cross_entropy"": 4.525496959686279, ""val_balanced_accuracy"": 0.00935965683311224, ""test_cross_entropy"": 4.646016597747803, ""test_balanced_accuracy"": 0.00865993369370699}"
2026-04-14T04:55:13.045660,tpe,lcbench,168329,1,119,10.34850788116455,"{""OpenML_task_id"": ""189906"", ""batch_size"": 75, ""epoch"": 3, ""learning_rate"": 0.09928542498252656, ""max_dropout"": 0.7068460527369657, ""max_units"": 282, ""momentum"": 0.31650383557969974, ""num_layers"": 1, ""weight_decay"": 0.056921253003991916}","{""time"": 10.34850788116455, ""val_accuracy"": 16.530044555664062, ""val_cross_entropy"": 3.910067558288574, ""val_balanced_accuracy"": 0.13594688475131989, ""test_cross_entropy"": 4.630891799926758, ""test_balanced_accuracy"": 0.13272956013679504}"
2026-04-14T04:55:13.066681,tpe,lcbench,168329,1,120,3.865614414215088,"{""OpenML_task_id"": ""168330"", ""batch_size"": 47, ""epoch"": 1, ""learning_rate"": 0.09434578570467562, ""max_dropout"": 0.44649204829347405, ""max_units"": 212, ""momentum"": 0.3325606770870745, ""num_layers"": 1, ""weight_decay"": 0.06505261728713771}","{""time"": 3.865614414215088, ""val_accuracy"": 0.7553566694259644, ""val_cross_entropy"": 4.524221897125244, ""val_balanced_accuracy"": 0.009279860183596611, ""test_cross_entropy"": 4.640802383422852, ""test_balanced_accuracy"": 0.008612279780209064}"
2026-04-14T04:55:13.087251,tpe,lcbench,168329,1,121,7.965357780456543,"{""OpenML_task_id"": ""7593"", ""batch_size"": 26, ""epoch"": 2, ""learning_rate"": 0.09800492915885284, ""max_dropout"": 0.5985749956732886, ""max_units"": 390, ""momentum"": 0.4570953474241042, ""num_layers"": 1, ""weight_decay"": 0.0513579816772051}","{""time"": 7.965357780456543, ""val_accuracy"": 15.261862754821777, ""val_cross_entropy"": 3.9138705730438232, ""val_balanced_accuracy"": 0.12558746337890625, ""test_cross_entropy"": 4.6162238121032715, ""test_balanced_accuracy"": 0.1225893497467041}"
2026-04-14T04:55:13.108350,tpe,lcbench,168329,1,122,11.868480682373047,"{""OpenML_task_id"": ""189866"", ""batch_size"": 59, ""epoch"": 4, ""learning_rate"": 0.08983462838878907, ""max_dropout"": 0.6524686869722558, ""max_units"": 81, ""momentum"": 0.378089177212352, ""num_layers"": 1, ""weight_decay"": 0.04692896720665225}","{""time"": 11.868480682373047, ""val_accuracy"": 17.12419319152832, ""val_cross_entropy"": 3.872199773788452, ""val_balanced_accuracy"": 0.13938435912132263, ""test_cross_entropy"": 4.630321979522705, ""test_balanced_accuracy"": 0.13660632073879242}"
2026-04-14T04:55:13.128366,tpe,lcbench,168329,1,123,3.3231654167175293,"{""OpenML_task_id"": ""189909"", ""batch_size"": 37, ""epoch"": 1, ""learning_rate"": 0.08791050097229573, ""max_dropout"": 0.6238242914330379, ""max_units"": 101, ""momentum"": 0.4119682304651345, ""num_layers"": 1, ""weight_decay"": 0.054978152727592114}","{""time"": 3.3231654167175293, ""val_accuracy"": 0.7929231524467468, ""val_cross_entropy"": 4.496090412139893, ""val_balanced_accuracy"": 0.009553165175020695, ""test_cross_entropy"": 4.635143756866455, ""test_balanced_accuracy"": 0.008863911032676697}"
2026-04-14T04:55:13.149377,tpe,lcbench,168329,1,124,6.761929988861084,"{""OpenML_task_id"": ""189909"", ""batch_size"": 39, ""epoch"": 2, ""learning_rate"": 0.08789961485154202, ""max_dropout"": 0.5174546752738819, ""max_units"": 157, ""momentum"": 0.4073021700457629, ""num_layers"": 1, ""weight_decay"": 0.05477039697111989}","{""time"": 6.761929988861084, ""val_accuracy"": 15.642542839050293, ""val_cross_entropy"": 3.9306347370147705, ""val_balanced_accuracy"": 0.1271345168352127, ""test_cross_entropy"": 4.623819828033447, ""test_balanced_accuracy"": 0.12456261366605759}"
2026-04-14T04:55:13.170899,tpe,lcbench,168329,1,125,3.553253173828125,"{""OpenML_task_id"": ""189909"", ""batch_size"": 105, ""epoch"": 1, ""learning_rate"": 0.08223298510668027, ""max_dropout"": 0.620872899025493, ""max_units"": 95, ""momentum"": 0.42806468308533036, ""num_layers"": 1, ""weight_decay"": 0.04917913083742126}","{""time"": 3.553253173828125, ""val_accuracy"": 0.794887125492096, ""val_cross_entropy"": 4.520811080932617, ""val_balanced_accuracy"": 0.009426536038517952, ""test_cross_entropy"": 4.644535541534424, ""test_balanced_accuracy"": 0.008723311126232147}"
2026-04-14T04:55:13.195598,tpe,lcbench,168329,1,126,3.547675132751465,"{""OpenML_task_id"": ""189909"", ""batch_size"": 105, ""epoch"": 1, ""learning_rate"": 0.08357407638178055, ""max_dropout"": 0.6299587067262404, ""max_units"": 105, ""momentum"": 0.43112683962222237, ""num_layers"": 1, ""weight_decay"": 0.04946528636243472}","{""time"": 3.547675132751465, ""val_accuracy"": 0.7969548106193542, ""val_cross_entropy"": 4.51849889755249, ""val_balanced_accuracy"": 0.00945085845887661, ""test_cross_entropy"": 4.644346714019775, ""test_balanced_accuracy"": 0.00874665193259716}"
2026-04-14T04:55:13.221108,tpe,lcbench,168329,1,127,9.358433723449707,"{""OpenML_task_id"": ""189909"", ""batch_size"": 86, ""epoch"": 3, ""learning_rate"": 0.08388240559246785, ""max_dropout"": 0.6375824931933528, ""max_units"": 113, ""momentum"": 0.4346563991490006, ""num_layers"": 1, ""weight_decay"": 0.0529016848171561}","{""time"": 9.358433723449707, ""val_accuracy"": 16.671070098876953, ""val_cross_entropy"": 3.904681921005249, ""val_balanced_accuracy"": 0.13587741553783417, ""test_cross_entropy"": 4.631302356719971, ""test_balanced_accuracy"": 0.13307760655879974}"
2026-04-14T04:55:13.242818,tpe,lcbench,168329,1,128,12.339812278747559,"{""OpenML_task_id"": ""189909"", ""batch_size"": 115, ""epoch"": 4, ""learning_rate"": 0.09297286428154294, ""max_dropout"": 0.67197641081312, ""max_units"": 136, ""momentum"": 0.4679145046874374, ""num_layers"": 1, ""weight_decay"": 0.05919897194250776}","{""time"": 12.339812278747559, ""val_accuracy"": 16.37942886352539, ""val_cross_entropy"": 3.908189058303833, ""val_balanced_accuracy"": 0.13484391570091248, ""test_cross_entropy"": 4.633942127227783, ""test_balanced_accuracy"": 0.131783589720726}"
2026-04-14T04:55:13.267855,tpe,lcbench,168329,1,129,17.207908630371094,"{""OpenML_task_id"": ""167200"", ""batch_size"": 150, ""epoch"": 6, ""learning_rate"": 0.0863243048381318, ""max_dropout"": 0.6033528688915737, ""max_units"": 65, ""momentum"": 0.38721102062387763, ""num_layers"": 1, ""weight_decay"": 0.08343341220999732}","{""time"": 17.207908630371094, ""val_accuracy"": 14.995845794677734, ""val_cross_entropy"": 3.9679648876190186, ""val_balanced_accuracy"": 0.1258373111486435, ""test_cross_entropy"": 4.6385064125061035, ""test_balanced_accuracy"": 0.12271685153245926}"
2026-04-14T04:55:13.288878,tpe,lcbench,168329,1,130,3.9743831157684326,"{""OpenML_task_id"": ""126026"", ""batch_size"": 128, ""epoch"": 1, ""learning_rate"": 0.07650798905672163, ""max_dropout"": 0.5567234326884469, ""max_units"": 160, ""momentum"": 0.28847249238678235, ""num_layers"": 1, ""weight_decay"": 0.051080086766801286}","{""time"": 3.9743831157684326, ""val_accuracy"": 0.8070507049560547, ""val_cross_entropy"": 4.544074535369873, ""val_balanced_accuracy"": 0.009242570959031582, ""test_cross_entropy"": 4.649173259735107, ""test_balanced_accuracy"": 0.00853346660733223}"
2026-04-14T04:55:13.309602,tpe,lcbench,168329,1,131,3.5351250171661377,"{""OpenML_task_id"": ""189909"", ""batch_size"": 104, ""epoch"": 1, ""learning_rate"": 0.08313728338698613, ""max_dropout"": 0.6257170492924179, ""max_units"": 91, ""momentum"": 0.41978543909367433, ""num_layers"": 1, ""weight_decay"": 0.04778443021198945}","{""time"": 3.5351250171661377, ""val_accuracy"": 0.7970231771469116, ""val_cross_entropy"": 4.520837783813477, ""val_balanced_accuracy"": 0.00943680852651596, ""test_cross_entropy"": 4.644731044769287, ""test_balanced_accuracy"": 0.008731933310627937}"
2026-04-14T04:55:13.330200,tpe,lcbench,168329,1,132,9.295682907104492,"{""OpenML_task_id"": ""189909"", ""batch_size"": 98, ""epoch"": 3, ""learning_rate"": 0.08882983169890923, ""max_dropout"": 0.6397560797799269, ""max_units"": 113, ""momentum"": 0.4042711566703316, ""num_layers"": 1, ""weight_decay"": 0.048287083081375665}","{""time"": 9.295682907104492, ""val_accuracy"": 17.100725173950195, ""val_cross_entropy"": 3.896132230758667, ""val_balanced_accuracy"": 0.13781750202178955, ""test_cross_entropy"": 4.629828929901123, ""test_balanced_accuracy"": 0.13507971167564392}"
2026-04-14T04:55:13.350720,tpe,lcbench,168329,1,133,6.414706707000732,"{""OpenML_task_id"": ""126029"", ""batch_size"": 72, ""epoch"": 2, ""learning_rate"": 0.08054929463155044, ""max_dropout"": 0.583661716235418, ""max_units"": 87, ""momentum"": 0.36757971393982525, ""num_layers"": 1, ""weight_decay"": 0.04503067012847674}","{""time"": 6.414706707000732, ""val_accuracy"": 16.30931854248047, ""val_cross_entropy"": 3.920220136642456, ""val_balanced_accuracy"": 0.13172553479671478, ""test_cross_entropy"": 4.6281962394714355, ""test_balanced_accuracy"": 0.12929828464984894}"
2026-04-14T04:55:13.373101,tpe,lcbench,168329,1,134,6.575070858001709,"{""OpenML_task_id"": ""167161"", ""batch_size"": 90, ""epoch"": 2, ""learning_rate"": 0.07159962333209531, ""max_dropout"": 0.6267997402222435, ""max_units"": 105, ""momentum"": 0.44707374977615766, ""num_layers"": 1, ""weight_decay"": 0.056092993588596644}","{""time"": 6.575070858001709, ""val_accuracy"": 15.174609184265137, ""val_cross_entropy"": 3.9626214504241943, ""val_balanced_accuracy"": 0.12452413141727448, ""test_cross_entropy"": 4.629233360290527, ""test_balanced_accuracy"": 0.12184759229421616}"
2026-04-14T04:55:13.395685,tpe,lcbench,168329,1,135,3.9088430404663086,"{""OpenML_task_id"": ""167184"", ""batch_size"": 107, ""epoch"": 1, ""learning_rate"": 0.09069091221223319, ""max_dropout"": 0.5492392337901144, ""max_units"": 190, ""momentum"": 0.4927761290728399, ""num_layers"": 1, ""weight_decay"": 0.052971990048088315}","{""time"": 3.9088430404663086, ""val_accuracy"": 0.7774220108985901, ""val_cross_entropy"": 4.507879734039307, ""val_balanced_accuracy"": 0.009332899004220963, ""test_cross_entropy"": 4.639692783355713, ""test_balanced_accuracy"": 0.008638470433652401}"
2026-04-14T04:55:13.417136,tpe,lcbench,168329,1,136,83.59725952148438,"{""OpenML_task_id"": ""168868"", ""batch_size"": 80, ""epoch"": 29, ""learning_rate"": 0.09643161869783348, ""max_dropout"": 0.6914972826959512, ""max_units"": 659, ""momentum"": 0.42116681610493434, ""num_layers"": 1, ""weight_decay"": 0.050101497478143464}","{""time"": 83.59725952148438, ""val_accuracy"": 16.91549301147461, ""val_cross_entropy"": 3.822655439376831, ""val_balanced_accuracy"": 0.13889656960964203, ""test_cross_entropy"": 4.639028549194336, ""test_balanced_accuracy"": 0.13454847037792206}"
2026-04-14T04:55:13.438216,tpe,lcbench,168329,1,137,74.8762435913086,"{""OpenML_task_id"": ""168329"", ""batch_size"": 66, ""epoch"": 36, ""learning_rate"": 0.0918774116131306, ""max_dropout"": 0.6614961267729362, ""max_units"": 134, ""momentum"": 0.2549540043735522, ""num_layers"": 1, ""weight_decay"": 0.05692910253026136}","{""time"": 74.8762435913086, ""val_accuracy"": 16.95441436767578, ""val_cross_entropy"": 3.8469045162200928, ""val_balanced_accuracy"": 0.1381857544183731, ""test_cross_entropy"": 4.6379570960998535, ""test_balanced_accuracy"": 0.13475573062896729}"
2026-04-14T04:55:13.463689,tpe,lcbench,168329,1,138,14.968389511108398,"{""OpenML_task_id"": ""167152"", ""batch_size"": 135, ""epoch"": 5, ""learning_rate"": 0.09430775184603173, ""max_dropout"": 0.6139816808890107, ""max_units"": 121, ""momentum"": 0.5394651200780787, ""num_layers"": 1, ""weight_decay"": 0.04135232799992608}","{""time"": 14.968389511108398, ""val_accuracy"": 17.850549697875977, ""val_cross_entropy"": 3.8481264114379883, ""val_balanced_accuracy"": 0.14346204698085785, ""test_cross_entropy"": 4.628477573394775, ""test_balanced_accuracy"": 0.14069877564907074}"
2026-04-14T04:55:13.483749,tpe,lcbench,168329,1,139,17.156314849853516,"{""OpenML_task_id"": ""168910"", ""batch_size"": 53, ""epoch"": 4, ""learning_rate"": 0.03100699219303287, ""max_dropout"": 0.5947882369731953, ""max_units"": 77, ""momentum"": 0.6133082218218353, ""num_layers"": 4, ""weight_decay"": 0.06072338712336652}","{""time"": 17.156314849853516, ""val_accuracy"": 0.5201624631881714, ""val_cross_entropy"": 4.510104656219482, ""val_balanced_accuracy"": 0.010465657338500023, ""test_cross_entropy"": 4.654837608337402, ""test_balanced_accuracy"": 0.010410389862954617}"
2026-04-14T04:55:13.511212,tpe,lcbench,168329,1,140,10.358269691467285,"{""OpenML_task_id"": ""189909"", ""batch_size"": 113, ""epoch"": 3, ""learning_rate"": 0.02453066467372211, ""max_dropout"": 0.5325102463985109, ""max_units"": 64, ""momentum"": 0.642601737169244, ""num_layers"": 1, ""weight_decay"": 0.06394686612778369}","{""time"": 10.358269691467285, ""val_accuracy"": 15.515454292297363, ""val_cross_entropy"": 3.9558024406433105, ""val_balanced_accuracy"": 0.12380938231945038, ""test_cross_entropy"": 4.632814884185791, ""test_balanced_accuracy"": 0.1208154559135437}"
2026-04-14T04:55:13.533733,tpe,lcbench,168329,1,141,3.546280860900879,"{""OpenML_task_id"": ""189909"", ""batch_size"": 100, ""epoch"": 1, ""learning_rate"": 0.08111226590754712, ""max_dropout"": 0.6222169256757125, ""max_units"": 92, ""momentum"": 0.43375954837038844, ""num_layers"": 1, ""weight_decay"": 0.0493367393881409}","{""time"": 3.546280860900879, ""val_accuracy"": 0.7940415740013123, ""val_cross_entropy"": 4.518586158752441, ""val_balanced_accuracy"": 0.009437186643481255, ""test_cross_entropy"": 4.643951416015625, ""test_balanced_accuracy"": 0.008734265342354774}"
2026-04-14T04:55:13.552785,tpe,lcbench,168329,1,142,3.745690107345581,"{""OpenML_task_id"": ""189909"", ""batch_size"": 98, ""epoch"": 1, ""learning_rate"": 0.07951269467841059, ""max_dropout"": 0.4988918094644197, ""max_units"": 99, ""momentum"": 0.46787534558778077, ""num_layers"": 1, ""weight_decay"": 0.05437528965947687}","{""time"": 3.745690107345581, ""val_accuracy"": 0.772056519985199, ""val_cross_entropy"": 4.513644695281982, ""val_balanced_accuracy"": 0.00933124404400587, ""test_cross_entropy"": 4.6412034034729, ""test_balanced_accuracy"": 0.008639772422611713}"
2026-04-14T04:55:13.574381,tpe,lcbench,168329,1,143,6.7912139892578125,"{""OpenML_task_id"": ""3945"", ""batch_size"": 87, ""epoch"": 2, ""learning_rate"": 0.08337547146891226, ""max_dropout"": 0.5729453320416997, ""max_units"": 147, ""momentum"": 0.34611830740672495, ""num_layers"": 1, ""weight_decay"": 0.04765285914539481}","{""time"": 6.7912139892578125, ""val_accuracy"": 15.896393775939941, ""val_cross_entropy"": 3.9355196952819824, ""val_balanced_accuracy"": 0.1289847195148468, ""test_cross_entropy"": 4.629018306732178, ""test_balanced_accuracy"": 0.12637779116630554}"
2026-04-14T04:55:13.593913,tpe,lcbench,168329,1,144,3.359421730041504,"{""OpenML_task_id"": ""167201"", ""batch_size"": 75, ""epoch"": 1, ""learning_rate"": 0.08613419532591708, ""max_dropout"": 0.6506946611560622, ""max_units"": 82, ""momentum"": 0.3900419382494528, ""num_layers"": 1, ""weight_decay"": 0.051720638892415655}","{""time"": 3.359421730041504, ""val_accuracy"": 0.7987505197525024, ""val_cross_entropy"": 4.51206636428833, ""val_balanced_accuracy"": 0.00956333801150322, ""test_cross_entropy"": 4.644732475280762, ""test_balanced_accuracy"": 0.008862711489200592}"
2026-04-14T04:55:13.618408,tpe,lcbench,168329,1,145,12.508543014526367,"{""OpenML_task_id"": ""167201"", ""batch_size"": 119, ""epoch"": 3, ""learning_rate"": 0.08564858316172169, ""max_dropout"": 0.6766984392904878, ""max_units"": 170, ""momentum"": 0.39124752254618705, ""num_layers"": 4, ""weight_decay"": 0.05171529085311735}","{""time"": 12.508543014526367, ""val_accuracy"": 0.5575613379478455, ""val_cross_entropy"": 4.512335777282715, ""val_balanced_accuracy"": 0.011015420779585838, ""test_cross_entropy"": 4.6581010818481445, ""test_balanced_accuracy"": 0.011059842072427273}"
2026-04-14T04:55:13.638434,tpe,lcbench,168329,1,146,7.202582836151123,"{""OpenML_task_id"": ""189906"", ""batch_size"": 102, ""epoch"": 2, ""learning_rate"": 0.03375254845196218, ""max_dropout"": 0.7028920152228223, ""max_units"": 124, ""momentum"": 0.5587783123627555, ""num_layers"": 1, ""weight_decay"": 0.04647235964496002}","{""time"": 7.202582836151123, ""val_accuracy"": 14.831177711486816, ""val_cross_entropy"": 3.9545938968658447, ""val_balanced_accuracy"": 0.11741212755441666, ""test_cross_entropy"": 4.63083553314209, ""test_balanced_accuracy"": 0.1144615039229393}"
2026-04-14T04:55:13.657888,tpe,lcbench,168329,1,147,2.927135944366455,"{""OpenML_task_id"": ""167201"", ""batch_size"": 73, ""epoch"": 1, ""learning_rate"": 0.08209688988340705, ""max_dropout"": 0.7412896664920111, ""max_units"": 299, ""momentum"": 0.45016907588033594, ""num_layers"": 4, ""weight_decay"": 0.04956745498052152}","{""time"": 2.927135944366455, ""val_accuracy"": 0.6766725778579712, ""val_cross_entropy"": 4.333961486816406, ""val_balanced_accuracy"": 0.01266554743051529, ""test_cross_entropy"": 4.653167724609375, ""test_balanced_accuracy"": 0.01265033707022667}"
2026-04-14T04:55:13.679436,tpe,lcbench,168329,1,148,26.174354553222656,"{""OpenML_task_id"": ""167168"", ""batch_size"": 65, ""epoch"": 4, ""learning_rate"": 0.07655538965496572, ""max_dropout"": 0.7409825626577503, ""max_units"": 303, ""momentum"": 0.4872776711855148, ""num_layers"": 4, ""weight_decay"": 0.04398979920235205}","{""time"": 26.174354553222656, ""val_accuracy"": 0.5569927096366882, ""val_cross_entropy"": 4.445216655731201, ""val_balanced_accuracy"": 0.011111900210380554, ""test_cross_entropy"": 4.64876127243042, ""test_balanced_accuracy"": 0.011104653589427471}"
2026-04-14T04:55:13.699650,tpe,lcbench,168329,1,149,15.509444236755371,"{""OpenML_task_id"": ""167201"", ""batch_size"": 75, ""epoch"": 3, ""learning_rate"": 0.03616747956918903, ""max_dropout"": 0.6524075479981201, ""max_units"": 249, ""momentum"": 0.41087520866712907, ""num_layers"": 4, ""weight_decay"": 0.05752045203185461}","{""time"": 15.509444236755371, ""val_accuracy"": 0.8554726243019104, ""val_cross_entropy"": 4.531121730804443, ""val_balanced_accuracy"": 0.010820840485394001, ""test_cross_entropy"": 4.651501178741455, ""test_balanced_accuracy"": 0.010826083831489086}"
2026-04-14T04:55:13.719655,tpe,lcbench,168329,1,150,2.238267421722412,"{""OpenML_task_id"": ""167201"", ""batch_size"": 91, ""epoch"": 1, ""learning_rate"": 0.08778253431810631, ""max_dropout"": 0.9454271233603447, ""max_units"": 321, ""momentum"": 0.4571153389113261, ""num_layers"": 4, ""weight_decay"": 0.05035033715268693}","{""time"": 2.238267421722412, ""val_accuracy"": 0.7207292318344116, ""val_cross_entropy"": 4.283006191253662, ""val_balanced_accuracy"": 0.01289278268814087, ""test_cross_entropy"": 4.658617973327637, ""test_balanced_accuracy"": 0.012822644785046577}"
2026-04-14T04:55:13.742298,tpe,lcbench,168329,1,151,2.349824905395508,"{""OpenML_task_id"": ""167201"", ""batch_size"": 91, ""epoch"": 1, ""learning_rate"": 0.08064170451857501, ""max_dropout"": 0.9471871328326626, ""max_units"": 343, ""momentum"": 0.45996776389233085, ""num_layers"": 4, ""weight_decay"": 0.05129415421398997}","{""time"": 2.349824905395508, ""val_accuracy"": 0.7253076434135437, ""val_cross_entropy"": 4.2913360595703125, ""val_balanced_accuracy"": 0.012819245457649231, ""test_cross_entropy"": 4.657384872436523, ""test_balanced_accuracy"": 0.012743817642331123}"
2026-04-14T04:55:13.763024,tpe,lcbench,168329,1,152,9.640116691589355,"{""OpenML_task_id"": ""167201"", ""batch_size"": 89, ""epoch"": 2, ""learning_rate"": 0.08823957042928844, ""max_dropout"": 0.9548366737061917, ""max_units"": 351, ""momentum"": 0.4513968190962235, ""num_layers"": 4, ""weight_decay"": 0.05174523785859684}","{""time"": 9.640116691589355, ""val_accuracy"": 0.5919303297996521, ""val_cross_entropy"": 4.4284234046936035, ""val_balanced_accuracy"": 0.011478632688522339, ""test_cross_entropy"": 4.649270534515381, ""test_balanced_accuracy"": 0.011473970487713814}"
2026-04-14T04:55:13.783047,tpe,lcbench,168329,1,153,2.726331949234009,"{""OpenML_task_id"": ""167201"", ""batch_size"": 58, ""epoch"": 1, ""learning_rate"": 0.0273566848943498, ""max_dropout"": 0.9370620225290335, ""max_units"": 320, ""momentum"": 0.5260345044789068, ""num_layers"": 4, ""weight_decay"": 0.05879506815605137}","{""time"": 2.726331949234009, ""val_accuracy"": 0.8104984164237976, ""val_cross_entropy"": 4.366459846496582, ""val_balanced_accuracy"": 0.0123828686773777, ""test_cross_entropy"": 4.659451961517334, ""test_balanced_accuracy"": 0.012263162061572075}"
2026-04-14T04:55:13.804058,tpe,lcbench,168329,1,154,15.954279899597168,"{""OpenML_task_id"": ""167201"", ""batch_size"": 54, ""epoch"": 3, ""learning_rate"": 0.02793518596646336, ""max_dropout"": 0.9373624139750678, ""max_units"": 328, ""momentum"": 0.5037201845134346, ""num_layers"": 4, ""weight_decay"": 0.05944379930240284}","{""time"": 15.954279899597168, ""val_accuracy"": 0.9571139812469482, ""val_cross_entropy"": 4.491508483886719, ""val_balanced_accuracy"": 0.01103910431265831, ""test_cross_entropy"": 4.650869369506836, ""test_balanced_accuracy"": 0.011024038307368755}"
2026-04-14T04:55:13.825127,tpe,lcbench,168329,1,155,9.407240867614746,"{""OpenML_task_id"": ""146212"", ""batch_size"": 41, ""epoch"": 2, ""learning_rate"": 0.030852477398713527, ""max_dropout"": 0.9296013629411329, ""max_units"": 285, ""momentum"": 0.524398042770314, ""num_layers"": 4, ""weight_decay"": 0.05588141030389729}","{""time"": 9.407240867614746, ""val_accuracy"": 0.9455285668373108, ""val_cross_entropy"": 4.46712589263916, ""val_balanced_accuracy"": 0.011341376230120659, ""test_cross_entropy"": 4.651331901550293, ""test_balanced_accuracy"": 0.011345119215548038}"
2026-04-14T04:55:13.846185,tpe,lcbench,168329,1,156,25.266555786132812,"{""OpenML_task_id"": ""34539"", ""batch_size"": 64, ""epoch"": 5, ""learning_rate"": 0.01974772681128063, ""max_dropout"": 0.9834372706243519, ""max_units"": 316, ""momentum"": 0.4731572157420614, ""num_layers"": 4, ""weight_decay"": 0.05413041119676018}","{""time"": 25.266555786132812, ""val_accuracy"": 1.4033328294754028, ""val_cross_entropy"": 4.456957817077637, ""val_balanced_accuracy"": 0.011141441762447357, ""test_cross_entropy"": 4.652248382568359, ""test_balanced_accuracy"": 0.011145140044391155}"
2026-04-14T04:55:13.867692,tpe,lcbench,168329,1,157,2.623141288757324,"{""OpenML_task_id"": ""167201"", ""batch_size"": 72, ""epoch"": 1, ""learning_rate"": 0.02580421529000295, ""max_dropout"": 0.8823694217090805, ""max_units"": 264, ""momentum"": 0.5574694234880717, ""num_layers"": 4, ""weight_decay"": 0.05797057660365828}","{""time"": 2.623141288757324, ""val_accuracy"": 0.7973790168762207, ""val_cross_entropy"": 4.372512340545654, ""val_balanced_accuracy"": 0.012397638522088528, ""test_cross_entropy"": 4.659356594085693, ""test_balanced_accuracy"": 0.012295717373490334}"
2026-04-14T04:55:13.893420,tpe,lcbench,168329,1,158,28.720657348632812,"{""OpenML_task_id"": ""167201"", ""batch_size"": 53, ""epoch"": 4, ""learning_rate"": 0.02738653616074209, ""max_dropout"": 0.8961245483896682, ""max_units"": 364, ""momentum"": 0.5826253019088408, ""num_layers"": 4, ""weight_decay"": 0.066658805796104}","{""time"": 28.720657348632812, ""val_accuracy"": 0.715660810470581, ""val_cross_entropy"": 4.5230021476745605, ""val_balanced_accuracy"": 0.0106316227465868, ""test_cross_entropy"": 4.648404121398926, ""test_balanced_accuracy"": 0.010563867166638374}"
2026-04-14T04:55:13.915444,tpe,lcbench,168329,1,159,8.792279243469238,"{""OpenML_task_id"": ""167201"", ""batch_size"": 70, ""epoch"": 2, ""learning_rate"": 0.02209161220368199, ""max_dropout"": 0.9564716131646613, ""max_units"": 258, ""momentum"": 0.5290735864758949, ""num_layers"": 4, ""weight_decay"": 0.058076622985185}","{""time"": 8.792279243469238, ""val_accuracy"": 1.2133210897445679, ""val_cross_entropy"": 4.461005210876465, ""val_balanced_accuracy"": 0.012839016504585743, ""test_cross_entropy"": 4.648948669433594, ""test_balanced_accuracy"": 0.012899817898869514}"
2026-04-14T04:55:13.936015,tpe,lcbench,168329,1,160,2.9536306858062744,"{""OpenML_task_id"": ""167201"", ""batch_size"": 38, ""epoch"": 1, ""learning_rate"": 0.02104832192669532, ""max_dropout"": 0.876289107736959, ""max_units"": 296, ""momentum"": 0.5677307064270688, ""num_layers"": 4, ""weight_decay"": 0.06080883255442428}","{""time"": 2.9536306858062744, ""val_accuracy"": 0.8126609325408936, ""val_cross_entropy"": 4.4045610427856445, ""val_balanced_accuracy"": 0.01225273497402668, ""test_cross_entropy"": 4.663651943206787, ""test_balanced_accuracy"": 0.01214641984552145}"
2026-04-14T04:55:13.957042,tpe,lcbench,168329,1,161,3.245075225830078,"{""OpenML_task_id"": ""167201"", ""batch_size"": 23, ""epoch"": 1, ""learning_rate"": 0.021706954670527304, ""max_dropout"": 0.9144879261071899, ""max_units"": 342, ""momentum"": 0.5500878799733392, ""num_layers"": 4, ""weight_decay"": 0.06332906736514606}","{""time"": 3.245075225830078, ""val_accuracy"": 0.8009519577026367, ""val_cross_entropy"": 4.413300514221191, ""val_balanced_accuracy"": 0.012173045426607132, ""test_cross_entropy"": 4.6649861335754395, ""test_balanced_accuracy"": 0.012055689468979836}"
2026-04-14T04:55:13.977066,tpe,lcbench,168329,1,162,3.1586179733276367,"{""OpenML_task_id"": ""167201"", ""batch_size"": 22, ""epoch"": 1, ""learning_rate"": 0.02165851430421042, ""max_dropout"": 0.8684465014106851, ""max_units"": 299, ""momentum"": 0.5620840625477714, ""num_layers"": 4, ""weight_decay"": 0.06893671098081336}","{""time"": 3.1586179733276367, ""val_accuracy"": 0.7724512815475464, ""val_cross_entropy"": 4.423201560974121, ""val_balanced_accuracy"": 0.012187820859253407, ""test_cross_entropy"": 4.668705940246582, ""test_balanced_accuracy"": 0.0120900459587574}"
2026-04-14T04:55:13.997465,tpe,lcbench,168329,1,163,19.507389068603516,"{""OpenML_task_id"": ""167201"", ""batch_size"": 18, ""epoch"": 3, ""learning_rate"": 0.017545026418587135, ""max_dropout"": 0.873595155931888, ""max_units"": 292, ""momentum"": 0.5654460583219112, ""num_layers"": 4, ""weight_decay"": 0.07102671048664067}","{""time"": 19.507389068603516, ""val_accuracy"": 1.1086359024047852, ""val_cross_entropy"": 4.525931358337402, ""val_balanced_accuracy"": 0.010783877223730087, ""test_cross_entropy"": 4.653042793273926, ""test_balanced_accuracy"": 0.010755078867077827}"
2026-04-14T04:55:14.017476,tpe,lcbench,168329,1,164,11.86987590789795,"{""OpenML_task_id"": ""167201"", ""batch_size"": 31, ""epoch"": 2, ""learning_rate"": 0.02079831117675801, ""max_dropout"": 0.8511893548369007, ""max_units"": 336, ""momentum"": 0.5884694910977656, ""num_layers"": 4, ""weight_decay"": 0.06928624440848484}","{""time"": 11.86987590789795, ""val_accuracy"": 0.9230847358703613, ""val_cross_entropy"": 4.52223014831543, ""val_balanced_accuracy"": 0.01105440128594637, ""test_cross_entropy"": 4.6535420417785645, ""test_balanced_accuracy"": 0.011055328883230686}"
2026-04-14T04:55:14.037998,tpe,lcbench,168329,1,165,3.0024373531341553,"{""OpenML_task_id"": ""167201"", ""batch_size"": 21, ""epoch"": 1, ""learning_rate"": 0.016166756067378173, ""max_dropout"": 0.9067874613811893, ""max_units"": 273, ""momentum"": 0.5531219063202023, ""num_layers"": 4, ""weight_decay"": 0.06559849764475997}","{""time"": 3.0024373531341553, ""val_accuracy"": 0.8321643471717834, ""val_cross_entropy"": 4.426359176635742, ""val_balanced_accuracy"": 0.012136878445744514, ""test_cross_entropy"": 4.6695237159729, ""test_balanced_accuracy"": 0.012030307203531265}"
2026-04-14T04:55:14.059170,tpe,lcbench,168329,1,166,16.548324584960938,"{""OpenML_task_id"": ""167201"", ""batch_size"": 20, ""epoch"": 3, ""learning_rate"": 0.016226865329649585, ""max_dropout"": 0.9138973530854445, ""max_units"": 272, ""momentum"": 0.5526635494697072, ""num_layers"": 4, ""weight_decay"": 0.06662486147486096}","{""time"": 16.548324584960938, ""val_accuracy"": 1.3070075511932373, ""val_cross_entropy"": 4.510058403015137, ""val_balanced_accuracy"": 0.010925008915364742, ""test_cross_entropy"": 4.653885841369629, ""test_balanced_accuracy"": 0.010929073207080364}"
2026-04-14T04:55:14.079666,tpe,lcbench,168329,1,167,2.9076132774353027,"{""OpenML_task_id"": ""167201"", ""batch_size"": 39, ""epoch"": 1, ""learning_rate"": 0.025600335412287095, ""max_dropout"": 0.8807913101005415, ""max_units"": 305, ""momentum"": 0.5719932334520466, ""num_layers"": 4, ""weight_decay"": 0.0765829955627426}","{""time"": 2.9076132774353027, ""val_accuracy"": 0.7336922287940979, ""val_cross_entropy"": 4.386937618255615, ""val_balanced_accuracy"": 0.01244274340569973, ""test_cross_entropy"": 4.668190002441406, ""test_balanced_accuracy"": 0.01235281489789486}"
2026-04-14T04:55:14.101234,tpe,lcbench,168329,1,168,10.556283950805664,"{""OpenML_task_id"": ""167201"", ""batch_size"": 35, ""epoch"": 2, ""learning_rate"": 0.01356078833664259, ""max_dropout"": 0.8693623026408337, ""max_units"": 301, ""momentum"": 0.6191507945103931, ""num_layers"": 4, ""weight_decay"": 0.07318592686811587}","{""time"": 10.556283950805664, ""val_accuracy"": 1.182283878326416, ""val_cross_entropy"": 4.506380558013916, ""val_balanced_accuracy"": 0.011208710260689259, ""test_cross_entropy"": 4.651884078979492, ""test_balanced_accuracy"": 0.011233451776206493}"
2026-04-14T04:55:14.123391,tpe,lcbench,168329,1,169,23.9013671875,"{""OpenML_task_id"": ""167201"", ""batch_size"": 28, ""epoch"": 3, ""learning_rate"": 0.02506610884418139, ""max_dropout"": 0.8170132533548851, ""max_units"": 322, ""momentum"": 0.5728838452575935, ""num_layers"": 4, ""weight_decay"": 0.0753412035371146}","{""time"": 23.9013671875, ""val_accuracy"": 0.6866053342819214, ""val_cross_entropy"": 4.533289909362793, ""val_balanced_accuracy"": 0.010682928375899792, ""test_cross_entropy"": 4.652648448944092, ""test_balanced_accuracy"": 0.010601774789392948}"
2026-04-14T04:55:14.141922,tpe,lcbench,168329,1,170,112.52136993408203,"{""OpenML_task_id"": ""167201"", ""batch_size"": 43, ""epoch"": 20, ""learning_rate"": 0.018063261395427258, ""max_dropout"": 0.878765973568502, ""max_units"": 239, ""momentum"": 0.5876035454885457, ""num_layers"": 4, ""weight_decay"": 0.06370646938544682}","{""time"": 112.52136993408203, ""val_accuracy"": 1.4917786121368408, ""val_cross_entropy"": 4.47398567199707, ""val_balanced_accuracy"": 0.010320907458662987, ""test_cross_entropy"": 4.651956558227539, ""test_balanced_accuracy"": 0.010236761532723904}"
2026-04-14T04:55:14.162515,tpe,lcbench,168329,1,171,2.849045515060425,"{""OpenML_task_id"": ""167201"", ""batch_size"": 22, ""epoch"": 1, ""learning_rate"": 0.026409415676275652, ""max_dropout"": 0.9160622311292764, ""max_units"": 267, ""momentum"": 0.5506378541103414, ""num_layers"": 4, ""weight_decay"": 0.07730404301426116}","{""time"": 2.849045515060425, ""val_accuracy"": 0.7283186912536621, ""val_cross_entropy"": 4.388491630554199, ""val_balanced_accuracy"": 0.012396905571222305, ""test_cross_entropy"": 4.672616481781006, ""test_balanced_accuracy"": 0.01229287963360548}"
2026-04-14T04:55:14.181787,tpe,lcbench,168329,1,172,2.9731533527374268,"{""OpenML_task_id"": ""167201"", ""batch_size"": 22, ""epoch"": 1, ""learning_rate"": 0.02176394682089707, ""max_dropout"": 0.9090316652451211, ""max_units"": 278, ""momentum"": 0.5951973762635805, ""num_layers"": 4, ""weight_decay"": 0.07958553911444413}","{""time"": 2.9731533527374268, ""val_accuracy"": 0.7310548424720764, ""val_cross_entropy"": 4.4021501541137695, ""val_balanced_accuracy"": 0.012318369932472706, ""test_cross_entropy"": 4.671841621398926, ""test_balanced_accuracy"": 0.01221171859651804}"
2026-04-14T04:55:14.201812,tpe,lcbench,168329,1,173,2.8281283378601074,"{""OpenML_task_id"": ""167201"", ""batch_size"": 26, ""epoch"": 1, ""learning_rate"": 0.022990763859725663, ""max_dropout"": 0.911714875023321, ""max_units"": 263, ""momentum"": 0.6084518131514951, ""num_layers"": 4, ""weight_decay"": 0.07974002954989379}","{""time"": 2.8281283378601074, ""val_accuracy"": 0.7222126722335815, ""val_cross_entropy"": 4.387252330780029, ""val_balanced_accuracy"": 0.01241863053292036, ""test_cross_entropy"": 4.67138147354126, ""test_balanced_accuracy"": 0.012314540334045887}"
2026-04-14T04:55:14.219819,tpe,lcbench,168329,1,174,11.083394050598145,"{""OpenML_task_id"": ""167201"", ""batch_size"": 23, ""epoch"": 2, ""learning_rate"": 0.02275699486375699, ""max_dropout"": 0.9095089457162945, ""max_units"": 262, ""momentum"": 0.6040268858303897, ""num_layers"": 4, ""weight_decay"": 0.08131273853078626}","{""time"": 11.083394050598145, ""val_accuracy"": 0.6902714967727661, ""val_cross_entropy"": 4.531802177429199, ""val_balanced_accuracy"": 0.010875009000301361, ""test_cross_entropy"": 4.658034324645996, ""test_balanced_accuracy"": 0.010840527713298798}"
2026-04-14T04:55:14.239334,tpe,lcbench,168329,1,175,37.82933807373047,"{""OpenML_task_id"": ""167201"", ""batch_size"": 18, ""epoch"": 4, ""learning_rate"": 0.024727918859152025, ""max_dropout"": 0.8935586018851546, ""max_units"": 285, ""momentum"": 0.6376418751976756, ""num_layers"": 4, ""weight_decay"": 0.08455659721933313}","{""time"": 37.82933807373047, ""val_accuracy"": 0.4707897901535034, ""val_cross_entropy"": 4.50541353225708, ""val_balanced_accuracy"": 0.010289713740348816, ""test_cross_entropy"": 4.651048183441162, ""test_balanced_accuracy"": 0.010192283429205418}"
2026-04-14T04:55:14.261758,tpe,lcbench,168329,1,176,2.3972370624542236,"{""OpenML_task_id"": ""167201"", ""batch_size"": 36, ""epoch"": 1, ""learning_rate"": 0.026130903569652166, ""max_dropout"": 0.9316113144630551, ""max_units"": 229, ""momentum"": 0.5588485296440259, ""num_layers"": 4, ""weight_decay"": 0.07840788560678344}","{""time"": 2.3972370624542236, ""val_accuracy"": 0.7410632967948914, ""val_cross_entropy"": 4.364377975463867, ""val_balanced_accuracy"": 0.012594698928296566, ""test_cross_entropy"": 4.673415660858154, ""test_balanced_accuracy"": 0.012494588270783424}"
2026-04-14T04:55:14.280956,tpe,lcbench,168329,1,177,196.5479736328125,"{""OpenML_task_id"": ""167201"", ""batch_size"": 16, ""epoch"": 24, ""learning_rate"": 0.02163329951721359, ""max_dropout"": 0.9307820199151898, ""max_units"": 232, ""momentum"": 0.5619139425266286, ""num_layers"": 4, ""weight_decay"": 0.07917264077986277}","{""time"": 196.5479736328125, ""val_accuracy"": 1.357505440711975, ""val_cross_entropy"": 4.448396682739258, ""val_balanced_accuracy"": 0.010236312635242939, ""test_cross_entropy"": 4.638401985168457, ""test_balanced_accuracy"": 0.010144088417291641}"
2026-04-14T04:55:14.298975,tpe,lcbench,168329,1,178,11.610504150390625,"{""OpenML_task_id"": ""167201"", ""batch_size"": 28, ""epoch"": 2, ""learning_rate"": 0.026345250571316082, ""max_dropout"": 0.8404354076205908, ""max_units"": 268, ""momentum"": 0.5422265196281404, ""num_layers"": 4, ""weight_decay"": 0.08127808305886117}","{""time"": 11.610504150390625, ""val_accuracy"": 0.6807399392127991, ""val_cross_entropy"": 4.538232803344727, ""val_balanced_accuracy"": 0.010944738984107971, ""test_cross_entropy"": 4.658575057983398, ""test_balanced_accuracy"": 0.01090423297137022}"
2026-04-14T04:55:14.320186,tpe,lcbench,168329,1,179,26.10602569580078,"{""OpenML_task_id"": ""167201"", ""batch_size"": 36, ""epoch"": 4, ""learning_rate"": 0.02351773514597017, ""max_dropout"": 0.9194535346053005, ""max_units"": 302, ""momentum"": 0.5188663138126739, ""num_layers"": 4, ""weight_decay"": 0.07449365604333848}","{""time"": 26.10602569580078, ""val_accuracy"": 0.8366044759750366, ""val_cross_entropy"": 4.516436576843262, ""val_balanced_accuracy"": 0.010606487281620502, ""test_cross_entropy"": 4.655177116394043, ""test_balanced_accuracy"": 0.01056052278727293}"
2026-04-14T04:55:14.341130,tpe,lcbench,168329,1,180,2.613379955291748,"{""OpenML_task_id"": ""167201"", ""batch_size"": 47, ""epoch"": 1, ""learning_rate"": 0.0185299986565631, ""max_dropout"": 0.8893742370649559, ""max_units"": 250, ""momentum"": 0.5678242295062106, ""num_layers"": 4, ""weight_decay"": 0.08603678574780527}","{""time"": 2.613379955291748, ""val_accuracy"": 0.7455376386642456, ""val_cross_entropy"": 4.390732765197754, ""val_balanced_accuracy"": 0.01247287355363369, ""test_cross_entropy"": 4.67225456237793, ""test_balanced_accuracy"": 0.012393713928759098}"
2026-04-14T04:55:14.360367,tpe,lcbench,168329,1,181,2.485088586807251,"{""OpenML_task_id"": ""167201"", ""batch_size"": 46, ""epoch"": 1, ""learning_rate"": 0.01839492132275477, ""max_dropout"": 0.8854859498498148, ""max_units"": 221, ""momentum"": 0.5682460136112035, ""num_layers"": 4, ""weight_decay"": 0.07816644564040781}","{""time"": 2.485088586807251, ""val_accuracy"": 0.76632159948349, ""val_cross_entropy"": 4.390437602996826, ""val_balanced_accuracy"": 0.012457181699573994, ""test_cross_entropy"": 4.671670436859131, ""test_balanced_accuracy"": 0.0123734250664711}"
2026-04-14T04:55:14.380951,tpe,lcbench,168329,1,182,9.299866676330566,"{""OpenML_task_id"": ""167201"", ""batch_size"": 47, ""epoch"": 2, ""learning_rate"": 0.015533119066106873, ""max_dropout"": 0.8857321058073528, ""max_units"": 249, ""momentum"": 0.5808641324948624, ""num_layers"": 4, ""weight_decay"": 0.08730965862219561}","{""time"": 9.299866676330566, ""val_accuracy"": 0.9071664810180664, ""val_cross_entropy"": 4.5308146476745605, ""val_balanced_accuracy"": 0.011159923858940601, ""test_cross_entropy"": 4.656619548797607, ""test_balanced_accuracy"": 0.011168930679559708}"
2026-04-14T04:55:14.399983,tpe,lcbench,168329,1,183,2.4599881172180176,"{""OpenML_task_id"": ""167201"", ""batch_size"": 51, ""epoch"": 1, ""learning_rate"": 0.019466791187720874, ""max_dropout"": 0.8612782440000392, ""max_units"": 206, ""momentum"": 0.6067946941690934, ""num_layers"": 4, ""weight_decay"": 0.08841581387279342}","{""time"": 2.4599881172180176, ""val_accuracy"": 0.7154779434204102, ""val_cross_entropy"": 4.389986515045166, ""val_balanced_accuracy"": 0.012488560751080513, ""test_cross_entropy"": 4.672499656677246, ""test_balanced_accuracy"": 0.012415125966072083}"
2026-04-14T04:55:14.420556,tpe,lcbench,168329,1,184,15.018589973449707,"{""OpenML_task_id"": ""167201"", ""batch_size"": 43, ""epoch"": 3, ""learning_rate"": 0.01867391390473218, ""max_dropout"": 0.8568457554242994, ""max_units"": 218, ""momentum"": 0.6205247693115681, ""num_layers"": 4, ""weight_decay"": 0.07766282206697096}","{""time"": 15.018589973449707, ""val_accuracy"": 0.7679471969604492, ""val_cross_entropy"": 4.540753364562988, ""val_balanced_accuracy"": 0.010797975584864616, ""test_cross_entropy"": 4.658468246459961, ""test_balanced_accuracy"": 0.01075202226638794}"
2026-04-14T04:55:14.440601,tpe,lcbench,168329,1,185,2.3372747898101807,"{""OpenML_task_id"": ""167201"", ""batch_size"": 55, ""epoch"": 1, ""learning_rate"": 0.01955586276120782, ""max_dropout"": 0.9448353755007981, ""max_units"": 223, ""momentum"": 0.5680499045134957, ""num_layers"": 4, ""weight_decay"": 0.09045744036340056}","{""time"": 2.3372747898101807, ""val_accuracy"": 0.7316854000091553, ""val_cross_entropy"": 4.364541530609131, ""val_balanced_accuracy"": 0.012587998062372208, ""test_cross_entropy"": 4.673450946807861, ""test_balanced_accuracy"": 0.012509658932685852}"
2026-04-14T04:55:14.460128,tpe,lcbench,168329,1,186,8.341864585876465,"{""OpenML_task_id"": ""167201"", ""batch_size"": 49, ""epoch"": 2, ""learning_rate"": 0.011389767134167155, ""max_dropout"": 0.9451197405207687, ""max_units"": 203, ""momentum"": 0.6097817746188707, ""num_layers"": 4, ""weight_decay"": 0.09152956142194878}","{""time"": 8.341864585876465, ""val_accuracy"": 1.0237045288085938, ""val_cross_entropy"": 4.513549327850342, ""val_balanced_accuracy"": 0.011262349784374237, ""test_cross_entropy"": 4.656742095947266, ""test_balanced_accuracy"": 0.011298238299787045}"
2026-04-14T04:55:14.479252,tpe,lcbench,168329,1,187,2.928530216217041,"{""OpenML_task_id"": ""189865"", ""batch_size"": 60, ""epoch"": 1, ""learning_rate"": 0.008705842269109098, ""max_dropout"": 0.8985462880192946, ""max_units"": 233, ""momentum"": 0.6523718060404786, ""num_layers"": 4, ""weight_decay"": 0.08906282115105005}","{""time"": 2.928530216217041, ""val_accuracy"": 0.7532891631126404, ""val_cross_entropy"": 4.4058709144592285, ""val_balanced_accuracy"": 0.012301183305680752, ""test_cross_entropy"": 4.66832160949707, ""test_balanced_accuracy"": 0.012230552732944489}"
2026-04-14T04:55:14.501616,tpe,lcbench,168329,1,188,14.147046089172363,"{""OpenML_task_id"": ""167190"", ""batch_size"": 54, ""epoch"": 3, ""learning_rate"": 0.005559873841414797, ""max_dropout"": 0.8977836105740559, ""max_units"": 224, ""momentum"": 0.5971797100679376, ""num_layers"": 4, ""weight_decay"": 0.0892709350095223}","{""time"": 14.147046089172363, ""val_accuracy"": 1.5599868297576904, ""val_cross_entropy"": 4.482869625091553, ""val_balanced_accuracy"": 0.01129884086549282, ""test_cross_entropy"": 4.654782295227051, ""test_balanced_accuracy"": 0.011345313861966133}"
2026-04-14T04:55:14.522760,tpe,lcbench,168329,1,189,2.3135688304901123,"{""OpenML_task_id"": ""167201"", ""batch_size"": 38, ""epoch"": 1, ""learning_rate"": 0.01975556752796688, ""max_dropout"": 0.9537383680046667, ""max_units"": 204, ""momentum"": 0.6577933361800431, ""num_layers"": 4, ""weight_decay"": 0.07903184908029652}","{""time"": 2.3135688304901123, ""val_accuracy"": 0.7438899278640747, ""val_cross_entropy"": 4.359634876251221, ""val_balanced_accuracy"": 0.012614653445780277, ""test_cross_entropy"": 4.671204566955566, ""test_balanced_accuracy"": 0.012508752755820751}"
2026-04-14T04:55:14.542275,tpe,lcbench,168329,1,190,30.148597717285156,"{""OpenML_task_id"": ""167104"", ""batch_size"": 38, ""epoch"": 5, ""learning_rate"": 0.0005103219027003114, ""max_dropout"": 0.9563570849590854, ""max_units"": 210, ""momentum"": 0.6992107700116946, ""num_layers"": 4, ""weight_decay"": 0.09577338440103525}","{""time"": 30.148597717285156, ""val_accuracy"": 1.6817172765731812, ""val_cross_entropy"": 4.488070964813232, ""val_balanced_accuracy"": 0.010886423289775848, ""test_cross_entropy"": 4.649775505065918, ""test_balanced_accuracy"": 0.010936162434518337}"
2026-04-14T04:55:14.562293,tpe,lcbench,168329,1,191,2.4544103145599365,"{""OpenML_task_id"": ""189865"", ""batch_size"": 59, ""epoch"": 1, ""learning_rate"": 0.019673936039767685, ""max_dropout"": 0.9366003461724893, ""max_units"": 236, ""momentum"": 0.6759125795670653, ""num_layers"": 4, ""weight_decay"": 0.0858975876668947}","{""time"": 2.4544103145599365, ""val_accuracy"": 0.7129536867141724, ""val_cross_entropy"": 4.358458042144775, ""val_balanced_accuracy"": 0.012572425417602062, ""test_cross_entropy"": 4.666801452636719, ""test_balanced_accuracy"": 0.01247411035001278}"
2026-04-14T04:55:14.581867,tpe,lcbench,168329,1,192,2.867173671722412,"{""OpenML_task_id"": ""189865"", ""batch_size"": 58, ""epoch"": 1, ""learning_rate"": 0.00907434247561034, ""max_dropout"": 0.9327130338979143, ""max_units"": 240, ""momentum"": 0.6810548230337409, ""num_layers"": 4, ""weight_decay"": 0.08756611531349205}","{""time"": 2.867173671722412, ""val_accuracy"": 0.7525022029876709, ""val_cross_entropy"": 4.403828144073486, ""val_balanced_accuracy"": 0.012300737202167511, ""test_cross_entropy"": 4.667459011077881, ""test_balanced_accuracy"": 0.01222530473023653}"
2026-04-14T04:55:14.603916,tpe,lcbench,168329,1,193,9.266399383544922,"{""OpenML_task_id"": ""189865"", ""batch_size"": 57, ""epoch"": 2, ""learning_rate"": 0.00898382964676963, ""max_dropout"": 0.9362692975242464, ""max_units"": 245, ""momentum"": 0.677331964501853, ""num_layers"": 4, ""weight_decay"": 0.08697045561294921}","{""time"": 9.266399383544922, ""val_accuracy"": 1.1158572435379028, ""val_cross_entropy"": 4.509764671325684, ""val_balanced_accuracy"": 0.011228503659367561, ""test_cross_entropy"": 4.651862144470215, ""test_balanced_accuracy"": 0.011262436397373676}"
2026-04-14T04:55:14.623449,tpe,lcbench,168329,1,194,13.193227767944336,"{""OpenML_task_id"": ""189865"", ""batch_size"": 60, ""epoch"": 3, ""learning_rate"": 0.019989690827710852, ""max_dropout"": 0.9681038029852098, ""max_units"": 199, ""momentum"": 0.6589920445794019, ""num_layers"": 4, ""weight_decay"": 0.08586454550846556}","{""time"": 13.193227767944336, ""val_accuracy"": 0.5828388929367065, ""val_cross_entropy"": 4.490808486938477, ""val_balanced_accuracy"": 0.010853954590857029, ""test_cross_entropy"": 4.661330223083496, ""test_balanced_accuracy"": 0.010801601223647594}"
2026-04-14T04:55:14.643967,tpe,lcbench,168329,1,195,2.6287190914154053,"{""OpenML_task_id"": ""167149"", ""batch_size"": 49, ""epoch"": 1, ""learning_rate"": 0.013267141339683701, ""max_dropout"": 0.9398479705972055, ""max_units"": 234, ""momentum"": 0.7291925915180636, ""num_layers"": 4, ""weight_decay"": 0.09050729377703175}","{""time"": 2.6287190914154053, ""val_accuracy"": 0.7327035069465637, ""val_cross_entropy"": 4.381852149963379, ""val_balanced_accuracy"": 0.012487632222473621, ""test_cross_entropy"": 4.669343948364258, ""test_balanced_accuracy"": 0.012392129749059677}"
2026-04-14T04:55:14.663978,tpe,lcbench,168329,1,196,8.921964645385742,"{""OpenML_task_id"": ""167149"", ""batch_size"": 47, ""epoch"": 2, ""learning_rate"": 0.00904205609902873, ""max_dropout"": 0.9422966198804844, ""max_units"": 227, ""momentum"": 0.6808840547034009, ""num_layers"": 4, ""weight_decay"": 0.0914225372222013}","{""time"": 8.921964645385742, ""val_accuracy"": 1.1029139757156372, ""val_cross_entropy"": 4.515785217285156, ""val_balanced_accuracy"": 0.011214591562747955, ""test_cross_entropy"": 4.654141902923584, ""test_balanced_accuracy"": 0.011252065189182758}"
2026-04-14T04:55:14.684994,tpe,lcbench,168329,1,197,2.5338950157165527,"{""OpenML_task_id"": ""189865"", ""batch_size"": 57, ""epoch"": 1, ""learning_rate"": 0.01341775722896932, ""max_dropout"": 0.9832454007804036, ""max_units"": 239, ""momentum"": 0.7189731817397381, ""num_layers"": 4, ""weight_decay"": 0.08956751575253835}","{""time"": 2.5338950157165527, ""val_accuracy"": 0.736924946308136, ""val_cross_entropy"": 4.365262031555176, ""val_balanced_accuracy"": 0.012507917359471321, ""test_cross_entropy"": 4.667972564697266, ""test_balanced_accuracy"": 0.012406556867063046}"
2026-04-14T04:55:14.707061,tpe,lcbench,168329,1,198,15.167798042297363,"{""OpenML_task_id"": ""189865"", ""batch_size"": 46, ""epoch"": 3, ""learning_rate"": 0.011457790465844395, ""max_dropout"": 0.9853938042243332, ""max_units"": 244, ""momentum"": 0.7177436292412738, ""num_layers"": 4, ""weight_decay"": 0.09397913841585857}","{""time"": 15.167798042297363, ""val_accuracy"": 0.8401608467102051, ""val_cross_entropy"": 4.484902858734131, ""val_balanced_accuracy"": 0.010876315645873547, ""test_cross_entropy"": 4.659621715545654, ""test_balanced_accuracy"": 0.010864580050110817}"
2026-04-14T04:55:14.726107,tpe,lcbench,168329,1,199,2.29404616355896,"{""OpenML_task_id"": ""189865"", ""batch_size"": 65, ""epoch"": 1, ""learning_rate"": 0.014121816782819306, ""max_dropout"": 0.9642746245867615, ""max_units"": 188, ""momentum"": 0.7202315066792916, ""num_layers"": 4, ""weight_decay"": 0.08343146982858232}","{""time"": 2.29404616355896, ""val_accuracy"": 0.7399376034736633, ""val_cross_entropy"": 4.357584476470947, ""val_balanced_accuracy"": 0.012567654252052307, ""test_cross_entropy"": 4.667738914489746, ""test_balanced_accuracy"": 0.01246959064155817}"
2026-04-14T04:55:14.747088,tpe,lcbench,168329,1,200,11.922865867614746,"{""OpenML_task_id"": ""189865"", ""batch_size"": 63, ""epoch"": 3, ""learning_rate"": 0.013512919119922908, ""max_dropout"": 0.9958269886456981, ""max_units"": 183, ""momentum"": 0.7175263303566786, ""num_layers"": 4, ""weight_decay"": 0.08343311536394207}","{""time"": 11.922865867614746, ""val_accuracy"": 0.7876805067062378, ""val_cross_entropy"": 4.466287136077881, ""val_balanced_accuracy"": 0.011025888845324516, ""test_cross_entropy"": 4.660477638244629, ""test_balanced_accuracy"": 0.011004584841430187}"
2026-04-14T04:55:14.767692,tpe,lcbench,168329,1,201,2.4474380016326904,"{""OpenML_task_id"": ""167149"", ""batch_size"": 52, ""epoch"": 1, ""learning_rate"": 0.01504952332720484, ""max_dropout"": 0.9551984653295513, ""max_units"": 208, ""momentum"": 0.758487571104791, ""num_layers"": 4, ""weight_decay"": 0.08887249698817647}","{""time"": 2.4474380016326904, ""val_accuracy"": 0.7103204131126404, ""val_cross_entropy"": 4.3678059577941895, ""val_balanced_accuracy"": 0.012534546665847301, ""test_cross_entropy"": 4.668441295623779, ""test_balanced_accuracy"": 0.012429318390786648}"
2026-04-14T04:55:14.788240,tpe,lcbench,168329,1,202,2.426520824432373,"{""OpenML_task_id"": ""167149"", ""batch_size"": 51, ""epoch"": 1, ""learning_rate"": 0.016790084606219117, ""max_dropout"": 0.9568913877735576, ""max_units"": 208, ""momentum"": 0.7550137009238385, ""num_layers"": 4, ""weight_decay"": 0.08907610286095453}","{""time"": 2.426520824432373, ""val_accuracy"": 0.69571453332901, ""val_cross_entropy"": 4.362178802490234, ""val_balanced_accuracy"": 0.012565209530293941, ""test_cross_entropy"": 4.668661117553711, ""test_balanced_accuracy"": 0.012457728385925293}"
2026-04-14T04:55:14.808791,tpe,lcbench,168329,1,203,8.49944019317627,"{""OpenML_task_id"": ""167149"", ""batch_size"": 53, ""epoch"": 2, ""learning_rate"": 0.0142198455038085, ""max_dropout"": 0.9593285858443495, ""max_units"": 198, ""momentum"": 0.7750570486618895, ""num_layers"": 4, ""weight_decay"": 0.08928232742838274}","{""time"": 8.49944019317627, ""val_accuracy"": 0.6439955234527588, ""val_cross_entropy"": 4.508351802825928, ""val_balanced_accuracy"": 0.011030138470232487, ""test_cross_entropy"": 4.657824993133545, ""test_balanced_accuracy"": 0.010994053445756435}"
2026-04-14T04:55:14.829327,tpe,lcbench,168329,1,204,2.492060899734497,"{""OpenML_task_id"": ""189865"", ""batch_size"": 50, ""epoch"": 1, ""learning_rate"": 0.016410623935596183, ""max_dropout"": 0.971036329708544, ""max_units"": 225, ""momentum"": 0.7437520421894656, ""num_layers"": 4, ""weight_decay"": 0.09370395078196807}","{""time"": 2.492060899734497, ""val_accuracy"": 0.691322922706604, ""val_cross_entropy"": 4.36320686340332, ""val_balanced_accuracy"": 0.012555770576000214, ""test_cross_entropy"": 4.669534683227539, ""test_balanced_accuracy"": 0.012449889443814754}"
2026-04-14T04:55:14.850364,tpe,lcbench,168329,1,205,103.04036712646484,"{""OpenML_task_id"": ""167149"", ""batch_size"": 48, ""epoch"": 15, ""learning_rate"": 0.017325121744231137, ""max_dropout"": 0.9726837357322006, ""max_units"": 207, ""momentum"": 0.7417122519277646, ""num_layers"": 4, ""weight_decay"": 0.09832246789053896}","{""time"": 103.04036712646484, ""val_accuracy"": 0.5056707262992859, ""val_cross_entropy"": 4.458856582641602, ""val_balanced_accuracy"": 0.009999074041843414, ""test_cross_entropy"": 4.653478622436523, ""test_balanced_accuracy"": 0.009925254620611668}"
2026-04-14T04:55:14.869909,tpe,lcbench,168329,1,206,10.684576034545898,"{""OpenML_task_id"": ""168331"", ""batch_size"": 32, ""epoch"": 2, ""learning_rate"": 0.018855917956990417, ""max_dropout"": 0.9499730166172492, ""max_units"": 213, ""momentum"": 0.80004646208819, ""num_layers"": 4, ""weight_decay"": 0.0927455178565788}","{""time"": 10.684576034545898, ""val_accuracy"": 0.49730148911476135, ""val_cross_entropy"": 4.486502170562744, ""val_balanced_accuracy"": 0.010904253460466862, ""test_cross_entropy"": 4.656284332275391, ""test_balanced_accuracy"": 0.010856770910322666}"
2026-04-14T04:55:14.889928,tpe,lcbench,168329,1,207,2.2117724418640137,"{""OpenML_task_id"": ""167149"", ""batch_size"": 67, ""epoch"": 1, ""learning_rate"": 0.015634384012573155, ""max_dropout"": 0.9767156621760635, ""max_units"": 179, ""momentum"": 0.7584235857582213, ""num_layers"": 4, ""weight_decay"": 0.09056697519856126}","{""time"": 2.2117724418640137, ""val_accuracy"": 0.703813374042511, ""val_cross_entropy"": 4.349530220031738, ""val_balanced_accuracy"": 0.012623438611626625, ""test_cross_entropy"": 4.6680426597595215, ""test_balanced_accuracy"": 0.012524174526333809}"
2026-04-14T04:55:14.911458,tpe,lcbench,168329,1,208,18.680469512939453,"{""OpenML_task_id"": ""167149"", ""batch_size"": 64, ""epoch"": 4, ""learning_rate"": 0.015970714669120395, ""max_dropout"": 0.9759440279771641, ""max_units"": 176, ""momentum"": 0.7547984802803963, ""num_layers"": 4, ""weight_decay"": 0.09034234106043805}","{""time"": 18.680469512939453, ""val_accuracy"": 0.5033161640167236, ""val_cross_entropy"": 4.480406284332275, ""val_balanced_accuracy"": 0.010580967180430889, ""test_cross_entropy"": 4.664253234863281, ""test_balanced_accuracy"": 0.010522862896323204}"
2026-04-14T04:55:14.931003,tpe,lcbench,168329,1,209,8.028109550476074,"{""OpenML_task_id"": ""189865"", ""batch_size"": 51, ""epoch"": 2, ""learning_rate"": 0.0127071730959364, ""max_dropout"": 0.9951548375431477, ""max_units"": 189, ""momentum"": 0.7175851929651687, ""num_layers"": 4, ""weight_decay"": 0.0952515055268953}","{""time"": 8.028109550476074, ""val_accuracy"": 0.7445471286773682, ""val_cross_entropy"": 4.489222049713135, ""val_balanced_accuracy"": 0.011160753667354584, ""test_cross_entropy"": 4.6599345207214355, ""test_balanced_accuracy"": 0.011155497282743454}"
2026-04-14T04:55:14.951016,tpe,lcbench,168329,1,210,2.411181688308716,"{""OpenML_task_id"": ""189862"", ""batch_size"": 68, ""epoch"": 1, ""learning_rate"": 0.014585136641824288, ""max_dropout"": 0.9633238876859259, ""max_units"": 214, ""momentum"": 0.7346689422059915, ""num_layers"": 4, ""weight_decay"": 0.08548083884433372}","{""time"": 2.411181688308716, ""val_accuracy"": 0.7299151420593262, ""val_cross_entropy"": 4.358499050140381, ""val_balanced_accuracy"": 0.012554405257105827, ""test_cross_entropy"": 4.665961742401123, ""test_balanced_accuracy"": 0.012452525086700916}"
2026-04-14T04:55:14.971868,tpe,lcbench,168329,1,211,2.4390711784362793,"{""OpenML_task_id"": ""167149"", ""batch_size"": 66, ""epoch"": 1, ""learning_rate"": 0.015206224037103158, ""max_dropout"": 0.9547983656976285, ""max_units"": 219, ""momentum"": 0.7300833908676556, ""num_layers"": 4, ""weight_decay"": 0.08641947113601986}","{""time"": 2.4390711784362793, ""val_accuracy"": 0.7253298163414001, ""val_cross_entropy"": 4.360416889190674, ""val_balanced_accuracy"": 0.012554812245070934, ""test_cross_entropy"": 4.666238784790039, ""test_balanced_accuracy"": 0.012454568408429623}"
2026-04-14T04:55:14.991416,tpe,lcbench,168329,1,212,8.412982940673828,"{""OpenML_task_id"": ""167149"", ""batch_size"": 68, ""epoch"": 2, ""learning_rate"": 0.01403959012246541, ""max_dropout"": 0.9632016297980462, ""max_units"": 218, ""momentum"": 0.7299097513425016, ""num_layers"": 4, ""weight_decay"": 0.08565487607390213}","{""time"": 8.412982940673828, ""val_accuracy"": 0.7352724671363831, ""val_cross_entropy"": 4.512754917144775, ""val_balanced_accuracy"": 0.011136597953736782, ""test_cross_entropy"": 4.655501842498779, ""test_balanced_accuracy"": 0.011108891107141972}"
2026-04-14T04:55:15.011671,tpe,lcbench,168329,1,213,14.135890007019043,"{""OpenML_task_id"": ""189862"", ""batch_size"": 68, ""epoch"": 3, ""learning_rate"": 0.01678865245729956, ""max_dropout"": 0.947616021437386, ""max_units"": 197, ""momentum"": 0.7519053102924865, ""num_layers"": 4, ""weight_decay"": 0.09332362317281553}","{""time"": 14.135890007019043, ""val_accuracy"": 0.5011005401611328, ""val_cross_entropy"": 4.5094194412231445, ""val_balanced_accuracy"": 0.010718094184994698, ""test_cross_entropy"": 4.661106586456299, ""test_balanced_accuracy"": 0.010657508857548237}"
2026-04-14T04:55:15.033680,tpe,lcbench,168329,1,214,2.4516212940216064,"{""OpenML_task_id"": ""167149"", ""batch_size"": 60, ""epoch"": 1, ""learning_rate"": 0.015364157208675988, ""max_dropout"": 0.9746512065426919, ""max_units"": 222, ""momentum"": 0.7719202709551836, ""num_layers"": 4, ""weight_decay"": 0.08847482011467661}","{""time"": 2.4516212940216064, ""val_accuracy"": 0.7059968113899231, ""val_cross_entropy"": 4.357901096343994, ""val_balanced_accuracy"": 0.01253705658018589, ""test_cross_entropy"": 4.665912628173828, ""test_balanced_accuracy"": 0.012425193563103676}"
2026-04-14T04:55:15.053725,tpe,lcbench,168329,1,215,2.4683549404144287,"{""OpenML_task_id"": ""167149"", ""batch_size"": 57, ""epoch"": 1, ""learning_rate"": 0.014866019468754765, ""max_dropout"": 0.9721255604890078, ""max_units"": 221, ""momentum"": 0.7672658868213529, ""num_layers"": 4, ""weight_decay"": 0.08857743325503377}","{""time"": 2.4683549404144287, ""val_accuracy"": 0.7110984921455383, ""val_cross_entropy"": 4.361876010894775, ""val_balanced_accuracy"": 0.012521929107606411, ""test_cross_entropy"": 4.666561603546143, ""test_balanced_accuracy"": 0.012411645613610744}"
2026-04-14T04:55:15.072745,tpe,lcbench,168329,1,216,8.592869758605957,"{""OpenML_task_id"": ""167149"", ""batch_size"": 57, ""epoch"": 2, ""learning_rate"": 0.015250759835681946, ""max_dropout"": 0.9992452071590303, ""max_units"": 224, ""momentum"": 0.7655311768802388, ""num_layers"": 4, ""weight_decay"": 0.0883159543173178}","{""time"": 8.592869758605957, ""val_accuracy"": 0.640740156173706, ""val_cross_entropy"": 4.485472202301025, ""val_balanced_accuracy"": 0.011062479577958584, ""test_cross_entropy"": 4.657734394073486, ""test_balanced_accuracy"": 0.011023638769984245}"
2026-04-14T04:55:15.092533,tpe,lcbench,168329,1,217,2.3261189460754395,"{""OpenML_task_id"": ""167149"", ""batch_size"": 47, ""epoch"": 1, ""learning_rate"": 0.011816216094569431, ""max_dropout"": 0.977258444514121, ""max_units"": 173, ""momentum"": 0.7871026223738776, ""num_layers"": 4, ""weight_decay"": 0.08457869524454874}","{""time"": 2.3261189460754395, ""val_accuracy"": 0.7475253939628601, ""val_cross_entropy"": 4.369316577911377, ""val_balanced_accuracy"": 0.012518012896180153, ""test_cross_entropy"": 4.66938591003418, ""test_balanced_accuracy"": 0.012411858886480331}"
2026-04-14T04:55:15.113555,tpe,lcbench,168329,1,218,2.3191466331481934,"{""OpenML_task_id"": ""167149"", ""batch_size"": 45, ""epoch"": 1, ""learning_rate"": 0.013135277370349226, ""max_dropout"": 0.9754602836632179, ""max_units"": 179, ""momentum"": 0.7768892082395379, ""num_layers"": 4, ""weight_decay"": 0.08379783377133007}","{""time"": 2.3191466331481934, ""val_accuracy"": 0.7411268949508667, ""val_cross_entropy"": 4.365854740142822, ""val_balanced_accuracy"": 0.012543084099888802, ""test_cross_entropy"": 4.669708728790283, ""test_balanced_accuracy"": 0.012433989904820919}"
2026-04-14T04:55:15.135093,tpe,lcbench,168329,1,219,13.511167526245117,"{""OpenML_task_id"": ""167149"", ""batch_size"": 41, ""epoch"": 3, ""learning_rate"": 0.010767975986630209, ""max_dropout"": 0.9787325331481882, ""max_units"": 182, ""momentum"": 0.8074873301551015, ""num_layers"": 4, ""weight_decay"": 0.08324198643031802}","{""time"": 13.511167526245117, ""val_accuracy"": 0.8539597392082214, ""val_cross_entropy"": 4.476918697357178, ""val_balanced_accuracy"": 0.010854451917111874, ""test_cross_entropy"": 4.658527851104736, ""test_balanced_accuracy"": 0.010824969038367271}"
2026-04-14T04:55:15.156610,tpe,lcbench,168329,1,220,7.692041873931885,"{""OpenML_task_id"": ""167149"", ""batch_size"": 66, ""epoch"": 2, ""learning_rate"": 0.018059615498604353, ""max_dropout"": 0.978648147228263, ""max_units"": 165, ""momentum"": 0.7780657416976272, ""num_layers"": 4, ""weight_decay"": 0.08524385877469869}","{""time"": 7.692041873931885, ""val_accuracy"": 0.5504699349403381, ""val_cross_entropy"": 4.487386703491211, ""val_balanced_accuracy"": 0.011100905016064644, ""test_cross_entropy"": 4.657709121704102, ""test_balanced_accuracy"": 0.011048498563468456}"
2026-04-14T04:55:15.179655,tpe,lcbench,168329,1,221,2.5241339206695557,"{""OpenML_task_id"": ""167149"", ""batch_size"": 48, ""epoch"": 1, ""learning_rate"": 0.013424340884967712, ""max_dropout"": 0.9574037504367009, ""max_units"": 209, ""momentum"": 0.7817558755543648, ""num_layers"": 4, ""weight_decay"": 0.0908266074829591}","{""time"": 2.5241339206695557, ""val_accuracy"": 0.7121789455413818, ""val_cross_entropy"": 4.375915050506592, ""val_balanced_accuracy"": 0.012502169236540794, ""test_cross_entropy"": 4.669211387634277, ""test_balanced_accuracy"": 0.012395510450005531}"
2026-04-14T04:55:15.200179,tpe,lcbench,168329,1,222,2.433493137359619,"{""OpenML_task_id"": ""167149"", ""batch_size"": 46, ""epoch"": 1, ""learning_rate"": 0.014992760234264331, ""max_dropout"": 0.960257927531713, ""max_units"": 197, ""momentum"": 0.7868476721089558, ""num_layers"": 4, ""weight_decay"": 0.08617230556674588}","{""time"": 2.433493137359619, ""val_accuracy"": 0.7092509269714355, ""val_cross_entropy"": 4.36733341217041, ""val_balanced_accuracy"": 0.012540453113615513, ""test_cross_entropy"": 4.668699741363525, ""test_balanced_accuracy"": 0.012426710687577724}"
2026-04-14T04:55:15.219520,tpe,lcbench,168329,1,223,9.047467231750488,"{""OpenML_task_id"": ""167149"", ""batch_size"": 42, ""epoch"": 2, ""learning_rate"": 0.015080540610954487, ""max_dropout"": 0.9619536954253767, ""max_units"": 196, ""momentum"": 0.8156850999104174, ""num_layers"": 4, ""weight_decay"": 0.08656275380626262}","{""time"": 9.047467231750488, ""val_accuracy"": 0.5797598958015442, ""val_cross_entropy"": 4.504450798034668, ""val_balanced_accuracy"": 0.010909536853432655, ""test_cross_entropy"": 4.657431602478027, ""test_balanced_accuracy"": 0.010859069414436817}"
2026-04-14T04:55:15.239534,tpe,lcbench,168329,1,224,2.3149633407592773,"{""OpenML_task_id"": ""167149"", ""batch_size"": 51, ""epoch"": 1, ""learning_rate"": 0.012047050106397738, ""max_dropout"": 0.9770241367368325, ""max_units"": 175, ""momentum"": 0.7858007653360676, ""num_layers"": 4, ""weight_decay"": 0.08397306744001085}","{""time"": 2.3149633407592773, ""val_accuracy"": 0.7459757328033447, ""val_cross_entropy"": 4.366646766662598, ""val_balanced_accuracy"": 0.012517224997282028, ""test_cross_entropy"": 4.668261528015137, ""test_balanced_accuracy"": 0.012409964576363564}"
2026-04-14T04:55:15.259737,tpe,lcbench,168329,1,225,7.643235206604004,"{""OpenML_task_id"": ""167149"", ""batch_size"": 56, ""epoch"": 2, ""learning_rate"": 0.013018934575263048, ""max_dropout"": 0.9826504758837289, ""max_units"": 167, ""momentum"": 0.7916319601399503, ""num_layers"": 4, ""weight_decay"": 0.08358083650623813}","{""time"": 7.643235206604004, ""val_accuracy"": 0.7229913473129272, ""val_cross_entropy"": 4.489966869354248, ""val_balanced_accuracy"": 0.011130035854876041, ""test_cross_entropy"": 4.65670919418335, ""test_balanced_accuracy"": 0.011097962968051434}"
2026-04-14T04:55:15.294135,tpe,lcbench,168329,1,226,2.4683549404144287,"{""OpenML_task_id"": ""167149"", ""batch_size"": 36, ""epoch"": 1, ""learning_rate"": 0.011290487602144973, ""max_dropout"": 0.9599192905255597, ""max_units"": 183, ""momentum"": 0.779401652617594, ""num_layers"": 4, ""weight_decay"": 0.08853380236409958}","{""time"": 2.4683549404144287, ""val_accuracy"": 0.7437608242034912, ""val_cross_entropy"": 4.387014865875244, ""val_balanced_accuracy"": 0.012474586255848408, ""test_cross_entropy"": 4.672815322875977, ""test_balanced_accuracy"": 0.012374580837786198}"
2026-04-14T04:55:15.318661,tpe,lcbench,168329,1,227,14.94189453125,"{""OpenML_task_id"": ""167149"", ""batch_size"": 32, ""epoch"": 3, ""learning_rate"": 0.010767001712185635, ""max_dropout"": 0.955778144110153, ""max_units"": 182, ""momentum"": 0.7729928934089313, ""num_layers"": 4, ""weight_decay"": 0.09192880233916803}","{""time"": 14.94189453125, ""val_accuracy"": 0.8141673803329468, ""val_cross_entropy"": 4.498611927032471, ""val_balanced_accuracy"": 0.010741445235908031, ""test_cross_entropy"": 4.660083293914795, ""test_balanced_accuracy"": 0.010717583820223808}"
2026-04-14T04:55:15.341181,tpe,lcbench,168329,1,228,2.493455410003662,"{""OpenML_task_id"": ""167149"", ""batch_size"": 36, ""epoch"": 1, ""learning_rate"": 0.01562545698318715, ""max_dropout"": 0.9990691882407984, ""max_units"": 211, ""momentum"": 0.8406434625258763, ""num_layers"": 4, ""weight_decay"": 0.0823307657275118}","{""time"": 2.493455410003662, ""val_accuracy"": 0.6902056336402893, ""val_cross_entropy"": 4.360301494598389, ""val_balanced_accuracy"": 0.012466594576835632, ""test_cross_entropy"": 4.6673359870910645, ""test_balanced_accuracy"": 0.01232626661658287}"
2026-04-14T04:55:15.362627,tpe,lcbench,168329,1,229,16.913677215576172,"{""OpenML_task_id"": ""167149"", ""batch_size"": 36, ""epoch"": 4, ""learning_rate"": 0.0070026710904294515, ""max_dropout"": 0.9967165036814498, ""max_units"": 165, ""momentum"": 0.752958451928562, ""num_layers"": 4, ""weight_decay"": 0.08210216250879097}","{""time"": 16.913677215576172, ""val_accuracy"": 1.3745293617248535, ""val_cross_entropy"": 4.447581768035889, ""val_balanced_accuracy"": 0.010977876372635365, ""test_cross_entropy"": 4.6592535972595215, ""test_balanced_accuracy"": 0.011003347113728523}"
2026-04-14T04:55:15.383646,tpe,lcbench,168329,1,230,337.004638671875,"{""OpenML_task_id"": ""167149"", ""batch_size"": 37, ""epoch"": 52, ""learning_rate"": 0.0152905874018699, ""max_dropout"": 0.9728962434857128, ""max_units"": 193, ""momentum"": 0.8349914212967307, ""num_layers"": 4, ""weight_decay"": 0.08214676343418975}","{""time"": 337.004638671875, ""val_accuracy"": 3.359070301055908, ""val_cross_entropy"": 4.358928680419922, ""val_balanced_accuracy"": 0.011094069108366966, ""test_cross_entropy"": 4.628811359405518, ""test_balanced_accuracy"": 0.011149902828037739}"
2026-04-14T04:55:15.406263,tpe,lcbench,168329,1,231,2.5129780769348145,"{""OpenML_task_id"": ""167149"", ""batch_size"": 46, ""epoch"": 1, ""learning_rate"": 0.011992140236361491, ""max_dropout"": 0.9567079519342414, ""max_units"": 201, ""momentum"": 0.7926140569769348, ""num_layers"": 4, ""weight_decay"": 0.08786313675901442}","{""time"": 2.5129780769348145, ""val_accuracy"": 0.7333983778953552, ""val_cross_entropy"": 4.380380630493164, ""val_balanced_accuracy"": 0.012477441690862179, ""test_cross_entropy"": 4.669215202331543, ""test_balanced_accuracy"": 0.01237115915864706}"
2026-04-14T04:55:15.428381,tpe,lcbench,168329,1,232,2.5840959548950195,"{""OpenML_task_id"": ""167149"", ""batch_size"": 45, ""epoch"": 1, ""learning_rate"": 0.01710303716934005, ""max_dropout"": 0.9481292931550297, ""max_units"": 213, ""momentum"": 0.8325009840561511, ""num_layers"": 4, ""weight_decay"": 0.08752472455004623}","{""time"": 2.5840959548950195, ""val_accuracy"": 0.6627964973449707, ""val_cross_entropy"": 4.367400169372559, ""val_balanced_accuracy"": 0.012499189004302025, ""test_cross_entropy"": 4.666929244995117, ""test_balanced_accuracy"": 0.012380625121295452}"
2026-04-14T04:55:15.452394,tpe,lcbench,168329,1,233,2.3261189460754395,"{""OpenML_task_id"": ""189862"", ""batch_size"": 59, ""epoch"": 1, ""learning_rate"": 0.011441556257384454, ""max_dropout"": 0.9993460465256989, ""max_units"": 183, ""momentum"": 0.788226258857579, ""num_layers"": 4, ""weight_decay"": 0.08512991428777278}","{""time"": 2.3261189460754395, ""val_accuracy"": 0.7454167604446411, ""val_cross_entropy"": 4.360569953918457, ""val_balanced_accuracy"": 0.01252625323832035, ""test_cross_entropy"": 4.667315483093262, ""test_balanced_accuracy"": 0.012416736222803593}"
2026-04-14T04:55:15.472911,tpe,lcbench,168329,1,234,7.767343044281006,"{""OpenML_task_id"": ""167149"", ""batch_size"": 64, ""epoch"": 2, ""learning_rate"": 0.015799716808688472, ""max_dropout"": 0.9781552155470581, ""max_units"": 176, ""momentum"": 0.7625984204044671, ""num_layers"": 4, ""weight_decay"": 0.08524685976792722}","{""time"": 7.767343044281006, ""val_accuracy"": 0.6135351061820984, ""val_cross_entropy"": 4.497186660766602, ""val_balanced_accuracy"": 0.011107005178928375, ""test_cross_entropy"": 4.658348560333252, ""test_balanced_accuracy"": 0.011060222052037716}"
2026-04-14T04:55:15.495435,tpe,lcbench,168329,1,235,2.2006165981292725,"{""OpenML_task_id"": ""189862"", ""batch_size"": 56, ""epoch"": 1, ""learning_rate"": 0.0111849163624515, ""max_dropout"": 0.9993692335863357, ""max_units"": 156, ""momentum"": 0.7473248654048408, ""num_layers"": 4, ""weight_decay"": 0.08448576686282042}","{""time"": 2.2006165981292725, ""val_accuracy"": 0.7542970180511475, ""val_cross_entropy"": 4.359581470489502, ""val_balanced_accuracy"": 0.012542127631604671, ""test_cross_entropy"": 4.6697001457214355, ""test_balanced_accuracy"": 0.012443503364920616}"
2026-04-14T04:55:15.517959,tpe,lcbench,168329,1,236,11.736006736755371,"{""OpenML_task_id"": ""189862"", ""batch_size"": 60, ""epoch"": 3, ""learning_rate"": 0.010297966133682234, ""max_dropout"": 0.9325777556879078, ""max_units"": 155, ""momentum"": 0.7379921268680664, ""num_layers"": 4, ""weight_decay"": 0.08458868477440515}","{""time"": 11.736006736755371, ""val_accuracy"": 0.8954406976699829, ""val_cross_entropy"": 4.502851963043213, ""val_balanced_accuracy"": 0.011005781590938568, ""test_cross_entropy"": 4.65846061706543, ""test_balanced_accuracy"": 0.011000702157616615}"
2026-04-14T04:55:15.538481,tpe,lcbench,168329,1,237,7.452192783355713,"{""OpenML_task_id"": ""189862"", ""batch_size"": 71, ""epoch"": 2, ""learning_rate"": 0.011854171547229123, ""max_dropout"": 0.9697711861138265, ""max_units"": 152, ""momentum"": 0.7637799623606373, ""num_layers"": 4, ""weight_decay"": 0.08761532948758734}","{""time"": 7.452192783355713, ""val_accuracy"": 0.720062792301178, ""val_cross_entropy"": 4.512594699859619, ""val_balanced_accuracy"": 0.011147924698889256, ""test_cross_entropy"": 4.656188488006592, ""test_balanced_accuracy"": 0.011120995506644249}"
2026-04-14T04:55:15.561016,tpe,lcbench,168329,1,238,2.7221486568450928,"{""OpenML_task_id"": ""189862"", ""batch_size"": 57, ""epoch"": 1, ""learning_rate"": 0.006910370594679069, ""max_dropout"": 0.931416595250356, ""max_units"": 178, ""momentum"": 0.7999253835614645, ""num_layers"": 4, ""weight_decay"": 0.07983347160858695}","{""time"": 2.7221486568450928, ""val_accuracy"": 0.765984058380127, ""val_cross_entropy"": 4.412409782409668, ""val_balanced_accuracy"": 0.012246753089129925, ""test_cross_entropy"": 4.665133953094482, ""test_balanced_accuracy"": 0.012160513550043106}"
2026-04-14T04:55:15.583540,tpe,lcbench,168329,1,239,13.670137405395508,"{""OpenML_task_id"": ""189873"", ""batch_size"": 51, ""epoch"": 3, ""learning_rate"": 0.01888262443096697, ""max_dropout"": 0.9996217333386641, ""max_units"": 187, ""momentum"": 0.7450248648765716, ""num_layers"": 4, ""weight_decay"": 0.08465612813586129}","{""time"": 13.670137405395508, ""val_accuracy"": 0.5219235420227051, ""val_cross_entropy"": 4.4687933921813965, ""val_balanced_accuracy"": 0.0107640465721488, ""test_cross_entropy"": 4.660604953765869, ""test_balanced_accuracy"": 0.01069593708962202}"
2026-04-14T04:55:15.605561,tpe,lcbench,168329,1,240,8.38090991973877,"{""OpenML_task_id"": ""168335"", ""batch_size"": 79, ""epoch"": 2, ""learning_rate"": 0.014559819591714821, ""max_dropout"": 0.9672067369301038, ""max_units"": 223, ""momentum"": 0.7038145731958843, ""num_layers"": 4, ""weight_decay"": 0.0894263019243452}","{""time"": 8.38090991973877, ""val_accuracy"": 0.7017397284507751, ""val_cross_entropy"": 4.51711893081665, ""val_balanced_accuracy"": 0.011161179281771183, ""test_cross_entropy"": 4.656679630279541, ""test_balanced_accuracy"": 0.011136704124510288}"
2026-04-14T04:55:15.627578,tpe,lcbench,168329,1,241,2.4042093753814697,"{""OpenML_task_id"": ""189862"", ""batch_size"": 37, ""epoch"": 1, ""learning_rate"": 0.016811133367085496, ""max_dropout"": 0.9955630190754904, ""max_units"": 207, ""momentum"": 0.783664342823464, ""num_layers"": 4, ""weight_decay"": 0.08190378162605548}","{""time"": 2.4042093753814697, ""val_accuracy"": 0.706123411655426, ""val_cross_entropy"": 4.355225563049316, ""val_balanced_accuracy"": 0.01254669763147831, ""test_cross_entropy"": 4.668548583984375, ""test_balanced_accuracy"": 0.012415220960974693}"
2026-04-14T04:55:15.652657,tpe,lcbench,168329,1,242,2.2828903198242188,"{""OpenML_task_id"": ""189862"", ""batch_size"": 53, ""epoch"": 1, ""learning_rate"": 0.017313667665320505, ""max_dropout"": 0.980396472604595, ""max_units"": 195, ""momentum"": 0.7795300789536704, ""num_layers"": 4, ""weight_decay"": 0.08065880075583026}","{""time"": 2.2828903198242188, ""val_accuracy"": 0.7099682688713074, ""val_cross_entropy"": 4.347660064697266, ""val_balanced_accuracy"": 0.01258194912225008, ""test_cross_entropy"": 4.665907382965088, ""test_balanced_accuracy"": 0.012458226643502712}"
2026-04-14T04:55:15.676181,tpe,lcbench,168329,1,243,11.94517707824707,"{""OpenML_task_id"": ""189866"", ""batch_size"": 59, ""epoch"": 2, ""learning_rate"": 0.012076481715447753, ""max_dropout"": 0.13247487274553627, ""max_units"": 196, ""momentum"": 0.7837782327519174, ""num_layers"": 4, ""weight_decay"": 0.08036190037603667}","{""time"": 11.94517707824707, ""val_accuracy"": 0.8961566090583801, ""val_cross_entropy"": 4.479681015014648, ""val_balanced_accuracy"": 0.010538671165704727, ""test_cross_entropy"": 4.651014804840088, ""test_balanced_accuracy"": 0.010492820292711258}"
2026-04-14T04:55:15.698555,tpe,lcbench,168329,1,244,2.2591843605041504,"{""OpenML_task_id"": ""189862"", ""batch_size"": 41, ""epoch"": 1, ""learning_rate"": 0.019320862577620584, ""max_dropout"": 0.9493595018592902, ""max_units"": 166, ""momentum"": 0.771348187106868, ""num_layers"": 4, ""weight_decay"": 0.08424821383147695}","{""time"": 2.2591843605041504, ""val_accuracy"": 0.678261935710907, ""val_cross_entropy"": 4.353697299957275, ""val_balanced_accuracy"": 0.012633169069886208, ""test_cross_entropy"": 4.669764995574951, ""test_balanced_accuracy"": 0.01251994725316763}"
2026-04-14T04:55:15.720565,tpe,lcbench,168329,1,245,2.307990789413452,"{""OpenML_task_id"": ""189862"", ""batch_size"": 35, ""epoch"": 1, ""learning_rate"": 0.02011701415810727, ""max_dropout"": 0.9484014418497427, ""max_units"": 162, ""momentum"": 0.7750399792843287, ""num_layers"": 4, ""weight_decay"": 0.08304404061718952}","{""time"": 2.307990789413452, ""val_accuracy"": 0.6700467467308044, ""val_cross_entropy"": 4.349186420440674, ""val_balanced_accuracy"": 0.01264804508537054, ""test_cross_entropy"": 4.669461250305176, ""test_balanced_accuracy"": 0.012535669840872288}"
2026-04-14T04:55:15.744086,tpe,lcbench,168329,1,246,7.471715450286865,"{""OpenML_task_id"": ""189862"", ""batch_size"": 69, ""epoch"": 2, ""learning_rate"": 0.01988201926269228, ""max_dropout"": 0.9835386032279891, ""max_units"": 158, ""momentum"": 0.7662349632231645, ""num_layers"": 4, ""weight_decay"": 0.08392966423212771}","{""time"": 7.471715450286865, ""val_accuracy"": 0.5467771291732788, ""val_cross_entropy"": 4.476943492889404, ""val_balanced_accuracy"": 0.011150774545967579, ""test_cross_entropy"": 4.65712833404541, ""test_balanced_accuracy"": 0.01110101118683815}"
2026-04-14T04:55:15.768938,tpe,lcbench,168329,1,247,15.69630241394043,"{""OpenML_task_id"": ""189862"", ""batch_size"": 33, ""epoch"": 3, ""learning_rate"": 0.016830561912684942, ""max_dropout"": 0.9463953015905089, ""max_units"": 168, ""momentum"": 0.7982686008867865, ""num_layers"": 4, ""weight_decay"": 0.08290217052857979}","{""time"": 15.69630241394043, ""val_accuracy"": 0.49173280596733093, ""val_cross_entropy"": 4.489141941070557, ""val_balanced_accuracy"": 0.010589487850666046, ""test_cross_entropy"": 4.658935546875, ""test_balanced_accuracy"": 0.010525232180953026}"
2026-04-14T04:55:15.791454,tpe,lcbench,168329,1,248,2.0681419372558594,"{""OpenML_task_id"": ""189862"", ""batch_size"": 64, ""epoch"": 1, ""learning_rate"": 0.019462774347998188, ""max_dropout"": 0.9818403866429756, ""max_units"": 149, ""momentum"": 0.8138838684296067, ""num_layers"": 4, ""weight_decay"": 0.08584826730334505}","{""time"": 2.0681419372558594, ""val_accuracy"": 0.6605903506278992, ""val_cross_entropy"": 4.334264755249023, ""val_balanced_accuracy"": 0.012650626711547375, ""test_cross_entropy"": 4.664093017578125, ""test_balanced_accuracy"": 0.012525058351457119}"
2026-04-14T04:55:15.815975,tpe,lcbench,168329,1,249,2.0918478965759277,"{""OpenML_task_id"": ""189862"", ""batch_size"": 69, ""epoch"": 1, ""learning_rate"": 0.019610525933091857, ""max_dropout"": 0.9467013428852926, ""max_units"": 141, ""momentum"": 0.8075916277239411, ""num_layers"": 4, ""weight_decay"": 0.08621063433220945}","{""time"": 2.0918478965759277, ""val_accuracy"": 0.6590511798858643, ""val_cross_entropy"": 4.341693878173828, ""val_balanced_accuracy"": 0.012641050852835178, ""test_cross_entropy"": 4.663639545440674, ""test_balanced_accuracy"": 0.012525847181677818}"
2026-04-14T04:55:15.837133,tpe,lcbench,168329,1,250,6.898588180541992,"{""OpenML_task_id"": ""189862"", ""batch_size"": 78, ""epoch"": 2, ""learning_rate"": 0.02023277311429929, ""max_dropout"": 0.9991479892902211, ""max_units"": 128, ""momentum"": 0.8119468540202303, ""num_layers"": 4, ""weight_decay"": 0.0857080802761141}","{""time"": 6.898588180541992, ""val_accuracy"": 0.5280566215515137, ""val_cross_entropy"": 4.45481538772583, ""val_balanced_accuracy"": 0.011207706294953823, ""test_cross_entropy"": 4.654722213745117, ""test_balanced_accuracy"": 0.011165842413902283}"
2026-04-14T04:55:15.858222,tpe,lcbench,168329,1,251,12.645201683044434,"{""OpenML_task_id"": ""189862"", ""batch_size"": 68, ""epoch"": 3, ""learning_rate"": 0.017678476137568247, ""max_dropout"": 0.9325675863948302, ""max_units"": 151, ""momentum"": 0.820049651290536, ""num_layers"": 4, ""weight_decay"": 0.08195953912809405}","{""time"": 12.645201683044434, ""val_accuracy"": 0.5054335594177246, ""val_cross_entropy"": 4.483384132385254, ""val_balanced_accuracy"": 0.010794351808726788, ""test_cross_entropy"": 4.658227443695068, ""test_balanced_accuracy"": 0.01073982659727335}"
2026-04-14T04:55:15.883542,tpe,lcbench,168329,1,252,1.8338708877563477,"{""OpenML_task_id"": ""189862"", ""batch_size"": 240, ""epoch"": 1, ""learning_rate"": 0.018534031394042333, ""max_dropout"": 0.9434275255201677, ""max_units"": 145, ""momentum"": 0.7887918628487424, ""num_layers"": 4, ""weight_decay"": 0.08587231683244569}","{""time"": 1.8338708877563477, ""val_accuracy"": 0.701655387878418, ""val_cross_entropy"": 4.40521240234375, ""val_balanced_accuracy"": 0.012369578704237938, ""test_cross_entropy"": 4.660027980804443, ""test_balanced_accuracy"": 0.012313365936279297}"
2026-04-14T04:55:15.906644,tpe,lcbench,168329,1,253,56.239139556884766,"{""OpenML_task_id"": ""189862"", ""batch_size"": 241, ""epoch"": 17, ""learning_rate"": 0.01747297592289355, ""max_dropout"": 0.9545049209801212, ""max_units"": 142, ""momentum"": 0.7909699486205376, ""num_layers"": 4, ""weight_decay"": 0.08098826821549393}","{""time"": 56.239139556884766, ""val_accuracy"": 0.7682827115058899, ""val_cross_entropy"": 4.53070068359375, ""val_balanced_accuracy"": 0.009790592826902866, ""test_cross_entropy"": 4.653834342956543, ""test_balanced_accuracy"": 0.009773819707334042}"
2026-04-14T04:55:15.927679,tpe,lcbench,168329,1,254,2.2089834213256836,"{""OpenML_task_id"": ""189862"", ""batch_size"": 42, ""epoch"": 1, ""learning_rate"": 0.014270821838755453, ""max_dropout"": 0.977054894826913, ""max_units"": 152, ""momentum"": 0.8138102327255777, ""num_layers"": 4, ""weight_decay"": 0.0839567670725471}","{""time"": 2.2089834213256836, ""val_accuracy"": 0.7108327150344849, ""val_cross_entropy"": 4.361085891723633, ""val_balanced_accuracy"": 0.012558452785015106, ""test_cross_entropy"": 4.668966293334961, ""test_balanced_accuracy"": 0.012440632097423077}"
2026-04-14T04:55:15.953206,tpe,lcbench,168329,1,255,6.975284099578857,"{""OpenML_task_id"": ""189862"", ""batch_size"": 371, ""epoch"": 2, ""learning_rate"": 0.013193831495238766, ""max_dropout"": 0.9827956418334429, ""max_units"": 154, ""momentum"": 0.8054091997518059, ""num_layers"": 4, ""weight_decay"": 0.08601364752084695}","{""time"": 6.975284099578857, ""val_accuracy"": 0.8408036828041077, ""val_cross_entropy"": 4.582255840301514, ""val_balanced_accuracy"": 0.013105534948408604, ""test_cross_entropy"": 4.638066291809082, ""test_balanced_accuracy"": 0.013194020837545395}"
2026-04-14T04:55:15.976617,tpe,lcbench,168329,1,256,13.367536544799805,"{""OpenML_task_id"": ""189862"", ""batch_size"": 31, ""epoch"": 3, ""learning_rate"": 0.01044008260098837, ""max_dropout"": 0.9538813527152086, ""max_units"": 137, ""momentum"": 0.8284249009686148, ""num_layers"": 4, ""weight_decay"": 0.0839957376985549}","{""time"": 13.367536544799805, ""val_accuracy"": 0.793973445892334, ""val_cross_entropy"": 4.490793228149414, ""val_balanced_accuracy"": 0.010731902904808521, ""test_cross_entropy"": 4.657628536224365, ""test_balanced_accuracy"": 0.010699507780373096}"
2026-04-14T04:55:15.998159,tpe,lcbench,168329,1,257,2.5576012134552,"{""OpenML_task_id"": ""189862"", ""batch_size"": 45, ""epoch"": 1, ""learning_rate"": 0.008479342596440325, ""max_dropout"": 0.9303188797408232, ""max_units"": 172, ""momentum"": 0.8109558062103783, ""num_layers"": 4, ""weight_decay"": 0.08357864638105204}","{""time"": 2.5576012134552, ""val_accuracy"": 0.7614406943321228, ""val_cross_entropy"": 4.4039082527160645, ""val_balanced_accuracy"": 0.012341346591711044, ""test_cross_entropy"": 4.668781757354736, ""test_balanced_accuracy"": 0.012246333062648773}"
2026-04-14T04:55:16.021715,tpe,lcbench,168329,1,258,13.798428535461426,"{""OpenML_task_id"": ""189862"", ""batch_size"": 39, ""epoch"": 3, ""learning_rate"": 0.014549780184212168, ""max_dropout"": 0.9828547274197011, ""max_units"": 156, ""momentum"": 0.8521254961686687, ""num_layers"": 4, ""weight_decay"": 0.08069037757047795}","{""time"": 13.798428535461426, ""val_accuracy"": 0.5330678820610046, ""val_cross_entropy"": 4.466811180114746, ""val_balanced_accuracy"": 0.010654379613697529, ""test_cross_entropy"": 4.658985137939453, ""test_balanced_accuracy"": 0.010594234801828861}"
2026-04-14T04:55:16.043774,tpe,lcbench,168329,1,259,11.546358108520508,"{""OpenML_task_id"": ""189862"", ""batch_size"": 292, ""epoch"": 4, ""learning_rate"": 0.017535323878307835, ""max_dropout"": 0.9991465067324875, ""max_units"": 139, ""momentum"": 0.7919916118740404, ""num_layers"": 4, ""weight_decay"": 0.08460791375826937}","{""time"": 11.546358108520508, ""val_accuracy"": 0.8217621445655823, ""val_cross_entropy"": 4.5351996421813965, ""val_balanced_accuracy"": 0.010817497037351131, ""test_cross_entropy"": 4.648181438446045, ""test_balanced_accuracy"": 0.010812216438353062}"
2026-04-14T04:55:16.069371,tpe,lcbench,168329,1,260,2.096031427383423,"{""OpenML_task_id"": ""167181"", ""batch_size"": 80, ""epoch"": 1, ""learning_rate"": 0.020362863130320263, ""max_dropout"": 0.9483349756998247, ""max_units"": 170, ""momentum"": 0.7464303897306995, ""num_layers"": 4, ""weight_decay"": 0.07918757424309636}","{""time"": 2.096031427383423, ""val_accuracy"": 0.7061557173728943, ""val_cross_entropy"": 4.336183071136475, ""val_balanced_accuracy"": 0.012676713056862354, ""test_cross_entropy"": 4.664895057678223, ""test_balanced_accuracy"": 0.012569787912070751}"
2026-04-14T04:55:16.095441,tpe,lcbench,168329,1,261,276.89599609375,"{""OpenML_task_id"": ""189862"", ""batch_size"": 81, ""epoch"": 48, ""learning_rate"": 0.020274723004931886, ""max_dropout"": 0.9241758907541305, ""max_units"": 178, ""momentum"": 0.7390677086292101, ""num_layers"": 4, ""weight_decay"": 0.07816961354290411}","{""time"": 276.89599609375, ""val_accuracy"": 2.5873100757598877, ""val_cross_entropy"": 4.373246192932129, ""val_balanced_accuracy"": 0.01126325223594904, ""test_cross_entropy"": 4.635883331298828, ""test_balanced_accuracy"": 0.011245456524193287}"
2026-04-14T04:55:16.119956,tpe,lcbench,168329,1,262,7.408964157104492,"{""OpenML_task_id"": ""167181"", ""batch_size"": 87, ""epoch"": 2, ""learning_rate"": 0.01830102308740952, ""max_dropout"": 0.9472910778680325, ""max_units"": 163, ""momentum"": 0.7810583406165861, ""num_layers"": 4, ""weight_decay"": 0.08166882020799154}","{""time"": 7.408964157104492, ""val_accuracy"": 0.5675809383392334, ""val_cross_entropy"": 4.511722087860107, ""val_balanced_accuracy"": 0.011112811043858528, ""test_cross_entropy"": 4.656574249267578, ""test_balanced_accuracy"": 0.011061804369091988}"
2026-04-14T04:55:16.144502,tpe,lcbench,168329,1,263,7.000384330749512,"{""OpenML_task_id"": ""189862"", ""batch_size"": 73, ""epoch"": 2, ""learning_rate"": 0.020794238098356004, ""max_dropout"": 0.9729888508127791, ""max_units"": 136, ""momentum"": 0.753526376487047, ""num_layers"": 4, ""weight_decay"": 0.07878493904684834}","{""time"": 7.000384330749512, ""val_accuracy"": 0.5654641389846802, ""val_cross_entropy"": 4.481888294219971, ""val_balanced_accuracy"": 0.011197984218597412, ""test_cross_entropy"": 4.655527114868164, ""test_balanced_accuracy"": 0.011145415715873241}"
2026-04-14T04:55:16.169765,tpe,lcbench,168329,1,264,2.347036123275757,"{""OpenML_task_id"": ""189862"", ""batch_size"": 65, ""epoch"": 1, ""learning_rate"": 0.012619223742778145, ""max_dropout"": 0.9619316441406521, ""max_units"": 182, ""momentum"": 0.8163704327013908, ""num_layers"": 4, ""weight_decay"": 0.0756747939008174}","{""time"": 2.347036123275757, ""val_accuracy"": 0.7559634447097778, ""val_cross_entropy"": 4.3626322746276855, ""val_balanced_accuracy"": 0.012501859106123447, ""test_cross_entropy"": 4.663073539733887, ""test_balanced_accuracy"": 0.012382962740957737}"
2026-04-14T04:55:16.191315,tpe,lcbench,168329,1,265,2.239661931991577,"{""OpenML_task_id"": ""167181"", ""batch_size"": 85, ""epoch"": 1, ""learning_rate"": 0.012705084132868338, ""max_dropout"": 0.9795350435243744, ""max_units"": 172, ""momentum"": 0.8259498698087303, ""num_layers"": 4, ""weight_decay"": 0.08025217336625753}","{""time"": 2.239661931991577, ""val_accuracy"": 0.7362421154975891, ""val_cross_entropy"": 4.350012302398682, ""val_balanced_accuracy"": 0.012575759552419186, ""test_cross_entropy"": 4.663093566894531, ""test_balanced_accuracy"": 0.012462885119020939}"
2026-04-14T04:55:16.215837,tpe,lcbench,168329,1,266,16.245723724365234,"{""OpenML_task_id"": ""189862"", ""batch_size"": 87, ""epoch"": 4, ""learning_rate"": 0.0040289288769693316, ""max_dropout"": 0.9869744848203476, ""max_units"": 167, ""momentum"": 0.8631642796910317, ""num_layers"": 4, ""weight_decay"": 0.07601808868709899}","{""time"": 16.245723724365234, ""val_accuracy"": 1.485829472541809, ""val_cross_entropy"": 4.477258682250977, ""val_balanced_accuracy"": 0.011053494177758694, ""test_cross_entropy"": 4.650231838226318, ""test_balanced_accuracy"": 0.01107352040708065}"
2026-04-14T04:55:16.241457,tpe,lcbench,168329,1,267,6.849781513214111,"{""OpenML_task_id"": ""167181"", ""batch_size"": 177, ""epoch"": 2, ""learning_rate"": 0.012215531446634207, ""max_dropout"": 0.9795403115303265, ""max_units"": 149, ""momentum"": 0.8230129293970417, ""num_layers"": 4, ""weight_decay"": 0.08045928752538047}","{""time"": 6.849781513214111, ""val_accuracy"": 0.7671639919281006, ""val_cross_entropy"": 4.5276384353637695, ""val_balanced_accuracy"": 0.01116358581930399, ""test_cross_entropy"": 4.646828651428223, ""test_balanced_accuracy"": 0.011149647645652294}"
2026-04-14T04:55:16.267071,tpe,lcbench,168329,1,268,5.1638665199279785,"{""OpenML_task_id"": ""167181"", ""batch_size"": 81, ""epoch"": 1, ""learning_rate"": 0.007518829934130827, ""max_dropout"": 0.9230457897796762, ""max_units"": 833, ""momentum"": 0.8465140791850314, ""num_layers"": 4, ""weight_decay"": 0.07897278887926516}","{""time"": 5.1638665199279785, ""val_accuracy"": 0.8673728704452515, ""val_cross_entropy"": 4.366977691650391, ""val_balanced_accuracy"": 0.012169214896857738, ""test_cross_entropy"": 4.635136604309082, ""test_balanced_accuracy"": 0.0120235625654459}"
2026-04-14T04:55:16.291092,tpe,lcbench,168329,1,269,9.976184844970703,"{""OpenML_task_id"": ""167181"", ""batch_size"": 337, ""epoch"": 3, ""learning_rate"": 0.009757778247504753, ""max_dropout"": 0.9390573057569516, ""max_units"": 124, ""momentum"": 0.812851244784303, ""num_layers"": 4, ""weight_decay"": 0.08237041972360261}","{""time"": 9.976184844970703, ""val_accuracy"": 0.9989153146743774, ""val_cross_entropy"": 4.553531646728516, ""val_balanced_accuracy"": 0.013049387373030186, ""test_cross_entropy"": 4.639290809631348, ""test_balanced_accuracy"": 0.013113461434841156}"
2026-04-14T04:55:16.317105,tpe,lcbench,168329,1,270,7.7436370849609375,"{""OpenML_task_id"": ""7593"", ""batch_size"": 69, ""epoch"": 2, ""learning_rate"": 0.022841657734091855, ""max_dropout"": 0.9968314164765941, ""max_units"": 174, ""momentum"": 0.8015818080930496, ""num_layers"": 4, ""weight_decay"": 0.08276808050108786}","{""time"": 7.7436370849609375, ""val_accuracy"": 0.5201972126960754, ""val_cross_entropy"": 4.447076320648193, ""val_balanced_accuracy"": 0.01117786020040512, ""test_cross_entropy"": 4.656097412109375, ""test_balanced_accuracy"": 0.011133518069982529}"
2026-04-14T04:55:16.340137,tpe,lcbench,168329,1,271,2.3372747898101807,"{""OpenML_task_id"": ""189862"", ""batch_size"": 308, ""epoch"": 1, ""learning_rate"": 0.01280092841353349, ""max_dropout"": 0.9664184045940678, ""max_units"": 182, ""momentum"": 0.7815326976176059, ""num_layers"": 4, ""weight_decay"": 0.07973243384192319}","{""time"": 2.3372747898101807, ""val_accuracy"": 0.7089763283729553, ""val_cross_entropy"": 4.443345069885254, ""val_balanced_accuracy"": 0.011776464059948921, ""test_cross_entropy"": 4.6544647216796875, ""test_balanced_accuracy"": 0.011718297377228737}"
2026-04-14T04:55:16.364161,tpe,lcbench,168329,1,272,16.862079620361328,"{""OpenML_task_id"": ""189862"", ""batch_size"": 322, ""epoch"": 3, ""learning_rate"": 0.01239408283816102, ""max_dropout"": 0.9715153059748474, ""max_units"": 623, ""momentum"": 0.8231732152058621, ""num_layers"": 4, ""weight_decay"": 0.07721594872789782}","{""time"": 16.862079620361328, ""val_accuracy"": 1.951842188835144, ""val_cross_entropy"": 4.511147499084473, ""val_balanced_accuracy"": 0.016921307891607285, ""test_cross_entropy"": 4.640313625335693, ""test_balanced_accuracy"": 0.017092449590563774}"
2026-04-14T04:55:16.388806,tpe,lcbench,168329,1,273,2.2703402042388916,"{""OpenML_task_id"": ""189862"", ""batch_size"": 268, ""epoch"": 1, ""learning_rate"": 0.010135017721967968, ""max_dropout"": 0.9986845483527285, ""max_units"": 151, ""momentum"": 0.777158665549988, ""num_layers"": 4, ""weight_decay"": 0.079951477024871}","{""time"": 2.2703402042388916, ""val_accuracy"": 0.6921647191047668, ""val_cross_entropy"": 4.444204330444336, ""val_balanced_accuracy"": 0.011688162572681904, ""test_cross_entropy"": 4.654177665710449, ""test_balanced_accuracy"": 0.011624466627836227}"
2026-04-14T04:55:16.411814,tpe,lcbench,168329,1,274,7.03245735168457,"{""OpenML_task_id"": ""189862"", ""batch_size"": 303, ""epoch"": 2, ""learning_rate"": 0.009691310417552567, ""max_dropout"": 0.9781870703409427, ""max_units"": 149, ""momentum"": 0.8852548890135445, ""num_layers"": 4, ""weight_decay"": 0.07593623266063049}","{""time"": 7.03245735168457, ""val_accuracy"": 1.0129810571670532, ""val_cross_entropy"": 4.573484420776367, ""val_balanced_accuracy"": 0.013913247734308243, ""test_cross_entropy"": 4.638604640960693, ""test_balanced_accuracy"": 0.013987378217279911}"
2026-04-14T04:55:16.437836,tpe,lcbench,168329,1,275,9.436524391174316,"{""OpenML_task_id"": ""189908"", ""batch_size"": 269, ""epoch"": 3, ""learning_rate"": 0.011447965910041226, ""max_dropout"": 0.9959551966290098, ""max_units"": 126, ""momentum"": 0.7800540352814198, ""num_layers"": 4, ""weight_decay"": 0.0790508614678839}","{""time"": 9.436524391174316, ""val_accuracy"": 0.9664236307144165, ""val_cross_entropy"": 4.524636745452881, ""val_balanced_accuracy"": 0.011686758138239384, ""test_cross_entropy"": 4.644123554229736, ""test_balanced_accuracy"": 0.01171840913593769}"
2026-04-14T04:55:16.461854,tpe,lcbench,168329,1,276,14.494269371032715,"{""OpenML_task_id"": ""167200"", ""batch_size"": 233, ""epoch"": 4, ""learning_rate"": 0.007554388037104876, ""max_dropout"": 0.9426248915324196, ""max_units"": 185, ""momentum"": 0.8011191582357086, ""num_layers"": 4, ""weight_decay"": 0.07406308560499644}","{""time"": 14.494269371032715, ""val_accuracy"": 1.3880685567855835, ""val_cross_entropy"": 4.5183892250061035, ""val_balanced_accuracy"": 0.01281670294702053, ""test_cross_entropy"": 4.646782875061035, ""test_balanced_accuracy"": 0.012882409617304802}"
2026-04-14T04:55:16.488371,tpe,lcbench,168329,1,277,2.1336820125579834,"{""OpenML_task_id"": ""168330"", ""batch_size"": 247, ""epoch"": 1, ""learning_rate"": 0.012592123763645097, ""max_dropout"": 0.9817511136012258, ""max_units"": 162, ""momentum"": 0.774233909643702, ""num_layers"": 4, ""weight_decay"": 0.08040645011800912}","{""time"": 2.1336820125579834, ""val_accuracy"": 0.706456184387207, ""val_cross_entropy"": 4.429721355438232, ""val_balanced_accuracy"": 0.011983976699411869, ""test_cross_entropy"": 4.659226417541504, ""test_balanced_accuracy"": 0.011922079138457775}"
2026-04-14T04:55:16.511899,tpe,lcbench,168329,1,278,8.245646476745605,"{""OpenML_task_id"": ""168330"", ""batch_size"": 255, ""epoch"": 2, ""learning_rate"": 0.005424123319201993, ""max_dropout"": 0.9696675551969812, ""max_units"": 161, ""momentum"": 0.7704344307003831, ""num_layers"": 4, ""weight_decay"": 0.08012443785896287}","{""time"": 8.245646476745605, ""val_accuracy"": 0.7959810495376587, ""val_cross_entropy"": 4.560215950012207, ""val_balanced_accuracy"": 0.011247966438531876, ""test_cross_entropy"": 4.647128105163574, ""test_balanced_accuracy"": 0.011222872883081436}"
2026-04-14T04:55:16.534475,tpe,lcbench,168329,1,279,2.3303024768829346,"{""OpenML_task_id"": ""168330"", ""batch_size"": 277, ""epoch"": 1, ""learning_rate"": 0.00971246493967276, ""max_dropout"": 0.9260118141553242, ""max_units"": 146, ""momentum"": 0.8124769290682881, ""num_layers"": 4, ""weight_decay"": 0.0771325131415601}","{""time"": 2.3303024768829346, ""val_accuracy"": 0.7374775409698486, ""val_cross_entropy"": 4.426549434661865, ""val_balanced_accuracy"": 0.011880243197083473, ""test_cross_entropy"": 4.6512131690979, ""test_balanced_accuracy"": 0.01178482361137867}"
2026-04-14T04:55:16.559986,tpe,lcbench,168329,1,280,112.94668579101562,"{""OpenML_task_id"": ""126029"", ""batch_size"": 276, ""epoch"": 39, ""learning_rate"": 0.009755848134039388, ""max_dropout"": 0.9484036976276137, ""max_units"": 140, ""momentum"": 0.8297990568372471, ""num_layers"": 4, ""weight_decay"": 0.0762788927421306}","{""time"": 112.94668579101562, ""val_accuracy"": 1.961399793624878, ""val_cross_entropy"": 4.5254621505737305, ""val_balanced_accuracy"": 0.010206717997789383, ""test_cross_entropy"": 4.649990081787109, ""test_balanced_accuracy"": 0.010209151543676853}"
2026-04-14T04:55:16.587505,tpe,lcbench,168329,1,281,3.8516697883605957,"{""OpenML_task_id"": ""168330"", ""batch_size"": 284, ""epoch"": 1, ""learning_rate"": 0.012855169879259791, ""max_dropout"": 0.918830569683351, ""max_units"": 706, ""momentum"": 0.8174896314307999, ""num_layers"": 4, ""weight_decay"": 0.08082593696778505}","{""time"": 3.8516697883605957, ""val_accuracy"": 0.8452835083007812, ""val_cross_entropy"": 4.428504943847656, ""val_balanced_accuracy"": 0.011984525248408318, ""test_cross_entropy"": 4.640002250671387, ""test_balanced_accuracy"": 0.011896002106368542}"
2026-04-14T04:55:16.614564,tpe,lcbench,168329,1,282,7.79802131652832,"{""OpenML_task_id"": ""168330"", ""batch_size"": 239, ""epoch"": 2, ""learning_rate"": 0.004967182207712385, ""max_dropout"": 0.999681430592943, ""max_units"": 125, ""momentum"": 0.7971399868108792, ""num_layers"": 4, ""weight_decay"": 0.08364898960665161}","{""time"": 7.79802131652832, ""val_accuracy"": 0.7143325209617615, ""val_cross_entropy"": 4.576656341552734, ""val_balanced_accuracy"": 0.010745728388428688, ""test_cross_entropy"": 4.642903804779053, ""test_balanced_accuracy"": 0.010721263475716114}"
2026-04-14T04:55:16.641078,tpe,lcbench,168329,1,283,9.877177238464355,"{""OpenML_task_id"": ""168330"", ""batch_size"": 263, ""epoch"": 3, ""learning_rate"": 0.010536776912790435, ""max_dropout"": 0.975323654690532, ""max_units"": 160, ""momentum"": 0.8503694367565531, ""num_layers"": 4, ""weight_decay"": 0.07822386127574672}","{""time"": 9.877177238464355, ""val_accuracy"": 1.0649229288101196, ""val_cross_entropy"": 4.531661510467529, ""val_balanced_accuracy"": 0.01196938008069992, ""test_cross_entropy"": 4.644088268280029, ""test_balanced_accuracy"": 0.012002048082649708}"
2026-04-14T04:55:16.668958,tpe,lcbench,168329,1,284,2.6301136016845703,"{""OpenML_task_id"": ""167152"", ""batch_size"": 306, ""epoch"": 1, ""learning_rate"": 0.007830893715605362, ""max_dropout"": 0.9596860038741573, ""max_units"": 176, ""momentum"": 0.7712540191051008, ""num_layers"": 4, ""weight_decay"": 0.08163117626011013}","{""time"": 2.6301136016845703, ""val_accuracy"": 0.706336259841919, ""val_cross_entropy"": 4.439484596252441, ""val_balanced_accuracy"": 0.011602736078202724, ""test_cross_entropy"": 4.651266574859619, ""test_balanced_accuracy"": 0.011530572548508644}"
2026-04-14T04:55:16.693873,tpe,lcbench,168329,1,285,20.370567321777344,"{""OpenML_task_id"": ""126026"", ""batch_size"": 216, ""epoch"": 5, ""learning_rate"": 0.012968352097210652, ""max_dropout"": 0.265895694651061, ""max_units"": 143, ""momentum"": 0.8090786256766294, ""num_layers"": 4, ""weight_decay"": 0.0834543426821301}","{""time"": 20.370567321777344, ""val_accuracy"": 0.7400434613227844, ""val_cross_entropy"": 4.53704309463501, ""val_balanced_accuracy"": 0.010137241333723068, ""test_cross_entropy"": 4.658260822296143, ""test_balanced_accuracy"": 0.01008567027747631}"
2026-04-14T04:55:16.717987,tpe,lcbench,168329,1,286,7.441037178039551,"{""OpenML_task_id"": ""3945"", ""batch_size"": 319, ""epoch"": 2, ""learning_rate"": 0.010806713007672724, ""max_dropout"": 0.942650536176298, ""max_units"": 183, ""momentum"": 0.7897488651461544, ""num_layers"": 4, ""weight_decay"": 0.08035702703742796}","{""time"": 7.441037178039551, ""val_accuracy"": 0.9954233169555664, ""val_cross_entropy"": 4.557613372802734, ""val_balanced_accuracy"": 0.014153984375298023, ""test_cross_entropy"": 4.644402980804443, ""test_balanced_accuracy"": 0.014232139103114605}"
2026-04-14T04:55:16.743511,tpe,lcbench,168329,1,287,11.642577171325684,"{""OpenML_task_id"": ""146212"", ""batch_size"": 248, ""epoch"": 4, ""learning_rate"": 0.013209731184261967, ""max_dropout"": 0.9807413055070079, ""max_units"": 120, ""momentum"": 0.7549807357148064, ""num_layers"": 4, ""weight_decay"": 0.0842569813104386}","{""time"": 11.642577171325684, ""val_accuracy"": 0.8803584575653076, ""val_cross_entropy"": 4.521701812744141, ""val_balanced_accuracy"": 0.011013026349246502, ""test_cross_entropy"": 4.648948669433594, ""test_balanced_accuracy"": 0.01102069579064846}"
2026-04-14T04:55:16.769582,tpe,lcbench,168329,1,288,2.4516212940216064,"{""OpenML_task_id"": ""167161"", ""batch_size"": 266, ""epoch"": 1, ""learning_rate"": 0.008779456385171146, ""max_dropout"": 0.9194031458439053, ""max_units"": 159, ""momentum"": 0.7743785357978722, ""num_layers"": 4, ""weight_decay"": 0.07721146634803598}","{""time"": 2.4516212940216064, ""val_accuracy"": 0.7441567182540894, ""val_cross_entropy"": 4.416812896728516, ""val_balanced_accuracy"": 0.011925899423658848, ""test_cross_entropy"": 4.653347492218018, ""test_balanced_accuracy"": 0.011827721260488033}"
2026-04-14T04:55:16.795276,tpe,lcbench,168329,1,289,41.56512451171875,"{""OpenML_task_id"": ""167184"", ""batch_size"": 259, ""epoch"": 13, ""learning_rate"": 0.012293812659793114, ""max_dropout"": 0.9640647791594782, ""max_units"": 147, ""momentum"": 0.8369756484211361, ""num_layers"": 4, ""weight_decay"": 0.07994373739126498}","{""time"": 41.56512451171875, ""val_accuracy"": 0.8961155414581299, ""val_cross_entropy"": 4.548506736755371, ""val_balanced_accuracy"": 0.009892954491078854, ""test_cross_entropy"": 4.648961067199707, ""test_balanced_accuracy"": 0.009891482070088387}"
2026-04-14T04:55:16.819350,tpe,lcbench,168329,1,290,9.20922565460205,"{""OpenML_task_id"": ""168910"", ""batch_size"": 274, ""epoch"": 3, ""learning_rate"": 0.019520463991002473, ""max_dropout"": 0.980605705604202, ""max_units"": 174, ""momentum"": 0.8091094896556958, ""num_layers"": 4, ""weight_decay"": 0.08417358696468683}","{""time"": 9.20922565460205, ""val_accuracy"": 0.7726384401321411, ""val_cross_entropy"": 4.536707878112793, ""val_balanced_accuracy"": 0.010956205427646637, ""test_cross_entropy"": 4.651757717132568, ""test_balanced_accuracy"": 0.010950147174298763}"
2026-04-14T04:55:16.845533,tpe,lcbench,168329,1,291,7.422908782958984,"{""OpenML_task_id"": ""189862"", ""batch_size"": 217, ""epoch"": 2, ""learning_rate"": 0.010694968452860429, ""max_dropout"": 0.941799610587957, ""max_units"": 187, ""momentum"": 0.7851609774584858, ""num_layers"": 4, ""weight_decay"": 0.0820464068652365}","{""time"": 7.422908782958984, ""val_accuracy"": 0.9740479588508606, ""val_cross_entropy"": 4.546762943267822, ""val_balanced_accuracy"": 0.013088648207485676, ""test_cross_entropy"": 4.647150993347168, ""test_balanced_accuracy"": 0.013143610209226608}"
2026-04-14T04:55:16.869584,tpe,lcbench,168329,1,292,87.92987823486328,"{""OpenML_task_id"": ""189354"", ""batch_size"": 250, ""epoch"": 29, ""learning_rate"": 0.02195299716936747, ""max_dropout"": 0.957490804747805, ""max_units"": 139, ""momentum"": 0.75535824076212, ""num_layers"": 4, ""weight_decay"": 0.07450286046814845}","{""time"": 87.92987823486328, ""val_accuracy"": 1.0908466577529907, ""val_cross_entropy"": 4.523900985717773, ""val_balanced_accuracy"": 0.01001900527626276, ""test_cross_entropy"": 4.654144763946533, ""test_balanced_accuracy"": 0.010022273287177086}"
2026-04-14T04:55:16.897159,tpe,lcbench,168329,1,293,3.3426880836486816,"{""OpenML_task_id"": ""189862"", ""batch_size"": 347, ""epoch"": 1, ""learning_rate"": 0.016975553481969313, ""max_dropout"": 0.9806287399618258, ""max_units"": 980, ""momentum"": 0.8189061190109286, ""num_layers"": 4, ""weight_decay"": 0.08660537147940407}","{""time"": 3.3426880836486816, ""val_accuracy"": 0.9197403192520142, ""val_cross_entropy"": 4.371463298797607, ""val_balanced_accuracy"": 0.012301183305680752, ""test_cross_entropy"": 4.642317771911621, ""test_balanced_accuracy"": 0.012212812900543213}"
2026-04-14T04:55:16.923705,tpe,lcbench,168329,1,294,2.225717067718506,"{""OpenML_task_id"": ""168908"", ""batch_size"": 309, ""epoch"": 1, ""learning_rate"": 0.014406735787696516, ""max_dropout"": 0.9163117582748902, ""max_units"": 165, ""momentum"": 0.7974789546584734, ""num_layers"": 4, ""weight_decay"": 0.07878681739737836}","{""time"": 2.225717067718506, ""val_accuracy"": 0.737988293170929, ""val_cross_entropy"": 4.426246166229248, ""val_balanced_accuracy"": 0.011996189132332802, ""test_cross_entropy"": 4.653029918670654, ""test_balanced_accuracy"": 0.011918122880160809}"
2026-04-14T04:55:16.950728,tpe,lcbench,168329,1,295,11.987010955810547,"{""OpenML_task_id"": ""168908"", ""batch_size"": 76, ""epoch"": 3, ""learning_rate"": 0.013500416254253906, ""max_dropout"": 0.9154091805830483, ""max_units"": 162, ""momentum"": 0.7931877420284011, ""num_layers"": 4, ""weight_decay"": 0.07800710442013015}","{""time"": 11.987010955810547, ""val_accuracy"": 0.6995427012443542, ""val_cross_entropy"": 4.5187201499938965, ""val_balanced_accuracy"": 0.010859607718884945, ""test_cross_entropy"": 4.657474994659424, ""test_balanced_accuracy"": 0.010810463689267635}"
2026-04-14T04:55:16.978476,tpe,lcbench,168329,1,296,2.8825128078460693,"{""OpenML_task_id"": ""34539"", ""batch_size"": 304, ""epoch"": 1, ""learning_rate"": 0.0032845811863960774, ""max_dropout"": 0.9288846906002965, ""max_units"": 118, ""momentum"": 0.7699598713406766, ""num_layers"": 4, ""weight_decay"": 0.07972787533419126}","{""time"": 2.8825128078460693, ""val_accuracy"": 0.6984321475028992, ""val_cross_entropy"": 4.416190147399902, ""val_balanced_accuracy"": 0.011299616657197475, ""test_cross_entropy"": 4.643409729003906, ""test_balanced_accuracy"": 0.011188504286110401}"
2026-04-14T04:55:17.005997,tpe,lcbench,168329,1,297,7.004567623138428,"{""OpenML_task_id"": ""167181"", ""batch_size"": 319, ""epoch"": 2, ""learning_rate"": 0.014193274253547225, ""max_dropout"": 0.999935428721862, ""max_units"": 187, ""momentum"": 0.8626662549699075, ""num_layers"": 4, ""weight_decay"": 0.07196887047435113}","{""time"": 7.004567623138428, ""val_accuracy"": 1.1629667282104492, ""val_cross_entropy"": 4.5477824211120605, ""val_balanced_accuracy"": 0.014826318249106407, ""test_cross_entropy"": 4.641328811645508, ""test_balanced_accuracy"": 0.01493906881660223}"
2026-04-14T04:55:17.031558,tpe,lcbench,168329,1,298,1.384851336479187,"{""OpenML_task_id"": ""189862"", ""batch_size"": 300, ""epoch"": 1, ""learning_rate"": 0.06450604966054835, ""max_dropout"": 0.9697331074650022, ""max_units"": 164, ""momentum"": 0.798971334289651, ""num_layers"": 4, ""weight_decay"": 0.08246039910441404}","{""time"": 1.384851336479187, ""val_accuracy"": 0.7044916152954102, ""val_cross_entropy"": 4.330741882324219, ""val_balanced_accuracy"": 0.012887177988886833, ""test_cross_entropy"": 4.663574695587158, ""test_balanced_accuracy"": 0.012842616997659206}"
2026-04-14T04:55:17.060701,tpe,lcbench,168329,1,299,8.684905052185059,"{""OpenML_task_id"": ""168330"", ""batch_size"": 298, ""epoch"": 3, ""learning_rate"": 0.018965622697050162, ""max_dropout"": 0.999775611639413, ""max_units"": 151, ""momentum"": 0.744706603220616, ""num_layers"": 5, ""weight_decay"": 0.08194619256528787}","{""time"": 8.684905052185059, ""val_accuracy"": 0.350736528635025, ""val_cross_entropy"": 4.620293140411377, ""val_balanced_accuracy"": 0.010147610679268837, ""test_cross_entropy"": 4.588578224182129, ""test_balanced_accuracy"": 0.010255210101604462}"
2026-04-14T04:55:17.086239,tpe,lcbench,168329,1,300,7.521916389465332,"{""OpenML_task_id"": ""189862"", ""batch_size"": 311, ""epoch"": 2, ""learning_rate"": 0.006409483593139623, ""max_dropout"": 0.965494567965299, ""max_units"": 131, ""momentum"": 0.7981149033881296, ""num_layers"": 4, ""weight_decay"": 0.08539987638760788}","{""time"": 7.521916389465332, ""val_accuracy"": 0.7162575721740723, ""val_cross_entropy"": 4.572850227355957, ""val_balanced_accuracy"": 0.010923424735665321, ""test_cross_entropy"": 4.641873836517334, ""test_balanced_accuracy"": 0.010896976105868816}"
2026-04-14T04:55:17.113502,tpe,lcbench,168329,1,301,6.268287181854248,"{""OpenML_task_id"": ""168908"", ""batch_size"": 294, ""epoch"": 2, ""learning_rate"": 0.02101629515265316, ""max_dropout"": 0.9404716531209931, ""max_units"": 163, ""momentum"": 0.7783723863164034, ""num_layers"": 4, ""weight_decay"": 0.08320714647595484}","{""time"": 6.268287181854248, ""val_accuracy"": 0.7650743722915649, ""val_cross_entropy"": 4.557755947113037, ""val_balanced_accuracy"": 0.012263840064406395, ""test_cross_entropy"": 4.64886474609375, ""test_balanced_accuracy"": 0.012309655547142029}"
2026-04-14T04:55:17.141529,tpe,lcbench,168329,1,302,116.82331085205078,"{""OpenML_task_id"": ""189862"", ""batch_size"": 280, ""epoch"": 44, ""learning_rate"": 0.009138025531550738, ""max_dropout"": 0.983435695409578, ""max_units"": 169, ""momentum"": 0.7062400893620412, ""num_layers"": 4, ""weight_decay"": 0.08105791613711259}","{""time"": 116.82331085205078, ""val_accuracy"": 2.325730562210083, ""val_cross_entropy"": 4.481206893920898, ""val_balanced_accuracy"": 0.010601350106298923, ""test_cross_entropy"": 4.651612281799316, ""test_balanced_accuracy"": 0.010655619204044342}"
2026-04-14T04:55:17.168971,tpe,lcbench,168329,1,303,11.320454597473145,"{""OpenML_task_id"": ""167104"", ""batch_size"": 314, ""epoch"": 4, ""learning_rate"": 0.0609255332739555, ""max_dropout"": 0.9671890724675983, ""max_units"": 138, ""momentum"": 0.8302784641148144, ""num_layers"": 4, ""weight_decay"": 0.08439871993884897}","{""time"": 11.320454597473145, ""val_accuracy"": 0.4407914876937866, ""val_cross_entropy"": 4.510669708251953, ""val_balanced_accuracy"": 0.010705999098718166, ""test_cross_entropy"": 4.653979778289795, ""test_balanced_accuracy"": 0.010696222074329853}"
2026-04-14T04:55:17.195538,tpe,lcbench,168329,1,304,1.3290725946426392,"{""OpenML_task_id"": ""167190"", ""batch_size"": 289, ""epoch"": 1, ""learning_rate"": 0.06440691968203871, ""max_dropout"": 0.9089044469520673, ""max_units"": 116, ""momentum"": 0.7565522920398469, ""num_layers"": 4, ""weight_decay"": 0.07912185617124655}","{""time"": 1.3290725946426392, ""val_accuracy"": 0.7055647373199463, ""val_cross_entropy"": 4.336256980895996, ""val_balanced_accuracy"": 0.012929550372064114, ""test_cross_entropy"": 4.660869121551514, ""test_balanced_accuracy"": 0.012893717736005783}"
2026-04-14T04:55:17.220561,tpe,lcbench,168329,1,305,1.3039721250534058,"{""OpenML_task_id"": ""167190"", ""batch_size"": 271, ""epoch"": 1, ""learning_rate"": 0.07099431318960653, ""max_dropout"": 0.907145264876239, ""max_units"": 111, ""momentum"": 0.7555320147703638, ""num_layers"": 4, ""weight_decay"": 0.08703443946095418}","{""time"": 1.3039721250534058, ""val_accuracy"": 0.6579120755195618, ""val_cross_entropy"": 4.322210788726807, ""val_balanced_accuracy"": 0.013015953823924065, ""test_cross_entropy"": 4.660759449005127, ""test_balanced_accuracy"": 0.012989616021513939}"
2026-04-14T04:55:17.246121,tpe,lcbench,168329,1,306,1.8450266122817993,"{""OpenML_task_id"": ""167190"", ""batch_size"": 289, ""epoch"": 1, ""learning_rate"": 0.01714663036268005, ""max_dropout"": 0.9196052756742352, ""max_units"": 110, ""momentum"": 0.7269782031687807, ""num_layers"": 4, ""weight_decay"": 0.08676279353020569}","{""time"": 1.8450266122817993, ""val_accuracy"": 0.7272026538848877, ""val_cross_entropy"": 4.389294147491455, ""val_balanced_accuracy"": 0.012268987484276295, ""test_cross_entropy"": 4.6563401222229, ""test_balanced_accuracy"": 0.0122009152546525}"
2026-04-14T04:55:17.273841,tpe,lcbench,168329,1,307,7.6753082275390625,"{""OpenML_task_id"": ""167190"", ""batch_size"": 295, ""epoch"": 3, ""learning_rate"": 0.06539662467269539, ""max_dropout"": 0.9048146120083749, ""max_units"": 112, ""momentum"": 0.7271084272202322, ""num_layers"": 4, ""weight_decay"": 0.08701302323340529}","{""time"": 7.6753082275390625, ""val_accuracy"": 0.5012105107307434, ""val_cross_entropy"": 4.504230976104736, ""val_balanced_accuracy"": 0.011183362454175949, ""test_cross_entropy"": 4.653584003448486, ""test_balanced_accuracy"": 0.011200440116226673}"
2026-04-14T04:55:17.299866,tpe,lcbench,168329,1,308,4.707874774932861,"{""OpenML_task_id"": ""167190"", ""batch_size"": 286, ""epoch"": 2, ""learning_rate"": 0.05858678195389698, ""max_dropout"": 0.9070307099147132, ""max_units"": 104, ""momentum"": 0.7541607167603912, ""num_layers"": 4, ""weight_decay"": 0.08664873173444312}","{""time"": 4.707874774932861, ""val_accuracy"": 0.5542415380477905, ""val_cross_entropy"": 4.492194652557373, ""val_balanced_accuracy"": 0.011482289992272854, ""test_cross_entropy"": 4.651031494140625, ""test_balanced_accuracy"": 0.011514704674482346}"
2026-04-14T04:55:17.325412,tpe,lcbench,168329,1,309,1.319311261177063,"{""OpenML_task_id"": ""167190"", ""batch_size"": 281, ""epoch"": 1, ""learning_rate"": 0.06428586517612167, ""max_dropout"": 0.9223859598572492, ""max_units"": 122, ""momentum"": 0.7390114483862582, ""num_layers"": 4, ""weight_decay"": 0.08395658864512913}","{""time"": 1.319311261177063, ""val_accuracy"": 0.6895740628242493, ""val_cross_entropy"": 4.330657958984375, ""val_balanced_accuracy"": 0.012948602437973022, ""test_cross_entropy"": 4.662527084350586, ""test_balanced_accuracy"": 0.012915672734379768}"
2026-04-14T04:55:17.351083,tpe,lcbench,168329,1,310,4.693930149078369,"{""OpenML_task_id"": ""167190"", ""batch_size"": 288, ""epoch"": 2, ""learning_rate"": 0.06375372544754408, ""max_dropout"": 0.9182787849775716, ""max_units"": 113, ""momentum"": 0.7183924342946014, ""num_layers"": 4, ""weight_decay"": 0.08258884459830802}","{""time"": 4.693930149078369, ""val_accuracy"": 0.5759848952293396, ""val_cross_entropy"": 4.483965873718262, ""val_balanced_accuracy"": 0.011552960611879826, ""test_cross_entropy"": 4.65277099609375, ""test_balanced_accuracy"": 0.01158683467656374}"
2026-04-14T04:55:17.378607,tpe,lcbench,168329,1,311,11.50731372833252,"{""OpenML_task_id"": ""167190"", ""batch_size"": 271, ""epoch"": 4, ""learning_rate"": 0.0696549121718746, ""max_dropout"": 0.9028155886758437, ""max_units"": 127, ""momentum"": 0.7366494294635142, ""num_layers"": 4, ""weight_decay"": 0.08470902932575317}","{""time"": 11.50731372833252, ""val_accuracy"": 0.4389440417289734, ""val_cross_entropy"": 4.4866180419921875, ""val_balanced_accuracy"": 0.010949353687465191, ""test_cross_entropy"": 4.655635356903076, ""test_balanced_accuracy"": 0.010963501408696175}"
2026-04-14T04:55:17.405442,tpe,lcbench,168329,1,312,2.112765073776245,"{""OpenML_task_id"": ""167190"", ""batch_size"": 295, ""epoch"": 1, ""learning_rate"": 0.07231938565021898, ""max_dropout"": 0.05807440424847582, ""max_units"": 111, ""momentum"": 0.7457357538396581, ""num_layers"": 4, ""weight_decay"": 0.08298396104940103}","{""time"": 2.112765073776245, ""val_accuracy"": 0.6323676109313965, ""val_cross_entropy"": 4.373898506164551, ""val_balanced_accuracy"": 0.011775431223213673, ""test_cross_entropy"": 4.662997245788574, ""test_balanced_accuracy"": 0.011762299574911594}"
2026-04-14T04:55:17.431662,tpe,lcbench,168329,1,313,98.73284149169922,"{""OpenML_task_id"": ""167190"", ""batch_size"": 288, ""epoch"": 22, ""learning_rate"": 0.07234210956441878, ""max_dropout"": 0.003835661114867883, ""max_units"": 84, ""momentum"": 0.7127678571251844, ""num_layers"": 4, ""weight_decay"": 0.08229747409890542}","{""time"": 98.73284149169922, ""val_accuracy"": 0.44057461619377136, ""val_cross_entropy"": 4.522286891937256, ""val_balanced_accuracy"": 0.00999913178384304, ""test_cross_entropy"": 4.646267890930176, ""test_balanced_accuracy"": 0.009864878840744495}"
2026-04-14T04:55:17.458226,tpe,lcbench,168329,1,314,7.636262893676758,"{""OpenML_task_id"": ""167190"", ""batch_size"": 281, ""epoch"": 3, ""learning_rate"": 0.06523906525574413, ""max_dropout"": 0.92957045584316, ""max_units"": 106, ""momentum"": 0.7394890096848394, ""num_layers"": 4, ""weight_decay"": 0.08711309757928457}","{""time"": 7.636262893676758, ""val_accuracy"": 0.4890754222869873, ""val_cross_entropy"": 4.4911208152771, ""val_balanced_accuracy"": 0.011196467094123363, ""test_cross_entropy"": 4.652761459350586, ""test_balanced_accuracy"": 0.011204478330910206}"
2026-04-14T04:55:17.484257,tpe,lcbench,168329,1,315,1.7432303428649902,"{""OpenML_task_id"": ""167190"", ""batch_size"": 292, ""epoch"": 1, ""learning_rate"": 0.07012707121099868, ""max_dropout"": 0.3995851368440973, ""max_units"": 102, ""momentum"": 0.7570520759619634, ""num_layers"": 4, ""weight_decay"": 0.08059492840126578}","{""time"": 1.7432303428649902, ""val_accuracy"": 0.6691820621490479, ""val_cross_entropy"": 4.349357604980469, ""val_balanced_accuracy"": 0.012416996993124485, ""test_cross_entropy"": 4.65429162979126, ""test_balanced_accuracy"": 0.012394919991493225}"
2026-04-14T04:55:17.510213,tpe,lcbench,168329,1,316,6.181829929351807,"{""OpenML_task_id"": ""167190"", ""batch_size"": 290, ""epoch"": 2, ""learning_rate"": 0.07348022315530045, ""max_dropout"": 0.09134816551628333, ""max_units"": 82, ""momentum"": 0.7549610442030196, ""num_layers"": 4, ""weight_decay"": 0.08010973699853127}","{""time"": 6.181829929351807, ""val_accuracy"": 0.5351470708847046, ""val_cross_entropy"": 4.489734649658203, ""val_balanced_accuracy"": 0.010771460831165314, ""test_cross_entropy"": 4.6571807861328125, ""test_balanced_accuracy"": 0.010799623094499111}"
2026-04-14T04:55:17.534757,tpe,lcbench,168329,1,317,1.8701270818710327,"{""OpenML_task_id"": ""167190"", ""batch_size"": 327, ""epoch"": 1, ""learning_rate"": 0.06808802225752994, ""max_dropout"": 0.24154594740504426, ""max_units"": 105, ""momentum"": 0.7353507537428451, ""num_layers"": 4, ""weight_decay"": 0.07904305502029221}","{""time"": 1.8701270818710327, ""val_accuracy"": 0.70232754945755, ""val_cross_entropy"": 4.368107318878174, ""val_balanced_accuracy"": 0.012073131278157234, ""test_cross_entropy"": 4.658884525299072, ""test_balanced_accuracy"": 0.012039902620017529}"
2026-04-14T04:55:17.562403,tpe,lcbench,168329,1,318,9.612227439880371,"{""OpenML_task_id"": ""167190"", ""batch_size"": 301, ""epoch"": 3, ""learning_rate"": 0.06838012276359516, ""max_dropout"": 0.30663262471625585, ""max_units"": 105, ""momentum"": 0.6976609172948656, ""num_layers"": 4, ""weight_decay"": 0.07849060460555025}","{""time"": 9.612227439880371, ""val_accuracy"": 0.5348654389381409, ""val_cross_entropy"": 4.513769149780273, ""val_balanced_accuracy"": 0.0107176648452878, ""test_cross_entropy"": 4.657314777374268, ""test_balanced_accuracy"": 0.010734153911471367}"
2026-04-14T04:55:17.586424,tpe,lcbench,168329,1,319,1.2565600872039795,"{""OpenML_task_id"": ""167190"", ""batch_size"": 264, ""epoch"": 1, ""learning_rate"": 0.07084733598736101, ""max_dropout"": 0.9053453079756849, ""max_units"": 89, ""momentum"": 0.7378091093264, ""num_layers"": 4, ""weight_decay"": 0.07886002423532484}","{""time"": 1.2565600872039795, ""val_accuracy"": 0.6847142577171326, ""val_cross_entropy"": 4.315617084503174, ""val_balanced_accuracy"": 0.013058973476290703, ""test_cross_entropy"": 4.66039514541626, ""test_balanced_accuracy"": 0.013027776964008808}"
2026-04-14T04:55:17.613027,tpe,lcbench,168329,1,320,4.996530055999756,"{""OpenML_task_id"": ""167190"", ""batch_size"": 332, ""epoch"": 2, ""learning_rate"": 0.06697160830847948, ""max_dropout"": 0.40030412284070416, ""max_units"": 64, ""momentum"": 0.7262884549328252, ""num_layers"": 4, ""weight_decay"": 0.08116994020413092}","{""time"": 4.996530055999756, ""val_accuracy"": 0.6019495129585266, ""val_cross_entropy"": 4.502625942230225, ""val_balanced_accuracy"": 0.011114782653748989, ""test_cross_entropy"": 4.646597385406494, ""test_balanced_accuracy"": 0.011122756637632847}"
2026-04-14T04:55:17.641583,tpe,lcbench,168329,1,321,14.512397766113281,"{""OpenML_task_id"": ""167190"", ""batch_size"": 264, ""epoch"": 4, ""learning_rate"": 0.07038838492652924, ""max_dropout"": 0.14687042850626275, ""max_units"": 91, ""momentum"": 0.7356349001758492, ""num_layers"": 4, ""weight_decay"": 0.07688863963108593}","{""time"": 14.512397766113281, ""val_accuracy"": 0.4375881850719452, ""val_cross_entropy"": 4.481614589691162, ""val_balanced_accuracy"": 0.010406062006950378, ""test_cross_entropy"": 4.661128044128418, ""test_balanced_accuracy"": 0.010447228327393532}"
2026-04-14T04:55:17.668101,tpe,lcbench,168329,1,322,2.168543815612793,"{""OpenML_task_id"": ""167190"", ""batch_size"": 278, ""epoch"": 1, ""learning_rate"": 0.06740844882844128, ""max_dropout"": 0.07670902665089219, ""max_units"": 114, ""momentum"": 0.7514759343320324, ""num_layers"": 4, ""weight_decay"": 0.0809990999339343}","{""time"": 2.168543815612793, ""val_accuracy"": 0.6356483697891235, ""val_cross_entropy"": 4.3708415031433105, ""val_balanced_accuracy"": 0.011803539469838142, ""test_cross_entropy"": 4.663015842437744, ""test_balanced_accuracy"": 0.011789162643253803}"
2026-04-14T04:55:17.694640,tpe,lcbench,168329,1,323,6.632244110107422,"{""OpenML_task_id"": ""167190"", ""batch_size"": 273, ""epoch"": 2, ""learning_rate"": 0.06191731053290847, ""max_dropout"": 0.1698761276921737, ""max_units"": 110, ""momentum"": 0.7457167464904259, ""num_layers"": 4, ""weight_decay"": 0.07488361088716451}","{""time"": 6.632244110107422, ""val_accuracy"": 0.5826732516288757, ""val_cross_entropy"": 4.497694492340088, ""val_balanced_accuracy"": 0.010783383622765541, ""test_cross_entropy"": 4.656141757965088, ""test_balanced_accuracy"": 0.0107989851385355}"
2026-04-14T04:55:17.722683,tpe,lcbench,168329,1,324,2.030491352081299,"{""OpenML_task_id"": ""167190"", ""batch_size"": 298, ""epoch"": 1, ""learning_rate"": 0.067645424814018, ""max_dropout"": 0.09058799804601816, ""max_units"": 98, ""momentum"": 0.7188927514909144, ""num_layers"": 4, ""weight_decay"": 0.07892719370288674}","{""time"": 2.030491352081299, ""val_accuracy"": 0.66817706823349, ""val_cross_entropy"": 4.370278358459473, ""val_balanced_accuracy"": 0.011851455084979534, ""test_cross_entropy"": 4.663294315338135, ""test_balanced_accuracy"": 0.011823232285678387}"
2026-04-14T04:55:17.749868,tpe,lcbench,168329,1,325,10.02359676361084,"{""OpenML_task_id"": ""167190"", ""batch_size"": 297, ""epoch"": 3, ""learning_rate"": 0.068181936237321, ""max_dropout"": 0.06021277524587784, ""max_units"": 88, ""momentum"": 0.7539697532301357, ""num_layers"": 4, ""weight_decay"": 0.07784625202111162}","{""time"": 10.02359676361084, ""val_accuracy"": 0.48964011669158936, ""val_cross_entropy"": 4.493168830871582, ""val_balanced_accuracy"": 0.010486037470400333, ""test_cross_entropy"": 4.663412094116211, ""test_balanced_accuracy"": 0.010521357879042625}"
2026-04-14T04:55:17.776975,tpe,lcbench,168329,1,326,2.11415958404541,"{""OpenML_task_id"": ""167190"", ""batch_size"": 286, ""epoch"": 1, ""learning_rate"": 0.07190211931748124, ""max_dropout"": 0.025311319026755798, ""max_units"": 99, ""momentum"": 0.706553595654893, ""num_layers"": 4, ""weight_decay"": 0.07882352135460675}","{""time"": 2.11415958404541, ""val_accuracy"": 0.6456202268600464, ""val_cross_entropy"": 4.370820999145508, ""val_balanced_accuracy"": 0.011756781488656998, ""test_cross_entropy"": 4.665668487548828, ""test_balanced_accuracy"": 0.011737311258912086}"
2026-04-14T04:55:17.802495,tpe,lcbench,168329,1,327,5.99497127532959,"{""OpenML_task_id"": ""167190"", ""batch_size"": 325, ""epoch"": 2, ""learning_rate"": 0.07478146084373646, ""max_dropout"": 0.0512309701645776, ""max_units"": 80, ""momentum"": 0.6966329401380145, ""num_layers"": 4, ""weight_decay"": 0.07850303155120968}","{""time"": 5.99497127532959, ""val_accuracy"": 0.5833882689476013, ""val_cross_entropy"": 4.500905513763428, ""val_balanced_accuracy"": 0.01071813516318798, ""test_cross_entropy"": 4.658202648162842, ""test_balanced_accuracy"": 0.01073347870260477}"
2026-04-14T04:55:17.828518,tpe,lcbench,168329,1,328,2.0263078212738037,"{""OpenML_task_id"": ""167190"", ""batch_size"": 281, ""epoch"": 1, ""learning_rate"": 0.07164962140933269, ""max_dropout"": 0.11152482662619403, ""max_units"": 100, ""momentum"": 0.7073075607699227, ""num_layers"": 4, ""weight_decay"": 0.07588651242064161}","{""time"": 2.0263078212738037, ""val_accuracy"": 0.6636224985122681, ""val_cross_entropy"": 4.3637800216674805, ""val_balanced_accuracy"": 0.011924102902412415, ""test_cross_entropy"": 4.664520263671875, ""test_balanced_accuracy"": 0.011906103231012821}"
2026-04-14T04:55:17.856404,tpe,lcbench,168329,1,329,10.31364631652832,"{""OpenML_task_id"": ""167190"", ""batch_size"": 284, ""epoch"": 3, ""learning_rate"": 0.07075866713677761, ""max_dropout"": 0.08625240200016238, ""max_units"": 98, ""momentum"": 0.7066833568113362, ""num_layers"": 4, ""weight_decay"": 0.07403241708911583}","{""time"": 10.31364631652832, ""val_accuracy"": 0.511722207069397, ""val_cross_entropy"": 4.494222164154053, ""val_balanced_accuracy"": 0.010513635352253914, ""test_cross_entropy"": 4.663788795471191, ""test_balanced_accuracy"": 0.010541364550590515}"
2026-04-14T04:55:17.882651,tpe,lcbench,168329,1,330,19.54085922241211,"{""OpenML_task_id"": ""167190"", ""batch_size"": 312, ""epoch"": 5, ""learning_rate"": 0.07284253048291134, ""max_dropout"": 0.11535788854389857, ""max_units"": 118, ""momentum"": 0.7222853165227536, ""num_layers"": 4, ""weight_decay"": 0.07660132696529508}","{""time"": 19.54085922241211, ""val_accuracy"": 0.45179399847984314, ""val_cross_entropy"": 4.509011268615723, ""val_balanced_accuracy"": 0.01020590029656887, ""test_cross_entropy"": 4.665761470794678, ""test_balanced_accuracy"": 0.01023764070123434}"
2026-04-14T04:55:17.909266,tpe,lcbench,168329,1,331,6.187407970428467,"{""OpenML_task_id"": ""167190"", ""batch_size"": 296, ""epoch"": 2, ""learning_rate"": 0.06657061241396017, ""max_dropout"": 0.037112791557952024, ""max_units"": 73, ""momentum"": 0.6940266360053993, ""num_layers"": 4, ""weight_decay"": 0.07606225372346329}","{""time"": 6.187407970428467, ""val_accuracy"": 0.5839248895645142, ""val_cross_entropy"": 4.497119903564453, ""val_balanced_accuracy"": 0.010700119659304619, ""test_cross_entropy"": 4.657845497131348, ""test_balanced_accuracy"": 0.010709553025662899}"
2026-04-14T04:55:17.935789,tpe,lcbench,168329,1,332,2.029096841812134,"{""OpenML_task_id"": ""167190"", ""batch_size"": 281, ""epoch"": 1, ""learning_rate"": 0.06908130975802777, ""max_dropout"": 0.09836811438286158, ""max_units"": 97, ""momentum"": 0.7329529519062801, ""num_layers"": 4, ""weight_decay"": 0.07927636270434978}","{""time"": 2.029096841812134, ""val_accuracy"": 0.6462731957435608, ""val_cross_entropy"": 4.364661693572998, ""val_balanced_accuracy"": 0.011893507093191147, ""test_cross_entropy"": 4.663052082061768, ""test_balanced_accuracy"": 0.011875304393470287}"
2026-04-14T04:55:17.962533,tpe,lcbench,168329,1,333,2.115553855895996,"{""OpenML_task_id"": ""167190"", ""batch_size"": 280, ""epoch"": 1, ""learning_rate"": 0.06915299350791675, ""max_dropout"": 0.060507589374880176, ""max_units"": 99, ""momentum"": 0.72927301280851, ""num_layers"": 4, ""weight_decay"": 0.07308146837594662}","{""time"": 2.115553855895996, ""val_accuracy"": 0.6595101952552795, ""val_cross_entropy"": 4.371435642242432, ""val_balanced_accuracy"": 0.011782328598201275, ""test_cross_entropy"": 4.663903713226318, ""test_balanced_accuracy"": 0.011760549619793892}"
2026-04-14T04:55:17.990553,tpe,lcbench,168329,1,334,14.35900592803955,"{""OpenML_task_id"": ""167190"", ""batch_size"": 280, ""epoch"": 4, ""learning_rate"": 0.06950203777482226, ""max_dropout"": 0.10209917348999567, ""max_units"": 95, ""momentum"": 0.728259537865877, ""num_layers"": 4, ""weight_decay"": 0.07336169585079987}","{""time"": 14.35900592803955, ""val_accuracy"": 0.46219402551651, ""val_cross_entropy"": 4.492472171783447, ""val_balanced_accuracy"": 0.010331149213016033, ""test_cross_entropy"": 4.663360118865967, ""test_balanced_accuracy"": 0.01036620419472456}"
2026-04-14T04:55:18.019591,tpe,lcbench,168329,1,335,6.693600654602051,"{""OpenML_task_id"": ""167190"", ""batch_size"": 279, ""epoch"": 2, ""learning_rate"": 0.06414492533917311, ""max_dropout"": 0.08578995588027012, ""max_units"": 102, ""momentum"": 0.7140937670573934, ""num_layers"": 4, ""weight_decay"": 0.07466815995008494}","{""time"": 6.693600654602051, ""val_accuracy"": 0.5860660672187805, ""val_cross_entropy"": 4.498380661010742, ""val_balanced_accuracy"": 0.010701813735067844, ""test_cross_entropy"": 4.65836238861084, ""test_balanced_accuracy"": 0.010714701376855373}"
2026-04-14T04:55:18.046115,tpe,lcbench,168329,1,336,9.997101783752441,"{""OpenML_task_id"": ""167190"", ""batch_size"": 256, ""epoch"": 3, ""learning_rate"": 0.07152866427529328, ""max_dropout"": 0.06021094886387687, ""max_units"": 72, ""momentum"": 0.7375998644431081, ""num_layers"": 4, ""weight_decay"": 0.07033711011692456}","{""time"": 9.997101783752441, ""val_accuracy"": 0.4775838255882263, ""val_cross_entropy"": 4.472213268280029, ""val_balanced_accuracy"": 0.010484897531569004, ""test_cross_entropy"": 4.661021709442139, ""test_balanced_accuracy"": 0.010521338321268559}"
2026-04-14T04:55:18.071131,tpe,lcbench,168329,1,337,2.235478401184082,"{""OpenML_task_id"": ""167190"", ""batch_size"": 290, ""epoch"": 1, ""learning_rate"": 0.06768085264344965, ""max_dropout"": 0.02215807255164306, ""max_units"": 114, ""momentum"": 0.6897195804539358, ""num_layers"": 4, ""weight_decay"": 0.0778231903667511}","{""time"": 2.235478401184082, ""val_accuracy"": 0.666959822177887, ""val_cross_entropy"": 4.375014781951904, ""val_balanced_accuracy"": 0.011707261204719543, ""test_cross_entropy"": 4.666440486907959, ""test_balanced_accuracy"": 0.011681119911372662}"
2026-04-14T04:55:18.098436,tpe,lcbench,168329,1,338,2.2466342449188232,"{""OpenML_task_id"": ""167190"", ""batch_size"": 291, ""epoch"": 1, ""learning_rate"": 0.06759770484748841, ""max_dropout"": 0.020174255637294285, ""max_units"": 115, ""momentum"": 0.6860626866069516, ""num_layers"": 4, ""weight_decay"": 0.07782942547513137}","{""time"": 2.2466342449188232, ""val_accuracy"": 0.6687661409378052, ""val_cross_entropy"": 4.375403881072998, ""val_balanced_accuracy"": 0.011702126823365688, ""test_cross_entropy"": 4.666579246520996, ""test_balanced_accuracy"": 0.011675351299345493}"
2026-04-14T04:55:18.124974,tpe,lcbench,168329,1,339,6.2989654541015625,"{""OpenML_task_id"": ""167190"", ""batch_size"": 300, ""epoch"": 2, ""learning_rate"": 0.07580182481381693, ""max_dropout"": 0.07077967650372821, ""max_units"": 88, ""momentum"": 0.7032944289921191, ""num_layers"": 4, ""weight_decay"": 0.07255408917334707}","{""time"": 6.2989654541015625, ""val_accuracy"": 0.5816627740859985, ""val_cross_entropy"": 4.499288082122803, ""val_balanced_accuracy"": 0.010709838941693306, ""test_cross_entropy"": 4.658104419708252, ""test_balanced_accuracy"": 0.010730264708399773}"
2026-04-14T04:55:18.151786,tpe,lcbench,168329,1,340,1.9984184503555298,"{""OpenML_task_id"": ""167190"", ""batch_size"": 274, ""epoch"": 1, ""learning_rate"": 0.06895031682659125, ""max_dropout"": 0.2111371376290117, ""max_units"": 119, ""momentum"": 0.7202386463966077, ""num_layers"": 4, ""weight_decay"": 0.07555620567093994}","{""time"": 1.9984184503555298, ""val_accuracy"": 0.6791344285011292, ""val_cross_entropy"": 4.357612609863281, ""val_balanced_accuracy"": 0.012096342630684376, ""test_cross_entropy"": 4.663375377655029, ""test_balanced_accuracy"": 0.012080848217010498}"
2026-04-14T04:55:18.178391,tpe,lcbench,168329,1,341,14.119156837463379,"{""OpenML_task_id"": ""167190"", ""batch_size"": 273, ""epoch"": 4, ""learning_rate"": 0.06585514273358849, ""max_dropout"": 0.20871611325006414, ""max_units"": 99, ""momentum"": 0.724145997702512, ""num_layers"": 4, ""weight_decay"": 0.07608836597626131}","{""time"": 14.119156837463379, ""val_accuracy"": 0.4637676477432251, ""val_cross_entropy"": 4.497779846191406, ""val_balanced_accuracy"": 0.010420064441859722, ""test_cross_entropy"": 4.660611629486084, ""test_balanced_accuracy"": 0.010450257919728756}"
2026-04-14T04:55:18.204964,tpe,lcbench,168329,1,342,11.409700393676758,"{""OpenML_task_id"": ""167190"", ""batch_size"": 261, ""epoch"": 3, ""learning_rate"": 0.07083840110149775, ""max_dropout"": 0.10886080254166931, ""max_units"": 124, ""momentum"": 0.7440309757919817, ""num_layers"": 4, ""weight_decay"": 0.07542777945658458}","{""time"": 11.409700393676758, ""val_accuracy"": 0.48325952887535095, ""val_cross_entropy"": 4.474203586578369, ""val_balanced_accuracy"": 0.010579130612313747, ""test_cross_entropy"": 4.663610935211182, ""test_balanced_accuracy"": 0.010625136084854603}"
2026-04-14T04:55:18.230525,tpe,lcbench,168329,1,343,2.0207300186157227,"{""OpenML_task_id"": ""167190"", ""batch_size"": 248, ""epoch"": 1, ""learning_rate"": 0.07362093989069575, ""max_dropout"": 0.04528071748684268, ""max_units"": 66, ""momentum"": 0.7328601193884974, ""num_layers"": 4, ""weight_decay"": 0.07903564976212453}","{""time"": 2.0207300186157227, ""val_accuracy"": 0.5959007740020752, ""val_cross_entropy"": 4.348392963409424, ""val_balanced_accuracy"": 0.011904241517186165, ""test_cross_entropy"": 4.662160873413086, ""test_balanced_accuracy"": 0.011896002106368542}"
2026-04-14T04:55:18.257209,tpe,lcbench,168329,1,344,6.456541061401367,"{""OpenML_task_id"": ""167190"", ""batch_size"": 246, ""epoch"": 2, ""learning_rate"": 0.07294976857450587, ""max_dropout"": 0.04493986232944154, ""max_units"": 68, ""momentum"": 0.7199335287533383, ""num_layers"": 4, ""weight_decay"": 0.08184855785697505}","{""time"": 6.456541061401367, ""val_accuracy"": 0.5034515261650085, ""val_cross_entropy"": 4.467718601226807, ""val_balanced_accuracy"": 0.010790460743010044, ""test_cross_entropy"": 4.658926963806152, ""test_balanced_accuracy"": 0.010823255404829979}"
2026-04-14T04:55:18.285017,tpe,lcbench,168329,1,345,1.7892478704452515,"{""OpenML_task_id"": ""167190"", ""batch_size"": 268, ""epoch"": 1, ""learning_rate"": 0.06845905977474125, ""max_dropout"": 0.35152970581866805, ""max_units"": 85, ""momentum"": 0.7388125435003731, ""num_layers"": 4, ""weight_decay"": 0.09138776208911735}","{""time"": 1.7892478704452515, ""val_accuracy"": 0.6161855459213257, ""val_cross_entropy"": 4.338606357574463, ""val_balanced_accuracy"": 0.01239139772951603, ""test_cross_entropy"": 4.655980587005615, ""test_balanced_accuracy"": 0.012375619262456894}"
2026-04-14T04:55:18.312539,tpe,lcbench,168329,1,346,9.232932090759277,"{""OpenML_task_id"": ""167190"", ""batch_size"": 255, ""epoch"": 3, ""learning_rate"": 0.07812997693006449, ""max_dropout"": 0.373581827574457, ""max_units"": 64, ""momentum"": 0.7421041757578584, ""num_layers"": 4, ""weight_decay"": 0.07921352782054818}","{""time"": 9.232932090759277, ""val_accuracy"": 0.4406594932079315, ""val_cross_entropy"": 4.470261096954346, ""val_balanced_accuracy"": 0.010864456184208393, ""test_cross_entropy"": 4.6487884521484375, ""test_balanced_accuracy"": 0.010907914489507675}"
2026-04-14T04:55:18.335078,tpe,lcbench,168329,1,347,1.8561824560165405,"{""OpenML_task_id"": ""167190"", ""batch_size"": 265, ""epoch"": 1, ""learning_rate"": 0.06942845522588591, ""max_dropout"": 0.2431028818429007, ""max_units"": 87, ""momentum"": 0.706106733803528, ""num_layers"": 4, ""weight_decay"": 0.07250050450916685}","{""time"": 1.8561824560165405, ""val_accuracy"": 0.6790800094604492, ""val_cross_entropy"": 4.3465895652771, ""val_balanced_accuracy"": 0.01221570186316967, ""test_cross_entropy"": 4.662165641784668, ""test_balanced_accuracy"": 0.01219468005001545}"
2026-04-14T04:55:18.362587,tpe,lcbench,168329,1,348,47.16252899169922,"{""OpenML_task_id"": ""167190"", ""batch_size"": 230, ""epoch"": 11, ""learning_rate"": 0.06886715828941158, ""max_dropout"": 0.2003798738870021, ""max_units"": 87, ""momentum"": 0.7013553286705594, ""num_layers"": 4, ""weight_decay"": 0.07377334232318275}","{""time"": 47.16252899169922, ""val_accuracy"": 0.38024047017097473, ""val_cross_entropy"": 4.533336162567139, ""val_balanced_accuracy"": 0.009770222008228302, ""test_cross_entropy"": 4.647815704345703, ""test_balanced_accuracy"": 0.009740600362420082}"
2026-04-14T04:55:18.386640,tpe,lcbench,168329,1,349,6.003337860107422,"{""OpenML_task_id"": ""167190"", ""batch_size"": 269, ""epoch"": 2, ""learning_rate"": 0.06992886362032459, ""max_dropout"": 0.2393788537070393, ""max_units"": 86, ""momentum"": 0.7139778988588258, ""num_layers"": 4, ""weight_decay"": 0.07585698187011641}","{""time"": 6.003337860107422, ""val_accuracy"": 0.5604678988456726, ""val_cross_entropy"": 4.494850158691406, ""val_balanced_accuracy"": 0.010917697101831436, ""test_cross_entropy"": 4.654782295227051, ""test_balanced_accuracy"": 0.010947015136480331}"
2026-04-14T04:55:18.414219,tpe,lcbench,168329,1,350,1.9342727661132812,"{""OpenML_task_id"": ""167190"", ""batch_size"": 262, ""epoch"": 1, ""learning_rate"": 0.07399367483597119, ""max_dropout"": 0.24189972400927975, ""max_units"": 102, ""momentum"": 0.7291326988689046, ""num_layers"": 4, ""weight_decay"": 0.07213472233071566}","{""time"": 1.9342727661132812, ""val_accuracy"": 0.6614477038383484, ""val_cross_entropy"": 4.346232891082764, ""val_balanced_accuracy"": 0.012199031189084053, ""test_cross_entropy"": 4.66041374206543, ""test_balanced_accuracy"": 0.012189983390271664}"
2026-04-14T04:55:18.438620,tpe,lcbench,168329,1,351,19.510181427001953,"{""OpenML_task_id"": ""167190"", ""batch_size"": 264, ""epoch"": 5, ""learning_rate"": 0.0738818062586683, ""max_dropout"": 0.07644233249207628, ""max_units"": 99, ""momentum"": 0.6766935268997943, ""num_layers"": 4, ""weight_decay"": 0.0709554175943837}","{""time"": 19.510181427001953, ""val_accuracy"": 0.4458734095096588, ""val_cross_entropy"": 4.4933342933654785, ""val_balanced_accuracy"": 0.010179189033806324, ""test_cross_entropy"": 4.664803981781006, ""test_balanced_accuracy"": 0.010207165963947773}"
2026-04-14T04:55:18.467233,tpe,lcbench,168329,1,352,4.855688571929932,"{""OpenML_task_id"": ""167190"", ""batch_size"": 252, ""epoch"": 2, ""learning_rate"": 0.07218382497805276, ""max_dropout"": 0.2390188065968603, ""max_units"": 80, ""momentum"": 0.7325997083118503, ""num_layers"": 5, ""weight_decay"": 0.06952388959965537}","{""time"": 4.855688571929932, ""val_accuracy"": 0.38514113426208496, ""val_cross_entropy"": 4.446633338928223, ""val_balanced_accuracy"": 0.011430567130446434, ""test_cross_entropy"": 4.642770290374756, ""test_balanced_accuracy"": 0.011655215173959732}"
2026-04-14T04:55:18.491639,tpe,lcbench,168329,1,353,1.8757050037384033,"{""OpenML_task_id"": ""167190"", ""batch_size"": 278, ""epoch"": 1, ""learning_rate"": 0.07447205295199935, ""max_dropout"": 0.27628955266396105, ""max_units"": 107, ""momentum"": 0.709872844979003, ""num_layers"": 4, ""weight_decay"": 0.07183143156849399}","{""time"": 1.8757050037384033, ""val_accuracy"": 0.6900503039360046, ""val_cross_entropy"": 4.349616527557373, ""val_balanced_accuracy"": 0.0122531084343791, ""test_cross_entropy"": 4.661581039428711, ""test_balanced_accuracy"": 0.012236409820616245}"
2026-04-14T04:55:18.518693,tpe,lcbench,168329,1,354,10.337352752685547,"{""OpenML_task_id"": ""167190"", ""batch_size"": 245, ""epoch"": 3, ""learning_rate"": 0.07609284212299529, ""max_dropout"": 0.28092837208165566, ""max_units"": 99, ""momentum"": 0.7104282235533392, ""num_layers"": 4, ""weight_decay"": 0.07260885124378173}","{""time"": 10.337352752685547, ""val_accuracy"": 0.4811239540576935, ""val_cross_entropy"": 4.474083423614502, ""val_balanced_accuracy"": 0.010739130899310112, ""test_cross_entropy"": 4.6562581062316895, ""test_balanced_accuracy"": 0.010778550989925861}"
2026-04-14T04:55:18.543262,tpe,lcbench,168329,1,355,5.523640155792236,"{""OpenML_task_id"": ""167190"", ""batch_size"": 268, ""epoch"": 2, ""learning_rate"": 0.07123351891247175, ""max_dropout"": 0.3373595766906936, ""max_units"": 68, ""momentum"": 0.6868449104757703, ""num_layers"": 4, ""weight_decay"": 0.07240646947769094}","{""time"": 5.523640155792236, ""val_accuracy"": 0.576348602771759, ""val_cross_entropy"": 4.494141101837158, ""val_balanced_accuracy"": 0.011059293523430824, ""test_cross_entropy"": 4.650897979736328, ""test_balanced_accuracy"": 0.01108784880489111}"
2026-04-14T04:55:18.569334,tpe,lcbench,168329,1,356,1.9426395893096924,"{""OpenML_task_id"": ""167190"", ""batch_size"": 281, ""epoch"": 1, ""learning_rate"": 0.06940695117726989, ""max_dropout"": 0.2620981199069315, ""max_units"": 121, ""momentum"": 0.720052419995024, ""num_layers"": 4, ""weight_decay"": 0.07359457806252805}","{""time"": 1.9426395893096924, ""val_accuracy"": 0.6975401639938354, ""val_cross_entropy"": 4.355936527252197, ""val_balanced_accuracy"": 0.012189471162855625, ""test_cross_entropy"": 4.662639141082764, ""test_balanced_accuracy"": 0.012168124318122864}"
2026-04-14T04:55:18.594360,tpe,lcbench,168329,1,357,1.9259059429168701,"{""OpenML_task_id"": ""167190"", ""batch_size"": 283, ""epoch"": 1, ""learning_rate"": 0.07462634274982582, ""max_dropout"": 0.22779295985834408, ""max_units"": 107, ""momentum"": 0.7106930907286828, ""num_layers"": 4, ""weight_decay"": 0.0673971040910993}","{""time"": 1.9259059429168701, ""val_accuracy"": 0.7060560584068298, ""val_cross_entropy"": 4.35858154296875, ""val_balanced_accuracy"": 0.012133638374507427, ""test_cross_entropy"": 4.662962913513184, ""test_balanced_accuracy"": 0.012113912962377071}"
2026-04-14T04:55:18.619879,tpe,lcbench,168329,1,358,10.344325065612793,"{""OpenML_task_id"": ""167190"", ""batch_size"": 289, ""epoch"": 3, ""learning_rate"": 0.07453683548542663, ""max_dropout"": 0.22706562363847094, ""max_units"": 120, ""momentum"": 0.7021225381653545, ""num_layers"": 4, ""weight_decay"": 0.07218060014301804}","{""time"": 10.344325065612793, ""val_accuracy"": 0.5284324884414673, ""val_cross_entropy"": 4.502871513366699, ""val_balanced_accuracy"": 0.010636024177074432, ""test_cross_entropy"": 4.660524845123291, ""test_balanced_accuracy"": 0.010665277019143105}"
2026-04-14T04:55:18.647910,tpe,lcbench,168329,1,359,13.050992012023926,"{""OpenML_task_id"": ""167190"", ""batch_size"": 273, ""epoch"": 4, ""learning_rate"": 0.07865422194728919, ""max_dropout"": 0.25698072734339755, ""max_units"": 82, ""momentum"": 0.71253844681101, ""num_layers"": 4, ""weight_decay"": 0.06776479127147446}","{""time"": 13.050992012023926, ""val_accuracy"": 0.4633326530456543, ""val_cross_entropy"": 4.491737365722656, ""val_balanced_accuracy"": 0.010461525991559029, ""test_cross_entropy"": 4.657745361328125, ""test_balanced_accuracy"": 0.010497825220227242}"
2026-04-14T04:55:18.673221,tpe,lcbench,168329,1,360,6.533236503601074,"{""OpenML_task_id"": ""189873"", ""batch_size"": 262, ""epoch"": 2, ""learning_rate"": 0.07463607288784149, ""max_dropout"": 0.2813687937595085, ""max_units"": 122, ""momentum"": 0.6647486872359389, ""num_layers"": 4, ""weight_decay"": 0.06833728059465295}","{""time"": 6.533236503601074, ""val_accuracy"": 0.5996427536010742, ""val_cross_entropy"": 4.493828773498535, ""val_balanced_accuracy"": 0.010960448533296585, ""test_cross_entropy"": 4.656429290771484, ""test_balanced_accuracy"": 0.01099615078419447}"
2026-04-14T04:55:18.697765,tpe,lcbench,168329,1,361,154.21044921875,"{""OpenML_task_id"": ""167190"", ""batch_size"": 281, ""epoch"": 33, ""learning_rate"": 0.07254077569728486, ""max_dropout"": 0.1837718741265952, ""max_units"": 107, ""momentum"": 0.6865032099890941, ""num_layers"": 4, ""weight_decay"": 0.07021896058702388}","{""time"": 154.21044921875, ""val_accuracy"": 0.5662498474121094, ""val_cross_entropy"": 4.553592205047607, ""val_balanced_accuracy"": 0.009916228242218494, ""test_cross_entropy"": 4.6496052742004395, ""test_balanced_accuracy"": 0.009737479500472546}"
2026-04-14T04:55:18.726859,tpe,lcbench,168329,1,362,1.7892478704452515,"{""OpenML_task_id"": ""167190"", ""batch_size"": 299, ""epoch"": 1, ""learning_rate"": 0.06431731241122983, ""max_dropout"": 0.27499375975854556, ""max_units"": 85, ""momentum"": 0.725131092648551, ""num_layers"": 4, ""weight_decay"": 0.07454234952843408}","{""time"": 1.7892478704452515, ""val_accuracy"": 0.7120214104652405, ""val_cross_entropy"": 4.356385707855225, ""val_balanced_accuracy"": 0.01221880130469799, ""test_cross_entropy"": 4.660494804382324, ""test_balanced_accuracy"": 0.012177921831607819}"
2026-04-14T04:55:18.752385,tpe,lcbench,168329,1,363,5.686792850494385,"{""OpenML_task_id"": ""167185"", ""batch_size"": 295, ""epoch"": 2, ""learning_rate"": 0.06348586412371326, ""max_dropout"": 0.29960576552332413, ""max_units"": 79, ""momentum"": 0.7312682064619008, ""num_layers"": 4, ""weight_decay"": 0.07060927157073701}","{""time"": 5.686792850494385, ""val_accuracy"": 0.6151216626167297, ""val_cross_entropy"": 4.502236366271973, ""val_balanced_accuracy"": 0.010954366996884346, ""test_cross_entropy"": 4.649519443511963, ""test_balanced_accuracy"": 0.010963669046759605}"
2026-04-14T04:55:18.780193,tpe,lcbench,168329,1,364,9.941322326660156,"{""OpenML_task_id"": ""167190"", ""batch_size"": 302, ""epoch"": 3, ""learning_rate"": 0.06530474531280173, ""max_dropout"": 0.33194068774097885, ""max_units"": 125, ""momentum"": 0.7252140344267852, ""num_layers"": 4, ""weight_decay"": 0.07380022338258617}","{""time"": 9.941322326660156, ""val_accuracy"": 0.5496432185173035, ""val_cross_entropy"": 4.51990270614624, ""val_balanced_accuracy"": 0.010670485906302929, ""test_cross_entropy"": 4.656615257263184, ""test_balanced_accuracy"": 0.010685211047530174}"
2026-04-14T04:55:18.805271,tpe,lcbench,168329,1,365,1.8770995140075684,"{""OpenML_task_id"": ""167190"", ""batch_size"": 271, ""epoch"": 1, ""learning_rate"": 0.06203142203650365, ""max_dropout"": 0.2195239156946403, ""max_units"": 85, ""momentum"": 0.7376535138527947, ""num_layers"": 4, ""weight_decay"": 0.0998390756331448}","{""time"": 1.8770995140075684, ""val_accuracy"": 0.6044484376907349, ""val_cross_entropy"": 4.3489990234375, ""val_balanced_accuracy"": 0.012180965393781662, ""test_cross_entropy"": 4.661068439483643, ""test_balanced_accuracy"": 0.012165594846010208}"
2026-04-14T04:55:18.830331,tpe,lcbench,168329,1,366,1.7948256731033325,"{""OpenML_task_id"": ""168331"", ""batch_size"": 262, ""epoch"": 1, ""learning_rate"": 0.060721931445561345, ""max_dropout"": 0.23058600984450592, ""max_units"": 66, ""momentum"": 0.7190621628978973, ""num_layers"": 4, ""weight_decay"": 0.07518028412174058}","{""time"": 1.7948256731033325, ""val_accuracy"": 0.6757709980010986, ""val_cross_entropy"": 4.3470139503479, ""val_balanced_accuracy"": 0.012198076583445072, ""test_cross_entropy"": 4.661432266235352, ""test_balanced_accuracy"": 0.012165176682174206}"
2026-04-14T04:55:18.855835,tpe,lcbench,168329,1,367,6.0479607582092285,"{""OpenML_task_id"": ""168331"", ""batch_size"": 259, ""epoch"": 2, ""learning_rate"": 0.060728495764160985, ""max_dropout"": 0.2226320408616788, ""max_units"": 76, ""momentum"": 0.7128708348981104, ""num_layers"": 4, ""weight_decay"": 0.09546941712666825}","{""time"": 6.0479607582092285, ""val_accuracy"": 0.5177956819534302, ""val_cross_entropy"": 4.489448070526123, ""val_balanced_accuracy"": 0.010946638882160187, ""test_cross_entropy"": 4.6564483642578125, ""test_balanced_accuracy"": 0.010967747308313847}"
2026-04-14T04:55:18.883424,tpe,lcbench,168329,1,368,13.413554191589355,"{""OpenML_task_id"": ""168331"", ""batch_size"": 271, ""epoch"": 4, ""learning_rate"": 0.05674135311785534, ""max_dropout"": 0.26468082647201735, ""max_units"": 68, ""momentum"": 0.6976957236675035, ""num_layers"": 4, ""weight_decay"": 0.09964146689827375}","{""time"": 13.413554191589355, ""val_accuracy"": 0.4258028566837311, ""val_cross_entropy"": 4.511815547943115, ""val_balanced_accuracy"": 0.010465716943144798, ""test_cross_entropy"": 4.658480167388916, ""test_balanced_accuracy"": 0.010487877763807774}"
2026-04-14T04:55:18.909947,tpe,lcbench,168329,1,369,1.945428490638733,"{""OpenML_task_id"": ""167190"", ""batch_size"": 262, ""epoch"": 1, ""learning_rate"": 0.06249513103053674, ""max_dropout"": 0.1915008998640642, ""max_units"": 89, ""momentum"": 0.7265058624928359, ""num_layers"": 4, ""weight_decay"": 0.07172545155730144}","{""time"": 1.945428490638733, ""val_accuracy"": 0.6824716329574585, ""val_cross_entropy"": 4.3560895919799805, ""val_balanced_accuracy"": 0.012067330069839954, ""test_cross_entropy"": 4.662785053253174, ""test_balanced_accuracy"": 0.012040086090564728}"
2026-04-14T04:55:18.934501,tpe,lcbench,168329,1,370,10.511661529541016,"{""OpenML_task_id"": ""168335"", ""batch_size"": 257, ""epoch"": 3, ""learning_rate"": 0.06217859575506083, ""max_dropout"": 0.19209156450716974, ""max_units"": 85, ""momentum"": 0.6740034519878624, ""num_layers"": 4, ""weight_decay"": 0.097757387766981}","{""time"": 10.511661529541016, ""val_accuracy"": 0.4612710773944855, ""val_cross_entropy"": 4.492956161499023, ""val_balanced_accuracy"": 0.010693183168768883, ""test_cross_entropy"": 4.6611714363098145, ""test_balanced_accuracy"": 0.010720916092395782}"
2026-04-14T04:55:18.960543,tpe,lcbench,168329,1,371,14.893087387084961,"{""OpenML_task_id"": ""168331"", ""batch_size"": 350, ""epoch"": 5, ""learning_rate"": 0.06362625975943187, ""max_dropout"": 0.2446757865363766, ""max_units"": 67, ""momentum"": 0.7251211902285202, ""num_layers"": 4, ""weight_decay"": 0.07143076628654756}","{""time"": 14.893087387084961, ""val_accuracy"": 0.5073798298835754, ""val_cross_entropy"": 4.531672954559326, ""val_balanced_accuracy"": 0.010242758318781853, ""test_cross_entropy"": 4.656635761260986, ""test_balanced_accuracy"": 0.010248229838907719}"
2026-04-14T04:55:18.983941,tpe,lcbench,168329,1,372,1.9900516271591187,"{""OpenML_task_id"": ""167190"", ""batch_size"": 236, ""epoch"": 1, ""learning_rate"": 0.05957680219830588, ""max_dropout"": 0.21352163455476855, ""max_units"": 93, ""momentum"": 0.7151382574201648, ""num_layers"": 4, ""weight_decay"": 0.07415460602451289}","{""time"": 1.9900516271591187, ""val_accuracy"": 0.6681095361709595, ""val_cross_entropy"": 4.345949172973633, ""val_balanced_accuracy"": 0.012140374630689621, ""test_cross_entropy"": 4.663002967834473, ""test_balanced_accuracy"": 0.01211890485137701}"
2026-04-14T04:55:19.008462,tpe,lcbench,168329,1,373,6.583437442779541,"{""OpenML_task_id"": ""167190"", ""batch_size"": 238, ""epoch"": 2, ""learning_rate"": 0.05724646746172795, ""max_dropout"": 0.20682202709212044, ""max_units"": 95, ""momentum"": 0.6994097373943462, ""num_layers"": 4, ""weight_decay"": 0.07488537586502782}","{""time"": 6.583437442779541, ""val_accuracy"": 0.5790526270866394, ""val_cross_entropy"": 4.491994380950928, ""val_balanced_accuracy"": 0.010849484242498875, ""test_cross_entropy"": 4.656581401824951, ""test_balanced_accuracy"": 0.01086491160094738}"
2026-04-14T04:55:19.033751,tpe,lcbench,168329,1,374,1.9663455486297607,"{""OpenML_task_id"": ""167190"", ""batch_size"": 241, ""epoch"": 1, ""learning_rate"": 0.05954166399699235, ""max_dropout"": 0.2237202734431103, ""max_units"": 88, ""momentum"": 0.7195632255307902, ""num_layers"": 4, ""weight_decay"": 0.06879656652455367}","{""time"": 1.9663455486297607, ""val_accuracy"": 0.6869564056396484, ""val_cross_entropy"": 4.350137710571289, ""val_balanced_accuracy"": 0.012126419693231583, ""test_cross_entropy"": 4.662495136260986, ""test_balanced_accuracy"": 0.012098188512027264}"
2026-04-14T04:55:19.058312,tpe,lcbench,168329,1,375,9.711235046386719,"{""OpenML_task_id"": ""167190"", ""batch_size"": 231, ""epoch"": 3, ""learning_rate"": 0.05923936198504709, ""max_dropout"": 0.22064888298104457, ""max_units"": 65, ""momentum"": 0.7328689638501018, ""num_layers"": 4, ""weight_decay"": 0.06948034482829421}","{""time"": 9.711235046386719, ""val_accuracy"": 0.4980922341346741, ""val_cross_entropy"": 4.482100963592529, ""val_balanced_accuracy"": 0.010599308647215366, ""test_cross_entropy"": 4.656300067901611, ""test_balanced_accuracy"": 0.010622157715260983}"
2026-04-14T04:55:19.087384,tpe,lcbench,168329,1,376,2.03885817527771,"{""OpenML_task_id"": ""167190"", ""batch_size"": 220, ""epoch"": 1, ""learning_rate"": 0.06146116386890746, ""max_dropout"": 0.17111752607443872, ""max_units"": 85, ""momentum"": 0.684596655559914, ""num_layers"": 4, ""weight_decay"": 0.0680087697498141}","{""time"": 2.03885817527771, ""val_accuracy"": 0.6764751076698303, ""val_cross_entropy"": 4.343211650848389, ""val_balanced_accuracy"": 0.012101604603230953, ""test_cross_entropy"": 4.665235996246338, ""test_balanced_accuracy"": 0.012076516635715961}"
2026-04-14T04:55:19.114422,tpe,lcbench,168329,1,377,6.272470951080322,"{""OpenML_task_id"": ""189908"", ""batch_size"": 239, ""epoch"": 2, ""learning_rate"": 0.06527211637724252, ""max_dropout"": 0.2823306235369547, ""max_units"": 90, ""momentum"": 0.7107286588241214, ""num_layers"": 4, ""weight_decay"": 0.07231860487434223}","{""time"": 6.272470951080322, ""val_accuracy"": 0.563489556312561, ""val_cross_entropy"": 4.486681938171387, ""val_balanced_accuracy"": 0.010968772694468498, ""test_cross_entropy"": 4.6538987159729, ""test_balanced_accuracy"": 0.010998100973665714}"
2026-04-14T04:55:19.141134,tpe,lcbench,168329,1,378,10.32480239868164,"{""OpenML_task_id"": ""189866"", ""batch_size"": 249, ""epoch"": 3, ""learning_rate"": 0.05972967658480392, ""max_dropout"": 0.23097915453384124, ""max_units"": 107, ""momentum"": 0.7355474747918375, ""num_layers"": 4, ""weight_decay"": 0.06624276404040726}","{""time"": 10.32480239868164, ""val_accuracy"": 0.5348480939865112, ""val_cross_entropy"": 4.494508743286133, ""val_balanced_accuracy"": 0.010577940382063389, ""test_cross_entropy"": 4.659011363983154, ""test_balanced_accuracy"": 0.010599267669022083}"
2026-04-14T04:55:19.166959,tpe,lcbench,168329,1,379,1.8115593194961548,"{""OpenML_task_id"": ""7593"", ""batch_size"": 264, ""epoch"": 1, ""learning_rate"": 0.05588653456351417, ""max_dropout"": 0.25348452850992664, ""max_units"": 65, ""momentum"": 0.720412942307037, ""num_layers"": 4, ""weight_decay"": 0.07117575146088996}","{""time"": 1.8115593194961548, ""val_accuracy"": 0.7034550309181213, ""val_cross_entropy"": 4.349467754364014, ""val_balanced_accuracy"": 0.012201543897390366, ""test_cross_entropy"": 4.660993576049805, ""test_balanced_accuracy"": 0.012155504897236824}"
2026-04-14T04:55:19.207561,tpe,lcbench,168329,1,380,6.130234718322754,"{""OpenML_task_id"": ""7593"", ""batch_size"": 223, ""epoch"": 2, ""learning_rate"": 0.05544934907158902, ""max_dropout"": 0.2554348281145895, ""max_units"": 66, ""momentum"": 0.6925027995174005, ""num_layers"": 4, ""weight_decay"": 0.07105283205830847}","{""time"": 6.130234718322754, ""val_accuracy"": 0.5780616402626038, ""val_cross_entropy"": 4.490516662597656, ""val_balanced_accuracy"": 0.010913262143731117, ""test_cross_entropy"": 4.653785705566406, ""test_balanced_accuracy"": 0.010930657386779785}"
2026-04-14T04:55:19.234576,tpe,lcbench,168329,1,381,1.8185317516326904,"{""OpenML_task_id"": ""7593"", ""batch_size"": 257, ""epoch"": 1, ""learning_rate"": 0.0628777558902053, ""max_dropout"": 0.21423508320102863, ""max_units"": 64, ""momentum"": 0.7160319875986918, ""num_layers"": 4, ""weight_decay"": 0.07083063682139618}","{""time"": 1.8185317516326904, ""val_accuracy"": 0.6799924969673157, ""val_cross_entropy"": 4.347133159637451, ""val_balanced_accuracy"": 0.012162880040705204, ""test_cross_entropy"": 4.661810874938965, ""test_balanced_accuracy"": 0.012131509371101856}"
2026-04-14T04:55:19.261122,tpe,lcbench,168329,1,382,5.87644100189209,"{""OpenML_task_id"": ""7593"", ""batch_size"": 254, ""epoch"": 2, ""learning_rate"": 0.061881873765462364, ""max_dropout"": 0.24181297818350608, ""max_units"": 65, ""momentum"": 0.7572183077263805, ""num_layers"": 4, ""weight_decay"": 0.06904460985664397}","{""time"": 5.87644100189209, ""val_accuracy"": 0.5660684108734131, ""val_cross_entropy"": 4.496100425720215, ""val_balanced_accuracy"": 0.01087059173732996, ""test_cross_entropy"": 4.651035785675049, ""test_balanced_accuracy"": 0.010894669219851494}"
2026-04-14T04:55:19.287100,tpe,lcbench,168329,1,383,15.460637092590332,"{""OpenML_task_id"": ""126026"", ""batch_size"": 201, ""epoch"": 4, ""learning_rate"": 0.05961699553601411, ""max_dropout"": 0.21262498806010158, ""max_units"": 83, ""momentum"": 0.7195264831671424, ""num_layers"": 4, ""weight_decay"": 0.07146409083390612}","{""time"": 15.460637092590332, ""val_accuracy"": 0.4448990225791931, ""val_cross_entropy"": 4.465957164764404, ""val_balanced_accuracy"": 0.01040437538176775, ""test_cross_entropy"": 4.657498836517334, ""test_balanced_accuracy"": 0.01042314525693655}"
2026-04-14T04:55:19.313441,tpe,lcbench,168329,1,384,1.9147502183914185,"{""OpenML_task_id"": ""7593"", ""batch_size"": 243, ""epoch"": 1, ""learning_rate"": 0.062999698639669, ""max_dropout"": 0.265956459197599, ""max_units"": 84, ""momentum"": 0.7406552278295077, ""num_layers"": 4, ""weight_decay"": 0.06744835328587634}","{""time"": 1.9147502183914185, ""val_accuracy"": 0.6775184869766235, ""val_cross_entropy"": 4.345560073852539, ""val_balanced_accuracy"": 0.012208085507154465, ""test_cross_entropy"": 4.659412860870361, ""test_balanced_accuracy"": 0.012183056212961674}"
2026-04-14T04:55:19.339003,tpe,lcbench,168329,1,385,8.135483741760254,"{""OpenML_task_id"": ""7593"", ""batch_size"": 263, ""epoch"": 2, ""learning_rate"": 0.06348642806832729, ""max_dropout"": 0.2666909050172294, ""max_units"": 115, ""momentum"": 0.15425940269655014, ""num_layers"": 4, ""weight_decay"": 0.06490622102655316}","{""time"": 8.135483741760254, ""val_accuracy"": 1.2147682905197144, ""val_cross_entropy"": 4.5012593269348145, ""val_balanced_accuracy"": 0.015304340049624443, ""test_cross_entropy"": 4.660443305969238, ""test_balanced_accuracy"": 0.015419932082295418}"
2026-04-14T04:55:19.366415,tpe,lcbench,168329,1,386,10.239739418029785,"{""OpenML_task_id"": ""167200"", ""batch_size"": 235, ""epoch"": 3, ""learning_rate"": 0.06266878911310703, ""max_dropout"": 0.19907329178637762, ""max_units"": 87, ""momentum"": 0.7541525224208264, ""num_layers"": 4, ""weight_decay"": 0.06674366551172922}","{""time"": 10.239739418029785, ""val_accuracy"": 0.4988471567630768, ""val_cross_entropy"": 4.4755859375, ""val_balanced_accuracy"": 0.010572998784482479, ""test_cross_entropy"": 4.657998561859131, ""test_balanced_accuracy"": 0.010603837668895721}"
2026-04-14T04:55:19.394460,tpe,lcbench,168329,1,387,82.64065551757812,"{""OpenML_task_id"": ""7593"", ""batch_size"": 267, ""epoch"": 19, ""learning_rate"": 0.05755956854860153, ""max_dropout"": 0.29202776565544125, ""max_units"": 127, ""momentum"": 0.6727334910477483, ""num_layers"": 4, ""weight_decay"": 0.06855896216284729}","{""time"": 82.64065551757812, ""val_accuracy"": 0.4861624836921692, ""val_cross_entropy"": 4.576344013214111, ""val_balanced_accuracy"": 0.009545297361910343, ""test_cross_entropy"": 4.650474548339844, ""test_balanced_accuracy"": 0.00943774450570345}"
2026-04-14T04:55:19.425036,tpe,lcbench,168329,1,388,1.8798884153366089,"{""OpenML_task_id"": ""7593"", ""batch_size"": 259, ""epoch"": 1, ""learning_rate"": 0.06564826043195773, ""max_dropout"": 0.22353170433921857, ""max_units"": 84, ""momentum"": 0.7196347674504875, ""num_layers"": 4, ""weight_decay"": 0.07331773137748912}","{""time"": 1.8798884153366089, ""val_accuracy"": 0.671400249004364, ""val_cross_entropy"": 4.348069190979004, ""val_balanced_accuracy"": 0.012166592292487621, ""test_cross_entropy"": 4.661836624145508, ""test_balanced_accuracy"": 0.012144357897341251}"
2026-04-14T04:55:19.450573,tpe,lcbench,168329,1,389,1.917539119720459,"{""OpenML_task_id"": ""7593"", ""batch_size"": 245, ""epoch"": 1, ""learning_rate"": 0.06476280082806694, ""max_dropout"": 0.24983721087945623, ""max_units"": 84, ""momentum"": 0.744558761021465, ""num_layers"": 4, ""weight_decay"": 0.07027513948731474}","{""time"": 1.917539119720459, ""val_accuracy"": 0.662781298160553, ""val_cross_entropy"": 4.343503475189209, ""val_balanced_accuracy"": 0.012200613506138325, ""test_cross_entropy"": 4.659358024597168, ""test_balanced_accuracy"": 0.012180848978459835}"
2026-04-14T04:55:19.478105,tpe,lcbench,168329,1,390,13.338253021240234,"{""OpenML_task_id"": ""167184"", ""batch_size"": 253, ""epoch"": 4, ""learning_rate"": 0.06471223366035529, ""max_dropout"": 0.2546470437910361, ""max_units"": 78, ""momentum"": 0.7570275598701779, ""num_layers"": 4, ""weight_decay"": 0.06976433558379226}","{""time"": 13.338253021240234, ""val_accuracy"": 0.4539647102355957, ""val_cross_entropy"": 4.4855146408081055, ""val_balanced_accuracy"": 0.010415196418762207, ""test_cross_entropy"": 4.65658712387085, ""test_balanced_accuracy"": 0.010442825965583324}"
2026-04-14T04:55:19.506205,tpe,lcbench,168329,1,391,21.141712188720703,"{""OpenML_task_id"": ""7593"", ""batch_size"": 244, ""epoch"": 6, ""learning_rate"": 0.06595016900949639, ""max_dropout"": 0.42370312523787773, ""max_units"": 82, ""momentum"": 0.7448458668173615, ""num_layers"": 4, ""weight_decay"": 0.07078814655163868}","{""time"": 21.141712188720703, ""val_accuracy"": 0.4066644310951233, ""val_cross_entropy"": 4.499217510223389, ""val_balanced_accuracy"": 0.010208412073552608, ""test_cross_entropy"": 4.6507248878479, ""test_balanced_accuracy"": 0.010214819572865963}"
2026-04-14T04:55:19.530217,tpe,lcbench,168329,1,392,6.582043170928955,"{""OpenML_task_id"": ""7593"", ""batch_size"": 260, ""epoch"": 2, ""learning_rate"": 0.06215496520077904, ""max_dropout"": 0.23421235818172556, ""max_units"": 109, ""momentum"": 0.7409425004513432, ""num_layers"": 4, ""weight_decay"": 0.06678459289633776}","{""time"": 6.582043170928955, ""val_accuracy"": 0.5998978614807129, ""val_cross_entropy"": 4.497427463531494, ""val_balanced_accuracy"": 0.010840320028364658, ""test_cross_entropy"": 4.6538987159729, ""test_balanced_accuracy"": 0.010863461531698704}"
2026-04-14T04:55:19.566283,tpe,lcbench,168329,1,393,97.59077453613281,"{""OpenML_task_id"": ""126029"", ""batch_size"": 265, ""epoch"": 27, ""learning_rate"": 0.06417222265061483, ""max_dropout"": 0.3207915838441303, ""max_units"": 64, ""momentum"": 0.6951396061891194, ""num_layers"": 4, ""weight_decay"": 0.07281834265765497}","{""time"": 97.59077453613281, ""val_accuracy"": 0.49979475140571594, ""val_cross_entropy"": 4.564784526824951, ""val_balanced_accuracy"": 0.00986028928309679, ""test_cross_entropy"": 4.64172887802124, ""test_balanced_accuracy"": 0.00969646405428648}"
2026-04-14T04:55:19.599893,tpe,lcbench,168329,1,394,9.697290420532227,"{""OpenML_task_id"": ""7593"", ""batch_size"": 252, ""epoch"": 3, ""learning_rate"": 0.06626987211984016, ""max_dropout"": 0.2740227139853047, ""max_units"": 87, ""momentum"": 0.7570749448884065, ""num_layers"": 4, ""weight_decay"": 0.06814516873941065}","{""time"": 9.697290420532227, ""val_accuracy"": 0.4981473386287689, ""val_cross_entropy"": 4.483438491821289, ""val_balanced_accuracy"": 0.010654968209564686, ""test_cross_entropy"": 4.655545711517334, ""test_balanced_accuracy"": 0.01068932842463255}"
2026-04-14T04:55:19.626457,tpe,lcbench,168329,1,395,1.983079195022583,"{""OpenML_task_id"": ""7593"", ""batch_size"": 272, ""epoch"": 1, ""learning_rate"": 0.06132477804095344, ""max_dropout"": 0.24850236919634372, ""max_units"": 109, ""momentum"": 0.7374337516484268, ""num_layers"": 4, ""weight_decay"": 0.07043225079241966}","{""time"": 1.983079195022583, ""val_accuracy"": 0.7056764364242554, ""val_cross_entropy"": 4.359787940979004, ""val_balanced_accuracy"": 0.012116639874875546, ""test_cross_entropy"": 4.6616926193237305, ""test_balanced_accuracy"": 0.012085596099495888}"
2026-04-14T04:55:19.652515,tpe,lcbench,168329,1,396,13.921141624450684,"{""OpenML_task_id"": ""7593"", ""batch_size"": 243, ""epoch"": 2, ""learning_rate"": 0.06649703339578726, ""max_dropout"": 0.3561071964912401, ""max_units"": 564, ""momentum"": 0.7243634805686899, ""num_layers"": 4, ""weight_decay"": 0.07133699883535724}","{""time"": 13.921141624450684, ""val_accuracy"": 0.7245209217071533, ""val_cross_entropy"": 4.483697891235352, ""val_balanced_accuracy"": 0.012117749080061913, ""test_cross_entropy"": 4.645114421844482, ""test_balanced_accuracy"": 0.012163552455604076}"
2026-04-14T04:55:19.682558,tpe,lcbench,168329,1,397,1.9663455486297607,"{""OpenML_task_id"": ""7593"", ""batch_size"": 258, ""epoch"": 1, ""learning_rate"": 0.06422108536874846, ""max_dropout"": 0.22983421840578458, ""max_units"": 97, ""momentum"": 0.7611647282466033, ""num_layers"": 4, ""weight_decay"": 0.07308551504729245}","{""time"": 1.9663455486297607, ""val_accuracy"": 0.6614022850990295, ""val_cross_entropy"": 4.35225772857666, ""val_balanced_accuracy"": 0.012125170789659023, ""test_cross_entropy"": 4.65941047668457, ""test_balanced_accuracy"": 0.012106706388294697}"
2026-04-14T04:55:19.707838,tpe,lcbench,168329,1,398,11.510102272033691,"{""OpenML_task_id"": ""7593"", ""batch_size"": 228, ""epoch"": 3, ""learning_rate"": 0.0632189973121804, ""max_dropout"": 0.18425483660934813, ""max_units"": 125, ""momentum"": 0.7014367501072519, ""num_layers"": 4, ""weight_decay"": 0.06565653372371409}","{""time"": 11.510102272033691, ""val_accuracy"": 0.5325841307640076, ""val_cross_entropy"": 4.481441020965576, ""val_balanced_accuracy"": 0.010565842501819134, ""test_cross_entropy"": 4.662040710449219, ""test_balanced_accuracy"": 0.010587447322905064}"
2026-04-14T04:55:19.734538,tpe,lcbench,168329,1,399,1.5633436441421509,"{""OpenML_task_id"": ""167161"", ""batch_size"": 269, ""epoch"": 1, ""learning_rate"": 0.055737933831206184, ""max_dropout"": 0.29709000543038466, ""max_units"": 83, ""momentum"": 0.6521385337894956, ""num_layers"": 5, ""weight_decay"": 0.0684846530233841}","{""time"": 1.5633436441421509, ""val_accuracy"": 0.45105695724487305, ""val_cross_entropy"": 4.421802997589111, ""val_balanced_accuracy"": 0.011776239611208439, ""test_cross_entropy"": 4.64043664932251, ""test_balanced_accuracy"": 0.011914940550923347}"
2026-04-14T04:55:19.764076,tpe,lcbench,168329,1,400,13.374509811401367,"{""OpenML_task_id"": ""168329"", ""batch_size"": 273, ""epoch"": 5, ""learning_rate"": 0.05622639563845814, ""max_dropout"": 0.2705857639436511, ""max_units"": 64, ""momentum"": 0.6715458198001238, ""num_layers"": 5, ""weight_decay"": 0.07330524539711364}","{""time"": 13.374509811401367, ""val_accuracy"": 0.35435888171195984, ""val_cross_entropy"": 4.4691243171691895, ""val_balanced_accuracy"": 0.010764539241790771, ""test_cross_entropy"": 4.643253803253174, ""test_balanced_accuracy"": 0.01093666348606348}"
2026-04-14T04:55:19.790384,tpe,lcbench,168329,1,401,9.189702987670898,"{""OpenML_task_id"": ""167152"", ""batch_size"": 263, ""epoch"": 3, ""learning_rate"": 0.051092319547311686, ""max_dropout"": 0.29934522838386096, ""max_units"": 108, ""momentum"": 0.2115906134383898, ""num_layers"": 5, ""weight_decay"": 0.07106830549908412}","{""time"": 9.189702987670898, ""val_accuracy"": 0.46429163217544556, ""val_cross_entropy"": 4.581909656524658, ""val_balanced_accuracy"": 0.010755529627203941, ""test_cross_entropy"": 4.635499000549316, ""test_balanced_accuracy"": 0.010937643237411976}"
2026-04-14T04:55:19.822144,tpe,lcbench,168329,1,402,5.241957187652588,"{""OpenML_task_id"": ""3945"", ""batch_size"": 285, ""epoch"": 2, ""learning_rate"": 0.06749398196644511, ""max_dropout"": 0.31579925816666654, ""max_units"": 127, ""momentum"": 0.7409043949742865, ""num_layers"": 5, ""weight_decay"": 0.06662213668950777}","{""time"": 5.241957187652588, ""val_accuracy"": 0.4133608639240265, ""val_cross_entropy"": 4.4952712059021, ""val_balanced_accuracy"": 0.011242561973631382, ""test_cross_entropy"": 4.639233589172363, ""test_balanced_accuracy"": 0.011451014317572117}"
2026-04-14T04:55:19.846190,tpe,lcbench,168329,1,403,1.600994348526001,"{""OpenML_task_id"": ""167161"", ""batch_size"": 271, ""epoch"": 1, ""learning_rate"": 0.06547019605175133, ""max_dropout"": 0.2540575744227913, ""max_units"": 82, ""momentum"": 0.7636024973688551, ""num_layers"": 5, ""weight_decay"": 0.06358282385884705}","{""time"": 1.600994348526001, ""val_accuracy"": 0.4492453336715698, ""val_cross_entropy"": 4.403906345367432, ""val_balanced_accuracy"": 0.011859369464218616, ""test_cross_entropy"": 4.640766143798828, ""test_balanced_accuracy"": 0.012012239545583725}"
2026-04-14T04:55:19.874231,tpe,lcbench,168329,1,404,4.666040420532227,"{""OpenML_task_id"": ""167161"", ""batch_size"": 278, ""epoch"": 2, ""learning_rate"": 0.06587743885915875, ""max_dropout"": 0.2557036092623507, ""max_units"": 83, ""momentum"": 0.7610433877820757, ""num_layers"": 5, ""weight_decay"": 0.06574974941320114}","{""time"": 4.666040420532227, ""val_accuracy"": 0.40110263228416443, ""val_cross_entropy"": 4.481998920440674, ""val_balanced_accuracy"": 0.011228225193917751, ""test_cross_entropy"": 4.639434814453125, ""test_balanced_accuracy"": 0.011433904059231281}"
2026-04-14T04:55:19.901440,tpe,lcbench,168329,1,405,1.697212815284729,"{""OpenML_task_id"": ""126025"", ""batch_size"": 271, ""epoch"": 1, ""learning_rate"": 0.07012837642545856, ""max_dropout"": 0.2807167076704372, ""max_units"": 107, ""momentum"": 0.7646035461822783, ""num_layers"": 5, ""weight_decay"": 0.06453582464250787}","{""time"": 1.697212815284729, ""val_accuracy"": 0.44747084379196167, ""val_cross_entropy"": 4.395772933959961, ""val_balanced_accuracy"": 0.01195423025637865, ""test_cross_entropy"": 4.6409173011779785, ""test_balanced_accuracy"": 0.012123714201152325}"
2026-04-14T04:55:19.931469,tpe,lcbench,168329,1,406,4.394118785858154,"{""OpenML_task_id"": ""167161"", ""batch_size"": 271, ""epoch"": 2, ""learning_rate"": 0.05466663675680211, ""max_dropout"": 0.29132098166930315, ""max_units"": 64, ""momentum"": 0.7609978371474624, ""num_layers"": 5, ""weight_decay"": 0.06575201757885651}","{""time"": 4.394118785858154, ""val_accuracy"": 0.4053325057029724, ""val_cross_entropy"": 4.507078170776367, ""val_balanced_accuracy"": 0.011094830930233002, ""test_cross_entropy"": 4.6350507736206055, ""test_balanced_accuracy"": 0.011270730756223202}"
2026-04-14T04:55:19.957570,tpe,lcbench,168329,1,407,54.12791061401367,"{""OpenML_task_id"": ""167161"", ""batch_size"": 254, ""epoch"": 4, ""learning_rate"": 0.0771689910557702, ""max_dropout"": 0.2450647998841551, ""max_units"": 762, ""momentum"": 0.6509077049879306, ""num_layers"": 5, ""weight_decay"": 0.06961576880618606}","{""time"": 54.12791061401367, ""val_accuracy"": 0.4150737226009369, ""val_cross_entropy"": 4.505066394805908, ""val_balanced_accuracy"": 0.010433528572320938, ""test_cross_entropy"": 4.616837501525879, ""test_balanced_accuracy"": 0.01061903778463602}"
2026-04-14T04:55:19.987157,tpe,lcbench,168329,1,408,1.6930294036865234,"{""OpenML_task_id"": ""167161"", ""batch_size"": 267, ""epoch"": 1, ""learning_rate"": 0.052513435031905635, ""max_dropout"": 0.285047122225536, ""max_units"": 107, ""momentum"": 0.763350755303021, ""num_layers"": 5, ""weight_decay"": 0.06400026469791045}","{""time"": 1.6930294036865234, ""val_accuracy"": 0.4696597158908844, ""val_cross_entropy"": 4.418702602386475, ""val_balanced_accuracy"": 0.01180349476635456, ""test_cross_entropy"": 4.6419548988342285, ""test_balanced_accuracy"": 0.011938849464058876}"
2026-04-14T04:55:20.019129,tpe,lcbench,168329,1,409,7.374102592468262,"{""OpenML_task_id"": ""167161"", ""batch_size"": 271, ""epoch"": 3, ""learning_rate"": 0.06820182826363935, ""max_dropout"": 0.3762785366203203, ""max_units"": 81, ""momentum"": 0.7627602700299453, ""num_layers"": 5, ""weight_decay"": 0.06185160010699342}","{""time"": 7.374102592468262, ""val_accuracy"": 0.3674026131629944, ""val_cross_entropy"": 4.456599235534668, ""val_balanced_accuracy"": 0.011200995184481144, ""test_cross_entropy"": 4.6400346755981445, ""test_balanced_accuracy"": 0.011410701088607311}"
2026-04-14T04:55:20.045147,tpe,lcbench,168329,1,410,1.6637455224990845,"{""OpenML_task_id"": ""146212"", ""batch_size"": 288, ""epoch"": 1, ""learning_rate"": 0.05121137952856776, ""max_dropout"": 0.2839155160203632, ""max_units"": 108, ""momentum"": 0.7478913886603046, ""num_layers"": 5, ""weight_decay"": 0.06277009829569422}","{""time"": 1.6637455224990845, ""val_accuracy"": 0.48130202293395996, ""val_cross_entropy"": 4.427484512329102, ""val_balanced_accuracy"": 0.01174467895179987, ""test_cross_entropy"": 4.640585899353027, ""test_balanced_accuracy"": 0.01186984684318304}"
2026-04-14T04:55:20.073864,tpe,lcbench,168329,1,411,4.341128826141357,"{""OpenML_task_id"": ""167161"", ""batch_size"": 291, ""epoch"": 2, ""learning_rate"": 0.05206422923340346, ""max_dropout"": 0.291780412464225, ""max_units"": 64, ""momentum"": 0.7652733073918817, ""num_layers"": 5, ""weight_decay"": 0.06252434134109756}","{""time"": 4.341128826141357, ""val_accuracy"": 0.42184585332870483, ""val_cross_entropy"": 4.522728443145752, ""val_balanced_accuracy"": 0.010948726907372475, ""test_cross_entropy"": 4.632206439971924, ""test_balanced_accuracy"": 0.011108403094112873}"
2026-04-14T04:55:20.101450,tpe,lcbench,168329,1,412,1.7083685398101807,"{""OpenML_task_id"": ""146212"", ""batch_size"": 306, ""epoch"": 1, ""learning_rate"": 0.052937534540182865, ""max_dropout"": 0.3137743879060084, ""max_units"": 130, ""momentum"": 0.7553229114406491, ""num_layers"": 5, ""weight_decay"": 0.06299000417910262}","{""time"": 1.7083685398101807, ""val_accuracy"": 0.4894290864467621, ""val_cross_entropy"": 4.4310808181762695, ""val_balanced_accuracy"": 0.011769143864512444, ""test_cross_entropy"": 4.639153957366943, ""test_balanced_accuracy"": 0.011898589320480824}"
2026-04-14T04:55:20.131376,tpe,lcbench,168329,1,413,8.241462707519531,"{""OpenML_task_id"": ""146212"", ""batch_size"": 325, ""epoch"": 3, ""learning_rate"": 0.0495901645652981, ""max_dropout"": 0.30644656386384583, ""max_units"": 131, ""momentum"": 0.7674320980607359, ""num_layers"": 5, ""weight_decay"": 0.06274255575265174}","{""time"": 8.241462707519531, ""val_accuracy"": 0.4264855980873108, ""val_cross_entropy"": 4.536172389984131, ""val_balanced_accuracy"": 0.01075745839625597, ""test_cross_entropy"": 4.641726970672607, ""test_balanced_accuracy"": 0.010935349389910698}"
2026-04-14T04:55:20.157906,tpe,lcbench,168329,1,414,4.837560653686523,"{""OpenML_task_id"": ""126025"", ""batch_size"": 309, ""epoch"": 2, ""learning_rate"": 0.049727849411873526, ""max_dropout"": 0.3200199231874791, ""max_units"": 107, ""momentum"": 0.7495091498168729, ""num_layers"": 5, ""weight_decay"": 0.06160336521683935}","{""time"": 4.837560653686523, ""val_accuracy"": 0.4527057707309723, ""val_cross_entropy"": 4.530877590179443, ""val_balanced_accuracy"": 0.010942046530544758, ""test_cross_entropy"": 4.633893966674805, ""test_balanced_accuracy"": 0.011099656112492085}"
2026-04-14T04:55:20.186453,tpe,lcbench,168329,1,415,171.2815704345703,"{""OpenML_task_id"": ""146212"", ""batch_size"": 305, ""epoch"": 30, ""learning_rate"": 0.05311789990352143, ""max_dropout"": 0.3520561356886757, ""max_units"": 130, ""momentum"": 0.767696342802132, ""num_layers"": 5, ""weight_decay"": 0.06375822770943944}","{""time"": 171.2815704345703, ""val_accuracy"": 0.44806355237960815, ""val_cross_entropy"": 4.582983493804932, ""val_balanced_accuracy"": 0.010198991745710373, ""test_cross_entropy"": 4.61596155166626, ""test_balanced_accuracy"": 0.010107778944075108}"
2026-04-14T04:55:20.223324,tpe,lcbench,168329,1,416,10.956497192382812,"{""OpenML_task_id"": ""146212"", ""batch_size"": 289, ""epoch"": 4, ""learning_rate"": 0.05289204668773434, ""max_dropout"": 0.32636963780883504, ""max_units"": 104, ""momentum"": 0.7457175183215449, ""num_layers"": 5, ""weight_decay"": 0.06391442292154574}","{""time"": 10.956497192382812, ""val_accuracy"": 0.38175201416015625, ""val_cross_entropy"": 4.493662357330322, ""val_balanced_accuracy"": 0.010796019807457924, ""test_cross_entropy"": 4.644115924835205, ""test_balanced_accuracy"": 0.010978085920214653}"
2026-04-14T04:55:20.250857,tpe,lcbench,168329,1,417,1.7725142240524292,"{""OpenML_task_id"": ""146212"", ""batch_size"": 274, ""epoch"": 1, ""learning_rate"": 0.048240113545678136, ""max_dropout"": 0.2818458135069196, ""max_units"": 130, ""momentum"": 0.7460678209493992, ""num_layers"": 5, ""weight_decay"": 0.06400435527740267}","{""time"": 1.7725142240524292, ""val_accuracy"": 0.4884461462497711, ""val_cross_entropy"": 4.4218902587890625, ""val_balanced_accuracy"": 0.011788892559707165, ""test_cross_entropy"": 4.64286470413208, ""test_balanced_accuracy"": 0.011916032060980797}"
2026-04-14T04:55:20.279930,tpe,lcbench,168329,1,418,1.7460192441940308,"{""OpenML_task_id"": ""146212"", ""batch_size"": 276, ""epoch"": 1, ""learning_rate"": 0.05460207958574474, ""max_dropout"": 0.2787030749808812, ""max_units"": 131, ""momentum"": 0.7606613735138131, ""num_layers"": 5, ""weight_decay"": 0.059692329614271275}","{""time"": 1.7460192441940308, ""val_accuracy"": 0.4938994348049164, ""val_cross_entropy"": 4.418545246124268, ""val_balanced_accuracy"": 0.011819647625088692, ""test_cross_entropy"": 4.64419412612915, ""test_balanced_accuracy"": 0.011955439113080502}"
2026-04-14T04:55:20.306485,tpe,lcbench,168329,1,419,5.204306125640869,"{""OpenML_task_id"": ""146212"", ""batch_size"": 316, ""epoch"": 2, ""learning_rate"": 0.05373291949881744, ""max_dropout"": 0.2785247890630169, ""max_units"": 133, ""momentum"": 0.7702420766049602, ""num_layers"": 5, ""weight_decay"": 0.0603971172562576}","{""time"": 5.204306125640869, ""val_accuracy"": 0.4664556682109833, ""val_cross_entropy"": 4.519838809967041, ""val_balanced_accuracy"": 0.01100968662649393, ""test_cross_entropy"": 4.639425277709961, ""test_balanced_accuracy"": 0.011184684932231903}"
2026-04-14T04:55:20.334457,tpe,lcbench,168329,1,420,8.729527473449707,"{""OpenML_task_id"": ""146212"", ""batch_size"": 278, ""epoch"": 3, ""learning_rate"": 0.047988831409836376, ""max_dropout"": 0.29705619541142925, ""max_units"": 131, ""momentum"": 0.7660318286679788, ""num_layers"": 5, ""weight_decay"": 0.06128620962298289}","{""time"": 8.729527473449707, ""val_accuracy"": 0.4107421636581421, ""val_cross_entropy"": 4.5151848793029785, ""val_balanced_accuracy"": 0.010790707543492317, ""test_cross_entropy"": 4.644916534423828, ""test_balanced_accuracy"": 0.010966011323034763}"
2026-04-14T04:55:20.364982,tpe,lcbench,168329,1,421,1.6776901483535767,"{""OpenML_task_id"": ""146212"", ""batch_size"": 290, ""epoch"": 1, ""learning_rate"": 0.055240907959987415, ""max_dropout"": 0.2787578879384397, ""max_units"": 116, ""momentum"": 0.7528627885458661, ""num_layers"": 5, ""weight_decay"": 0.05968756813720876}","{""time"": 1.6776901483535767, ""val_accuracy"": 0.490617036819458, ""val_cross_entropy"": 4.424700736999512, ""val_balanced_accuracy"": 0.01177260186523199, ""test_cross_entropy"": 4.642083644866943, ""test_balanced_accuracy"": 0.011903742328286171}"
2026-04-14T04:55:20.402524,tpe,lcbench,168329,1,422,8.139666557312012,"{""OpenML_task_id"": ""126025"", ""batch_size"": 299, ""epoch"": 3, ""learning_rate"": 0.045671334991649645, ""max_dropout"": 0.3108143651803621, ""max_units"": 118, ""momentum"": 0.7590746247474152, ""num_layers"": 5, ""weight_decay"": 0.06210999829503524}","{""time"": 8.139666557312012, ""val_accuracy"": 0.4190335273742676, ""val_cross_entropy"": 4.536021709442139, ""val_balanced_accuracy"": 0.010721406899392605, ""test_cross_entropy"": 4.641031742095947, ""test_balanced_accuracy"": 0.010887295007705688}"
2026-04-14T04:55:20.430070,tpe,lcbench,168329,1,423,5.349331378936768,"{""OpenML_task_id"": ""167161"", ""batch_size"": 290, ""epoch"": 2, ""learning_rate"": 0.05484966072821297, ""max_dropout"": 0.28415002301084297, ""max_units"": 135, ""momentum"": 0.781567908348666, ""num_layers"": 5, ""weight_decay"": 0.06408338867565659}","{""time"": 5.349331378936768, ""val_accuracy"": 0.4326130449771881, ""val_cross_entropy"": 4.5089874267578125, ""val_balanced_accuracy"": 0.011050816625356674, ""test_cross_entropy"": 4.640314102172852, ""test_balanced_accuracy"": 0.011240525171160698}"
2026-04-14T04:55:20.458749,tpe,lcbench,168329,1,424,1.9133557081222534,"{""OpenML_task_id"": ""167168"", ""batch_size"": 286, ""epoch"": 1, ""learning_rate"": 0.052020970222313154, ""max_dropout"": 0.35237546120199487, ""max_units"": 115, ""momentum"": 0.11446521661126446, ""num_layers"": 5, ""weight_decay"": 0.05972325557585047}","{""time"": 1.9133557081222534, ""val_accuracy"": 0.5420907735824585, ""val_cross_entropy"": 4.451160907745361, ""val_balanced_accuracy"": 0.011882600374519825, ""test_cross_entropy"": 4.629829406738281, ""test_balanced_accuracy"": 0.011995136737823486}"
2026-04-14T04:55:20.485287,tpe,lcbench,168329,1,425,246.7307891845703,"{""OpenML_task_id"": ""146212"", ""batch_size"": 308, ""epoch"": 37, ""learning_rate"": 0.05010386128409631, ""max_dropout"": 0.28586353393909913, ""max_units"": 138, ""momentum"": 0.7529724344964732, ""num_layers"": 5, ""weight_decay"": 0.0631500085744747}","{""time"": 246.7307891845703, ""val_accuracy"": 0.5242121815681458, ""val_cross_entropy"": 4.594231128692627, ""val_balanced_accuracy"": 0.01009361818432808, ""test_cross_entropy"": 4.6166157722473145, ""test_balanced_accuracy"": 0.00996923353523016}"
2026-04-14T04:55:20.517317,tpe,lcbench,168329,1,426,4.932384490966797,"{""OpenML_task_id"": ""146212"", ""batch_size"": 278, ""epoch"": 2, ""learning_rate"": 0.05717925621219174, ""max_dropout"": 0.3386493721754737, ""max_units"": 109, ""momentum"": 0.7746591332625247, ""num_layers"": 5, ""weight_decay"": 0.06166639089881014}","{""time"": 4.932384490966797, ""val_accuracy"": 0.4201227128505707, ""val_cross_entropy"": 4.5078511238098145, ""val_balanced_accuracy"": 0.01109370868653059, ""test_cross_entropy"": 4.636645317077637, ""test_balanced_accuracy"": 0.011276515200734138}"
2026-04-14T04:55:20.544851,tpe,lcbench,168329,1,427,11.747161865234375,"{""OpenML_task_id"": ""146212"", ""batch_size"": 300, ""epoch"": 4, ""learning_rate"": 0.05457095631530943, ""max_dropout"": 0.30734719763863205, ""max_units"": 128, ""momentum"": 0.7487582982494456, ""num_layers"": 5, ""weight_decay"": 0.0647381213197363}","{""time"": 11.747161865234375, ""val_accuracy"": 0.38810333609580994, ""val_cross_entropy"": 4.492997169494629, ""val_balanced_accuracy"": 0.010815558023750782, ""test_cross_entropy"": 4.646298408508301, ""test_balanced_accuracy"": 0.011007376946508884}"
2026-04-14T04:55:20.576388,tpe,lcbench,168329,1,428,1.6623510122299194,"{""OpenML_task_id"": ""168910"", ""batch_size"": 292, ""epoch"": 1, ""learning_rate"": 0.0514776190827433, ""max_dropout"": 0.27128043429837917, ""max_units"": 107, ""momentum"": 0.7637229453314741, ""num_layers"": 5, ""weight_decay"": 0.059513873463148625}","{""time"": 1.6623510122299194, ""val_accuracy"": 0.4915612041950226, ""val_cross_entropy"": 4.428290843963623, ""val_balanced_accuracy"": 0.011724669486284256, ""test_cross_entropy"": 4.640968322753906, ""test_balanced_accuracy"": 0.011843726970255375}"
2026-04-14T04:55:20.603921,tpe,lcbench,168329,1,429,7.597217559814453,"{""OpenML_task_id"": ""168910"", ""batch_size"": 332, ""epoch"": 3, ""learning_rate"": 0.05106309762369321, ""max_dropout"": 0.26884810260653086, ""max_units"": 104, ""momentum"": 0.7693201029017129, ""num_layers"": 5, ""weight_decay"": 0.05857967735242491}","{""time"": 7.597217559814453, ""val_accuracy"": 0.4306429624557495, ""val_cross_entropy"": 4.536616325378418, ""val_balanced_accuracy"": 0.010685577988624573, ""test_cross_entropy"": 4.6408538818359375, ""test_balanced_accuracy"": 0.010858137160539627}"
2026-04-14T04:55:20.633189,tpe,lcbench,168329,1,430,137.31922912597656,"{""OpenML_task_id"": ""168910"", ""batch_size"": 295, ""epoch"": 25, ""learning_rate"": 0.05685235450119057, ""max_dropout"": 0.2980412130164725, ""max_units"": 133, ""momentum"": 0.7858286957297806, ""num_layers"": 5, ""weight_decay"": 0.05986835716584729}","{""time"": 137.31922912597656, ""val_accuracy"": 0.4185829758644104, ""val_cross_entropy"": 4.558661460876465, ""val_balanced_accuracy"": 0.010291500017046928, ""test_cross_entropy"": 4.618202209472656, ""test_balanced_accuracy"": 0.010236312635242939}"
2026-04-14T04:55:20.662735,tpe,lcbench,168329,1,431,1.6525896787643433,"{""OpenML_task_id"": ""146212"", ""batch_size"": 309, ""epoch"": 1, ""learning_rate"": 0.05314614896940188, ""max_dropout"": 0.32946996741326373, ""max_units"": 117, ""momentum"": 0.7532874396173422, ""num_layers"": 5, ""weight_decay"": 0.0568269366604675}","{""time"": 1.6525896787643433, ""val_accuracy"": 0.5047678351402283, ""val_cross_entropy"": 4.434376239776611, ""val_balanced_accuracy"": 0.011744365096092224, ""test_cross_entropy"": 4.638857364654541, ""test_balanced_accuracy"": 0.011859143152832985}"
2026-04-14T04:55:20.690760,tpe,lcbench,168329,1,432,1.7097630500793457,"{""OpenML_task_id"": ""146212"", ""batch_size"": 311, ""epoch"": 1, ""learning_rate"": 0.052895247651747454, ""max_dropout"": 0.3330067315766835, ""max_units"": 136, ""momentum"": 0.7595937666019877, ""num_layers"": 5, ""weight_decay"": 0.05666609909120791}","{""time"": 1.7097630500793457, ""val_accuracy"": 0.5137436389923096, ""val_cross_entropy"": 4.433431148529053, ""val_balanced_accuracy"": 0.011768358759582043, ""test_cross_entropy"": 4.639858722686768, ""test_balanced_accuracy"": 0.011883620172739029}"
2026-04-14T04:55:20.723799,tpe,lcbench,168329,1,433,5.13458251953125,"{""OpenML_task_id"": ""146212"", ""batch_size"": 315, ""epoch"": 2, ""learning_rate"": 0.053422578393845926, ""max_dropout"": 0.3322783859329075, ""max_units"": 137, ""momentum"": 0.7895791034160073, ""num_layers"": 5, ""weight_decay"": 0.05691762689083185}","{""time"": 5.13458251953125, ""val_accuracy"": 0.47358712553977966, ""val_cross_entropy"": 4.520758628845215, ""val_balanced_accuracy"": 0.011038703843951225, ""test_cross_entropy"": 4.638556003570557, ""test_balanced_accuracy"": 0.011205910705029964}"
2026-04-14T04:55:20.752320,tpe,lcbench,168329,1,434,7.952807903289795,"{""OpenML_task_id"": ""146212"", ""batch_size"": 305, ""epoch"": 3, ""learning_rate"": 0.048657714588016834, ""max_dropout"": 0.3752197508204057, ""max_units"": 120, ""momentum"": 0.7620812802709832, ""num_layers"": 5, ""weight_decay"": 0.057553142451934}","{""time"": 7.952807903289795, ""val_accuracy"": 0.424220472574234, ""val_cross_entropy"": 4.541209697723389, ""val_balanced_accuracy"": 0.010726581327617168, ""test_cross_entropy"": 4.638925075531006, ""test_balanced_accuracy"": 0.010888000950217247}"
2026-04-14T04:55:20.784203,tpe,lcbench,168329,1,435,3.7275619506835938,"{""OpenML_task_id"": ""146212"", ""batch_size"": 315, ""epoch"": 1, ""learning_rate"": 0.05198061865612918, ""max_dropout"": 0.3188785757445729, ""max_units"": 907, ""momentum"": 0.7777439965502588, ""num_layers"": 5, ""weight_decay"": 0.059791749972321874}","{""time"": 3.7275619506835938, ""val_accuracy"": 0.6749929189682007, ""val_cross_entropy"": 4.433162689208984, ""val_balanced_accuracy"": 0.011980023235082626, ""test_cross_entropy"": 4.612265110015869, ""test_balanced_accuracy"": 0.012095374055206776}"
2026-04-14T04:55:20.810692,tpe,lcbench,168329,1,436,5.382798671722412,"{""OpenML_task_id"": ""146212"", ""batch_size"": 299, ""epoch"": 2, ""learning_rate"": 0.04186816465161414, ""max_dropout"": 0.33546277971059657, ""max_units"": 145, ""momentum"": 0.7587156580827333, ""num_layers"": 5, ""weight_decay"": 0.05972742980501778}","{""time"": 5.382798671722412, ""val_accuracy"": 0.48583710193634033, ""val_cross_entropy"": 4.529808521270752, ""val_balanced_accuracy"": 0.01098455861210823, ""test_cross_entropy"": 4.636775493621826, ""test_balanced_accuracy"": 0.011128379963338375}"
2026-04-14T04:55:20.837748,tpe,lcbench,168329,1,437,111.24124908447266,"{""OpenML_task_id"": ""146212"", ""batch_size"": 292, ""epoch"": 22, ""learning_rate"": 0.05582438128075537, ""max_dropout"": 0.31398146933794124, ""max_units"": 138, ""momentum"": 0.7939895130412602, ""num_layers"": 5, ""weight_decay"": 0.05620753251204302}","{""time"": 111.24124908447266, ""val_accuracy"": 0.4008265435695648, ""val_cross_entropy"": 4.565966606140137, ""val_balanced_accuracy"": 0.010171541944146156, ""test_cross_entropy"": 4.620359897613525, ""test_balanced_accuracy"": 0.01013884600251913}"
2026-04-14T04:55:20.864177,tpe,lcbench,168329,1,438,1.6581676006317139,"{""OpenML_task_id"": ""146212"", ""batch_size"": 307, ""epoch"": 1, ""learning_rate"": 0.05066448554013931, ""max_dropout"": 0.3545286832274424, ""max_units"": 118, ""momentum"": 0.7495950950149817, ""num_layers"": 5, ""weight_decay"": 0.06341281217728523}","{""time"": 1.6581676006317139, ""val_accuracy"": 0.48315444588661194, ""val_cross_entropy"": 4.435013771057129, ""val_balanced_accuracy"": 0.011759270913898945, ""test_cross_entropy"": 4.6359782218933105, ""test_balanced_accuracy"": 0.011882374063134193}"
2026-04-14T04:55:20.891719,tpe,lcbench,168329,1,439,57.301727294921875,"{""OpenML_task_id"": ""146212"", ""batch_size"": 318, ""epoch"": 15, ""learning_rate"": 0.04682915048137747, ""max_dropout"": 0.36157563816786187, ""max_units"": 129, ""momentum"": 0.7716947333673075, ""num_layers"": 5, ""weight_decay"": 0.06363910672989767}","{""time"": 57.301727294921875, ""val_accuracy"": 0.3739250898361206, ""val_cross_entropy"": 4.5570878982543945, ""val_balanced_accuracy"": 0.010060367174446583, ""test_cross_entropy"": 4.626343250274658, ""test_balanced_accuracy"": 0.010090981610119343}"
2026-04-14T04:55:20.918628,tpe,lcbench,168329,1,440,10.976019859313965,"{""OpenML_task_id"": ""146212"", ""batch_size"": 307, ""epoch"": 4, ""learning_rate"": 0.05006540221227051, ""max_dropout"": 0.3925474484319226, ""max_units"": 117, ""momentum"": 0.7513621071887336, ""num_layers"": 5, ""weight_decay"": 0.061157872766036916}","{""time"": 10.976019859313965, ""val_accuracy"": 0.3951365053653717, ""val_cross_entropy"": 4.52620792388916, ""val_balanced_accuracy"": 0.01070020068436861, ""test_cross_entropy"": 4.641039848327637, ""test_balanced_accuracy"": 0.010869202204048634}"
2026-04-14T04:55:20.946221,tpe,lcbench,168329,1,441,17.04754638671875,"{""OpenML_task_id"": ""146212"", ""batch_size"": 305, ""epoch"": 6, ""learning_rate"": 0.05431956782654837, ""max_dropout"": 0.3461562336597961, ""max_units"": 94, ""momentum"": 0.7876612143658934, ""num_layers"": 5, ""weight_decay"": 0.05785881928133529}","{""time"": 17.04754638671875, ""val_accuracy"": 0.36470550298690796, ""val_cross_entropy"": 4.485615253448486, ""val_balanced_accuracy"": 0.01064759399741888, ""test_cross_entropy"": 4.641046047210693, ""test_balanced_accuracy"": 0.010802281089127064}"
2026-04-14T04:55:20.974746,tpe,lcbench,168329,1,442,5.25590181350708,"{""OpenML_task_id"": ""189354"", ""batch_size"": 286, ""epoch"": 2, ""learning_rate"": 0.05198230795320634, ""max_dropout"": 0.4261216424350151, ""max_units"": 144, ""momentum"": 0.7517848422941039, ""num_layers"": 5, ""weight_decay"": 0.06407477685748542}","{""time"": 5.25590181350708, ""val_accuracy"": 0.4337242841720581, ""val_cross_entropy"": 4.525059223175049, ""val_balanced_accuracy"": 0.011086982674896717, ""test_cross_entropy"": 4.634227275848389, ""test_balanced_accuracy"": 0.011258097365498543}"
2026-04-14T04:55:21.002091,tpe,lcbench,168329,1,443,247.3820037841797,"{""OpenML_task_id"": ""168910"", ""batch_size"": 324, ""epoch"": 42, ""learning_rate"": 0.05592610124182139, ""max_dropout"": 0.2935536320250638, ""max_units"": 101, ""momentum"": 0.7682480597784356, ""num_layers"": 5, ""weight_decay"": 0.062129878180509725}","{""time"": 247.3820037841797, ""val_accuracy"": 0.548679530620575, ""val_cross_entropy"": 4.577703475952148, ""val_balanced_accuracy"": 0.010301555506885052, ""test_cross_entropy"": 4.613407135009766, ""test_balanced_accuracy"": 0.010150416754186153}"
2026-04-14T04:55:21.030416,tpe,lcbench,168329,1,444,30.28664779663086,"{""OpenML_task_id"": ""189906"", ""batch_size"": 311, ""epoch"": 9, ""learning_rate"": 0.04842165264385598, ""max_dropout"": 0.31637870889139164, ""max_units"": 119, ""momentum"": 0.7481385762124807, ""num_layers"": 5, ""weight_decay"": 0.05554203197964426}","{""time"": 30.28664779663086, ""val_accuracy"": 0.3783363997936249, ""val_cross_entropy"": 4.535234451293945, ""val_balanced_accuracy"": 0.01013567578047514, ""test_cross_entropy"": 4.6386847496032715, ""test_balanced_accuracy"": 0.010233892127871513}"
2026-04-14T04:55:21.056936,tpe,lcbench,168329,1,445,1.4531804323196411,"{""OpenML_task_id"": ""126025"", ""batch_size"": 297, ""epoch"": 1, ""learning_rate"": 0.05280796948658277, ""max_dropout"": 0.3280746649843573, ""max_units"": 64, ""momentum"": 0.7937667186541946, ""num_layers"": 5, ""weight_decay"": 0.059004178164717286}","{""time"": 1.4531804323196411, ""val_accuracy"": 0.46566271781921387, ""val_cross_entropy"": 4.43402624130249, ""val_balanced_accuracy"": 0.011704180389642715, ""test_cross_entropy"": 4.634997844696045, ""test_balanced_accuracy"": 0.011814936995506287}"
2026-04-14T04:55:21.083813,tpe,lcbench,168329,1,446,7.078474521636963,"{""OpenML_task_id"": ""34539"", ""batch_size"": 297, ""epoch"": 3, ""learning_rate"": 0.051173816572777885, ""max_dropout"": 0.33915127130191514, ""max_units"": 78, ""momentum"": 0.7719467526844469, ""num_layers"": 5, ""weight_decay"": 0.0601718115973562}","{""time"": 7.078474521636963, ""val_accuracy"": 0.3999643325805664, ""val_cross_entropy"": 4.520071029663086, ""val_balanced_accuracy"": 0.010813495144248009, ""test_cross_entropy"": 4.638243198394775, ""test_balanced_accuracy"": 0.010984201915562153}"
2026-04-14T04:55:21.112539,tpe,lcbench,168329,1,447,13.92253589630127,"{""OpenML_task_id"": ""126025"", ""batch_size"": 287, ""epoch"": 5, ""learning_rate"": 0.05337952529550069, ""max_dropout"": 0.3560740489681335, ""max_units"": 95, ""momentum"": 0.7947809833253172, ""num_layers"": 5, ""weight_decay"": 0.058385332765968266}","{""time"": 13.92253589630127, ""val_accuracy"": 0.3657016158103943, ""val_cross_entropy"": 4.4745049476623535, ""val_balanced_accuracy"": 0.010783877223730087, ""test_cross_entropy"": 4.642395973205566, ""test_balanced_accuracy"": 0.010952945798635483}"
2026-04-14T04:55:21.141686,tpe,lcbench,168329,1,448,1.5242984294891357,"{""OpenML_task_id"": ""126025"", ""batch_size"": 304, ""epoch"": 1, ""learning_rate"": 0.04565052863435484, ""max_dropout"": 0.28588736230519607, ""max_units"": 69, ""momentum"": 0.7448723110971287, ""num_layers"": 5, ""weight_decay"": 0.06425579866292873}","{""time"": 1.5242984294891357, ""val_accuracy"": 0.46695148944854736, ""val_cross_entropy"": 4.435271263122559, ""val_balanced_accuracy"": 0.011623646132647991, ""test_cross_entropy"": 4.633741855621338, ""test_balanced_accuracy"": 0.011721605435013771}"
2026-04-14T04:55:21.169219,tpe,lcbench,168329,1,449,4.395513534545898,"{""OpenML_task_id"": ""167161"", ""batch_size"": 300, ""epoch"": 2, ""learning_rate"": 0.04706953487962939, ""max_dropout"": 0.28402756887407143, ""max_units"": 65, ""momentum"": 0.7455332792134927, ""num_layers"": 5, ""weight_decay"": 0.0649765887916513}","{""time"": 4.395513534545898, ""val_accuracy"": 0.4264237880706787, ""val_cross_entropy"": 4.534150123596191, ""val_balanced_accuracy"": 0.010844601318240166, ""test_cross_entropy"": 4.62991189956665, ""test_balanced_accuracy"": 0.010992270894348621}"
2026-04-14T04:55:21.197343,tpe,lcbench,168329,1,450,1.578682780265808,"{""OpenML_task_id"": ""146212"", ""batch_size"": 314, ""epoch"": 1, ""learning_rate"": 0.04440030457854776, ""max_dropout"": 0.3864135495387474, ""max_units"": 95, ""momentum"": 0.7637666824979132, ""num_layers"": 5, ""weight_decay"": 0.06325923151670047}","{""time"": 1.578682780265808, ""val_accuracy"": 0.48079463839530945, ""val_cross_entropy"": 4.441008567810059, ""val_balanced_accuracy"": 0.011701211333274841, ""test_cross_entropy"": 4.6307172775268555, ""test_balanced_accuracy"": 0.01180268358439207}"
2026-04-14T04:55:21.223363,tpe,lcbench,168329,1,451,7.494027137756348,"{""OpenML_task_id"": ""126025"", ""batch_size"": 322, ""epoch"": 3, ""learning_rate"": 0.043646676435540224, ""max_dropout"": 0.37291925685342187, ""max_units"": 102, ""momentum"": 0.779138846270787, ""num_layers"": 5, ""weight_decay"": 0.06226331258402116}","{""time"": 7.494027137756348, ""val_accuracy"": 0.4210396111011505, ""val_cross_entropy"": 4.547601222991943, ""val_balanced_accuracy"": 0.01069638505578041, ""test_cross_entropy"": 4.634523868560791, ""test_balanced_accuracy"": 0.010851677507162094}"
2026-04-14T04:55:21.253388,tpe,lcbench,168329,1,452,1.732074499130249,"{""OpenML_task_id"": ""126025"", ""batch_size"": 338, ""epoch"": 1, ""learning_rate"": 0.04084523926052362, ""max_dropout"": 0.32840515828975514, ""max_units"": 117, ""momentum"": 0.7587757062760005, ""num_layers"": 5, ""weight_decay"": 0.06070693443973132}","{""time"": 1.732074499130249, ""val_accuracy"": 0.5155635476112366, ""val_cross_entropy"": 4.444674968719482, ""val_balanced_accuracy"": 0.011644282378256321, ""test_cross_entropy"": 4.633036136627197, ""test_balanced_accuracy"": 0.011739819310605526}"
2026-04-14T04:55:21.283317,tpe,lcbench,168329,1,453,4.869633197784424,"{""OpenML_task_id"": ""126025"", ""batch_size"": 335, ""epoch"": 2, ""learning_rate"": 0.04532569909759333, ""max_dropout"": 0.3961291048744764, ""max_units"": 123, ""momentum"": 0.7938548781604442, ""num_layers"": 5, ""weight_decay"": 0.060206374991472106}","{""time"": 4.869633197784424, ""val_accuracy"": 0.4745709300041199, ""val_cross_entropy"": 4.538926601409912, ""val_balanced_accuracy"": 0.010954638943076134, ""test_cross_entropy"": 4.630305767059326, ""test_balanced_accuracy"": 0.011106136254966259}"
2026-04-14T04:55:21.311911,tpe,lcbench,168329,1,454,1.7474137544631958,"{""OpenML_task_id"": ""126025"", ""batch_size"": 313, ""epoch"": 1, ""learning_rate"": 0.03800282290245683, ""max_dropout"": 0.33303165161505943, ""max_units"": 118, ""momentum"": 0.764142867061654, ""num_layers"": 5, ""weight_decay"": 0.06353607252487714}","{""time"": 1.7474137544631958, ""val_accuracy"": 0.5023206472396851, ""val_cross_entropy"": 4.44097375869751, ""val_balanced_accuracy"": 0.011647481471300125, ""test_cross_entropy"": 4.633630752563477, ""test_balanced_accuracy"": 0.01173784863203764}"
2026-04-14T04:55:21.339933,tpe,lcbench,168329,1,455,8.371149063110352,"{""OpenML_task_id"": ""126025"", ""batch_size"": 356, ""epoch"": 3, ""learning_rate"": 0.041889052230964, ""max_dropout"": 0.38506848122366516, ""max_units"": 141, ""momentum"": 0.7717483032218284, ""num_layers"": 5, ""weight_decay"": 0.06391788801146966}","{""time"": 8.371149063110352, ""val_accuracy"": 0.44686442613601685, ""val_cross_entropy"": 4.565635681152344, ""val_balanced_accuracy"": 0.010642537847161293, ""test_cross_entropy"": 4.632536888122559, ""test_balanced_accuracy"": 0.010800323449075222}"
2026-04-14T04:55:21.365969,tpe,lcbench,168329,1,456,304.5218505859375,"{""OpenML_task_id"": ""126025"", ""batch_size"": 338, ""epoch"": 48, ""learning_rate"": 0.04673498211255351, ""max_dropout"": 0.33203041644553954, ""max_units"": 115, ""momentum"": 0.803233756929643, ""num_layers"": 5, ""weight_decay"": 0.06209444763451577}","{""time"": 304.5218505859375, ""val_accuracy"": 0.71830153465271, ""val_cross_entropy"": 4.593592166900635, ""val_balanced_accuracy"": 0.010227159596979618, ""test_cross_entropy"": 4.611460208892822, ""test_balanced_accuracy"": 0.010058832354843616}"
2026-04-14T04:55:21.394993,tpe,lcbench,168329,1,457,5.116454601287842,"{""OpenML_task_id"": ""126025"", ""batch_size"": 316, ""epoch"": 2, ""learning_rate"": 0.0386489933708643, ""max_dropout"": 0.3664534392345786, ""max_units"": 128, ""momentum"": 0.7629541490185722, ""num_layers"": 5, ""weight_decay"": 0.05799172984114131}","{""time"": 5.116454601287842, ""val_accuracy"": 0.49720096588134766, ""val_cross_entropy"": 4.541399002075195, ""val_balanced_accuracy"": 0.010915510356426239, ""test_cross_entropy"": 4.631443500518799, ""test_balanced_accuracy"": 0.01104580145329237}"
2026-04-14T04:55:21.422535,tpe,lcbench,168329,1,458,1.7097630500793457,"{""OpenML_task_id"": ""126025"", ""batch_size"": 346, ""epoch"": 1, ""learning_rate"": 0.04067515230336681, ""max_dropout"": 0.34634411689111494, ""max_units"": 116, ""momentum"": 0.7845346966407519, ""num_layers"": 5, ""weight_decay"": 0.06025862481196925}","{""time"": 1.7097630500793457, ""val_accuracy"": 0.5177117586135864, ""val_cross_entropy"": 4.448461532592773, ""val_balanced_accuracy"": 0.011642261408269405, ""test_cross_entropy"": 4.630437850952148, ""test_balanced_accuracy"": 0.011735990643501282}"
2026-04-14T04:55:21.449062,tpe,lcbench,168329,1,459,11.991194725036621,"{""OpenML_task_id"": ""126025"", ""batch_size"": 330, ""epoch"": 4, ""learning_rate"": 0.04246876614717255, ""max_dropout"": 0.3218182282597419, ""max_units"": 142, ""momentum"": 0.7947185387455208, ""num_layers"": 5, ""weight_decay"": 0.06069906783677683}","{""time"": 11.991194725036621, ""val_accuracy"": 0.41766026616096497, ""val_cross_entropy"": 4.545522689819336, ""val_balanced_accuracy"": 0.010586942546069622, ""test_cross_entropy"": 4.642530918121338, ""test_balanced_accuracy"": 0.01074447762221098}"
2026-04-14T04:55:21.477616,tpe,lcbench,168329,1,460,283.98828125,"{""OpenML_task_id"": ""126025"", ""batch_size"": 345, ""epoch"": 50, ""learning_rate"": 0.037533125293477895, ""max_dropout"": 0.3056302270693641, ""max_units"": 122, ""momentum"": 0.7831388836380071, ""num_layers"": 5, ""weight_decay"": 0.05605620421357552}","{""time"": 283.98828125, ""val_accuracy"": 0.9862725138664246, ""val_cross_entropy"": 4.576043128967285, ""val_balanced_accuracy"": 0.010194013826549053, ""test_cross_entropy"": 4.617114067077637, ""test_balanced_accuracy"": 0.010034381411969662}"
2026-04-14T04:55:21.506715,tpe,lcbench,168329,1,461,1.6846625804901123,"{""OpenML_task_id"": ""126025"", ""batch_size"": 314, ""epoch"": 1, ""learning_rate"": 0.04100340036003383, ""max_dropout"": 0.33865163671773024, ""max_units"": 113, ""momentum"": 0.8023161377290989, ""num_layers"": 5, ""weight_decay"": 0.0634939921801199}","{""time"": 1.6846625804901123, ""val_accuracy"": 0.4919232428073883, ""val_cross_entropy"": 4.443437576293945, ""val_balanced_accuracy"": 0.011656548827886581, ""test_cross_entropy"": 4.633415699005127, ""test_balanced_accuracy"": 0.011752589605748653}"
2026-04-14T04:55:21.534258,tpe,lcbench,168329,1,462,4.746920108795166,"{""OpenML_task_id"": ""126025"", ""batch_size"": 346, ""epoch"": 2, ""learning_rate"": 0.04102620904593203, ""max_dropout"": 0.344381979616829, ""max_units"": 108, ""momentum"": 0.7879216797446761, ""num_layers"": 5, ""weight_decay"": 0.05901896057384032}","{""time"": 4.746920108795166, ""val_accuracy"": 0.4891248643398285, ""val_cross_entropy"": 4.546285152435303, ""val_balanced_accuracy"": 0.010842285118997097, ""test_cross_entropy"": 4.628122806549072, ""test_balanced_accuracy"": 0.010980620048940182}"
2026-04-14T04:55:21.562839,tpe,lcbench,168329,1,463,7.231866359710693,"{""OpenML_task_id"": ""126025"", ""batch_size"": 387, ""epoch"": 3, ""learning_rate"": 0.04997464109431279, ""max_dropout"": 0.3287655988555265, ""max_units"": 103, ""momentum"": 0.8093152262767266, ""num_layers"": 5, ""weight_decay"": 0.06238742488183667}","{""time"": 7.231866359710693, ""val_accuracy"": 0.4323185682296753, ""val_cross_entropy"": 4.554973125457764, ""val_balanced_accuracy"": 0.010693610645830631, ""test_cross_entropy"": 4.632423400878906, ""test_balanced_accuracy"": 0.010868974030017853}"
2026-04-14T04:55:21.592745,tpe,lcbench,168329,1,464,1.7794865369796753,"{""OpenML_task_id"": ""126025"", ""batch_size"": 360, ""epoch"": 1, ""learning_rate"": 0.043790399345529994, ""max_dropout"": 0.36099747869590676, ""max_units"": 146, ""momentum"": 0.8035141169393897, ""num_layers"": 5, ""weight_decay"": 0.06091017926340457}","{""time"": 1.7794865369796753, ""val_accuracy"": 0.5273279547691345, ""val_cross_entropy"": 4.450123310089111, ""val_balanced_accuracy"": 0.011699738912284374, ""test_cross_entropy"": 4.6313958168029785, ""test_balanced_accuracy"": 0.011808696202933788}"
2026-04-14T04:55:21.619610,tpe,lcbench,168329,1,465,10.245317459106445,"{""OpenML_task_id"": ""126025"", ""batch_size"": 369, ""epoch"": 2, ""learning_rate"": 0.03850404650291869, ""max_dropout"": 0.4096178013940726, ""max_units"": 585, ""momentum"": 0.7800771738310172, ""num_layers"": 5, ""weight_decay"": 0.06550685030850056}","{""time"": 10.245317459106445, ""val_accuracy"": 0.6212896704673767, ""val_cross_entropy"": 4.557871341705322, ""val_balanced_accuracy"": 0.01094647217541933, ""test_cross_entropy"": 4.620131015777588, ""test_balanced_accuracy"": 0.011118090711534023}"
2026-04-14T04:55:21.649141,tpe,lcbench,168329,1,466,1.7404413223266602,"{""OpenML_task_id"": ""126025"", ""batch_size"": 321, ""epoch"": 1, ""learning_rate"": 0.0408198620929786, ""max_dropout"": 0.3097731489341627, ""max_units"": 115, ""momentum"": 0.7659320945763722, ""num_layers"": 5, ""weight_decay"": 0.05772935749014188}","{""time"": 1.7404413223266602, ""val_accuracy"": 0.5194634795188904, ""val_cross_entropy"": 4.442930221557617, ""val_balanced_accuracy"": 0.011643616482615471, ""test_cross_entropy"": 4.636149883270264, ""test_balanced_accuracy"": 0.011729343794286251}"
2026-04-14T04:55:21.677244,tpe,lcbench,168329,1,467,10.508872032165527,"{""OpenML_task_id"": ""146212"", ""batch_size"": 326, ""epoch"": 4, ""learning_rate"": 0.0408483358149936, ""max_dropout"": 0.3170733400980401, ""max_units"": 101, ""momentum"": 0.7958335350389776, ""num_layers"": 5, ""weight_decay"": 0.05687318729738208}","{""time"": 10.508872032165527, ""val_accuracy"": 0.41679444909095764, ""val_cross_entropy"": 4.553849220275879, ""val_balanced_accuracy"": 0.010481058619916439, ""test_cross_entropy"": 4.639580726623535, ""test_balanced_accuracy"": 0.010623738169670105}"
2026-04-14T04:55:21.705758,tpe,lcbench,168329,1,468,5.024419784545898,"{""OpenML_task_id"": ""126025"", ""batch_size"": 332, ""epoch"": 2, ""learning_rate"": 0.04082440715518978, ""max_dropout"": 0.44064962846639644, ""max_units"": 138, ""momentum"": 0.7705795075650503, ""num_layers"": 5, ""weight_decay"": 0.054699049838065894}","{""time"": 5.024419784545898, ""val_accuracy"": 0.5143446922302246, ""val_cross_entropy"": 4.543274402618408, ""val_balanced_accuracy"": 0.011004479601979256, ""test_cross_entropy"": 4.628717422485352, ""test_balanced_accuracy"": 0.011133029125630856}"
2026-04-14T04:55:21.732309,tpe,lcbench,168329,1,469,1.7125519514083862,"{""OpenML_task_id"": ""167104"", ""batch_size"": 323, ""epoch"": 1, ""learning_rate"": 0.043990393591848045, ""max_dropout"": 0.3005065709430224, ""max_units"": 114, ""momentum"": 0.7620066891493054, ""num_layers"": 5, ""weight_decay"": 0.05899141159889375}","{""time"": 1.7125519514083862, ""val_accuracy"": 0.5113651156425476, ""val_cross_entropy"": 4.44230842590332, ""val_balanced_accuracy"": 0.011635580100119114, ""test_cross_entropy"": 4.636419296264648, ""test_balanced_accuracy"": 0.011729097925126553}"
2026-04-14T04:55:21.760847,tpe,lcbench,168329,1,470,7.411753177642822,"{""OpenML_task_id"": ""167161"", ""batch_size"": 324, ""epoch"": 3, ""learning_rate"": 0.044919974103325225, ""max_dropout"": 0.31096308553508795, ""max_units"": 97, ""momentum"": 0.8058741602359003, ""num_layers"": 5, ""weight_decay"": 0.05803641466725425}","{""time"": 7.411753177642822, ""val_accuracy"": 0.4264677166938782, ""val_cross_entropy"": 4.539286136627197, ""val_balanced_accuracy"": 0.010676960460841656, ""test_cross_entropy"": 4.638681888580322, ""test_balanced_accuracy"": 0.010836144909262657}"
2026-04-14T04:55:21.789027,tpe,lcbench,168329,1,471,1.6776901483535767,"{""OpenML_task_id"": ""167104"", ""batch_size"": 319, ""epoch"": 1, ""learning_rate"": 0.043824687065605, ""max_dropout"": 0.34616766083872935, ""max_units"": 114, ""momentum"": 0.7779366606702488, ""num_layers"": 5, ""weight_decay"": 0.05874723210000488}","{""time"": 1.6776901483535767, ""val_accuracy"": 0.5072336792945862, ""val_cross_entropy"": 4.443446159362793, ""val_balanced_accuracy"": 0.011661508120596409, ""test_cross_entropy"": 4.634540557861328, ""test_balanced_accuracy"": 0.011753485538065434}"
2026-04-14T04:55:21.819591,tpe,lcbench,168329,1,472,4.756681442260742,"{""OpenML_task_id"": ""167104"", ""batch_size"": 340, ""epoch"": 2, ""learning_rate"": 0.04369689345793864, ""max_dropout"": 0.35088713729658627, ""max_units"": 115, ""momentum"": 0.8399086385005271, ""num_layers"": 5, ""weight_decay"": 0.053935579165108355}","{""time"": 4.756681442260742, ""val_accuracy"": 0.49765637516975403, ""val_cross_entropy"": 4.539515495300293, ""val_balanced_accuracy"": 0.010896539315581322, ""test_cross_entropy"": 4.6327009201049805, ""test_balanced_accuracy"": 0.011038745753467083}"
2026-04-14T04:55:21.847375,tpe,lcbench,168329,1,473,14.644871711730957,"{""OpenML_task_id"": ""168335"", ""batch_size"": 320, ""epoch"": 5, ""learning_rate"": 0.039928907277182596, ""max_dropout"": 0.30161059855398337, ""max_units"": 117, ""momentum"": 0.7811132039901209, ""num_layers"": 5, ""weight_decay"": 0.05854704923989475}","{""time"": 14.644871711730957, ""val_accuracy"": 0.4054848253726959, ""val_cross_entropy"": 4.544776439666748, ""val_balanced_accuracy"": 0.010408047586679459, ""test_cross_entropy"": 4.642085552215576, ""test_balanced_accuracy"": 0.010545969940721989}"
2026-04-14T04:55:21.876486,tpe,lcbench,168329,1,474,1.5661325454711914,"{""OpenML_task_id"": ""167104"", ""batch_size"": 332, ""epoch"": 1, ""learning_rate"": 0.04530396783539699, ""max_dropout"": 0.33520849753579085, ""max_units"": 92, ""momentum"": 0.8179425073860362, ""num_layers"": 5, ""weight_decay"": 0.05571349182853408}","{""time"": 1.5661325454711914, ""val_accuracy"": 0.515080988407135, ""val_cross_entropy"": 4.4417924880981445, ""val_balanced_accuracy"": 0.011671766638755798, ""test_cross_entropy"": 4.632561683654785, ""test_balanced_accuracy"": 0.011755638755857944}"
2026-04-14T04:55:21.908504,tpe,lcbench,168329,1,475,7.045007228851318,"{""OpenML_task_id"": ""167104"", ""batch_size"": 340, ""epoch"": 3, ""learning_rate"": 0.04548765193554224, ""max_dropout"": 0.33976011804428624, ""max_units"": 90, ""momentum"": 0.8267831829944863, ""num_layers"": 5, ""weight_decay"": 0.05538743712780057}","{""time"": 7.045007228851318, ""val_accuracy"": 0.4315235912799835, ""val_cross_entropy"": 4.544906139373779, ""val_balanced_accuracy"": 0.010675330646336079, ""test_cross_entropy"": 4.635851860046387, ""test_balanced_accuracy"": 0.010829057544469833}"
2026-04-14T04:55:21.938625,tpe,lcbench,168329,1,476,4.582372188568115,"{""OpenML_task_id"": ""167104"", ""batch_size"": 310, ""epoch"": 2, ""learning_rate"": 0.04323960324884676, ""max_dropout"": 0.36930764052815823, ""max_units"": 91, ""momentum"": 0.8162219623630242, ""num_layers"": 5, ""weight_decay"": 0.061071854042027515}","{""time"": 4.582372188568115, ""val_accuracy"": 0.4438040256500244, ""val_cross_entropy"": 4.5356669425964355, ""val_balanced_accuracy"": 0.010892446152865887, ""test_cross_entropy"": 4.6296257972717285, ""test_balanced_accuracy"": 0.011037335731089115}"
2026-04-14T04:55:21.966250,tpe,lcbench,168329,1,477,1.607966661453247,"{""OpenML_task_id"": ""167104"", ""batch_size"": 352, ""epoch"": 1, ""learning_rate"": 0.04416392462034926, ""max_dropout"": 0.3317736694211764, ""max_units"": 100, ""momentum"": 0.8006996690398289, ""num_layers"": 5, ""weight_decay"": 0.06223987559795071}","{""time"": 1.607966661453247, ""val_accuracy"": 0.5012602210044861, ""val_cross_entropy"": 4.447630405426025, ""val_balanced_accuracy"": 0.011629211716353893, ""test_cross_entropy"": 4.6293044090271, ""test_balanced_accuracy"": 0.011730731464922428}"
2026-04-14T04:55:21.997015,tpe,lcbench,168329,1,478,4.422008514404297,"{""OpenML_task_id"": ""167104"", ""batch_size"": 349, ""epoch"": 2, ""learning_rate"": 0.04674896639824651, ""max_dropout"": 0.35212426906722233, ""max_units"": 90, ""momentum"": 0.8327736146717194, ""num_layers"": 5, ""weight_decay"": 0.06290546180075489}","{""time"": 4.422008514404297, ""val_accuracy"": 0.44763389229774475, ""val_cross_entropy"": 4.540881156921387, ""val_balanced_accuracy"": 0.010860457085072994, ""test_cross_entropy"": 4.627913951873779, ""test_balanced_accuracy"": 0.011019161902368069}"
2026-04-14T04:55:22.026615,tpe,lcbench,168329,1,479,1.600994348526001,"{""OpenML_task_id"": ""167104"", ""batch_size"": 355, ""epoch"": 1, ""learning_rate"": 0.044599194634300204, ""max_dropout"": 0.30159418095552265, ""max_units"": 96, ""momentum"": 0.8023939471497823, ""num_layers"": 5, ""weight_decay"": 0.06514584649338179}","{""time"": 1.600994348526001, ""val_accuracy"": 0.48943281173706055, ""val_cross_entropy"": 4.448674201965332, ""val_balanced_accuracy"": 0.011590106412768364, ""test_cross_entropy"": 4.629375457763672, ""test_balanced_accuracy"": 0.011699738912284374}"
2026-04-14T04:55:22.054705,tpe,lcbench,168329,1,480,6.906954765319824,"{""OpenML_task_id"": ""167104"", ""batch_size"": 357, ""epoch"": 3, ""learning_rate"": 0.05016079074831496, ""max_dropout"": 0.33461644383065864, ""max_units"": 87, ""momentum"": 0.8463035128024244, ""num_layers"": 5, ""weight_decay"": 0.06603325892438892}","{""time"": 6.906954765319824, ""val_accuracy"": 0.4046010375022888, ""val_cross_entropy"": 4.518766403198242, ""val_balanced_accuracy"": 0.010945365764200687, ""test_cross_entropy"": 4.635794639587402, ""test_balanced_accuracy"": 0.011129844933748245}"
2026-04-14T04:55:22.084282,tpe,lcbench,168329,1,481,1.5758938789367676,"{""OpenML_task_id"": ""167104"", ""batch_size"": 374, ""epoch"": 1, ""learning_rate"": 0.04578018779134162, ""max_dropout"": 0.37798795474206764, ""max_units"": 99, ""momentum"": 0.8134458234761404, ""num_layers"": 5, ""weight_decay"": 0.06532079375422767}","{""time"": 1.5758938789367676, ""val_accuracy"": 0.49362537264823914, ""val_cross_entropy"": 4.452810287475586, ""val_balanced_accuracy"": 0.011687872931361198, ""test_cross_entropy"": 4.621457576751709, ""test_balanced_accuracy"": 0.011807862669229507}"
2026-04-14T04:55:22.113341,tpe,lcbench,168329,1,482,9.753068923950195,"{""OpenML_task_id"": ""167161"", ""batch_size"": 311, ""epoch"": 4, ""learning_rate"": 0.04609084750532716, ""max_dropout"": 0.4787869186942723, ""max_units"": 82, ""momentum"": 0.8633303645044232, ""num_layers"": 5, ""weight_decay"": 0.06522773845000976}","{""time"": 9.753068923950195, ""val_accuracy"": 0.3649608790874481, ""val_cross_entropy"": 4.488983631134033, ""val_balanced_accuracy"": 0.011022062040865421, ""test_cross_entropy"": 4.633312225341797, ""test_balanced_accuracy"": 0.011188184842467308}"
2026-04-14T04:55:22.142410,tpe,lcbench,168329,1,483,7.1732988357543945,"{""OpenML_task_id"": ""167104"", ""batch_size"": 363, ""epoch"": 3, ""learning_rate"": 0.048454860843199374, ""max_dropout"": 0.36859700341112855, ""max_units"": 101, ""momentum"": 0.8207821650678204, ""num_layers"": 5, ""weight_decay"": 0.06522793468219905}","{""time"": 7.1732988357543945, ""val_accuracy"": 0.41587647795677185, ""val_cross_entropy"": 4.543181896209717, ""val_balanced_accuracy"": 0.010812072083353996, ""test_cross_entropy"": 4.633952617645264, ""test_balanced_accuracy"": 0.010988895781338215}"
2026-04-14T04:55:22.172952,tpe,lcbench,168329,1,484,9.920405387878418,"{""OpenML_task_id"": ""189873"", ""batch_size"": 375, ""epoch"": 2, ""learning_rate"": 0.04832991460532131, ""max_dropout"": 0.29990421599678424, ""max_units"": 537, ""momentum"": 0.842505324081937, ""num_layers"": 5, ""weight_decay"": 0.06313002864361603}","{""time"": 9.920405387878418, ""val_accuracy"": 0.5805987119674683, ""val_cross_entropy"": 4.5490593910217285, ""val_balanced_accuracy"": 0.01091582328081131, ""test_cross_entropy"": 4.629294395446777, ""test_balanced_accuracy"": 0.01109011285007}"
2026-04-14T04:55:22.205052,tpe,lcbench,168329,1,485,1.513142704963684,"{""OpenML_task_id"": ""167104"", ""batch_size"": 385, ""epoch"": 1, ""learning_rate"": 0.0448457279988417, ""max_dropout"": 0.3819540938831999, ""max_units"": 81, ""momentum"": 0.8065737028784404, ""num_layers"": 5, ""weight_decay"": 0.0642474064397215}","{""time"": 1.513142704963684, ""val_accuracy"": 0.4941086173057556, ""val_cross_entropy"": 4.453294277191162, ""val_balanced_accuracy"": 0.01167138759046793, ""test_cross_entropy"": 4.615927696228027, ""test_balanced_accuracy"": 0.01178277749568224}"
2026-04-14T04:55:22.235591,tpe,lcbench,168329,1,486,4.309056282043457,"{""OpenML_task_id"": ""167104"", ""batch_size"": 390, ""epoch"": 2, ""learning_rate"": 0.04498692810419583, ""max_dropout"": 0.29323314975089737, ""max_units"": 79, ""momentum"": 0.8223278973780004, ""num_layers"": 5, ""weight_decay"": 0.06431535930264148}","{""time"": 4.309056282043457, ""val_accuracy"": 0.45740044116973877, ""val_cross_entropy"": 4.556466579437256, ""val_balanced_accuracy"": 0.010709695518016815, ""test_cross_entropy"": 4.6227922439575195, ""test_balanced_accuracy"": 0.010872457176446915}"
2026-04-14T04:55:22.263689,tpe,lcbench,168329,1,487,1.5256929397583008,"{""OpenML_task_id"": ""167104"", ""batch_size"": 367, ""epoch"": 1, ""learning_rate"": 0.04301037007945274, ""max_dropout"": 0.4066188388444451, ""max_units"": 85, ""momentum"": 0.8125685396135233, ""num_layers"": 5, ""weight_decay"": 0.06575136175055327}","{""time"": 1.5256929397583008, ""val_accuracy"": 0.4893142879009247, ""val_cross_entropy"": 4.452184677124023, ""val_balanced_accuracy"": 0.011709561571478844, ""test_cross_entropy"": 4.617776870727539, ""test_balanced_accuracy"": 0.01181782130151987}"
2026-04-14T04:55:22.291266,tpe,lcbench,168329,1,488,18.469905853271484,"{""OpenML_task_id"": ""167104"", ""batch_size"": 396, ""epoch"": 7, ""learning_rate"": 0.04429696342378674, ""max_dropout"": 0.4214499948916157, ""max_units"": 64, ""momentum"": 0.8808104826143626, ""num_layers"": 5, ""weight_decay"": 0.06570723669596006}","{""time"": 18.469905853271484, ""val_accuracy"": 0.35708844661712646, ""val_cross_entropy"": 4.516175746917725, ""val_balanced_accuracy"": 0.01061458233743906, ""test_cross_entropy"": 4.619345188140869, ""test_balanced_accuracy"": 0.01071891188621521}"
2026-04-14T04:55:22.319782,tpe,lcbench,168329,1,489,6.853964805603027,"{""OpenML_task_id"": ""167104"", ""batch_size"": 369, ""epoch"": 3, ""learning_rate"": 0.042614479943603734, ""max_dropout"": 0.3876603819223079, ""max_units"": 84, ""momentum"": 0.8335899921831821, ""num_layers"": 5, ""weight_decay"": 0.06609378565257872}","{""time"": 6.853964805603027, ""val_accuracy"": 0.41646862030029297, ""val_cross_entropy"": 4.55441951751709, ""val_balanced_accuracy"": 0.010717255994677544, ""test_cross_entropy"": 4.627900123596191, ""test_balanced_accuracy"": 0.010877353139221668}"
2026-04-14T04:55:22.349655,tpe,lcbench,168329,1,490,1.5061702728271484,"{""OpenML_task_id"": ""167104"", ""batch_size"": 372, ""epoch"": 1, ""learning_rate"": 0.04589554335693985, ""max_dropout"": 0.38915863065738626, ""max_units"": 84, ""momentum"": 0.8111653019374411, ""num_layers"": 5, ""weight_decay"": 0.0623761663483694}","{""time"": 1.5061702728271484, ""val_accuracy"": 0.5007842779159546, ""val_cross_entropy"": 4.44827127456665, ""val_balanced_accuracy"": 0.011724669486284256, ""test_cross_entropy"": 4.620506763458252, ""test_balanced_accuracy"": 0.011830000206828117}"
2026-04-14T04:55:22.379210,tpe,lcbench,168329,1,491,9.361223220825195,"{""OpenML_task_id"": ""167104"", ""batch_size"": 376, ""epoch"": 4, ""learning_rate"": 0.04581398008652475, ""max_dropout"": 0.4043729358956915, ""max_units"": 81, ""momentum"": 0.8523633915817905, ""num_layers"": 5, ""weight_decay"": 0.06220284116140779}","{""time"": 9.361223220825195, ""val_accuracy"": 0.3968147039413452, ""val_cross_entropy"": 4.533420562744141, ""val_balanced_accuracy"": 0.010768153704702854, ""test_cross_entropy"": 4.630865097045898, ""test_balanced_accuracy"": 0.010930011048913002}"
2026-04-14T04:55:22.410279,tpe,lcbench,168329,1,492,4.133352756500244,"{""OpenML_task_id"": ""167104"", ""batch_size"": 401, ""epoch"": 2, ""learning_rate"": 0.04730220318516757, ""max_dropout"": 0.4537976241868842, ""max_units"": 80, ""momentum"": 0.8199411813516002, ""num_layers"": 5, ""weight_decay"": 0.06691723030323043}","{""time"": 4.133352756500244, ""val_accuracy"": 0.4485911726951599, ""val_cross_entropy"": 4.5599870681762695, ""val_balanced_accuracy"": 0.010895916260778904, ""test_cross_entropy"": 4.611843109130859, ""test_balanced_accuracy"": 0.011067417450249195}"
2026-04-14T04:55:22.439311,tpe,lcbench,168329,1,493,1.443419098854065,"{""OpenML_task_id"": ""167104"", ""batch_size"": 384, ""epoch"": 1, ""learning_rate"": 0.04411887148178882, ""max_dropout"": 0.396566377164131, ""max_units"": 64, ""momentum"": 0.8079141255116753, ""num_layers"": 5, ""weight_decay"": 0.061990941559585955}","{""time"": 1.443419098854065, ""val_accuracy"": 0.4967213273048401, ""val_cross_entropy"": 4.45136022567749, ""val_balanced_accuracy"": 0.011682947166264057, ""test_cross_entropy"": 4.612742900848389, ""test_balanced_accuracy"": 0.011779227294027805}"
2026-04-14T04:55:22.466931,tpe,lcbench,168329,1,494,4.223993301391602,"{""OpenML_task_id"": ""167104"", ""batch_size"": 383, ""epoch"": 2, ""learning_rate"": 0.04422695233504976, ""max_dropout"": 0.3799918844970543, ""max_units"": 77, ""momentum"": 0.8063353404085083, ""num_layers"": 5, ""weight_decay"": 0.06145930071726548}","{""time"": 4.223993301391602, ""val_accuracy"": 0.4650422930717468, ""val_cross_entropy"": 4.556880474090576, ""val_balanced_accuracy"": 0.010770331136882305, ""test_cross_entropy"": 4.618555545806885, ""test_balanced_accuracy"": 0.010923092253506184}"
2026-04-14T04:55:22.495471,tpe,lcbench,168329,1,495,1.4378412961959839,"{""OpenML_task_id"": ""167104"", ""batch_size"": 379, ""epoch"": 1, ""learning_rate"": 0.04276763885463504, ""max_dropout"": 0.4055910735137628, ""max_units"": 65, ""momentum"": 0.8318409162198419, ""num_layers"": 5, ""weight_decay"": 0.06171735574626365}","{""time"": 1.4378412961959839, ""val_accuracy"": 0.4980475902557373, ""val_cross_entropy"": 4.452432155609131, ""val_balanced_accuracy"": 0.011692577973008156, ""test_cross_entropy"": 4.613682746887207, ""test_balanced_accuracy"": 0.011787611059844494}"
2026-04-14T04:55:22.526340,tpe,lcbench,168329,1,496,6.336616516113281,"{""OpenML_task_id"": ""167104"", ""batch_size"": 383, ""epoch"": 3, ""learning_rate"": 0.04566483291270121, ""max_dropout"": 0.3918226415914411, ""max_units"": 66, ""momentum"": 0.8693541970351493, ""num_layers"": 5, ""weight_decay"": 0.06176655558280634}","{""time"": 6.336616516113281, ""val_accuracy"": 0.4156346023082733, ""val_cross_entropy"": 4.549394607543945, ""val_balanced_accuracy"": 0.010782930999994278, ""test_cross_entropy"": 4.6269707679748535, ""test_balanced_accuracy"": 0.010944822803139687}"
2026-04-14T04:55:22.554929,tpe,lcbench,168329,1,497,4.013428211212158,"{""OpenML_task_id"": ""167104"", ""batch_size"": 409, ""epoch"": 2, ""learning_rate"": 0.04344877678123566, ""max_dropout"": 0.4270820663886121, ""max_units"": 67, ""momentum"": 0.834063806780988, ""num_layers"": 5, ""weight_decay"": 0.061280812865163736}","{""time"": 4.013428211212158, ""val_accuracy"": 0.4664672315120697, ""val_cross_entropy"": 4.565708637237549, ""val_balanced_accuracy"": 0.01079781074076891, ""test_cross_entropy"": 4.607831954956055, ""test_balanced_accuracy"": 0.010950397700071335}"
2026-04-14T04:55:22.585577,tpe,lcbench,168329,1,498,11.41806697845459,"{""OpenML_task_id"": ""167104"", ""batch_size"": 381, ""epoch"": 5, ""learning_rate"": 0.04714752328389542, ""max_dropout"": 0.40517270177887393, ""max_units"": 64, ""momentum"": 0.8230192490409222, ""num_layers"": 5, ""weight_decay"": 0.05946719480232683}","{""time"": 11.41806697845459, ""val_accuracy"": 0.38942843675613403, ""val_cross_entropy"": 4.534588813781738, ""val_balanced_accuracy"": 0.010620172135531902, ""test_cross_entropy"": 4.62897253036499, ""test_balanced_accuracy"": 0.010769077576696873}"
2026-04-14T04:55:22.614674,tpe,lcbench,168329,1,499,1.48246431350708,"{""OpenML_task_id"": ""167104"", ""batch_size"": 366, ""epoch"": 1, ""learning_rate"": 0.043537350543934976, ""max_dropout"": 0.4446458434581838, ""max_units"": 85, ""momentum"": 0.8407223661734092, ""num_layers"": 5, ""weight_decay"": 0.05921317054601585}","{""time"": 1.48246431350708, ""val_accuracy"": 0.5157356858253479, ""val_cross_entropy"": 4.447790622711182, ""val_balanced_accuracy"": 0.011816289275884628, ""test_cross_entropy"": 4.61935567855835, ""test_balanced_accuracy"": 0.011908692307770252}"
2026-04-14T04:55:22.643714,tpe,lcbench,168329,1,500,6.279443264007568,"{""OpenML_task_id"": ""167104"", ""batch_size"": 362, ""epoch"": 3, ""learning_rate"": 0.04871819093501503, ""max_dropout"": 0.453672399289127, ""max_units"": 64, ""momentum"": 0.8219620025459282, ""num_layers"": 5, ""weight_decay"": 0.06726800700850626}","{""time"": 6.279443264007568, ""val_accuracy"": 0.4007638394832611, ""val_cross_entropy"": 4.540285110473633, ""val_balanced_accuracy"": 0.010919592343270779, ""test_cross_entropy"": 4.6247124671936035, ""test_balanced_accuracy"": 0.011086643673479557}"
2026-04-14T04:55:22.672804,tpe,lcbench,168329,1,501,4.359257221221924,"{""OpenML_task_id"": ""167104"", ""batch_size"": 370, ""epoch"": 2, ""learning_rate"": 0.04273324779717082, ""max_dropout"": 0.43344867846057317, ""max_units"": 91, ""momentum"": 0.9081917173012886, ""num_layers"": 5, ""weight_decay"": 0.0628427970134002}","{""time"": 4.359257221221924, ""val_accuracy"": 0.4527497887611389, ""val_cross_entropy"": 4.5469560623168945, ""val_balanced_accuracy"": 0.010971639305353165, ""test_cross_entropy"": 4.621967792510986, ""test_balanced_accuracy"": 0.01112366933375597}"
2026-04-14T04:55:22.701866,tpe,lcbench,168329,1,502,1.4782809019088745,"{""OpenML_task_id"": ""167104"", ""batch_size"": 394, ""epoch"": 1, ""learning_rate"": 0.046085850988786065, ""max_dropout"": 0.39892989743155666, ""max_units"": 83, ""momentum"": 0.8570722947953819, ""num_layers"": 5, ""weight_decay"": 0.06448873024627783}","{""time"": 1.4782809019088745, ""val_accuracy"": 0.4928567707538605, ""val_cross_entropy"": 4.457391262054443, ""val_balanced_accuracy"": 0.011704782955348492, ""test_cross_entropy"": 4.61460018157959, ""test_balanced_accuracy"": 0.011828690767288208}"
2026-04-14T04:55:22.731463,tpe,lcbench,168329,1,503,9.437918663024902,"{""OpenML_task_id"": ""167104"", ""batch_size"": 413, ""epoch"": 4, ""learning_rate"": 0.04578820758967649, ""max_dropout"": 0.4013829678976002, ""max_units"": 81, ""momentum"": 0.856715986575958, ""num_layers"": 5, ""weight_decay"": 0.06604934119222672}","{""time"": 9.437918663024902, ""val_accuracy"": 0.3995472490787506, ""val_cross_entropy"": 4.547359943389893, ""val_balanced_accuracy"": 0.010733949951827526, ""test_cross_entropy"": 4.623237609863281, ""test_balanced_accuracy"": 0.01089381705969572}"
2026-04-14T04:55:22.761506,tpe,lcbench,168329,1,504,1.481069803237915,"{""OpenML_task_id"": ""167104"", ""batch_size"": 398, ""epoch"": 1, ""learning_rate"": 0.04711674649905632, ""max_dropout"": 0.4142941248684155, ""max_units"": 86, ""momentum"": 0.8496462407315772, ""num_layers"": 5, ""weight_decay"": 0.0645425473523478}","{""time"": 1.481069803237915, ""val_accuracy"": 0.4951416552066803, ""val_cross_entropy"": 4.45633602142334, ""val_balanced_accuracy"": 0.011746336705982685, ""test_cross_entropy"": 4.613508224487305, ""test_balanced_accuracy"": 0.011874171905219555}"
2026-04-14T04:55:22.792049,tpe,lcbench,168329,1,505,6.637822151184082,"{""OpenML_task_id"": ""167104"", ""batch_size"": 402, ""epoch"": 3, ""learning_rate"": 0.0469320274503456, ""max_dropout"": 0.4144936276404574, ""max_units"": 80, ""momentum"": 0.8643741728506686, ""num_layers"": 5, ""weight_decay"": 0.06746041576343441}","{""time"": 6.637822151184082, ""val_accuracy"": 0.4143989384174347, ""val_cross_entropy"": 4.5538010597229, ""val_balanced_accuracy"": 0.010844849981367588, ""test_cross_entropy"": 4.623509407043457, ""test_balanced_accuracy"": 0.011013004928827286}"
2026-04-14T04:55:22.821087,tpe,lcbench,168329,1,506,3.9771721363067627,"{""OpenML_task_id"": ""167104"", ""batch_size"": 429, ""epoch"": 2, ""learning_rate"": 0.04471774574792784, ""max_dropout"": 0.41715304134239556, ""max_units"": 64, ""momentum"": 0.8414472860652465, ""num_layers"": 5, ""weight_decay"": 0.06457351306033664}","{""time"": 3.9771721363067627, ""val_accuracy"": 0.4516820013523102, ""val_cross_entropy"": 4.572925090789795, ""val_balanced_accuracy"": 0.010757273063063622, ""test_cross_entropy"": 4.602696895599365, ""test_balanced_accuracy"": 0.010922904126346111}"
2026-04-14T04:55:22.850234,tpe,lcbench,168329,1,507,1.4615472555160522,"{""OpenML_task_id"": ""167104"", ""batch_size"": 392, ""epoch"": 1, ""learning_rate"": 0.047527309311615834, ""max_dropout"": 0.4514483311272176, ""max_units"": 87, ""momentum"": 0.8534182143195739, ""num_layers"": 5, ""weight_decay"": 0.06484360690934382}","{""time"": 1.4615472555160522, ""val_accuracy"": 0.4947904646396637, ""val_cross_entropy"": 4.453123569488525, ""val_balanced_accuracy"": 0.011828375048935413, ""test_cross_entropy"": 4.613367080688477, ""test_balanced_accuracy"": 0.011955940164625645}"
2026-04-14T04:55:22.880276,tpe,lcbench,168329,1,508,1.475492000579834,"{""OpenML_task_id"": ""167104"", ""batch_size"": 396, ""epoch"": 1, ""learning_rate"": 0.042333120086604885, ""max_dropout"": 0.4535517383954422, ""max_units"": 83, ""momentum"": 0.8764919782170945, ""num_layers"": 5, ""weight_decay"": 0.06513237659248584}","{""time"": 1.475492000579834, ""val_accuracy"": 0.49518606066703796, ""val_cross_entropy"": 4.461478233337402, ""val_balanced_accuracy"": 0.011750482022762299, ""test_cross_entropy"": 4.609663009643555, ""test_balanced_accuracy"": 0.011871341615915298}"
2026-04-14T04:55:22.910224,tpe,lcbench,168329,1,509,3.933943510055542,"{""OpenML_task_id"": ""167104"", ""batch_size"": 394, ""epoch"": 2, ""learning_rate"": 0.04309756369106836, ""max_dropout"": 0.49654723030959513, ""max_units"": 64, ""momentum"": 0.8604691682789956, ""num_layers"": 5, ""weight_decay"": 0.06716772666425301}","{""time"": 3.933943510055542, ""val_accuracy"": 0.4453608989715576, ""val_cross_entropy"": 4.559442520141602, ""val_balanced_accuracy"": 0.01094592921435833, ""test_cross_entropy"": 4.609395503997803, ""test_balanced_accuracy"": 0.011101202107965946}"
2026-04-14T04:55:22.939851,tpe,lcbench,168329,1,510,6.757746696472168,"{""OpenML_task_id"": ""167104"", ""batch_size"": 386, ""epoch"": 3, ""learning_rate"": 0.04266792843381665, ""max_dropout"": 0.45601031033943934, ""max_units"": 84, ""momentum"": 0.8900723074561578, ""num_layers"": 5, ""weight_decay"": 0.06523437140273414}","{""time"": 6.757746696472168, ""val_accuracy"": 0.4150238335132599, ""val_cross_entropy"": 4.552413463592529, ""val_balanced_accuracy"": 0.01088964194059372, ""test_cross_entropy"": 4.623338222503662, ""test_balanced_accuracy"": 0.011045696213841438}"
2026-04-14T04:55:22.971443,tpe,lcbench,168329,1,511,1.542426586151123,"{""OpenML_task_id"": ""167104"", ""batch_size"": 416, ""epoch"": 1, ""learning_rate"": 0.03562506436438655, ""max_dropout"": 0.46162850210610173, ""max_units"": 83, ""momentum"": 0.8831645595419435, ""num_layers"": 5, ""weight_decay"": 0.0647426753132905}","{""time"": 1.542426586151123, ""val_accuracy"": 0.5044848322868347, ""val_cross_entropy"": 4.475588798522949, ""val_balanced_accuracy"": 0.011628768406808376, ""test_cross_entropy"": 4.600017070770264, ""test_balanced_accuracy"": 0.011741319671273232}"
2026-04-14T04:55:23.000537,tpe,lcbench,168329,1,512,1.4880422353744507,"{""OpenML_task_id"": ""167104"", ""batch_size"": 406, ""epoch"": 1, ""learning_rate"": 0.03904410837018489, ""max_dropout"": 0.48111624633168365, ""max_units"": 79, ""momentum"": 0.8730179809045406, ""num_layers"": 5, ""weight_decay"": 0.0652657269745402}","{""time"": 1.4880422353744507, ""val_accuracy"": 0.49943456053733826, ""val_cross_entropy"": 4.466433048248291, ""val_balanced_accuracy"": 0.011731738224625587, ""test_cross_entropy"": 4.603620529174805, ""test_balanced_accuracy"": 0.011847431771457195}"
2026-04-14T04:55:23.029643,tpe,lcbench,168329,1,513,36.816951751708984,"{""OpenML_task_id"": ""167104"", ""batch_size"": 410, ""epoch"": 12, ""learning_rate"": 0.039010797682197354, ""max_dropout"": 0.47330676359368024, ""max_units"": 64, ""momentum"": 0.8806286016996105, ""num_layers"": 5, ""weight_decay"": 0.06785394170840399}","{""time"": 36.816951751708984, ""val_accuracy"": 0.35180115699768066, ""val_cross_entropy"": 4.556148052215576, ""val_balanced_accuracy"": 0.01024666614830494, ""test_cross_entropy"": 4.605314254760742, ""test_balanced_accuracy"": 0.010265111923217773}"
2026-04-14T04:55:23.058690,tpe,lcbench,168329,1,514,9.514615058898926,"{""OpenML_task_id"": ""167104"", ""batch_size"": 402, ""epoch"": 4, ""learning_rate"": 0.03623776809131516, ""max_dropout"": 0.44345547011510833, ""max_units"": 79, ""momentum"": 0.9001476955396616, ""num_layers"": 5, ""weight_decay"": 0.0657850513393359}","{""time"": 9.514615058898926, ""val_accuracy"": 0.4015159606933594, ""val_cross_entropy"": 4.567293167114258, ""val_balanced_accuracy"": 0.010643959045410156, ""test_cross_entropy"": 4.619348049163818, ""test_balanced_accuracy"": 0.010778612457215786}"
2026-04-14T04:55:23.089252,tpe,lcbench,168329,1,515,4.162636756896973,"{""OpenML_task_id"": ""167104"", ""batch_size"": 424, ""epoch"": 2, ""learning_rate"": 0.04020723405602879, ""max_dropout"": 0.4639129818266637, ""max_units"": 79, ""momentum"": 0.9290837195967107, ""num_layers"": 5, ""weight_decay"": 0.0683001839687066}","{""time"": 4.162636756896973, ""val_accuracy"": 0.4538686275482178, ""val_cross_entropy"": 4.574747085571289, ""val_balanced_accuracy"": 0.01090200711041689, ""test_cross_entropy"": 4.604097366333008, ""test_balanced_accuracy"": 0.011053472757339478}"
2026-04-14T04:55:23.119800,tpe,lcbench,168329,1,516,6.944605350494385,"{""OpenML_task_id"": ""167104"", ""batch_size"": 391, ""epoch"": 3, ""learning_rate"": 0.034860119499545573, ""max_dropout"": 0.4715802910883654, ""max_units"": 87, ""momentum"": 0.8961564925023446, ""num_layers"": 5, ""weight_decay"": 0.06486258513207689}","{""time"": 6.944605350494385, ""val_accuracy"": 0.4308754801750183, ""val_cross_entropy"": 4.575917720794678, ""val_balanced_accuracy"": 0.010697181336581707, ""test_cross_entropy"": 4.617137908935547, ""test_balanced_accuracy"": 0.010830585844814777}"
2026-04-14T04:55:23.149926,tpe,lcbench,168329,1,517,57.52762985229492,"{""OpenML_task_id"": ""167104"", ""batch_size"": 378, ""epoch"": 17, ""learning_rate"": 0.04194224622807244, ""max_dropout"": 0.43029743760509037, ""max_units"": 64, ""momentum"": 0.9112940770937908, ""num_layers"": 5, ""weight_decay"": 0.06613204056109297}","{""time"": 57.52762985229492, ""val_accuracy"": 0.351083904504776, ""val_cross_entropy"": 4.542778015136719, ""val_balanced_accuracy"": 0.010294916108250618, ""test_cross_entropy"": 4.607518672943115, ""test_balanced_accuracy"": 0.010269969701766968}"
2026-04-14T04:55:23.180007,tpe,lcbench,168329,1,518,4.346706867218018,"{""OpenML_task_id"": ""167104"", ""batch_size"": 396, ""epoch"": 2, ""learning_rate"": 0.03315788631215683, ""max_dropout"": 0.5024523598943473, ""max_units"": 87, ""momentum"": 0.8761948017795868, ""num_layers"": 5, ""weight_decay"": 0.06769792531183061}","{""time"": 4.346706867218018, ""val_accuracy"": 0.46371370553970337, ""val_cross_entropy"": 4.572923183441162, ""val_balanced_accuracy"": 0.010828603059053421, ""test_cross_entropy"": 4.605499744415283, ""test_balanced_accuracy"": 0.01097534317523241}"
2026-04-14T04:55:23.210056,tpe,lcbench,168329,1,519,1.577288269996643,"{""OpenML_task_id"": ""167104"", ""batch_size"": 373, ""epoch"": 1, ""learning_rate"": 0.036321512444181026, ""max_dropout"": 0.44066206286106346, ""max_units"": 91, ""momentum"": 0.8504644728774887, ""num_layers"": 5, ""weight_decay"": 0.06463362045601002}","{""time"": 1.577288269996643, ""val_accuracy"": 0.5004711151123047, ""val_cross_entropy"": 4.4617719650268555, ""val_balanced_accuracy"": 0.011682367883622646, ""test_cross_entropy"": 4.612321376800537, ""test_balanced_accuracy"": 0.011781563982367516}"
2026-04-14T04:55:23.239102,tpe,lcbench,168329,1,520,2.5729403495788574,"{""OpenML_task_id"": ""167104"", ""batch_size"": 405, ""epoch"": 1, ""learning_rate"": 0.03731128044018765, ""max_dropout"": 0.4401571104068767, ""max_units"": 64, ""momentum"": 0.9509773052057626, ""num_layers"": 3, ""weight_decay"": 0.0641337347087425}","{""time"": 2.5729403495788574, ""val_accuracy"": 0.8816876411437988, ""val_cross_entropy"": 4.466207027435303, ""val_balanced_accuracy"": 0.011198666878044605, ""test_cross_entropy"": 4.616146087646484, ""test_balanced_accuracy"": 0.010933284647762775}"
2026-04-14T04:55:23.269185,tpe,lcbench,168329,1,521,220.5077667236328,"{""OpenML_task_id"": ""167104"", ""batch_size"": 424, ""epoch"": 40, ""learning_rate"": 0.03593983271580379, ""max_dropout"": 0.4806189929963171, ""max_units"": 88, ""momentum"": 0.8759175636547113, ""num_layers"": 5, ""weight_decay"": 0.06377563719089373}","{""time"": 220.5077667236328, ""val_accuracy"": 0.4708167314529419, ""val_cross_entropy"": 4.661375999450684, ""val_balanced_accuracy"": 0.009894803166389465, ""test_cross_entropy"": 4.600558757781982, ""test_balanced_accuracy"": 0.009729811921715736}"
2026-04-14T04:55:23.300457,tpe,lcbench,168329,1,522,6.957155704498291,"{""OpenML_task_id"": ""167104"", ""batch_size"": 418, ""epoch"": 3, ""learning_rate"": 0.03481325749122763, ""max_dropout"": 0.45685520284662584, ""max_units"": 82, ""momentum"": 0.8523402941338271, ""num_layers"": 5, ""weight_decay"": 0.06758312256386734}","{""time"": 6.957155704498291, ""val_accuracy"": 0.4418107867240906, ""val_cross_entropy"": 4.589869022369385, ""val_balanced_accuracy"": 0.010589184239506721, ""test_cross_entropy"": 4.606969833374023, ""test_balanced_accuracy"": 0.010744149796664715}"
2026-04-14T04:55:23.330486,tpe,lcbench,168329,1,523,33.37540054321289,"{""OpenML_task_id"": ""189908"", ""batch_size"": 388, ""epoch"": 5, ""learning_rate"": 0.03768330034428952, ""max_dropout"": 0.4141300082112902, ""max_units"": 502, ""momentum"": 0.8674335021027907, ""num_layers"": 5, ""weight_decay"": 0.0650049492957497}","{""time"": 33.37540054321289, ""val_accuracy"": 0.4585359990596771, ""val_cross_entropy"": 4.6259026527404785, ""val_balanced_accuracy"": 0.010101399384438992, ""test_cross_entropy"": 4.623233318328857, ""test_balanced_accuracy"": 0.010220354422926903}"
2026-04-14T04:55:23.361531,tpe,lcbench,168329,1,524,178.30271911621094,"{""OpenML_task_id"": ""189866"", ""batch_size"": 443, ""epoch"": 34, ""learning_rate"": 0.03932377212090835, ""max_dropout"": 0.48686041879915587, ""max_units"": 93, ""momentum"": 0.889510091449021, ""num_layers"": 5, ""weight_decay"": 0.0621610119844476}","{""time"": 178.30271911621094, ""val_accuracy"": 0.4466394782066345, ""val_cross_entropy"": 4.638251304626465, ""val_balanced_accuracy"": 0.010057969018816948, ""test_cross_entropy"": 4.599430561065674, ""test_balanced_accuracy"": 0.009925425052642822}"
2026-04-14T04:55:23.391141,tpe,lcbench,168329,1,525,1.446208119392395,"{""OpenML_task_id"": ""167104"", ""batch_size"": 374, ""epoch"": 1, ""learning_rate"": 0.04692464953125576, ""max_dropout"": 0.4371698191807658, ""max_units"": 80, ""momentum"": 0.8564307875128747, ""num_layers"": 5, ""weight_decay"": 0.06395659069646996}","{""time"": 1.446208119392395, ""val_accuracy"": 0.49124157428741455, ""val_cross_entropy"": 4.450247764587402, ""val_balanced_accuracy"": 0.011803652159869671, ""test_cross_entropy"": 4.616830348968506, ""test_balanced_accuracy"": 0.011917668394744396}"
2026-04-14T04:55:23.419639,tpe,lcbench,168329,1,526,4.118013858795166,"{""OpenML_task_id"": ""167104"", ""batch_size"": 373, ""epoch"": 2, ""learning_rate"": 0.04733203501633795, ""max_dropout"": 0.43152715187551033, ""max_units"": 78, ""momentum"": 0.849669813680064, ""num_layers"": 5, ""weight_decay"": 0.0683903525618818}","{""time"": 4.118013858795166, ""val_accuracy"": 0.43596115708351135, ""val_cross_entropy"": 4.543214797973633, ""val_balanced_accuracy"": 0.011012437753379345, ""test_cross_entropy"": 4.620166778564453, ""test_balanced_accuracy"": 0.011179481633007526}"
2026-04-14T04:55:23.450687,tpe,lcbench,168329,1,527,1.4782809019088745,"{""OpenML_task_id"": ""167104"", ""batch_size"": 379, ""epoch"": 1, ""learning_rate"": 0.046191101147028804, ""max_dropout"": 0.44062341818605544, ""max_units"": 89, ""momentum"": 0.8740347319960281, ""num_layers"": 5, ""weight_decay"": 0.0663512552047619}","{""time"": 1.4782809019088745, ""val_accuracy"": 0.48513057827949524, ""val_cross_entropy"": 4.455421447753906, ""val_balanced_accuracy"": 0.011786913499236107, ""test_cross_entropy"": 4.615484237670898, ""test_balanced_accuracy"": 0.011912372894585133}"
2026-04-14T04:55:23.480821,tpe,lcbench,168329,1,528,6.301754474639893,"{""OpenML_task_id"": ""167104"", ""batch_size"": 378, ""epoch"": 3, ""learning_rate"": 0.04878906528729908, ""max_dropout"": 0.44900454634069015, ""max_units"": 65, ""momentum"": 0.8788038245253084, ""num_layers"": 5, ""weight_decay"": 0.06634914048217098}","{""time"": 6.301754474639893, ""val_accuracy"": 0.4003031849861145, ""val_cross_entropy"": 4.524893760681152, ""val_balanced_accuracy"": 0.011043126694858074, ""test_cross_entropy"": 4.624934196472168, ""test_balanced_accuracy"": 0.011215061880648136}"
2026-04-14T04:55:23.510901,tpe,lcbench,168329,1,529,4.314633846282959,"{""OpenML_task_id"": ""167104"", ""batch_size"": 399, ""epoch"": 2, ""learning_rate"": 0.04587928868539228, ""max_dropout"": 0.44242514047125836, ""max_units"": 92, ""momentum"": 0.9173952159045194, ""num_layers"": 5, ""weight_decay"": 0.06662798494177201}","{""time"": 4.314633846282959, ""val_accuracy"": 0.45035290718078613, ""val_cross_entropy"": 4.553919792175293, ""val_balanced_accuracy"": 0.011020065285265446, ""test_cross_entropy"": 4.617378234863281, ""test_balanced_accuracy"": 0.011182189919054508}"
2026-04-14T04:55:23.540721,tpe,lcbench,168329,1,530,2.9536306858062744,"{""OpenML_task_id"": ""167104"", ""batch_size"": 366, ""epoch"": 1, ""learning_rate"": 0.042206595482825564, ""max_dropout"": 0.4656414229813264, ""max_units"": 64, ""momentum"": 0.855507499303675, ""num_layers"": 2, ""weight_decay"": 0.06821318441760925}","{""time"": 2.9536306858062744, ""val_accuracy"": 0.936121940612793, ""val_cross_entropy"": 4.447960376739502, ""val_balanced_accuracy"": 0.01116863265633583, ""test_cross_entropy"": 4.623006820678711, ""test_balanced_accuracy"": 0.010730162262916565}"
2026-04-14T04:55:23.570322,tpe,lcbench,168329,1,531,9.958056449890137,"{""OpenML_task_id"": ""167104"", ""batch_size"": 414, ""epoch"": 4, ""learning_rate"": 0.04678322889189687, ""max_dropout"": 0.4364178277032868, ""max_units"": 92, ""momentum"": 0.8966594249964471, ""num_layers"": 5, ""weight_decay"": 0.0646783475320176}","{""time"": 9.958056449890137, ""val_accuracy"": 0.39760565757751465, ""val_cross_entropy"": 4.534867286682129, ""val_balanced_accuracy"": 0.010881503112614155, ""test_cross_entropy"": 4.6215105056762695, ""test_balanced_accuracy"": 0.011036367155611515}"
2026-04-14T04:55:23.599377,tpe,lcbench,168329,1,532,4.37180757522583,"{""OpenML_task_id"": ""167185"", ""batch_size"": 388, ""epoch"": 2, ""learning_rate"": 0.032547449282990644, ""max_dropout"": 0.4169801207638121, ""max_units"": 81, ""momentum"": 0.8463602780293082, ""num_layers"": 5, ""weight_decay"": 0.06202418903616066}","{""time"": 4.37180757522583, ""val_accuracy"": 0.47829121351242065, ""val_cross_entropy"": 4.570834159851074, ""val_balanced_accuracy"": 0.01072877086699009, ""test_cross_entropy"": 4.609565258026123, ""test_balanced_accuracy"": 0.010865657590329647}"
2026-04-14T04:55:23.630456,tpe,lcbench,168329,1,533,1.5298763513565063,"{""OpenML_task_id"": ""167104"", ""batch_size"": 384, ""epoch"": 1, ""learning_rate"": 0.0397853599009805, ""max_dropout"": 0.4627014395606281, ""max_units"": 91, ""momentum"": 0.8628279728981016, ""num_layers"": 5, ""weight_decay"": 0.06629505815629298}","{""time"": 1.5298763513565063, ""val_accuracy"": 0.4948621988296509, ""val_cross_entropy"": 4.461475849151611, ""val_balanced_accuracy"": 0.01174752414226532, ""test_cross_entropy"": 4.611178398132324, ""test_balanced_accuracy"": 0.011862989515066147}"
2026-04-14T04:55:23.660983,tpe,lcbench,168329,1,534,6.393789768218994,"{""OpenML_task_id"": ""168329"", ""batch_size"": 394, ""epoch"": 3, ""learning_rate"": 0.03915543241420817, ""max_dropout"": 0.46257669850062305, ""max_units"": 64, ""momentum"": 0.8700591970381786, ""num_layers"": 5, ""weight_decay"": 0.06642222816065513}","{""time"": 6.393789768218994, ""val_accuracy"": 0.41872352361679077, ""val_cross_entropy"": 4.567834854125977, ""val_balanced_accuracy"": 0.010741711594164371, ""test_cross_entropy"": 4.616118907928467, ""test_balanced_accuracy"": 0.010884969495236874}"
2026-04-14T04:55:23.691022,tpe,lcbench,168329,1,535,2.733304500579834,"{""OpenML_task_id"": ""167104"", ""batch_size"": 382, ""epoch"": 1, ""learning_rate"": 0.04195904585530511, ""max_dropout"": 0.5093837082265399, ""max_units"": 81, ""momentum"": 0.8845733527770915, ""num_layers"": 5, ""weight_decay"": 0.003807342549298924}","{""time"": 2.733304500579834, ""val_accuracy"": 0.9394112825393677, ""val_cross_entropy"": 4.4500203132629395, ""val_balanced_accuracy"": 0.012243179604411125, ""test_cross_entropy"": 4.638717174530029, ""test_balanced_accuracy"": 0.012235919013619423}"
2026-04-14T04:55:23.721059,tpe,lcbench,168329,1,536,4.373201847076416,"{""OpenML_task_id"": ""167200"", ""batch_size"": 408, ""epoch"": 2, ""learning_rate"": 0.04574025264588257, ""max_dropout"": 0.4096425880414944, ""max_units"": 97, ""momentum"": 0.8688190680745673, ""num_layers"": 5, ""weight_decay"": 0.06793006085668282}","{""time"": 4.373201847076416, ""val_accuracy"": 0.45407384634017944, ""val_cross_entropy"": 4.562746047973633, ""val_balanced_accuracy"": 0.010868517681956291, ""test_cross_entropy"": 4.615870475769043, ""test_balanced_accuracy"": 0.011039946228265762}"
2026-04-14T04:55:23.751887,tpe,lcbench,168329,1,537,1.4671251773834229,"{""OpenML_task_id"": ""126026"", ""batch_size"": 378, ""epoch"": 1, ""learning_rate"": 0.047387994117811194, ""max_dropout"": 0.4711797645975127, ""max_units"": 95, ""momentum"": 0.9016884399036228, ""num_layers"": 5, ""weight_decay"": 0.061817031686025495}","{""time"": 1.4671251773834229, ""val_accuracy"": 0.5039241909980774, ""val_cross_entropy"": 4.451638698577881, ""val_balanced_accuracy"": 0.011888381093740463, ""test_cross_entropy"": 4.618791103363037, ""test_balanced_accuracy"": 0.01200758945196867}"
2026-04-14T04:55:23.783510,tpe,lcbench,168329,1,538,9.584338188171387,"{""OpenML_task_id"": ""167152"", ""batch_size"": 395, ""epoch"": 4, ""learning_rate"": 0.0478721273507972, ""max_dropout"": 0.4916842315708226, ""max_units"": 82, ""momentum"": 0.9133283273831071, ""num_layers"": 5, ""weight_decay"": 0.06120505333595311}","{""time"": 9.584338188171387, ""val_accuracy"": 0.39290520548820496, ""val_cross_entropy"": 4.5189924240112305, ""val_balanced_accuracy"": 0.011008426547050476, ""test_cross_entropy"": 4.623513221740723, ""test_balanced_accuracy"": 0.011161073110997677}"
2026-04-14T04:55:23.814568,tpe,lcbench,168329,1,539,6.9222941398620605,"{""OpenML_task_id"": ""167184"", ""batch_size"": 383, ""epoch"": 3, ""learning_rate"": 0.04874987487596638, ""max_dropout"": 0.467446370004415, ""max_units"": 94, ""momentum"": 0.9033355697117789, ""num_layers"": 5, ""weight_decay"": 0.06132657779962597}","{""time"": 6.9222941398620605, ""val_accuracy"": 0.4148339033126831, ""val_cross_entropy"": 4.527125835418701, ""val_balanced_accuracy"": 0.011083472520112991, ""test_cross_entropy"": 4.627279758453369, ""test_balanced_accuracy"": 0.011252043768763542}"
2026-04-14T04:55:23.846194,tpe,lcbench,168329,1,540,3.931154727935791,"{""OpenML_task_id"": ""189905"", ""batch_size"": 419, ""epoch"": 2, ""learning_rate"": 0.04257857064920009, ""max_dropout"": 0.4863893845684223, ""max_units"": 64, ""momentum"": 0.9350944217336967, ""num_layers"": 5, ""weight_decay"": 0.0628800850356031}","{""time"": 3.931154727935791, ""val_accuracy"": 0.4593088924884796, ""val_cross_entropy"": 4.570777416229248, ""val_balanced_accuracy"": 0.010928676463663578, ""test_cross_entropy"": 4.606080532073975, ""test_balanced_accuracy"": 0.011072822846472263}"
2026-04-14T04:55:23.877747,tpe,lcbench,168329,1,541,2.992676019668579,"{""OpenML_task_id"": ""126026"", ""batch_size"": 399, ""epoch"": 1, ""learning_rate"": 0.04042073420243076, ""max_dropout"": 0.5314574556705147, ""max_units"": 812, ""momentum"": 0.8703484723079261, ""num_layers"": 5, ""weight_decay"": 0.0608043774473313}","{""time"": 2.992676019668579, ""val_accuracy"": 0.7326615452766418, ""val_cross_entropy"": 4.454853057861328, ""val_balanced_accuracy"": 0.012278304435312748, ""test_cross_entropy"": 4.618403911590576, ""test_balanced_accuracy"": 0.012438188306987286}"
2026-04-14T04:55:23.907848,tpe,lcbench,168329,1,542,4.175187110900879,"{""OpenML_task_id"": ""126026"", ""batch_size"": 365, ""epoch"": 2, ""learning_rate"": 0.044668731267963474, ""max_dropout"": 0.45328018155751026, ""max_units"": 80, ""momentum"": 0.8941627946078972, ""num_layers"": 5, ""weight_decay"": 0.06357432842028586}","{""time"": 4.175187110900879, ""val_accuracy"": 0.44417664408683777, ""val_cross_entropy"": 4.541554927825928, ""val_balanced_accuracy"": 0.011039398610591888, ""test_cross_entropy"": 4.620902061462402, ""test_balanced_accuracy"": 0.011193221434950829}"
2026-04-14T04:55:23.941921,tpe,lcbench,168329,1,543,3.0372989177703857,"{""OpenML_task_id"": ""126026"", ""batch_size"": 384, ""epoch"": 1, ""learning_rate"": 0.0476857468923448, ""max_dropout"": 0.42195496810281746, ""max_units"": 680, ""momentum"": 0.8383201964574211, ""num_layers"": 5, ""weight_decay"": 0.06908755198722916}","{""time"": 3.0372989177703857, ""val_accuracy"": 0.6563015580177307, ""val_cross_entropy"": 4.450116157531738, ""val_balanced_accuracy"": 0.01198116596788168, ""test_cross_entropy"": 4.617040157318115, ""test_balanced_accuracy"": 0.012142876163125038}"
2026-04-14T04:55:23.973493,tpe,lcbench,168329,1,544,7.0547685623168945,"{""OpenML_task_id"": ""126029"", ""batch_size"": 378, ""epoch"": 3, ""learning_rate"": 0.042028679627429254, ""max_dropout"": 0.4766519562631267, ""max_units"": 98, ""momentum"": 0.8586426397476055, ""num_layers"": 5, ""weight_decay"": 0.06599703470696736}","{""time"": 7.0547685623168945, ""val_accuracy"": 0.4223385751247406, ""val_cross_entropy"": 4.555692672729492, ""val_balanced_accuracy"": 0.010860312730073929, ""test_cross_entropy"": 4.624431610107422, ""test_balanced_accuracy"": 0.011016051284968853}"
2026-04-14T04:55:24.005619,tpe,lcbench,168329,1,545,1.4406301975250244,"{""OpenML_task_id"": ""167168"", ""batch_size"": 408, ""epoch"": 1, ""learning_rate"": 0.045938528871647726, ""max_dropout"": 0.43206003210260346, ""max_units"": 79, ""momentum"": 0.8781332558381906, ""num_layers"": 5, ""weight_decay"": 0.06361618996785705}","{""time"": 1.4406301975250244, ""val_accuracy"": 0.4970720112323761, ""val_cross_entropy"": 4.461169719696045, ""val_balanced_accuracy"": 0.011740065179765224, ""test_cross_entropy"": 4.609105110168457, ""test_balanced_accuracy"": 0.011867311783134937}"
2026-04-14T04:55:24.035710,tpe,lcbench,168329,1,546,4.182159423828125,"{""OpenML_task_id"": ""167168"", ""batch_size"": 413, ""epoch"": 2, ""learning_rate"": 0.03953712168023902, ""max_dropout"": 0.44383654750531765, ""max_units"": 79, ""momentum"": 0.8815260757477154, ""num_layers"": 5, ""weight_decay"": 0.06682778835685559}","{""time"": 4.182159423828125, ""val_accuracy"": 0.4534039795398712, ""val_cross_entropy"": 4.573256015777588, ""val_balanced_accuracy"": 0.01079204585403204, ""test_cross_entropy"": 4.606292724609375, ""test_balanced_accuracy"": 0.010946973226964474}"
2026-04-14T04:55:24.069259,tpe,lcbench,168329,1,547,1.3750901222229004,"{""OpenML_task_id"": ""189354"", ""batch_size"": 436, ""epoch"": 1, ""learning_rate"": 0.04868307761011346, ""max_dropout"": 0.4251011429863287, ""max_units"": 64, ""momentum"": 0.8915285735859618, ""num_layers"": 5, ""weight_decay"": 0.0639502245728387}","{""time"": 1.3750901222229004, ""val_accuracy"": 0.49059268832206726, ""val_cross_entropy"": 4.470025539398193, ""val_balanced_accuracy"": 0.011673146858811378, ""test_cross_entropy"": 4.601377964019775, ""test_balanced_accuracy"": 0.011811376549303532}"
2026-04-14T04:55:24.099875,tpe,lcbench,168329,1,548,14.128917694091797,"{""OpenML_task_id"": ""3945"", ""batch_size"": 441, ""epoch"": 4, ""learning_rate"": 0.049009046523238405, ""max_dropout"": 0.4224488221821855, ""max_units"": 66, ""momentum"": 0.9030993696661811, ""num_layers"": 3, ""weight_decay"": 0.06387199562930576}","{""time"": 14.128917694091797, ""val_accuracy"": 0.9449335932731628, ""val_cross_entropy"": 4.537978172302246, ""val_balanced_accuracy"": 0.011245113797485828, ""test_cross_entropy"": 4.629480838775635, ""test_balanced_accuracy"": 0.011130545288324356}"
2026-04-14T04:55:24.131892,tpe,lcbench,168329,1,549,6.275259494781494,"{""OpenML_task_id"": ""189354"", ""batch_size"": 406, ""epoch"": 3, ""learning_rate"": 0.046902997817488516, ""max_dropout"": 0.4074238224852803, ""max_units"": 64, ""momentum"": 0.8903699112341785, ""num_layers"": 5, ""weight_decay"": 0.06228890998530658}","{""time"": 6.275259494781494, ""val_accuracy"": 0.4171984791755676, ""val_cross_entropy"": 4.55274772644043, ""val_balanced_accuracy"": 0.010829181410372257, ""test_cross_entropy"": 4.6227335929870605, ""test_balanced_accuracy"": 0.010990824550390244}"
2026-04-14T04:55:24.164937,tpe,lcbench,168329,1,550,1.3709067106246948,"{""OpenML_task_id"": ""167168"", ""batch_size"": 392, ""epoch"": 1, ""learning_rate"": 0.04366917294640502, ""max_dropout"": 0.5138801248385668, ""max_units"": 64, ""momentum"": 0.9241142380943698, ""num_layers"": 5, ""weight_decay"": 0.0645942314780929}","{""time"": 1.3709067106246948, ""val_accuracy"": 0.4869568943977356, ""val_cross_entropy"": 4.460971355438232, ""val_balanced_accuracy"": 0.011833339929580688, ""test_cross_entropy"": 4.6090216636657715, ""test_balanced_accuracy"": 0.011953135952353477}"
2026-04-14T04:55:24.198488,tpe,lcbench,168329,1,551,48.607200622558594,"{""OpenML_task_id"": ""167168"", ""batch_size"": 473, ""epoch"": 5, ""learning_rate"": 0.04368076622845625, ""max_dropout"": 0.40128386505803815, ""max_units"": 1003, ""momentum"": 0.9146199364615372, ""num_layers"": 5, ""weight_decay"": 0.06152741638965239}","{""time"": 48.607200622558594, ""val_accuracy"": 0.5333546996116638, ""val_cross_entropy"": 4.678246021270752, ""val_balanced_accuracy"": 0.009794085286557674, ""test_cross_entropy"": 4.5979695320129395, ""test_balanced_accuracy"": 0.009919406846165657}"
2026-04-14T04:55:24.229584,tpe,lcbench,168329,1,552,3.9632275104522705,"{""OpenML_task_id"": ""34539"", ""batch_size"": 389, ""epoch"": 2, ""learning_rate"": 0.04460279643666453, ""max_dropout"": 0.43392963267951284, ""max_units"": 64, ""momentum"": 0.9184948627852169, ""num_layers"": 5, ""weight_decay"": 0.06365758603497072}","{""time"": 3.9632275104522705, ""val_accuracy"": 0.44611501693725586, ""val_cross_entropy"": 4.55118989944458, ""val_balanced_accuracy"": 0.01098788995295763, ""test_cross_entropy"": 4.616672515869141, ""test_balanced_accuracy"": 0.01113993301987648}"
2026-04-14T04:55:24.263666,tpe,lcbench,168329,1,553,4.4010910987854,"{""OpenML_task_id"": ""167168"", ""batch_size"": 396, ""epoch"": 2, ""learning_rate"": 0.046391688638677805, ""max_dropout"": 0.3916874032117614, ""max_units"": 97, ""momentum"": 0.9295882888739616, ""num_layers"": 5, ""weight_decay"": 0.06078094701193978}","{""time"": 4.4010910987854, ""val_accuracy"": 0.46034032106399536, ""val_cross_entropy"": 4.553246974945068, ""val_balanced_accuracy"": 0.010922550223767757, ""test_cross_entropy"": 4.623276233673096, ""test_balanced_accuracy"": 0.011083493940532207}"
2026-04-14T04:55:24.295710,tpe,lcbench,168329,1,554,1.4057683944702148,"{""OpenML_task_id"": ""189354"", ""batch_size"": 363, ""epoch"": 1, ""learning_rate"": 0.04916680483060815, ""max_dropout"": 0.513235414043123, ""max_units"": 78, ""momentum"": 0.8660481794204428, ""num_layers"": 5, ""weight_decay"": 0.06621007575921059}","{""time"": 1.4057683944702148, ""val_accuracy"": 0.47668012976646423, ""val_cross_entropy"": 4.443723201751709, ""val_balanced_accuracy"": 0.011945568956434727, ""test_cross_entropy"": 4.617221832275391, ""test_balanced_accuracy"": 0.012067766860127449}"
2026-04-14T04:55:24.327759,tpe,lcbench,168329,1,555,6.7967915534973145,"{""OpenML_task_id"": ""167168"", ""batch_size"": 366, ""epoch"": 3, ""learning_rate"": 0.04862973836434676, ""max_dropout"": 0.4961668761224209, ""max_units"": 78, ""momentum"": 0.9521626635270639, ""num_layers"": 5, ""weight_decay"": 0.06502839530629005}","{""time"": 6.7967915534973145, ""val_accuracy"": 0.38834327459335327, ""val_cross_entropy"": 4.4857587814331055, ""val_balanced_accuracy"": 0.011380206793546677, ""test_cross_entropy"": 4.626155376434326, ""test_balanced_accuracy"": 0.011554834432899952}"
2026-04-14T04:55:24.359851,tpe,lcbench,168329,1,556,1.3625398874282837,"{""OpenML_task_id"": ""167168"", ""batch_size"": 361, ""epoch"": 1, ""learning_rate"": 0.04737655610513576, ""max_dropout"": 0.5224315050993229, ""max_units"": 64, ""momentum"": 0.8410060512712866, ""num_layers"": 5, ""weight_decay"": 0.060160893539621854}","{""time"": 1.3625398874282837, ""val_accuracy"": 0.5015777349472046, ""val_cross_entropy"": 4.440405368804932, ""val_balanced_accuracy"": 0.011951061896979809, ""test_cross_entropy"": 4.617589950561523, ""test_balanced_accuracy"": 0.012046472169458866}"
2026-04-14T04:55:24.390383,tpe,lcbench,168329,1,557,3.8488807678222656,"{""OpenML_task_id"": ""189354"", ""batch_size"": 449, ""epoch"": 2, ""learning_rate"": 0.049656475055696384, ""max_dropout"": 0.5069572429713936, ""max_units"": 66, ""momentum"": 0.849634931570865, ""num_layers"": 5, ""weight_decay"": 0.058931970516323}","{""time"": 3.8488807678222656, ""val_accuracy"": 0.4815159738063812, ""val_cross_entropy"": 4.56702995300293, ""val_balanced_accuracy"": 0.010966596193611622, ""test_cross_entropy"": 4.598654270172119, ""test_balanced_accuracy"": 0.011135747656226158}"
2026-04-14T04:55:24.423411,tpe,lcbench,168329,1,558,1.4127408266067505,"{""OpenML_task_id"": ""189354"", ""batch_size"": 359, ""epoch"": 1, ""learning_rate"": 0.047293515164629, ""max_dropout"": 0.48049437464528183, ""max_units"": 79, ""momentum"": 0.8768590163023531, ""num_layers"": 5, ""weight_decay"": 0.0602840310561647}","{""time"": 1.4127408266067505, ""val_accuracy"": 0.5006095170974731, ""val_cross_entropy"": 4.4432854652404785, ""val_balanced_accuracy"": 0.01190714817494154, ""test_cross_entropy"": 4.620589733123779, ""test_balanced_accuracy"": 0.012008024379611015}"
2026-04-14T04:55:24.455482,tpe,lcbench,168329,1,559,112.1392822265625,"{""OpenML_task_id"": ""167168"", ""batch_size"": 359, ""epoch"": 27, ""learning_rate"": 0.04827307458636852, ""max_dropout"": 0.5203172982804319, ""max_units"": 64, ""momentum"": 0.8940328455478274, ""num_layers"": 5, ""weight_decay"": 0.05992656630551578}","{""time"": 112.1392822265625, ""val_accuracy"": 0.39535510540008545, ""val_cross_entropy"": 4.560125827789307, ""val_balanced_accuracy"": 0.010448344983160496, ""test_cross_entropy"": 4.603072166442871, ""test_balanced_accuracy"": 0.01034463569521904}"
2026-04-14T04:55:24.487034,tpe,lcbench,168329,1,560,99.22230529785156,"{""OpenML_task_id"": ""189354"", ""batch_size"": 465, ""epoch"": 23, ""learning_rate"": 0.04975890498447885, ""max_dropout"": 0.5503727759836808, ""max_units"": 98, ""momentum"": 0.8705188165444061, ""num_layers"": 5, ""weight_decay"": 0.06044811427789789}","{""time"": 99.22230529785156, ""val_accuracy"": 0.39884066581726074, ""val_cross_entropy"": 4.592023849487305, ""val_balanced_accuracy"": 0.01026115845888853, ""test_cross_entropy"": 4.597584247589111, ""test_balanced_accuracy"": 0.01021314412355423}"
2026-04-14T04:55:24.518123,tpe,lcbench,168329,1,561,9.288710594177246,"{""OpenML_task_id"": ""189354"", ""batch_size"": 375, ""epoch"": 3, ""learning_rate"": 0.04722904949284715, ""max_dropout"": 0.5296655294776158, ""max_units"": 100, ""momentum"": 0.8407611482296508, ""num_layers"": 2, ""weight_decay"": 0.05937177257469209}","{""time"": 9.288710594177246, ""val_accuracy"": 4.100503921508789, ""val_cross_entropy"": 4.294864654541016, ""val_balanced_accuracy"": 0.04469605162739754, ""test_cross_entropy"": 4.630988121032715, ""test_balanced_accuracy"": 0.04362895339727402}"
2026-04-14T04:55:24.549207,tpe,lcbench,168329,1,562,1.386245846748352,"{""OpenML_task_id"": ""189354"", ""batch_size"": 392, ""epoch"": 1, ""learning_rate"": 0.04994214319355844, ""max_dropout"": 0.5123269222593275, ""max_units"": 79, ""momentum"": 0.9608050645286144, ""num_layers"": 5, ""weight_decay"": 0.062247597935629964}","{""time"": 1.386245846748352, ""val_accuracy"": 0.4920039176940918, ""val_cross_entropy"": 4.461563587188721, ""val_balanced_accuracy"": 0.011891827918589115, ""test_cross_entropy"": 4.615970134735107, ""test_balanced_accuracy"": 0.01202165987342596}"
2026-04-14T04:55:24.580774,tpe,lcbench,168329,1,563,4.293716907501221,"{""OpenML_task_id"": ""189354"", ""batch_size"": 403, ""epoch"": 2, ""learning_rate"": 0.050344852775761784, ""max_dropout"": 0.5185345272133287, ""max_units"": 99, ""momentum"": 0.9256168098385137, ""num_layers"": 5, ""weight_decay"": 0.057759031261275635}","{""time"": 4.293716907501221, ""val_accuracy"": 0.4696686863899231, ""val_cross_entropy"": 4.55488395690918, ""val_balanced_accuracy"": 0.011092841625213623, ""test_cross_entropy"": 4.619813442230225, ""test_balanced_accuracy"": 0.01124916784465313}"
2026-04-14T04:55:24.623379,tpe,lcbench,168329,1,564,9.347278594970703,"{""OpenML_task_id"": ""189354"", ""batch_size"": 392, ""epoch"": 4, ""learning_rate"": 0.04785937650257477, ""max_dropout"": 0.5465302892267053, ""max_units"": 80, ""momentum"": 0.8988377674409054, ""num_layers"": 5, ""weight_decay"": 0.06101638239191744}","{""time"": 9.347278594970703, ""val_accuracy"": 0.3944459855556488, ""val_cross_entropy"": 4.524565696716309, ""val_balanced_accuracy"": 0.011006621643900871, ""test_cross_entropy"": 4.6227946281433105, ""test_balanced_accuracy"": 0.011156858876347542}"
2026-04-14T04:55:24.656056,tpe,lcbench,168329,1,565,16.111854553222656,"{""OpenML_task_id"": ""167168"", ""batch_size"": 362, ""epoch"": 6, ""learning_rate"": 0.049365918922626824, ""max_dropout"": 0.49757676181661553, ""max_units"": 64, ""momentum"": 0.9496004206645403, ""num_layers"": 5, ""weight_decay"": 0.06143460830749986}","{""time"": 16.111854553222656, ""val_accuracy"": 0.3423967957496643, ""val_cross_entropy"": 4.468907356262207, ""val_balanced_accuracy"": 0.01105083804577589, ""test_cross_entropy"": 4.623537540435791, ""test_balanced_accuracy"": 0.011174194514751434}"
2026-04-14T04:55:24.687675,tpe,lcbench,168329,1,566,4.317422866821289,"{""OpenML_task_id"": ""189354"", ""batch_size"": 488, ""epoch"": 2, ""learning_rate"": 0.0461173598320635, ""max_dropout"": 0.5084346453509581, ""max_units"": 96, ""momentum"": 0.9578062900896767, ""num_layers"": 5, ""weight_decay"": 0.057906474476237764}","{""time"": 4.317422866821289, ""val_accuracy"": 0.4923062026500702, ""val_cross_entropy"": 4.585725784301758, ""val_balanced_accuracy"": 0.010887752287089825, ""test_cross_entropy"": 4.58851432800293, ""test_balanced_accuracy"": 0.011074681766331196}"
2026-04-14T04:55:24.718785,tpe,lcbench,168329,1,567,1.4350522756576538,"{""OpenML_task_id"": ""189354"", ""batch_size"": 434, ""epoch"": 1, ""learning_rate"": 0.050288840552782384, ""max_dropout"": 0.5179507138636094, ""max_units"": 102, ""momentum"": 0.9730998603694144, ""num_layers"": 5, ""weight_decay"": 0.0594896498393695}","{""time"": 1.4350522756576538, ""val_accuracy"": 0.5228172540664673, ""val_cross_entropy"": 4.473942756652832, ""val_balanced_accuracy"": 0.011896546930074692, ""test_cross_entropy"": 4.609638690948486, ""test_balanced_accuracy"": 0.01203859318047762}"
2026-04-14T04:55:24.750866,tpe,lcbench,168329,1,568,7.4298810958862305,"{""OpenML_task_id"": ""189354"", ""batch_size"": 431, ""epoch"": 3, ""learning_rate"": 0.050578196788374594, ""max_dropout"": 0.5380680690228167, ""max_units"": 105, ""momentum"": 0.9837783140986545, ""num_layers"": 5, ""weight_decay"": 0.05724009451779787}","{""time"": 7.4298810958862305, ""val_accuracy"": 0.4276430904865265, ""val_cross_entropy"": 4.5346269607543945, ""val_balanced_accuracy"": 0.011171551421284676, ""test_cross_entropy"": 4.6183085441589355, ""test_balanced_accuracy"": 0.011321060359477997}"
2026-04-14T04:55:24.784921,tpe,lcbench,168329,1,569,1.44481360912323,"{""OpenML_task_id"": ""189354"", ""batch_size"": 430, ""epoch"": 1, ""learning_rate"": 0.05028507839770258, ""max_dropout"": 0.4748931885251677, ""max_units"": 102, ""momentum"": 0.9365579353246406, ""num_layers"": 5, ""weight_decay"": 0.05901770511237507}","{""time"": 1.44481360912323, ""val_accuracy"": 0.5280697345733643, ""val_cross_entropy"": 4.4655680656433105, ""val_balanced_accuracy"": 0.011878090910613537, ""test_cross_entropy"": 4.610898494720459, ""test_balanced_accuracy"": 0.012017006054520607}"
2026-04-14T04:55:24.815016,tpe,lcbench,168329,1,570,7.2444167137146,"{""OpenML_task_id"": ""189354"", ""batch_size"": 435, ""epoch"": 3, ""learning_rate"": 0.051050923742488666, ""max_dropout"": 0.5675541218274792, ""max_units"": 103, ""momentum"": 0.9704590615631908, ""num_layers"": 5, ""weight_decay"": 0.0550369299555175}","{""time"": 7.2444167137146, ""val_accuracy"": 0.43510302901268005, ""val_cross_entropy"": 4.547126770019531, ""val_balanced_accuracy"": 0.011106709018349648, ""test_cross_entropy"": 4.616751670837402, ""test_balanced_accuracy"": 0.01125125028192997}"
2026-04-14T04:55:24.848635,tpe,lcbench,168329,1,571,1.474097490310669,"{""OpenML_task_id"": ""189354"", ""batch_size"": 428, ""epoch"": 1, ""learning_rate"": 0.049552133429922755, ""max_dropout"": 0.4861613886462597, ""max_units"": 107, ""momentum"": 0.9745048469880863, ""num_layers"": 5, ""weight_decay"": 0.06005492865389916}","{""time"": 1.474097490310669, ""val_accuracy"": 0.5203976631164551, ""val_cross_entropy"": 4.473721981048584, ""val_balanced_accuracy"": 0.011862649582326412, ""test_cross_entropy"": 4.611320495605469, ""test_balanced_accuracy"": 0.012004864402115345}"
2026-04-14T04:55:24.882760,tpe,lcbench,168329,1,572,4.353679180145264,"{""OpenML_task_id"": ""189354"", ""batch_size"": 451, ""epoch"": 2, ""learning_rate"": 0.0499566100305729, ""max_dropout"": 0.5142143345717999, ""max_units"": 103, ""momentum"": 0.9408133299477088, ""num_layers"": 5, ""weight_decay"": 0.058999837182645336}","{""time"": 4.353679180145264, ""val_accuracy"": 0.4782547354698181, ""val_cross_entropy"": 4.585933685302734, ""val_balanced_accuracy"": 0.010963480919599533, ""test_cross_entropy"": 4.60457706451416, ""test_balanced_accuracy"": 0.011121823452413082}"
2026-04-14T04:55:24.915842,tpe,lcbench,168329,1,573,1.5019868612289429,"{""OpenML_task_id"": ""189354"", ""batch_size"": 429, ""epoch"": 1, ""learning_rate"": 0.048785498558773704, ""max_dropout"": 0.4878929124668433, ""max_units"": 117, ""momentum"": 0.9783296122076466, ""num_layers"": 5, ""weight_decay"": 0.05676001605851169}","{""time"": 1.5019868612289429, ""val_accuracy"": 0.5401884913444519, ""val_cross_entropy"": 4.475019454956055, ""val_balanced_accuracy"": 0.011875440366566181, ""test_cross_entropy"": 4.613119602203369, ""test_balanced_accuracy"": 0.012014278210699558}"
2026-04-14T04:55:24.951891,tpe,lcbench,168329,1,574,7.54283332824707,"{""OpenML_task_id"": ""189354"", ""batch_size"": 440, ""epoch"": 2, ""learning_rate"": 0.05066605538319972, ""max_dropout"": 0.4792910800097201, ""max_units"": 105, ""momentum"": 0.9607999934047928, ""num_layers"": 3, ""weight_decay"": 0.06067161121035174}","{""time"": 7.54283332824707, ""val_accuracy"": 1.3615974187850952, ""val_cross_entropy"": 4.519433975219727, ""val_balanced_accuracy"": 0.017472004517912865, ""test_cross_entropy"": 4.627683639526367, ""test_balanced_accuracy"": 0.017393965274095535}"
2026-04-14T04:55:24.986521,tpe,lcbench,168329,1,575,37.68989181518555,"{""OpenML_task_id"": ""189354"", ""batch_size"": 417, ""epoch"": 4, ""learning_rate"": 0.047860290606574644, ""max_dropout"": 0.5315991004842486, ""max_units"": 948, ""momentum"": 0.980917894923624, ""num_layers"": 5, ""weight_decay"": 0.059654031359553966}","{""time"": 37.68989181518555, ""val_accuracy"": 0.4841858446598053, ""val_cross_entropy"": 4.615945339202881, ""val_balanced_accuracy"": 0.01041849423199892, ""test_cross_entropy"": 4.613826274871826, ""test_balanced_accuracy"": 0.010525071062147617}"
2026-04-14T04:55:25.018643,tpe,lcbench,168329,1,576,1.317916750907898,"{""OpenML_task_id"": ""189354"", ""batch_size"": 420, ""epoch"": 1, ""learning_rate"": 0.05161859654317957, ""max_dropout"": 0.504942690202951, ""max_units"": 64, ""momentum"": 0.9891321804811932, ""num_layers"": 5, ""weight_decay"": 0.05840697084818281}","{""time"": 1.317916750907898, ""val_accuracy"": 0.50301194190979, ""val_cross_entropy"": 4.472555637359619, ""val_balanced_accuracy"": 0.011847431771457195, ""test_cross_entropy"": 4.60959005355835, ""test_balanced_accuracy"": 0.01197636779397726}"
2026-04-14T04:55:25.051803,tpe,lcbench,168329,1,577,6.3547444343566895,"{""OpenML_task_id"": ""189354"", ""batch_size"": 425, ""epoch"": 3, ""learning_rate"": 0.05119312623726295, ""max_dropout"": 0.5133491632490137, ""max_units"": 64, ""momentum"": 0.9694116943463402, ""num_layers"": 5, ""weight_decay"": 0.054251475840207695}","{""time"": 6.3547444343566895, ""val_accuracy"": 0.4257078468799591, ""val_cross_entropy"": 4.53359842300415, ""val_balanced_accuracy"": 0.011109378188848495, ""test_cross_entropy"": 4.618132591247559, ""test_balanced_accuracy"": 0.011259429156780243}"
2026-04-14T04:55:25.082448,tpe,lcbench,168329,1,578,52.65256118774414,"{""OpenML_task_id"": ""189354"", ""batch_size"": 437, ""epoch"": 14, ""learning_rate"": 0.052160125243083916, ""max_dropout"": 0.5045236284423182, ""max_units"": 65, ""momentum"": 0.985226630793048, ""num_layers"": 5, ""weight_decay"": 0.0587331580246135}","{""time"": 52.65256118774414, ""val_accuracy"": 0.34462970495224, ""val_cross_entropy"": 4.530580520629883, ""val_balanced_accuracy"": 0.010723165236413479, ""test_cross_entropy"": 4.6020827293396, ""test_balanced_accuracy"": 0.010708082467317581}"
2026-04-14T04:55:25.114495,tpe,lcbench,168329,1,579,3.883742570877075,"{""OpenML_task_id"": ""189354"", ""batch_size"": 461, ""epoch"": 2, ""learning_rate"": 0.05025873738747414, ""max_dropout"": 0.4923167615610179, ""max_units"": 64, ""momentum"": 0.9407209533243142, ""num_layers"": 5, ""weight_decay"": 0.0570730487183819}","{""time"": 3.883742570877075, ""val_accuracy"": 0.46988463401794434, ""val_cross_entropy"": 4.588375091552734, ""val_balanced_accuracy"": 0.010885986499488354, ""test_cross_entropy"": 4.59800910949707, ""test_balanced_accuracy"": 0.011039040982723236}"
2026-04-14T04:55:25.149035,tpe,lcbench,168329,1,580,1.451785922050476,"{""OpenML_task_id"": ""189354"", ""batch_size"": 432, ""epoch"": 1, ""learning_rate"": 0.04831187201941661, ""max_dropout"": 0.47450704215508943, ""max_units"": 103, ""momentum"": 0.9651866914221702, ""num_layers"": 5, ""weight_decay"": 0.05576696080442286}","{""time"": 1.451785922050476, ""val_accuracy"": 0.5413199663162231, ""val_cross_entropy"": 4.473221302032471, ""val_balanced_accuracy"": 0.011845014058053493, ""test_cross_entropy"": 4.610960483551025, ""test_balanced_accuracy"": 0.01197472307831049}"
2026-04-14T04:55:25.181631,tpe,lcbench,168329,1,581,257.501708984375,"{""OpenML_task_id"": ""189354"", ""batch_size"": 450, ""epoch"": 45, ""learning_rate"": 0.04908068271270968, ""max_dropout"": 0.7863724922686618, ""max_units"": 114, ""momentum"": 0.9618802444183281, ""num_layers"": 5, ""weight_decay"": 0.054318327307243876}","{""time"": 257.501708984375, ""val_accuracy"": 0.43563035130500793, ""val_cross_entropy"": 4.655383110046387, ""val_balanced_accuracy"": 0.00998634286224842, ""test_cross_entropy"": 4.5939788818359375, ""test_balanced_accuracy"": 0.009814375080168247}"
2026-04-14T04:55:25.213966,tpe,lcbench,168329,1,582,7.467532157897949,"{""OpenML_task_id"": ""189354"", ""batch_size"": 428, ""epoch"": 3, ""learning_rate"": 0.05244684862257124, ""max_dropout"": 0.5510130530055665, ""max_units"": 110, ""momentum"": 0.9881266863591658, ""num_layers"": 5, ""weight_decay"": 0.05260060085657575}","{""time"": 7.467532157897949, ""val_accuracy"": 0.43605098128318787, ""val_cross_entropy"": 4.534729957580566, ""val_balanced_accuracy"": 0.011182082816958427, ""test_cross_entropy"": 4.621016502380371, ""test_balanced_accuracy"": 0.011329938657581806}"
2026-04-14T04:55:25.245040,tpe,lcbench,168329,1,583,1.511748194694519,"{""OpenML_task_id"": ""189354"", ""batch_size"": 435, ""epoch"": 1, ""learning_rate"": 0.049073088277344704, ""max_dropout"": 0.5243170278669615, ""max_units"": 126, ""momentum"": 0.9459954100021934, ""num_layers"": 5, ""weight_decay"": 0.056170158100219574}","{""time"": 1.511748194694519, ""val_accuracy"": 0.5558941960334778, ""val_cross_entropy"": 4.46801233291626, ""val_balanced_accuracy"": 0.011952725239098072, ""test_cross_entropy"": 4.613044261932373, ""test_balanced_accuracy"": 0.012094220146536827}"
2026-04-14T04:55:25.278639,tpe,lcbench,168329,1,584,28.904727935791016,"{""OpenML_task_id"": ""167168"", ""batch_size"": 423, ""epoch"": 4, ""learning_rate"": 0.05172636632135647, ""max_dropout"": 0.48103010259641377, ""max_units"": 613, ""momentum"": 0.9687861266518653, ""num_layers"": 5, ""weight_decay"": 0.05705633383336447}","{""time"": 28.904727935791016, ""val_accuracy"": 0.4625326991081238, ""val_cross_entropy"": 4.604620456695557, ""val_balanced_accuracy"": 0.010436434298753738, ""test_cross_entropy"": 4.62182092666626, ""test_balanced_accuracy"": 0.010562879964709282}"
2026-04-14T04:55:25.312702,tpe,lcbench,168329,1,585,4.359257221221924,"{""OpenML_task_id"": ""189354"", ""batch_size"": 443, ""epoch"": 2, ""learning_rate"": 0.048174872444144895, ""max_dropout"": 0.49450025967176525, ""max_units"": 102, ""momentum"": 0.9362225654055342, ""num_layers"": 5, ""weight_decay"": 0.05828755067856212}","{""time"": 4.359257221221924, ""val_accuracy"": 0.48020991683006287, ""val_cross_entropy"": 4.5828962326049805, ""val_balanced_accuracy"": 0.01092467550188303, ""test_cross_entropy"": 4.6069560050964355, ""test_balanced_accuracy"": 0.01107945665717125}"
2026-04-14T04:55:25.346252,tpe,lcbench,168329,1,586,1.3834569454193115,"{""OpenML_task_id"": ""189354"", ""batch_size"": 420, ""epoch"": 1, ""learning_rate"": 0.04964313673414851, ""max_dropout"": 0.47808068922945446, ""max_units"": 80, ""momentum"": 0.9545488040123911, ""num_layers"": 5, ""weight_decay"": 0.06083270575027478}","{""time"": 1.3834569454193115, ""val_accuracy"": 0.5052417516708374, ""val_cross_entropy"": 4.467174053192139, ""val_balanced_accuracy"": 0.01184255164116621, ""test_cross_entropy"": 4.609783172607422, ""test_balanced_accuracy"": 0.011973535642027855}"
2026-04-14T04:55:25.380197,tpe,lcbench,168329,1,587,4.373201847076416,"{""OpenML_task_id"": ""189354"", ""batch_size"": 455, ""epoch"": 2, ""learning_rate"": 0.05173118740684724, ""max_dropout"": 0.4705499893199345, ""max_units"": 103, ""momentum"": 0.9525767041041485, ""num_layers"": 5, ""weight_decay"": 0.0552698759474727}","{""time"": 4.373201847076416, ""val_accuracy"": 0.4839310050010681, ""val_cross_entropy"": 4.588360786437988, ""val_balanced_accuracy"": 0.010907894000411034, ""test_cross_entropy"": 4.606542110443115, ""test_balanced_accuracy"": 0.011062584817409515}"
2026-04-14T04:55:25.411240,tpe,lcbench,168329,1,588,1.4015849828720093,"{""OpenML_task_id"": ""189354"", ""batch_size"": 419, ""epoch"": 1, ""learning_rate"": 0.048968458866669194, ""max_dropout"": 0.4757775764318864, ""max_units"": 83, ""momentum"": 0.98968267577651, ""num_layers"": 5, ""weight_decay"": 0.059109471893226406}","{""time"": 1.4015849828720093, ""val_accuracy"": 0.5090315341949463, ""val_cross_entropy"": 4.474605560302734, ""val_balanced_accuracy"": 0.01181777659803629, ""test_cross_entropy"": 4.611193656921387, ""test_balanced_accuracy"": 0.011950194835662842}"
2026-04-14T04:55:25.444289,tpe,lcbench,168329,1,589,6.7312517166137695,"{""OpenML_task_id"": ""189354"", ""batch_size"": 418, ""epoch"": 3, ""learning_rate"": 0.04996736001182266, ""max_dropout"": 0.5156994835780059, ""max_units"": 79, ""momentum"": 0.9668967730837573, ""num_layers"": 5, ""weight_decay"": 0.05794888402403789}","{""time"": 6.7312517166137695, ""val_accuracy"": 0.4192853569984436, ""val_cross_entropy"": 4.5274176597595215, ""val_balanced_accuracy"": 0.011166268959641457, ""test_cross_entropy"": 4.619411468505859, ""test_balanced_accuracy"": 0.011321276426315308}"
2026-04-14T04:55:25.477524,tpe,lcbench,168329,1,590,13.091431617736816,"{""OpenML_task_id"": ""189354"", ""batch_size"": 423, ""epoch"": 5, ""learning_rate"": 0.052953773369713915, ""max_dropout"": 0.4773868180254397, ""max_units"": 64, ""momentum"": 0.9857846997348333, ""num_layers"": 5, ""weight_decay"": 0.05947356649972667}","{""time"": 13.091431617736816, ""val_accuracy"": 0.36620834469795227, ""val_cross_entropy"": 4.483224868774414, ""val_balanced_accuracy"": 0.011191471479833126, ""test_cross_entropy"": 4.618743419647217, ""test_balanced_accuracy"": 0.011325445026159286}"
2026-04-14T04:55:25.512568,tpe,lcbench,168329,1,591,2.607802152633667,"{""OpenML_task_id"": ""189354"", ""batch_size"": 433, ""epoch"": 1, ""learning_rate"": 0.04983180652690382, ""max_dropout"": 0.5355619035977608, ""max_units"": 126, ""momentum"": 0.9658376510956691, ""num_layers"": 3, ""weight_decay"": 0.05351764377919183}","{""time"": 2.607802152633667, ""val_accuracy"": 0.9293668866157532, ""val_cross_entropy"": 4.4690093994140625, ""val_balanced_accuracy"": 0.011480581946671009, ""test_cross_entropy"": 4.6215596199035645, ""test_balanced_accuracy"": 0.011246422305703163}"
2026-04-14T04:55:25.545703,tpe,lcbench,168329,1,592,4.441530704498291,"{""OpenML_task_id"": ""189354"", ""batch_size"": 411, ""epoch"": 2, ""learning_rate"": 0.04814638471237454, ""max_dropout"": 0.4874564746517109, ""max_units"": 103, ""momentum"": 0.9892149381681156, ""num_layers"": 5, ""weight_decay"": 0.05761268763882681}","{""time"": 4.441530704498291, ""val_accuracy"": 0.46289628744125366, ""val_cross_entropy"": 4.552746295928955, ""val_balanced_accuracy"": 0.011149030178785324, ""test_cross_entropy"": 4.619083404541016, ""test_balanced_accuracy"": 0.011305006220936775}"
2026-04-14T04:55:25.578740,tpe,lcbench,168329,1,593,104.08482360839844,"{""OpenML_task_id"": ""189354"", ""batch_size"": 429, ""epoch"": 20, ""learning_rate"": 0.0534720055113186, ""max_dropout"": 0.5060408814023698, ""max_units"": 125, ""momentum"": 0.9407588745698436, ""num_layers"": 5, ""weight_decay"": 0.056241779204450074}","{""time"": 104.08482360839844, ""val_accuracy"": 0.37321898341178894, ""val_cross_entropy"": 4.585188388824463, ""val_balanced_accuracy"": 0.010357745923101902, ""test_cross_entropy"": 4.602726459503174, ""test_balanced_accuracy"": 0.010284023359417915}"
2026-04-14T04:55:25.611294,tpe,lcbench,168329,1,594,3.929760217666626,"{""OpenML_task_id"": ""189354"", ""batch_size"": 442, ""epoch"": 2, ""learning_rate"": 0.05056695528300686, ""max_dropout"": 0.8258832798505298, ""max_units"": 81, ""momentum"": 0.9577698018093487, ""num_layers"": 5, ""weight_decay"": 0.06016459531953106}","{""time"": 3.929760217666626, ""val_accuracy"": 0.4099407196044922, ""val_cross_entropy"": 4.601998805999756, ""val_balanced_accuracy"": 0.010867771692574024, ""test_cross_entropy"": 4.589573860168457, ""test_balanced_accuracy"": 0.011075695976614952}"
2026-04-14T04:55:25.645844,tpe,lcbench,168329,1,595,6.416100978851318,"{""OpenML_task_id"": ""189354"", ""batch_size"": 413, ""epoch"": 3, ""learning_rate"": 0.04818024050804865, ""max_dropout"": 0.49946400167838295, ""max_units"": 64, ""momentum"": 0.9684973453049888, ""num_layers"": 5, ""weight_decay"": 0.05907512181466607}","{""time"": 6.416100978851318, ""val_accuracy"": 0.4131031334400177, ""val_cross_entropy"": 4.524450778961182, ""val_balanced_accuracy"": 0.011157071217894554, ""test_cross_entropy"": 4.6187238693237305, ""test_balanced_accuracy"": 0.011312296614050865}"
2026-04-14T04:55:25.679457,tpe,lcbench,168329,1,596,1.4406301975250244,"{""OpenML_task_id"": ""167168"", ""batch_size"": 436, ""epoch"": 1, ""learning_rate"": 0.05181769225551408, ""max_dropout"": 0.46868712652534306, ""max_units"": 100, ""momentum"": 0.9327711429948297, ""num_layers"": 5, ""weight_decay"": 0.061458291109862985}","{""time"": 1.4406301975250244, ""val_accuracy"": 0.5164838433265686, ""val_cross_entropy"": 4.466328144073486, ""val_balanced_accuracy"": 0.011866655200719833, ""test_cross_entropy"": 4.608972072601318, ""test_balanced_accuracy"": 0.012014851905405521}"
2026-04-14T04:55:25.712549,tpe,lcbench,168329,1,597,1.4266854524612427,"{""OpenML_task_id"": ""167168"", ""batch_size"": 435, ""epoch"": 1, ""learning_rate"": 0.05190905884776805, ""max_dropout"": 0.4670594353213301, ""max_units"": 95, ""momentum"": 0.9432325995692941, ""num_layers"": 5, ""weight_decay"": 0.061804843381199404}","{""time"": 1.4266854524612427, ""val_accuracy"": 0.5104461908340454, ""val_cross_entropy"": 4.4683074951171875, ""val_balanced_accuracy"": 0.011851206421852112, ""test_cross_entropy"": 4.608517169952393, ""test_balanced_accuracy"": 0.011997310444712639}"
2026-04-14T04:55:25.745585,tpe,lcbench,168329,1,598,9.962240219116211,"{""OpenML_task_id"": ""167168"", ""batch_size"": 450, ""epoch"": 4, ""learning_rate"": 0.05384963365357838, ""max_dropout"": 0.46178863202010056, ""max_units"": 81, ""momentum"": 0.9436728472737685, ""num_layers"": 5, ""weight_decay"": 0.06101406656769892}","{""time"": 9.962240219116211, ""val_accuracy"": 0.3985980749130249, ""val_cross_entropy"": 4.520683765411377, ""val_balanced_accuracy"": 0.011058639734983444, ""test_cross_entropy"": 4.613760948181152, ""test_balanced_accuracy"": 0.011208304204046726}"
2026-04-14T04:55:25.779598,tpe,lcbench,168329,1,599,4.244910717010498,"{""OpenML_task_id"": ""167168"", ""batch_size"": 435, ""epoch"": 2, ""learning_rate"": 0.052108573889567064, ""max_dropout"": 0.5664287957358708, ""max_units"": 99, ""momentum"": 0.9262661243835841, ""num_layers"": 5, ""weight_decay"": 0.05629079273018825}","{""time"": 4.244910717010498, ""val_accuracy"": 0.4766983389854431, ""val_cross_entropy"": 4.5789570808410645, ""val_balanced_accuracy"": 0.01101275347173214, ""test_cross_entropy"": 4.609210014343262, ""test_balanced_accuracy"": 0.01116863265633583}"
2026-04-14T04:55:25.811695,tpe,lcbench,168329,1,600,229.461669921875,"{""OpenML_task_id"": ""167168"", ""batch_size"": 458, ""epoch"": 36, ""learning_rate"": 0.051765629604922224, ""max_dropout"": 0.5191545301147998, ""max_units"": 125, ""momentum"": 0.9287059224777569, ""num_layers"": 5, ""weight_decay"": 0.05945772584941442}","{""time"": 229.461669921875, ""val_accuracy"": 0.45050668716430664, ""val_cross_entropy"": 4.6294941902160645, ""val_balanced_accuracy"": 0.010241742245852947, ""test_cross_entropy"": 4.59873628616333, ""test_balanced_accuracy"": 0.010098355822265148}"
2026-04-14T04:55:25.842300,tpe,lcbench,168329,1,601,1.317916750907898,"{""OpenML_task_id"": ""167168"", ""batch_size"": 445, ""epoch"": 1, ""learning_rate"": 0.05116157591091714, ""max_dropout"": 0.4586675958087441, ""max_units"": 64, ""momentum"": 0.9547304489179129, ""num_layers"": 5, ""weight_decay"": 0.05791987938529691}","{""time"": 1.317916750907898, ""val_accuracy"": 0.51407790184021, ""val_cross_entropy"": 4.4748029708862305, ""val_balanced_accuracy"": 0.011774756945669651, ""test_cross_entropy"": 4.602793216705322, ""test_balanced_accuracy"": 0.011904263868927956}"
2026-04-14T04:55:25.874366,tpe,lcbench,168329,1,602,5.823451042175293,"{""OpenML_task_id"": ""167168"", ""batch_size"": 440, ""epoch"": 3, ""learning_rate"": 0.053996548493241495, ""max_dropout"": 0.845062395354224, ""max_units"": 66, ""momentum"": 0.9493244326311355, ""num_layers"": 5, ""weight_decay"": 0.05507798183886157}","{""time"": 5.823451042175293, ""val_accuracy"": 0.39457768201828003, ""val_cross_entropy"": 4.562356472015381, ""val_balanced_accuracy"": 0.01093591284006834, ""test_cross_entropy"": 4.597959518432617, ""test_balanced_accuracy"": 0.01111310813575983}"
2026-04-14T04:55:25.906427,tpe,lcbench,168329,1,603,4.095702171325684,"{""OpenML_task_id"": ""167168"", ""batch_size"": 448, ""epoch"": 2, ""learning_rate"": 0.05180085065461525, ""max_dropout"": 0.46507112730116257, ""max_units"": 79, ""momentum"": 0.9895187713674697, ""num_layers"": 5, ""weight_decay"": 0.05149988643789337}","{""time"": 4.095702171325684, ""val_accuracy"": 0.4794338345527649, ""val_cross_entropy"": 4.5801286697387695, ""val_balanced_accuracy"": 0.01095054391771555, ""test_cross_entropy"": 4.608557224273682, ""test_balanced_accuracy"": 0.011098598130047321}"
2026-04-14T04:55:25.938547,tpe,lcbench,168329,1,604,1.3458062410354614,"{""OpenML_task_id"": ""167168"", ""batch_size"": 423, ""epoch"": 1, ""learning_rate"": 0.05445170254040023, ""max_dropout"": 0.5018105539176342, ""max_units"": 82, ""momentum"": 0.9295806395962339, ""num_layers"": 5, ""weight_decay"": 0.057668078865917946}","{""time"": 1.3458062410354614, ""val_accuracy"": 0.5238363742828369, ""val_cross_entropy"": 4.456808567047119, ""val_balanced_accuracy"": 0.011954526416957378, ""test_cross_entropy"": 4.612456321716309, ""test_balanced_accuracy"": 0.012088892981410027}"
2026-04-14T04:55:25.971614,tpe,lcbench,168329,1,605,1.414135217666626,"{""OpenML_task_id"": ""167168"", ""batch_size"": 433, ""epoch"": 1, ""learning_rate"": 0.05744610323044734, ""max_dropout"": 0.509369497367835, ""max_units"": 108, ""momentum"": 0.936623260473232, ""num_layers"": 5, ""weight_decay"": 0.056443779985840874}","{""time"": 1.414135217666626, ""val_accuracy"": 0.5401504039764404, ""val_cross_entropy"": 4.459782600402832, ""val_balanced_accuracy"": 0.012000605463981628, ""test_cross_entropy"": 4.6148858070373535, ""test_balanced_accuracy"": 0.012146837078034878}"
2026-04-14T04:55:26.003809,tpe,lcbench,168329,1,606,7.467532157897949,"{""OpenML_task_id"": ""167168"", ""batch_size"": 421, ""epoch"": 3, ""learning_rate"": 0.0570799120140963, ""max_dropout"": 0.5495673673859368, ""max_units"": 119, ""momentum"": 0.9264401262277329, ""num_layers"": 5, ""weight_decay"": 0.05706185346229033}","{""time"": 7.467532157897949, ""val_accuracy"": 0.431377112865448, ""val_cross_entropy"": 4.532114505767822, ""val_balanced_accuracy"": 0.011197492480278015, ""test_cross_entropy"": 4.622689247131348, ""test_balanced_accuracy"": 0.01136315893381834}"
2026-04-14T04:55:26.036854,tpe,lcbench,168329,1,607,7.901212215423584,"{""OpenML_task_id"": ""167168"", ""batch_size"": 457, ""epoch"": 2, ""learning_rate"": 0.05517385428808895, ""max_dropout"": 0.5183809726362513, ""max_units"": 440, ""momentum"": 0.9200894968012155, ""num_layers"": 5, ""weight_decay"": 0.05827170444245666}","{""time"": 7.901212215423584, ""val_accuracy"": 0.5852852463722229, ""val_cross_entropy"": 4.574025630950928, ""val_balanced_accuracy"": 0.011129271239042282, ""test_cross_entropy"": 4.620132923126221, ""test_balanced_accuracy"": 0.011362551711499691}"
2026-04-14T04:55:26.068896,tpe,lcbench,168329,1,608,1.384851336479187,"{""OpenML_task_id"": ""167168"", ""batch_size"": 443, ""epoch"": 1, ""learning_rate"": 0.05759172820312772, ""max_dropout"": 0.5370758693714256, ""max_units"": 97, ""momentum"": 0.9414503652231329, ""num_layers"": 5, ""weight_decay"": 0.060680622396952745}","{""time"": 1.384851336479187, ""val_accuracy"": 0.5181276202201843, ""val_cross_entropy"": 4.463838577270508, ""val_balanced_accuracy"": 0.011984913609921932, ""test_cross_entropy"": 4.609397888183594, ""test_balanced_accuracy"": 0.012143825180828571}"
2026-04-14T04:55:26.101051,tpe,lcbench,168329,1,609,11.745767593383789,"{""OpenML_task_id"": ""167168"", ""batch_size"": 470, ""epoch"": 4, ""learning_rate"": 0.057692343500387384, ""max_dropout"": 0.5805692828917031, ""max_units"": 136, ""momentum"": 0.938189673783057, ""num_layers"": 5, ""weight_decay"": 0.058213617888539376}","{""time"": 11.745767593383789, ""val_accuracy"": 0.42190298438072205, ""val_cross_entropy"": 4.540625095367432, ""val_balanced_accuracy"": 0.01109152939170599, ""test_cross_entropy"": 4.611742973327637, ""test_balanced_accuracy"": 0.011237780563533306}"
2026-04-14T04:55:26.135081,tpe,lcbench,168329,1,610,1.4252910614013672,"{""OpenML_task_id"": ""167168"", ""batch_size"": 441, ""epoch"": 1, ""learning_rate"": 0.05494842637009018, ""max_dropout"": 0.5280558873959263, ""max_units"": 110, ""momentum"": 0.950846061847471, ""num_layers"": 5, ""weight_decay"": 0.054801547031022704}","{""time"": 1.4252910614013672, ""val_accuracy"": 0.5519438982009888, ""val_cross_entropy"": 4.466094017028809, ""val_balanced_accuracy"": 0.011988092213869095, ""test_cross_entropy"": 4.612727642059326, ""test_balanced_accuracy"": 0.01213349960744381}"
2026-04-14T04:55:26.171113,tpe,lcbench,168329,1,611,4.837560653686523,"{""OpenML_task_id"": ""167168"", ""batch_size"": 444, ""epoch"": 2, ""learning_rate"": 0.05795456229755325, ""max_dropout"": 0.5413865273253246, ""max_units"": 146, ""momentum"": 0.9491554305696365, ""num_layers"": 5, ""weight_decay"": 0.05595882383309389}","{""time"": 4.837560653686523, ""val_accuracy"": 0.4859696328639984, ""val_cross_entropy"": 4.572400093078613, ""val_balanced_accuracy"": 0.01114010252058506, ""test_cross_entropy"": 4.614511966705322, ""test_balanced_accuracy"": 0.011318772099912167}"
2026-04-14T04:55:26.204256,tpe,lcbench,168329,1,612,7.827305316925049,"{""OpenML_task_id"": ""167168"", ""batch_size"": 442, ""epoch"": 3, ""learning_rate"": 0.0590548701973735, ""max_dropout"": 0.5337763509646165, ""max_units"": 127, ""momentum"": 0.9687708918808282, ""num_layers"": 5, ""weight_decay"": 0.05183394464118602}","{""time"": 7.827305316925049, ""val_accuracy"": 0.4447607398033142, ""val_cross_entropy"": 4.534896373748779, ""val_balanced_accuracy"": 0.01120264083147049, ""test_cross_entropy"": 4.621014595031738, ""test_balanced_accuracy"": 0.011360645294189453}"
2026-04-14T04:55:26.236285,tpe,lcbench,168329,1,613,4.345312595367432,"{""OpenML_task_id"": ""167168"", ""batch_size"": 453, ""epoch"": 2, ""learning_rate"": 0.05542147032649251, ""max_dropout"": 0.5637024485980551, ""max_units"": 111, ""momentum"": 0.9200948579039211, ""num_layers"": 5, ""weight_decay"": 0.05373824088570007}","{""time"": 4.345312595367432, ""val_accuracy"": 0.49808749556541443, ""val_cross_entropy"": 4.576239109039307, ""val_balanced_accuracy"": 0.011071323417127132, ""test_cross_entropy"": 4.606335163116455, ""test_balanced_accuracy"": 0.011264842003583908}"
2026-04-14T04:55:26.270923,tpe,lcbench,168329,1,614,1.3625398874282837,"{""OpenML_task_id"": ""167168"", ""batch_size"": 421, ""epoch"": 1, ""learning_rate"": 0.0581119342976372, ""max_dropout"": 0.5234426009242166, ""max_units"": 96, ""momentum"": 0.9528822604097603, ""num_layers"": 5, ""weight_decay"": 0.05308273824643124}","{""time"": 1.3625398874282837, ""val_accuracy"": 0.5458997488021851, ""val_cross_entropy"": 4.457242488861084, ""val_balanced_accuracy"": 0.01203051395714283, ""test_cross_entropy"": 4.617902755737305, ""test_balanced_accuracy"": 0.012167312204837799}"
2026-04-14T04:55:26.302468,tpe,lcbench,168329,1,615,11.857325553894043,"{""OpenML_task_id"": ""167168"", ""batch_size"": 420, ""epoch"": 4, ""learning_rate"": 0.05848279008982352, ""max_dropout"": 0.5295883181495176, ""max_units"": 139, ""momentum"": 0.9532622626244757, ""num_layers"": 5, ""weight_decay"": 0.053991955474628935}","{""time"": 11.857325553894043, ""val_accuracy"": 0.41137802600860596, ""val_cross_entropy"": 4.507837772369385, ""val_balanced_accuracy"": 0.011220068670809269, ""test_cross_entropy"": 4.626546859741211, ""test_balanced_accuracy"": 0.011378123424947262}"
2026-04-14T04:55:26.338547,tpe,lcbench,168329,1,616,2.6398749351501465,"{""OpenML_task_id"": ""167168"", ""batch_size"": 436, ""epoch"": 1, ""learning_rate"": 0.05691921638768363, ""max_dropout"": 0.5184588149039815, ""max_units"": 754, ""momentum"": 0.9588178421477106, ""num_layers"": 5, ""weight_decay"": 0.053162773706974815}","{""time"": 2.6398749351501465, ""val_accuracy"": 0.7281519770622253, ""val_cross_entropy"": 4.466545104980469, ""val_balanced_accuracy"": 0.012318345718085766, ""test_cross_entropy"": 4.625950813293457, ""test_balanced_accuracy"": 0.012521403841674328}"
2026-04-14T04:55:26.371134,tpe,lcbench,168329,1,617,160.9847869873047,"{""OpenML_task_id"": ""167168"", ""batch_size"": 424, ""epoch"": 31, ""learning_rate"": 0.05530940787554738, ""max_dropout"": 0.7617171444354667, ""max_units"": 118, ""momentum"": 0.9197943974397987, ""num_layers"": 5, ""weight_decay"": 0.04963881403017428}","{""time"": 160.9847869873047, ""val_accuracy"": 0.40094199776649475, ""val_cross_entropy"": 4.617459774017334, ""val_balanced_accuracy"": 0.010303009301424026, ""test_cross_entropy"": 4.5994977951049805, ""test_balanced_accuracy"": 0.010196425020694733}"
2026-04-14T04:55:26.404780,tpe,lcbench,168329,1,618,80.9533462524414,"{""OpenML_task_id"": ""167168"", ""batch_size"": 462, ""epoch"": 18, ""learning_rate"": 0.059586569327443814, ""max_dropout"": 0.5068169679375558, ""max_units"": 97, ""momentum"": 0.938456748244034, ""num_layers"": 5, ""weight_decay"": 0.0533538939488489}","{""time"": 80.9533462524414, ""val_accuracy"": 0.37420976161956787, ""val_cross_entropy"": 4.56165075302124, ""val_balanced_accuracy"": 0.010519812814891338, ""test_cross_entropy"": 4.600201606750488, ""test_balanced_accuracy"": 0.010480739176273346}"
2026-04-14T04:55:26.437884,tpe,lcbench,168329,1,619,4.735764026641846,"{""OpenML_task_id"": ""167168"", ""batch_size"": 439, ""epoch"": 2, ""learning_rate"": 0.05421077660693688, ""max_dropout"": 0.5371401737611932, ""max_units"": 132, ""momentum"": 0.9689361393026675, ""num_layers"": 5, ""weight_decay"": 0.051402933021323115}","{""time"": 4.735764026641846, ""val_accuracy"": 0.4989175498485565, ""val_cross_entropy"": 4.574932098388672, ""val_balanced_accuracy"": 0.011109483428299427, ""test_cross_entropy"": 4.615759372711182, ""test_balanced_accuracy"": 0.011270730756223202}"
2026-04-14T04:55:26.471008,tpe,lcbench,168329,1,620,7.322506904602051,"{""OpenML_task_id"": ""167168"", ""batch_size"": 415, ""epoch"": 3, ""learning_rate"": 0.05721715412155412, ""max_dropout"": 0.4985212169989177, ""max_units"": 106, ""momentum"": 0.95354361849867, ""num_layers"": 5, ""weight_decay"": 0.05710003135181126}","{""time"": 7.322506904602051, ""val_accuracy"": 0.41942453384399414, ""val_cross_entropy"": 4.512645721435547, ""val_balanced_accuracy"": 0.011272214353084564, ""test_cross_entropy"": 4.62441873550415, ""test_balanced_accuracy"": 0.011443743482232094}"
2026-04-14T04:55:26.504676,tpe,lcbench,168329,1,621,2.915980100631714,"{""OpenML_task_id"": ""167168"", ""batch_size"": 430, ""epoch"": 1, ""learning_rate"": 0.053773873955488646, ""max_dropout"": 0.5871541095950763, ""max_units"": 94, ""momentum"": 0.912751461705278, ""num_layers"": 2, ""weight_decay"": 0.054787461208135976}","{""time"": 2.915980100631714, ""val_accuracy"": 1.0086758136749268, ""val_cross_entropy"": 4.451629638671875, ""val_balanced_accuracy"": 0.011489628814160824, ""test_cross_entropy"": 4.626274108886719, ""test_balanced_accuracy"": 0.011052018031477928}"
2026-04-14T04:55:26.538675,tpe,lcbench,168329,1,622,7.393625259399414,"{""OpenML_task_id"": ""167168"", ""batch_size"": 444, ""epoch"": 3, ""learning_rate"": 0.05793813369875461, ""max_dropout"": 0.5435943151976882, ""max_units"": 116, ""momentum"": 0.9282341566964425, ""num_layers"": 5, ""weight_decay"": 0.05537228005511739}","{""time"": 7.393625259399414, ""val_accuracy"": 0.4433615207672119, ""val_cross_entropy"": 4.5479631423950195, ""val_balanced_accuracy"": 0.011108742095530033, ""test_cross_entropy"": 4.617591857910156, ""test_balanced_accuracy"": 0.011268086731433868}"
2026-04-14T04:55:26.574229,tpe,lcbench,168329,1,623,2.5952517986297607,"{""OpenML_task_id"": ""167168"", ""batch_size"": 451, ""epoch"": 1, ""learning_rate"": 0.05533729174278593, ""max_dropout"": 0.5602419764958249, ""max_units"": 784, ""momentum"": 0.9875073240170003, ""num_layers"": 5, ""weight_decay"": 0.05205455229763217}","{""time"": 2.5952517986297607, ""val_accuracy"": 0.7390884757041931, ""val_cross_entropy"": 4.474361896514893, ""val_balanced_accuracy"": 0.012350977398455143, ""test_cross_entropy"": 4.6231489181518555, ""test_balanced_accuracy"": 0.012583437375724316}"
2026-04-14T04:55:26.608286,tpe,lcbench,168329,1,624,4.825010299682617,"{""OpenML_task_id"": ""167168"", ""batch_size"": 418, ""epoch"": 2, ""learning_rate"": 0.05948607348085909, ""max_dropout"": 0.5066522126143003, ""max_units"": 151, ""momentum"": 0.9416577235851135, ""num_layers"": 5, ""weight_decay"": 0.0488554325124274}","{""time"": 4.825010299682617, ""val_accuracy"": 0.5105785727500916, ""val_cross_entropy"": 4.551271915435791, ""val_balanced_accuracy"": 0.011248224414885044, ""test_cross_entropy"": 4.626464366912842, ""test_balanced_accuracy"": 0.011412224732339382}"
2026-04-14T04:55:26.642331,tpe,lcbench,168329,1,625,1.3402283191680908,"{""OpenML_task_id"": ""168868"", ""batch_size"": 436, ""epoch"": 1, ""learning_rate"": 0.05674334483586945, ""max_dropout"": 0.5221641485180507, ""max_units"": 84, ""momentum"": 0.9702573338874602, ""num_layers"": 5, ""weight_decay"": 0.05645165861992935}","{""time"": 1.3402283191680908, ""val_accuracy"": 0.5257341861724854, ""val_cross_entropy"": 4.467496871948242, ""val_balanced_accuracy"": 0.011953592300415039, ""test_cross_entropy"": 4.6111273765563965, ""test_balanced_accuracy"": 0.012094888836145401}"
2026-04-14T04:55:26.674957,tpe,lcbench,168329,1,626,42.969356536865234,"{""OpenML_task_id"": ""168908"", ""batch_size"": 412, ""epoch"": 5, ""learning_rate"": 0.05700295321280112, ""max_dropout"": 0.5203367481087129, ""max_units"": 641, ""momentum"": 0.9692734998483721, ""num_layers"": 5, ""weight_decay"": 0.054111452869039046}","{""time"": 42.969356536865234, ""val_accuracy"": 0.4333166480064392, ""val_cross_entropy"": 4.592180252075195, ""val_balanced_accuracy"": 0.01042754016816616, ""test_cross_entropy"": 4.622537136077881, ""test_balanced_accuracy"": 0.01054011844098568}"
2026-04-14T04:55:26.707997,tpe,lcbench,168329,1,627,4.005061626434326,"{""OpenML_task_id"": ""189906"", ""batch_size"": 421, ""epoch"": 2, ""learning_rate"": 0.06041110075624698, ""max_dropout"": 0.5562929726336154, ""max_units"": 81, ""momentum"": 0.9563504796538049, ""num_layers"": 5, ""weight_decay"": 0.05643656983138609}","{""time"": 4.005061626434326, ""val_accuracy"": 0.45471084117889404, ""val_cross_entropy"": 4.543865203857422, ""val_balanced_accuracy"": 0.01129511371254921, ""test_cross_entropy"": 4.616494655609131, ""test_balanced_accuracy"": 0.011460037901997566}"
2026-04-14T04:55:26.742107,tpe,lcbench,168329,1,628,6.852570533752441,"{""OpenML_task_id"": ""167168"", ""batch_size"": 482, ""epoch"": 3, ""learning_rate"": 0.05572616092111831, ""max_dropout"": 0.5279048328993557, ""max_units"": 82, ""momentum"": 0.9756156833249199, ""num_layers"": 5, ""weight_decay"": 0.05278867473009381}","{""time"": 6.852570533752441, ""val_accuracy"": 0.44602227210998535, ""val_cross_entropy"": 4.562334060668945, ""val_balanced_accuracy"": 0.011037608608603477, ""test_cross_entropy"": 4.6028923988342285, ""test_balanced_accuracy"": 0.011181464418768883}"
2026-04-14T04:55:26.775658,tpe,lcbench,168329,1,629,1.231459617614746,"{""OpenML_task_id"": ""168868"", ""batch_size"": 425, ""epoch"": 1, ""learning_rate"": 0.057679019784991015, ""max_dropout"": 0.883346282377429, ""max_units"": 83, ""momentum"": 0.9715636606059698, ""num_layers"": 5, ""weight_decay"": 0.05007004282115216}","{""time"": 1.231459617614746, ""val_accuracy"": 0.5244151949882507, ""val_cross_entropy"": 4.459970474243164, ""val_balanced_accuracy"": 0.011845037341117859, ""test_cross_entropy"": 4.603958606719971, ""test_balanced_accuracy"": 0.012019641697406769}"
2026-04-14T04:55:26.809764,tpe,lcbench,168329,1,630,1.326283574104309,"{""OpenML_task_id"": ""167184"", ""batch_size"": 449, ""epoch"": 1, ""learning_rate"": 0.05876342321972029, ""max_dropout"": 0.8867022212415122, ""max_units"": 115, ""momentum"": 0.9871060677811891, ""num_layers"": 5, ""weight_decay"": 0.05313212091012128}","{""time"": 1.326283574104309, ""val_accuracy"": 0.5195556282997131, ""val_cross_entropy"": 4.471318244934082, ""val_balanced_accuracy"": 0.011769345961511135, ""test_cross_entropy"": 4.597898483276367, ""test_balanced_accuracy"": 0.011991041712462902}"
2026-04-14T04:55:26.842326,tpe,lcbench,168329,1,631,4.309056282043457,"{""OpenML_task_id"": ""168868"", ""batch_size"": 465, ""epoch"": 2, ""learning_rate"": 0.057656655575150165, ""max_dropout"": 0.8468714554859081, ""max_units"": 128, ""momentum"": 0.9845694326901409, ""num_layers"": 5, ""weight_decay"": 0.0492892521210056}","{""time"": 4.309056282043457, ""val_accuracy"": 0.476429283618927, ""val_cross_entropy"": 4.57410192489624, ""val_balanced_accuracy"": 0.011207749135792255, ""test_cross_entropy"": 4.591159820556641, ""test_balanced_accuracy"": 0.011482246220111847}"
2026-04-14T04:55:26.875870,tpe,lcbench,168329,1,632,9.973395347595215,"{""OpenML_task_id"": ""168868"", ""batch_size"": 454, ""epoch"": 4, ""learning_rate"": 0.058963301954025535, ""max_dropout"": 0.8921176945313243, ""max_units"": 145, ""momentum"": 0.9723534911384459, ""num_layers"": 5, ""weight_decay"": 0.053278685883699904}","{""time"": 9.973395347595215, ""val_accuracy"": 0.39106523990631104, ""val_cross_entropy"": 4.514023780822754, ""val_balanced_accuracy"": 0.011084466241300106, ""test_cross_entropy"": 4.612226486206055, ""test_balanced_accuracy"": 0.011271397583186626}"
2026-04-14T04:55:26.907914,tpe,lcbench,168329,1,633,25.700233459472656,"{""OpenML_task_id"": ""168868"", ""batch_size"": 442, ""epoch"": 8, ""learning_rate"": 0.06039361756911573, ""max_dropout"": 0.8950686610479685, ""max_units"": 122, ""momentum"": 0.9888083081424618, ""num_layers"": 3, ""weight_decay"": 0.044956224427877965}","{""time"": 25.700233459472656, ""val_accuracy"": 0.9964281916618347, ""val_cross_entropy"": 4.52747917175293, ""val_balanced_accuracy"": 0.015077331103384495, ""test_cross_entropy"": 4.639594554901123, ""test_balanced_accuracy"": 0.014801256358623505}"
2026-04-14T04:55:26.942484,tpe,lcbench,168329,1,634,4.021795272827148,"{""OpenML_task_id"": ""168868"", ""batch_size"": 433, ""epoch"": 2, ""learning_rate"": 0.058356775677493034, ""max_dropout"": 0.8899871185598673, ""max_units"": 111, ""momentum"": 0.9595989596345791, ""num_layers"": 5, ""weight_decay"": 0.048047204902446045}","{""time"": 4.021795272827148, ""val_accuracy"": 0.46321338415145874, ""val_cross_entropy"": 4.543361663818359, ""val_balanced_accuracy"": 0.01112239621579647, ""test_cross_entropy"": 4.6033830642700195, ""test_balanced_accuracy"": 0.011334067210555077}"
2026-04-14T04:55:26.973529,tpe,lcbench,168329,1,635,1.3750901222229004,"{""OpenML_task_id"": ""168868"", ""batch_size"": 450, ""epoch"": 1, ""learning_rate"": 0.06151751791225846, ""max_dropout"": 0.8855591049289537, ""max_units"": 146, ""momentum"": 0.9523942800910675, ""num_layers"": 5, ""weight_decay"": 0.04723536449820094}","{""time"": 1.3750901222229004, ""val_accuracy"": 0.5836609601974487, ""val_cross_entropy"": 4.437687397003174, ""val_balanced_accuracy"": 0.01209025364369154, ""test_cross_entropy"": 4.606482028961182, ""test_balanced_accuracy"": 0.012345819734036922}"
2026-04-14T04:55:27.010611,tpe,lcbench,168329,1,636,10.100292205810547,"{""OpenML_task_id"": ""167184"", ""batch_size"": 459, ""epoch"": 4, ""learning_rate"": 0.05874559800736331, ""max_dropout"": 0.8474101734625265, ""max_units"": 144, ""momentum"": 0.9474142117751185, ""num_layers"": 5, ""weight_decay"": 0.047627937913239396}","{""time"": 10.100292205810547, ""val_accuracy"": 0.41872113943099976, ""val_cross_entropy"": 4.546901702880859, ""val_balanced_accuracy"": 0.010964903049170971, ""test_cross_entropy"": 4.612908363342285, ""test_balanced_accuracy"": 0.011163372546434402}"
2026-04-14T04:55:27.043671,tpe,lcbench,168329,1,637,7.127281188964844,"{""OpenML_task_id"": ""168868"", ""batch_size"": 446, ""epoch"": 3, ""learning_rate"": 0.061626545306998286, ""max_dropout"": 0.8761041126564056, ""max_units"": 155, ""momentum"": 0.9483901834811398, ""num_layers"": 5, ""weight_decay"": 0.04311722961713227}","{""time"": 7.127281188964844, ""val_accuracy"": 0.47067487239837646, ""val_cross_entropy"": 4.534635066986084, ""val_balanced_accuracy"": 0.011200846172869205, ""test_cross_entropy"": 4.6151556968688965, ""test_balanced_accuracy"": 0.011421828530728817}"
2026-04-14T04:55:27.079279,tpe,lcbench,168329,1,638,1.3709067106246948,"{""OpenML_task_id"": ""168868"", ""batch_size"": 454, ""epoch"": 1, ""learning_rate"": 0.061421128390625815, ""max_dropout"": 0.8847864081051706, ""max_units"": 143, ""momentum"": 0.9627435588237159, ""num_layers"": 5, ""weight_decay"": 0.04653857178342766}","{""time"": 1.3709067106246948, ""val_accuracy"": 0.5886326432228088, ""val_cross_entropy"": 4.4383625984191895, ""val_balanced_accuracy"": 0.012087116949260235, ""test_cross_entropy"": 4.60489559173584, ""test_balanced_accuracy"": 0.01234817411750555}"
2026-04-14T04:55:27.114425,tpe,lcbench,168329,1,639,4.382963180541992,"{""OpenML_task_id"": ""168868"", ""batch_size"": 469, ""epoch"": 2, ""learning_rate"": 0.06136349451962589, ""max_dropout"": 0.8909562929293509, ""max_units"": 145, ""momentum"": 0.9643514934504448, ""num_layers"": 5, ""weight_decay"": 0.04114142727246135}","{""time"": 4.382963180541992, ""val_accuracy"": 0.5413891673088074, ""val_cross_entropy"": 4.547365188598633, ""val_balanced_accuracy"": 0.011491075158119202, ""test_cross_entropy"": 4.5926899909973145, ""test_balanced_accuracy"": 0.011822127737104893}"
2026-04-14T04:55:27.150015,tpe,lcbench,168329,1,640,1.3946126699447632,"{""OpenML_task_id"": ""168868"", ""batch_size"": 460, ""epoch"": 1, ""learning_rate"": 0.0607751966107252, ""max_dropout"": 0.8764576071149003, ""max_units"": 147, ""momentum"": 0.9897181898388288, ""num_layers"": 5, ""weight_decay"": 0.05052071236388562}","{""time"": 1.3946126699447632, ""val_accuracy"": 0.5556429624557495, ""val_cross_entropy"": 4.461038112640381, ""val_balanced_accuracy"": 0.011910396628081799, ""test_cross_entropy"": 4.600841045379639, ""test_balanced_accuracy"": 0.01215854287147522}"
2026-04-14T04:55:27.182580,tpe,lcbench,168329,1,641,4.501492977142334,"{""OpenML_task_id"": ""168868"", ""batch_size"": 476, ""epoch"": 2, ""learning_rate"": 0.06353439195833308, ""max_dropout"": 0.867834829217764, ""max_units"": 157, ""momentum"": 0.9882128028531418, ""num_layers"": 5, ""weight_decay"": 0.04396233385028097}","{""time"": 4.501492977142334, ""val_accuracy"": 0.5235087275505066, ""val_cross_entropy"": 4.55777645111084, ""val_balanced_accuracy"": 0.011538471095263958, ""test_cross_entropy"": 4.591057300567627, ""test_balanced_accuracy"": 0.011876052245497704}"
2026-04-14T04:55:27.215625,tpe,lcbench,168329,1,642,7.188637733459473,"{""OpenML_task_id"": ""168868"", ""batch_size"": 465, ""epoch"": 3, ""learning_rate"": 0.06125212211788265, ""max_dropout"": 0.8754591155214047, ""max_units"": 154, ""momentum"": 0.9665421456721579, ""num_layers"": 5, ""weight_decay"": 0.05241129840313674}","{""time"": 7.188637733459473, ""val_accuracy"": 0.43856245279312134, ""val_cross_entropy"": 4.5413126945495605, ""val_balanced_accuracy"": 0.011296557262539864, ""test_cross_entropy"": 4.60018253326416, ""test_balanced_accuracy"": 0.011555208824574947}"
2026-04-14T04:55:27.249683,tpe,lcbench,168329,1,643,1.3987960815429688,"{""OpenML_task_id"": ""168868"", ""batch_size"": 474, ""epoch"": 1, ""learning_rate"": 0.06085264611527291, ""max_dropout"": 0.8603800641343188, ""max_units"": 142, ""momentum"": 0.9763521527234336, ""num_layers"": 5, ""weight_decay"": 0.05069787863342637}","{""time"": 1.3987960815429688, ""val_accuracy"": 0.5552139282226562, ""val_cross_entropy"": 4.46476411819458, ""val_balanced_accuracy"": 0.011893756687641144, ""test_cross_entropy"": 4.596633434295654, ""test_balanced_accuracy"": 0.012184403836727142}"
2026-04-14T04:55:27.283798,tpe,lcbench,168329,1,644,7.289039611816406,"{""OpenML_task_id"": ""168868"", ""batch_size"": 488, ""epoch"": 3, ""learning_rate"": 0.060714594483418476, ""max_dropout"": 0.8644104981969689, ""max_units"": 153, ""momentum"": 0.9802587269081591, ""num_layers"": 5, ""weight_decay"": 0.05038641521800375}","{""time"": 7.289039611816406, ""val_accuracy"": 0.46648144721984863, ""val_cross_entropy"": 4.549930095672607, ""val_balanced_accuracy"": 0.011489979922771454, ""test_cross_entropy"": 4.588421821594238, ""test_balanced_accuracy"": 0.011809034273028374}"
2026-04-14T04:55:27.317846,tpe,lcbench,168329,1,645,7.321112632751465,"{""OpenML_task_id"": ""168868"", ""batch_size"": 465, ""epoch"": 2, ""learning_rate"": 0.06234415247631563, ""max_dropout"": 0.8750684926113346, ""max_units"": 467, ""momentum"": 0.9874626605089704, ""num_layers"": 5, ""weight_decay"": 0.045863520001437674}","{""time"": 7.321112632751465, ""val_accuracy"": 0.580874502658844, ""val_cross_entropy"": 4.604284286499023, ""val_balanced_accuracy"": 0.011398193426430225, ""test_cross_entropy"": 4.6121673583984375, ""test_balanced_accuracy"": 0.01170433685183525}"
2026-04-14T04:55:27.351400,tpe,lcbench,168329,1,646,1.4420247077941895,"{""OpenML_task_id"": ""168868"", ""batch_size"": 474, ""epoch"": 1, ""learning_rate"": 0.06069803479435071, ""max_dropout"": 0.8134442301952695, ""max_units"": 154, ""momentum"": 0.9893989280031342, ""num_layers"": 5, ""weight_decay"": 0.048374978906907076}","{""time"": 1.4420247077941895, ""val_accuracy"": 0.5728743672370911, ""val_cross_entropy"": 4.472873210906982, ""val_balanced_accuracy"": 0.011968283914029598, ""test_cross_entropy"": 4.602029800415039, ""test_balanced_accuracy"": 0.012246565893292427}"
2026-04-14T04:55:27.385002,tpe,lcbench,168329,1,647,39.05647277832031,"{""OpenML_task_id"": ""168868"", ""batch_size"": 456, ""epoch"": 11, ""learning_rate"": 0.059570448408865134, ""max_dropout"": 0.8568518321318568, ""max_units"": 140, ""momentum"": 0.9642326896579734, ""num_layers"": 5, ""weight_decay"": 0.04575176381657193}","{""time"": 39.05647277832031, ""val_accuracy"": 0.3383690416812897, ""val_cross_entropy"": 4.552375793457031, ""val_balanced_accuracy"": 0.010439838282763958, ""test_cross_entropy"": 4.61906623840332, ""test_balanced_accuracy"": 0.010546593926846981}"
2026-04-14T04:55:27.418033,tpe,lcbench,168329,1,648,1.326283574104309,"{""OpenML_task_id"": ""167184"", ""batch_size"": 458, ""epoch"": 1, ""learning_rate"": 0.06267141573116715, ""max_dropout"": 0.8967338878665787, ""max_units"": 130, ""momentum"": 0.9708731142717985, ""num_layers"": 5, ""weight_decay"": 0.046606444261607545}","{""time"": 1.326283574104309, ""val_accuracy"": 0.5816605687141418, ""val_cross_entropy"": 4.437601089477539, ""val_balanced_accuracy"": 0.012047759257256985, ""test_cross_entropy"": 4.600821018218994, ""test_balanced_accuracy"": 0.012313742190599442}"
2026-04-14T04:55:27.452078,tpe,lcbench,168329,1,649,7.248600006103516,"{""OpenML_task_id"": ""168868"", ""batch_size"": 497, ""epoch"": 3, ""learning_rate"": 0.06356578208279819, ""max_dropout"": 0.9060798880405294, ""max_units"": 169, ""momentum"": 0.9700615779883548, ""num_layers"": 5, ""weight_decay"": 0.046286082674895}","{""time"": 7.248600006103516, ""val_accuracy"": 0.51820969581604, ""val_cross_entropy"": 4.52372407913208, ""val_balanced_accuracy"": 0.011797822080552578, ""test_cross_entropy"": 4.584562301635742, ""test_balanced_accuracy"": 0.012175878509879112}"
2026-04-14T04:55:27.485154,tpe,lcbench,168329,1,650,4.300689220428467,"{""OpenML_task_id"": ""168868"", ""batch_size"": 479, ""epoch"": 2, ""learning_rate"": 0.0627226028985128, ""max_dropout"": 0.8911281369033599, ""max_units"": 145, ""momentum"": 0.9731760962904472, ""num_layers"": 5, ""weight_decay"": 0.0474069696641991}","{""time"": 4.300689220428467, ""val_accuracy"": 0.5094249248504639, ""val_cross_entropy"": 4.5480146408081055, ""val_balanced_accuracy"": 0.011507042683660984, ""test_cross_entropy"": 4.5842976570129395, ""test_balanced_accuracy"": 0.011853399686515331}"
2026-04-14T04:55:27.519797,tpe,lcbench,168329,1,651,1.474097490310669,"{""OpenML_task_id"": ""167184"", ""batch_size"": 503, ""epoch"": 1, ""learning_rate"": 0.06046512783766353, ""max_dropout"": 0.8601641848610666, ""max_units"": 166, ""momentum"": 0.9584261303802686, ""num_layers"": 5, ""weight_decay"": 0.04980417032316676}","{""time"": 1.474097490310669, ""val_accuracy"": 0.5913164615631104, ""val_cross_entropy"": 4.451005935668945, ""val_balanced_accuracy"": 0.01205364242196083, ""test_cross_entropy"": 4.587399005889893, ""test_balanced_accuracy"": 0.01243292260915041}"
2026-04-14T04:55:27.556355,tpe,lcbench,168329,1,652,12.91294002532959,"{""OpenML_task_id"": ""168868"", ""batch_size"": 459, ""epoch"": 5, ""learning_rate"": 0.0643165851682684, ""max_dropout"": 0.8776536897261211, ""max_units"": 133, ""momentum"": 0.9608533253353616, ""num_layers"": 5, ""weight_decay"": 0.0499465124528042}","{""time"": 12.91294002532959, ""val_accuracy"": 0.37896764278411865, ""val_cross_entropy"": 4.50534200668335, ""val_balanced_accuracy"": 0.011064715683460236, ""test_cross_entropy"": 4.6174397468566895, ""test_balanced_accuracy"": 0.01124477107077837}"
2026-04-14T04:55:27.593092,tpe,lcbench,168329,1,653,1.355567455291748,"{""OpenML_task_id"": ""167184"", ""batch_size"": 482, ""epoch"": 1, ""learning_rate"": 0.06163735659699073, ""max_dropout"": 0.9028451549856289, ""max_units"": 134, ""momentum"": 0.9766750474318845, ""num_layers"": 5, ""weight_decay"": 0.046049605180620026}","{""time"": 1.355567455291748, ""val_accuracy"": 0.5951442718505859, ""val_cross_entropy"": 4.441873550415039, ""val_balanced_accuracy"": 0.012052884325385094, ""test_cross_entropy"": 4.591563701629639, ""test_balanced_accuracy"": 0.012383860535919666}"
2026-04-14T04:55:27.629126,tpe,lcbench,168329,1,654,6.721490383148193,"{""OpenML_task_id"": ""167184"", ""batch_size"": 470, ""epoch"": 3, ""learning_rate"": 0.06225655993022417, ""max_dropout"": 0.9093001716483591, ""max_units"": 139, ""momentum"": 0.9866112087437579, ""num_layers"": 5, ""weight_decay"": 0.045770626345730474}","{""time"": 6.721490383148193, ""val_accuracy"": 0.4718559682369232, ""val_cross_entropy"": 4.516039848327637, ""val_balanced_accuracy"": 0.011570668779313564, ""test_cross_entropy"": 4.597778797149658, ""test_balanced_accuracy"": 0.011861631646752357}"
2026-04-14T04:55:27.661685,tpe,lcbench,168329,1,655,1.4238965511322021,"{""OpenML_task_id"": ""168868"", ""batch_size"": 493, ""epoch"": 1, ""learning_rate"": 0.05990003120288319, ""max_dropout"": 0.8938779141425371, ""max_units"": 154, ""momentum"": 0.9724067954518595, ""num_layers"": 5, ""weight_decay"": 0.043113395945014635}","{""time"": 1.4238965511322021, ""val_accuracy"": 0.6418850421905518, ""val_cross_entropy"": 4.434389591217041, ""val_balanced_accuracy"": 0.012258133850991726, ""test_cross_entropy"": 4.591002941131592, ""test_balanced_accuracy"": 0.012632397934794426}"
2026-04-14T04:55:27.696331,tpe,lcbench,168329,1,656,4.452686786651611,"{""OpenML_task_id"": ""167184"", ""batch_size"": 474, ""epoch"": 2, ""learning_rate"": 0.06566223259520991, ""max_dropout"": 0.8707989949232805, ""max_units"": 159, ""momentum"": 0.9894892841299353, ""num_layers"": 5, ""weight_decay"": 0.04721542972127399}","{""time"": 4.452686786651611, ""val_accuracy"": 0.5040837526321411, ""val_cross_entropy"": 4.553978443145752, ""val_balanced_accuracy"": 0.011555297300219536, ""test_cross_entropy"": 4.591402530670166, ""test_balanced_accuracy"": 0.0118868388235569}"
2026-04-14T04:55:27.731926,tpe,lcbench,168329,1,657,9.373773574829102,"{""OpenML_task_id"": ""167184"", ""batch_size"": 483, ""epoch"": 4, ""learning_rate"": 0.06120961658746684, ""max_dropout"": 0.9031691297618365, ""max_units"": 133, ""momentum"": 0.9532133409687041, ""num_layers"": 5, ""weight_decay"": 0.04047110275684766}","{""time"": 9.373773574829102, ""val_accuracy"": 0.48541566729545593, ""val_cross_entropy"": 4.5254597663879395, ""val_balanced_accuracy"": 0.01147049106657505, ""test_cross_entropy"": 4.600133419036865, ""test_balanced_accuracy"": 0.01177644170820713}"
2026-04-14T04:55:27.767039,tpe,lcbench,168329,1,658,19.08765411376953,"{""OpenML_task_id"": ""167184"", ""batch_size"": 454, ""epoch"": 6, ""learning_rate"": 0.05874716531168546, ""max_dropout"": 0.8403573898838617, ""max_units"": 167, ""momentum"": 0.9349199080104628, ""num_layers"": 3, ""weight_decay"": 0.044587310372869365}","{""time"": 19.08765411376953, ""val_accuracy"": 1.3706886768341064, ""val_cross_entropy"": 4.472754001617432, ""val_balanced_accuracy"": 0.01626179926097393, ""test_cross_entropy"": 4.638195037841797, ""test_balanced_accuracy"": 0.015993110835552216}"
2026-04-14T04:55:27.801665,tpe,lcbench,168329,1,659,4.133352756500244,"{""OpenML_task_id"": ""167184"", ""batch_size"": 451, ""epoch"": 2, ""learning_rate"": 0.06298239796066428, ""max_dropout"": 0.9040827588337281, ""max_units"": 133, ""momentum"": 0.9737071014878894, ""num_layers"": 5, ""weight_decay"": 0.04796042520648981}","{""time"": 4.133352756500244, ""val_accuracy"": 0.4788936972618103, ""val_cross_entropy"": 4.535827159881592, ""val_balanced_accuracy"": 0.011372894048690796, ""test_cross_entropy"": 4.5976996421813965, ""test_balanced_accuracy"": 0.01164370495826006}"
2026-04-14T04:55:27.835725,tpe,lcbench,168329,1,660,1.4211076498031616,"{""OpenML_task_id"": ""167184"", ""batch_size"": 463, ""epoch"": 1, ""learning_rate"": 0.06168842742558036, ""max_dropout"": 0.8176702925520392, ""max_units"": 150, ""momentum"": 0.9547576929007289, ""num_layers"": 5, ""weight_decay"": 0.04268165758883235}","{""time"": 1.4211076498031616, ""val_accuracy"": 0.6255620121955872, ""val_cross_entropy"": 4.441776275634766, ""val_balanced_accuracy"": 0.012212533503770828, ""test_cross_entropy"": 4.609594345092773, ""test_balanced_accuracy"": 0.012497925199568272}"
2026-04-14T04:55:27.870762,tpe,lcbench,168329,1,661,6.807947635650635,"{""OpenML_task_id"": ""168335"", ""batch_size"": 480, ""epoch"": 3, ""learning_rate"": 0.06488810709211984, ""max_dropout"": 0.8809861482310978, ""max_units"": 133, ""momentum"": 0.9892370501965545, ""num_layers"": 5, ""weight_decay"": 0.0513521676466403}","{""time"": 6.807947635650635, ""val_accuracy"": 0.44452157616615295, ""val_cross_entropy"": 4.526463985443115, ""val_balanced_accuracy"": 0.01159088034182787, ""test_cross_entropy"": 4.59137487411499, ""test_balanced_accuracy"": 0.011895117349922657}"
2026-04-14T04:55:27.906458,tpe,lcbench,168329,1,662,2.354008436203003,"{""OpenML_task_id"": ""168868"", ""batch_size"": 449, ""epoch"": 1, ""learning_rate"": 0.05945664077144, ""max_dropout"": 0.8549885026998458, ""max_units"": 855, ""momentum"": 0.950835648266925, ""num_layers"": 5, ""weight_decay"": 0.049424773431109396}","{""time"": 2.354008436203003, ""val_accuracy"": 0.761458158493042, ""val_cross_entropy"": 4.415061950683594, ""val_balanced_accuracy"": 0.012608326971530914, ""test_cross_entropy"": 4.616857051849365, ""test_balanced_accuracy"": 0.012852051295340061}"
2026-04-14T04:55:27.940508,tpe,lcbench,168329,1,663,4.147297382354736,"{""OpenML_task_id"": ""167185"", ""batch_size"": 465, ""epoch"": 2, ""learning_rate"": 0.06288433927404372, ""max_dropout"": 0.90891023617947, ""max_units"": 133, ""momentum"": 0.9664425147755751, ""num_layers"": 5, ""weight_decay"": 0.04508823038340402}","{""time"": 4.147297382354736, ""val_accuracy"": 0.5104053020477295, ""val_cross_entropy"": 4.537140369415283, ""val_balanced_accuracy"": 0.011495612561702728, ""test_cross_entropy"": 4.591137886047363, ""test_balanced_accuracy"": 0.011815748177468777}"
2026-04-14T04:55:27.977053,tpe,lcbench,168329,1,664,6.721490383148193,"{""OpenML_task_id"": ""167184"", ""batch_size"": 505, ""epoch"": 3, ""learning_rate"": 0.05707339194088731, ""max_dropout"": 0.8852134087937618, ""max_units"": 126, ""momentum"": 0.9278629754058316, ""num_layers"": 5, ""weight_decay"": 0.04680748057593974}","{""time"": 6.721490383148193, ""val_accuracy"": 0.5134125351905823, ""val_cross_entropy"": 4.53024959564209, ""val_balanced_accuracy"": 0.011419910937547684, ""test_cross_entropy"": 4.574003219604492, ""test_balanced_accuracy"": 0.011785362847149372}"
2026-04-14T04:55:28.013599,tpe,lcbench,168329,1,665,1.3137333393096924,"{""OpenML_task_id"": ""189908"", ""batch_size"": 448, ""epoch"": 1, ""learning_rate"": 0.060485014789654686, ""max_dropout"": 0.9142137618322541, ""max_units"": 122, ""momentum"": 0.970635675742282, ""num_layers"": 5, ""weight_decay"": 0.050482324696316874}","{""time"": 1.3137333393096924, ""val_accuracy"": 0.5427342653274536, ""val_cross_entropy"": 4.450091361999512, ""val_balanced_accuracy"": 0.011877615004777908, ""test_cross_entropy"": 4.59882926940918, ""test_balanced_accuracy"": 0.012111048214137554}"
2026-04-14T04:55:28.051158,tpe,lcbench,168329,1,666,4.469420433044434,"{""OpenML_task_id"": ""189908"", ""batch_size"": 456, ""epoch"": 2, ""learning_rate"": 0.06063299110105722, ""max_dropout"": 0.9144701827782007, ""max_units"": 166, ""momentum"": 0.9435470098998009, ""num_layers"": 5, ""weight_decay"": 0.050107235170633514}","{""time"": 4.469420433044434, ""val_accuracy"": 0.485149085521698, ""val_cross_entropy"": 4.546046733856201, ""val_balanced_accuracy"": 0.011277977377176285, ""test_cross_entropy"": 4.596281051635742, ""test_balanced_accuracy"": 0.011571066454052925}"
2026-04-14T04:55:28.085206,tpe,lcbench,168329,1,667,1.4071629047393799,"{""OpenML_task_id"": ""189873"", ""batch_size"": 474, ""epoch"": 1, ""learning_rate"": 0.06671788815480577, ""max_dropout"": 0.9202300930688863, ""max_units"": 160, ""momentum"": 0.9190429576022354, ""num_layers"": 5, ""weight_decay"": 0.05099517145698057}","{""time"": 1.4071629047393799, ""val_accuracy"": 0.5593870878219604, ""val_cross_entropy"": 4.434114456176758, ""val_balanced_accuracy"": 0.011999301612377167, ""test_cross_entropy"": 4.59447717666626, ""test_balanced_accuracy"": 0.012333509512245655}"
2026-04-14T04:55:28.120915,tpe,lcbench,168329,1,668,6.810736179351807,"{""OpenML_task_id"": ""189908"", ""batch_size"": 448, ""epoch"": 3, ""learning_rate"": 0.05841796609767451, ""max_dropout"": 0.8667115068580229, ""max_units"": 131, ""momentum"": 0.9700297337152826, ""num_layers"": 5, ""weight_decay"": 0.048609135583960274}","{""time"": 6.810736179351807, ""val_accuracy"": 0.43522754311561584, ""val_cross_entropy"": 4.539045810699463, ""val_balanced_accuracy"": 0.011125005781650543, ""test_cross_entropy"": 4.608541011810303, ""test_balanced_accuracy"": 0.011327432468533516}"
2026-04-14T04:55:28.155996,tpe,lcbench,168329,1,669,4.459659099578857,"{""OpenML_task_id"": ""167200"", ""batch_size"": 462, ""epoch"": 2, ""learning_rate"": 0.06338775562281503, ""max_dropout"": 0.834059321412371, ""max_units"": 149, ""momentum"": 0.9497164409174635, ""num_layers"": 5, ""weight_decay"": 0.050594396485263926}","{""time"": 4.459659099578857, ""val_accuracy"": 0.47014909982681274, ""val_cross_entropy"": 4.574014663696289, ""val_balanced_accuracy"": 0.011186327785253525, ""test_cross_entropy"": 4.598069190979004, ""test_balanced_accuracy"": 0.011471519246697426}"
2026-04-14T04:55:28.190132,tpe,lcbench,168329,1,670,9.192492485046387,"{""OpenML_task_id"": ""189866"", ""batch_size"": 447, ""epoch"": 4, ""learning_rate"": 0.05860356387880076, ""max_dropout"": 0.8928025114988817, ""max_units"": 124, ""momentum"": 0.9402179633269309, ""num_layers"": 5, ""weight_decay"": 0.03726383184187798}","{""time"": 9.192492485046387, ""val_accuracy"": 0.4698657989501953, ""val_cross_entropy"": 4.522916793823242, ""val_balanced_accuracy"": 0.01110978052020073, ""test_cross_entropy"": 4.618846416473389, ""test_balanced_accuracy"": 0.0113143902271986}"
2026-04-14T04:55:28.226187,tpe,lcbench,168329,1,671,2.228506088256836,"{""OpenML_task_id"": ""189908"", ""batch_size"": 484, ""epoch"": 1, ""learning_rate"": 0.06091002848224441, ""max_dropout"": 0.9242440554228534, ""max_units"": 700, ""momentum"": 0.9698832418122221, ""num_layers"": 5, ""weight_decay"": 0.04810842919446075}","{""time"": 2.228506088256836, ""val_accuracy"": 0.7501749396324158, ""val_cross_entropy"": 4.420763969421387, ""val_balanced_accuracy"": 0.01248520240187645, ""test_cross_entropy"": 4.608437538146973, ""test_balanced_accuracy"": 0.012792450375854969}"
2026-04-14T04:55:28.260744,tpe,lcbench,168329,1,672,4.289533615112305,"{""OpenML_task_id"": ""168868"", ""batch_size"": 449, ""epoch"": 2, ""learning_rate"": 0.06461904176351678, ""max_dropout"": 0.897456057361177, ""max_units"": 148, ""momentum"": 0.9301930300638298, ""num_layers"": 5, ""weight_decay"": 0.04520698199624717}","{""time"": 4.289533615112305, ""val_accuracy"": 0.5017088055610657, ""val_cross_entropy"": 4.534375190734863, ""val_balanced_accuracy"": 0.011309298686683178, ""test_cross_entropy"": 4.603321552276611, ""test_balanced_accuracy"": 0.011588227935135365}"
2026-04-14T04:55:28.297303,tpe,lcbench,168329,1,673,1.3723011016845703,"{""OpenML_task_id"": ""168329"", ""batch_size"": 472, ""epoch"": 1, ""learning_rate"": 0.056409006329776856, ""max_dropout"": 0.8587311705353141, ""max_units"": 123, ""momentum"": 0.9621455153831192, ""num_layers"": 5, ""weight_decay"": 0.04654588522100363}","{""time"": 1.3723011016845703, ""val_accuracy"": 0.5808667540550232, ""val_cross_entropy"": 4.456248760223389, ""val_balanced_accuracy"": 0.011963194236159325, ""test_cross_entropy"": 4.5972161293029785, ""test_balanced_accuracy"": 0.012262086383998394}"
2026-04-14T04:55:28.332399,tpe,lcbench,168329,1,674,1.3458062410354614,"{""OpenML_task_id"": ""168329"", ""batch_size"": 458, ""epoch"": 1, ""learning_rate"": 0.0568715593963857, ""max_dropout"": 0.8767475792929617, ""max_units"": 120, ""momentum"": 0.9528843388682698, ""num_layers"": 5, ""weight_decay"": 0.046664148265618606}","{""time"": 1.3458062410354614, ""val_accuracy"": 0.5765806436538696, ""val_cross_entropy"": 4.4482550621032715, ""val_balanced_accuracy"": 0.011991270817816257, ""test_cross_entropy"": 4.600576877593994, ""test_balanced_accuracy"": 0.01226080022752285}"
2026-04-14T04:55:28.368535,tpe,lcbench,168329,1,675,9.083723068237305,"{""OpenML_task_id"": ""168329"", ""batch_size"": 443, ""epoch"": 4, ""learning_rate"": 0.057349405149316315, ""max_dropout"": 0.9125005081590183, ""max_units"": 124, ""momentum"": 0.921547378669272, ""num_layers"": 5, ""weight_decay"": 0.03901536012294069}","{""time"": 9.083723068237305, ""val_accuracy"": 0.4646442234516144, ""val_cross_entropy"": 4.516294956207275, ""val_balanced_accuracy"": 0.011032452806830406, ""test_cross_entropy"": 4.618545055389404, ""test_balanced_accuracy"": 0.011233773082494736}"
2026-04-14T04:55:28.406642,tpe,lcbench,168329,1,676,6.752168655395508,"{""OpenML_task_id"": ""168329"", ""batch_size"": 456, ""epoch"": 3, ""learning_rate"": 0.05622464654767287, ""max_dropout"": 0.8915133121328132, ""max_units"": 121, ""momentum"": 0.9525195604556761, ""num_layers"": 5, ""weight_decay"": 0.04176645061760639}","{""time"": 6.752168655395508, ""val_accuracy"": 0.4817327558994293, ""val_cross_entropy"": 4.547865390777588, ""val_balanced_accuracy"": 0.011166183277964592, ""test_cross_entropy"": 4.602803707122803, ""test_balanced_accuracy"": 0.011411485262215137}"
2026-04-14T04:55:28.443678,tpe,lcbench,168329,1,677,4.116619110107422,"{""OpenML_task_id"": ""168329"", ""batch_size"": 427, ""epoch"": 2, ""learning_rate"": 0.05617889990891513, ""max_dropout"": 0.9252830608410426, ""max_units"": 117, ""momentum"": 0.9344669122839883, ""num_layers"": 5, ""weight_decay"": 0.043650447802599884}","{""time"": 4.116619110107422, ""val_accuracy"": 0.5003976225852966, ""val_cross_entropy"": 4.527713298797607, ""val_balanced_accuracy"": 0.011139614507555962, ""test_cross_entropy"": 4.603784084320068, ""test_balanced_accuracy"": 0.011353994719684124}"
2026-04-14T04:55:28.480756,tpe,lcbench,168329,1,678,1.3764845132827759,"{""OpenML_task_id"": ""168329"", ""batch_size"": 467, ""epoch"": 1, ""learning_rate"": 0.056546890829866144, ""max_dropout"": 0.9026146298028143, ""max_units"": 125, ""momentum"": 0.9083968353564793, ""num_layers"": 5, ""weight_decay"": 0.04787470708008882}","{""time"": 1.3764845132827759, ""val_accuracy"": 0.5652269124984741, ""val_cross_entropy"": 4.442521095275879, ""val_balanced_accuracy"": 0.011952041648328304, ""test_cross_entropy"": 4.595219135284424, ""test_balanced_accuracy"": 0.012270133942365646}"
2026-04-14T04:55:28.517323,tpe,lcbench,168329,1,679,11.959121704101562,"{""OpenML_task_id"": ""126029"", ""batch_size"": 468, ""epoch"": 5, ""learning_rate"": 0.05624147852572425, ""max_dropout"": 0.8791400474418878, ""max_units"": 121, ""momentum"": 0.9047350129421314, ""num_layers"": 5, ""weight_decay"": 0.0459880849145229}","{""time"": 11.959121704101562, ""val_accuracy"": 0.4231351912021637, ""val_cross_entropy"": 4.541489124298096, ""val_balanced_accuracy"": 0.010812175460159779, ""test_cross_entropy"": 4.608165740966797, ""test_balanced_accuracy"": 0.01102809701114893}"
2026-04-14T04:55:28.554361,tpe,lcbench,168329,1,680,4.272799968719482,"{""OpenML_task_id"": ""168329"", ""batch_size"": 481, ""epoch"": 2, ""learning_rate"": 0.056630771316116525, ""max_dropout"": 0.9073466828504453, ""max_units"": 132, ""momentum"": 0.9221436051924055, ""num_layers"": 5, ""weight_decay"": 0.04637873830321978}","{""time"": 4.272799968719482, ""val_accuracy"": 0.535498321056366, ""val_cross_entropy"": 4.542837619781494, ""val_balanced_accuracy"": 0.01131100207567215, ""test_cross_entropy"": 4.5785722732543945, ""test_balanced_accuracy"": 0.011652769520878792}"
2026-04-14T04:55:28.591430,tpe,lcbench,168329,1,681,6.556942939758301,"{""OpenML_task_id"": ""168329"", ""batch_size"": 496, ""epoch"": 3, ""learning_rate"": 0.05825831687024104, ""max_dropout"": 0.89765962381204, ""max_units"": 121, ""momentum"": 0.9115478975342719, ""num_layers"": 5, ""weight_decay"": 0.0470785505637725}","{""time"": 6.556942939758301, ""val_accuracy"": 0.5055598616600037, ""val_cross_entropy"": 4.523431301116943, ""val_balanced_accuracy"": 0.011375715024769306, ""test_cross_entropy"": 4.577167987823486, ""test_balanced_accuracy"": 0.011728896759450436}"
2026-04-14T04:55:28.627977,tpe,lcbench,168329,1,682,2.101609230041504,"{""OpenML_task_id"": ""168329"", ""batch_size"": 458, ""epoch"": 1, ""learning_rate"": 0.05893872538158647, ""max_dropout"": 0.8566655313680177, ""max_units"": 115, ""momentum"": 0.9385717756181285, ""num_layers"": 3, ""weight_decay"": 0.04502511557989879}","{""time"": 2.101609230041504, ""val_accuracy"": 1.0436663627624512, ""val_cross_entropy"": 4.420645713806152, ""val_balanced_accuracy"": 0.012244627811014652, ""test_cross_entropy"": 4.627923011779785, ""test_balanced_accuracy"": 0.012047391384840012}"
2026-04-14T04:55:28.663030,tpe,lcbench,168329,1,683,120.20490264892578,"{""OpenML_task_id"": ""168329"", ""batch_size"": 470, ""epoch"": 28, ""learning_rate"": 0.055759414117697234, ""max_dropout"": 0.8790207307919493, ""max_units"": 134, ""momentum"": 0.9540008096886579, ""num_layers"": 5, ""weight_decay"": 0.042096187366557916}","{""time"": 120.20490264892578, ""val_accuracy"": 0.38176947832107544, ""val_cross_entropy"": 4.598998546600342, ""val_balanced_accuracy"": 0.010046791285276413, ""test_cross_entropy"": 4.612978935241699, ""test_balanced_accuracy"": 0.010042882524430752}"
2026-04-14T04:55:28.697581,tpe,lcbench,168329,1,684,1.4322633743286133,"{""OpenML_task_id"": ""168329"", ""batch_size"": 444, ""epoch"": 1, ""learning_rate"": 0.05891959949947491, ""max_dropout"": 0.9245584622096819, ""max_units"": 168, ""momentum"": 0.9280442975054924, ""num_layers"": 5, ""weight_decay"": 0.04811179123648628}","{""time"": 1.4322633743286133, ""val_accuracy"": 0.5832492113113403, ""val_cross_entropy"": 4.42968225479126, ""val_balanced_accuracy"": 0.012077277526259422, ""test_cross_entropy"": 4.606398582458496, ""test_balanced_accuracy"": 0.012335486710071564}"
2026-04-14T04:55:28.734192,tpe,lcbench,168329,1,685,6.583437442779541,"{""OpenML_task_id"": ""168329"", ""batch_size"": 452, ""epoch"": 3, ""learning_rate"": 0.054244410886572406, ""max_dropout"": 0.9017699155502451, ""max_units"": 115, ""momentum"": 0.9111448772419293, ""num_layers"": 5, ""weight_decay"": 0.04484618978455064}","{""time"": 6.583437442779541, ""val_accuracy"": 0.4745039641857147, ""val_cross_entropy"": 4.541924953460693, ""val_balanced_accuracy"": 0.011000346392393112, ""test_cross_entropy"": 4.600247383117676, ""test_balanced_accuracy"": 0.011233516037464142}"
2026-04-14T04:55:28.769264,tpe,lcbench,168329,1,686,7.096602916717529,"{""OpenML_task_id"": ""189905"", ""batch_size"": 439, ""epoch"": 2, ""learning_rate"": 0.057163979369988877, ""max_dropout"": 0.8407783303481776, ""max_units"": 419, ""momentum"": 0.948175984046368, ""num_layers"": 5, ""weight_decay"": 0.04708242215798409}","{""time"": 7.096602916717529, ""val_accuracy"": 0.5506179928779602, ""val_cross_entropy"": 4.584325313568115, ""val_balanced_accuracy"": 0.011123860254883766, ""test_cross_entropy"": 4.625301361083984, ""test_balanced_accuracy"": 0.011368881911039352}"
2026-04-14T04:55:28.810349,tpe,lcbench,168329,1,687,4.292322635650635,"{""OpenML_task_id"": ""167152"", ""batch_size"": 461, ""epoch"": 2, ""learning_rate"": 0.059452648898731676, ""max_dropout"": 0.9294858619972867, ""max_units"": 151, ""momentum"": 0.9604766749287297, ""num_layers"": 5, ""weight_decay"": 0.049092355438685016}","{""time"": 4.292322635650635, ""val_accuracy"": 0.49247148633003235, ""val_cross_entropy"": 4.536643981933594, ""val_balanced_accuracy"": 0.01138624269515276, ""test_cross_entropy"": 4.5910139083862305, ""test_balanced_accuracy"": 0.011695298366248608}"
2026-04-14T04:55:28.848471,tpe,lcbench,168329,1,688,1.3095499277114868,"{""OpenML_task_id"": ""189909"", ""batch_size"": 469, ""epoch"": 1, ""learning_rate"": 0.06237409283119797, ""max_dropout"": 0.8771983939664508, ""max_units"": 113, ""momentum"": 0.9365709146550463, ""num_layers"": 5, ""weight_decay"": 0.04439081193438172}","{""time"": 1.3095499277114868, ""val_accuracy"": 0.5940011739730835, ""val_cross_entropy"": 4.432986259460449, ""val_balanced_accuracy"": 0.01210268959403038, ""test_cross_entropy"": 4.598982810974121, ""test_balanced_accuracy"": 0.012413136661052704}"
2026-04-14T04:55:28.883544,tpe,lcbench,168329,1,689,10.359663963317871,"{""OpenML_task_id"": ""3945"", ""batch_size"": 477, ""epoch"": 4, ""learning_rate"": 0.0628808022594837, ""max_dropout"": 0.8046964193717902, ""max_units"": 136, ""momentum"": 0.9645817920143388, ""num_layers"": 5, ""weight_decay"": 0.04326626653307186}","{""time"": 10.359663963317871, ""val_accuracy"": 0.43527236580848694, ""val_cross_entropy"": 4.562099456787109, ""val_balanced_accuracy"": 0.011140400543808937, ""test_cross_entropy"": 4.608372211456299, ""test_balanced_accuracy"": 0.01137966476380825}"
2026-04-14T04:55:28.921623,tpe,lcbench,168329,1,690,4.009244918823242,"{""OpenML_task_id"": ""189909"", ""batch_size"": 485, ""epoch"": 2, ""learning_rate"": 0.06467596548676267, ""max_dropout"": 0.8622809897161315, ""max_units"": 110, ""momentum"": 0.9154817430236963, ""num_layers"": 5, ""weight_decay"": 0.044097391588394985}","{""time"": 4.009244918823242, ""val_accuracy"": 0.5403059720993042, ""val_cross_entropy"": 4.530201435089111, ""val_balanced_accuracy"": 0.011397715657949448, ""test_cross_entropy"": 4.581198215484619, ""test_balanced_accuracy"": 0.011748084798455238}"
2026-04-14T04:55:28.959271,tpe,lcbench,168329,1,691,1.474097490310669,"{""OpenML_task_id"": ""189908"", ""batch_size"": 469, ""epoch"": 1, ""learning_rate"": 0.06654628883245065, ""max_dropout"": 0.832800386865135, ""max_units"": 179, ""momentum"": 0.9333396184697167, ""num_layers"": 5, ""weight_decay"": 0.04059808733329163}","{""time"": 1.474097490310669, ""val_accuracy"": 0.6604883074760437, ""val_cross_entropy"": 4.419040679931641, ""val_balanced_accuracy"": 0.012408852577209473, ""test_cross_entropy"": 4.613063812255859, ""test_balanced_accuracy"": 0.012738106772303581}"
2026-04-14T04:55:28.997335,tpe,lcbench,168329,1,692,1.3625398874282837,"{""OpenML_task_id"": ""34539"", ""batch_size"": 466, ""epoch"": 1, ""learning_rate"": 0.06222233377940336, ""max_dropout"": 0.88042547327702, ""max_units"": 139, ""momentum"": 0.9733409405120115, ""num_layers"": 5, ""weight_decay"": 0.04703751605541862}","{""time"": 1.3625398874282837, ""val_accuracy"": 0.5842201113700867, ""val_cross_entropy"": 4.443838596343994, ""val_balanced_accuracy"": 0.012035838328301907, ""test_cross_entropy"": 4.60072660446167, ""test_balanced_accuracy"": 0.012318416498601437}"
2026-04-14T04:55:29.032408,tpe,lcbench,168329,1,693,6.812130928039551,"{""OpenML_task_id"": ""189909"", ""batch_size"": 487, ""epoch"": 3, ""learning_rate"": 0.06110398045223788, ""max_dropout"": 0.8871470693795871, ""max_units"": 133, ""momentum"": 0.9729138725002566, ""num_layers"": 5, ""weight_decay"": 0.046543107153117276}","{""time"": 6.812130928039551, ""val_accuracy"": 0.48641014099121094, ""val_cross_entropy"": 4.530011177062988, ""val_balanced_accuracy"": 0.011540980078279972, ""test_cross_entropy"": 4.586641311645508, ""test_balanced_accuracy"": 0.011865976266562939}"
2026-04-14T04:55:29.070019,tpe,lcbench,168329,1,694,4.023189544677734,"{""OpenML_task_id"": ""34539"", ""batch_size"": 468, ""epoch"": 2, ""learning_rate"": 0.06268711438009421, ""max_dropout"": 0.8660172498619372, ""max_units"": 112, ""momentum"": 0.9557928480942768, ""num_layers"": 5, ""weight_decay"": 0.04845928119169065}","{""time"": 4.023189544677734, ""val_accuracy"": 0.4842588007450104, ""val_cross_entropy"": 4.549089431762695, ""val_balanced_accuracy"": 0.011296535842120647, ""test_cross_entropy"": 4.588181972503662, ""test_balanced_accuracy"": 0.011594882234930992}"
2026-04-14T04:55:29.105150,tpe,lcbench,168329,1,695,1.3918237686157227,"{""OpenML_task_id"": ""189909"", ""batch_size"": 478, ""epoch"": 1, ""learning_rate"": 0.05979577145800969, ""max_dropout"": 0.877534237719039, ""max_units"": 142, ""momentum"": 0.9702455663169982, ""num_layers"": 5, ""weight_decay"": 0.04534134783546644}","{""time"": 1.3918237686157227, ""val_accuracy"": 0.6023009419441223, ""val_cross_entropy"": 4.443060398101807, ""val_balanced_accuracy"": 0.012052400968968868, ""test_cross_entropy"": 4.597568988800049, ""test_balanced_accuracy"": 0.012370970100164413}"
2026-04-14T04:55:29.142763,tpe,lcbench,168329,1,696,8.836901664733887,"{""OpenML_task_id"": ""34539"", ""batch_size"": 490, ""epoch"": 4, ""learning_rate"": 0.06193933304562466, ""max_dropout"": 0.9111728107504115, ""max_units"": 116, ""momentum"": 0.9414951394865754, ""num_layers"": 5, ""weight_decay"": 0.04698204597832163}","{""time"": 8.836901664733887, ""val_accuracy"": 0.45791807770729065, ""val_cross_entropy"": 4.504482746124268, ""val_balanced_accuracy"": 0.011458617635071278, ""test_cross_entropy"": 4.589452743530273, ""test_balanced_accuracy"": 0.011780058965086937}"
2026-04-14T04:55:29.181346,tpe,lcbench,168329,1,697,1.4587583541870117,"{""OpenML_task_id"": ""167184"", ""batch_size"": 462, ""epoch"": 1, ""learning_rate"": 0.055192448776433006, ""max_dropout"": 0.8554087234870011, ""max_units"": 157, ""momentum"": 0.9729702437537479, ""num_layers"": 5, ""weight_decay"": 0.04225564925891187}","{""time"": 1.4587583541870117, ""val_accuracy"": 0.6333574056625366, ""val_cross_entropy"": 4.4426422119140625, ""val_balanced_accuracy"": 0.012151679955422878, ""test_cross_entropy"": 4.6056952476501465, ""test_balanced_accuracy"": 0.01243005320429802}"
2026-04-14T04:55:29.220931,tpe,lcbench,168329,1,698,6.321277141571045,"{""OpenML_task_id"": ""34539"", ""batch_size"": 455, ""epoch"": 3, ""learning_rate"": 0.05995884319414966, ""max_dropout"": 0.8935919599523929, ""max_units"": 106, ""momentum"": 0.9516338912090119, ""num_layers"": 5, ""weight_decay"": 0.04397169979107328}","{""time"": 6.321277141571045, ""val_accuracy"": 0.46402958035469055, ""val_cross_entropy"": 4.530917644500732, ""val_balanced_accuracy"": 0.011225398629903793, ""test_cross_entropy"": 4.6020283699035645, ""test_balanced_accuracy"": 0.011465132236480713}"
2026-04-14T04:55:29.257005,tpe,lcbench,168329,1,699,4.106857776641846,"{""OpenML_task_id"": ""168329"", ""batch_size"": 447, ""epoch"": 2, ""learning_rate"": 0.06657715072694095, ""max_dropout"": 0.8836202423938332, ""max_units"": 130, ""momentum"": 0.9097896503025371, ""num_layers"": 5, ""weight_decay"": 0.04881143092077328}","{""time"": 4.106857776641846, ""val_accuracy"": 0.4774262607097626, ""val_cross_entropy"": 4.532810211181641, ""val_balanced_accuracy"": 0.011196382343769073, ""test_cross_entropy"": 4.601737976074219, ""test_balanced_accuracy"": 0.01146248634904623}"
2026-04-14T04:55:29.291563,tpe,lcbench,168329,1,700,1.3137333393096924,"{""OpenML_task_id"": ""189909"", ""batch_size"": 470, ""epoch"": 1, ""learning_rate"": 0.06361207600875755, ""max_dropout"": 0.8496438722425306, ""max_units"": 106, ""momentum"": 0.9290367904319144, ""num_layers"": 5, ""weight_decay"": 0.05145135154291327}","{""time"": 1.3137333393096924, ""val_accuracy"": 0.5317254066467285, ""val_cross_entropy"": 4.461048603057861, ""val_balanced_accuracy"": 0.011894754134118557, ""test_cross_entropy"": 4.595236301422119, ""test_balanced_accuracy"": 0.012201543897390366}"
2026-04-14T04:55:29.328203,tpe,lcbench,168329,1,701,7.215132713317871,"{""OpenML_task_id"": ""34539"", ""batch_size"": 471, ""epoch"": 3, ""learning_rate"": 0.06354566390306876, ""max_dropout"": 0.8266592908953088, ""max_units"": 144, ""momentum"": 0.9303747974680739, ""num_layers"": 5, ""weight_decay"": 0.05091816190112632}","{""time"": 7.215132713317871, ""val_accuracy"": 0.4450068175792694, ""val_cross_entropy"": 4.568267345428467, ""val_balanced_accuracy"": 0.011148584075272083, ""test_cross_entropy"": 4.599595069885254, ""test_balanced_accuracy"": 0.01142028160393238}"
2026-04-14T04:55:29.364368,tpe,lcbench,168329,1,702,33.49393081665039,"{""OpenML_task_id"": ""189909"", ""batch_size"": 497, ""epoch"": 6, ""learning_rate"": 0.06444761501876381, ""max_dropout"": 0.8530617058394936, ""max_units"": 501, ""momentum"": 0.9069686224585016, ""num_layers"": 5, ""weight_decay"": 0.04900986180082511}","{""time"": 33.49393081665039, ""val_accuracy"": 0.46746835112571716, ""val_cross_entropy"": 4.638139247894287, ""val_balanced_accuracy"": 0.010680260136723518, ""test_cross_entropy"": 4.618501663208008, ""test_balanced_accuracy"": 0.01090768538415432}"
2026-04-14T04:55:29.401943,tpe,lcbench,168329,1,703,4.158453464508057,"{""OpenML_task_id"": ""189909"", ""batch_size"": 511, ""epoch"": 2, ""learning_rate"": 0.06224202165272198, ""max_dropout"": 0.8485208713866523, ""max_units"": 121, ""momentum"": 0.9208726292372805, ""num_layers"": 5, ""weight_decay"": 0.04650190153270375}","{""time"": 4.158453464508057, ""val_accuracy"": 0.5450673699378967, ""val_cross_entropy"": 4.537680149078369, ""val_balanced_accuracy"": 0.011421588249504566, ""test_cross_entropy"": 4.568077564239502, ""test_balanced_accuracy"": 0.011814486235380173}"
2026-04-14T04:55:29.438527,tpe,lcbench,168329,1,704,225.89599609375,"{""OpenML_task_id"": ""189909"", ""batch_size"": 474, ""epoch"": 38, ""learning_rate"": 0.06725668738498487, ""max_dropout"": 0.9094344726560316, ""max_units"": 160, ""momentum"": 0.9385048544639167, ""num_layers"": 5, ""weight_decay"": 0.05178566785020266}","{""time"": 225.89599609375, ""val_accuracy"": 0.38670384883880615, ""val_cross_entropy"": 4.586238861083984, ""val_balanced_accuracy"": 0.010296938940882683, ""test_cross_entropy"": 4.594047546386719, ""test_balanced_accuracy"": 0.010245688259601593}"
2026-04-14T04:55:29.477080,tpe,lcbench,168329,1,705,1.3067610263824463,"{""OpenML_task_id"": ""189909"", ""batch_size"": 463, ""epoch"": 1, ""learning_rate"": 0.05854746960340503, ""max_dropout"": 0.8776422315143899, ""max_units"": 108, ""momentum"": 0.9896107686613517, ""num_layers"": 5, ""weight_decay"": 0.048899329534033635}","{""time"": 1.3067610263824463, ""val_accuracy"": 0.5516881346702576, ""val_cross_entropy"": 4.462496280670166, ""val_balanced_accuracy"": 0.011857062578201294, ""test_cross_entropy"": 4.59536600112915, ""test_balanced_accuracy"": 0.012111973017454147}"
2026-04-14T04:55:29.512671,tpe,lcbench,168329,1,706,1.291421890258789,"{""OpenML_task_id"": ""168908"", ""batch_size"": 456, ""epoch"": 1, ""learning_rate"": 0.061440221642538484, ""max_dropout"": 0.868097893662925, ""max_units"": 103, ""momentum"": 0.9720214922278851, ""num_layers"": 5, ""weight_decay"": 0.051879342662365185}","{""time"": 1.291421890258789, ""val_accuracy"": 0.5253101587295532, ""val_cross_entropy"": 4.466540813446045, ""val_balanced_accuracy"": 0.0118315564468503, ""test_cross_entropy"": 4.597295761108398, ""test_balanced_accuracy"": 0.0120790284126997}"
2026-04-14T04:55:29.551223,tpe,lcbench,168329,1,707,6.4816412925720215,"{""OpenML_task_id"": ""168908"", ""batch_size"": 461, ""epoch"": 3, ""learning_rate"": 0.06511457718379007, ""max_dropout"": 0.8332438439270822, ""max_units"": 100, ""momentum"": 0.9898642389076152, ""num_layers"": 5, ""weight_decay"": 0.052353214162649916}","{""time"": 6.4816412925720215, ""val_accuracy"": 0.4042168855667114, ""val_cross_entropy"": 4.530683994293213, ""val_balanced_accuracy"": 0.011306127533316612, ""test_cross_entropy"": 4.602039813995361, ""test_balanced_accuracy"": 0.011536028236150742}"
2026-04-14T04:55:29.588798,tpe,lcbench,168329,1,708,12.180842399597168,"{""OpenML_task_id"": ""168908"", ""batch_size"": 477, ""epoch"": 5, ""learning_rate"": 0.05904979191278031, ""max_dropout"": 0.8698371928911609, ""max_units"": 98, ""momentum"": 0.9898673783581574, ""num_layers"": 5, ""weight_decay"": 0.0505935727395806}","{""time"": 12.180842399597168, ""val_accuracy"": 0.3723941147327423, ""val_cross_entropy"": 4.529982566833496, ""val_balanced_accuracy"": 0.011070583947002888, ""test_cross_entropy"": 4.604105472564697, ""test_balanced_accuracy"": 0.011273955926299095}"
2026-04-14T04:55:29.626869,tpe,lcbench,168329,1,709,3.9548606872558594,"{""OpenML_task_id"": ""189909"", ""batch_size"": 461, ""epoch"": 2, ""learning_rate"": 0.062031185244595465, ""max_dropout"": 0.8447610429990573, ""max_units"": 100, ""momentum"": 0.9708616046830281, ""num_layers"": 5, ""weight_decay"": 0.05235627755904504}","{""time"": 3.9548606872558594, ""val_accuracy"": 0.44759973883628845, ""val_cross_entropy"": 4.5662007331848145, ""val_balanced_accuracy"": 0.01119576208293438, ""test_cross_entropy"": 4.5908074378967285, ""test_balanced_accuracy"": 0.011463295668363571}"
2026-04-14T04:55:29.663500,tpe,lcbench,168329,1,710,1.3527785539627075,"{""OpenML_task_id"": ""189909"", ""batch_size"": 487, ""epoch"": 1, ""learning_rate"": 0.06044286646987934, ""max_dropout"": 0.7955172348066746, ""max_units"": 110, ""momentum"": 0.9734688835006439, ""num_layers"": 5, ""weight_decay"": 0.049988621850891625}","{""time"": 1.3527785539627075, ""val_accuracy"": 0.5462778210639954, ""val_cross_entropy"": 4.4775261878967285, ""val_balanced_accuracy"": 0.011856473982334137, ""test_cross_entropy"": 4.593109607696533, ""test_balanced_accuracy"": 0.012168820016086102}"
2026-04-14T04:55:29.699569,tpe,lcbench,168329,1,711,1.3597508668899536,"{""OpenML_task_id"": ""189909"", ""batch_size"": 488, ""epoch"": 1, ""learning_rate"": 0.060122364474314405, ""max_dropout"": 0.7744946484760084, ""max_units"": 111, ""momentum"": 0.973736613132139, ""num_layers"": 5, ""weight_decay"": 0.05011504576104127}","{""time"": 1.3597508668899536, ""val_accuracy"": 0.5539118647575378, ""val_cross_entropy"": 4.472663402557373, ""val_balanced_accuracy"": 0.011901313439011574, ""test_cross_entropy"": 4.594348430633545, ""test_balanced_accuracy"": 0.012204895727336407}"
2026-04-14T04:55:29.734645,tpe,lcbench,168329,1,712,26.001441955566406,"{""OpenML_task_id"": ""189909"", ""batch_size"": 491, ""epoch"": 4, ""learning_rate"": 0.05992904774975469, ""max_dropout"": 0.8133354775767556, ""max_units"": 726, ""momentum"": 0.980126201662729, ""num_layers"": 5, ""weight_decay"": 0.05099227047295603}","{""time"": 26.001441955566406, ""val_accuracy"": 0.5029457211494446, ""val_cross_entropy"": 4.671165943145752, ""val_balanced_accuracy"": 0.010656432248651981, ""test_cross_entropy"": 4.614920139312744, ""test_balanced_accuracy"": 0.010874676518142223}"
2026-04-14T04:55:29.770740,tpe,lcbench,168329,1,713,4.190526008605957,"{""OpenML_task_id"": ""168908"", ""batch_size"": 504, ""epoch"": 2, ""learning_rate"": 0.06311131383285234, ""max_dropout"": 0.7827217108548516, ""max_units"": 113, ""momentum"": 0.9749300248916506, ""num_layers"": 5, ""weight_decay"": 0.04986936832913231}","{""time"": 4.190526008605957, ""val_accuracy"": 0.5060113072395325, ""val_cross_entropy"": 4.564018249511719, ""val_balanced_accuracy"": 0.01137037854641676, ""test_cross_entropy"": 4.57219934463501, ""test_balanced_accuracy"": 0.011709338054060936}"
2026-04-14T04:55:29.806831,tpe,lcbench,168329,1,714,1.3611453771591187,"{""OpenML_task_id"": ""189909"", ""batch_size"": 490, ""epoch"": 1, ""learning_rate"": 0.06072681332485787, ""max_dropout"": 0.80779752481642, ""max_units"": 109, ""momentum"": 0.9880627834931838, ""num_layers"": 5, ""weight_decay"": 0.05278967565988397}","{""time"": 1.3611453771591187, ""val_accuracy"": 0.5240702033042908, ""val_cross_entropy"": 4.487114429473877, ""val_balanced_accuracy"": 0.011770940385758877, ""test_cross_entropy"": 4.588901042938232, ""test_balanced_accuracy"": 0.012081285938620567}"
2026-04-14T04:55:29.842417,tpe,lcbench,168329,1,715,6.54299783706665,"{""OpenML_task_id"": ""167184"", ""batch_size"": 501, ""epoch"": 2, ""learning_rate"": 0.05871496050105776, ""max_dropout"": 0.8450612478115201, ""max_units"": 106, ""momentum"": 0.9754703550039548, ""num_layers"": 3, ""weight_decay"": 0.05099578997454548}","{""time"": 6.54299783706665, ""val_accuracy"": 1.2995328903198242, ""val_cross_entropy"": 4.50803279876709, ""val_balanced_accuracy"": 0.016245584934949875, ""test_cross_entropy"": 4.62513542175293, ""test_balanced_accuracy"": 0.01608273945748806}"
2026-04-14T04:55:29.878475,tpe,lcbench,168329,1,716,7.011539936065674,"{""OpenML_task_id"": ""189909"", ""batch_size"": 487, ""epoch"": 3, ""learning_rate"": 0.06525919744369807, ""max_dropout"": 0.7493666659825466, ""max_units"": 106, ""momentum"": 0.9887582337801984, ""num_layers"": 5, ""weight_decay"": 0.053600545836393426}","{""time"": 7.011539936065674, ""val_accuracy"": 0.4309280812740326, ""val_cross_entropy"": 4.542025566101074, ""val_balanced_accuracy"": 0.011404456570744514, ""test_cross_entropy"": 4.591577053070068, ""test_balanced_accuracy"": 0.011638376861810684}"
2026-04-14T04:55:29.917015,tpe,lcbench,168329,1,717,1.3332560062408447,"{""OpenML_task_id"": ""189909"", ""batch_size"": 493, ""epoch"": 1, ""learning_rate"": 0.060489650181402156, ""max_dropout"": 0.7982770072288898, ""max_units"": 100, ""momentum"": 0.9765925910568072, ""num_layers"": 5, ""weight_decay"": 0.052768256781604836}","{""time"": 1.3332560062408447, ""val_accuracy"": 0.5263140797615051, ""val_cross_entropy"": 4.478780746459961, ""val_balanced_accuracy"": 0.011785946786403656, ""test_cross_entropy"": 4.587069511413574, ""test_balanced_accuracy"": 0.012104582041501999}"
2026-04-14T04:55:29.952569,tpe,lcbench,168329,1,718,7.1691155433654785,"{""OpenML_task_id"": ""189909"", ""batch_size"": 491, ""epoch"": 3, ""learning_rate"": 0.060491335554447155, ""max_dropout"": 0.7965712966657148, ""max_units"": 120, ""momentum"": 0.9894336054131961, ""num_layers"": 5, ""weight_decay"": 0.05239334673440612}","{""time"": 7.1691155433654785, ""val_accuracy"": 0.4415353238582611, ""val_cross_entropy"": 4.557220458984375, ""val_balanced_accuracy"": 0.011360363103449345, ""test_cross_entropy"": 4.585202693939209, ""test_balanced_accuracy"": 0.01163704413920641}"
2026-04-14T04:55:29.988216,tpe,lcbench,168329,1,719,1.3527785539627075,"{""OpenML_task_id"": ""189909"", ""batch_size"": 512, ""epoch"": 1, ""learning_rate"": 0.06362394408334965, ""max_dropout"": 0.7684007168094866, ""max_units"": 114, ""momentum"": 0.9775147892840285, ""num_layers"": 5, ""weight_decay"": 0.05275675335415694}","{""time"": 1.3527785539627075, ""val_accuracy"": 0.5589700937271118, ""val_cross_entropy"": 4.453336715698242, ""val_balanced_accuracy"": 0.011980434879660606, ""test_cross_entropy"": 4.5835185050964355, ""test_balanced_accuracy"": 0.012328194454312325}"
2026-04-14T04:55:30.024254,tpe,lcbench,168329,1,720,105.03166961669922,"{""OpenML_task_id"": ""189909"", ""batch_size"": 509, ""epoch"": 21, ""learning_rate"": 0.06401782038640481, ""max_dropout"": 0.733510086042253, ""max_units"": 103, ""momentum"": 0.9763659507106637, ""num_layers"": 5, ""weight_decay"": 0.053015527947569134}","{""time"": 105.03166961669922, ""val_accuracy"": 0.37362992763519287, ""val_cross_entropy"": 4.559563636779785, ""val_balanced_accuracy"": 0.01083314884454012, ""test_cross_entropy"": 4.583305358886719, ""test_balanced_accuracy"": 0.010826930403709412}"
2026-04-14T04:55:30.062833,tpe,lcbench,168329,1,721,4.191920757293701,"{""OpenML_task_id"": ""189909"", ""batch_size"": 501, ""epoch"": 2, ""learning_rate"": 0.05854962268781441, ""max_dropout"": 0.8172764629292877, ""max_units"": 113, ""momentum"": 0.9732177583566382, ""num_layers"": 5, ""weight_decay"": 0.05308100496506537}","{""time"": 4.191920757293701, ""val_accuracy"": 0.4861049950122833, ""val_cross_entropy"": 4.57594633102417, ""val_balanced_accuracy"": 0.011267871595919132, ""test_cross_entropy"": 4.568915367126465, ""test_balanced_accuracy"": 0.011612233705818653}"
2026-04-14T04:55:30.100454,tpe,lcbench,168329,1,722,115.03559875488281,"{""OpenML_task_id"": ""189909"", ""batch_size"": 497, ""epoch"": 25, ""learning_rate"": 0.06703274464678366, ""max_dropout"": 0.7968574785226842, ""max_units"": 99, ""momentum"": 0.9595182130686466, ""num_layers"": 5, ""weight_decay"": 0.051988113795551086}","{""time"": 115.03559875488281, ""val_accuracy"": 0.37619638442993164, ""val_cross_entropy"": 4.541844844818115, ""val_balanced_accuracy"": 0.010850663296878338, ""test_cross_entropy"": 4.58623743057251, ""test_balanced_accuracy"": 0.01085546612739563}"
2026-04-14T04:55:30.138528,tpe,lcbench,168329,1,723,1.3806679248809814,"{""OpenML_task_id"": ""189909"", ""batch_size"": 497, ""epoch"": 1, ""learning_rate"": 0.0605489740772283, ""max_dropout"": 0.7715026645308624, ""max_units"": 120, ""momentum"": 0.9687632275961062, ""num_layers"": 5, ""weight_decay"": 0.04944282324891665}","{""time"": 1.3806679248809814, ""val_accuracy"": 0.5705658197402954, ""val_cross_entropy"": 4.4588236808776855, ""val_balanced_accuracy"": 0.01194855384528637, ""test_cross_entropy"": 4.592780590057373, ""test_balanced_accuracy"": 0.012271257117390633}"
2026-04-14T04:55:30.175165,tpe,lcbench,168329,1,724,6.62387752532959,"{""OpenML_task_id"": ""189909"", ""batch_size"": 510, ""epoch"": 3, ""learning_rate"": 0.06369920650133803, ""max_dropout"": 0.8024514101085524, ""max_units"": 98, ""momentum"": 0.9888765308632944, ""num_layers"": 5, ""weight_decay"": 0.05341123640037537}","{""time"": 6.62387752532959, ""val_accuracy"": 0.4524381756782532, ""val_cross_entropy"": 4.535589694976807, ""val_balanced_accuracy"": 0.011570668779313564, ""test_cross_entropy"": 4.571536064147949, ""test_balanced_accuracy"": 0.011888199485838413}"
2026-04-14T04:55:30.212745,tpe,lcbench,168329,1,725,4.289533615112305,"{""OpenML_task_id"": ""189909"", ""batch_size"": 487, ""epoch"": 2, ""learning_rate"": 0.06010043561821033, ""max_dropout"": 0.7789308806580779, ""max_units"": 117, ""momentum"": 0.9746015533987349, ""num_layers"": 5, ""weight_decay"": 0.049777993109797414}","{""time"": 4.289533615112305, ""val_accuracy"": 0.4900633692741394, ""val_cross_entropy"": 4.5792388916015625, ""val_balanced_accuracy"": 0.011201401241123676, ""test_cross_entropy"": 4.581066131591797, ""test_balanced_accuracy"": 0.011497828178107738}"
2026-04-14T04:55:30.251755,tpe,lcbench,168329,1,726,1.3276780843734741,"{""OpenML_task_id"": ""189909"", ""batch_size"": 507, ""epoch"": 1, ""learning_rate"": 0.058135636972369814, ""max_dropout"": 0.809128821509083, ""max_units"": 96, ""momentum"": 0.9578920166362167, ""num_layers"": 5, ""weight_decay"": 0.05186755522693036}","{""time"": 1.3276780843734741, ""val_accuracy"": 0.543703019618988, ""val_cross_entropy"": 4.456422328948975, ""val_balanced_accuracy"": 0.011795977130532265, ""test_cross_entropy"": 4.579494476318359, ""test_balanced_accuracy"": 0.012150544673204422}"
2026-04-14T04:55:30.290330,tpe,lcbench,168329,1,727,75.48841857910156,"{""OpenML_task_id"": ""189909"", ""batch_size"": 510, ""epoch"": 16, ""learning_rate"": 0.06583276028546867, ""max_dropout"": 0.7639517986508735, ""max_units"": 122, ""momentum"": 0.9740457774607805, ""num_layers"": 5, ""weight_decay"": 0.051193269239290407}","{""time"": 75.48841857910156, ""val_accuracy"": 0.36096224188804626, ""val_cross_entropy"": 4.556833267211914, ""val_balanced_accuracy"": 0.010805928148329258, ""test_cross_entropy"": 4.588761806488037, ""test_balanced_accuracy"": 0.01086010504513979}"
2026-04-14T04:55:30.331032,tpe,lcbench,168329,1,728,13.912775039672852,"{""OpenML_task_id"": ""189909"", ""batch_size"": 511, ""epoch"": 4, ""learning_rate"": 0.06179878749472417, ""max_dropout"": 0.7662385473698131, ""max_units"": 905, ""momentum"": 0.9539699792729228, ""num_layers"": 2, ""weight_decay"": 0.05011884182552015}","{""time"": 13.912775039672852, ""val_accuracy"": 5.065552711486816, ""val_cross_entropy"": 3.945481300354004, ""val_balanced_accuracy"": 0.054413121193647385, ""test_cross_entropy"": 4.644302845001221, ""test_balanced_accuracy"": 0.05264292657375336}"
2026-04-14T04:55:30.366633,tpe,lcbench,168329,1,729,4.091518878936768,"{""OpenML_task_id"": ""189909"", ""batch_size"": 495, ""epoch"": 2, ""learning_rate"": 0.06363546237828298, ""max_dropout"": 0.8199858406580821, ""max_units"": 97, ""momentum"": 0.9625092230150303, ""num_layers"": 5, ""weight_decay"": 0.03136846133539253}","{""time"": 4.091518878936768, ""val_accuracy"": 0.6590110063552856, ""val_cross_entropy"": 4.539403438568115, ""val_balanced_accuracy"": 0.011845511384308338, ""test_cross_entropy"": 4.580466270446777, ""test_balanced_accuracy"": 0.012219454161822796}"
2026-04-14T04:55:30.404713,tpe,lcbench,168329,1,730,1.4266854524612427,"{""OpenML_task_id"": ""189909"", ""batch_size"": 490, ""epoch"": 1, ""learning_rate"": 0.05853228771216957, ""max_dropout"": 0.7884792137995793, ""max_units"": 131, ""momentum"": 0.9891001858300771, ""num_layers"": 5, ""weight_decay"": 0.05230557504813661}","{""time"": 1.4266854524612427, ""val_accuracy"": 0.5380743145942688, ""val_cross_entropy"": 4.489807605743408, ""val_balanced_accuracy"": 0.01180407963693142, ""test_cross_entropy"": 4.592440605163574, ""test_balanced_accuracy"": 0.012109200470149517}"
2026-04-14T04:55:30.440787,tpe,lcbench,168329,1,731,6.593198776245117,"{""OpenML_task_id"": ""189909"", ""batch_size"": 505, ""epoch"": 3, ""learning_rate"": 0.06858788917784019, ""max_dropout"": 0.8038339643892785, ""max_units"": 98, ""momentum"": 0.987686702586444, ""num_layers"": 5, ""weight_decay"": 0.054576771920974605}","{""time"": 6.593198776245117, ""val_accuracy"": 0.4369259774684906, ""val_cross_entropy"": 4.527283668518066, ""val_balanced_accuracy"": 0.011632628738880157, ""test_cross_entropy"": 4.575477123260498, ""test_balanced_accuracy"": 0.011946571990847588}"
2026-04-14T04:55:30.477168,tpe,lcbench,168329,1,732,38.93096923828125,"{""OpenML_task_id"": ""189909"", ""batch_size"": 500, ""epoch"": 10, ""learning_rate"": 0.06119670878444927, ""max_dropout"": 0.7804615569379929, ""max_units"": 121, ""momentum"": 0.9894661520155065, ""num_layers"": 5, ""weight_decay"": 0.051391554744062255}","{""time"": 38.93096923828125, ""val_accuracy"": 0.3536445200443268, ""val_cross_entropy"": 4.534941673278809, ""val_balanced_accuracy"": 0.010854244232177734, ""test_cross_entropy"": 4.599452972412109, ""test_balanced_accuracy"": 0.010964023880660534}"
2026-04-14T04:55:30.515724,tpe,lcbench,168329,1,733,1.317916750907898,"{""OpenML_task_id"": ""189909"", ""batch_size"": 483, ""epoch"": 1, ""learning_rate"": 0.05787167395378444, ""max_dropout"": 0.825376138197201, ""max_units"": 97, ""momentum"": 0.9610015346979721, ""num_layers"": 5, ""weight_decay"": 0.048584962121996825}","{""time"": 1.317916750907898, ""val_accuracy"": 0.553089439868927, ""val_cross_entropy"": 4.468393802642822, ""val_balanced_accuracy"": 0.011852744035422802, ""test_cross_entropy"": 4.5910234451293945, ""test_balanced_accuracy"": 0.012171187438070774}"
2026-04-14T04:55:30.568799,tpe,lcbench,168329,1,734,4.382963180541992,"{""OpenML_task_id"": ""189909"", ""batch_size"": 483, ""epoch"": 2, ""learning_rate"": 0.057660830829133876, ""max_dropout"": 0.8235764019622479, ""max_units"": 131, ""momentum"": 0.956754767008864, ""num_layers"": 5, ""weight_decay"": 0.04927676134993346}","{""time"": 4.382963180541992, ""val_accuracy"": 0.4934474527835846, ""val_cross_entropy"": 4.5822272300720215, ""val_balanced_accuracy"": 0.011146117933094501, ""test_cross_entropy"": 4.582526206970215, ""test_balanced_accuracy"": 0.011459426023066044}"
2026-04-14T04:55:30.607359,tpe,lcbench,168329,1,735,9.874387741088867,"{""OpenML_task_id"": ""189909"", ""batch_size"": 484, ""epoch"": 4, ""learning_rate"": 0.059817870808817654, ""max_dropout"": 0.78909721195169, ""max_units"": 110, ""momentum"": 0.9697285289114437, ""num_layers"": 5, ""weight_decay"": 0.04916474383932845}","{""time"": 9.874387741088867, ""val_accuracy"": 0.41129565238952637, ""val_cross_entropy"": 4.5593581199646, ""val_balanced_accuracy"": 0.011092375963926315, ""test_cross_entropy"": 4.598682403564453, ""test_balanced_accuracy"": 0.01131795160472393}"
2026-04-14T04:55:30.648538,tpe,lcbench,168329,1,736,1.3723011016845703,"{""OpenML_task_id"": ""189909"", ""batch_size"": 499, ""epoch"": 1, ""learning_rate"": 0.05799042659299274, ""max_dropout"": 0.8154980803118721, ""max_units"": 117, ""momentum"": 0.9599708238568755, ""num_layers"": 5, ""weight_decay"": 0.0488835273694512}","{""time"": 1.3723011016845703, ""val_accuracy"": 0.5685452222824097, ""val_cross_entropy"": 4.456389427185059, ""val_balanced_accuracy"": 0.011879699304699898, ""test_cross_entropy"": 4.587986946105957, ""test_balanced_accuracy"": 0.012223766185343266}"
2026-04-14T04:55:30.683195,tpe,lcbench,168329,1,737,6.50534725189209,"{""OpenML_task_id"": ""189909"", ""batch_size"": 482, ""epoch"": 3, ""learning_rate"": 0.062345766248151115, ""max_dropout"": 0.8057481850631828, ""max_units"": 100, ""momentum"": 0.9414220415943724, ""num_layers"": 5, ""weight_decay"": 0.05184014111281708}","{""time"": 6.50534725189209, ""val_accuracy"": 0.4348898231983185, ""val_cross_entropy"": 4.562685489654541, ""val_balanced_accuracy"": 0.011130099184811115, ""test_cross_entropy"": 4.588398456573486, ""test_balanced_accuracy"": 0.011401042342185974}"
2026-04-14T04:55:30.719752,tpe,lcbench,168329,1,738,1.4643361568450928,"{""OpenML_task_id"": ""189909"", ""batch_size"": 512, ""epoch"": 1, ""learning_rate"": 0.055661080275402466, ""max_dropout"": 0.7195293097094856, ""max_units"": 134, ""momentum"": 0.989644153623798, ""num_layers"": 5, ""weight_decay"": 0.05442794912556892}","{""time"": 1.4643361568450928, ""val_accuracy"": 0.5747469663619995, ""val_cross_entropy"": 4.455235481262207, ""val_balanced_accuracy"": 0.011970612220466137, ""test_cross_entropy"": 4.5864434242248535, ""test_balanced_accuracy"": 0.012278093956410885}"
2026-04-14T04:55:30.756328,tpe,lcbench,168329,1,739,4.237937927246094,"{""OpenML_task_id"": ""189909"", ""batch_size"": 493, ""epoch"": 2, ""learning_rate"": 0.05999324170175743, ""max_dropout"": 0.7416120008882159, ""max_units"": 111, ""momentum"": 0.971042364800494, ""num_layers"": 5, ""weight_decay"": 0.050524666177140506}","{""time"": 4.237937927246094, ""val_accuracy"": 0.5031750202178955, ""val_cross_entropy"": 4.569793224334717, ""val_balanced_accuracy"": 0.011239259503781796, ""test_cross_entropy"": 4.579712867736816, ""test_balanced_accuracy"": 0.011527186259627342}"
2026-04-14T04:55:30.792887,tpe,lcbench,168329,1,740,1.2788716554641724,"{""OpenML_task_id"": ""189909"", ""batch_size"": 495, ""epoch"": 1, ""learning_rate"": 0.0643333563346242, ""max_dropout"": 0.8258990627857394, ""max_units"": 95, ""momentum"": 0.9494536928684124, ""num_layers"": 5, ""weight_decay"": 0.04881821964422403}","{""time"": 1.2788716554641724, ""val_accuracy"": 0.5572328567504883, ""val_cross_entropy"": 4.448383331298828, ""val_balanced_accuracy"": 0.011915940791368484, ""test_cross_entropy"": 4.587769508361816, ""test_balanced_accuracy"": 0.012263419106602669}"
2026-04-14T04:55:30.829468,tpe,lcbench,168329,1,741,3.816807985305786,"{""OpenML_task_id"": ""189909"", ""batch_size"": 502, ""epoch"": 2, ""learning_rate"": 0.06485879417120036, ""max_dropout"": 0.8273140746219324, ""max_units"": 93, ""momentum"": 0.9424457626810984, ""num_layers"": 5, ""weight_decay"": 0.05003323938998679}","{""time"": 3.816807985305786, ""val_accuracy"": 0.5045339465141296, ""val_cross_entropy"": 4.545113563537598, ""val_balanced_accuracy"": 0.011392607353627682, ""test_cross_entropy"": 4.568448066711426, ""test_balanced_accuracy"": 0.011753642931580544}"
2026-04-14T04:55:30.866542,tpe,lcbench,168329,1,742,11.653732299804688,"{""OpenML_task_id"": ""189909"", ""batch_size"": 185, ""epoch"": 5, ""learning_rate"": 0.06556823704688691, ""max_dropout"": 0.8370082708628604, ""max_units"": 93, ""momentum"": 0.9458175701361237, ""num_layers"": 5, ""weight_decay"": 0.04884484251846758}","{""time"": 11.653732299804688, ""val_accuracy"": 0.3324902355670929, ""val_cross_entropy"": 4.1681227684021, ""val_balanced_accuracy"": 0.01235027052462101, ""test_cross_entropy"": 4.6374921798706055, ""test_balanced_accuracy"": 0.012643173336982727}"
2026-04-14T04:55:30.903612,tpe,lcbench,168329,1,743,7.280673027038574,"{""OpenML_task_id"": ""189909"", ""batch_size"": 481, ""epoch"": 3, ""learning_rate"": 0.06762551303588084, ""max_dropout"": 0.7685021270940484, ""max_units"": 132, ""momentum"": 0.9554222451540572, ""num_layers"": 5, ""weight_decay"": 0.04770563858382838}","{""time"": 7.280673027038574, ""val_accuracy"": 0.4527532458305359, ""val_cross_entropy"": 4.561476707458496, ""val_balanced_accuracy"": 0.011278192512691021, ""test_cross_entropy"": 4.599390029907227, ""test_balanced_accuracy"": 0.011539152823388577}"
2026-04-14T04:55:30.941161,tpe,lcbench,168329,1,744,8.181501388549805,"{""OpenML_task_id"": ""168908"", ""batch_size"": 491, ""epoch"": 2, ""learning_rate"": 0.06349725496323336, ""max_dropout"": 0.8408209090222905, ""max_units"": 589, ""momentum"": 0.9446203327007486, ""num_layers"": 5, ""weight_decay"": 0.04529632135621723}","{""time"": 8.181501388549805, ""val_accuracy"": 0.6838554739952087, ""val_cross_entropy"": 4.626235485076904, ""val_balanced_accuracy"": 0.011690436862409115, ""test_cross_entropy"": 4.605103492736816, ""test_balanced_accuracy"": 0.01207202672958374}"
2026-04-14T04:55:30.979721,tpe,lcbench,168329,1,745,1.2691103219985962,"{""OpenML_task_id"": ""189908"", ""batch_size"": 501, ""epoch"": 1, ""learning_rate"": 0.06661648425937003, ""max_dropout"": 0.7896729842133362, ""max_units"": 93, ""momentum"": 0.965477475754571, ""num_layers"": 5, ""weight_decay"": 0.048431411214479705}","{""time"": 1.2691103219985962, ""val_accuracy"": 0.5608400106430054, ""val_cross_entropy"": 4.452297687530518, ""val_balanced_accuracy"": 0.011954138986766338, ""test_cross_entropy"": 4.587673664093018, ""test_balanced_accuracy"": 0.012297687120735645}"
2026-04-14T04:55:31.018333,tpe,lcbench,168329,1,746,1.2328541278839111,"{""OpenML_task_id"": ""189908"", ""batch_size"": 505, ""epoch"": 1, ""learning_rate"": 0.07027434685921982, ""max_dropout"": 0.7970124641584805, ""max_units"": 89, ""momentum"": 0.9610079626115027, ""num_layers"": 5, ""weight_decay"": 0.043363819610881676}","{""time"": 1.2328541278839111, ""val_accuracy"": 0.6124361157417297, ""val_cross_entropy"": 4.426893711090088, ""val_balanced_accuracy"": 0.012206315994262695, ""test_cross_entropy"": 4.586905479431152, ""test_balanced_accuracy"": 0.01257326453924179}"
2026-04-14T04:55:31.055986,tpe,lcbench,168329,1,747,40.462100982666016,"{""OpenML_task_id"": ""189908"", ""batch_size"": 509, ""epoch"": 13, ""learning_rate"": 0.07129386542739236, ""max_dropout"": 0.8129468526081011, ""max_units"": 87, ""momentum"": 0.9375618718965024, ""num_layers"": 5, ""weight_decay"": 0.04099006988263657}","{""time"": 40.462100982666016, ""val_accuracy"": 0.3801157772541046, ""val_cross_entropy"": 4.543691635131836, ""val_balanced_accuracy"": 0.010862031951546669, ""test_cross_entropy"": 4.5975213050842285, ""test_balanced_accuracy"": 0.011020506732165813}"
2026-04-14T04:55:31.094670,tpe,lcbench,168329,1,748,6.331038475036621,"{""OpenML_task_id"": ""189908"", ""batch_size"": 512, ""epoch"": 3, ""learning_rate"": 0.06780414138706994, ""max_dropout"": 0.7947587969631089, ""max_units"": 88, ""momentum"": 0.9542883672771166, ""num_layers"": 5, ""weight_decay"": 0.04335847185939724}","{""time"": 6.331038475036621, ""val_accuracy"": 0.49671944975852966, ""val_cross_entropy"": 4.54102897644043, ""val_balanced_accuracy"": 0.011452696286141872, ""test_cross_entropy"": 4.574557304382324, ""test_balanced_accuracy"": 0.011792197823524475}"
2026-04-14T04:55:31.134286,tpe,lcbench,168329,1,749,6.537420272827148,"{""OpenML_task_id"": ""167185"", ""batch_size"": 499, ""epoch"": 2, ""learning_rate"": 0.0699238927175935, ""max_dropout"": 0.749163829108683, ""max_units"": 87, ""momentum"": 0.9340942160848058, ""num_layers"": 3, ""weight_decay"": 0.047987753939349655}","{""time"": 6.537420272827148, ""val_accuracy"": 1.287387490272522, ""val_cross_entropy"": 4.508168697357178, ""val_balanced_accuracy"": 0.01699991710484028, ""test_cross_entropy"": 4.6256914138793945, ""test_balanced_accuracy"": 0.01684820093214512}"
2026-04-14T04:55:31.171845,tpe,lcbench,168329,1,750,8.891286849975586,"{""OpenML_task_id"": ""189908"", ""batch_size"": 203, ""epoch"": 4, ""learning_rate"": 0.07022291255011961, ""max_dropout"": 0.8189397242285034, ""max_units"": 92, ""momentum"": 0.9571492846524247, ""num_layers"": 5, ""weight_decay"": 0.04429405793099637}","{""time"": 8.891286849975586, ""val_accuracy"": 0.3526368737220764, ""val_cross_entropy"": 4.199687480926514, ""val_balanced_accuracy"": 0.012376303784549236, ""test_cross_entropy"": 4.641326427459717, ""test_balanced_accuracy"": 0.012646188028156757}"
2026-04-14T04:55:31.208454,tpe,lcbench,168329,1,751,19.736083984375,"{""OpenML_task_id"": ""189908"", ""batch_size"": 499, ""epoch"": 7, ""learning_rate"": 0.06933721995153345, ""max_dropout"": 0.7964368522826836, ""max_units"": 93, ""momentum"": 0.9605933225292188, ""num_layers"": 5, ""weight_decay"": 0.05133963623846232}","{""time"": 19.736083984375, ""val_accuracy"": 0.3624814748764038, ""val_cross_entropy"": 4.5113019943237305, ""val_balanced_accuracy"": 0.011171913705766201, ""test_cross_entropy"": 4.59949254989624, ""test_balanced_accuracy"": 0.01136823184788227}"
2026-04-14T04:55:31.245046,tpe,lcbench,168329,1,752,1.2370375394821167,"{""OpenML_task_id"": ""189908"", ""batch_size"": 512, ""epoch"": 1, ""learning_rate"": 0.07193533543883096, ""max_dropout"": 0.8425695339508898, ""max_units"": 94, ""momentum"": 0.9407719689287276, ""num_layers"": 5, ""weight_decay"": 0.048013794591449444}","{""time"": 1.2370375394821167, ""val_accuracy"": 0.5833348631858826, ""val_cross_entropy"": 4.423042297363281, ""val_balanced_accuracy"": 0.012138568796217442, ""test_cross_entropy"": 4.578620433807373, ""test_balanced_accuracy"": 0.012542318552732468}"
2026-04-14T04:55:31.281106,tpe,lcbench,168329,1,753,4.755286693572998,"{""OpenML_task_id"": ""189908"", ""batch_size"": 502, ""epoch"": 2, ""learning_rate"": 0.07312492953278196, ""max_dropout"": 0.8333464896128945, ""max_units"": 84, ""momentum"": 0.27238974270868255, ""num_layers"": 5, ""weight_decay"": 0.04781351400275873}","{""time"": 4.755286693572998, ""val_accuracy"": 0.5108815431594849, ""val_cross_entropy"": 4.511386871337891, ""val_balanced_accuracy"": 0.010957794263958931, ""test_cross_entropy"": 4.543839454650879, ""test_balanced_accuracy"": 0.011296255514025688}"
2026-04-14T04:55:31.320238,tpe,lcbench,168329,1,754,1.230065107345581,"{""OpenML_task_id"": ""189906"", ""batch_size"": 497, ""epoch"": 1, ""learning_rate"": 0.07139904169070543, ""max_dropout"": 0.839843486527849, ""max_units"": 89, ""momentum"": 0.92376243905153, ""num_layers"": 5, ""weight_decay"": 0.04461820054275576}","{""time"": 1.230065107345581, ""val_accuracy"": 0.5946416258811951, ""val_cross_entropy"": 4.417280673980713, ""val_balanced_accuracy"": 0.012151147238910198, ""test_cross_entropy"": 4.588639736175537, ""test_balanced_accuracy"": 0.01252778246998787}"
2026-04-14T04:55:31.355905,tpe,lcbench,168329,1,755,125.50668334960938,"{""OpenML_task_id"": ""189908"", ""batch_size"": 503, ""epoch"": 32, ""learning_rate"": 0.07216763036422784, ""max_dropout"": 0.8356461022651229, ""max_units"": 88, ""momentum"": 0.92796811713368, ""num_layers"": 5, ""weight_decay"": 0.0398546271191541}","{""time"": 125.50668334960938, ""val_accuracy"": 0.43592873215675354, ""val_cross_entropy"": 4.566915035247803, ""val_balanced_accuracy"": 0.010725743137300014, ""test_cross_entropy"": 4.6018595695495605, ""test_balanced_accuracy"": 0.010755427181720734}"
2026-04-14T04:55:31.395506,tpe,lcbench,168329,1,756,5.950347900390625,"{""OpenML_task_id"": ""189906"", ""batch_size"": 497, ""epoch"": 3, ""learning_rate"": 0.07486697114953943, ""max_dropout"": 0.8566540319329491, ""max_units"": 85, ""momentum"": 0.9271526099953108, ""num_layers"": 5, ""weight_decay"": 0.03934323395248922}","{""time"": 5.950347900390625, ""val_accuracy"": 0.5272656083106995, ""val_cross_entropy"": 4.508632183074951, ""val_balanced_accuracy"": 0.011683236807584763, ""test_cross_entropy"": 4.583132743835449, ""test_balanced_accuracy"": 0.01204350870102644}"
2026-04-14T04:55:31.432534,tpe,lcbench,168329,1,757,1.1812586784362793,"{""OpenML_task_id"": ""189906"", ""batch_size"": 501, ""epoch"": 1, ""learning_rate"": 0.07652535590953731, ""max_dropout"": 0.856540010898045, ""max_units"": 83, ""momentum"": 0.9374967433272328, ""num_layers"": 5, ""weight_decay"": 0.04556162245828923}","{""time"": 1.1812586784362793, ""val_accuracy"": 0.590850830078125, ""val_cross_entropy"": 4.415098667144775, ""val_balanced_accuracy"": 0.012210902757942677, ""test_cross_entropy"": 4.583540916442871, ""test_balanced_accuracy"": 0.012597485445439816}"
2026-04-14T04:55:31.467630,tpe,lcbench,168329,1,758,3.7150115966796875,"{""OpenML_task_id"": ""189908"", ""batch_size"": 512, ""epoch"": 2, ""learning_rate"": 0.06933700723874078, ""max_dropout"": 0.8326181855589345, ""max_units"": 83, ""momentum"": 0.9277942790637255, ""num_layers"": 5, ""weight_decay"": 0.043721295798907774}","{""time"": 3.7150115966796875, ""val_accuracy"": 0.5481209754943848, ""val_cross_entropy"": 4.520041465759277, ""val_balanced_accuracy"": 0.011538713239133358, ""test_cross_entropy"": 4.566149711608887, ""test_balanced_accuracy"": 0.011930404230952263}"
2026-04-14T04:55:31.505248,tpe,lcbench,168329,1,759,8.277719497680664,"{""OpenML_task_id"": ""189906"", ""batch_size"": 493, ""epoch"": 4, ""learning_rate"": 0.08008604173082849, ""max_dropout"": 0.8498890777047806, ""max_units"": 86, ""momentum"": 0.9393453194406539, ""num_layers"": 5, ""weight_decay"": 0.042643323829120866}","{""time"": 8.277719497680664, ""val_accuracy"": 0.45166218280792236, ""val_cross_entropy"": 4.489913463592529, ""val_balanced_accuracy"": 0.011645725928246975, ""test_cross_entropy"": 4.59492826461792, ""test_balanced_accuracy"": 0.01195927057415247}"
2026-04-14T04:55:31.541800,tpe,lcbench,168329,1,760,3.544886350631714,"{""OpenML_task_id"": ""189906"", ""batch_size"": 502, ""epoch"": 2, ""learning_rate"": 0.07580759794544115, ""max_dropout"": 0.8591562101459888, ""max_units"": 81, ""momentum"": 0.9174922945492415, ""num_layers"": 5, ""weight_decay"": 0.045323196448658}","{""time"": 3.544886350631714, ""val_accuracy"": 0.5404409766197205, ""val_cross_entropy"": 4.498677730560303, ""val_balanced_accuracy"": 0.011685465462505817, ""test_cross_entropy"": 4.569357872009277, ""test_balanced_accuracy"": 0.012083521112799644}"
2026-04-14T04:55:31.579835,tpe,lcbench,168329,1,761,1.2454043626785278,"{""OpenML_task_id"": ""189906"", ""batch_size"": 503, ""epoch"": 1, ""learning_rate"": 0.07182106406267894, ""max_dropout"": 0.8313170488211095, ""max_units"": 99, ""momentum"": 0.9432488819241829, ""num_layers"": 5, ""weight_decay"": 0.04180925512619606}","{""time"": 1.2454043626785278, ""val_accuracy"": 0.6378843188285828, ""val_cross_entropy"": 4.40846061706543, ""val_balanced_accuracy"": 0.012338662520051003, ""test_cross_entropy"": 4.588902950286865, ""test_balanced_accuracy"": 0.012729750946164131}"
2026-04-14T04:55:31.621016,tpe,lcbench,168329,1,762,7.844038963317871,"{""OpenML_task_id"": ""189906"", ""batch_size"": 512, ""epoch"": 3, ""learning_rate"": 0.07693530605330813, ""max_dropout"": 0.8243622050737186, ""max_units"": 102, ""momentum"": 0.9376403576643818, ""num_layers"": 2, ""weight_decay"": 0.043705849655258644}","{""time"": 7.844038963317871, ""val_accuracy"": 4.186518669128418, ""val_cross_entropy"": 4.2444748878479, ""val_balanced_accuracy"": 0.047144822776317596, ""test_cross_entropy"": 4.621055603027344, ""test_balanced_accuracy"": 0.04623895511031151}"
2026-04-14T04:55:31.659048,tpe,lcbench,168329,1,763,200.8164520263672,"{""OpenML_task_id"": ""189906"", ""batch_size"": 501, ""epoch"": 42, ""learning_rate"": 0.07351554415595621, ""max_dropout"": 0.8395052955140814, ""max_units"": 96, ""momentum"": 0.9501161949497855, ""num_layers"": 5, ""weight_decay"": 0.038075478969378296}","{""time"": 200.8164520263672, ""val_accuracy"": 0.47536635398864746, ""val_cross_entropy"": 4.580275535583496, ""val_balanced_accuracy"": 0.010745236650109291, ""test_cross_entropy"": 4.607455253601074, ""test_balanced_accuracy"": 0.01069391705095768}"
2026-04-14T04:55:31.698614,tpe,lcbench,168329,1,764,1.2565600872039795,"{""OpenML_task_id"": ""189906"", ""batch_size"": 494, ""epoch"": 1, ""learning_rate"": 0.0717773617480828, ""max_dropout"": 0.8260113447995794, ""max_units"": 100, ""momentum"": 0.9441665476863232, ""num_layers"": 5, ""weight_decay"": 0.044595668248732415}","{""time"": 1.2565600872039795, ""val_accuracy"": 0.5992631316184998, ""val_cross_entropy"": 4.425044059753418, ""val_balanced_accuracy"": 0.012159238569438457, ""test_cross_entropy"": 4.5933966636657715, ""test_balanced_accuracy"": 0.012518108822405338}"
2026-04-14T04:55:31.737172,tpe,lcbench,168329,1,765,2.171332836151123,"{""OpenML_task_id"": ""189906"", ""batch_size"": 494, ""epoch"": 1, ""learning_rate"": 0.07094836889612009, ""max_dropout"": 0.819660686845162, ""max_units"": 553, ""momentum"": 0.9218420434487951, ""num_layers"": 5, ""weight_decay"": 0.0423879789658803}","{""time"": 2.171332836151123, ""val_accuracy"": 0.7733520269393921, ""val_cross_entropy"": 4.40965461730957, ""val_balanced_accuracy"": 0.012729702517390251, ""test_cross_entropy"": 4.6182780265808105, ""test_balanced_accuracy"": 0.013128251768648624}"
2026-04-14T04:55:31.775813,tpe,lcbench,168329,1,766,6.696389675140381,"{""OpenML_task_id"": ""189906"", ""batch_size"": 502, ""epoch"": 3, ""learning_rate"": 0.07923518161964686, ""max_dropout"": 0.8486841430039056, ""max_units"": 109, ""momentum"": 0.6325318173931416, ""num_layers"": 5, ""weight_decay"": 0.041393640963898005}","{""time"": 6.696389675140381, ""val_accuracy"": 0.555435299873352, ""val_cross_entropy"": 4.501712322235107, ""val_balanced_accuracy"": 0.011339169926941395, ""test_cross_entropy"": 4.578929424285889, ""test_balanced_accuracy"": 0.011712554842233658}"
2026-04-14T04:55:31.813919,tpe,lcbench,168329,1,767,1.2509821653366089,"{""OpenML_task_id"": ""189906"", ""batch_size"": 496, ""epoch"": 1, ""learning_rate"": 0.07269951978343205, ""max_dropout"": 0.8207109976550446, ""max_units"": 99, ""momentum"": 0.940263186628834, ""num_layers"": 5, ""weight_decay"": 0.04019114190191402}","{""time"": 1.2509821653366089, ""val_accuracy"": 0.6469144821166992, ""val_cross_entropy"": 4.406736373901367, ""val_balanced_accuracy"": 0.012364624999463558, ""test_cross_entropy"": 4.594293117523193, ""test_balanced_accuracy"": 0.012741338461637497}"
2026-04-14T04:55:31.853007,tpe,lcbench,168329,1,768,3.9771721363067627,"{""OpenML_task_id"": ""189906"", ""batch_size"": 505, ""epoch"": 2, ""learning_rate"": 0.07210545356258259, ""max_dropout"": 0.8304702559889331, ""max_units"": 107, ""momentum"": 0.9082623350835618, ""num_layers"": 5, ""weight_decay"": 0.04070196906033244}","{""time"": 3.9771721363067627, ""val_accuracy"": 0.5773300528526306, ""val_cross_entropy"": 4.516037940979004, ""val_balanced_accuracy"": 0.011631784960627556, ""test_cross_entropy"": 4.577913761138916, ""test_balanced_accuracy"": 0.012031959369778633}"
2026-04-14T04:55:31.891981,tpe,lcbench,168329,1,769,3.7652125358581543,"{""OpenML_task_id"": ""189906"", ""batch_size"": 480, ""epoch"": 2, ""learning_rate"": 0.07747980825839504, ""max_dropout"": 0.8637532231922874, ""max_units"": 95, ""momentum"": 0.9357733810111492, ""num_layers"": 5, ""weight_decay"": 0.03868051646280618}","{""time"": 3.7652125358581543, ""val_accuracy"": 0.5557097792625427, ""val_cross_entropy"": 4.5038628578186035, ""val_balanced_accuracy"": 0.011713359504938126, ""test_cross_entropy"": 4.588072299957275, ""test_balanced_accuracy"": 0.01207953505218029}"
2026-04-14T04:55:31.931056,tpe,lcbench,168329,1,770,8.202418327331543,"{""OpenML_task_id"": ""189906"", ""batch_size"": 495, ""epoch"": 4, ""learning_rate"": 0.074368716493879, ""max_dropout"": 0.8462197498883306, ""max_units"": 79, ""momentum"": 0.910625226672248, ""num_layers"": 5, ""weight_decay"": 0.03395877509940661}","{""time"": 8.202418327331543, ""val_accuracy"": 0.529899001121521, ""val_cross_entropy"": 4.509835243225098, ""val_balanced_accuracy"": 0.011595213785767555, ""test_cross_entropy"": 4.592527866363525, ""test_balanced_accuracy"": 0.011922328732907772}"
2026-04-14T04:55:31.969638,tpe,lcbench,168329,1,771,6.516502857208252,"{""OpenML_task_id"": ""189906"", ""batch_size"": 481, ""epoch"": 3, ""learning_rate"": 0.07183305525223788, ""max_dropout"": 0.8241686683500005, ""max_units"": 105, ""momentum"": 0.9439620044404243, ""num_layers"": 5, ""weight_decay"": 0.03799626150752822}","{""time"": 6.516502857208252, ""val_accuracy"": 0.5050557851791382, ""val_cross_entropy"": 4.5338544845581055, ""val_balanced_accuracy"": 0.011443525552749634, ""test_cross_entropy"": 4.598094463348389, ""test_balanced_accuracy"": 0.011747278273105621}"
2026-04-14T04:55:32.008689,tpe,lcbench,168329,1,772,1.2788716554641724,"{""OpenML_task_id"": ""189906"", ""batch_size"": 512, ""epoch"": 1, ""learning_rate"": 0.07546303388545829, ""max_dropout"": 0.8675492368437313, ""max_units"": 117, ""momentum"": 0.929973080591334, ""num_layers"": 5, ""weight_decay"": 0.03505673029301844}","{""time"": 1.2788716554641724, ""val_accuracy"": 0.7340477705001831, ""val_cross_entropy"": 4.373225688934326, ""val_balanced_accuracy"": 0.012830179184675217, ""test_cross_entropy"": 4.587088584899902, ""test_balanced_accuracy"": 0.013294054195284843}"
2026-04-14T04:55:32.061217,tpe,lcbench,168329,1,773,3.73732328414917,"{""OpenML_task_id"": ""189908"", ""batch_size"": 511, ""epoch"": 2, ""learning_rate"": 0.0764558776197382, ""max_dropout"": 0.8633629300474327, ""max_units"": 96, ""momentum"": 0.9197804541918756, ""num_layers"": 5, ""weight_decay"": 0.04207010130877044}","{""time"": 3.73732328414917, ""val_accuracy"": 0.5757641196250916, ""val_cross_entropy"": 4.494731903076172, ""val_balanced_accuracy"": 0.011827698908746243, ""test_cross_entropy"": 4.569705963134766, ""test_balanced_accuracy"": 0.012260682880878448}"
2026-04-14T04:55:32.098821,tpe,lcbench,168329,1,774,1.8994109630584717,"{""OpenML_task_id"": ""189906"", ""batch_size"": 512, ""epoch"": 1, ""learning_rate"": 0.07523530729998643, ""max_dropout"": 0.8483836944062386, ""max_units"": 389, ""momentum"": 0.9040293124843808, ""num_layers"": 5, ""weight_decay"": 0.037102311873732315}","{""time"": 1.8994109630584717, ""val_accuracy"": 0.8008526563644409, ""val_cross_entropy"": 4.399271011352539, ""val_balanced_accuracy"": 0.013063732534646988, ""test_cross_entropy"": 4.610459327697754, ""test_balanced_accuracy"": 0.013572451658546925}"
2026-04-14T04:55:32.134873,tpe,lcbench,168329,1,775,1.3318614959716797,"{""OpenML_task_id"": ""189906"", ""batch_size"": 503, ""epoch"": 1, ""learning_rate"": 0.07341438324041431, ""max_dropout"": 0.8117854888430855, ""max_units"": 122, ""momentum"": 0.9289520900790958, ""num_layers"": 5, ""weight_decay"": 0.03224706523175932}","{""time"": 1.3318614959716797, ""val_accuracy"": 0.7494298219680786, ""val_cross_entropy"": 4.379875183105469, ""val_balanced_accuracy"": 0.012812742963433266, ""test_cross_entropy"": 4.5976409912109375, ""test_balanced_accuracy"": 0.01324621681123972}"
2026-04-14T04:55:32.173575,tpe,lcbench,168329,1,776,5.551529407501221,"{""OpenML_task_id"": ""189906"", ""batch_size"": 168, ""epoch"": 3, ""learning_rate"": 0.07066628566411005, ""max_dropout"": 0.8677536971813355, ""max_units"": 80, ""momentum"": 0.9431472851303836, ""num_layers"": 5, ""weight_decay"": 0.039922497577195244}","{""time"": 5.551529407501221, ""val_accuracy"": 0.3890446126461029, ""val_cross_entropy"": 4.17167854309082, ""val_balanced_accuracy"": 0.0125945545732975, ""test_cross_entropy"": 4.6428351402282715, ""test_balanced_accuracy"": 0.012867110781371593}"
2026-04-14T04:55:32.212762,tpe,lcbench,168329,1,777,3.9646220207214355,"{""OpenML_task_id"": ""189906"", ""batch_size"": 496, ""epoch"": 2, ""learning_rate"": 0.07209131970086219, ""max_dropout"": 0.8336600799700231, ""max_units"": 110, ""momentum"": 0.9232892889431368, ""num_layers"": 5, ""weight_decay"": 0.044400242633049924}","{""time"": 3.9646220207214355, ""val_accuracy"": 0.536972165107727, ""val_cross_entropy"": 4.526543140411377, ""val_balanced_accuracy"": 0.011521339416503906, ""test_cross_entropy"": 4.5791730880737305, ""test_balanced_accuracy"": 0.011899088509380817}"
2026-04-14T04:55:32.249810,tpe,lcbench,168329,1,778,10.43775463104248,"{""OpenML_task_id"": ""189906"", ""batch_size"": 490, ""epoch"": 5, ""learning_rate"": 0.07827302438121675, ""max_dropout"": 0.861585869607866, ""max_units"": 78, ""momentum"": 0.939780360438504, ""num_layers"": 5, ""weight_decay"": 0.03431896010967742}","{""time"": 10.43775463104248, ""val_accuracy"": 0.48066624999046326, ""val_cross_entropy"": 4.486850261688232, ""val_balanced_accuracy"": 0.011669584549963474, ""test_cross_entropy"": 4.60165548324585, ""test_balanced_accuracy"": 0.011957149021327496}"
2026-04-14T04:55:32.289372,tpe,lcbench,168329,1,779,1.312338948249817,"{""OpenML_task_id"": ""189906"", ""batch_size"": 504, ""epoch"": 1, ""learning_rate"": 0.07477583284459834, ""max_dropout"": 0.8326160055015396, ""max_units"": 120, ""momentum"": 0.9052707956012497, ""num_layers"": 5, ""weight_decay"": 0.03606728752633205}","{""time"": 1.312338948249817, ""val_accuracy"": 0.7063766717910767, ""val_cross_entropy"": 4.382330894470215, ""val_balanced_accuracy"": 0.01266646571457386, ""test_cross_entropy"": 4.596741676330566, ""test_balanced_accuracy"": 0.013096638955175877}"
2026-04-14T04:55:32.325920,tpe,lcbench,168329,1,780,252.47879028320312,"{""OpenML_task_id"": ""189906"", ""batch_size"": 491, ""epoch"": 51, ""learning_rate"": 0.0758126431468449, ""max_dropout"": 0.8383371010209408, ""max_units"": 129, ""momentum"": 0.9000078270699267, ""num_layers"": 5, ""weight_decay"": 0.028006411525008924}","{""time"": 252.47879028320312, ""val_accuracy"": 0.6566545963287354, ""val_cross_entropy"": 4.611260414123535, ""val_balanced_accuracy"": 0.01055144239217043, ""test_cross_entropy"": 4.619505405426025, ""test_balanced_accuracy"": 0.01047997921705246}"
2026-04-14T04:55:32.362969,tpe,lcbench,168329,1,781,4.104068756103516,"{""OpenML_task_id"": ""189906"", ""batch_size"": 481, ""epoch"": 2, ""learning_rate"": 0.07365284575932832, ""max_dropout"": 0.8695998842041481, ""max_units"": 129, ""momentum"": 0.9110318209111401, ""num_layers"": 5, ""weight_decay"": 0.039714781718211155}","{""time"": 4.104068756103516, ""val_accuracy"": 0.569816529750824, ""val_cross_entropy"": 4.514316558837891, ""val_balanced_accuracy"": 0.011673079803586006, ""test_cross_entropy"": 4.591492652893066, ""test_balanced_accuracy"": 0.012050355784595013}"
2026-04-14T04:55:32.401113,tpe,lcbench,168329,1,782,6.569492816925049,"{""OpenML_task_id"": ""189906"", ""batch_size"": 502, ""epoch"": 3, ""learning_rate"": 0.07698182250680041, ""max_dropout"": 0.8424546260056938, ""max_units"": 116, ""momentum"": 0.9237806558185766, ""num_layers"": 5, ""weight_decay"": 0.036711946123057906}","{""time"": 6.569492816925049, ""val_accuracy"": 0.5647764205932617, ""val_cross_entropy"": 4.522947311401367, ""val_balanced_accuracy"": 0.011787228286266327, ""test_cross_entropy"": 4.5867815017700195, ""test_balanced_accuracy"": 0.01217070035636425}"
2026-04-14T04:55:32.437728,tpe,lcbench,168329,1,783,1.3039721250534058,"{""OpenML_task_id"": ""189906"", ""batch_size"": 495, ""epoch"": 1, ""learning_rate"": 0.08172007732009817, ""max_dropout"": 0.8567166085620743, ""max_units"": 134, ""momentum"": 0.8963168511716764, ""num_layers"": 5, ""weight_decay"": 0.03666754885376495}","{""time"": 1.3039721250534058, ""val_accuracy"": 0.6998670101165771, ""val_cross_entropy"": 4.379140377044678, ""val_balanced_accuracy"": 0.012738884426653385, ""test_cross_entropy"": 4.602563381195068, ""test_balanced_accuracy"": 0.013165891170501709}"
2026-04-14T04:55:32.475776,tpe,lcbench,168329,1,784,3.8209915161132812,"{""OpenML_task_id"": ""189906"", ""batch_size"": 495, ""epoch"": 2, ""learning_rate"": 0.08321365968730493, ""max_dropout"": 0.8510191907143269, ""max_units"": 101, ""momentum"": 0.907613078807994, ""num_layers"": 5, ""weight_decay"": 0.03571309881922164}","{""time"": 3.8209915161132812, ""val_accuracy"": 0.615199089050293, ""val_cross_entropy"": 4.4925947189331055, ""val_balanced_accuracy"": 0.011967256665229797, ""test_cross_entropy"": 4.584927082061768, ""test_balanced_accuracy"": 0.012384970672428608}"
2026-04-14T04:55:32.512921,tpe,lcbench,168329,1,785,1.192414402961731,"{""OpenML_task_id"": ""189906"", ""batch_size"": 503, ""epoch"": 1, ""learning_rate"": 0.0784386350608547, ""max_dropout"": 0.8193393416690358, ""max_units"": 79, ""momentum"": 0.8980784965201896, ""num_layers"": 5, ""weight_decay"": 0.03493491543238104}","{""time"": 1.192414402961731, ""val_accuracy"": 0.6928554773330688, ""val_cross_entropy"": 4.3765034675598145, ""val_balanced_accuracy"": 0.012631796300411224, ""test_cross_entropy"": 4.591390609741211, ""test_balanced_accuracy"": 0.013050110079348087}"
2026-04-14T04:55:32.549470,tpe,lcbench,168329,1,786,5.7844061851501465,"{""OpenML_task_id"": ""189906"", ""batch_size"": 512, ""epoch"": 3, ""learning_rate"": 0.08189251447460019, ""max_dropout"": 0.8224311838725026, ""max_units"": 75, ""momentum"": 0.9020371196329093, ""num_layers"": 5, ""weight_decay"": 0.03486076978841013}","{""time"": 5.7844061851501465, ""val_accuracy"": 0.5836899280548096, ""val_cross_entropy"": 4.504614353179932, ""val_balanced_accuracy"": 0.01185437198728323, ""test_cross_entropy"": 4.5776872634887695, ""test_balanced_accuracy"": 0.012245001271367073}"
2026-04-14T04:55:32.588031,tpe,lcbench,168329,1,787,1.1422134637832642,"{""OpenML_task_id"": ""189906"", ""batch_size"": 500, ""epoch"": 1, ""learning_rate"": 0.07886044759863188, ""max_dropout"": 0.8080707367379355, ""max_units"": 64, ""momentum"": 0.8987498108576988, ""num_layers"": 5, ""weight_decay"": 0.0379823730594441}","{""time"": 1.1422134637832642, ""val_accuracy"": 0.6461277604103088, ""val_cross_entropy"": 4.388166904449463, ""val_balanced_accuracy"": 0.012423724867403507, ""test_cross_entropy"": 4.590337753295898, ""test_balanced_accuracy"": 0.012816677801311016}"
2026-04-14T04:55:32.626671,tpe,lcbench,168329,1,788,7.955596923828125,"{""OpenML_task_id"": ""189906"", ""batch_size"": 497, ""epoch"": 4, ""learning_rate"": 0.0804450228916916, ""max_dropout"": 0.8038356119609646, ""max_units"": 64, ""momentum"": 0.898461241680283, ""num_layers"": 5, ""weight_decay"": 0.03602354477390669}","{""time"": 7.955596923828125, ""val_accuracy"": 0.4910626709461212, ""val_cross_entropy"": 4.507513046264648, ""val_balanced_accuracy"": 0.011444354429841042, ""test_cross_entropy"": 4.592733383178711, ""test_balanced_accuracy"": 0.011757835745811462}"
2026-04-14T04:55:32.664230,tpe,lcbench,168329,1,789,1.1993868350982666,"{""OpenML_task_id"": ""189906"", ""batch_size"": 503, ""epoch"": 1, ""learning_rate"": 0.07862933580093034, ""max_dropout"": 0.7830281831436992, ""max_units"": 82, ""momentum"": 0.9140072035373381, ""num_layers"": 5, ""weight_decay"": 0.036721880316797836}","{""time"": 1.1993868350982666, ""val_accuracy"": 0.6748230457305908, ""val_cross_entropy"": 4.388334274291992, ""val_balanced_accuracy"": 0.012515291571617126, ""test_cross_entropy"": 4.594346046447754, ""test_balanced_accuracy"": 0.012914170511066914}"
2026-04-14T04:55:32.701773,tpe,lcbench,168329,1,790,1.1979923248291016,"{""OpenML_task_id"": ""189906"", ""batch_size"": 502, ""epoch"": 1, ""learning_rate"": 0.07889797693440782, ""max_dropout"": 0.7834105230159876, ""max_units"": 75, ""momentum"": 0.8937627853290347, ""num_layers"": 5, ""weight_decay"": 0.0326138463057019}","{""time"": 1.1979923248291016, ""val_accuracy"": 0.70918869972229, ""val_cross_entropy"": 4.3771867752075195, ""val_balanced_accuracy"": 0.01265781931579113, ""test_cross_entropy"": 4.594287395477295, ""test_balanced_accuracy"": 0.013062660582363605}"
2026-04-14T04:55:32.739355,tpe,lcbench,168329,1,791,3.7247729301452637,"{""OpenML_task_id"": ""189906"", ""batch_size"": 505, ""epoch"": 2, ""learning_rate"": 0.0791134070322849, ""max_dropout"": 0.7784110074059767, ""max_units"": 76, ""momentum"": 0.8965395284067796, ""num_layers"": 5, ""weight_decay"": 0.0324132889568472}","{""time"": 3.7247729301452637, ""val_accuracy"": 0.6403088569641113, ""val_cross_entropy"": 4.513673305511475, ""val_balanced_accuracy"": 0.01184472069144249, ""test_cross_entropy"": 4.582015514373779, ""test_balanced_accuracy"": 0.012236152775585651}"
2026-04-14T04:55:32.778407,tpe,lcbench,168329,1,792,1.1533693075180054,"{""OpenML_task_id"": ""189906"", ""batch_size"": 512, ""epoch"": 1, ""learning_rate"": 0.0809508821203011, ""max_dropout"": 0.7871440873027656, ""max_units"": 64, ""momentum"": 0.8917641024535529, ""num_layers"": 5, ""weight_decay"": 0.03490263051272335}","{""time"": 1.1533693075180054, ""val_accuracy"": 0.6877574324607849, ""val_cross_entropy"": 4.373464107513428, ""val_balanced_accuracy"": 0.012626231648027897, ""test_cross_entropy"": 4.58726167678833, ""test_balanced_accuracy"": 0.0130520761013031}"
2026-04-14T04:55:32.815949,tpe,lcbench,168329,1,793,212.50210571289062,"{""OpenML_task_id"": ""189906"", ""batch_size"": 512, ""epoch"": 47, ""learning_rate"": 0.08509247480125152, ""max_dropout"": 0.7861827963743554, ""max_units"": 79, ""momentum"": 0.8881916824627203, ""num_layers"": 5, ""weight_decay"": 0.03446999550880214}","{""time"": 212.50210571289062, ""val_accuracy"": 0.551022469997406, ""val_cross_entropy"": 4.57923698425293, ""val_balanced_accuracy"": 0.010913428850471973, ""test_cross_entropy"": 4.605308532714844, ""test_balanced_accuracy"": 0.010844270698726177}"
2026-04-14T04:55:32.858043,tpe,lcbench,168329,1,794,6.144179344177246,"{""OpenML_task_id"": ""189906"", ""batch_size"": 500, ""epoch"": 3, ""learning_rate"": 0.08096914439059162, ""max_dropout"": 0.7564708984438391, ""max_units"": 80, ""momentum"": 0.8887623845990047, ""num_layers"": 5, ""weight_decay"": 0.032992557762138115}","{""time"": 6.144179344177246, ""val_accuracy"": 0.5653713941574097, ""val_cross_entropy"": 4.53498649597168, ""val_balanced_accuracy"": 0.011513826437294483, ""test_cross_entropy"": 4.590818405151367, ""test_balanced_accuracy"": 0.011847680434584618}"
2026-04-14T04:55:32.896097,tpe,lcbench,168329,1,795,10.91884708404541,"{""OpenML_task_id"": ""189906"", ""batch_size"": 512, ""epoch"": 5, ""learning_rate"": 0.08205963881736812, ""max_dropout"": 0.8052055496673497, ""max_units"": 82, ""momentum"": 0.9001064395742606, ""num_layers"": 5, ""weight_decay"": 0.03544074188596939}","{""time"": 10.91884708404541, ""val_accuracy"": 0.49464893341064453, ""val_cross_entropy"": 4.510520935058594, ""val_balanced_accuracy"": 0.01154045108705759, ""test_cross_entropy"": 4.591929912567139, ""test_balanced_accuracy"": 0.011863011866807938}"
2026-04-14T04:55:32.936703,tpe,lcbench,168329,1,796,3.5699868202209473,"{""OpenML_task_id"": ""189906"", ""batch_size"": 501, ""epoch"": 2, ""learning_rate"": 0.07700713898076778, ""max_dropout"": 0.7867610649212283, ""max_units"": 65, ""momentum"": 0.8888168992697042, ""num_layers"": 5, ""weight_decay"": 0.03655538357166134}","{""time"": 3.5699868202209473, ""val_accuracy"": 0.5874695181846619, ""val_cross_entropy"": 4.508216857910156, ""val_balanced_accuracy"": 0.011591609567403793, ""test_cross_entropy"": 4.579434871673584, ""test_balanced_accuracy"": 0.011959977447986603}"
2026-04-14T04:55:32.976308,tpe,lcbench,168329,1,797,1.2412209510803223,"{""OpenML_task_id"": ""189906"", ""batch_size"": 492, ""epoch"": 1, ""learning_rate"": 0.08075987004276607, ""max_dropout"": 0.7878376626509215, ""max_units"": 91, ""momentum"": 0.8924239868001732, ""num_layers"": 5, ""weight_decay"": 0.03202375909051333}","{""time"": 1.2412209510803223, ""val_accuracy"": 0.715973436832428, ""val_cross_entropy"": 4.378617286682129, ""val_balanced_accuracy"": 0.012699243612587452, ""test_cross_entropy"": 4.602424144744873, ""test_balanced_accuracy"": 0.013093316927552223}"
2026-04-14T04:55:33.015377,tpe,lcbench,168329,1,798,186.29861450195312,"{""OpenML_task_id"": ""189906"", ""batch_size"": 492, ""epoch"": 44, ""learning_rate"": 0.0787992656886975, ""max_dropout"": 0.7603112418572083, ""max_units"": 81, ""momentum"": 0.883674970651916, ""num_layers"": 5, ""weight_decay"": 0.03123328815311459}","{""time"": 186.29861450195312, ""val_accuracy"": 0.5440972447395325, ""val_cross_entropy"": 4.601897239685059, ""val_balanced_accuracy"": 0.010538872331380844, ""test_cross_entropy"": 4.611995220184326, ""test_balanced_accuracy"": 0.010444060899317265}"
2026-04-14T04:55:33.053432,tpe,lcbench,168329,1,799,3.8460919857025146,"{""OpenML_task_id"": ""189906"", ""batch_size"": 504, ""epoch"": 2, ""learning_rate"": 0.08405823788620041, ""max_dropout"": 0.7846822473709134, ""max_units"": 89, ""momentum"": 0.8937091056624942, ""num_layers"": 5, ""weight_decay"": 0.030236495644331167}","{""time"": 3.8460919857025146, ""val_accuracy"": 0.6795127987861633, ""val_cross_entropy"": 4.508714199066162, ""val_balanced_accuracy"": 0.012079558335244656, ""test_cross_entropy"": 4.585143089294434, ""test_balanced_accuracy"": 0.012493539601564407}"
2026-04-14T04:55:33.090590,tpe,lcbench,168329,1,800,8.553824424743652,"{""OpenML_task_id"": ""189906"", ""batch_size"": 502, ""epoch"": 4, ""learning_rate"": 0.08053191565933768, ""max_dropout"": 0.7888510286951406, ""max_units"": 79, ""momentum"": 0.8948217649784647, ""num_layers"": 5, ""weight_decay"": 0.02947191134397957}","{""time"": 8.553824424743652, ""val_accuracy"": 0.5667738914489746, ""val_cross_entropy"": 4.526391983032227, ""val_balanced_accuracy"": 0.011627881787717342, ""test_cross_entropy"": 4.592306613922119, ""test_balanced_accuracy"": 0.011954071000218391}"
2026-04-14T04:55:33.128720,tpe,lcbench,168329,1,801,1.1854420900344849,"{""OpenML_task_id"": ""189906"", ""batch_size"": 491, ""epoch"": 1, ""learning_rate"": 0.07823352699074342, ""max_dropout"": 0.7431359628895734, ""max_units"": 64, ""momentum"": 0.9073985816452194, ""num_layers"": 5, ""weight_decay"": 0.032818308841546934}","{""time"": 1.1854420900344849, ""val_accuracy"": 0.679654061794281, ""val_cross_entropy"": 4.397876262664795, ""val_balanced_accuracy"": 0.012451005168259144, ""test_cross_entropy"": 4.599527359008789, ""test_balanced_accuracy"": 0.012805682606995106}"
2026-04-14T04:55:33.167864,tpe,lcbench,168329,1,802,6.036805152893066,"{""OpenML_task_id"": ""189906"", ""batch_size"": 493, ""epoch"": 3, ""learning_rate"": 0.07967994117454194, ""max_dropout"": 0.7327745865595469, ""max_units"": 66, ""momentum"": 0.9057092463538634, ""num_layers"": 5, ""weight_decay"": 0.034256632390017513}","{""time"": 6.036805152893066, ""val_accuracy"": 0.5231503844261169, ""val_cross_entropy"": 4.53856086730957, ""val_balanced_accuracy"": 0.011304919607937336, ""test_cross_entropy"": 4.593423843383789, ""test_balanced_accuracy"": 0.011594174429774284}"
2026-04-14T04:55:33.202517,tpe,lcbench,168329,1,803,3.942310333251953,"{""OpenML_task_id"": ""189906"", ""batch_size"": 489, ""epoch"": 2, ""learning_rate"": 0.07741307814245882, ""max_dropout"": 0.7511726708748905, ""max_units"": 76, ""momentum"": 0.8917551458220713, ""num_layers"": 5, ""weight_decay"": 0.02601404057550616}","{""time"": 3.942310333251953, ""val_accuracy"": 0.7007018327713013, ""val_cross_entropy"": 4.526882171630859, ""val_balanced_accuracy"": 0.011953910812735558, ""test_cross_entropy"": 4.5933332443237305, ""test_balanced_accuracy"": 0.012310218997299671}"
2026-04-14T04:55:33.240070,tpe,lcbench,168329,1,804,1.1491858959197998,"{""OpenML_task_id"": ""189906"", ""batch_size"": 501, ""epoch"": 1, ""learning_rate"": 0.08194233576330602, ""max_dropout"": 0.7668444287469858, ""max_units"": 64, ""momentum"": 0.9098210080872788, ""num_layers"": 5, ""weight_decay"": 0.033395330479872906}","{""time"": 1.1491858959197998, ""val_accuracy"": 0.6934266090393066, ""val_cross_entropy"": 4.382535457611084, ""val_balanced_accuracy"": 0.012607533484697342, ""test_cross_entropy"": 4.5933146476745605, ""test_balanced_accuracy"": 0.012999678030610085}"
2026-04-14T04:55:33.277626,tpe,lcbench,168329,1,805,1.1784697771072388,"{""OpenML_task_id"": ""189906"", ""batch_size"": 490, ""epoch"": 1, ""learning_rate"": 0.08250410983971593, ""max_dropout"": 0.765314650422702, ""max_units"": 71, ""momentum"": 0.9117312701758633, ""num_layers"": 5, ""weight_decay"": 0.030670542711811837}","{""time"": 1.1784697771072388, ""val_accuracy"": 0.7145860195159912, ""val_cross_entropy"": 4.383245468139648, ""val_balanced_accuracy"": 0.012680146843194962, ""test_cross_entropy"": 4.600365161895752, ""test_balanced_accuracy"": 0.013058027252554893}"
2026-04-14T04:55:33.314813,tpe,lcbench,168329,1,806,6.061905860900879,"{""OpenML_task_id"": ""189906"", ""batch_size"": 512, ""epoch"": 3, ""learning_rate"": 0.08260230419911765, ""max_dropout"": 0.7074907143548368, ""max_units"": 68, ""momentum"": 0.882473937667797, ""num_layers"": 5, ""weight_decay"": 0.028618154180628137}","{""time"": 6.061905860900879, ""val_accuracy"": 0.6403161883354187, ""val_cross_entropy"": 4.529832363128662, ""val_balanced_accuracy"": 0.011792625300586224, ""test_cross_entropy"": 4.587574481964111, ""test_balanced_accuracy"": 0.012134471908211708}"
2026-04-14T04:55:33.353415,tpe,lcbench,168329,1,807,3.5978760719299316,"{""OpenML_task_id"": ""189906"", ""batch_size"": 493, ""epoch"": 2, ""learning_rate"": 0.0870774184525866, ""max_dropout"": 0.7469731934586769, ""max_units"": 64, ""momentum"": 0.9101109588853331, ""num_layers"": 5, ""weight_decay"": 0.03141525356937033}","{""time"": 3.5978760719299316, ""val_accuracy"": 0.6131923198699951, ""val_cross_entropy"": 4.516035079956055, ""val_balanced_accuracy"": 0.011789296753704548, ""test_cross_entropy"": 4.589406490325928, ""test_balanced_accuracy"": 0.012153279967606068}"
2026-04-14T04:55:33.391535,tpe,lcbench,168329,1,808,1.1882309913635254,"{""OpenML_task_id"": ""189906"", ""batch_size"": 500, ""epoch"": 1, ""learning_rate"": 0.08133668823394621, ""max_dropout"": 0.760173993222857, ""max_units"": 67, ""momentum"": 0.8895684577714253, ""num_layers"": 5, ""weight_decay"": 0.030567129545222622}","{""time"": 1.1882309913635254, ""val_accuracy"": 0.7187414169311523, ""val_cross_entropy"": 4.3781867027282715, ""val_balanced_accuracy"": 0.012683436274528503, ""test_cross_entropy"": 4.596397876739502, ""test_balanced_accuracy"": 0.013078192248940468}"
2026-04-14T04:55:33.429091,tpe,lcbench,168329,1,809,2.2466342449188232,"{""OpenML_task_id"": ""189906"", ""batch_size"": 498, ""epoch"": 1, ""learning_rate"": 0.0834392094111917, ""max_dropout"": 0.7207667738723662, ""max_units"": 67, ""momentum"": 0.8820107792676933, ""num_layers"": 3, ""weight_decay"": 0.032342446105876416}","{""time"": 2.2466342449188232, ""val_accuracy"": 1.0244019031524658, ""val_cross_entropy"": 4.442912578582764, ""val_balanced_accuracy"": 0.01199550274759531, ""test_cross_entropy"": 4.62326192855835, ""test_balanced_accuracy"": 0.011804147623479366}"
2026-04-14T04:55:33.467311,tpe,lcbench,168329,1,810,8.424139022827148,"{""OpenML_task_id"": ""189906"", ""batch_size"": 502, ""epoch"": 4, ""learning_rate"": 0.080827625731696, ""max_dropout"": 0.7609232122869195, ""max_units"": 65, ""momentum"": 0.897849695136097, ""num_layers"": 5, ""weight_decay"": 0.026896487184500516}","{""time"": 8.424139022827148, ""val_accuracy"": 0.5788726210594177, ""val_cross_entropy"": 4.5350341796875, ""val_balanced_accuracy"": 0.011602736078202724, ""test_cross_entropy"": 4.5925068855285645, ""test_balanced_accuracy"": 0.01190971489995718}"
2026-04-14T04:55:33.505365,tpe,lcbench,168329,1,811,3.88234806060791,"{""OpenML_task_id"": ""189906"", ""batch_size"": 489, ""epoch"": 2, ""learning_rate"": 0.08508567272473441, ""max_dropout"": 0.7403370057361396, ""max_units"": 83, ""momentum"": 0.887085309307547, ""num_layers"": 5, ""weight_decay"": 0.029290603397344836}","{""time"": 3.88234806060791, ""val_accuracy"": 0.6519559621810913, ""val_cross_entropy"": 4.524813652038574, ""val_balanced_accuracy"": 0.011842235922813416, ""test_cross_entropy"": 4.597110271453857, ""test_balanced_accuracy"": 0.01220296323299408}"
2026-04-14T04:55:33.543903,tpe,lcbench,168329,1,812,5.941981315612793,"{""OpenML_task_id"": ""189906"", ""batch_size"": 512, ""epoch"": 3, ""learning_rate"": 0.07873407785039856, ""max_dropout"": 0.7654014020444965, ""max_units"": 67, ""momentum"": 0.9119656165434352, ""num_layers"": 5, ""weight_decay"": 0.03318951698736085}","{""time"": 5.941981315612793, ""val_accuracy"": 0.5720892548561096, ""val_cross_entropy"": 4.531365394592285, ""val_balanced_accuracy"": 0.011607605963945389, ""test_cross_entropy"": 4.579207897186279, ""test_balanced_accuracy"": 0.011959977447986603}"
2026-04-14T04:55:33.581496,tpe,lcbench,168329,1,813,1.163130521774292,"{""OpenML_task_id"": ""189906"", ""batch_size"": 501, ""epoch"": 1, ""learning_rate"": 0.08175008526631705, ""max_dropout"": 0.7756079847019404, ""max_units"": 66, ""momentum"": 0.9125794323228953, ""num_layers"": 5, ""weight_decay"": 0.030409599505592935}","{""time"": 1.163130521774292, ""val_accuracy"": 0.729654848575592, ""val_cross_entropy"": 4.374727725982666, ""val_balanced_accuracy"": 0.012758774682879448, ""test_cross_entropy"": 4.593163967132568, ""test_balanced_accuracy"": 0.013165614567697048}"
2026-04-14T04:55:33.618608,tpe,lcbench,168329,1,814,3.80983567237854,"{""OpenML_task_id"": ""189906"", ""batch_size"": 500, ""epoch"": 2, ""learning_rate"": 0.07836149774194429, ""max_dropout"": 0.7864600551972037, ""max_units"": 65, ""momentum"": 0.9060153833354915, ""num_layers"": 5, ""weight_decay"": 0.02372535568311909}","{""time"": 3.80983567237854, ""val_accuracy"": 0.7626834511756897, ""val_cross_entropy"": 4.51223087310791, ""val_balanced_accuracy"": 0.012308106757700443, ""test_cross_entropy"": 4.5810747146606445, ""test_balanced_accuracy"": 0.012706245295703411}"
2026-04-14T04:55:33.657174,tpe,lcbench,168329,1,815,6.1706743240356445,"{""OpenML_task_id"": ""189906"", ""batch_size"": 487, ""epoch"": 3, ""learning_rate"": 0.08268365549211261, ""max_dropout"": 0.6862026379282131, ""max_units"": 64, ""momentum"": 0.913224115681091, ""num_layers"": 5, ""weight_decay"": 0.03019924130682756}","{""time"": 6.1706743240356445, ""val_accuracy"": 0.5439073443412781, ""val_cross_entropy"": 4.53624963760376, ""val_balanced_accuracy"": 0.011376669630408287, ""test_cross_entropy"": 4.60287618637085, ""test_balanced_accuracy"": 0.011640396900475025}"
2026-04-14T04:55:33.694295,tpe,lcbench,168329,1,816,1.1617361307144165,"{""OpenML_task_id"": ""189906"", ""batch_size"": 512, ""epoch"": 1, ""learning_rate"": 0.08029226681734246, ""max_dropout"": 0.7755788197684358, ""max_units"": 64, ""momentum"": 0.9183156574531559, ""num_layers"": 5, ""weight_decay"": 0.030857499050368394}","{""time"": 1.1617361307144165, ""val_accuracy"": 0.73548424243927, ""val_cross_entropy"": 4.371819972991943, ""val_balanced_accuracy"": 0.01278669387102127, ""test_cross_entropy"": 4.5866289138793945, ""test_balanced_accuracy"": 0.013216991908848286}"
2026-04-14T04:55:33.733874,tpe,lcbench,168329,1,817,3.7861297130584717,"{""OpenML_task_id"": ""189906"", ""batch_size"": 504, ""epoch"": 2, ""learning_rate"": 0.08089480081924257, ""max_dropout"": 0.7685635951484506, ""max_units"": 78, ""momentum"": 0.914813128887044, ""num_layers"": 5, ""weight_decay"": 0.029524846013990347}","{""time"": 3.7861297130584717, ""val_accuracy"": 0.6738377809524536, ""val_cross_entropy"": 4.518643856048584, ""val_balanced_accuracy"": 0.012014186941087246, ""test_cross_entropy"": 4.583129405975342, ""test_balanced_accuracy"": 0.012411952950060368}"
2026-04-14T04:55:33.774438,tpe,lcbench,168329,1,818,1.18683660030365,"{""OpenML_task_id"": ""189906"", ""batch_size"": 512, ""epoch"": 1, ""learning_rate"": 0.0795878379312046, ""max_dropout"": 0.7396100286517143, ""max_units"": 64, ""momentum"": 0.8861453375334104, ""num_layers"": 5, ""weight_decay"": 0.03268700128708785}","{""time"": 1.18683660030365, ""val_accuracy"": 0.7089452147483826, ""val_cross_entropy"": 4.3737311363220215, ""val_balanced_accuracy"": 0.01264237705618143, ""test_cross_entropy"": 4.591386795043945, ""test_balanced_accuracy"": 0.013048168271780014}"
2026-04-14T04:55:33.812540,tpe,lcbench,168329,1,819,1.2119370698928833,"{""OpenML_task_id"": ""189906"", ""batch_size"": 511, ""epoch"": 1, ""learning_rate"": 0.0792697247776034, ""max_dropout"": 0.7422309779477623, ""max_units"": 67, ""momentum"": 0.8766076736115032, ""num_layers"": 5, ""weight_decay"": 0.03130140439079718}","{""time"": 1.2119370698928833, ""val_accuracy"": 0.720573902130127, ""val_cross_entropy"": 4.372737407684326, ""val_balanced_accuracy"": 0.012684694491326809, ""test_cross_entropy"": 4.592991828918457, ""test_balanced_accuracy"": 0.013094666413962841}"
2026-04-14T04:55:33.852118,tpe,lcbench,168329,1,820,5.996365547180176,"{""OpenML_task_id"": ""189906"", ""batch_size"": 503, ""epoch"": 3, ""learning_rate"": 0.0855083947367686, ""max_dropout"": 0.7265122496540194, ""max_units"": 65, ""momentum"": 0.8791754356882256, ""num_layers"": 5, ""weight_decay"": 0.02704542693256535}","{""time"": 5.996365547180176, ""val_accuracy"": 0.6410946249961853, ""val_cross_entropy"": 4.53038215637207, ""val_balanced_accuracy"": 0.011826661415398121, ""test_cross_entropy"": 4.590550899505615, ""test_balanced_accuracy"": 0.012167009525001049}"
2026-04-14T04:55:33.890252,tpe,lcbench,168329,1,821,8.558008193969727,"{""OpenML_task_id"": ""189906"", ""batch_size"": 504, ""epoch"": 4, ""learning_rate"": 0.07937847617197999, ""max_dropout"": 0.7003355328417108, ""max_units"": 66, ""momentum"": 0.8794967279914315, ""num_layers"": 5, ""weight_decay"": 0.031721843662519594}","{""time"": 8.558008193969727, ""val_accuracy"": 0.5309551954269409, ""val_cross_entropy"": 4.535737991333008, ""val_balanced_accuracy"": 0.011265486478805542, ""test_cross_entropy"": 4.5969624519348145, ""test_balanced_accuracy"": 0.011533739976584911}"
2026-04-14T04:55:33.928867,tpe,lcbench,168329,1,822,3.6606273651123047,"{""OpenML_task_id"": ""189906"", ""batch_size"": 494, ""epoch"": 2, ""learning_rate"": 0.0821370115294463, ""max_dropout"": 0.7319544385583971, ""max_units"": 67, ""momentum"": 0.8891842538242892, ""num_layers"": 5, ""weight_decay"": 0.03276797766109186}","{""time"": 3.6606273651123047, ""val_accuracy"": 0.6117286086082458, ""val_cross_entropy"": 4.515913486480713, ""val_balanced_accuracy"": 0.011656949296593666, ""test_cross_entropy"": 4.5910797119140625, ""test_balanced_accuracy"": 0.011997218243777752}"
2026-04-14T04:55:33.965375,tpe,lcbench,168329,1,823,1.1770752668380737,"{""OpenML_task_id"": ""189906"", ""batch_size"": 512, ""epoch"": 1, ""learning_rate"": 0.08397778504007654, ""max_dropout"": 0.7542931681455842, ""max_units"": 64, ""momentum"": 0.8759696951609753, ""num_layers"": 5, ""weight_decay"": 0.031048185911645418}","{""time"": 1.1770752668380737, ""val_accuracy"": 0.7216384410858154, ""val_cross_entropy"": 4.3696064949035645, ""val_balanced_accuracy"": 0.01274928729981184, ""test_cross_entropy"": 4.59163761138916, ""test_balanced_accuracy"": 0.013174331746995449}"
2026-04-14T04:55:34.005442,tpe,lcbench,168329,1,824,10.784977912902832,"{""OpenML_task_id"": ""189906"", ""batch_size"": 512, ""epoch"": 5, ""learning_rate"": 0.08460567376031276, ""max_dropout"": 0.752093885052901, ""max_units"": 67, ""momentum"": 0.8789253984001505, ""num_layers"": 5, ""weight_decay"": 0.03070651271016528}","{""time"": 10.784977912902832, ""val_accuracy"": 0.5149198770523071, ""val_cross_entropy"": 4.531318187713623, ""val_balanced_accuracy"": 0.011376756243407726, ""test_cross_entropy"": 4.594531059265137, ""test_balanced_accuracy"": 0.011675061658024788}"
2026-04-14T04:55:34.047062,tpe,lcbench,168329,1,825,1.2370375394821167,"{""OpenML_task_id"": ""189906"", ""batch_size"": 512, ""epoch"": 1, ""learning_rate"": 0.08002215498695574, ""max_dropout"": 0.7384747657295093, ""max_units"": 65, ""momentum"": 0.8673064680128154, ""num_layers"": 5, ""weight_decay"": 0.027770269183155432}","{""time"": 1.2370375394821167, ""val_accuracy"": 0.7592783570289612, ""val_cross_entropy"": 4.365518569946289, ""val_balanced_accuracy"": 0.012837253510951996, ""test_cross_entropy"": 4.594240665435791, ""test_balanced_accuracy"": 0.013260752893984318}"
2026-04-14T04:55:34.083684,tpe,lcbench,168329,1,826,3.816807985305786,"{""OpenML_task_id"": ""189906"", ""batch_size"": 511, ""epoch"": 2, ""learning_rate"": 0.08021613854460555, ""max_dropout"": 0.7185549648850491, ""max_units"": 64, ""momentum"": 0.8708171887486446, ""num_layers"": 5, ""weight_decay"": 0.025437901076141835}","{""time"": 3.816807985305786, ""val_accuracy"": 0.7410745620727539, ""val_cross_entropy"": 4.507837772369385, ""val_balanced_accuracy"": 0.012137225829064846, ""test_cross_entropy"": 4.585274696350098, ""test_balanced_accuracy"": 0.012520377524197102}"
2026-04-14T04:55:34.121248,tpe,lcbench,168329,1,827,5.926641941070557,"{""OpenML_task_id"": ""189906"", ""batch_size"": 503, ""epoch"": 3, ""learning_rate"": 0.08368831979516292, ""max_dropout"": 0.7428362102229934, ""max_units"": 66, ""momentum"": 0.8688122648855007, ""num_layers"": 5, ""weight_decay"": 0.02796415128216008}","{""time"": 5.926641941070557, ""val_accuracy"": 0.6391143202781677, ""val_cross_entropy"": 4.5267157554626465, ""val_balanced_accuracy"": 0.011801355518400669, ""test_cross_entropy"": 4.589422225952148, ""test_balanced_accuracy"": 0.012145169079303741}"
2026-04-14T04:55:34.157806,tpe,lcbench,168329,1,828,1.2244873046875,"{""OpenML_task_id"": ""189906"", ""batch_size"": 512, ""epoch"": 1, ""learning_rate"": 0.07811294664953355, ""max_dropout"": 0.7088816199089257, ""max_units"": 64, ""momentum"": 0.8906326015239117, ""num_layers"": 5, ""weight_decay"": 0.02934924976550022}","{""time"": 1.2244873046875, ""val_accuracy"": 0.7506658434867859, ""val_cross_entropy"": 4.368788719177246, ""val_balanced_accuracy"": 0.012755903415381908, ""test_cross_entropy"": 4.594448566436768, ""test_balanced_accuracy"": 0.013156326487660408}"
2026-04-14T04:55:34.196927,tpe,lcbench,168329,1,829,3.740112066268921,"{""OpenML_task_id"": ""189906"", ""batch_size"": 511, ""epoch"": 2, ""learning_rate"": 0.07819163769029683, ""max_dropout"": 0.7036258069026099, ""max_units"": 64, ""momentum"": 0.8685653851353997, ""num_layers"": 5, ""weight_decay"": 0.029465479571683474}","{""time"": 3.740112066268921, ""val_accuracy"": 0.6892623901367188, ""val_cross_entropy"": 4.500839710235596, ""val_balanced_accuracy"": 0.011895117349922657, ""test_cross_entropy"": 4.585702896118164, ""test_balanced_accuracy"": 0.012249113060534}"
2026-04-14T04:55:34.232977,tpe,lcbench,168329,1,830,3.7024614810943604,"{""OpenML_task_id"": ""189906"", ""batch_size"": 512, ""epoch"": 2, ""learning_rate"": 0.08657196883976145, ""max_dropout"": 0.7487438304040329, ""max_units"": 79, ""momentum"": 0.8894564642574636, ""num_layers"": 5, ""weight_decay"": 0.033531133429926134}","{""time"": 3.7024614810943604, ""val_accuracy"": 0.6300969123840332, ""val_cross_entropy"": 4.50974702835083, ""val_balanced_accuracy"": 0.011880039237439632, ""test_cross_entropy"": 4.583114147186279, ""test_balanced_accuracy"": 0.012280904687941074}"
2026-04-14T04:55:34.271612,tpe,lcbench,168329,1,831,8.446450233459473,"{""OpenML_task_id"": ""189906"", ""batch_size"": 512, ""epoch"": 4, ""learning_rate"": 0.08153188183576848, ""max_dropout"": 0.7157396471321175, ""max_units"": 64, ""momentum"": 0.8658717623727322, ""num_layers"": 5, ""weight_decay"": 0.028163510965292928}","{""time"": 8.446450233459473, ""val_accuracy"": 0.5906671285629272, ""val_cross_entropy"": 4.535934925079346, ""val_balanced_accuracy"": 0.011536424048244953, ""test_cross_entropy"": 4.591656684875488, ""test_balanced_accuracy"": 0.01184286829084158}"
2026-04-14T04:55:34.311672,tpe,lcbench,168329,1,832,1.2147259712219238,"{""OpenML_task_id"": ""189906"", ""batch_size"": 503, ""epoch"": 1, ""learning_rate"": 0.07832511649696115, ""max_dropout"": 0.7305406415638048, ""max_units"": 67, ""momentum"": 0.8912902737282226, ""num_layers"": 5, ""weight_decay"": 0.03102174840862735}","{""time"": 1.2147259712219238, ""val_accuracy"": 0.7162507176399231, ""val_cross_entropy"": 4.381618976593018, ""val_balanced_accuracy"": 0.012614965438842773, ""test_cross_entropy"": 4.597021579742432, ""test_balanced_accuracy"": 0.01300057116895914}"
2026-04-14T04:55:34.351231,tpe,lcbench,168329,1,833,1.2467987537384033,"{""OpenML_task_id"": ""189906"", ""batch_size"": 504, ""epoch"": 1, ""learning_rate"": 0.07837338975688019, ""max_dropout"": 0.7305761811505472, ""max_units"": 79, ""momentum"": 0.8909172742859388, ""num_layers"": 5, ""weight_decay"": 0.03131055410278583}","{""time"": 1.2467987537384033, ""val_accuracy"": 0.7210564613342285, ""val_cross_entropy"": 4.381694793701172, ""val_balanced_accuracy"": 0.012643992900848389, ""test_cross_entropy"": 4.598988056182861, ""test_balanced_accuracy"": 0.013041350990533829}"
2026-04-14T04:55:34.386799,tpe,lcbench,168329,1,834,6.100950717926025,"{""OpenML_task_id"": ""189906"", ""batch_size"": 503, ""epoch"": 3, ""learning_rate"": 0.07916220142546483, ""max_dropout"": 0.6847136417367946, ""max_units"": 65, ""momentum"": 0.8895932650082522, ""num_layers"": 5, ""weight_decay"": 0.030824675490686064}","{""time"": 6.100950717926025, ""val_accuracy"": 0.5968688130378723, ""val_cross_entropy"": 4.5325398445129395, ""val_balanced_accuracy"": 0.011533982120454311, ""test_cross_entropy"": 4.5927534103393555, ""test_balanced_accuracy"": 0.011826187372207642}"
2026-04-14T04:55:34.427426,tpe,lcbench,168329,1,835,1.2189093828201294,"{""OpenML_task_id"": ""189906"", ""batch_size"": 512, ""epoch"": 1, ""learning_rate"": 0.07809440461029608, ""max_dropout"": 0.7387217259601528, ""max_units"": 66, ""momentum"": 0.872958148651078, ""num_layers"": 5, ""weight_decay"": 0.03123163843273388}","{""time"": 1.2189093828201294, ""val_accuracy"": 0.7228341698646545, ""val_cross_entropy"": 4.370510578155518, ""val_balanced_accuracy"": 0.012685106135904789, ""test_cross_entropy"": 4.592591285705566, ""test_balanced_accuracy"": 0.013092393055558205}"
2026-04-14T04:55:34.463021,tpe,lcbench,168329,1,836,3.8349361419677734,"{""OpenML_task_id"": ""189906"", ""batch_size"": 503, ""epoch"": 2, ""learning_rate"": 0.0814108938682129, ""max_dropout"": 0.7239724081319163, ""max_units"": 66, ""momentum"": 0.8657410815870059, ""num_layers"": 5, ""weight_decay"": 0.025769743403086263}","{""time"": 3.8349361419677734, ""val_accuracy"": 0.7212972044944763, ""val_cross_entropy"": 4.511346817016602, ""val_balanced_accuracy"": 0.012042888440191746, ""test_cross_entropy"": 4.589413642883301, ""test_balanced_accuracy"": 0.012414392083883286}"
2026-04-14T04:55:34.500123,tpe,lcbench,168329,1,837,5.842973709106445,"{""OpenML_task_id"": ""189906"", ""batch_size"": 512, ""epoch"": 3, ""learning_rate"": 0.0772424329046522, ""max_dropout"": 0.7532651371040846, ""max_units"": 64, ""momentum"": 0.8740483967015262, ""num_layers"": 5, ""weight_decay"": 0.03296251289254216}","{""time"": 5.842973709106445, ""val_accuracy"": 0.5881298780441284, ""val_cross_entropy"": 4.531038761138916, ""val_balanced_accuracy"": 0.01154881902039051, ""test_cross_entropy"": 4.580875873565674, ""test_balanced_accuracy"": 0.011896002106368542}"
2026-04-14T04:55:34.539189,tpe,lcbench,168329,1,838,1.231459617614746,"{""OpenML_task_id"": ""189906"", ""batch_size"": 502, ""epoch"": 1, ""learning_rate"": 0.08279183890226173, ""max_dropout"": 0.736893949499876, ""max_units"": 75, ""momentum"": 0.8905268348019691, ""num_layers"": 5, ""weight_decay"": 0.027855335893115587}","{""time"": 1.231459617614746, ""val_accuracy"": 0.7553768157958984, ""val_cross_entropy"": 4.372325420379639, ""val_balanced_accuracy"": 0.01282942108809948, ""test_cross_entropy"": 4.599914073944092, ""test_balanced_accuracy"": 0.01324295811355114}"
2026-04-14T04:55:34.576730,tpe,lcbench,168329,1,839,55.50564956665039,"{""OpenML_task_id"": ""189906"", ""batch_size"": 488, ""epoch"": 19, ""learning_rate"": 0.0833373763749504, ""max_dropout"": 0.7361521078723496, ""max_units"": 66, ""momentum"": 0.8807062679152395, ""num_layers"": 5, ""weight_decay"": 0.029670857424142928}","{""time"": 55.50564956665039, ""val_accuracy"": 0.42667925357818604, ""val_cross_entropy"": 4.573227405548096, ""val_balanced_accuracy"": 0.010383618995547295, ""test_cross_entropy"": 4.60819149017334, ""test_balanced_accuracy"": 0.010441550984978676}"
2026-04-14T04:55:34.617328,tpe,lcbench,168329,1,840,126.16069030761719,"{""OpenML_task_id"": ""189906"", ""batch_size"": 486, ""epoch"": 35, ""learning_rate"": 0.08872743960348047, ""max_dropout"": 0.7032176990996551, ""max_units"": 64, ""momentum"": 0.8669041442191847, ""num_layers"": 5, ""weight_decay"": 0.020697823557086638}","{""time"": 126.16069030761719, ""val_accuracy"": 0.5606186389923096, ""val_cross_entropy"": 4.627002239227295, ""val_balanced_accuracy"": 0.010491259396076202, ""test_cross_entropy"": 4.603129863739014, ""test_balanced_accuracy"": 0.010444100946187973}"
2026-04-14T04:55:34.656887,tpe,lcbench,168329,1,841,1.2440098524093628,"{""OpenML_task_id"": ""168331"", ""batch_size"": 495, ""epoch"": 1, ""learning_rate"": 0.08004105484761939, ""max_dropout"": 0.7643332547017905, ""max_units"": 80, ""momentum"": 0.8949113620648482, ""num_layers"": 5, ""weight_decay"": 0.027987363382149636}","{""time"": 1.2440098524093628, ""val_accuracy"": 0.7541474103927612, ""val_cross_entropy"": 4.374211311340332, ""val_balanced_accuracy"": 0.012812547385692596, ""test_cross_entropy"": 4.6012043952941895, ""test_balanced_accuracy"": 0.013212732970714569}"
2026-04-14T04:55:34.699428,tpe,lcbench,168329,1,842,5.135977268218994,"{""OpenML_task_id"": ""189906"", ""batch_size"": 512, ""epoch"": 2, ""learning_rate"": 0.08260676992798377, ""max_dropout"": 0.7329568289901733, ""max_units"": 64, ""momentum"": 0.237829050028444, ""num_layers"": 5, ""weight_decay"": 0.022709516164714734}","{""time"": 5.135977268218994, ""val_accuracy"": 0.728766143321991, ""val_cross_entropy"": 4.455061912536621, ""val_balanced_accuracy"": 0.011709226295351982, ""test_cross_entropy"": 4.570958614349365, ""test_balanced_accuracy"": 0.011988389305770397}"
2026-04-14T04:55:34.740471,tpe,lcbench,168329,1,843,8.259591102600098,"{""OpenML_task_id"": ""189906"", ""batch_size"": 512, ""epoch"": 4, ""learning_rate"": 0.08436008261462472, ""max_dropout"": 0.7699162769821589, ""max_units"": 64, ""momentum"": 0.85811836064081, ""num_layers"": 5, ""weight_decay"": 0.025426126130624394}","{""time"": 8.259591102600098, ""val_accuracy"": 0.6467035412788391, ""val_cross_entropy"": 4.522417068481445, ""val_balanced_accuracy"": 0.011862536892294884, ""test_cross_entropy"": 4.58711576461792, ""test_balanced_accuracy"": 0.01220664195716381}"
2026-04-14T04:55:34.782076,tpe,lcbench,168329,1,844,6.248764514923096,"{""OpenML_task_id"": ""189873"", ""batch_size"": 499, ""epoch"": 3, ""learning_rate"": 0.08051121884780357, ""max_dropout"": 0.750733330243971, ""max_units"": 82, ""momentum"": 0.8955853856248653, ""num_layers"": 5, ""weight_decay"": 0.03097215709687174}","{""time"": 6.248764514923096, ""val_accuracy"": 0.5878909826278687, ""val_cross_entropy"": 4.538153648376465, ""val_balanced_accuracy"": 0.011606919579207897, ""test_cross_entropy"": 4.592068195343018, ""test_balanced_accuracy"": 0.011939873918890953}"
2026-04-14T04:55:34.821179,tpe,lcbench,168329,1,845,1.2551655769348145,"{""OpenML_task_id"": ""189906"", ""batch_size"": 502, ""epoch"": 1, ""learning_rate"": 0.07760291381519185, ""max_dropout"": 0.7109199701479325, ""max_units"": 81, ""momentum"": 0.8773093083677275, ""num_layers"": 5, ""weight_decay"": 0.033505548524135176}","{""time"": 1.2551655769348145, ""val_accuracy"": 0.7052310109138489, ""val_cross_entropy"": 4.378093242645264, ""val_balanced_accuracy"": 0.012560680508613586, ""test_cross_entropy"": 4.601718902587891, ""test_balanced_accuracy"": 0.012929278425872326}"
2026-04-14T04:55:34.862449,tpe,lcbench,168329,1,846,4.027373313903809,"{""OpenML_task_id"": ""168335"", ""batch_size"": 489, ""epoch"": 2, ""learning_rate"": 0.07937536177863644, ""max_dropout"": 0.6797814132072066, ""max_units"": 82, ""momentum"": 0.903870811991532, ""num_layers"": 5, ""weight_decay"": 0.027554699625216394}","{""time"": 4.027373313903809, ""val_accuracy"": 0.6794194579124451, ""val_cross_entropy"": 4.5269694328308105, ""val_balanced_accuracy"": 0.011825059540569782, ""test_cross_entropy"": 4.601171016693115, ""test_balanced_accuracy"": 0.012148783542215824}"
2026-04-14T04:55:34.901597,tpe,lcbench,168329,1,847,1.223092794418335,"{""OpenML_task_id"": ""189906"", ""batch_size"": 512, ""epoch"": 1, ""learning_rate"": 0.08548954293139847, ""max_dropout"": 0.7654810206924043, ""max_units"": 85, ""momentum"": 0.8844921868774458, ""num_layers"": 5, ""weight_decay"": 0.02953035331037844}","{""time"": 1.223092794418335, ""val_accuracy"": 0.7616949081420898, ""val_cross_entropy"": 4.3587799072265625, ""val_balanced_accuracy"": 0.01294442918151617, ""test_cross_entropy"": 4.5949387550354, ""test_balanced_accuracy"": 0.013397043570876122}"
2026-04-14T04:55:34.939677,tpe,lcbench,168329,1,848,5.785800457000732,"{""OpenML_task_id"": ""189906"", ""batch_size"": 512, ""epoch"": 3, ""learning_rate"": 0.08824740895818203, ""max_dropout"": 0.7410578625271386, ""max_units"": 64, ""momentum"": 0.8605823595668222, ""num_layers"": 5, ""weight_decay"": 0.029199249069176154}","{""time"": 5.785800457000732, ""val_accuracy"": 0.6331895589828491, ""val_cross_entropy"": 4.518578052520752, ""val_balanced_accuracy"": 0.011850550770759583, ""test_cross_entropy"": 4.585175514221191, ""test_balanced_accuracy"": 0.012216238304972649}"
2026-04-14T04:55:34.978851,tpe,lcbench,168329,1,849,3.876770257949829,"{""OpenML_task_id"": ""189906"", ""batch_size"": 502, ""epoch"": 2, ""learning_rate"": 0.08646411752413369, ""max_dropout"": 0.7694516450718606, ""max_units"": 83, ""momentum"": 0.8764408108844857, ""num_layers"": 5, ""weight_decay"": 0.026846179518487532}","{""time"": 3.876770257949829, ""val_accuracy"": 0.7204282283782959, ""val_cross_entropy"": 4.508791446685791, ""val_balanced_accuracy"": 0.012191029265522957, ""test_cross_entropy"": 4.588112831115723, ""test_balanced_accuracy"": 0.01259873528033495}"
2026-04-14T04:55:35.019403,tpe,lcbench,168329,1,850,10.656685829162598,"{""OpenML_task_id"": ""167181"", ""batch_size"": 503, ""epoch"": 5, ""learning_rate"": 0.08455983169692818, ""max_dropout"": 0.7518028184202554, ""max_units"": 64, ""momentum"": 0.9037589619919564, ""num_layers"": 5, ""weight_decay"": 0.03451479944822981}","{""time"": 10.656685829162598, ""val_accuracy"": 0.4651496410369873, ""val_cross_entropy"": 4.514987945556641, ""val_balanced_accuracy"": 0.011316138319671154, ""test_cross_entropy"": 4.599165916442871, ""test_balanced_accuracy"": 0.011586370877921581}"
2026-04-14T04:55:35.061527,tpe,lcbench,168329,1,851,1.1882309913635254,"{""OpenML_task_id"": ""189906"", ""batch_size"": 512, ""epoch"": 1, ""learning_rate"": 0.082550692659243, ""max_dropout"": 0.7193433229913062, ""max_units"": 64, ""momentum"": 0.8816830023650459, ""num_layers"": 5, ""weight_decay"": 0.03137994555765319}","{""time"": 1.1882309913635254, ""val_accuracy"": 0.7271527051925659, ""val_cross_entropy"": 4.366786956787109, ""val_balanced_accuracy"": 0.012727760709822178, ""test_cross_entropy"": 4.59413480758667, ""test_balanced_accuracy"": 0.013132133521139622}"
2026-04-14T04:55:35.102086,tpe,lcbench,168329,1,852,3.677361011505127,"{""OpenML_task_id"": ""189866"", ""batch_size"": 502, ""epoch"": 2, ""learning_rate"": 0.08211216918361545, ""max_dropout"": 0.7159146879100005, ""max_units"": 64, ""momentum"": 0.8893561105647645, ""num_layers"": 5, ""weight_decay"": 0.03059062734293268}","{""time"": 3.677361011505127, ""val_accuracy"": 0.649097204208374, ""val_cross_entropy"": 4.5129899978637695, ""val_balanced_accuracy"": 0.01180236879736185, ""test_cross_entropy"": 4.588362693786621, ""test_balanced_accuracy"": 0.012153279967606068}"
2026-04-14T04:55:35.142685,tpe,lcbench,168329,1,853,1.2091480493545532,"{""OpenML_task_id"": ""189906"", ""batch_size"": 512, ""epoch"": 1, ""learning_rate"": 0.08545975266313549, ""max_dropout"": 0.6698919631030746, ""max_units"": 81, ""momentum"": 0.9081694253745077, ""num_layers"": 5, ""weight_decay"": 0.03298317547877633}","{""time"": 1.2091480493545532, ""val_accuracy"": 0.7287967205047607, ""val_cross_entropy"": 4.36980676651001, ""val_balanced_accuracy"": 0.012750211171805859, ""test_cross_entropy"": 4.5992512702941895, ""test_balanced_accuracy"": 0.013147070072591305}"
2026-04-14T04:55:35.186784,tpe,lcbench,168329,1,854,6.4216790199279785,"{""OpenML_task_id"": ""189906"", ""batch_size"": 485, ""epoch"": 3, ""learning_rate"": 0.0900091909090565, ""max_dropout"": 0.6951868980060121, ""max_units"": 85, ""momentum"": 0.907971989140005, ""num_layers"": 5, ""weight_decay"": 0.03317364660656286}","{""time"": 6.4216790199279785, ""val_accuracy"": 0.5166286826133728, ""val_cross_entropy"": 4.530775547027588, ""val_balanced_accuracy"": 0.011399824172258377, ""test_cross_entropy"": 4.607134819030762, ""test_balanced_accuracy"": 0.011671321466565132}"
2026-04-14T04:55:35.226029,tpe,lcbench,168329,1,855,1.2272762060165405,"{""OpenML_task_id"": ""189906"", ""batch_size"": 496, ""epoch"": 1, ""learning_rate"": 0.08626454598900461, ""max_dropout"": 0.7221936500528013, ""max_units"": 84, ""momentum"": 0.885776470333087, ""num_layers"": 5, ""weight_decay"": 0.03139215917700995}","{""time"": 1.2272762060165405, ""val_accuracy"": 0.7109479904174805, ""val_cross_entropy"": 4.381592273712158, ""val_balanced_accuracy"": 0.012673425488173962, ""test_cross_entropy"": 4.605473041534424, ""test_balanced_accuracy"": 0.01306532695889473}"
2026-04-14T04:55:35.265646,tpe,lcbench,168329,1,856,14.485902786254883,"{""OpenML_task_id"": ""189906"", ""batch_size"": 494, ""epoch"": 6, ""learning_rate"": 0.08699676450310506, ""max_dropout"": 0.6706193411918454, ""max_units"": 81, ""momentum"": 0.8799731178640771, ""num_layers"": 5, ""weight_decay"": 0.031498651199342774}","{""time"": 14.485902786254883, ""val_accuracy"": 0.4695799946784973, ""val_cross_entropy"": 4.536860942840576, ""val_balanced_accuracy"": 0.01105553936213255, ""test_cross_entropy"": 4.612351417541504, ""test_balanced_accuracy"": 0.011251936666667461}"
2026-04-14T04:55:35.305719,tpe,lcbench,168329,1,857,8.747655868530273,"{""OpenML_task_id"": ""189906"", ""batch_size"": 487, ""epoch"": 4, ""learning_rate"": 0.0857136666170512, ""max_dropout"": 0.7125131415607533, ""max_units"": 81, ""momentum"": 0.8835906905761656, ""num_layers"": 5, ""weight_decay"": 0.03441265760480133}","{""time"": 8.747655868530273, ""val_accuracy"": 0.48113957047462463, ""val_cross_entropy"": 4.531581401824951, ""val_balanced_accuracy"": 0.011191044002771378, ""test_cross_entropy"": 4.609503746032715, ""test_balanced_accuracy"": 0.011434928514063358}"
2026-04-14T04:55:35.348295,tpe,lcbench,168329,1,858,3.7191951274871826,"{""OpenML_task_id"": ""189906"", ""batch_size"": 499, ""epoch"": 2, ""learning_rate"": 0.08416114780995675, ""max_dropout"": 0.6915248937277294, ""max_units"": 64, ""momentum"": 0.8555455190336788, ""num_layers"": 5, ""weight_decay"": 0.029486410771914544}","{""time"": 3.7191951274871826, ""val_accuracy"": 0.6692433953285217, ""val_cross_entropy"": 4.4975199699401855, ""val_balanced_accuracy"": 0.01181698776781559, ""test_cross_entropy"": 4.594242572784424, ""test_balanced_accuracy"": 0.012149571441113949}"
2026-04-14T04:55:35.388333,tpe,lcbench,168329,1,859,6.018677234649658,"{""OpenML_task_id"": ""189906"", ""batch_size"": 483, ""epoch"": 3, ""learning_rate"": 0.08286688265465673, ""max_dropout"": 0.7242933719748886, ""max_units"": 64, ""momentum"": 0.8986773901415982, ""num_layers"": 5, ""weight_decay"": 0.0323458909928247}","{""time"": 6.018677234649658, ""val_accuracy"": 0.5208395719528198, ""val_cross_entropy"": 4.540447235107422, ""val_balanced_accuracy"": 0.011273589916527271, ""test_cross_entropy"": 4.601163864135742, ""test_balanced_accuracy"": 0.011545118875801563}"
2026-04-14T04:55:35.429896,tpe,lcbench,168329,1,860,1.165919542312622,"{""OpenML_task_id"": ""189906"", ""batch_size"": 512, ""epoch"": 1, ""learning_rate"": 0.08552364331599338, ""max_dropout"": 0.7268416984627861, ""max_units"": 64, ""momentum"": 0.9031411079076204, ""num_layers"": 5, ""weight_decay"": 0.030115125693265455}","{""time"": 1.165919542312622, ""val_accuracy"": 0.7346458435058594, ""val_cross_entropy"": 4.372091293334961, ""val_balanced_accuracy"": 0.012792718596756458, ""test_cross_entropy"": 4.592487812042236, ""test_balanced_accuracy"": 0.013218706473708153}"
2026-04-14T04:55:35.474958,tpe,lcbench,168329,1,861,3.5909037590026855,"{""OpenML_task_id"": ""189906"", ""batch_size"": 512, ""epoch"": 2, ""learning_rate"": 0.08777586022180092, ""max_dropout"": 0.6691273291287623, ""max_units"": 64, ""momentum"": 0.8615231933284989, ""num_layers"": 5, ""weight_decay"": 0.03485606496043191}","{""time"": 3.5909037590026855, ""val_accuracy"": 0.6302663683891296, ""val_cross_entropy"": 4.48661994934082, ""val_balanced_accuracy"": 0.011779092252254486, ""test_cross_entropy"": 4.586306571960449, ""test_balanced_accuracy"": 0.012117032893002033}"
2026-04-14T04:55:35.518028,tpe,lcbench,168329,1,862,1.2189093828201294,"{""OpenML_task_id"": ""167200"", ""batch_size"": 496, ""epoch"": 1, ""learning_rate"": 0.08584288742425374, ""max_dropout"": 0.6977384701580738, ""max_units"": 82, ""momentum"": 0.9092507031366489, ""num_layers"": 5, ""weight_decay"": 0.03092199633757891}","{""time"": 1.2189093828201294, ""val_accuracy"": 0.7173335552215576, ""val_cross_entropy"": 4.385560989379883, ""val_balanced_accuracy"": 0.012685033492743969, ""test_cross_entropy"": 4.605281352996826, ""test_balanced_accuracy"": 0.01306746993213892}"
2026-04-14T04:55:35.556588,tpe,lcbench,168329,1,863,99.97671508789062,"{""OpenML_task_id"": ""167200"", ""batch_size"": 494, ""epoch"": 26, ""learning_rate"": 0.08924890749046356, ""max_dropout"": 0.707662563893343, ""max_units"": 82, ""momentum"": 0.9095954016577226, ""num_layers"": 5, ""weight_decay"": 0.03076562659148585}","{""time"": 99.97671508789062, ""val_accuracy"": 0.4528050720691681, ""val_cross_entropy"": 4.583230972290039, ""val_balanced_accuracy"": 0.01062367670238018, ""test_cross_entropy"": 4.604624271392822, ""test_balanced_accuracy"": 0.01060430333018303}"
2026-04-14T04:55:35.598191,tpe,lcbench,168329,1,864,1.195203423500061,"{""OpenML_task_id"": ""167200"", ""batch_size"": 512, ""epoch"": 1, ""learning_rate"": 0.08495728468977712, ""max_dropout"": 0.7264751211925002, ""max_units"": 81, ""momentum"": 0.9091926397961706, ""num_layers"": 5, ""weight_decay"": 0.03291051343035865}","{""time"": 1.195203423500061, ""val_accuracy"": 0.7164693474769592, ""val_cross_entropy"": 4.376749038696289, ""val_balanced_accuracy"": 0.012737182900309563, ""test_cross_entropy"": 4.595057010650635, ""test_balanced_accuracy"": 0.01316551398485899}"
2026-04-14T04:55:35.639752,tpe,lcbench,168329,1,865,3.8335416316986084,"{""OpenML_task_id"": ""167200"", ""batch_size"": 512, ""epoch"": 2, ""learning_rate"": 0.08623523207958773, ""max_dropout"": 0.6519737390367756, ""max_units"": 81, ""momentum"": 0.8802157234650735, ""num_layers"": 5, ""weight_decay"": 0.03293985061000386}","{""time"": 3.8335416316986084, ""val_accuracy"": 0.6566621661186218, ""val_cross_entropy"": 4.502321720123291, ""val_balanced_accuracy"": 0.011865297332406044, ""test_cross_entropy"": 4.591729164123535, ""test_balanced_accuracy"": 0.012207433581352234}"
2026-04-14T04:55:35.681315,tpe,lcbench,168329,1,866,6.003337860107422,"{""OpenML_task_id"": ""167200"", ""batch_size"": 505, ""epoch"": 3, ""learning_rate"": 0.08520006105422773, ""max_dropout"": 0.7223614397001934, ""max_units"": 64, ""momentum"": 0.9019007227603145, ""num_layers"": 5, ""weight_decay"": 0.030095625020343145}","{""time"": 6.003337860107422, ""val_accuracy"": 0.5881960391998291, ""val_cross_entropy"": 4.53129768371582, ""val_balanced_accuracy"": 0.011659061536192894, ""test_cross_entropy"": 4.588212013244629, ""test_balanced_accuracy"": 0.011989074759185314}"
2026-04-14T04:55:35.722936,tpe,lcbench,168329,1,867,1.1408190727233887,"{""OpenML_task_id"": ""167200"", ""batch_size"": 512, ""epoch"": 1, ""learning_rate"": 0.09062557882909753, ""max_dropout"": 0.687604049603909, ""max_units"": 64, ""momentum"": 0.8999429579959515, ""num_layers"": 5, ""weight_decay"": 0.0324280034523191}","{""time"": 1.1408190727233887, ""val_accuracy"": 0.7210206985473633, ""val_cross_entropy"": 4.3649187088012695, ""val_balanced_accuracy"": 0.012778331525623798, ""test_cross_entropy"": 4.595723628997803, ""test_balanced_accuracy"": 0.013181117363274097}"
2026-04-14T04:55:35.767027,tpe,lcbench,168329,1,868,20.25064468383789,"{""OpenML_task_id"": ""167200"", ""batch_size"": 512, ""epoch"": 8, ""learning_rate"": 0.09300486058382793, ""max_dropout"": 0.6857805178894739, ""max_units"": 65, ""momentum"": 0.9091189114600049, ""num_layers"": 5, ""weight_decay"": 0.03564477230202024}","{""time"": 20.25064468383789, ""val_accuracy"": 0.42993471026420593, ""val_cross_entropy"": 4.514469623565674, ""val_balanced_accuracy"": 0.011312576942145824, ""test_cross_entropy"": 4.599958896636963, ""test_balanced_accuracy"": 0.011506405659019947}"
2026-04-14T04:55:35.809096,tpe,lcbench,168329,1,869,77.57453918457031,"{""OpenML_task_id"": ""167200"", ""batch_size"": 512, ""epoch"": 23, ""learning_rate"": 0.08980516755499648, ""max_dropout"": 0.7570475888056614, ""max_units"": 64, ""momentum"": 0.9097592217935376, ""num_layers"": 5, ""weight_decay"": 0.03323378871515688}","{""time"": 77.57453918457031, ""val_accuracy"": 0.43310678005218506, ""val_cross_entropy"": 4.565796852111816, ""val_balanced_accuracy"": 0.01084381528198719, ""test_cross_entropy"": 4.596156597137451, ""test_balanced_accuracy"": 0.010909578762948513}"
2026-04-14T04:55:35.849180,tpe,lcbench,168329,1,870,3.942310333251953,"{""OpenML_task_id"": ""167200"", ""batch_size"": 502, ""epoch"": 2, ""learning_rate"": 0.08402391181055825, ""max_dropout"": 0.6562608404835599, ""max_units"": 82, ""momentum"": 0.8955256727146266, ""num_layers"": 5, ""weight_decay"": 0.029551383373666033}","{""time"": 3.942310333251953, ""val_accuracy"": 0.6775301098823547, ""val_cross_entropy"": 4.5156073570251465, ""val_balanced_accuracy"": 0.01188473030924797, ""test_cross_entropy"": 4.596956729888916, ""test_balanced_accuracy"": 0.012220385484397411}"
2026-04-14T04:55:35.893779,tpe,lcbench,168329,1,871,8.82992935180664,"{""OpenML_task_id"": ""167200"", ""batch_size"": 503, ""epoch"": 4, ""learning_rate"": 0.08169619407925319, ""max_dropout"": 0.6973544223015553, ""max_units"": 82, ""momentum"": 0.8688489660335457, ""num_layers"": 5, ""weight_decay"": 0.03693127150811601}","{""time"": 8.82992935180664, ""val_accuracy"": 0.4978756904602051, ""val_cross_entropy"": 4.527675628662109, ""val_balanced_accuracy"": 0.011208967305719852, ""test_cross_entropy"": 4.599363327026367, ""test_balanced_accuracy"": 0.011470797471702099}"
2026-04-14T04:55:35.934584,tpe,lcbench,168329,1,872,1.1310577392578125,"{""OpenML_task_id"": ""126029"", ""batch_size"": 492, ""epoch"": 1, ""learning_rate"": 0.09190004371499823, ""max_dropout"": 0.6935228343010204, ""max_units"": 64, ""momentum"": 0.9117902659772215, ""num_layers"": 5, ""weight_decay"": 0.03329346589181874}","{""time"": 1.1310577392578125, ""val_accuracy"": 0.6777524352073669, ""val_cross_entropy"": 4.388951778411865, ""val_balanced_accuracy"": 0.012580773793160915, ""test_cross_entropy"": 4.604063510894775, ""test_balanced_accuracy"": 0.012936457060277462}"
2026-04-14T04:55:35.977517,tpe,lcbench,168329,1,873,6.077244758605957,"{""OpenML_task_id"": ""189905"", ""batch_size"": 486, ""epoch"": 3, ""learning_rate"": 0.08750846621743757, ""max_dropout"": 0.6654690552587763, ""max_units"": 64, ""momentum"": 0.9069444514353237, ""num_layers"": 5, ""weight_decay"": 0.034317155956958854}","{""time"": 6.077244758605957, ""val_accuracy"": 0.5102359056472778, ""val_cross_entropy"": 4.528110027313232, ""val_balanced_accuracy"": 0.011308672837913036, ""test_cross_entropy"": 4.605245113372803, ""test_balanced_accuracy"": 0.011545559391379356}"
2026-04-14T04:55:36.018679,tpe,lcbench,168329,1,874,3.687122344970703,"{""OpenML_task_id"": ""189906"", ""batch_size"": 492, ""epoch"": 2, ""learning_rate"": 0.09525635900797354, ""max_dropout"": 0.7696155856236546, ""max_units"": 82, ""momentum"": 0.9139463595112631, ""num_layers"": 5, ""weight_decay"": 0.032480754747164116}","{""time"": 3.687122344970703, ""val_accuracy"": 0.6054915189743042, ""val_cross_entropy"": 4.500737190246582, ""val_balanced_accuracy"": 0.011957081034779549, ""test_cross_entropy"": 4.592263698577881, ""test_balanced_accuracy"": 0.012349304743111134}"
2026-04-14T04:55:36.063263,tpe,lcbench,168329,1,875,1.1812586784362793,"{""OpenML_task_id"": ""189906"", ""batch_size"": 493, ""epoch"": 1, ""learning_rate"": 0.09431858332039068, ""max_dropout"": 0.6920920640949659, ""max_units"": 82, ""momentum"": 0.8763721345050057, ""num_layers"": 5, ""weight_decay"": 0.035593517239027504}","{""time"": 1.1812586784362793, ""val_accuracy"": 0.6767022609710693, ""val_cross_entropy"": 4.3821563720703125, ""val_balanced_accuracy"": 0.012635289691388607, ""test_cross_entropy"": 4.608069896697998, ""test_balanced_accuracy"": 0.013004638254642487}"
2026-04-14T04:55:36.104858,tpe,lcbench,168329,1,876,1.1477913856506348,"{""OpenML_task_id"": ""126029"", ""batch_size"": 480, ""epoch"": 1, ""learning_rate"": 0.09149591795716916, ""max_dropout"": 0.6927404310808202, ""max_units"": 64, ""momentum"": 0.8564995208515557, ""num_layers"": 5, ""weight_decay"": 0.03774958116047267}","{""time"": 1.1477913856506348, ""val_accuracy"": 0.6416035294532776, ""val_cross_entropy"": 4.398276329040527, ""val_balanced_accuracy"": 0.012518275529146194, ""test_cross_entropy"": 4.606588363647461, ""test_balanced_accuracy"": 0.012841465882956982}"
2026-04-14T04:55:36.155513,tpe,lcbench,168329,1,877,5.868074417114258,"{""OpenML_task_id"": ""126029"", ""batch_size"": 483, ""epoch"": 3, ""learning_rate"": 0.08924887716082404, ""max_dropout"": 0.6867158595804425, ""max_units"": 64, ""momentum"": 0.8492978265553942, ""num_layers"": 5, ""weight_decay"": 0.03758716167957385}","{""time"": 5.868074417114258, ""val_accuracy"": 0.5022670030593872, ""val_cross_entropy"": 4.526533603668213, ""val_balanced_accuracy"": 0.011169655248522758, ""test_cross_entropy"": 4.602354526519775, ""test_balanced_accuracy"": 0.011412812396883965}"
2026-04-14T04:55:36.200627,tpe,lcbench,168329,1,878,3.7219841480255127,"{""OpenML_task_id"": ""3945"", ""batch_size"": 480, ""epoch"": 2, ""learning_rate"": 0.09164095569268997, ""max_dropout"": 0.7350622840015227, ""max_units"": 84, ""momentum"": 0.8636536718053326, ""num_layers"": 5, ""weight_decay"": 0.03557841563226984}","{""time"": 3.7219841480255127, ""val_accuracy"": 0.572623074054718, ""val_cross_entropy"": 4.515732765197754, ""val_balanced_accuracy"": 0.011571993120014668, ""test_cross_entropy"": 4.602419376373291, ""test_balanced_accuracy"": 0.011900972574949265}"
2026-04-14T04:55:36.245701,tpe,lcbench,168329,1,879,1.1993868350982666,"{""OpenML_task_id"": ""126029"", ""batch_size"": 490, ""epoch"": 1, ""learning_rate"": 0.09135869957565264, ""max_dropout"": 0.6770570529392913, ""max_units"": 84, ""momentum"": 0.874905734752248, ""num_layers"": 5, ""weight_decay"": 0.03745090021205874}","{""time"": 1.1993868350982666, ""val_accuracy"": 0.6655759215354919, ""val_cross_entropy"": 4.389743328094482, ""val_balanced_accuracy"": 0.012587565928697586, ""test_cross_entropy"": 4.608294486999512, ""test_balanced_accuracy"": 0.012940775603055954}"
2026-04-14T04:55:36.289136,tpe,lcbench,168329,1,880,11.462690353393555,"{""OpenML_task_id"": ""126029"", ""batch_size"": 479, ""epoch"": 5, ""learning_rate"": 0.09739516684014184, ""max_dropout"": 0.6667383891084199, ""max_units"": 83, ""momentum"": 0.8561160267970362, ""num_layers"": 5, ""weight_decay"": 0.03664466396455066}","{""time"": 11.462690353393555, ""val_accuracy"": 0.44047126173973083, ""val_cross_entropy"": 4.522522926330566, ""val_balanced_accuracy"": 0.011075040325522423, ""test_cross_entropy"": 4.6188483238220215, ""test_balanced_accuracy"": 0.011268817819654942}"
2026-04-14T04:55:36.332224,tpe,lcbench,168329,1,881,5.88759708404541,"{""OpenML_task_id"": ""167200"", ""batch_size"": 488, ""epoch"": 3, ""learning_rate"": 0.09297390252781695, ""max_dropout"": 0.6795754790396723, ""max_units"": 64, ""momentum"": 0.8794520519206467, ""num_layers"": 5, ""weight_decay"": 0.03817688666939554}","{""time"": 5.88759708404541, ""val_accuracy"": 0.4948829710483551, ""val_cross_entropy"": 4.51713752746582, ""val_balanced_accuracy"": 0.011335947550833225, ""test_cross_entropy"": 4.601308345794678, ""test_balanced_accuracy"": 0.011584625579416752}"
2026-04-14T04:55:36.375870,tpe,lcbench,168329,1,882,3.801468849182129,"{""OpenML_task_id"": ""126029"", ""batch_size"": 480, ""epoch"": 2, ""learning_rate"": 0.09116587286260301, ""max_dropout"": 0.6927879420554774, ""max_units"": 86, ""momentum"": 0.8949255839384005, ""num_layers"": 5, ""weight_decay"": 0.034719748544898406}","{""time"": 3.801468849182129, ""val_accuracy"": 0.5757080912590027, ""val_cross_entropy"": 4.522256851196289, ""val_balanced_accuracy"": 0.01160171814262867, ""test_cross_entropy"": 4.606342792510986, ""test_balanced_accuracy"": 0.011913985945284367}"
2026-04-14T04:55:36.421455,tpe,lcbench,168329,1,883,1.1199020147323608,"{""OpenML_task_id"": ""126029"", ""batch_size"": 492, ""epoch"": 1, ""learning_rate"": 0.09944006780191128, ""max_dropout"": 0.630813926515798, ""max_units"": 64, ""momentum"": 0.9154632347850303, ""num_layers"": 5, ""weight_decay"": 0.03579855419755107}","{""time"": 1.1199020147323608, ""val_accuracy"": 0.6615423560142517, ""val_cross_entropy"": 4.393619060516357, ""val_balanced_accuracy"": 0.012592272832989693, ""test_cross_entropy"": 4.608158588409424, ""test_balanced_accuracy"": 0.01291828416287899}"
2026-04-14T04:55:36.479068,tpe,lcbench,168329,1,884,8.404616355895996,"{""OpenML_task_id"": ""126029"", ""batch_size"": 490, ""epoch"": 4, ""learning_rate"": 0.09471505660930218, ""max_dropout"": 0.6674646169151169, ""max_units"": 64, ""momentum"": 0.9149491094771925, ""num_layers"": 5, ""weight_decay"": 0.03781342698068499}","{""time"": 8.404616355895996, ""val_accuracy"": 0.45853862166404724, ""val_cross_entropy"": 4.498438358306885, ""val_balanced_accuracy"": 0.011460410431027412, ""test_cross_entropy"": 4.608392715454102, ""test_balanced_accuracy"": 0.011685599572956562}"
2026-04-14T04:55:36.522124,tpe,lcbench,168329,1,885,1.1673139333724976,"{""OpenML_task_id"": ""126029"", ""batch_size"": 492, ""epoch"": 1, ""learning_rate"": 0.09938721860240318, ""max_dropout"": 0.6664075982591604, ""max_units"": 84, ""momentum"": 0.9132871959560761, ""num_layers"": 5, ""weight_decay"": 0.03569512760612519}","{""time"": 1.1673139333724976, ""val_accuracy"": 0.6666596531867981, ""val_cross_entropy"": 4.391876220703125, ""val_balanced_accuracy"": 0.01262994110584259, ""test_cross_entropy"": 4.610476970672607, ""test_balanced_accuracy"": 0.012988748960196972}"
2026-04-14T04:55:36.564411,tpe,lcbench,168329,1,886,6.453752040863037,"{""OpenML_task_id"": ""126029"", ""batch_size"": 479, ""epoch"": 3, ""learning_rate"": 0.09555689094308165, ""max_dropout"": 0.6308416015710325, ""max_units"": 86, ""momentum"": 0.91563950683163, ""num_layers"": 5, ""weight_decay"": 0.035729397209542824}","{""time"": 6.453752040863037, ""val_accuracy"": 0.49846383929252625, ""val_cross_entropy"": 4.516357421875, ""val_balanced_accuracy"": 0.01144400518387556, ""test_cross_entropy"": 4.614325523376465, ""test_balanced_accuracy"": 0.011679694056510925}"
2026-04-14T04:55:36.608630,tpe,lcbench,168329,1,887,3.867008924484253,"{""OpenML_task_id"": ""126029"", ""batch_size"": 489, ""epoch"": 2, ""learning_rate"": 0.09951693741400465, ""max_dropout"": 0.6418716403154859, ""max_units"": 92, ""momentum"": 0.9132593961295812, ""num_layers"": 5, ""weight_decay"": 0.03795151949806929}","{""time"": 3.867008924484253, ""val_accuracy"": 0.555284857749939, ""val_cross_entropy"": 4.511179447174072, ""val_balanced_accuracy"": 0.011687872931361198, ""test_cross_entropy"": 4.603587627410889, ""test_balanced_accuracy"": 0.012002551928162575}"
2026-04-14T04:55:36.652236,tpe,lcbench,168329,1,888,1.511748194694519,"{""OpenML_task_id"": ""126029"", ""batch_size"": 479, ""epoch"": 1, ""learning_rate"": 0.0912120220729206, ""max_dropout"": 0.6458575696782716, ""max_units"": 85, ""momentum"": 0.3031008234248719, ""num_layers"": 5, ""weight_decay"": 0.034749905174253325}","{""time"": 1.511748194694519, ""val_accuracy"": 0.6598625183105469, ""val_cross_entropy"": 4.359289646148682, ""val_balanced_accuracy"": 0.01264503039419651, ""test_cross_entropy"": 4.588306903839111, ""test_balanced_accuracy"": 0.012922326102852821}"
2026-04-14T04:55:36.698584,tpe,lcbench,168329,1,889,3.7833406925201416,"{""OpenML_task_id"": ""126029"", ""batch_size"": 492, ""epoch"": 2, ""learning_rate"": 0.09755646869867365, ""max_dropout"": 0.6541962857206072, ""max_units"": 86, ""momentum"": 0.9031838606914092, ""num_layers"": 5, ""weight_decay"": 0.03635852503533962}","{""time"": 3.7833406925201416, ""val_accuracy"": 0.5753063559532166, ""val_cross_entropy"": 4.510051250457764, ""val_balanced_accuracy"": 0.011718319728970528, ""test_cross_entropy"": 4.601787090301514, ""test_balanced_accuracy"": 0.01204238273203373}"
2026-04-14T04:55:36.743670,tpe,lcbench,168329,1,890,1.1910200119018555,"{""OpenML_task_id"": ""167152"", ""batch_size"": 494, ""epoch"": 1, ""learning_rate"": 0.09956079738064907, ""max_dropout"": 0.6168748040631871, ""max_units"": 85, ""momentum"": 0.9149439242232354, ""num_layers"": 5, ""weight_decay"": 0.033616111150535165}","{""time"": 1.1910200119018555, ""val_accuracy"": 0.692868709564209, ""val_cross_entropy"": 4.3894243240356445, ""val_balanced_accuracy"": 0.012694085016846657, ""test_cross_entropy"": 4.612001895904541, ""test_balanced_accuracy"": 0.013040530495345592}"
2026-04-14T04:55:36.783229,tpe,lcbench,168329,1,891,8.597053527832031,"{""OpenML_task_id"": ""126029"", ""batch_size"": 480, ""epoch"": 4, ""learning_rate"": 0.09788324560868597, ""max_dropout"": 0.6046303929470602, ""max_units"": 64, ""momentum"": 0.9166846130337473, ""num_layers"": 5, ""weight_decay"": 0.03449043104584815}","{""time"": 8.597053527832031, ""val_accuracy"": 0.4649074971675873, ""val_cross_entropy"": 4.50976037979126, ""val_balanced_accuracy"": 0.011347867548465729, ""test_cross_entropy"": 4.617799282073975, ""test_balanced_accuracy"": 0.011534048244357109}"
2026-04-14T04:55:36.824490,tpe,lcbench,168329,1,892,3.8223860263824463,"{""OpenML_task_id"": ""126029"", ""batch_size"": 492, ""epoch"": 2, ""learning_rate"": 0.09951462934493051, ""max_dropout"": 0.6146520672825501, ""max_units"": 89, ""momentum"": 0.8983726839456929, ""num_layers"": 5, ""weight_decay"": 0.038721798498663765}","{""time"": 3.8223860263824463, ""val_accuracy"": 0.5602712631225586, ""val_cross_entropy"": 4.507955074310303, ""val_balanced_accuracy"": 0.011661730706691742, ""test_cross_entropy"": 4.6034440994262695, ""test_balanced_accuracy"": 0.011970224790275097}"
2026-04-14T04:55:36.863549,tpe,lcbench,168329,1,893,1.2063591480255127,"{""OpenML_task_id"": ""167152"", ""batch_size"": 478, ""epoch"": 1, ""learning_rate"": 0.09612843409563689, ""max_dropout"": 0.6343976201689735, ""max_units"": 87, ""momentum"": 0.8942517060902773, ""num_layers"": 5, ""weight_decay"": 0.036277162021231234}","{""time"": 1.2063591480255127, ""val_accuracy"": 0.6617518067359924, ""val_cross_entropy"": 4.408361911773682, ""val_balanced_accuracy"": 0.012620477005839348, ""test_cross_entropy"": 4.616999626159668, ""test_balanced_accuracy"": 0.01293924544006586}"
2026-04-14T04:55:36.904622,tpe,lcbench,168329,1,894,13.84305191040039,"{""OpenML_task_id"": ""167152"", ""batch_size"": 494, ""epoch"": 3, ""learning_rate"": 0.09926299297382216, ""max_dropout"": 0.6825932510579877, ""max_units"": 519, ""momentum"": 0.9195845715844494, ""num_layers"": 5, ""weight_decay"": 0.033664960048856524}","{""time"": 13.84305191040039, ""val_accuracy"": 0.6602099537849426, ""val_cross_entropy"": 4.6013288497924805, ""val_balanced_accuracy"": 0.011928151361644268, ""test_cross_entropy"": 4.621086597442627, ""test_balanced_accuracy"": 0.012296444736421108}"
2026-04-14T04:55:36.945228,tpe,lcbench,168329,1,895,3.498868703842163,"{""OpenML_task_id"": ""167152"", ""batch_size"": 486, ""epoch"": 2, ""learning_rate"": 0.09350616800924237, ""max_dropout"": 0.7031203420586065, ""max_units"": 64, ""momentum"": 0.8765317348554624, ""num_layers"": 5, ""weight_decay"": 0.037756044310635464}","{""time"": 3.498868703842163, ""val_accuracy"": 0.5559938549995422, ""val_cross_entropy"": 4.508358955383301, ""val_balanced_accuracy"": 0.011525449343025684, ""test_cross_entropy"": 4.59542989730835, ""test_balanced_accuracy"": 0.011830834671854973}"
2026-04-14T04:55:36.983781,tpe,lcbench,168329,1,896,2.8239450454711914,"{""OpenML_task_id"": ""126029"", ""batch_size"": 499, ""epoch"": 1, ""learning_rate"": 0.0999807874223385, ""max_dropout"": 0.6563109411995216, ""max_units"": 91, ""momentum"": 0.9164445863473399, ""num_layers"": 2, ""weight_decay"": 0.034002197883113636}","{""time"": 2.8239450454711914, ""val_accuracy"": 1.0589579343795776, ""val_cross_entropy"": 4.4364399909973145, ""val_balanced_accuracy"": 0.012006856501102448, ""test_cross_entropy"": 4.627686500549316, ""test_balanced_accuracy"": 0.011634314432740211}"
2026-04-14T04:55:37.025328,tpe,lcbench,168329,1,897,6.4258623123168945,"{""OpenML_task_id"": ""126029"", ""batch_size"": 486, ""epoch"": 3, ""learning_rate"": 0.09412779602718298, ""max_dropout"": 0.623402892724239, ""max_units"": 84, ""momentum"": 0.8929117744567108, ""num_layers"": 5, ""weight_decay"": 0.0359579146574755}","{""time"": 6.4258623123168945, ""val_accuracy"": 0.5110998749732971, ""val_cross_entropy"": 4.52117395401001, ""val_balanced_accuracy"": 0.011370465159416199, ""test_cross_entropy"": 4.610382080078125, ""test_balanced_accuracy"": 0.011607694439589977}"
2026-04-14T04:55:37.065876,tpe,lcbench,168329,1,898,3.741506576538086,"{""OpenML_task_id"": ""126029"", ""batch_size"": 495, ""epoch"": 2, ""learning_rate"": 0.09676352460351643, ""max_dropout"": 0.7040297023392321, ""max_units"": 83, ""momentum"": 0.856227841772, ""num_layers"": 5, ""weight_decay"": 0.03320447345031114}","{""time"": 3.741506576538086, ""val_accuracy"": 0.6205885410308838, ""val_cross_entropy"": 4.498197078704834, ""val_balanced_accuracy"": 0.01180858351290226, ""test_cross_entropy"": 4.599091053009033, ""test_balanced_accuracy"": 0.012164062820374966}"
2026-04-14T04:55:37.107966,tpe,lcbench,168329,1,899,1.2063591480255127,"{""OpenML_task_id"": ""126029"", ""batch_size"": 476, ""epoch"": 1, ""learning_rate"": 0.09209106305686363, ""max_dropout"": 0.6785843519467625, ""max_units"": 90, ""momentum"": 0.9182362296843741, ""num_layers"": 5, ""weight_decay"": 0.035740728022285825}","{""time"": 1.2063591480255127, ""val_accuracy"": 0.6522358059883118, ""val_cross_entropy"": 4.417381286621094, ""val_balanced_accuracy"": 0.01254961732774973, ""test_cross_entropy"": 4.615063190460205, ""test_balanced_accuracy"": 0.012879191897809505}"
2026-04-14T04:55:37.153510,tpe,lcbench,168329,1,900,6.424468040466309,"{""OpenML_task_id"": ""126029"", ""batch_size"": 496, ""epoch"": 3, ""learning_rate"": 0.09640624802769635, ""max_dropout"": 0.7177581144497753, ""max_units"": 92, ""momentum"": 0.8968803597117194, ""num_layers"": 5, ""weight_decay"": 0.03330760317912703}","{""time"": 6.424468040466309, ""val_accuracy"": 0.5342954993247986, ""val_cross_entropy"": 4.522982597351074, ""val_balanced_accuracy"": 0.011597713455557823, ""test_cross_entropy"": 4.601283073425293, ""test_balanced_accuracy"": 0.011922124773263931}"
2026-04-14T04:55:37.194589,tpe,lcbench,168329,1,901,1.1491858959197998,"{""OpenML_task_id"": ""126029"", ""batch_size"": 486, ""epoch"": 1, ""learning_rate"": 0.09358289580417527, ""max_dropout"": 0.7751981659827765, ""max_units"": 79, ""momentum"": 0.8771775486924082, ""num_layers"": 5, ""weight_decay"": 0.038445952666804825}","{""time"": 1.1491858959197998, ""val_accuracy"": 0.6350436806678772, ""val_cross_entropy"": 4.392549514770508, ""val_balanced_accuracy"": 0.01250472106039524, ""test_cross_entropy"": 4.6046061515808105, ""test_balanced_accuracy"": 0.01287914253771305}"
2026-04-14T04:55:37.235712,tpe,lcbench,168329,1,902,34.874454498291016,"{""OpenML_task_id"": ""167152"", ""batch_size"": 499, ""epoch"": 15, ""learning_rate"": 0.09719602769511029, ""max_dropout"": 0.7735506640828376, ""max_units"": 65, ""momentum"": 0.1895738920088222, ""num_layers"": 5, ""weight_decay"": 0.032680068841571645}","{""time"": 34.874454498291016, ""val_accuracy"": 0.6296956539154053, ""val_cross_entropy"": 4.527740001678467, ""val_balanced_accuracy"": 0.010589729994535446, ""test_cross_entropy"": 4.585459232330322, ""test_balanced_accuracy"": 0.010795772075653076}"
2026-04-14T04:55:37.277287,tpe,lcbench,168329,1,903,8.333498001098633,"{""OpenML_task_id"": ""126029"", ""batch_size"": 481, ""epoch"": 4, ""learning_rate"": 0.0984186590336795, ""max_dropout"": 0.770079279530488, ""max_units"": 82, ""momentum"": 0.8992813576335625, ""num_layers"": 5, ""weight_decay"": 0.0391014835901835}","{""time"": 8.333498001098633, ""val_accuracy"": 0.44182682037353516, ""val_cross_entropy"": 4.495561122894287, ""val_balanced_accuracy"": 0.011508951894938946, ""test_cross_entropy"": 4.610048294067383, ""test_balanced_accuracy"": 0.011794717982411385}"
2026-04-14T04:55:37.317363,tpe,lcbench,168329,1,904,3.8251748085021973,"{""OpenML_task_id"": ""126029"", ""batch_size"": 500, ""epoch"": 2, ""learning_rate"": 0.09520031370997134, ""max_dropout"": 0.748607020899657, ""max_units"": 95, ""momentum"": 0.9168990844443046, ""num_layers"": 5, ""weight_decay"": 0.03521558013136496}","{""time"": 3.8251748085021973, ""val_accuracy"": 0.5807404518127441, ""val_cross_entropy"": 4.513192653656006, ""val_balanced_accuracy"": 0.01184795144945383, ""test_cross_entropy"": 4.592281818389893, ""test_balanced_accuracy"": 0.012244090437889099}"
2026-04-14T04:55:37.361457,tpe,lcbench,168329,1,905,1.1115351915359497,"{""OpenML_task_id"": ""126029"", ""batch_size"": 487, ""epoch"": 1, ""learning_rate"": 0.09424040883466751, ""max_dropout"": 0.7761347666913376, ""max_units"": 65, ""momentum"": 0.8842882877716645, ""num_layers"": 5, ""weight_decay"": 0.0331068470861665}","{""time"": 1.1115351915359497, ""val_accuracy"": 0.6846907734870911, ""val_cross_entropy"": 4.3724260330200195, ""val_balanced_accuracy"": 0.012701423838734627, ""test_cross_entropy"": 4.6019158363342285, ""test_balanced_accuracy"": 0.013079888187348843}"
2026-04-14T04:55:37.402992,tpe,lcbench,168329,1,906,5.76348876953125,"{""OpenML_task_id"": ""126029"", ""batch_size"": 475, ""epoch"": 3, ""learning_rate"": 0.0940931745623235, ""max_dropout"": 0.7581335758037473, ""max_units"": 65, ""momentum"": 0.8541901444901977, ""num_layers"": 5, ""weight_decay"": 0.03225013251711228}","{""time"": 5.76348876953125, ""val_accuracy"": 0.5303995013237, ""val_cross_entropy"": 4.513364315032959, ""val_balanced_accuracy"": 0.01141165941953659, ""test_cross_entropy"": 4.605731964111328, ""test_balanced_accuracy"": 0.01169891282916069}"
2026-04-14T04:55:37.445046,tpe,lcbench,168329,1,907,1.1533693075180054,"{""OpenML_task_id"": ""168330"", ""batch_size"": 486, ""epoch"": 1, ""learning_rate"": 0.09010012686944571, ""max_dropout"": 0.714596145414793, ""max_units"": 65, ""momentum"": 0.8713071408164572, ""num_layers"": 5, ""weight_decay"": 0.03374087642839472}","{""time"": 1.1533693075180054, ""val_accuracy"": 0.6723819375038147, ""val_cross_entropy"": 4.387670516967773, ""val_balanced_accuracy"": 0.012574223801493645, ""test_cross_entropy"": 4.605690956115723, ""test_balanced_accuracy"": 0.012923164293169975}"
2026-04-14T04:55:37.485647,tpe,lcbench,168329,1,908,3.7094337940216064,"{""OpenML_task_id"": ""168330"", ""batch_size"": 476, ""epoch"": 2, ""learning_rate"": 0.09278160137755664, ""max_dropout"": 0.7155244336695323, ""max_units"": 80, ""momentum"": 0.8466673754334963, ""num_layers"": 5, ""weight_decay"": 0.03404176548516668}","{""time"": 3.7094337940216064, ""val_accuracy"": 0.5886057019233704, ""val_cross_entropy"": 4.51118278503418, ""val_balanced_accuracy"": 0.011566498316824436, ""test_cross_entropy"": 4.606805324554443, ""test_balanced_accuracy"": 0.011875689961016178}"
2026-04-14T04:55:37.524713,tpe,lcbench,168329,1,909,238.81716918945312,"{""OpenML_task_id"": ""168330"", ""batch_size"": 482, ""epoch"": 49, ""learning_rate"": 0.08998235345568484, ""max_dropout"": 0.7048543563551627, ""max_units"": 94, ""momentum"": 0.8646369849348483, ""num_layers"": 5, ""weight_decay"": 0.0289245634552108}","{""time"": 238.81716918945312, ""val_accuracy"": 0.5872387290000916, ""val_cross_entropy"": 4.621311187744141, ""val_balanced_accuracy"": 0.01045955065637827, ""test_cross_entropy"": 4.61568021774292, ""test_balanced_accuracy"": 0.010283239185810089}"
2026-04-14T04:55:37.563764,tpe,lcbench,168329,1,910,3.7094337940216064,"{""OpenML_task_id"": ""168330"", ""batch_size"": 487, ""epoch"": 2, ""learning_rate"": 0.09408659610426742, ""max_dropout"": 0.7248666229941015, ""max_units"": 82, ""momentum"": 0.8762093701834892, ""num_layers"": 5, ""weight_decay"": 0.03483451629843302}","{""time"": 3.7094337940216064, ""val_accuracy"": 0.5828277468681335, ""val_cross_entropy"": 4.511776447296143, ""val_balanced_accuracy"": 0.011679248884320259, ""test_cross_entropy"": 4.599651336669922, ""test_balanced_accuracy"": 0.012022966518998146}"
2026-04-14T04:55:37.604854,tpe,lcbench,168329,1,911,10.881196022033691,"{""OpenML_task_id"": ""168330"", ""batch_size"": 486, ""epoch"": 5, ""learning_rate"": 0.0902315316010218, ""max_dropout"": 0.689401073175429, ""max_units"": 66, ""momentum"": 0.865997647515039, ""num_layers"": 5, ""weight_decay"": 0.031834561259437975}","{""time"": 10.881196022033691, ""val_accuracy"": 0.46968480944633484, ""val_cross_entropy"": 4.528661727905273, ""val_balanced_accuracy"": 0.011065750382840633, ""test_cross_entropy"": 4.6125078201293945, ""test_balanced_accuracy"": 0.011277224868535995}"
2026-04-14T04:55:37.645402,tpe,lcbench,168329,1,912,1.2244873046875,"{""OpenML_task_id"": ""126029"", ""batch_size"": 476, ""epoch"": 1, ""learning_rate"": 0.09247569586849612, ""max_dropout"": 0.6405938321510867, ""max_units"": 66, ""momentum"": 0.8839145227783337, ""num_layers"": 5, ""weight_decay"": 0.02557396394768894}","{""time"": 1.2244873046875, ""val_accuracy"": 0.7454110980033875, ""val_cross_entropy"": 4.386968612670898, ""val_balanced_accuracy"": 0.01276495773345232, ""test_cross_entropy"": 4.61754846572876, ""test_balanced_accuracy"": 0.013088423758745193}"
2026-04-14T04:55:37.684012,tpe,lcbench,168329,1,913,3.431934118270874,"{""OpenML_task_id"": ""189865"", ""batch_size"": 492, ""epoch"": 2, ""learning_rate"": 0.09630275541004085, ""max_dropout"": 0.740006128149756, ""max_units"": 64, ""momentum"": 0.8405911339414724, ""num_layers"": 5, ""weight_decay"": 0.03854126774750614}","{""time"": 3.431934118270874, ""val_accuracy"": 0.5661537647247314, ""val_cross_entropy"": 4.490104675292969, ""val_balanced_accuracy"": 0.011596518568694592, ""test_cross_entropy"": 4.58866024017334, ""test_balanced_accuracy"": 0.011946594342589378}"
2026-04-14T04:55:37.723583,tpe,lcbench,168329,1,914,1.541032075881958,"{""OpenML_task_id"": ""168910"", ""batch_size"": 489, ""epoch"": 1, ""learning_rate"": 0.08796259996564743, ""max_dropout"": 0.755749004849648, ""max_units"": 65, ""momentum"": 0.1326796090408514, ""num_layers"": 5, ""weight_decay"": 0.034977612489107475}","{""time"": 1.541032075881958, ""val_accuracy"": 0.6073421835899353, ""val_cross_entropy"": 4.374256134033203, ""val_balanced_accuracy"": 0.012194959446787834, ""test_cross_entropy"": 4.55962610244751, ""test_balanced_accuracy"": 0.012482035905122757}"
2026-04-14T04:55:37.763680,tpe,lcbench,168329,1,915,8.167555809020996,"{""OpenML_task_id"": ""126029"", ""batch_size"": 474, ""epoch"": 4, ""learning_rate"": 0.09829979600684574, ""max_dropout"": 0.7212423949389801, ""max_units"": 64, ""momentum"": 0.8806044745486216, ""num_layers"": 5, ""weight_decay"": 0.030406595609820973}","{""time"": 8.167555809020996, ""val_accuracy"": 0.4823414087295532, ""val_cross_entropy"": 4.5161614418029785, ""val_balanced_accuracy"": 0.01131872832775116, ""test_cross_entropy"": 4.612881183624268, ""test_balanced_accuracy"": 0.01156674139201641}"
2026-04-14T04:55:37.803733,tpe,lcbench,168329,1,916,6.569492816925049,"{""OpenML_task_id"": ""126029"", ""batch_size"": 496, ""epoch"": 3, ""learning_rate"": 0.09502954756582029, ""max_dropout"": 0.6986808483222322, ""max_units"": 95, ""momentum"": 0.8590070573365524, ""num_layers"": 5, ""weight_decay"": 0.027814182764087723}","{""time"": 6.569492816925049, ""val_accuracy"": 0.6233466863632202, ""val_cross_entropy"": 4.535226345062256, ""val_balanced_accuracy"": 0.011786037124693394, ""test_cross_entropy"": 4.603923320770264, ""test_balanced_accuracy"": 0.012121493928134441}"
2026-04-14T04:55:37.843337,tpe,lcbench,168329,1,917,1.156158208847046,"{""OpenML_task_id"": ""168330"", ""batch_size"": 485, ""epoch"": 1, ""learning_rate"": 0.09083597888844497, ""max_dropout"": 0.6590604318388698, ""max_units"": 64, ""momentum"": 0.8965369519142764, ""num_layers"": 5, ""weight_decay"": 0.03277586239001369}","{""time"": 1.156158208847046, ""val_accuracy"": 0.6871083974838257, ""val_cross_entropy"": 4.391628742218018, ""val_balanced_accuracy"": 0.012607364915311337, ""test_cross_entropy"": 4.608982086181641, ""test_balanced_accuracy"": 0.012937049381434917}"
2026-04-14T04:55:37.883431,tpe,lcbench,168329,1,918,1.2370375394821167,"{""OpenML_task_id"": ""168330"", ""batch_size"": 475, ""epoch"": 1, ""learning_rate"": 0.09211850657039572, ""max_dropout"": 0.6612306917932274, ""max_units"": 94, ""momentum"": 0.8787691897441701, ""num_layers"": 5, ""weight_decay"": 0.036348857649319284}","{""time"": 1.2370375394821167, ""val_accuracy"": 0.6648197174072266, ""val_cross_entropy"": 4.4077935218811035, ""val_balanced_accuracy"": 0.012615086510777473, ""test_cross_entropy"": 4.617491722106934, ""test_balanced_accuracy"": 0.012943293899297714}"
2026-04-14T04:55:37.922644,tpe,lcbench,168329,1,919,6.197169303894043,"{""OpenML_task_id"": ""168330"", ""batch_size"": 483, ""epoch"": 3, ""learning_rate"": 0.08984150598514437, ""max_dropout"": 0.599552797929041, ""max_units"": 64, ""momentum"": 0.8927909384595216, ""num_layers"": 5, ""weight_decay"": 0.0315475598215683}","{""time"": 6.197169303894043, ""val_accuracy"": 0.5340560674667358, ""val_cross_entropy"": 4.53131103515625, ""val_balanced_accuracy"": 0.01129336841404438, ""test_cross_entropy"": 4.611343860626221, ""test_balanced_accuracy"": 0.011508513242006302}"
2026-04-14T04:55:37.966218,tpe,lcbench,168329,1,920,3.5895092487335205,"{""OpenML_task_id"": ""168330"", ""batch_size"": 486, ""epoch"": 2, ""learning_rate"": 0.09093507672621963, ""max_dropout"": 0.6496070205557999, ""max_units"": 64, ""momentum"": 0.8477166133054318, ""num_layers"": 5, ""weight_decay"": 0.03430730577520683}","{""time"": 3.5895092487335205, ""val_accuracy"": 0.6094622611999512, ""val_cross_entropy"": 4.495786190032959, ""val_balanced_accuracy"": 0.01158774085342884, ""test_cross_entropy"": 4.601884841918945, ""test_balanced_accuracy"": 0.011876210570335388}"
2026-04-14T04:55:38.009282,tpe,lcbench,168329,1,921,1.2565600872039795,"{""OpenML_task_id"": ""168330"", ""batch_size"": 476, ""epoch"": 1, ""learning_rate"": 0.09379537695058707, ""max_dropout"": 0.6685297022667596, ""max_units"": 92, ""momentum"": 0.8672825989266149, ""num_layers"": 5, ""weight_decay"": 0.0299758638132776}","{""time"": 1.2565600872039795, ""val_accuracy"": 0.716760516166687, ""val_cross_entropy"": 4.390402793884277, ""val_balanced_accuracy"": 0.012776429764926434, ""test_cross_entropy"": 4.619509220123291, ""test_balanced_accuracy"": 0.013125672936439514}"
2026-04-14T04:55:38.048831,tpe,lcbench,168329,1,922,3.7847352027893066,"{""OpenML_task_id"": ""167152"", ""batch_size"": 493, ""epoch"": 2, ""learning_rate"": 0.0997693961059423, ""max_dropout"": 0.627720023901551, ""max_units"": 81, ""momentum"": 0.8918788474827086, ""num_layers"": 5, ""weight_decay"": 0.03284671732202468}","{""time"": 3.7847352027893066, ""val_accuracy"": 0.6131958365440369, ""val_cross_entropy"": 4.505511283874512, ""val_balanced_accuracy"": 0.011799240484833717, ""test_cross_entropy"": 4.604995250701904, ""test_balanced_accuracy"": 0.01212350558489561}"
2026-04-14T04:55:38.090904,tpe,lcbench,168329,1,923,5.7202606201171875,"{""OpenML_task_id"": ""168331"", ""batch_size"": 499, ""epoch"": 3, ""learning_rate"": 0.08879305309791002, ""max_dropout"": 0.7741425336881563, ""max_units"": 64, ""momentum"": 0.9016169919488214, ""num_layers"": 5, ""weight_decay"": 0.03784920485273522}","{""time"": 5.7202606201171875, ""val_accuracy"": 0.5070953965187073, ""val_cross_entropy"": 4.510000705718994, ""val_balanced_accuracy"": 0.011573162861168385, ""test_cross_entropy"": 4.586559772491455, ""test_balanced_accuracy"": 0.011911713518202305}"
2026-04-14T04:55:38.131474,tpe,lcbench,168329,1,924,1.2440098524093628,"{""OpenML_task_id"": ""126029"", ""batch_size"": 485, ""epoch"": 1, ""learning_rate"": 0.09717730397570888, ""max_dropout"": 0.6867372036043162, ""max_units"": 92, ""momentum"": 0.8671476299350175, ""num_layers"": 5, ""weight_decay"": 0.02881641675347464}","{""time"": 1.2440098524093628, ""val_accuracy"": 0.730259120464325, ""val_cross_entropy"": 4.375216007232666, ""val_balanced_accuracy"": 0.012820125557482243, ""test_cross_entropy"": 4.616733074188232, ""test_balanced_accuracy"": 0.01320104394108057}"
2026-04-14T04:55:38.173025,tpe,lcbench,168329,1,925,24.53445816040039,"{""OpenML_task_id"": ""189873"", ""batch_size"": 474, ""epoch"": 4, ""learning_rate"": 0.0954253303265649, ""max_dropout"": 0.6532934346972163, ""max_units"": 659, ""momentum"": 0.9227764316687336, ""num_layers"": 5, ""weight_decay"": 0.03540865722611357}","{""time"": 24.53445816040039, ""val_accuracy"": 0.5756740570068359, ""val_cross_entropy"": 4.58660364151001, ""val_balanced_accuracy"": 0.01121953409165144, ""test_cross_entropy"": 4.630601406097412, ""test_balanced_accuracy"": 0.011467888019979}"
2026-04-14T04:55:38.213772,tpe,lcbench,168329,1,926,3.543491840362549,"{""OpenML_task_id"": ""126029"", ""batch_size"": 495, ""epoch"": 2, ""learning_rate"": 0.09254849444794028, ""max_dropout"": 0.7529239339715891, ""max_units"": 64, ""momentum"": 0.8795200234297347, ""num_layers"": 5, ""weight_decay"": 0.03127203926849055}","{""time"": 3.543491840362549, ""val_accuracy"": 0.6277732849121094, ""val_cross_entropy"": 4.500032424926758, ""val_balanced_accuracy"": 0.011878951452672482, ""test_cross_entropy"": 4.589816093444824, ""test_balanced_accuracy"": 0.012257011607289314}"
2026-04-14T04:55:38.254334,tpe,lcbench,168329,1,927,1.2467987537384033,"{""OpenML_task_id"": ""126029"", ""batch_size"": 487, ""epoch"": 1, ""learning_rate"": 0.08838978410200511, ""max_dropout"": 0.6124394493261361, ""max_units"": 64, ""momentum"": 0.9001297992571339, ""num_layers"": 5, ""weight_decay"": 0.024493023648651597}","{""time"": 1.2467987537384033, ""val_accuracy"": 0.7703899145126343, ""val_cross_entropy"": 4.381036281585693, ""val_balanced_accuracy"": 0.012765858322381973, ""test_cross_entropy"": 4.6136155128479, ""test_balanced_accuracy"": 0.013093466870486736}"
2026-04-14T04:55:38.293882,tpe,lcbench,168329,1,928,6.488613605499268,"{""OpenML_task_id"": ""168330"", ""batch_size"": 499, ""epoch"": 3, ""learning_rate"": 0.09088205435569466, ""max_dropout"": 0.7001707226798015, ""max_units"": 83, ""momentum"": 0.9195032149072233, ""num_layers"": 5, ""weight_decay"": 0.02684725167928402}","{""time"": 6.488613605499268, ""val_accuracy"": 0.6100682020187378, ""val_cross_entropy"": 4.538735389709473, ""val_balanced_accuracy"": 0.011841490864753723, ""test_cross_entropy"": 4.597527980804443, ""test_balanced_accuracy"": 0.012171860784292221}"
2026-04-14T04:55:38.334923,tpe,lcbench,168329,1,929,1.2258816957473755,"{""OpenML_task_id"": ""167185"", ""batch_size"": 501, ""epoch"": 1, ""learning_rate"": 0.09491132817600195, ""max_dropout"": 0.7707508645074379, ""max_units"": 96, ""momentum"": 0.8421528493657748, ""num_layers"": 5, ""weight_decay"": 0.03345340495695659}","{""time"": 1.2258816957473755, ""val_accuracy"": 0.7052122354507446, ""val_cross_entropy"": 4.364110946655273, ""val_balanced_accuracy"": 0.012787840329110622, ""test_cross_entropy"": 4.604691982269287, ""test_balanced_accuracy"": 0.013211850076913834}"
2026-04-14T04:55:38.376992,tpe,lcbench,168329,1,930,3.864220142364502,"{""OpenML_task_id"": ""168335"", ""batch_size"": 484, ""epoch"": 2, ""learning_rate"": 0.09322477820425941, ""max_dropout"": 0.68008196142704, ""max_units"": 95, ""momentum"": 0.8860856837551734, ""num_layers"": 5, ""weight_decay"": 0.03639014299807756}","{""time"": 3.864220142364502, ""val_accuracy"": 0.5749245882034302, ""val_cross_entropy"": 4.516819000244141, ""val_balanced_accuracy"": 0.011634225957095623, ""test_cross_entropy"": 4.605854034423828, ""test_balanced_accuracy"": 0.01195655670017004}"
2026-04-14T04:55:38.416551,tpe,lcbench,168329,1,931,34.4087028503418,"{""OpenML_task_id"": ""189866"", ""batch_size"": 493, ""epoch"": 12, ""learning_rate"": 0.09979055753394929, ""max_dropout"": 0.7500304954060275, ""max_units"": 83, ""momentum"": 0.8688905578433032, ""num_layers"": 5, ""weight_decay"": 0.03895846517670566}","{""time"": 34.4087028503418, ""val_accuracy"": 0.3817032277584076, ""val_cross_entropy"": 4.504107475280762, ""val_balanced_accuracy"": 0.010905418545007706, ""test_cross_entropy"": 4.603326320648193, ""test_balanced_accuracy"": 0.011057142168283463}"
2026-04-14T04:55:38.458112,tpe,lcbench,168329,1,932,3.8433029651641846,"{""OpenML_task_id"": ""189905"", ""batch_size"": 473, ""epoch"": 2, ""learning_rate"": 0.09070213924744915, ""max_dropout"": 0.7141226111141927, ""max_units"": 84, ""momentum"": 0.9069333593010732, ""num_layers"": 5, ""weight_decay"": 0.031459755864072125}","{""time"": 3.8433029651641846, ""val_accuracy"": 0.5839349031448364, ""val_cross_entropy"": 4.531344890594482, ""val_balanced_accuracy"": 0.011634447611868382, ""test_cross_entropy"": 4.608495235443115, ""test_balanced_accuracy"": 0.01195306796580553}"
2026-04-14T04:55:38.499720,tpe,lcbench,168329,1,933,2.238267421722412,"{""OpenML_task_id"": ""126029"", ""batch_size"": 499, ""epoch"": 1, ""learning_rate"": 0.09745643930006198, ""max_dropout"": 0.7820184668972524, ""max_units"": 801, ""momentum"": 0.9194885186236565, ""num_layers"": 5, ""weight_decay"": 0.034006987340299846}","{""time"": 2.238267421722412, ""val_accuracy"": 0.8821115493774414, ""val_cross_entropy"": 4.4142255783081055, ""val_balanced_accuracy"": 0.013074375689029694, ""test_cross_entropy"": 4.61749267578125, ""test_balanced_accuracy"": 0.013488552533090115}"
2026-04-14T04:55:38.542294,tpe,lcbench,168329,1,934,14.106606483459473,"{""OpenML_task_id"": ""167181"", ""batch_size"": 502, ""epoch"": 6, ""learning_rate"": 0.08268066383864178, ""max_dropout"": 0.6385381835809035, ""max_units"": 64, ""momentum"": 0.8895735781362333, ""num_layers"": 5, ""weight_decay"": 0.028821452864877594}","{""time"": 14.106606483459473, ""val_accuracy"": 0.4971592426300049, ""val_cross_entropy"": 4.538898944854736, ""val_balanced_accuracy"": 0.01107829436659813, ""test_cross_entropy"": 4.607638835906982, ""test_balanced_accuracy"": 0.011266153305768967}"
2026-04-14T04:55:38.582807,tpe,lcbench,168329,1,935,9.037705421447754,"{""OpenML_task_id"": ""126026"", ""batch_size"": 488, ""epoch"": 4, ""learning_rate"": 0.08787891601231687, ""max_dropout"": 0.7369029788732868, ""max_units"": 98, ""momentum"": 0.8594730723575801, ""num_layers"": 5, ""weight_decay"": 0.03588668598281765}","{""time"": 9.037705421447754, ""val_accuracy"": 0.48002034425735474, ""val_cross_entropy"": 4.53514289855957, ""val_balanced_accuracy"": 0.011186989024281502, ""test_cross_entropy"": 4.609289646148682, ""test_balanced_accuracy"": 0.011463754810392857}"
2026-04-14T04:55:38.626363,tpe,lcbench,168329,1,936,5.789983749389648,"{""OpenML_task_id"": ""167152"", ""batch_size"": 484, ""epoch"": 3, ""learning_rate"": 0.0961193891607705, ""max_dropout"": 0.7551942126328723, ""max_units"": 64, ""momentum"": 0.8969120872158959, ""num_layers"": 5, ""weight_decay"": 0.03230795540767468}","{""time"": 5.789983749389648, ""val_accuracy"": 0.5211058855056763, ""val_cross_entropy"": 4.506455898284912, ""val_balanced_accuracy"": 0.011580980382859707, ""test_cross_entropy"": 4.600367069244385, ""test_balanced_accuracy"": 0.011890036053955555}"
2026-04-14T04:55:38.668406,tpe,lcbench,168329,1,937,1.1714973449707031,"{""OpenML_task_id"": ""168910"", ""batch_size"": 501, ""epoch"": 1, ""learning_rate"": 0.09235457344878123, ""max_dropout"": 0.6746951819630245, ""max_units"": 83, ""momentum"": 0.920381988508671, ""num_layers"": 5, ""weight_decay"": 0.037701777011254566}","{""time"": 1.1714973449707031, ""val_accuracy"": 0.6625121235847473, ""val_cross_entropy"": 4.388678550720215, ""val_balanced_accuracy"": 0.012570722959935665, ""test_cross_entropy"": 4.605461120605469, ""test_balanced_accuracy"": 0.012933866120874882}"
2026-04-14T04:55:38.709999,tpe,lcbench,168329,1,938,3.9576494693756104,"{""OpenML_task_id"": ""168910"", ""batch_size"": 474, ""epoch"": 2, ""learning_rate"": 0.09336293343954068, ""max_dropout"": 0.671398083078648, ""max_units"": 100, ""momentum"": 0.9211075356436236, ""num_layers"": 5, ""weight_decay"": 0.03945955253323614}","{""time"": 3.9576494693756104, ""val_accuracy"": 0.5231224894523621, ""val_cross_entropy"": 4.528738975524902, ""val_balanced_accuracy"": 0.011489322409033775, ""test_cross_entropy"": 4.609735488891602, ""test_balanced_accuracy"": 0.011778037063777447}"
2026-04-14T04:55:38.752547,tpe,lcbench,168329,1,939,1.2133314609527588,"{""OpenML_task_id"": ""168330"", ""batch_size"": 493, ""epoch"": 1, ""learning_rate"": 0.09180993359871888, ""max_dropout"": 0.6959749559168897, ""max_units"": 97, ""momentum"": 0.9187813269495403, ""num_layers"": 5, ""weight_decay"": 0.03767028997460609}","{""time"": 1.2133314609527588, ""val_accuracy"": 0.6556134223937988, ""val_cross_entropy"": 4.399919509887695, ""val_balanced_accuracy"": 0.012552010826766491, ""test_cross_entropy"": 4.6100029945373535, ""test_balanced_accuracy"": 0.012919245287775993}"
2026-04-14T04:55:38.794102,tpe,lcbench,168329,1,940,2035.8643798828125,"{""OpenML_task_id"": ""189865"", ""batch_size"": 503, ""epoch"": 52, ""learning_rate"": 0.08866504542095108, ""max_dropout"": 0.6456582738056712, ""max_units"": 884, ""momentum"": 0.876064736811098, ""num_layers"": 5, ""weight_decay"": 0.037394353041176435}","{""time"": 2035.8643798828125, ""val_accuracy"": 0.9257312417030334, ""val_cross_entropy"": 4.842580318450928, ""val_balanced_accuracy"": 0.008429240435361862, ""test_cross_entropy"": 4.587927341461182, ""test_balanced_accuracy"": 0.0082760164514184}"
2026-04-14T04:55:38.834249,tpe,lcbench,168329,1,941,13.378692626953125,"{""OpenML_task_id"": ""3945"", ""batch_size"": 481, ""epoch"": 3, ""learning_rate"": 0.09526029560333586, ""max_dropout"": 0.6770133291235532, ""max_units"": 487, ""momentum"": 0.919248161144462, ""num_layers"": 5, ""weight_decay"": 0.029779618754409133}","{""time"": 13.378692626953125, ""val_accuracy"": 0.6912912726402283, ""val_cross_entropy"": 4.586188316345215, ""val_balanced_accuracy"": 0.012052493169903755, ""test_cross_entropy"": 4.6251420974731445, ""test_balanced_accuracy"": 0.012409775517880917}"
2026-04-14T04:55:38.874808,tpe,lcbench,168329,1,942,3.802863359451294,"{""OpenML_task_id"": ""168910"", ""batch_size"": 492, ""epoch"": 2, ""learning_rate"": 0.09015355404051487, ""max_dropout"": 0.6619608241690904, ""max_units"": 81, ""momentum"": 0.9060910539053865, ""num_layers"": 5, ""weight_decay"": 0.033599846181676746}","{""time"": 3.802863359451294, ""val_accuracy"": 0.6062265038490295, ""val_cross_entropy"": 4.516747951507568, ""val_balanced_accuracy"": 0.01171076763421297, ""test_cross_entropy"": 4.600890159606934, ""test_balanced_accuracy"": 0.012031340040266514}"
2026-04-14T04:55:38.916468,tpe,lcbench,168329,1,943,1.1673139333724976,"{""OpenML_task_id"": ""168910"", ""batch_size"": 503, ""epoch"": 1, ""learning_rate"": 0.09362765545759971, ""max_dropout"": 0.7111408126857157, ""max_units"": 64, ""momentum"": 0.882699903191384, ""num_layers"": 5, ""weight_decay"": 0.026794568639680494}","{""time"": 1.1673139333724976, ""val_accuracy"": 0.7596086263656616, ""val_cross_entropy"": 4.363759517669678, ""val_balanced_accuracy"": 0.012930191121995449, ""test_cross_entropy"": 4.600883483886719, ""test_balanced_accuracy"": 0.013350795954465866}"
2026-04-14T04:55:38.957021,tpe,lcbench,168329,1,944,9.874387741088867,"{""OpenML_task_id"": ""126029"", ""batch_size"": 503, ""epoch"": 2, ""learning_rate"": 0.09230833375224305, ""max_dropout"": 0.7087501477579473, ""max_units"": 947, ""momentum"": 0.8457499676328919, ""num_layers"": 5, ""weight_decay"": 0.02633471640114741}","{""time"": 9.874387741088867, ""val_accuracy"": 1.104027271270752, ""val_cross_entropy"": 4.617917060852051, ""val_balanced_accuracy"": 0.014456069096922874, ""test_cross_entropy"": 4.601324558258057, ""test_balanced_accuracy"": 0.014973358251154423}"
2026-04-14T04:55:38.999115,tpe,lcbench,168329,1,945,1.2342485189437866,"{""OpenML_task_id"": ""126029"", ""batch_size"": 503, ""epoch"": 1, ""learning_rate"": 0.09426085065359943, ""max_dropout"": 0.7224908499214645, ""max_units"": 80, ""momentum"": 0.854548724826612, ""num_layers"": 5, ""weight_decay"": 0.026344419684370617}","{""time"": 1.2342485189437866, ""val_accuracy"": 0.7739983797073364, ""val_cross_entropy"": 4.35670280456543, ""val_balanced_accuracy"": 0.013020150363445282, ""test_cross_entropy"": 4.605068683624268, ""test_balanced_accuracy"": 0.013454250060021877}"
2026-04-14T04:55:39.039665,tpe,lcbench,168329,1,946,8.425533294677734,"{""OpenML_task_id"": ""168910"", ""batch_size"": 504, ""epoch"": 4, ""learning_rate"": 0.09061720377114293, ""max_dropout"": 0.6871293474636884, ""max_units"": 64, ""momentum"": 0.8786294970402223, ""num_layers"": 5, ""weight_decay"": 0.030569357614975215}","{""time"": 8.425533294677734, ""val_accuracy"": 0.530567467212677, ""val_cross_entropy"": 4.522604465484619, ""val_balanced_accuracy"": 0.011418125592172146, ""test_cross_entropy"": 4.599537372589111, ""test_balanced_accuracy"": 0.011690503917634487}"
2026-04-14T04:55:39.086733,tpe,lcbench,168329,1,947,6.205536365509033,"{""OpenML_task_id"": ""168910"", ""batch_size"": 489, ""epoch"": 3, ""learning_rate"": 0.08763469037484606, ""max_dropout"": 0.7302352031709395, ""max_units"": 80, ""momentum"": 0.8632972562439983, ""num_layers"": 5, ""weight_decay"": 0.029081664932950873}","{""time"": 6.205536365509033, ""val_accuracy"": 0.595090925693512, ""val_cross_entropy"": 4.532238006591797, ""val_balanced_accuracy"": 0.011608978733420372, ""test_cross_entropy"": 4.602220058441162, ""test_balanced_accuracy"": 0.011921850964426994}"
2026-04-14T04:55:39.130784,tpe,lcbench,168329,1,948,1.2942107915878296,"{""OpenML_task_id"": ""168330"", ""batch_size"": 479, ""epoch"": 1, ""learning_rate"": 0.09306536161405819, ""max_dropout"": 0.7050144338288525, ""max_units"": 97, ""momentum"": 0.8829182408177836, ""num_layers"": 5, ""weight_decay"": 0.0245631944831326}","{""time"": 1.2942107915878296, ""val_accuracy"": 0.779734194278717, ""val_cross_entropy"": 4.3720245361328125, ""val_balanced_accuracy"": 0.012961970642209053, ""test_cross_entropy"": 4.619560241699219, ""test_balanced_accuracy"": 0.013342751190066338}"
2026-04-14T04:55:39.172880,tpe,lcbench,168329,1,949,3.984144449234009,"{""OpenML_task_id"": ""126029"", ""batch_size"": 503, ""epoch"": 2, ""learning_rate"": 0.08351939595900013, ""max_dropout"": 0.7475024716416565, ""max_units"": 85, ""momentum"": 0.8396589890104182, ""num_layers"": 5, ""weight_decay"": 0.02757446923078345}","{""time"": 3.984144449234009, ""val_accuracy"": 0.7070169448852539, ""val_cross_entropy"": 4.51066780090332, ""val_balanced_accuracy"": 0.012010635808110237, ""test_cross_entropy"": 4.5920329093933105, ""test_balanced_accuracy"": 0.012400760315358639}"
2026-04-14T04:55:39.216944,tpe,lcbench,168329,1,950,1.1212964057922363,"{""OpenML_task_id"": ""168910"", ""batch_size"": 504, ""epoch"": 1, ""learning_rate"": 0.09194709991685322, ""max_dropout"": 0.6941857589916205, ""max_units"": 64, ""momentum"": 0.8876215185962018, ""num_layers"": 5, ""weight_decay"": 0.03902870100906183}","{""time"": 1.1212964057922363, ""val_accuracy"": 0.6517148017883301, ""val_cross_entropy"": 4.375783443450928, ""val_balanced_accuracy"": 0.012515123933553696, ""test_cross_entropy"": 4.5982866287231445, ""test_balanced_accuracy"": 0.012880591675639153}"
2026-04-14T04:55:39.262005,tpe,lcbench,168329,1,951,11.652338027954102,"{""OpenML_task_id"": ""168910"", ""batch_size"": 492, ""epoch"": 5, ""learning_rate"": 0.09164744881962913, ""max_dropout"": 0.6891730082743495, ""max_units"": 82, ""momentum"": 0.8957425550397723, ""num_layers"": 5, ""weight_decay"": 0.039568024400459006}","{""time"": 11.652338027954102, ""val_accuracy"": 0.43496447801589966, ""val_cross_entropy"": 4.511702537536621, ""val_balanced_accuracy"": 0.011308068409562111, ""test_cross_entropy"": 4.610446453094482, ""test_balanced_accuracy"": 0.011526131071150303}"
2026-04-14T04:55:39.301608,tpe,lcbench,168329,1,952,6.50534725189209,"{""OpenML_task_id"": ""168910"", ""batch_size"": 472, ""epoch"": 3, ""learning_rate"": 0.0945683726182284, ""max_dropout"": 0.6653090756813616, ""max_units"": 97, ""momentum"": 0.8681117314773065, ""num_layers"": 5, ""weight_decay"": 0.03835303278620767}","{""time"": 6.50534725189209, ""val_accuracy"": 0.48491132259368896, ""val_cross_entropy"": 4.529886722564697, ""val_balanced_accuracy"": 0.01123135257512331, ""test_cross_entropy"": 4.615701198577881, ""test_balanced_accuracy"": 0.011465328745543957}"
2026-04-14T04:55:39.342773,tpe,lcbench,168329,1,953,4.010639667510986,"{""OpenML_task_id"": ""168910"", ""batch_size"": 484, ""epoch"": 2, ""learning_rate"": 0.09215498464735135, ""max_dropout"": 0.6927685699155762, ""max_units"": 81, ""momentum"": 0.8991837749613016, ""num_layers"": 5, ""weight_decay"": 0.023006144558786357}","{""time"": 4.010639667510986, ""val_accuracy"": 0.7287494540214539, ""val_cross_entropy"": 4.5239996910095215, ""val_balanced_accuracy"": 0.012184403836727142, ""test_cross_entropy"": 4.604355812072754, ""test_balanced_accuracy"": 0.01254095509648323}"
2026-04-14T04:55:39.383332,tpe,lcbench,168329,1,954,1.2091480493545532,"{""OpenML_task_id"": ""168331"", ""batch_size"": 495, ""epoch"": 1, ""learning_rate"": 0.09081576734424154, ""max_dropout"": 0.7650288612536171, ""max_units"": 103, ""momentum"": 0.9229233902147507, ""num_layers"": 5, ""weight_decay"": 0.039952353054501274}","{""time"": 1.2091480493545532, ""val_accuracy"": 0.6376823782920837, ""val_cross_entropy"": 4.399600982666016, ""val_balanced_accuracy"": 0.012501382268965244, ""test_cross_entropy"": 4.605113506317139, ""test_balanced_accuracy"": 0.01288700569421053}"
2026-04-14T04:55:39.424403,tpe,lcbench,168329,1,955,6.219480991363525,"{""OpenML_task_id"": ""167185"", ""batch_size"": 503, ""epoch"": 3, ""learning_rate"": 0.08955540757813742, ""max_dropout"": 0.7079053214149156, ""max_units"": 81, ""momentum"": 0.8828385705230894, ""num_layers"": 5, ""weight_decay"": 0.03681473260008869}","{""time"": 6.219480991363525, ""val_accuracy"": 0.5260732173919678, ""val_cross_entropy"": 4.520631313323975, ""val_balanced_accuracy"": 0.011463973671197891, ""test_cross_entropy"": 4.593107223510742, ""test_balanced_accuracy"": 0.011774780228734016}"
2026-04-14T04:55:39.466020,tpe,lcbench,168329,1,956,1.1143240928649902,"{""OpenML_task_id"": ""168910"", ""batch_size"": 482, ""epoch"": 1, ""learning_rate"": 0.09397786258620053, ""max_dropout"": 0.7377299297272168, ""max_units"": 64, ""momentum"": 0.9014098862647294, ""num_layers"": 5, ""weight_decay"": 0.035440337634189155}","{""time"": 1.1143240928649902, ""val_accuracy"": 0.6455044746398926, ""val_cross_entropy"": 4.3982977867126465, ""val_balanced_accuracy"": 0.012510040774941444, ""test_cross_entropy"": 4.605250358581543, ""test_balanced_accuracy"": 0.012860585004091263}"
2026-04-14T04:55:39.506548,tpe,lcbench,168329,1,957,9.114401817321777,"{""OpenML_task_id"": ""168910"", ""batch_size"": 475, ""epoch"": 4, ""learning_rate"": 0.09423852279235453, ""max_dropout"": 0.7193170806622421, ""max_units"": 98, ""momentum"": 0.9044345608827552, ""num_layers"": 5, ""weight_decay"": 0.036458136856712356}","{""time"": 9.114401817321777, ""val_accuracy"": 0.4515329599380493, ""val_cross_entropy"": 4.522533416748047, ""val_balanced_accuracy"": 0.011332640424370766, ""test_cross_entropy"": 4.617486476898193, ""test_balanced_accuracy"": 0.01157804299145937}"
2026-04-14T04:55:39.546653,tpe,lcbench,168329,1,958,169.6946563720703,"{""OpenML_task_id"": ""168335"", ""batch_size"": 471, ""epoch"": 41, ""learning_rate"": 0.09715098333215899, ""max_dropout"": 0.7314170103531321, ""max_units"": 64, ""momentum"": 0.9290944265667832, ""num_layers"": 5, ""weight_decay"": 0.039008800684855086}","{""time"": 169.6946563720703, ""val_accuracy"": 0.45850276947021484, ""val_cross_entropy"": 4.5611982345581055, ""val_balanced_accuracy"": 0.010822677053511143, ""test_cross_entropy"": 4.608922958374023, ""test_balanced_accuracy"": 0.010685985907912254}"
2026-04-14T04:55:39.589303,tpe,lcbench,168329,1,959,3.5685923099517822,"{""OpenML_task_id"": ""189873"", ""batch_size"": 487, ""epoch"": 2, ""learning_rate"": 0.0940903035988009, ""max_dropout"": 0.6746948457451224, ""max_units"": 65, ""momentum"": 0.9047753861086941, ""num_layers"": 5, ""weight_decay"": 0.03564489073965359}","{""time"": 3.5685923099517822, ""val_accuracy"": 0.5668085217475891, ""val_cross_entropy"": 4.514019966125488, ""val_balanced_accuracy"": 0.01161097176373005, ""test_cross_entropy"": 4.599137783050537, ""test_balanced_accuracy"": 0.01191337313503027}"
2026-04-14T04:55:39.630472,tpe,lcbench,168329,1,960,1.1212964057922363,"{""OpenML_task_id"": ""126029"", ""batch_size"": 481, ""epoch"": 1, ""learning_rate"": 0.09205185657357641, ""max_dropout"": 0.6957345313155299, ""max_units"": 64, ""momentum"": 0.9237211900706507, ""num_layers"": 5, ""weight_decay"": 0.03783028637727115}","{""time"": 1.1212964057922363, ""val_accuracy"": 0.6244974732398987, ""val_cross_entropy"": 4.414066314697266, ""val_balanced_accuracy"": 0.012436693534255028, ""test_cross_entropy"": 4.606905937194824, ""test_balanced_accuracy"": 0.012755271047353745}"
2026-04-14T04:55:39.673064,tpe,lcbench,168329,1,961,146.13368225097656,"{""OpenML_task_id"": ""126029"", ""batch_size"": 470, ""epoch"": 30, ""learning_rate"": 0.09609722712503033, ""max_dropout"": 0.6621493432528713, ""max_units"": 99, ""momentum"": 0.9249840988261108, ""num_layers"": 5, ""weight_decay"": 0.03889495681647029}","{""time"": 146.13368225097656, ""val_accuracy"": 0.4312898814678192, ""val_cross_entropy"": 4.56128454208374, ""val_balanced_accuracy"": 0.010787888430058956, ""test_cross_entropy"": 4.607189655303955, ""test_balanced_accuracy"": 0.01067989319562912}"
2026-04-14T04:55:39.713111,tpe,lcbench,168329,1,962,5.900146961212158,"{""OpenML_task_id"": ""168910"", ""batch_size"": 482, ""epoch"": 3, ""learning_rate"": 0.09273698357042091, ""max_dropout"": 0.6999355727177062, ""max_units"": 64, ""momentum"": 0.9240629604341782, ""num_layers"": 5, ""weight_decay"": 0.03718588886372765}","{""time"": 5.900146961212158, ""val_accuracy"": 0.4813791513442993, ""val_cross_entropy"": 4.5111517906188965, ""val_balanced_accuracy"": 0.011466181837022305, ""test_cross_entropy"": 4.6057963371276855, ""test_balanced_accuracy"": 0.011719191446900368}"
2026-04-14T04:55:39.755699,tpe,lcbench,168329,1,963,3.558830976486206,"{""OpenML_task_id"": ""168910"", ""batch_size"": 482, ""epoch"": 2, ""learning_rate"": 0.08984263265060743, ""max_dropout"": 0.6878108528121958, ""max_units"": 64, ""momentum"": 0.9184112482876663, ""num_layers"": 5, ""weight_decay"": 0.039476743722561054}","{""time"": 3.558830976486206, ""val_accuracy"": 0.5227574110031128, ""val_cross_entropy"": 4.525236129760742, ""val_balanced_accuracy"": 0.011416339315474033, ""test_cross_entropy"": 4.596947193145752, ""test_balanced_accuracy"": 0.01169538777321577}"
2026-04-14T04:55:39.797843,tpe,lcbench,168329,1,964,1.231459617614746,"{""OpenML_task_id"": ""168910"", ""batch_size"": 476, ""epoch"": 1, ""learning_rate"": 0.09185996062733454, ""max_dropout"": 0.6761324740888902, ""max_units"": 98, ""momentum"": 0.9266494459436588, ""num_layers"": 5, ""weight_decay"": 0.03542177652591165}","{""time"": 1.231459617614746, ""val_accuracy"": 0.6557597517967224, ""val_cross_entropy"": 4.419581413269043, ""val_balanced_accuracy"": 0.012558476999402046, ""test_cross_entropy"": 4.6160712242126465, ""test_balanced_accuracy"": 0.012890349142253399}"
2026-04-14T04:55:39.837898,tpe,lcbench,168329,1,965,1.1756807565689087,"{""OpenML_task_id"": ""168910"", ""batch_size"": 469, ""epoch"": 1, ""learning_rate"": 0.09547931930630656, ""max_dropout"": 0.6513620076380143, ""max_units"": 83, ""momentum"": 0.9054767271723928, ""num_layers"": 5, ""weight_decay"": 0.04048752268758748}","{""time"": 1.1756807565689087, ""val_accuracy"": 0.6140209436416626, ""val_cross_entropy"": 4.423951625823975, ""val_balanced_accuracy"": 0.012471969239413738, ""test_cross_entropy"": 4.616067886352539, ""test_balanced_accuracy"": 0.01275463867932558}"
2026-04-14T04:55:39.880446,tpe,lcbench,168329,1,966,3.9172098636627197,"{""OpenML_task_id"": ""168910"", ""batch_size"": 474, ""epoch"": 2, ""learning_rate"": 0.09600127383522222, ""max_dropout"": 0.6462065251273392, ""max_units"": 98, ""momentum"": 0.9054847654241557, ""num_layers"": 5, ""weight_decay"": 0.04050836901253299}","{""time"": 3.9172098636627197, ""val_accuracy"": 0.5209438800811768, ""val_cross_entropy"": 4.522624969482422, ""val_balanced_accuracy"": 0.011469791643321514, ""test_cross_entropy"": 4.611213684082031, ""test_balanced_accuracy"": 0.011750549077987671}"
2026-04-14T04:55:39.924010,tpe,lcbench,168329,1,967,6.325460433959961,"{""OpenML_task_id"": ""168910"", ""batch_size"": 472, ""epoch"": 3, ""learning_rate"": 0.09748750330540687, ""max_dropout"": 0.6425327910753881, ""max_units"": 83, ""momentum"": 0.9278785706517718, ""num_layers"": 5, ""weight_decay"": 0.04123041590753115}","{""time"": 6.325460433959961, ""val_accuracy"": 0.45753568410873413, ""val_cross_entropy"": 4.500850200653076, ""val_balanced_accuracy"": 0.01153048500418663, ""test_cross_entropy"": 4.616459369659424, ""test_balanced_accuracy"": 0.011755638755857944}"
2026-04-14T04:55:39.968584,tpe,lcbench,168329,1,968,1.223092794418335,"{""OpenML_task_id"": ""168910"", ""batch_size"": 469, ""epoch"": 1, ""learning_rate"": 0.09365033151892362, ""max_dropout"": 0.6614501246339236, ""max_units"": 98, ""momentum"": 0.903658392388383, ""num_layers"": 5, ""weight_decay"": 0.040449631070776024}","{""time"": 1.223092794418335, ""val_accuracy"": 0.6211901307106018, ""val_cross_entropy"": 4.424036026000977, ""val_balanced_accuracy"": 0.012494279071688652, ""test_cross_entropy"": 4.618091106414795, ""test_balanced_accuracy"": 0.012789864093065262}"
2026-04-14T04:55:40.010647,tpe,lcbench,168329,1,969,8.659804344177246,"{""OpenML_task_id"": ""168910"", ""batch_size"": 483, ""epoch"": 4, ""learning_rate"": 0.09535186287200416, ""max_dropout"": 0.6840262163175397, ""max_units"": 82, ""momentum"": 0.8653239066167865, ""num_layers"": 5, ""weight_decay"": 0.03771590651726828}","{""time"": 8.659804344177246, ""val_accuracy"": 0.46240654587745667, ""val_cross_entropy"": 4.5162034034729, ""val_balanced_accuracy"": 0.011224435642361641, ""test_cross_entropy"": 4.613144874572754, ""test_balanced_accuracy"": 0.011451516300439835}"
2026-04-14T04:55:40.050820,tpe,lcbench,168329,1,970,3.945099353790283,"{""OpenML_task_id"": ""168910"", ""batch_size"": 482, ""epoch"": 2, ""learning_rate"": 0.09334541183529392, ""max_dropout"": 0.6522451631504891, ""max_units"": 102, ""momentum"": 0.8898101318323136, ""num_layers"": 5, ""weight_decay"": 0.03776914718555772}","{""time"": 3.945099353790283, ""val_accuracy"": 0.5652366280555725, ""val_cross_entropy"": 4.519740581512451, ""val_balanced_accuracy"": 0.01159598771482706, ""test_cross_entropy"": 4.608730792999268, ""test_balanced_accuracy"": 0.011907716281712055}"
2026-04-14T04:55:40.093253,tpe,lcbench,168329,1,971,1.193808913230896,"{""OpenML_task_id"": ""168910"", ""batch_size"": 492, ""epoch"": 1, ""learning_rate"": 0.08883503754127758, ""max_dropout"": 0.6359950912550252, ""max_units"": 82, ""momentum"": 0.9247430269267355, ""num_layers"": 5, ""weight_decay"": 0.04074084376914979}","{""time"": 1.193808913230896, ""val_accuracy"": 0.6354823112487793, ""val_cross_entropy"": 4.410828113555908, ""val_balanced_accuracy"": 0.012469209730625153, ""test_cross_entropy"": 4.607155799865723, ""test_balanced_accuracy"": 0.012778209522366524}"
2026-04-14T04:55:40.134339,tpe,lcbench,168329,1,972,3.7052505016326904,"{""OpenML_task_id"": ""168910"", ""batch_size"": 470, ""epoch"": 2, ""learning_rate"": 0.09124142880776238, ""max_dropout"": 0.7050486122644698, ""max_units"": 81, ""momentum"": 0.9037841371331002, ""num_layers"": 5, ""weight_decay"": 0.03796041490731977}","{""time"": 3.7052505016326904, ""val_accuracy"": 0.5235087275505066, ""val_cross_entropy"": 4.531434535980225, ""val_balanced_accuracy"": 0.011408786289393902, ""test_cross_entropy"": 4.608065128326416, ""test_balanced_accuracy"": 0.011692957021296024}"
2026-04-14T04:55:40.175946,tpe,lcbench,168329,1,973,1.2356430292129517,"{""OpenML_task_id"": ""168910"", ""batch_size"": 487, ""epoch"": 1, ""learning_rate"": 0.09718758392443817, ""max_dropout"": 0.6736247112830996, ""max_units"": 102, ""momentum"": 0.8767868253384167, ""num_layers"": 5, ""weight_decay"": 0.03627089592926742}","{""time"": 1.2356430292129517, ""val_accuracy"": 0.6765977144241333, ""val_cross_entropy"": 4.391314506530762, ""val_balanced_accuracy"": 0.012682444415986538, ""test_cross_entropy"": 4.61514139175415, ""test_balanced_accuracy"": 0.0130534702911973}"
2026-04-14T04:55:40.218331,tpe,lcbench,168329,1,974,16.41724395751953,"{""OpenML_task_id"": ""168910"", ""batch_size"": 494, ""epoch"": 3, ""learning_rate"": 0.09492172357922063, ""max_dropout"": 0.6944216379722188, ""max_units"": 844, ""momentum"": 0.9234761653988528, ""num_layers"": 5, ""weight_decay"": 0.00799929098284112}","{""time"": 16.41724395751953, ""val_accuracy"": 1.5722368955612183, ""val_cross_entropy"": 4.383744239807129, ""val_balanced_accuracy"": 0.019731460139155388, ""test_cross_entropy"": 4.586028575897217, ""test_balanced_accuracy"": 0.02007095329463482}"
2026-04-14T04:55:40.260380,tpe,lcbench,168329,1,975,1.2119370698928833,"{""OpenML_task_id"": ""126029"", ""batch_size"": 483, ""epoch"": 1, ""learning_rate"": 0.09221475078502106, ""max_dropout"": 0.6617463624887092, ""max_units"": 82, ""momentum"": 0.8539820557353727, ""num_layers"": 5, ""weight_decay"": 0.03489497443338056}","{""time"": 1.2119370698928833, ""val_accuracy"": 0.6839428544044495, ""val_cross_entropy"": 4.387814521789551, ""val_balanced_accuracy"": 0.012675189413130283, ""test_cross_entropy"": 4.612673282623291, ""test_balanced_accuracy"": 0.013013670220971107}"
2026-04-14T04:55:40.301438,tpe,lcbench,168329,1,976,6.169280052185059,"{""OpenML_task_id"": ""168910"", ""batch_size"": 495, ""epoch"": 3, ""learning_rate"": 0.08958352608961834, ""max_dropout"": 0.7137686063312612, ""max_units"": 82, ""momentum"": 0.8917641773882798, ""num_layers"": 5, ""weight_decay"": 0.039298839381897495}","{""time"": 6.169280052185059, ""val_accuracy"": 0.5012085437774658, ""val_cross_entropy"": 4.519987106323242, ""val_balanced_accuracy"": 0.011438680812716484, ""test_cross_entropy"": 4.596436977386475, ""test_balanced_accuracy"": 0.011727173812687397}"
2026-04-14T04:55:40.344019,tpe,lcbench,168329,1,977,3.99808931350708,"{""OpenML_task_id"": ""126029"", ""batch_size"": 479, ""epoch"": 2, ""learning_rate"": 0.0877332451259568, ""max_dropout"": 0.6959350426393943, ""max_units"": 103, ""momentum"": 0.909145528512213, ""num_layers"": 5, ""weight_decay"": 0.036506360947214996}","{""time"": 3.99808931350708, ""val_accuracy"": 0.5613880157470703, ""val_cross_entropy"": 4.532793998718262, ""val_balanced_accuracy"": 0.011554591357707977, ""test_cross_entropy"": 4.607629299163818, ""test_balanced_accuracy"": 0.01187086571007967}"
2026-04-14T04:55:40.392070,tpe,lcbench,168329,1,978,23.579246520996094,"{""OpenML_task_id"": ""168910"", ""batch_size"": 470, ""epoch"": 9, ""learning_rate"": 0.09795800130258189, ""max_dropout"": 0.6824506023167404, ""max_units"": 79, ""momentum"": 0.8779909818870089, ""num_layers"": 5, ""weight_decay"": 0.0347935704004468}","{""time"": 23.579246520996094, ""val_accuracy"": 0.40106359124183655, ""val_cross_entropy"": 4.5112433433532715, ""val_balanced_accuracy"": 0.01086858008056879, ""test_cross_entropy"": 4.616456508636475, ""test_balanced_accuracy"": 0.01100345142185688}"
2026-04-14T04:55:40.433142,tpe,lcbench,168329,1,979,8.889891624450684,"{""OpenML_task_id"": ""126029"", ""batch_size"": 494, ""epoch"": 4, ""learning_rate"": 0.09578808269983591, ""max_dropout"": 0.7845255258103262, ""max_units"": 99, ""momentum"": 0.9292672456600095, ""num_layers"": 5, ""weight_decay"": 0.04032317636580469}","{""time"": 8.889891624450684, ""val_accuracy"": 0.44965851306915283, ""val_cross_entropy"": 4.491439342498779, ""val_balanced_accuracy"": 0.011731267906725407, ""test_cross_entropy"": 4.602914333343506, ""test_balanced_accuracy"": 0.01205456256866455}"
2026-04-14T04:55:40.475707,tpe,lcbench,168329,1,980,1.156158208847046,"{""OpenML_task_id"": ""168910"", ""batch_size"": 502, ""epoch"": 1, ""learning_rate"": 0.0937120477095064, ""max_dropout"": 0.713026722559853, ""max_units"": 80, ""momentum"": 0.8986628032702829, ""num_layers"": 5, ""weight_decay"": 0.037992255321313506}","{""time"": 1.156158208847046, ""val_accuracy"": 0.6562377214431763, ""val_cross_entropy"": 4.38321590423584, ""val_balanced_accuracy"": 0.012560824863612652, ""test_cross_entropy"": 4.602531909942627, ""test_balanced_accuracy"": 0.012948058545589447}"
2026-04-14T04:55:40.519115,tpe,lcbench,168329,1,981,3.5114190578460693,"{""OpenML_task_id"": ""168910"", ""batch_size"": 504, ""epoch"": 2, ""learning_rate"": 0.09091940866386182, ""max_dropout"": 0.7134349245203467, ""max_units"": 64, ""momentum"": 0.9060262017494165, ""num_layers"": 5, ""weight_decay"": 0.038171581477926236}","{""time"": 3.5114190578460693, ""val_accuracy"": 0.5663578510284424, ""val_cross_entropy"": 4.506204128265381, ""val_balanced_accuracy"": 0.011663421057164669, ""test_cross_entropy"": 4.584177494049072, ""test_balanced_accuracy"": 0.012008207850158215}"
2026-04-14T04:55:40.562222,tpe,lcbench,168329,1,982,1.1017738580703735,"{""OpenML_task_id"": ""168910"", ""batch_size"": 503, ""epoch"": 1, ""learning_rate"": 0.0919965044980335, ""max_dropout"": 0.7232456501543014, ""max_units"": 64, ""momentum"": 0.9266491456877552, ""num_layers"": 5, ""weight_decay"": 0.04129944991752297}","{""time"": 1.1017738580703735, ""val_accuracy"": 0.6172571778297424, ""val_cross_entropy"": 4.398135185241699, ""val_balanced_accuracy"": 0.012429674156010151, ""test_cross_entropy"": 4.595815181732178, ""test_balanced_accuracy"": 0.012793865986168385}"
2026-04-14T04:55:40.603339,tpe,lcbench,168329,1,983,5.742571830749512,"{""OpenML_task_id"": ""168910"", ""batch_size"": 503, ""epoch"": 3, ""learning_rate"": 0.09279538490695802, ""max_dropout"": 0.7307222754276884, ""max_units"": 64, ""momentum"": 0.9006816534335574, ""num_layers"": 5, ""weight_decay"": 0.041490157491287885}","{""time"": 5.742571830749512, ""val_accuracy"": 0.4899783134460449, ""val_cross_entropy"": 4.500213146209717, ""val_balanced_accuracy"": 0.011583056300878525, ""test_cross_entropy"": 4.587215900421143, ""test_balanced_accuracy"": 0.011891578324139118}"
2026-04-14T04:55:40.647475,tpe,lcbench,168329,1,984,33.208065032958984,"{""OpenML_task_id"": ""168910"", ""batch_size"": 488, ""epoch"": 5, ""learning_rate"": 0.08943435783652695, ""max_dropout"": 0.7190436952043731, ""max_units"": 637, ""momentum"": 0.923159252435154, ""num_layers"": 5, ""weight_decay"": 0.037959490475656374}","{""time"": 33.208065032958984, ""val_accuracy"": 0.5273380279541016, ""val_cross_entropy"": 4.6299614906311035, ""val_balanced_accuracy"": 0.010944154113531113, ""test_cross_entropy"": 4.623905181884766, ""test_balanced_accuracy"": 0.011182253248989582}"
2026-04-14T04:55:40.690585,tpe,lcbench,168329,1,985,3.604848623275757,"{""OpenML_task_id"": ""168910"", ""batch_size"": 503, ""epoch"": 2, ""learning_rate"": 0.09363041176870429, ""max_dropout"": 0.737083697635516, ""max_units"": 78, ""momentum"": 0.8922131226271083, ""num_layers"": 5, ""weight_decay"": 0.03930159150430944}","{""time"": 3.604848623275757, ""val_accuracy"": 0.5569310784339905, ""val_cross_entropy"": 4.506415367126465, ""val_balanced_accuracy"": 0.011674326844513416, ""test_cross_entropy"": 4.585176944732666, ""test_balanced_accuracy"": 0.012043140828609467}"
2026-04-14T04:55:40.735666,tpe,lcbench,168329,1,986,16.2359619140625,"{""OpenML_task_id"": ""168910"", ""batch_size"": 480, ""epoch"": 7, ""learning_rate"": 0.09110254951762847, ""max_dropout"": 0.772414707919973, ""max_units"": 65, ""momentum"": 0.915032617995025, ""num_layers"": 5, ""weight_decay"": 0.041128215878710975}","{""time"": 16.2359619140625, ""val_accuracy"": 0.3773188591003418, ""val_cross_entropy"": 4.4865522384643555, ""val_balanced_accuracy"": 0.011183192022144794, ""test_cross_entropy"": 4.610576629638672, ""test_balanced_accuracy"": 0.011388893239200115}"
2026-04-14T04:55:40.778248,tpe,lcbench,168329,1,987,1.128268837928772,"{""OpenML_task_id"": ""168910"", ""batch_size"": 503, ""epoch"": 1, ""learning_rate"": 0.08726340806357401, ""max_dropout"": 0.7497967099064743, ""max_units"": 64, ""momentum"": 0.8908707301817927, ""num_layers"": 5, ""weight_decay"": 0.03722264465708567}","{""time"": 1.128268837928772, ""val_accuracy"": 0.6518664360046387, ""val_cross_entropy"": 4.386000633239746, ""val_balanced_accuracy"": 0.012470351532101631, ""test_cross_entropy"": 4.595072269439697, ""test_balanced_accuracy"": 0.012856807559728622}"
2026-04-14T04:55:40.820321,tpe,lcbench,168329,1,988,8.774150848388672,"{""OpenML_task_id"": ""168910"", ""batch_size"": 512, ""epoch"": 2, ""learning_rate"": 0.08704822353043451, ""max_dropout"": 0.7107580787917757, ""max_units"": 732, ""momentum"": 0.8633281522835607, ""num_layers"": 5, ""weight_decay"": 0.037609457827346135}","{""time"": 8.774150848388672, ""val_accuracy"": 0.8159552216529846, ""val_cross_entropy"": 4.6113386154174805, ""val_balanced_accuracy"": 0.012191122397780418, ""test_cross_entropy"": 4.608190536499023, ""test_balanced_accuracy"": 0.012670137919485569}"
2026-04-14T04:55:40.863378,tpe,lcbench,168329,1,989,14.674156188964844,"{""OpenML_task_id"": ""168910"", ""batch_size"": 499, ""epoch"": 3, ""learning_rate"": 0.08796439527862047, ""max_dropout"": 0.7247104850831765, ""max_units"": 102, ""momentum"": 0.8879495507373426, ""num_layers"": 5, ""weight_decay"": 0.00011145612684461403}","{""time"": 14.674156188964844, ""val_accuracy"": 3.411590337753296, ""val_cross_entropy"": 4.091124534606934, ""val_balanced_accuracy"": 0.03575769439339638, ""test_cross_entropy"": 4.603708267211914, ""test_balanced_accuracy"": 0.0367518775165081}"
2026-04-14T04:55:40.906453,tpe,lcbench,168329,1,990,1.157552719116211,"{""OpenML_task_id"": ""168910"", ""batch_size"": 504, ""epoch"": 1, ""learning_rate"": 0.08958266803279893, ""max_dropout"": 0.6315867215748748, ""max_units"": 65, ""momentum"": 0.8683647038588846, ""num_layers"": 5, ""weight_decay"": 0.039276902020107606}","{""time"": 1.157552719116211, ""val_accuracy"": 0.6683006882667542, ""val_cross_entropy"": 4.374538898468018, ""val_balanced_accuracy"": 0.012572329491376877, ""test_cross_entropy"": 4.599593162536621, ""test_balanced_accuracy"": 0.01290966384112835}"
2026-04-14T04:55:40.948665,tpe,lcbench,168329,1,991,1.2286707162857056,"{""OpenML_task_id"": ""168910"", ""batch_size"": 504, ""epoch"": 1, ""learning_rate"": 0.08932473487881927, ""max_dropout"": 0.6245897917651128, ""max_units"": 80, ""momentum"": 0.8387239911470006, ""num_layers"": 5, ""weight_decay"": 0.03926799176219419}","{""time"": 1.2286707162857056, ""val_accuracy"": 0.6799886226654053, ""val_cross_entropy"": 4.3721137046813965, ""val_balanced_accuracy"": 0.01264761108905077, ""test_cross_entropy"": 4.601975440979004, ""test_balanced_accuracy"": 0.01299650501459837}"
2026-04-14T04:55:40.989258,tpe,lcbench,168329,1,992,3.6954891681671143,"{""OpenML_task_id"": ""168910"", ""batch_size"": 495, ""epoch"": 2, ""learning_rate"": 0.09187332787970176, ""max_dropout"": 0.5996046227434356, ""max_units"": 82, ""momentum"": 0.8521629706196967, ""num_layers"": 5, ""weight_decay"": 0.041231922764602386}","{""time"": 3.6954891681671143, ""val_accuracy"": 0.574129045009613, ""val_cross_entropy"": 4.498572826385498, ""val_balanced_accuracy"": 0.01152046024799347, ""test_cross_entropy"": 4.5987653732299805, ""test_balanced_accuracy"": 0.011810317635536194}"
2026-04-14T04:55:41.031333,tpe,lcbench,168329,1,993,9.624777793884277,"{""OpenML_task_id"": ""168910"", ""batch_size"": 486, ""epoch"": 4, ""learning_rate"": 0.09044138002242366, ""max_dropout"": 0.6249386906649623, ""max_units"": 101, ""momentum"": 0.8946357057064863, ""num_layers"": 5, ""weight_decay"": 0.0370876572964447}","{""time"": 9.624777793884277, ""val_accuracy"": 0.47608861327171326, ""val_cross_entropy"": 4.527194499969482, ""val_balanced_accuracy"": 0.011268001049757004, ""test_cross_entropy"": 4.6159257888793945, ""test_balanced_accuracy"": 0.01147786621004343}"
2026-04-14T04:55:41.075609,tpe,lcbench,168329,1,994,5.948953628540039,"{""OpenML_task_id"": ""168910"", ""batch_size"": 502, ""epoch"": 3, ""learning_rate"": 0.09327274754848842, ""max_dropout"": 0.6492586502379099, ""max_units"": 65, ""momentum"": 0.8668972977090157, ""num_layers"": 5, ""weight_decay"": 0.038973013116829124}","{""time"": 5.948953628540039, ""val_accuracy"": 0.5168691277503967, ""val_cross_entropy"": 4.509084224700928, ""val_balanced_accuracy"": 0.011413183063268661, ""test_cross_entropy"": 4.594492435455322, ""test_balanced_accuracy"": 0.011676620692014694}"
2026-04-14T04:55:41.117859,tpe,lcbench,168329,1,995,1.230065107345581,"{""OpenML_task_id"": ""168910"", ""batch_size"": 494, ""epoch"": 1, ""learning_rate"": 0.09642096692580403, ""max_dropout"": 0.634403877607073, ""max_units"": 99, ""momentum"": 0.8889431955972297, ""num_layers"": 5, ""weight_decay"": 0.04069623830531339}","{""time"": 1.230065107345581, ""val_accuracy"": 0.6520243883132935, ""val_cross_entropy"": 4.395740985870361, ""val_balanced_accuracy"": 0.012610563077032566, ""test_cross_entropy"": 4.610937595367432, ""test_balanced_accuracy"": 0.012955494225025177}"
2026-04-14T04:55:41.161444,tpe,lcbench,168329,1,996,10.227189064025879,"{""OpenML_task_id"": ""168910"", ""batch_size"": 480, ""epoch"": 2, ""learning_rate"": 0.08764603153311931, ""max_dropout"": 0.6727629642617258, ""max_units"": 1021, ""momentum"": 0.9258428676169886, ""num_layers"": 5, ""weight_decay"": 0.03634813401678208}","{""time"": 10.227189064025879, ""val_accuracy"": 0.7316937446594238, ""val_cross_entropy"": 4.638378620147705, ""val_balanced_accuracy"": 0.011480318382382393, ""test_cross_entropy"": 4.606502532958984, ""test_balanced_accuracy"": 0.011801288463175297}"
2026-04-14T04:55:41.202549,tpe,lcbench,168329,1,997,1.1840475797653198,"{""OpenML_task_id"": ""168910"", ""batch_size"": 504, ""epoch"": 1, ""learning_rate"": 0.09120895224334091, ""max_dropout"": 0.6542169524427404, ""max_units"": 83, ""momentum"": 0.9047694735316437, ""num_layers"": 5, ""weight_decay"": 0.03890581568016169}","{""time"": 1.1840475797653198, ""val_accuracy"": 0.6657206416130066, ""val_cross_entropy"": 4.383572578430176, ""val_balanced_accuracy"": 0.012582740746438503, ""test_cross_entropy"": 4.603899002075195, ""test_balanced_accuracy"": 0.012940059415996075}"
2026-04-14T04:55:41.245122,tpe,lcbench,168329,1,998,1.1533693075180054,"{""OpenML_task_id"": ""168910"", ""batch_size"": 468, ""epoch"": 1, ""learning_rate"": 0.09466770704383654, ""max_dropout"": 0.6177809898736266, ""max_units"": 64, ""momentum"": 0.8722189758706583, ""num_layers"": 5, ""weight_decay"": 0.03516180021858858}","{""time"": 1.1533693075180054, ""val_accuracy"": 0.6619260311126709, ""val_cross_entropy"": 4.404720306396484, ""val_balanced_accuracy"": 0.01260198000818491, ""test_cross_entropy"": 4.617099761962891, ""test_balanced_accuracy"": 0.012877300381660461}"
2026-04-14T04:55:41.288234,tpe,lcbench,168329,1,999,6.326855182647705,"{""OpenML_task_id"": ""168910"", ""batch_size"": 488, ""epoch"": 3, ""learning_rate"": 0.08942923705305217, ""max_dropout"": 0.593978379103248, ""max_units"": 79, ""momentum"": 0.8379648627921076, ""num_layers"": 5, ""weight_decay"": 0.03544610241697749}","{""time"": 6.326855182647705, ""val_accuracy"": 0.5433567762374878, ""val_cross_entropy"": 4.526623249053955, ""val_balanced_accuracy"": 0.011248760856688023, ""test_cross_entropy"": 4.610296726226807, ""test_balanced_accuracy"": 0.011480669490993023}"
