timestamp,optimizer,bench,instance,seed,trial_id,score,cfg_json,out_json
2026-04-15T23:35:39.729783,cats,lcbench,126025,0,0,495.2644958496094,"{""OpenML_task_id"": ""168908"", ""batch_size"": 259, ""epoch"": 50, ""learning_rate"": 0.0011552345338252611, ""max_dropout"": 0.6393239315114989, ""max_units"": 841, ""momentum"": 0.18943026388460515, ""num_layers"": 4, ""weight_decay"": 0.0064052463050987005}","{""time"": 495.2644958496094, ""val_accuracy"": 73.15689086914062, ""val_cross_entropy"": 0.4924428462982178, ""val_balanced_accuracy"": 0.7968879342079163, ""test_cross_entropy"": 0.5779629945755005, ""test_balanced_accuracy"": 0.793317973613739}"
2026-04-15T23:35:39.731797,cats,lcbench,126025,0,1,170.90365600585938,"{""OpenML_task_id"": ""168868"", ""batch_size"": 18, ""epoch"": 26, ""learning_rate"": 0.0011362257154473988, ""max_dropout"": 0.031706264623231895, ""max_units"": 770, ""momentum"": 0.40708137854295345, ""num_layers"": 3, ""weight_decay"": 0.07599831986193253}","{""time"": 170.90365600585938, ""val_accuracy"": 79.84832000732422, ""val_cross_entropy"": 0.3952113091945648, ""val_balanced_accuracy"": 0.7893198132514954, ""test_cross_entropy"": 0.5450881123542786, ""test_balanced_accuracy"": 0.7829248905181885}"
2026-04-15T23:35:39.732782,cats,lcbench,126025,0,2,45.352508544921875,"{""OpenML_task_id"": ""167104"", ""batch_size"": 111, ""epoch"": 24, ""learning_rate"": 0.002297732630273618, ""max_dropout"": 0.6019982036774563, ""max_units"": 69, ""momentum"": 0.26231979551907525, ""num_layers"": 1, ""weight_decay"": 0.05465575107246505}","{""time"": 45.352508544921875, ""val_accuracy"": 78.97016143798828, ""val_cross_entropy"": 0.4577072262763977, ""val_balanced_accuracy"": 0.7950236201286316, ""test_cross_entropy"": 0.5641849040985107, ""test_balanced_accuracy"": 0.7926101684570312}"
2026-04-15T23:35:39.735291,cats,lcbench,126025,0,3,13.230878829956055,"{""OpenML_task_id"": ""168330"", ""batch_size"": 136, ""epoch"": 6, ""learning_rate"": 0.000279354687969552, ""max_dropout"": 0.5937914566955551, ""max_units"": 112, ""momentum"": 0.48445853599787747, ""num_layers"": 5, ""weight_decay"": 0.09053383906134123}","{""time"": 13.230878829956055, ""val_accuracy"": 62.44647216796875, ""val_cross_entropy"": 0.5770689249038696, ""val_balanced_accuracy"": 0.5874650478363037, ""test_cross_entropy"": 0.6787949204444885, ""test_balanced_accuracy"": 0.5787588953971863}"
2026-04-15T23:35:39.736289,cats,lcbench,126025,0,4,99.08704376220703,"{""OpenML_task_id"": ""167104"", ""batch_size"": 16, ""epoch"": 43, ""learning_rate"": 0.005395387473848088, ""max_dropout"": 0.41396623596868665, ""max_units"": 67, ""momentum"": 0.9211836104356369, ""num_layers"": 4, ""weight_decay"": 0.06432308964221858}","{""time"": 99.08704376220703, ""val_accuracy"": 76.35896301269531, ""val_cross_entropy"": 0.5259309411048889, ""val_balanced_accuracy"": 0.6109776496887207, ""test_cross_entropy"": 0.6211735010147095, ""test_balanced_accuracy"": 0.6073132157325745}"
2026-04-15T23:35:39.738290,cats,lcbench,126025,0,5,84.0156021118164,"{""OpenML_task_id"": ""167201"", ""batch_size"": 380, ""epoch"": 49, ""learning_rate"": 0.0009588172362819512, ""max_dropout"": 0.13560868782655888, ""max_units"": 641, ""momentum"": 0.5534479099736401, ""num_layers"": 2, ""weight_decay"": 0.006726949323909331}","{""time"": 84.0156021118164, ""val_accuracy"": 79.51123809814453, ""val_cross_entropy"": 0.38341355323791504, ""val_balanced_accuracy"": 0.8049169182777405, ""test_cross_entropy"": 0.5346955060958862, ""test_balanced_accuracy"": 0.7982463836669922}"
2026-04-15T23:35:39.740214,cats,lcbench,126025,0,6,159.05484008789062,"{""OpenML_task_id"": ""167152"", ""batch_size"": 180, ""epoch"": 34, ""learning_rate"": 0.0580930018979645, ""max_dropout"": 0.5068710387731666, ""max_units"": 459, ""momentum"": 0.6802299670045829, ""num_layers"": 4, ""weight_decay"": 0.06615884552106395}","{""time"": 159.05484008789062, ""val_accuracy"": 78.8601303100586, ""val_cross_entropy"": 0.45334818959236145, ""val_balanced_accuracy"": 0.8077452182769775, ""test_cross_entropy"": 0.5636035203933716, ""test_balanced_accuracy"": 0.801491379737854}"
2026-04-15T23:35:39.741220,cats,lcbench,126025,0,7,73.41902160644531,"{""OpenML_task_id"": ""34539"", ""batch_size"": 362, ""epoch"": 52, ""learning_rate"": 0.004796476723034325, ""max_dropout"": 0.7661640705348607, ""max_units"": 609, ""momentum"": 0.24559173912291715, ""num_layers"": 2, ""weight_decay"": 0.06798261516481711}","{""time"": 73.41902160644531, ""val_accuracy"": 78.74635314941406, ""val_cross_entropy"": 0.4519599378108978, ""val_balanced_accuracy"": 0.8052378296852112, ""test_cross_entropy"": 0.55267333984375, ""test_balanced_accuracy"": 0.7981444001197815}"
2026-04-15T23:35:39.743220,cats,lcbench,126025,0,8,20.726158142089844,"{""OpenML_task_id"": ""189909"", ""batch_size"": 159, ""epoch"": 4, ""learning_rate"": 0.0041440149020867565, ""max_dropout"": 0.603340044862033, ""max_units"": 88, ""momentum"": 0.688917893489095, ""num_layers"": 1, ""weight_decay"": 0.06166745478633615}","{""time"": 20.726158142089844, ""val_accuracy"": 78.4676284790039, ""val_cross_entropy"": 0.47316527366638184, ""val_balanced_accuracy"": 0.7815313339233398, ""test_cross_entropy"": 0.5779826641082764, ""test_balanced_accuracy"": 0.7822546362876892}"
2026-04-15T23:35:39.744728,cats,lcbench,126025,0,9,104.88246154785156,"{""OpenML_task_id"": ""189866"", ""batch_size"": 21, ""epoch"": 6, ""learning_rate"": 0.0001292974613482551, ""max_dropout"": 0.8032581089300685, ""max_units"": 1004, ""momentum"": 0.9714851964123988, ""num_layers"": 4, ""weight_decay"": 0.025878192769378288}","{""time"": 104.88246154785156, ""val_accuracy"": 80.41566467285156, ""val_cross_entropy"": 0.4210767447948456, ""val_balanced_accuracy"": 0.7882756590843201, ""test_cross_entropy"": 0.5586835145950317, ""test_balanced_accuracy"": 0.7784978151321411}"
2026-04-15T23:35:39.745730,cats,lcbench,126025,0,10,25.17730712890625,"{""OpenML_task_id"": ""168908"", ""batch_size"": 72, ""epoch"": 18, ""learning_rate"": 0.006070817187956948, ""max_dropout"": 0.37735046758175594, ""max_units"": 81, ""momentum"": 0.8873082474227202, ""num_layers"": 3, ""weight_decay"": 0.04891058723279309}","{""time"": 25.17730712890625, ""val_accuracy"": 79.11760711669922, ""val_cross_entropy"": 0.40256574749946594, ""val_balanced_accuracy"": 0.8169425129890442, ""test_cross_entropy"": 0.5353832244873047, ""test_balanced_accuracy"": 0.8087843060493469}"
2026-04-15T23:35:39.747239,cats,lcbench,126025,0,11,26.12136459350586,"{""OpenML_task_id"": ""7593"", ""batch_size"": 43, ""epoch"": 10, ""learning_rate"": 0.05573919557084016, ""max_dropout"": 0.021905470360816026, ""max_units"": 462, ""momentum"": 0.6266807978726355, ""num_layers"": 1, ""weight_decay"": 0.09255231150452427}","{""time"": 26.12136459350586, ""val_accuracy"": 76.67273712158203, ""val_cross_entropy"": 0.5055250525474548, ""val_balanced_accuracy"": 0.7781088948249817, ""test_cross_entropy"": 0.5710253715515137, ""test_balanced_accuracy"": 0.7668977379798889}"
2026-04-15T23:35:39.749247,cats,lcbench,126025,0,12,142.6893310546875,"{""OpenML_task_id"": ""167149"", ""batch_size"": 89, ""epoch"": 37, ""learning_rate"": 0.0010244124908435417, ""max_dropout"": 0.27772262869766906, ""max_units"": 388, ""momentum"": 0.8456574311826897, ""num_layers"": 3, ""weight_decay"": 0.03176215182588717}","{""time"": 142.6893310546875, ""val_accuracy"": 78.23673248291016, ""val_cross_entropy"": 0.42341041564941406, ""val_balanced_accuracy"": 0.818517804145813, ""test_cross_entropy"": 0.5303623676300049, ""test_balanced_accuracy"": 0.8082892298698425}"
2026-04-15T23:35:39.750754,cats,lcbench,126025,0,13,85.771240234375,"{""OpenML_task_id"": ""168329"", ""batch_size"": 23, ""epoch"": 52, ""learning_rate"": 0.07056565462656621, ""max_dropout"": 0.37720375692252894, ""max_units"": 85, ""momentum"": 0.14513459394897762, ""num_layers"": 4, ""weight_decay"": 0.009979021016855969}","{""time"": 85.771240234375, ""val_accuracy"": 84.35401153564453, ""val_cross_entropy"": 0.3570980131626129, ""val_balanced_accuracy"": 0.8271085619926453, ""test_cross_entropy"": 0.5074998736381531, ""test_balanced_accuracy"": 0.7945855259895325}"
2026-04-15T23:35:39.752757,cats,lcbench,126025,0,14,31.483104705810547,"{""OpenML_task_id"": ""168910"", ""batch_size"": 170, ""epoch"": 10, ""learning_rate"": 0.0001261875205321539, ""max_dropout"": 0.6179974063861554, ""max_units"": 125, ""momentum"": 0.5855747412356873, ""num_layers"": 1, ""weight_decay"": 0.05650770719370446}","{""time"": 31.483104705810547, ""val_accuracy"": 64.4212417602539, ""val_cross_entropy"": 0.6300113797187805, ""val_balanced_accuracy"": 0.6190492510795593, ""test_cross_entropy"": 0.6546316146850586, ""test_balanced_accuracy"": 0.6204429268836975}"
2026-04-15T23:35:39.753756,cats,lcbench,126025,0,15,78.47537231445312,"{""OpenML_task_id"": ""189862"", ""batch_size"": 54, ""epoch"": 49, ""learning_rate"": 0.012964805734827438, ""max_dropout"": 0.6910474642943113, ""max_units"": 91, ""momentum"": 0.7244894561434155, ""num_layers"": 4, ""weight_decay"": 0.00492680589783287}","{""time"": 78.47537231445312, ""val_accuracy"": 82.95535278320312, ""val_cross_entropy"": 0.37776798009872437, ""val_balanced_accuracy"": 0.8288978934288025, ""test_cross_entropy"": 0.49945712089538574, ""test_balanced_accuracy"": 0.8043137788772583}"
2026-04-15T23:35:39.755755,cats,lcbench,126025,0,16,110.1214828491211,"{""OpenML_task_id"": ""168329"", ""batch_size"": 465, ""epoch"": 50, ""learning_rate"": 0.00014751607750415903, ""max_dropout"": 0.8090391351316201, ""max_units"": 84, ""momentum"": 0.28537221123855405, ""num_layers"": 3, ""weight_decay"": 0.0008048907357261619}","{""time"": 110.1214828491211, ""val_accuracy"": 46.97040939331055, ""val_cross_entropy"": 0.6674587726593018, ""val_balanced_accuracy"": 0.5267840623855591, ""test_cross_entropy"": 0.6970136761665344, ""test_balanced_accuracy"": 0.5316564440727234}"
2026-04-15T23:35:39.756756,cats,lcbench,126025,0,17,82.11215209960938,"{""OpenML_task_id"": ""167149"", ""batch_size"": 188, ""epoch"": 47, ""learning_rate"": 0.00019706749021617152, ""max_dropout"": 0.8851173782263605, ""max_units"": 75, ""momentum"": 0.3108889365813967, ""num_layers"": 1, ""weight_decay"": 0.04591327388689461}","{""time"": 82.11215209960938, ""val_accuracy"": 72.11878967285156, ""val_cross_entropy"": 0.55457603931427, ""val_balanced_accuracy"": 0.6917238831520081, ""test_cross_entropy"": 0.6241871118545532, ""test_balanced_accuracy"": 0.6895924210548401}"
2026-04-15T23:35:39.757756,cats,lcbench,126025,0,18,33.067222595214844,"{""OpenML_task_id"": ""189909"", ""batch_size"": 131, ""epoch"": 19, ""learning_rate"": 0.00604574891022688, ""max_dropout"": 0.9574634214530491, ""max_units"": 149, ""momentum"": 0.6165851755450381, ""num_layers"": 5, ""weight_decay"": 0.014252905401348638}","{""time"": 33.067222595214844, ""val_accuracy"": 83.63819885253906, ""val_cross_entropy"": 0.38694435358047485, ""val_balanced_accuracy"": 0.7435608506202698, ""test_cross_entropy"": 0.580035924911499, ""test_balanced_accuracy"": 0.7290650010108948}"
2026-04-15T23:35:39.760272,cats,lcbench,126025,0,19,165.3299560546875,"{""OpenML_task_id"": ""167200"", ""batch_size"": 437, ""epoch"": 40, ""learning_rate"": 0.019138749109415317, ""max_dropout"": 0.42765320789403105, ""max_units"": 503, ""momentum"": 0.2564016193369403, ""num_layers"": 5, ""weight_decay"": 0.015634442936152744}","{""time"": 165.3299560546875, ""val_accuracy"": 78.09420776367188, ""val_cross_entropy"": 0.31361454725265503, ""val_balanced_accuracy"": 0.838109016418457, ""test_cross_entropy"": 0.49701979756355286, ""test_balanced_accuracy"": 0.8253703117370605}"
2026-04-15T23:35:39.762271,cats,lcbench,126025,0,20,106.989501953125,"{""OpenML_task_id"": ""167104"", ""batch_size"": 191, ""epoch"": 34, ""learning_rate"": 0.0010593453086300956, ""max_dropout"": 0.7622454063997729, ""max_units"": 385, ""momentum"": 0.5716999504648592, ""num_layers"": 5, ""weight_decay"": 0.05484652594056349}","{""time"": 106.989501953125, ""val_accuracy"": 79.46757507324219, ""val_cross_entropy"": 0.6162591576576233, ""val_balanced_accuracy"": 0.7273579835891724, ""test_cross_entropy"": 0.6845818758010864, ""test_balanced_accuracy"": 0.7266036868095398}"
2026-04-15T23:35:39.763270,cats,lcbench,126025,0,21,66.06458282470703,"{""OpenML_task_id"": ""126026"", ""batch_size"": 115, ""epoch"": 26, ""learning_rate"": 0.00033081666561253807, ""max_dropout"": 0.9182349921744679, ""max_units"": 446, ""momentum"": 0.8331349403210744, ""num_layers"": 2, ""weight_decay"": 0.02530724191739591}","{""time"": 66.06458282470703, ""val_accuracy"": 76.9506607055664, ""val_cross_entropy"": 0.4379826486110687, ""val_balanced_accuracy"": 0.805048942565918, ""test_cross_entropy"": 0.5627219676971436, ""test_balanced_accuracy"": 0.7983042597770691}"
2026-04-15T23:35:39.765369,cats,lcbench,126025,0,22,348.09625244140625,"{""OpenML_task_id"": ""189906"", ""batch_size"": 27, ""epoch"": 28, ""learning_rate"": 0.06979735489278713, ""max_dropout"": 0.46474415092787114, ""max_units"": 487, ""momentum"": 0.3113801055716763, ""num_layers"": 5, ""weight_decay"": 0.0881829563597587}","{""time"": 348.09625244140625, ""val_accuracy"": 78.49562072753906, ""val_cross_entropy"": 0.5219706296920776, ""val_balanced_accuracy"": 0.6220247745513916, ""test_cross_entropy"": 0.6549746990203857, ""test_balanced_accuracy"": 0.6248477697372437}"
2026-04-15T23:35:39.766373,cats,lcbench,126025,0,23,53.85041046142578,"{""OpenML_task_id"": ""168330"", ""batch_size"": 154, ""epoch"": 42, ""learning_rate"": 0.022358520322992334, ""max_dropout"": 0.023788782517173424, ""max_units"": 88, ""momentum"": 0.6312308039862973, ""num_layers"": 5, ""weight_decay"": 0.03164461868300902}","{""time"": 53.85041046142578, ""val_accuracy"": 86.9593505859375, ""val_cross_entropy"": 0.366681307554245, ""val_balanced_accuracy"": 0.7711999416351318, ""test_cross_entropy"": 0.5513818860054016, ""test_balanced_accuracy"": 0.7649766206741333}"
2026-04-15T23:35:39.767378,cats,lcbench,126025,0,24,48.28786849975586,"{""OpenML_task_id"": ""189906"", ""batch_size"": 18, ""epoch"": 39, ""learning_rate"": 0.02645908992622359, ""max_dropout"": 0.8657062198170195, ""max_units"": 108, ""momentum"": 0.8313672534008582, ""num_layers"": 3, ""weight_decay"": 0.06928898941489851}","{""time"": 48.28786849975586, ""val_accuracy"": 76.7756118774414, ""val_cross_entropy"": 0.5513452887535095, ""val_balanced_accuracy"": 0.7626791000366211, ""test_cross_entropy"": 0.597466230392456, ""test_balanced_accuracy"": 0.7561408281326294}"
2026-04-15T23:35:39.768378,cats,lcbench,126025,0,25,99.62809753417969,"{""OpenML_task_id"": ""167104"", ""batch_size"": 27, ""epoch"": 30, ""learning_rate"": 0.00013141765273685466, ""max_dropout"": 0.3954178072317702, ""max_units"": 252, ""momentum"": 0.28481525853868017, ""num_layers"": 3, ""weight_decay"": 0.0873716171731177}","{""time"": 99.62809753417969, ""val_accuracy"": 79.15353393554688, ""val_cross_entropy"": 0.5521437525749207, ""val_balanced_accuracy"": 0.7815760970115662, ""test_cross_entropy"": 0.6247048377990723, ""test_balanced_accuracy"": 0.7828084230422974}"
2026-04-15T23:35:39.769377,cats,lcbench,126025,0,26,125.96964263916016,"{""OpenML_task_id"": ""189906"", ""batch_size"": 475, ""epoch"": 47, ""learning_rate"": 0.0033812941844839055, ""max_dropout"": 0.9337898822235037, ""max_units"": 178, ""momentum"": 0.49722631768024195, ""num_layers"": 5, ""weight_decay"": 0.05899863496109234}","{""time"": 125.96964263916016, ""val_accuracy"": 65.0613784790039, ""val_cross_entropy"": 0.5615800619125366, ""val_balanced_accuracy"": 0.6312553286552429, ""test_cross_entropy"": 0.6617559790611267, ""test_balanced_accuracy"": 0.6280930638313293}"
2026-04-15T23:35:39.770377,cats,lcbench,126025,0,27,220.57749938964844,"{""OpenML_task_id"": ""189866"", ""batch_size"": 59, ""epoch"": 44, ""learning_rate"": 0.0004822545550112749, ""max_dropout"": 0.27461775378297637, ""max_units"": 429, ""momentum"": 0.9762639156500494, ""num_layers"": 3, ""weight_decay"": 0.0005556475438228267}","{""time"": 220.57749938964844, ""val_accuracy"": 82.03300476074219, ""val_cross_entropy"": 0.3358495235443115, ""val_balanced_accuracy"": 0.8181681632995605, ""test_cross_entropy"": 0.49552828073501587, ""test_balanced_accuracy"": 0.8112655282020569}"
2026-04-15T23:35:39.771377,cats,lcbench,126025,0,28,58.17605972290039,"{""OpenML_task_id"": ""167200"", ""batch_size"": 24, ""epoch"": 32, ""learning_rate"": 0.0004222552907801474, ""max_dropout"": 0.02649386846476809, ""max_units"": 131, ""momentum"": 0.6722544668531324, ""num_layers"": 5, ""weight_decay"": 0.0804799115359297}","{""time"": 58.17605972290039, ""val_accuracy"": 85.1775894165039, ""val_cross_entropy"": 0.5833711624145508, ""val_balanced_accuracy"": 0.5583712458610535, ""test_cross_entropy"": 0.6818522214889526, ""test_balanced_accuracy"": 0.5568546056747437}"
2026-04-15T23:35:39.772378,cats,lcbench,126025,0,29,114.40669250488281,"{""OpenML_task_id"": ""167104"", ""batch_size"": 31, ""epoch"": 44, ""learning_rate"": 0.0006425891644916299, ""max_dropout"": 0.6956992513861201, ""max_units"": 125, ""momentum"": 0.22096124283350865, ""num_layers"": 5, ""weight_decay"": 0.00015646991061641683}","{""time"": 114.40669250488281, ""val_accuracy"": 79.39242553710938, ""val_cross_entropy"": 0.5281670093536377, ""val_balanced_accuracy"": 0.7360764741897583, ""test_cross_entropy"": 0.6427143812179565, ""test_balanced_accuracy"": 0.7347257137298584}"
2026-04-15T23:35:39.773378,cats,lcbench,126025,0,30,81.40097045898438,"{""OpenML_task_id"": ""167149"", ""batch_size"": 126, ""epoch"": 48, ""learning_rate"": 0.0010940844428041685, ""max_dropout"": 0.8662482194228847, ""max_units"": 312, ""momentum"": 0.37372737588961247, ""num_layers"": 2, ""weight_decay"": 0.03303896505153097}","{""time"": 81.40097045898438, ""val_accuracy"": 77.86768341064453, ""val_cross_entropy"": 0.4396052062511444, ""val_balanced_accuracy"": 0.8003731369972229, ""test_cross_entropy"": 0.5643436312675476, ""test_balanced_accuracy"": 0.7923879623413086}"
2026-04-15T23:35:39.775378,cats,lcbench,126025,0,31,16.931804656982422,"{""OpenML_task_id"": ""167161"", ""batch_size"": 47, ""epoch"": 4, ""learning_rate"": 0.036731392738518234, ""max_dropout"": 0.6459670386983162, ""max_units"": 153, ""momentum"": 0.7114223801968068, ""num_layers"": 1, ""weight_decay"": 0.011163984006125543}","{""time"": 16.931804656982422, ""val_accuracy"": 79.29466247558594, ""val_cross_entropy"": 0.45787063241004944, ""val_balanced_accuracy"": 0.8058155179023743, ""test_cross_entropy"": 0.537788987159729, ""test_balanced_accuracy"": 0.8022943735122681}"
2026-04-15T23:35:39.775881,cats,lcbench,126025,0,32,36.95640182495117,"{""OpenML_task_id"": ""168329"", ""batch_size"": 16, ""epoch"": 9, ""learning_rate"": 0.0003232682824727739, ""max_dropout"": 0.7871576150476294, ""max_units"": 83, ""momentum"": 0.754110763931935, ""num_layers"": 2, ""weight_decay"": 0.00466582734977924}","{""time"": 36.95640182495117, ""val_accuracy"": 79.76551818847656, ""val_cross_entropy"": 0.4207366108894348, ""val_balanced_accuracy"": 0.8002067804336548, ""test_cross_entropy"": 0.546938955783844, ""test_balanced_accuracy"": 0.7922398447990417}"
2026-04-15T23:35:39.776887,cats,lcbench,126025,0,33,70.53943634033203,"{""OpenML_task_id"": ""167181"", ""batch_size"": 143, ""epoch"": 8, ""learning_rate"": 0.0004203256556058825, ""max_dropout"": 0.7620320660946025, ""max_units"": 717, ""momentum"": 0.5475480748036774, ""num_layers"": 4, ""weight_decay"": 0.0020567326651476834}","{""time"": 70.53943634033203, ""val_accuracy"": 70.08255004882812, ""val_cross_entropy"": 0.6452587246894836, ""val_balanced_accuracy"": 0.7331368327140808, ""test_cross_entropy"": 0.673355221748352, ""test_balanced_accuracy"": 0.7295017838478088}"
2026-04-15T23:35:39.777886,cats,lcbench,126025,0,34,4.9686408042907715,"{""OpenML_task_id"": ""168329"", ""batch_size"": 23, ""epoch"": 1, ""learning_rate"": 0.0614250605113392, ""max_dropout"": 0.2928015699384179, ""max_units"": 132, ""momentum"": 0.487756772023233, ""num_layers"": 2, ""weight_decay"": 0.09842025872185838}","{""time"": 4.9686408042907715, ""val_accuracy"": 48.83497619628906, ""val_cross_entropy"": 0.6240996718406677, ""val_balanced_accuracy"": 0.5049064755439758, ""test_cross_entropy"": 0.6971861124038696, ""test_balanced_accuracy"": 0.5149974822998047}"
2026-04-15T23:35:39.779885,cats,lcbench,126025,0,35,72.54190063476562,"{""OpenML_task_id"": ""126029"", ""batch_size"": 185, ""epoch"": 35, ""learning_rate"": 0.00016221644091922173, ""max_dropout"": 0.8445198856969042, ""max_units"": 107, ""momentum"": 0.4126558921263722, ""num_layers"": 5, ""weight_decay"": 0.02558832469583658}","{""time"": 72.54190063476562, ""val_accuracy"": 52.13290786743164, ""val_cross_entropy"": 0.6270518898963928, ""val_balanced_accuracy"": 0.5511916875839233, ""test_cross_entropy"": 0.6922525763511658, ""test_balanced_accuracy"": 0.5409752130508423}"
2026-04-15T23:35:39.780885,cats,lcbench,126025,0,36,93.7796859741211,"{""OpenML_task_id"": ""126029"", ""batch_size"": 40, ""epoch"": 48, ""learning_rate"": 0.008175032552794245, ""max_dropout"": 0.26104250604135804, ""max_units"": 196, ""momentum"": 0.3547398856521561, ""num_layers"": 4, ""weight_decay"": 0.058828496004151534}","{""time"": 93.7796859741211, ""val_accuracy"": 83.9876480102539, ""val_cross_entropy"": 0.4541127383708954, ""val_balanced_accuracy"": 0.7846665382385254, ""test_cross_entropy"": 0.5668671131134033, ""test_balanced_accuracy"": 0.7756639122962952}"
2026-04-15T23:35:39.780885,cats,lcbench,126025,0,37,22.431594848632812,"{""OpenML_task_id"": ""168331"", ""batch_size"": 264, ""epoch"": 5, ""learning_rate"": 0.035979413498917964, ""max_dropout"": 0.4162673862341272, ""max_units"": 543, ""momentum"": 0.44387845198296805, ""num_layers"": 2, ""weight_decay"": 0.014828725886325245}","{""time"": 22.431594848632812, ""val_accuracy"": 80.31510925292969, ""val_cross_entropy"": 0.40687239170074463, ""val_balanced_accuracy"": 0.8088305592536926, ""test_cross_entropy"": 0.5267183780670166, ""test_balanced_accuracy"": 0.8038291335105896}"
2026-04-15T23:35:39.782388,cats,lcbench,126025,0,38,109.69895935058594,"{""OpenML_task_id"": ""168331"", ""batch_size"": 23, ""epoch"": 36, ""learning_rate"": 0.0023041194210393135, ""max_dropout"": 0.7133822525046646, ""max_units"": 126, ""momentum"": 0.27125808463739676, ""num_layers"": 3, ""weight_decay"": 0.012972583180245766}","{""time"": 109.69895935058594, ""val_accuracy"": 79.8443603515625, ""val_cross_entropy"": 0.4052395522594452, ""val_balanced_accuracy"": 0.8157217502593994, ""test_cross_entropy"": 0.5325984358787537, ""test_balanced_accuracy"": 0.8082168102264404}"
2026-04-15T23:35:39.783392,cats,lcbench,126025,0,39,68.12979125976562,"{""OpenML_task_id"": ""167152"", ""batch_size"": 22, ""epoch"": 23, ""learning_rate"": 0.0003041559480915097, ""max_dropout"": 0.020675738600214433, ""max_units"": 201, ""momentum"": 0.7142436033659006, ""num_layers"": 4, ""weight_decay"": 0.09579409895045801}","{""time"": 68.12979125976562, ""val_accuracy"": 79.63478088378906, ""val_cross_entropy"": 0.5441562533378601, ""val_balanced_accuracy"": 0.6511965990066528, ""test_cross_entropy"": 0.6421462297439575, ""test_balanced_accuracy"": 0.6509321331977844}"
2026-04-15T23:35:39.784392,cats,lcbench,126025,0,40,53.427886962890625,"{""OpenML_task_id"": ""167149"", ""batch_size"": 43, ""epoch"": 33, ""learning_rate"": 0.013628922136545311, ""max_dropout"": 0.5215295805253107, ""max_units"": 269, ""momentum"": 0.45808969346643735, ""num_layers"": 1, ""weight_decay"": 0.09252920981483521}","{""time"": 53.427886962890625, ""val_accuracy"": 76.71720886230469, ""val_cross_entropy"": 0.4980144202709198, ""val_balanced_accuracy"": 0.7903261184692383, ""test_cross_entropy"": 0.5684548616409302, ""test_balanced_accuracy"": 0.7805585265159607}"
2026-04-15T23:35:39.785392,cats,lcbench,126025,0,41,42.993064880371094,"{""OpenML_task_id"": ""146212"", ""batch_size"": 235, ""epoch"": 37, ""learning_rate"": 0.08824412831960883, ""max_dropout"": 0.35299907374101347, ""max_units"": 271, ""momentum"": 0.4883290709683368, ""num_layers"": 2, ""weight_decay"": 0.0814635443157877}","{""time"": 42.993064880371094, ""val_accuracy"": 77.41364288330078, ""val_cross_entropy"": 0.42314836382865906, ""val_balanced_accuracy"": 0.8106174468994141, ""test_cross_entropy"": 0.5694058537483215, ""test_balanced_accuracy"": 0.8064613342285156}"
2026-04-15T23:35:39.785392,cats,lcbench,126025,0,42,89.3536376953125,"{""OpenML_task_id"": ""189873"", ""batch_size"": 74, ""epoch"": 33, ""learning_rate"": 0.0001597746020123466, ""max_dropout"": 0.7589255578078314, ""max_units"": 159, ""momentum"": 0.544163918514112, ""num_layers"": 4, ""weight_decay"": 0.022778261653141434}","{""time"": 89.3536376953125, ""val_accuracy"": 66.68116760253906, ""val_cross_entropy"": 0.6459657549858093, ""val_balanced_accuracy"": 0.6541731953620911, ""test_cross_entropy"": 0.690695583820343, ""test_balanced_accuracy"": 0.6570329666137695}"
2026-04-15T23:35:39.786392,cats,lcbench,126025,0,43,43.172950744628906,"{""OpenML_task_id"": ""167185"", ""batch_size"": 157, ""epoch"": 20, ""learning_rate"": 0.08894515116242763, ""max_dropout"": 0.8244698020247951, ""max_units"": 92, ""momentum"": 0.9327333299506222, ""num_layers"": 4, ""weight_decay"": 0.05850145292612835}","{""time"": 43.172950744628906, ""val_accuracy"": 64.28083038330078, ""val_cross_entropy"": 0.4079883396625519, ""val_balanced_accuracy"": 0.6348171830177307, ""test_cross_entropy"": 0.629369854927063, ""test_balanced_accuracy"": 0.6248072385787964}"
2026-04-15T23:35:39.787392,cats,lcbench,126025,0,44,49.224952697753906,"{""OpenML_task_id"": ""167190"", ""batch_size"": 337, ""epoch"": 44, ""learning_rate"": 0.07663318933623585, ""max_dropout"": 0.29895742395966807, ""max_units"": 262, ""momentum"": 0.3436912486573609, ""num_layers"": 3, ""weight_decay"": 0.09030782897876542}","{""time"": 49.224952697753906, ""val_accuracy"": 79.0153579711914, ""val_cross_entropy"": 0.4469257593154907, ""val_balanced_accuracy"": 0.7976025938987732, ""test_cross_entropy"": 0.5723220705986023, ""test_balanced_accuracy"": 0.7986438870429993}"
2026-04-15T23:35:39.788392,cats,lcbench,126025,0,45,19.797439575195312,"{""OpenML_task_id"": ""167168"", ""batch_size"": 34, ""epoch"": 2, ""learning_rate"": 0.0004487384742209855, ""max_dropout"": 0.5365218680132013, ""max_units"": 765, ""momentum"": 0.6289702399792475, ""num_layers"": 3, ""weight_decay"": 0.0221178431970451}","{""time"": 19.797439575195312, ""val_accuracy"": 78.74980163574219, ""val_cross_entropy"": 0.5387953519821167, ""val_balanced_accuracy"": 0.7864180207252502, ""test_cross_entropy"": 0.6272737979888916, ""test_balanced_accuracy"": 0.7854556441307068}"
2026-04-15T23:35:39.789392,cats,lcbench,126025,0,46,100.58609771728516,"{""OpenML_task_id"": ""3945"", ""batch_size"": 35, ""epoch"": 45, ""learning_rate"": 0.007243246223826479, ""max_dropout"": 0.07919553305628735, ""max_units"": 85, ""momentum"": 0.9052905436713148, ""num_layers"": 5, ""weight_decay"": 0.07909530321801066}","{""time"": 100.58609771728516, ""val_accuracy"": 84.00366973876953, ""val_cross_entropy"": 0.6319247484207153, ""val_balanced_accuracy"": 0.4872523248195648, ""test_cross_entropy"": 0.724783182144165, ""test_balanced_accuracy"": 0.48744475841522217}"
2026-04-15T23:35:39.790392,cats,lcbench,126025,0,47,31.84148406982422,"{""OpenML_task_id"": ""189906"", ""batch_size"": 68, ""epoch"": 14, ""learning_rate"": 0.0009698148907682131, ""max_dropout"": 0.4712958226220575, ""max_units"": 151, ""momentum"": 0.7652842158760174, ""num_layers"": 1, ""weight_decay"": 0.040427581944506234}","{""time"": 31.84148406982422, ""val_accuracy"": 80.05297088623047, ""val_cross_entropy"": 0.45380446314811707, ""val_balanced_accuracy"": 0.796403169631958, ""test_cross_entropy"": 0.5588263869285583, ""test_balanced_accuracy"": 0.7938371896743774}"
2026-04-15T23:35:39.791392,cats,lcbench,126025,0,48,77.68331146240234,"{""OpenML_task_id"": ""3945"", ""batch_size"": 48, ""epoch"": 36, ""learning_rate"": 0.00011947170281148632, ""max_dropout"": 0.5520878959225626, ""max_units"": 103, ""momentum"": 0.3893632441809767, ""num_layers"": 1, ""weight_decay"": 0.03866134179751513}","{""time"": 77.68331146240234, ""val_accuracy"": 76.75496673583984, ""val_cross_entropy"": 0.5047605633735657, ""val_balanced_accuracy"": 0.7471747398376465, ""test_cross_entropy"": 0.5969868898391724, ""test_balanced_accuracy"": 0.7459444403648376}"
2026-04-15T23:35:39.791895,cats,lcbench,126025,0,49,72.5042495727539,"{""OpenML_task_id"": ""167149"", ""batch_size"": 268, ""epoch"": 19, ""learning_rate"": 0.012599564452815624, ""max_dropout"": 0.741001807913014, ""max_units"": 520, ""momentum"": 0.6932726891558926, ""num_layers"": 4, ""weight_decay"": 0.012858948530667115}","{""time"": 72.5042495727539, ""val_accuracy"": 75.81402587890625, ""val_cross_entropy"": 0.38076338171958923, ""val_balanced_accuracy"": 0.8446211218833923, ""test_cross_entropy"": 0.5070130825042725, ""test_balanced_accuracy"": 0.8321516513824463}"
2026-04-15T23:35:39.792899,cats,lcbench,126025,0,50,28.022029876708984,"{""OpenML_task_id"": ""168908"", ""batch_size"": 193, ""epoch"": 10, ""learning_rate"": 0.00020918385834989376, ""max_dropout"": 0.6484485674351318, ""max_units"": 262, ""momentum"": 0.26886513795783323, ""num_layers"": 2, ""weight_decay"": 0.015278423216996457}","{""time"": 28.022029876708984, ""val_accuracy"": 70.06731414794922, ""val_cross_entropy"": 0.6372312307357788, ""val_balanced_accuracy"": 0.7199996709823608, ""test_cross_entropy"": 0.649844229221344, ""test_balanced_accuracy"": 0.7220735549926758}"
2026-04-15T23:35:39.793899,cats,lcbench,126025,0,51,85.46864318847656,"{""OpenML_task_id"": ""168868"", ""batch_size"": 47, ""epoch"": 28, ""learning_rate"": 0.004943760193398075, ""max_dropout"": 0.03504046936279581, ""max_units"": 413, ""momentum"": 0.3198147195223333, ""num_layers"": 5, ""weight_decay"": 0.07691248193076862}","{""time"": 85.46864318847656, ""val_accuracy"": 86.13661193847656, ""val_cross_entropy"": 0.5044686794281006, ""val_balanced_accuracy"": 0.7046031355857849, ""test_cross_entropy"": 0.6245773434638977, ""test_balanced_accuracy"": 0.7065060138702393}"
2026-04-15T23:35:39.793899,cats,lcbench,126025,0,52,92.5804443359375,"{""OpenML_task_id"": ""167201"", ""batch_size"": 79, ""epoch"": 52, ""learning_rate"": 0.022327913477368372, ""max_dropout"": 0.6468357156148402, ""max_units"": 276, ""momentum"": 0.42918562043887964, ""num_layers"": 3, ""weight_decay"": 0.012566340599696869}","{""time"": 92.5804443359375, ""val_accuracy"": 84.28292846679688, ""val_cross_entropy"": 0.36519232392311096, ""val_balanced_accuracy"": 0.8422129154205322, ""test_cross_entropy"": 0.5228196382522583, ""test_balanced_accuracy"": 0.8254380226135254}"
2026-04-15T23:35:39.794899,cats,lcbench,126025,0,53,63.45831298828125,"{""OpenML_task_id"": ""189873"", ""batch_size"": 36, ""epoch"": 40, ""learning_rate"": 0.009390433042690927, ""max_dropout"": 0.5041854047398371, ""max_units"": 123, ""momentum"": 0.43329602340160345, ""num_layers"": 5, ""weight_decay"": 0.0005322917614138977}","{""time"": 63.45831298828125, ""val_accuracy"": 83.10231018066406, ""val_cross_entropy"": 0.2852787673473358, ""val_balanced_accuracy"": 0.7903698682785034, ""test_cross_entropy"": 0.4776008725166321, ""test_balanced_accuracy"": 0.7704898118972778}"
2026-04-15T23:35:39.795899,cats,lcbench,126025,0,54,21.674396514892578,"{""OpenML_task_id"": ""168908"", ""batch_size"": 93, ""epoch"": 8, ""learning_rate"": 0.04304587991166205, ""max_dropout"": 0.5915350794390666, ""max_units"": 656, ""momentum"": 0.5960553111602043, ""num_layers"": 2, ""weight_decay"": 0.07941757178166725}","{""time"": 21.674396514892578, ""val_accuracy"": 80.7830810546875, ""val_cross_entropy"": 0.4173630475997925, ""val_balanced_accuracy"": 0.8109808564186096, ""test_cross_entropy"": 0.5631290674209595, ""test_balanced_accuracy"": 0.803613007068634}"
2026-04-15T23:35:39.795899,cats,lcbench,126025,0,55,67.8857650756836,"{""OpenML_task_id"": ""34539"", ""batch_size"": 317, ""epoch"": 12, ""learning_rate"": 0.00021132708205459264, ""max_dropout"": 0.07331659641567367, ""max_units"": 273, ""momentum"": 0.9143701488777294, ""num_layers"": 4, ""weight_decay"": 0.06492232385213803}","{""time"": 67.8857650756836, ""val_accuracy"": 64.78721618652344, ""val_cross_entropy"": 0.6412028670310974, ""val_balanced_accuracy"": 0.7106565237045288, ""test_cross_entropy"": 0.6805670261383057, ""test_balanced_accuracy"": 0.7128816246986389}"
2026-04-15T23:35:39.796899,cats,lcbench,126025,0,56,50.889949798583984,"{""OpenML_task_id"": ""167190"", ""batch_size"": 139, ""epoch"": 29, ""learning_rate"": 0.042193234336945225, ""max_dropout"": 0.04834163619393017, ""max_units"": 308, ""momentum"": 0.3210167407584248, ""num_layers"": 2, ""weight_decay"": 0.0066031332638828415}","{""time"": 50.889949798583984, ""val_accuracy"": 82.120361328125, ""val_cross_entropy"": 0.39192917943000793, ""val_balanced_accuracy"": 0.8195582032203674, ""test_cross_entropy"": 0.5100787878036499, ""test_balanced_accuracy"": 0.8132547736167908}"
2026-04-15T23:35:39.796899,cats,lcbench,126025,0,57,20.34686279296875,"{""OpenML_task_id"": ""34539"", ""batch_size"": 38, ""epoch"": 5, ""learning_rate"": 0.0004722396441953556, ""max_dropout"": 0.5591597549989761, ""max_units"": 122, ""momentum"": 0.7978273051505052, ""num_layers"": 1, ""weight_decay"": 0.004111877311445825}","{""time"": 20.34686279296875, ""val_accuracy"": 79.75243377685547, ""val_cross_entropy"": 0.43941202759742737, ""val_balanced_accuracy"": 0.7742493748664856, ""test_cross_entropy"": 0.5656540989875793, ""test_balanced_accuracy"": 0.7711763978004456}"
2026-04-15T23:35:39.798402,cats,lcbench,126025,0,58,70.996826171875,"{""OpenML_task_id"": ""167168"", ""batch_size"": 69, ""epoch"": 34, ""learning_rate"": 0.007071017314612994, ""max_dropout"": 0.9452435070770984, ""max_units"": 118, ""momentum"": 0.567318089885347, ""num_layers"": 5, ""weight_decay"": 0.0720367258923807}","{""time"": 70.996826171875, ""val_accuracy"": 86.03316497802734, ""val_cross_entropy"": 0.5379927754402161, ""val_balanced_accuracy"": 0.5854191780090332, ""test_cross_entropy"": 0.6575495004653931, ""test_balanced_accuracy"": 0.5815196633338928}"
2026-04-15T23:35:39.799406,cats,lcbench,126025,0,59,12.632651329040527,"{""OpenML_task_id"": ""3945"", ""batch_size"": 86, ""epoch"": 3, ""learning_rate"": 0.0006994365133264305, ""max_dropout"": 0.7497942183548393, ""max_units"": 951, ""momentum"": 0.8086911476231656, ""num_layers"": 1, ""weight_decay"": 0.004584451541730859}","{""time"": 12.632651329040527, ""val_accuracy"": 74.73978424072266, ""val_cross_entropy"": 0.5165428519248962, ""val_balanced_accuracy"": 0.7145928144454956, ""test_cross_entropy"": 0.59928297996521, ""test_balanced_accuracy"": 0.7125567197799683}"
2026-04-15T23:35:39.799406,cats,lcbench,126025,0,60,59.66953659057617,"{""OpenML_task_id"": ""167190"", ""batch_size"": 85, ""epoch"": 34, ""learning_rate"": 0.000258524295427915, ""max_dropout"": 0.329186174287188, ""max_units"": 65, ""momentum"": 0.43828029994662143, ""num_layers"": 1, ""weight_decay"": 0.00993081108736957}","{""time"": 59.66953659057617, ""val_accuracy"": 76.94449615478516, ""val_cross_entropy"": 0.5000767707824707, ""val_balanced_accuracy"": 0.7542552947998047, ""test_cross_entropy"": 0.5928319692611694, ""test_balanced_accuracy"": 0.7517576813697815}"
2026-04-15T23:35:39.800406,cats,lcbench,126025,0,61,38.57258987426758,"{""OpenML_task_id"": ""167185"", ""batch_size"": 63, ""epoch"": 18, ""learning_rate"": 0.08950204348791774, ""max_dropout"": 0.11376698036872035, ""max_units"": 77, ""momentum"": 0.7176276197358653, ""num_layers"": 2, ""weight_decay"": 0.027116123397867776}","{""time"": 38.57258987426758, ""val_accuracy"": 80.287841796875, ""val_cross_entropy"": 0.4219615161418915, ""val_balanced_accuracy"": 0.8011276125907898, ""test_cross_entropy"": 0.5389707684516907, ""test_balanced_accuracy"": 0.7867676019668579}"
2026-04-15T23:35:39.801406,cats,lcbench,126025,0,62,28.826637268066406,"{""OpenML_task_id"": ""168331"", ""batch_size"": 409, ""epoch"": 10, ""learning_rate"": 0.002296435792136097, ""max_dropout"": 0.47329126493550955, ""max_units"": 284, ""momentum"": 0.5968521881304124, ""num_layers"": 2, ""weight_decay"": 0.037601777684887844}","{""time"": 28.826637268066406, ""val_accuracy"": 76.35269927978516, ""val_cross_entropy"": 0.45610111951828003, ""val_balanced_accuracy"": 0.78963303565979, ""test_cross_entropy"": 0.5740189552307129, ""test_balanced_accuracy"": 0.7849748730659485}"
2026-04-15T23:35:39.801406,cats,lcbench,126025,0,63,190.49317932128906,"{""OpenML_task_id"": ""167181"", ""batch_size"": 24, ""epoch"": 48, ""learning_rate"": 0.0009305701467187431, ""max_dropout"": 0.17819178757436727, ""max_units"": 280, ""momentum"": 0.8031073041388516, ""num_layers"": 4, ""weight_decay"": 0.06426771155859606}","{""time"": 190.49317932128906, ""val_accuracy"": 83.56644439697266, ""val_cross_entropy"": 0.4538753628730774, ""val_balanced_accuracy"": 0.7628100514411926, ""test_cross_entropy"": 0.5614933967590332, ""test_balanced_accuracy"": 0.7545042037963867}"
2026-04-15T23:35:39.802406,cats,lcbench,126025,0,64,87.99263000488281,"{""OpenML_task_id"": ""167152"", ""batch_size"": 19, ""epoch"": 38, ""learning_rate"": 0.001143640095118548, ""max_dropout"": 0.9062728764556748, ""max_units"": 171, ""momentum"": 0.20465471497037968, ""num_layers"": 4, ""weight_decay"": 0.05438108194009047}","{""time"": 87.99263000488281, ""val_accuracy"": 82.48926544189453, ""val_cross_entropy"": 0.5799975395202637, ""val_balanced_accuracy"": 0.654779851436615, ""test_cross_entropy"": 0.6595256328582764, ""test_balanced_accuracy"": 0.6525269746780396}"
2026-04-15T23:35:39.803406,cats,lcbench,126025,0,65,9.78653621673584,"{""OpenML_task_id"": ""189908"", ""batch_size"": 428, ""epoch"": 4, ""learning_rate"": 0.00010186225136968668, ""max_dropout"": 0.13602836275119445, ""max_units"": 88, ""momentum"": 0.31733208649351974, ""num_layers"": 1, ""weight_decay"": 0.0803675518404678}","{""time"": 9.78653621673584, ""val_accuracy"": 51.01936340332031, ""val_cross_entropy"": 0.7012572288513184, ""val_balanced_accuracy"": 0.4541873037815094, ""test_cross_entropy"": 0.6829047203063965, ""test_balanced_accuracy"": 0.4508565366268158}"
2026-04-15T23:35:39.803406,cats,lcbench,126025,0,66,50.62360763549805,"{""OpenML_task_id"": ""168330"", ""batch_size"": 41, ""epoch"": 14, ""learning_rate"": 0.0003203763128100622, ""max_dropout"": 0.20937050108215516, ""max_units"": 155, ""momentum"": 0.7448412366239924, ""num_layers"": 2, ""weight_decay"": 0.04918769635714114}","{""time"": 50.62360763549805, ""val_accuracy"": 78.99636840820312, ""val_cross_entropy"": 0.4437546133995056, ""val_balanced_accuracy"": 0.8035823702812195, ""test_cross_entropy"": 0.555659294128418, ""test_balanced_accuracy"": 0.7962512969970703}"
2026-04-15T23:35:39.804406,cats,lcbench,126025,0,67,66.25423431396484,"{""OpenML_task_id"": ""7593"", ""batch_size"": 304, ""epoch"": 45, ""learning_rate"": 0.00036077947207575916, ""max_dropout"": 0.3829085934831732, ""max_units"": 152, ""momentum"": 0.5177891711450988, ""num_layers"": 2, ""weight_decay"": 0.0100428618316802}","{""time"": 66.25423431396484, ""val_accuracy"": 74.05355834960938, ""val_cross_entropy"": 0.518015444278717, ""val_balanced_accuracy"": 0.7661199569702148, ""test_cross_entropy"": 0.6037033200263977, ""test_balanced_accuracy"": 0.7671083807945251}"
2026-04-15T23:35:39.805406,cats,lcbench,126025,0,68,93.00575256347656,"{""OpenML_task_id"": ""168330"", ""batch_size"": 20, ""epoch"": 49, ""learning_rate"": 0.0006502724916478549, ""max_dropout"": 0.613694015653954, ""max_units"": 344, ""momentum"": 0.3605240448032033, ""num_layers"": 1, ""weight_decay"": 0.03011850703978824}","{""time"": 93.00575256347656, ""val_accuracy"": 79.08502197265625, ""val_cross_entropy"": 0.4555266797542572, ""val_balanced_accuracy"": 0.7957867383956909, ""test_cross_entropy"": 0.5544017553329468, ""test_balanced_accuracy"": 0.791507363319397}"
2026-04-15T23:35:39.805406,cats,lcbench,126025,0,69,64.5404281616211,"{""OpenML_task_id"": ""167185"", ""batch_size"": 301, ""epoch"": 45, ""learning_rate"": 0.04524591568031319, ""max_dropout"": 0.2594204808593664, ""max_units"": 166, ""momentum"": 0.5992870252410147, ""num_layers"": 4, ""weight_decay"": 0.02843841327404862}","{""time"": 64.5404281616211, ""val_accuracy"": 79.49849700927734, ""val_cross_entropy"": 0.35996705293655396, ""val_balanced_accuracy"": 0.8128980994224548, ""test_cross_entropy"": 0.5152990818023682, ""test_balanced_accuracy"": 0.7988144755363464}"
2026-04-15T23:35:39.806405,cats,lcbench,126025,0,70,137.3471221923828,"{""OpenML_task_id"": ""167185"", ""batch_size"": 58, ""epoch"": 17, ""learning_rate"": 0.024011105320536217, ""max_dropout"": 0.21708926372916282, ""max_units"": 665, ""momentum"": 0.4920555729278978, ""num_layers"": 5, ""weight_decay"": 0.06701214254897277}","{""time"": 137.3471221923828, ""val_accuracy"": 85.6150894165039, ""val_cross_entropy"": 0.4365265667438507, ""val_balanced_accuracy"": 0.8160330057144165, ""test_cross_entropy"": 0.5774891376495361, ""test_balanced_accuracy"": 0.8146411776542664}"
2026-04-15T23:35:39.807406,cats,lcbench,126025,0,71,62.00666809082031,"{""OpenML_task_id"": ""189862"", ""batch_size"": 489, ""epoch"": 44, ""learning_rate"": 0.08280577206399445, ""max_dropout"": 0.3077876707988849, ""max_units"": 91, ""momentum"": 0.4908328946109095, ""num_layers"": 2, ""weight_decay"": 0.06188381968040047}","{""time"": 62.00666809082031, ""val_accuracy"": 79.14598083496094, ""val_cross_entropy"": 0.46114861965179443, ""val_balanced_accuracy"": 0.8222121000289917, ""test_cross_entropy"": 0.5630254149436951, ""test_balanced_accuracy"": 0.8172791004180908}"
2026-04-15T23:35:39.807909,cats,lcbench,126025,0,72,18.3597412109375,"{""OpenML_task_id"": ""189865"", ""batch_size"": 77, ""epoch"": 4, ""learning_rate"": 0.0004271604843064911, ""max_dropout"": 0.48005667280552433, ""max_units"": 75, ""momentum"": 0.6278167497777918, ""num_layers"": 4, ""weight_decay"": 0.020074205098668384}","{""time"": 18.3597412109375, ""val_accuracy"": 53.01229476928711, ""val_cross_entropy"": 0.6628839373588562, ""val_balanced_accuracy"": 0.5617082715034485, ""test_cross_entropy"": 0.6956802606582642, ""test_balanced_accuracy"": 0.5659701824188232}"
2026-04-15T23:35:39.808912,cats,lcbench,126025,0,73,120.64834594726562,"{""OpenML_task_id"": ""167190"", ""batch_size"": 41, ""epoch"": 48, ""learning_rate"": 0.0005163661536199077, ""max_dropout"": 0.8462455944291407, ""max_units"": 77, ""momentum"": 0.2614282409939336, ""num_layers"": 4, ""weight_decay"": 0.004729390498803013}","{""time"": 120.64834594726562, ""val_accuracy"": 74.9231948852539, ""val_cross_entropy"": 0.6192299127578735, ""val_balanced_accuracy"": 0.6951070427894592, ""test_cross_entropy"": 0.6695642471313477, ""test_balanced_accuracy"": 0.6931912302970886}"
2026-04-15T23:35:39.809913,cats,lcbench,126025,0,74,125.93756866455078,"{""OpenML_task_id"": ""3945"", ""batch_size"": 209, ""epoch"": 38, ""learning_rate"": 0.0026601006974028294, ""max_dropout"": 0.8768690283659695, ""max_units"": 540, ""momentum"": 0.6170234679950031, ""num_layers"": 3, ""weight_decay"": 0.04687851590933711}","{""time"": 125.93756866455078, ""val_accuracy"": 75.59872436523438, ""val_cross_entropy"": 0.45178112387657166, ""val_balanced_accuracy"": 0.8038966059684753, ""test_cross_entropy"": 0.5600771307945251, ""test_balanced_accuracy"": 0.7975220084190369}"
2026-04-15T23:35:39.809913,cats,lcbench,126025,0,75,30.533470153808594,"{""OpenML_task_id"": ""168331"", ""batch_size"": 90, ""epoch"": 33, ""learning_rate"": 0.034355091214705855, ""max_dropout"": 0.4417892038695076, ""max_units"": 64, ""momentum"": 0.3675602140864006, ""num_layers"": 5, ""weight_decay"": 0.044152146526755476}","{""time"": 30.533470153808594, ""val_accuracy"": 85.12464141845703, ""val_cross_entropy"": 0.4577884078025818, ""val_balanced_accuracy"": 0.6616546511650085, ""test_cross_entropy"": 0.6327497363090515, ""test_balanced_accuracy"": 0.6574404239654541}"
2026-04-15T23:35:39.811914,cats,lcbench,126025,0,76,21.30486297607422,"{""OpenML_task_id"": ""146212"", ""batch_size"": 89, ""epoch"": 6, ""learning_rate"": 0.04395942322595041, ""max_dropout"": 0.7806314623986526, ""max_units"": 870, ""momentum"": 0.12867760703199765, ""num_layers"": 2, ""weight_decay"": 0.02829112174792536}","{""time"": 21.30486297607422, ""val_accuracy"": 83.22540283203125, ""val_cross_entropy"": 0.4143480956554413, ""val_balanced_accuracy"": 0.8215583562850952, ""test_cross_entropy"": 0.5304322838783264, ""test_balanced_accuracy"": 0.8137420415878296}"
2026-04-15T23:35:39.811914,cats,lcbench,126025,0,77,82.8400650024414,"{""OpenML_task_id"": ""168331"", ""batch_size"": 31, ""epoch"": 33, ""learning_rate"": 0.0001679760053120691, ""max_dropout"": 0.1818684059049388, ""max_units"": 121, ""momentum"": 0.9740199239156733, ""num_layers"": 4, ""weight_decay"": 0.06753093436965972}","{""time"": 82.8400650024414, ""val_accuracy"": 81.462646484375, ""val_cross_entropy"": 0.4585498571395874, ""val_balanced_accuracy"": 0.7015469670295715, ""test_cross_entropy"": 0.5982747077941895, ""test_balanced_accuracy"": 0.699829638004303}"
2026-04-15T23:35:39.812913,cats,lcbench,126025,0,78,6.078639507293701,"{""OpenML_task_id"": ""126026"", ""batch_size"": 29, ""epoch"": 1, ""learning_rate"": 0.02917881889596853, ""max_dropout"": 0.3444241134933833, ""max_units"": 202, ""momentum"": 0.22803437742839758, ""num_layers"": 2, ""weight_decay"": 0.026322912535988507}","{""time"": 6.078639507293701, ""val_accuracy"": 44.53171920776367, ""val_cross_entropy"": 0.7368066906929016, ""val_balanced_accuracy"": 0.47706305980682373, ""test_cross_entropy"": 0.695792555809021, ""test_balanced_accuracy"": 0.49483010172843933}"
2026-04-15T23:35:39.814417,cats,lcbench,126025,0,79,137.36386108398438,"{""OpenML_task_id"": ""189906"", ""batch_size"": 26, ""epoch"": 35, ""learning_rate"": 0.005067173492896274, ""max_dropout"": 0.997756116907914, ""max_units"": 271, ""momentum"": 0.407278308514169, ""num_layers"": 3, ""weight_decay"": 0.004775954942440946}","{""time"": 137.36386108398438, ""val_accuracy"": 74.68904876708984, ""val_cross_entropy"": 0.504071056842804, ""val_balanced_accuracy"": 0.7747723460197449, ""test_cross_entropy"": 0.5451186895370483, ""test_balanced_accuracy"": 0.7679281830787659}"
2026-04-15T23:35:39.814417,cats,lcbench,126025,0,80,44.171390533447266,"{""OpenML_task_id"": ""126025"", ""batch_size"": 28, ""epoch"": 20, ""learning_rate"": 0.00013558278266572068, ""max_dropout"": 0.632840716863318, ""max_units"": 102, ""momentum"": 0.8100464399151741, ""num_layers"": 1, ""weight_decay"": 0.02451616083397412}","{""time"": 44.171390533447266, ""val_accuracy"": 80.15196990966797, ""val_cross_entropy"": 0.4416388273239136, ""val_balanced_accuracy"": 0.787384569644928, ""test_cross_entropy"": 0.5574777126312256, ""test_balanced_accuracy"": 0.7848206758499146}"
2026-04-15T23:35:39.815421,cats,lcbench,126025,0,81,425.3401794433594,"{""OpenML_task_id"": ""189354"", ""batch_size"": 17, ""epoch"": 51, ""learning_rate"": 0.000232797407606986, ""max_dropout"": 0.7047333771327069, ""max_units"": 732, ""momentum"": 0.8943858220270788, ""num_layers"": 4, ""weight_decay"": 0.07775862202317596}","{""time"": 425.3401794433594, ""val_accuracy"": 81.20636749267578, ""val_cross_entropy"": 0.41997209191322327, ""val_balanced_accuracy"": 0.7845198512077332, ""test_cross_entropy"": 0.5648638606071472, ""test_balanced_accuracy"": 0.7712823152542114}"
2026-04-15T23:35:39.816420,cats,lcbench,126025,0,82,69.02783203125,"{""OpenML_task_id"": ""168330"", ""batch_size"": 21, ""epoch"": 45, ""learning_rate"": 0.003659180197423682, ""max_dropout"": 0.8659575394334466, ""max_units"": 123, ""momentum"": 0.5141689271556241, ""num_layers"": 1, ""weight_decay"": 0.08937732082613106}","{""time"": 69.02783203125, ""val_accuracy"": 76.7109146118164, ""val_cross_entropy"": 0.49833813309669495, ""val_balanced_accuracy"": 0.7927417159080505, ""test_cross_entropy"": 0.5645771026611328, ""test_balanced_accuracy"": 0.7826889753341675}"
2026-04-15T23:35:39.816923,cats,lcbench,126025,0,83,50.7965202331543,"{""OpenML_task_id"": ""168329"", ""batch_size"": 301, ""epoch"": 51, ""learning_rate"": 0.0321269170270557, ""max_dropout"": 0.9248159558831186, ""max_units"": 160, ""momentum"": 0.5803684688643944, ""num_layers"": 2, ""weight_decay"": 0.0624904104979844}","{""time"": 50.7965202331543, ""val_accuracy"": 80.46752166748047, ""val_cross_entropy"": 0.4188992977142334, ""val_balanced_accuracy"": 0.8262318968772888, ""test_cross_entropy"": 0.5679219365119934, ""test_balanced_accuracy"": 0.8216978907585144}"
2026-04-15T23:35:39.817926,cats,lcbench,126025,0,84,44.86583709716797,"{""OpenML_task_id"": ""167185"", ""batch_size"": 51, ""epoch"": 12, ""learning_rate"": 0.0001264998189713464, ""max_dropout"": 0.38935231818309013, ""max_units"": 120, ""momentum"": 0.5342465553498719, ""num_layers"": 3, ""weight_decay"": 0.011302233759023221}","{""time"": 44.86583709716797, ""val_accuracy"": 73.41381072998047, ""val_cross_entropy"": 0.6134641170501709, ""val_balanced_accuracy"": 0.7280061841011047, ""test_cross_entropy"": 0.6691571474075317, ""test_balanced_accuracy"": 0.7276313304901123}"
2026-04-15T23:35:39.817926,cats,lcbench,126025,0,85,6.149757385253906,"{""OpenML_task_id"": ""168331"", ""batch_size"": 63, ""epoch"": 3, ""learning_rate"": 0.01538480445703482, ""max_dropout"": 0.7932799894577371, ""max_units"": 144, ""momentum"": 0.30975244637942434, ""num_layers"": 4, ""weight_decay"": 0.022529814534736067}","{""time"": 6.149757385253906, ""val_accuracy"": 76.38838958740234, ""val_cross_entropy"": 0.47022944688796997, ""val_balanced_accuracy"": 0.7725440859794617, ""test_cross_entropy"": 0.6166184544563293, ""test_balanced_accuracy"": 0.7682109475135803}"
2026-04-15T23:35:39.818926,cats,lcbench,126025,0,86,51.35291290283203,"{""OpenML_task_id"": ""167168"", ""batch_size"": 60, ""epoch"": 32, ""learning_rate"": 0.06723868595280395, ""max_dropout"": 0.14233048074539756, ""max_units"": 162, ""momentum"": 0.2692654176291762, ""num_layers"": 1, ""weight_decay"": 0.05164875011627611}","{""time"": 51.35291290283203, ""val_accuracy"": 76.87921905517578, ""val_cross_entropy"": 0.44494253396987915, ""val_balanced_accuracy"": 0.7916175723075867, ""test_cross_entropy"": 0.5523996353149414, ""test_balanced_accuracy"": 0.7769120931625366}"
2026-04-15T23:35:39.818926,cats,lcbench,126025,0,87,54.46258544921875,"{""OpenML_task_id"": ""167185"", ""batch_size"": 136, ""epoch"": 34, ""learning_rate"": 0.0670073464595593, ""max_dropout"": 0.8428189813503632, ""max_units"": 337, ""momentum"": 0.10048326587234559, ""num_layers"": 2, ""weight_decay"": 0.005289831252838579}","{""time"": 54.46258544921875, ""val_accuracy"": 79.80782318115234, ""val_cross_entropy"": 0.4024866223335266, ""val_balanced_accuracy"": 0.8159816265106201, ""test_cross_entropy"": 0.5240546464920044, ""test_balanced_accuracy"": 0.8090450167655945}"
2026-04-15T23:35:39.819926,cats,lcbench,126025,0,88,279.19964599609375,"{""OpenML_task_id"": ""189866"", ""batch_size"": 28, ""epoch"": 40, ""learning_rate"": 0.00019450113446588537, ""max_dropout"": 0.2839147794012282, ""max_units"": 686, ""momentum"": 0.4578865810876377, ""num_layers"": 3, ""weight_decay"": 0.07275976207459182}","{""time"": 279.19964599609375, ""val_accuracy"": 77.89530944824219, ""val_cross_entropy"": 0.4251747727394104, ""val_balanced_accuracy"": 0.7957639694213867, ""test_cross_entropy"": 0.5537214875221252, ""test_balanced_accuracy"": 0.7903186082839966}"
2026-04-15T23:35:39.820926,cats,lcbench,126025,0,89,20.71918487548828,"{""OpenML_task_id"": ""167200"", ""batch_size"": 76, ""epoch"": 12, ""learning_rate"": 0.017691021749658833, ""max_dropout"": 0.959630282748675, ""max_units"": 417, ""momentum"": 0.5665705254777933, ""num_layers"": 2, ""weight_decay"": 0.05841362635084912}","{""time"": 20.71918487548828, ""val_accuracy"": 81.84233856201172, ""val_cross_entropy"": 0.3933184742927551, ""val_balanced_accuracy"": 0.8239861130714417, ""test_cross_entropy"": 0.5581961870193481, ""test_balanced_accuracy"": 0.8160018920898438}"
2026-04-15T23:35:39.820926,cats,lcbench,126025,0,90,91.48857116699219,"{""OpenML_task_id"": ""167200"", ""batch_size"": 126, ""epoch"": 17, ""learning_rate"": 0.028952474460570015, ""max_dropout"": 0.31128821929675254, ""max_units"": 869, ""momentum"": 0.9724866912162519, ""num_layers"": 3, ""weight_decay"": 0.056126708854507316}","{""time"": 91.48857116699219, ""val_accuracy"": 76.28675842285156, ""val_cross_entropy"": 0.4894217252731323, ""val_balanced_accuracy"": 0.812239408493042, ""test_cross_entropy"": 0.5584067106246948, ""test_balanced_accuracy"": 0.8035915493965149}"
2026-04-15T23:35:39.821926,cats,lcbench,126025,0,91,75.29597473144531,"{""OpenML_task_id"": ""167149"", ""batch_size"": 46, ""epoch"": 43, ""learning_rate"": 0.0024111295849265665, ""max_dropout"": 0.615726786296432, ""max_units"": 68, ""momentum"": 0.7643387318667063, ""num_layers"": 1, ""weight_decay"": 0.05790916644391135}","{""time"": 75.29597473144531, ""val_accuracy"": 77.16230010986328, ""val_cross_entropy"": 0.4794756770133972, ""val_balanced_accuracy"": 0.8012070655822754, ""test_cross_entropy"": 0.5572470426559448, ""test_balanced_accuracy"": 0.7955287098884583}"
2026-04-15T23:35:39.821926,cats,lcbench,126025,0,92,89.46101379394531,"{""OpenML_task_id"": ""7593"", ""batch_size"": 173, ""epoch"": 38, ""learning_rate"": 0.00024086515182255398, ""max_dropout"": 0.22751426650914508, ""max_units"": 152, ""momentum"": 0.6400656481966033, ""num_layers"": 4, ""weight_decay"": 0.05893170992528033}","{""time"": 89.46101379394531, ""val_accuracy"": 68.52323150634766, ""val_cross_entropy"": 0.634013831615448, ""val_balanced_accuracy"": 0.6767732501029968, ""test_cross_entropy"": 0.681592583656311, ""test_balanced_accuracy"": 0.6811283230781555}"
2026-04-15T23:35:39.823429,cats,lcbench,126025,0,93,31.301822662353516,"{""OpenML_task_id"": ""168910"", ""batch_size"": 314, ""epoch"": 10, ""learning_rate"": 0.007137961604506568, ""max_dropout"": 0.5473448582538039, ""max_units"": 95, ""momentum"": 0.1231451981882061, ""num_layers"": 4, ""weight_decay"": 0.05281828117369517}","{""time"": 31.301822662353516, ""val_accuracy"": 68.32368469238281, ""val_cross_entropy"": 0.6759949922561646, ""val_balanced_accuracy"": 0.6753252148628235, ""test_cross_entropy"": 0.6849622130393982, ""test_balanced_accuracy"": 0.6795724034309387}"
2026-04-15T23:35:39.824432,cats,lcbench,126025,0,94,76.67231750488281,"{""OpenML_task_id"": ""168331"", ""batch_size"": 21, ""epoch"": 50, ""learning_rate"": 0.0013525445217496758, ""max_dropout"": 0.5217294625601094, ""max_units"": 855, ""momentum"": 0.6052090185615557, ""num_layers"": 1, ""weight_decay"": 0.06783691061600293}","{""time"": 76.67231750488281, ""val_accuracy"": 77.85609436035156, ""val_cross_entropy"": 0.4621484875679016, ""val_balanced_accuracy"": 0.7941551804542542, ""test_cross_entropy"": 0.5613832473754883, ""test_balanced_accuracy"": 0.7883328199386597}"
2026-04-15T23:35:39.824432,cats,lcbench,126025,0,95,26.520183563232422,"{""OpenML_task_id"": ""167184"", ""batch_size"": 207, ""epoch"": 39, ""learning_rate"": 0.05256989451663055, ""max_dropout"": 0.5298959886605022, ""max_units"": 72, ""momentum"": 0.29302219348720904, ""num_layers"": 3, ""weight_decay"": 0.08067676095853449}","{""time"": 26.520183563232422, ""val_accuracy"": 78.45011901855469, ""val_cross_entropy"": 0.43924349546432495, ""val_balanced_accuracy"": 0.7902793884277344, ""test_cross_entropy"": 0.5741720795631409, ""test_balanced_accuracy"": 0.7888306379318237}"
2026-04-15T23:35:39.825433,cats,lcbench,126025,0,96,51.92743682861328,"{""OpenML_task_id"": ""168868"", ""batch_size"": 196, ""epoch"": 42, ""learning_rate"": 0.029555066946266445, ""max_dropout"": 0.35647416629664885, ""max_units"": 73, ""momentum"": 0.3427474375098125, ""num_layers"": 4, ""weight_decay"": 0.06754868453429234}","{""time"": 51.92743682861328, ""val_accuracy"": 71.29951477050781, ""val_cross_entropy"": 0.5750496983528137, ""val_balanced_accuracy"": 0.6200348138809204, ""test_cross_entropy"": 0.643769383430481, ""test_balanced_accuracy"": 0.6220948100090027}"
2026-04-15T23:35:39.826432,cats,lcbench,126025,0,97,49.795291900634766,"{""OpenML_task_id"": ""189908"", ""batch_size"": 88, ""epoch"": 14, ""learning_rate"": 0.0009216830751735375, ""max_dropout"": 0.08350877190460781, ""max_units"": 397, ""momentum"": 0.28755030732377773, ""num_layers"": 5, ""weight_decay"": 0.00260535861057394}","{""time"": 49.795291900634766, ""val_accuracy"": 82.66062927246094, ""val_cross_entropy"": 0.4922465682029724, ""val_balanced_accuracy"": 0.8124222755432129, ""test_cross_entropy"": 0.618052065372467, ""test_balanced_accuracy"": 0.8096316456794739}"
2026-04-15T23:35:39.826432,cats,lcbench,126025,0,98,58.576271057128906,"{""OpenML_task_id"": ""168910"", ""batch_size"": 191, ""epoch"": 52, ""learning_rate"": 0.012270505977135486, ""max_dropout"": 0.35687163981311276, ""max_units"": 742, ""momentum"": 0.48224129561630047, ""num_layers"": 1, ""weight_decay"": 0.06296125690630798}","{""time"": 58.576271057128906, ""val_accuracy"": 77.23783874511719, ""val_cross_entropy"": 0.45665600895881653, ""val_balanced_accuracy"": 0.7982387542724609, ""test_cross_entropy"": 0.5624529719352722, ""test_balanced_accuracy"": 0.7947370409965515}"
2026-04-15T23:35:39.827432,cats,lcbench,126025,0,99,165.2769775390625,"{""OpenML_task_id"": ""167185"", ""batch_size"": 61, ""epoch"": 34, ""learning_rate"": 0.01728167972805662, ""max_dropout"": 0.27989181786104356, ""max_units"": 218, ""momentum"": 0.9328462762456691, ""num_layers"": 4, ""weight_decay"": 0.08993531251622779}","{""time"": 165.2769775390625, ""val_accuracy"": 67.49420928955078, ""val_cross_entropy"": 0.5886580944061279, ""val_balanced_accuracy"": 0.5688728094100952, ""test_cross_entropy"": 0.6611754298210144, ""test_balanced_accuracy"": 0.5671178102493286}"
2026-04-15T23:35:39.828432,cats,lcbench,126025,0,100,14.644871711730957,"{""OpenML_task_id"": ""189865"", ""batch_size"": 255, ""epoch"": 13, ""learning_rate"": 0.029816830500666896, ""max_dropout"": 0.6881080444513821, ""max_units"": 73, ""momentum"": 0.5865477872734471, ""num_layers"": 3, ""weight_decay"": 0.09490719950694317}","{""time"": 14.644871711730957, ""val_accuracy"": 73.9877700805664, ""val_cross_entropy"": 0.5239332914352417, ""val_balanced_accuracy"": 0.7524204254150391, ""test_cross_entropy"": 0.6174017190933228, ""test_balanced_accuracy"": 0.7520989775657654}"
2026-04-15T23:35:39.828432,cats,lcbench,126025,0,101,49.62516403198242,"{""OpenML_task_id"": ""189865"", ""batch_size"": 44, ""epoch"": 19, ""learning_rate"": 0.000600012427980168, ""max_dropout"": 0.29156737046651005, ""max_units"": 79, ""momentum"": 0.39582420477235825, ""num_layers"": 4, ""weight_decay"": 0.01603794930006865}","{""time"": 49.62516403198242, ""val_accuracy"": 79.68370056152344, ""val_cross_entropy"": 0.5338516235351562, ""val_balanced_accuracy"": 0.7624027729034424, ""test_cross_entropy"": 0.6328268051147461, ""test_balanced_accuracy"": 0.7606655955314636}"
2026-04-15T23:35:39.829432,cats,lcbench,126025,0,102,9.613622665405273,"{""OpenML_task_id"": ""7593"", ""batch_size"": 70, ""epoch"": 3, ""learning_rate"": 0.011866172146483334, ""max_dropout"": 0.8823179222452726, ""max_units"": 176, ""momentum"": 0.8355363360080654, ""num_layers"": 2, ""weight_decay"": 0.041336295732308646}","{""time"": 9.613622665405273, ""val_accuracy"": 80.546142578125, ""val_cross_entropy"": 0.4269823133945465, ""val_balanced_accuracy"": 0.8058585524559021, ""test_cross_entropy"": 0.5592830777168274, ""test_balanced_accuracy"": 0.7998786568641663}"
2026-04-15T23:35:39.830935,cats,lcbench,126025,0,103,71.25479888916016,"{""OpenML_task_id"": ""167149"", ""batch_size"": 19, ""epoch"": 37, ""learning_rate"": 0.04943576183829845, ""max_dropout"": 0.49773849786513635, ""max_units"": 76, ""momentum"": 0.8339297620985945, ""num_layers"": 4, ""weight_decay"": 0.004940150535464487}","{""time"": 71.25479888916016, ""val_accuracy"": 89.2200698852539, ""val_cross_entropy"": 0.39608681201934814, ""val_balanced_accuracy"": 0.8585161566734314, ""test_cross_entropy"": 0.5077883005142212, ""test_balanced_accuracy"": 0.8196864128112793}"
2026-04-15T23:35:39.831938,cats,lcbench,126025,0,104,54.822357177734375,"{""OpenML_task_id"": ""126029"", ""batch_size"": 117, ""epoch"": 23, ""learning_rate"": 0.0012535260626001148, ""max_dropout"": 0.7624930366782023, ""max_units"": 509, ""momentum"": 0.46059863340255136, ""num_layers"": 2, ""weight_decay"": 0.01632689111397981}","{""time"": 54.822357177734375, ""val_accuracy"": 77.81690216064453, ""val_cross_entropy"": 0.42185360193252563, ""val_balanced_accuracy"": 0.8052209615707397, ""test_cross_entropy"": 0.5473400950431824, ""test_balanced_accuracy"": 0.7977760434150696}"
2026-04-15T23:35:39.832938,cats,lcbench,126025,0,105,46.87108612060547,"{""OpenML_task_id"": ""146212"", ""batch_size"": 353, ""epoch"": 13, ""learning_rate"": 0.006883813605459946, ""max_dropout"": 0.45411743618793377, ""max_units"": 118, ""momentum"": 0.33300235953151375, ""num_layers"": 4, ""weight_decay"": 0.006107214208346657}","{""time"": 46.87108612060547, ""val_accuracy"": 73.4896011352539, ""val_cross_entropy"": 0.5366826057434082, ""val_balanced_accuracy"": 0.7735378742218018, ""test_cross_entropy"": 0.6190851926803589, ""test_balanced_accuracy"": 0.7711631655693054}"
2026-04-15T23:35:39.833939,cats,lcbench,126025,0,106,45.48637771606445,"{""OpenML_task_id"": ""168330"", ""batch_size"": 17, ""epoch"": 36, ""learning_rate"": 0.09570912988512519, ""max_dropout"": 0.8562681880701466, ""max_units"": 635, ""momentum"": 0.6121813286779412, ""num_layers"": 1, ""weight_decay"": 0.07860888829835207}","{""time"": 45.48637771606445, ""val_accuracy"": 78.63213348388672, ""val_cross_entropy"": 0.4224054217338562, ""val_balanced_accuracy"": 0.7816983461380005, ""test_cross_entropy"": 0.569703996181488, ""test_balanced_accuracy"": 0.7736145853996277}"
2026-04-15T23:35:39.834938,cats,lcbench,126025,0,107,66.87616729736328,"{""OpenML_task_id"": ""189865"", ""batch_size"": 421, ""epoch"": 13, ""learning_rate"": 0.0035355073133165214, ""max_dropout"": 0.46678895732149117, ""max_units"": 258, ""momentum"": 0.44609116860108333, ""num_layers"": 4, ""weight_decay"": 0.01938915161643409}","{""time"": 66.87616729736328, ""val_accuracy"": 72.61236572265625, ""val_cross_entropy"": 0.5865659117698669, ""val_balanced_accuracy"": 0.7709867358207703, ""test_cross_entropy"": 0.6455011367797852, ""test_balanced_accuracy"": 0.7688881754875183}"
2026-04-15T23:35:39.835939,cats,lcbench,126025,0,108,55.820796966552734,"{""OpenML_task_id"": ""189908"", ""batch_size"": 175, ""epoch"": 35, ""learning_rate"": 0.03773465070533981, ""max_dropout"": 0.35279608569199483, ""max_units"": 234, ""momentum"": 0.41774588628319054, ""num_layers"": 5, ""weight_decay"": 0.0410544878318589}","{""time"": 55.820796966552734, ""val_accuracy"": 85.3874282836914, ""val_cross_entropy"": 0.37275949120521545, ""val_balanced_accuracy"": 0.7926706671714783, ""test_cross_entropy"": 0.5535662174224854, ""test_balanced_accuracy"": 0.7901015281677246}"
2026-04-15T23:35:39.836939,cats,lcbench,126025,0,109,62.22978591918945,"{""OpenML_task_id"": ""167161"", ""batch_size"": 382, ""epoch"": 45, ""learning_rate"": 0.0016427458759518993, ""max_dropout"": 0.31694559206168793, ""max_units"": 182, ""momentum"": 0.4775455010767543, ""num_layers"": 2, ""weight_decay"": 0.02088186851309365}","{""time"": 62.22978591918945, ""val_accuracy"": 77.09580993652344, ""val_cross_entropy"": 0.432923823595047, ""val_balanced_accuracy"": 0.7954407334327698, ""test_cross_entropy"": 0.5621569752693176, ""test_balanced_accuracy"": 0.7921144366264343}"
2026-04-15T23:35:39.837939,cats,lcbench,126025,0,110,46.73861312866211,"{""OpenML_task_id"": ""168908"", ""batch_size"": 453, ""epoch"": 27, ""learning_rate"": 0.0019047261054949494, ""max_dropout"": 0.4881861798968754, ""max_units"": 278, ""momentum"": 0.11182306654579664, ""num_layers"": 2, ""weight_decay"": 0.032209158298620554}","{""time"": 46.73861312866211, ""val_accuracy"": 76.96827697753906, ""val_cross_entropy"": 0.44486546516418457, ""val_balanced_accuracy"": 0.7871488332748413, ""test_cross_entropy"": 0.5714733004570007, ""test_balanced_accuracy"": 0.7836061120033264}"
2026-04-15T23:35:39.839442,cats,lcbench,126025,0,111,42.61516189575195,"{""OpenML_task_id"": ""34539"", ""batch_size"": 119, ""epoch"": 19, ""learning_rate"": 0.035218740015446774, ""max_dropout"": 0.2014864518309265, ""max_units"": 313, ""momentum"": 0.9854857842770652, ""num_layers"": 2, ""weight_decay"": 0.08582292398249436}","{""time"": 42.61516189575195, ""val_accuracy"": 75.98310852050781, ""val_cross_entropy"": 0.479044109582901, ""val_balanced_accuracy"": 0.7883629202842712, ""test_cross_entropy"": 0.578350305557251, ""test_balanced_accuracy"": 0.7840995192527771}"
2026-04-15T23:35:39.840445,cats,lcbench,126025,0,112,22.180591583251953,"{""OpenML_task_id"": ""167185"", ""batch_size"": 38, ""epoch"": 6, ""learning_rate"": 0.001257247854325707, ""max_dropout"": 0.7293416610281396, ""max_units"": 69, ""momentum"": 0.3969242714034861, ""num_layers"": 2, ""weight_decay"": 0.015176566100195599}","{""time"": 22.180591583251953, ""val_accuracy"": 79.73661041259766, ""val_cross_entropy"": 0.44356247782707214, ""val_balanced_accuracy"": 0.7996193766593933, ""test_cross_entropy"": 0.5710446834564209, ""test_balanced_accuracy"": 0.7947583198547363}"
2026-04-15T23:35:39.841445,cats,lcbench,126025,0,113,111.05996704101562,"{""OpenML_task_id"": ""126025"", ""batch_size"": 64, ""epoch"": 39, ""learning_rate"": 0.0029472507678385356, ""max_dropout"": 0.7102507642849127, ""max_units"": 274, ""momentum"": 0.15647215839950698, ""num_layers"": 3, ""weight_decay"": 0.02863149488834526}","{""time"": 111.05996704101562, ""val_accuracy"": 78.45894622802734, ""val_cross_entropy"": 0.4216686487197876, ""val_balanced_accuracy"": 0.8152675628662109, ""test_cross_entropy"": 0.5415453910827637, ""test_balanced_accuracy"": 0.8048248291015625}"
2026-04-15T23:35:39.841445,cats,lcbench,126025,0,114,77.93570709228516,"{""OpenML_task_id"": ""189873"", ""batch_size"": 87, ""epoch"": 37, ""learning_rate"": 0.06765850477059773, ""max_dropout"": 0.7703030047502365, ""max_units"": 439, ""momentum"": 0.27834692330219746, ""num_layers"": 3, ""weight_decay"": 0.003741128574509739}","{""time"": 77.93570709228516, ""val_accuracy"": 85.31644439697266, ""val_cross_entropy"": 0.366782009601593, ""val_balanced_accuracy"": 0.8559361100196838, ""test_cross_entropy"": 0.5143388509750366, ""test_balanced_accuracy"": 0.8468698263168335}"
2026-04-15T23:35:39.842445,cats,lcbench,126025,0,115,43.26080322265625,"{""OpenML_task_id"": ""167200"", ""batch_size"": 21, ""epoch"": 18, ""learning_rate"": 0.0001383912917595893, ""max_dropout"": 0.7978868760751612, ""max_units"": 946, ""momentum"": 0.41582544132151233, ""num_layers"": 1, ""weight_decay"": 0.03654024286993776}","{""time"": 43.26080322265625, ""val_accuracy"": 78.00890350341797, ""val_cross_entropy"": 0.47764554619789124, ""val_balanced_accuracy"": 0.7472573518753052, ""test_cross_entropy"": 0.5839130282402039, ""test_balanced_accuracy"": 0.7448937296867371}"
2026-04-15T23:35:39.843445,cats,lcbench,126025,0,116,58.4744758605957,"{""OpenML_task_id"": ""167104"", ""batch_size"": 212, ""epoch"": 39, ""learning_rate"": 0.00016627884015020246, ""max_dropout"": 0.7983476249898984, ""max_units"": 67, ""momentum"": 0.9721379103061184, ""num_layers"": 2, ""weight_decay"": 0.09961324673182212}","{""time"": 58.4744758605957, ""val_accuracy"": 80.29029083251953, ""val_cross_entropy"": 0.4396257698535919, ""val_balanced_accuracy"": 0.7930139303207397, ""test_cross_entropy"": 0.5890029668807983, ""test_balanced_accuracy"": 0.7933724522590637}"
2026-04-15T23:35:39.844445,cats,lcbench,126025,0,117,46.965911865234375,"{""OpenML_task_id"": ""189866"", ""batch_size"": 22, ""epoch"": 14, ""learning_rate"": 0.00033548520885741943, ""max_dropout"": 0.4013727317641933, ""max_units"": 112, ""momentum"": 0.3744613177606809, ""num_layers"": 3, ""weight_decay"": 0.0696411305752439}","{""time"": 46.965911865234375, ""val_accuracy"": 79.05757141113281, ""val_cross_entropy"": 0.5442014932632446, ""val_balanced_accuracy"": 0.7654013633728027, ""test_cross_entropy"": 0.6133111715316772, ""test_balanced_accuracy"": 0.7651809453964233}"
2026-04-15T23:35:39.845445,cats,lcbench,126025,0,118,26.108814239501953,"{""OpenML_task_id"": ""167104"", ""batch_size"": 211, ""epoch"": 14, ""learning_rate"": 0.006880426021369744, ""max_dropout"": 0.04370703582104285, ""max_units"": 986, ""momentum"": 0.27076095511776205, ""num_layers"": 1, ""weight_decay"": 0.06089739843385193}","{""time"": 26.108814239501953, ""val_accuracy"": 77.50746154785156, ""val_cross_entropy"": 0.45720988512039185, ""val_balanced_accuracy"": 0.782010018825531, ""test_cross_entropy"": 0.565136194229126, ""test_balanced_accuracy"": 0.7788334488868713}"
2026-04-15T23:35:39.845445,cats,lcbench,126025,0,119,22.749534606933594,"{""OpenML_task_id"": ""189873"", ""batch_size"": 156, ""epoch"": 11, ""learning_rate"": 0.04289838681606115, ""max_dropout"": 0.5164765415813585, ""max_units"": 71, ""momentum"": 0.8711992820182264, ""num_layers"": 2, ""weight_decay"": 0.027937425186818018}","{""time"": 22.749534606933594, ""val_accuracy"": 81.81050109863281, ""val_cross_entropy"": 0.39303383231163025, ""val_balanced_accuracy"": 0.8293675780296326, ""test_cross_entropy"": 0.539549708366394, ""test_balanced_accuracy"": 0.8223281502723694}"
2026-04-15T23:35:39.846947,cats,lcbench,126025,0,120,122.1989974975586,"{""OpenML_task_id"": ""167200"", ""batch_size"": 33, ""epoch"": 50, ""learning_rate"": 0.030147643620032822, ""max_dropout"": 0.7540508687283395, ""max_units"": 479, ""momentum"": 0.4581874330266321, ""num_layers"": 4, ""weight_decay"": 0.001322289813257497}","{""time"": 122.1989974975586, ""val_accuracy"": 89.00013732910156, ""val_cross_entropy"": 0.30188870429992676, ""val_balanced_accuracy"": 0.874152421951294, ""test_cross_entropy"": 0.4888688921928406, ""test_balanced_accuracy"": 0.8570469617843628}"
2026-04-15T23:35:39.847951,cats,lcbench,126025,0,121,67.68356323242188,"{""OpenML_task_id"": ""167104"", ""batch_size"": 512, ""epoch"": 27, ""learning_rate"": 0.006140833397968017, ""max_dropout"": 0.6170597928581856, ""max_units"": 64, ""momentum"": 0.8689931949795769, ""num_layers"": 2, ""weight_decay"": 0.058691161518646756}","{""time"": 67.68356323242188, ""val_accuracy"": 79.60076141357422, ""val_cross_entropy"": 0.45236170291900635, ""val_balanced_accuracy"": 0.8174521923065186, ""test_cross_entropy"": 0.5559374094009399, ""test_balanced_accuracy"": 0.8131911754608154}"
2026-04-15T23:35:39.847951,cats,lcbench,126025,0,122,42.3474235534668,"{""OpenML_task_id"": ""168908"", ""batch_size"": 91, ""epoch"": 12, ""learning_rate"": 0.07824866069063006, ""max_dropout"": 0.5631034520586893, ""max_units"": 179, ""momentum"": 0.9764079199322115, ""num_layers"": 4, ""weight_decay"": 0.056329482126914784}","{""time"": 42.3474235534668, ""val_accuracy"": 69.29222869873047, ""val_cross_entropy"": 0.45762503147125244, ""val_balanced_accuracy"": 0.7384487390518188, ""test_cross_entropy"": 0.5995799899101257, ""test_balanced_accuracy"": 0.7258612513542175}"
2026-04-15T23:35:39.848951,cats,lcbench,126025,0,123,10.589751243591309,"{""OpenML_task_id"": ""167185"", ""batch_size"": 88, ""epoch"": 4, ""learning_rate"": 0.0047254922415416204, ""max_dropout"": 0.754395938141286, ""max_units"": 97, ""momentum"": 0.3011892314895117, ""num_layers"": 4, ""weight_decay"": 0.055597897036032885}","{""time"": 10.589751243591309, ""val_accuracy"": 68.19661712646484, ""val_cross_entropy"": 0.6521045565605164, ""val_balanced_accuracy"": 0.6278008222579956, ""test_cross_entropy"": 0.6923858523368835, ""test_balanced_accuracy"": 0.6277481317520142}"
2026-04-15T23:35:39.849951,cats,lcbench,126025,0,124,136.61781311035156,"{""OpenML_task_id"": ""189908"", ""batch_size"": 55, ""epoch"": 47, ""learning_rate"": 0.002170697732613948, ""max_dropout"": 0.2570870018223298, ""max_units"": 269, ""momentum"": 0.7811413052334714, ""num_layers"": 5, ""weight_decay"": 0.08287655079772444}","{""time"": 136.61781311035156, ""val_accuracy"": 84.2032241821289, ""val_cross_entropy"": 0.6122114658355713, ""val_balanced_accuracy"": 0.5282440185546875, ""test_cross_entropy"": 0.7015324831008911, ""test_balanced_accuracy"": 0.5331065058708191}"
2026-04-15T23:35:39.851951,cats,lcbench,126025,0,125,47.77888488769531,"{""OpenML_task_id"": ""167168"", ""batch_size"": 240, ""epoch"": 8, ""learning_rate"": 0.034673579867746065, ""max_dropout"": 0.783581665628434, ""max_units"": 840, ""momentum"": 0.3811895227943629, ""num_layers"": 3, ""weight_decay"": 0.07931425766581333}","{""time"": 47.77888488769531, ""val_accuracy"": 78.19750213623047, ""val_cross_entropy"": 0.48392927646636963, ""val_balanced_accuracy"": 0.8132516741752625, ""test_cross_entropy"": 0.5586185455322266, ""test_balanced_accuracy"": 0.8130345940589905}"
2026-04-15T23:35:39.852951,cats,lcbench,126025,0,126,29.1334228515625,"{""OpenML_task_id"": ""167184"", ""batch_size"": 87, ""epoch"": 4, ""learning_rate"": 0.002642916539400021, ""max_dropout"": 0.37911754180424995, ""max_units"": 1015, ""momentum"": 0.3657295466126239, ""num_layers"": 3, ""weight_decay"": 0.08329092955615862}","{""time"": 29.1334228515625, ""val_accuracy"": 80.39817810058594, ""val_cross_entropy"": 0.4335722327232361, ""val_balanced_accuracy"": 0.8259844779968262, ""test_cross_entropy"": 0.5737621784210205, ""test_balanced_accuracy"": 0.8179044723510742}"
2026-04-15T23:35:39.853951,cats,lcbench,126025,0,127,16.673828125,"{""OpenML_task_id"": ""168868"", ""batch_size"": 168, ""epoch"": 3, ""learning_rate"": 0.00034334416605547524, ""max_dropout"": 0.8803263020233716, ""max_units"": 229, ""momentum"": 0.18891279019792645, ""num_layers"": 4, ""weight_decay"": 0.08983544097007677}","{""time"": 16.673828125, ""val_accuracy"": 46.5609016418457, ""val_cross_entropy"": 0.645166277885437, ""val_balanced_accuracy"": 0.5208753347396851, ""test_cross_entropy"": 0.6839277744293213, ""test_balanced_accuracy"": 0.5206647515296936}"
2026-04-15T23:35:39.855543,cats,lcbench,126025,0,128,79.15866088867188,"{""OpenML_task_id"": ""168331"", ""batch_size"": 116, ""epoch"": 45, ""learning_rate"": 0.001242339202227751, ""max_dropout"": 0.32216447327095854, ""max_units"": 78, ""momentum"": 0.19602276967218912, ""num_layers"": 3, ""weight_decay"": 0.020218976109269902}","{""time"": 79.15866088867188, ""val_accuracy"": 77.27202606201172, ""val_cross_entropy"": 0.5061426758766174, ""val_balanced_accuracy"": 0.7851695418357849, ""test_cross_entropy"": 0.590251088142395, ""test_balanced_accuracy"": 0.7864120006561279}"
2026-04-15T23:35:39.856553,cats,lcbench,126025,0,129,67.2010726928711,"{""OpenML_task_id"": ""189908"", ""batch_size"": 249, ""epoch"": 5, ""learning_rate"": 0.00011741605729509234, ""max_dropout"": 0.5333164352709994, ""max_units"": 835, ""momentum"": 0.5726369184914158, ""num_layers"": 4, ""weight_decay"": 0.03942248522338269}","{""time"": 67.2010726928711, ""val_accuracy"": 41.8393440246582, ""val_cross_entropy"": 0.6374326348304749, ""val_balanced_accuracy"": 0.5346359610557556, ""test_cross_entropy"": 0.6896061897277832, ""test_balanced_accuracy"": 0.5383052825927734}"
2026-04-15T23:35:39.857553,cats,lcbench,126025,0,130,795.1551513671875,"{""OpenML_task_id"": ""168329"", ""batch_size"": 41, ""epoch"": 50, ""learning_rate"": 0.0001053764372196741, ""max_dropout"": 0.3670855866211927, ""max_units"": 985, ""momentum"": 0.23052315511375254, ""num_layers"": 4, ""weight_decay"": 0.09264950020780115}","{""time"": 795.1551513671875, ""val_accuracy"": 74.82793426513672, ""val_cross_entropy"": 0.5386237502098083, ""val_balanced_accuracy"": 0.7900397777557373, ""test_cross_entropy"": 0.6485567688941956, ""test_balanced_accuracy"": 0.7858692407608032}"
2026-04-15T23:35:39.858553,cats,lcbench,126025,0,131,186.8257293701172,"{""OpenML_task_id"": ""189905"", ""batch_size"": 306, ""epoch"": 36, ""learning_rate"": 0.0077237001697990654, ""max_dropout"": 0.16215660004547927, ""max_units"": 886, ""momentum"": 0.9271948395843761, ""num_layers"": 3, ""weight_decay"": 0.03964004725088021}","{""time"": 186.8257293701172, ""val_accuracy"": 76.49876403808594, ""val_cross_entropy"": 0.43101766705513, ""val_balanced_accuracy"": 0.8068721294403076, ""test_cross_entropy"": 0.5281578302383423, ""test_balanced_accuracy"": 0.7980256676673889}"
2026-04-15T23:35:39.859553,cats,lcbench,126025,0,132,75.32526397705078,"{""OpenML_task_id"": ""189866"", ""batch_size"": 343, ""epoch"": 51, ""learning_rate"": 0.005865974851564767, ""max_dropout"": 0.7253506258190779, ""max_units"": 260, ""momentum"": 0.3740207722163076, ""num_layers"": 3, ""weight_decay"": 0.09163564837168162}","{""time"": 75.32526397705078, ""val_accuracy"": 79.63478088378906, ""val_cross_entropy"": 0.4965829849243164, ""val_balanced_accuracy"": 0.792963981628418, ""test_cross_entropy"": 0.5987472534179688, ""test_balanced_accuracy"": 0.7954604625701904}"
2026-04-15T23:35:39.860552,cats,lcbench,126025,0,133,65.21674346923828,"{""OpenML_task_id"": ""189862"", ""batch_size"": 51, ""epoch"": 16, ""learning_rate"": 0.00028156792127839063, ""max_dropout"": 0.5626516553848855, ""max_units"": 279, ""momentum"": 0.42351439904965427, ""num_layers"": 4, ""weight_decay"": 0.06047298185769111}","{""time"": 65.21674346923828, ""val_accuracy"": 75.54755401611328, ""val_cross_entropy"": 0.6353877186775208, ""val_balanced_accuracy"": 0.7213714718818665, ""test_cross_entropy"": 0.6834268569946289, ""test_balanced_accuracy"": 0.722588837146759}"
2026-04-15T23:35:39.860552,cats,lcbench,126025,0,134,90.58634948730469,"{""OpenML_task_id"": ""167104"", ""batch_size"": 57, ""epoch"": 39, ""learning_rate"": 0.001660192819324649, ""max_dropout"": 0.04192217189782277, ""max_units"": 335, ""momentum"": 0.3983379500081039, ""num_layers"": 5, ""weight_decay"": 0.09047150882371041}","{""time"": 90.58634948730469, ""val_accuracy"": 85.251708984375, ""val_cross_entropy"": 0.6236413717269897, ""val_balanced_accuracy"": 0.60650634765625, ""test_cross_entropy"": 0.6865482926368713, ""test_balanced_accuracy"": 0.612708330154419}"
2026-04-15T23:35:39.863065,cats,lcbench,126025,0,135,92.86351776123047,"{""OpenML_task_id"": ""168331"", ""batch_size"": 227, ""epoch"": 9, ""learning_rate"": 0.0031592999067019444, ""max_dropout"": 0.9225757786987331, ""max_units"": 887, ""momentum"": 0.12869343546111509, ""num_layers"": 5, ""weight_decay"": 0.01627800875655546}","{""time"": 92.86351776123047, ""val_accuracy"": 71.52562713623047, ""val_cross_entropy"": 0.5908674001693726, ""val_balanced_accuracy"": 0.7820159792900085, ""test_cross_entropy"": 0.6611645221710205, ""test_balanced_accuracy"": 0.7734995484352112}"
2026-04-15T23:35:39.864066,cats,lcbench,126025,0,136,47.766334533691406,"{""OpenML_task_id"": ""189906"", ""batch_size"": 30, ""epoch"": 21, ""learning_rate"": 0.0001215192612154621, ""max_dropout"": 0.3898697983216951, ""max_units"": 357, ""momentum"": 0.9037057715234325, ""num_layers"": 1, ""weight_decay"": 0.09917968775703676}","{""time"": 47.766334533691406, ""val_accuracy"": 79.50941467285156, ""val_cross_entropy"": 0.47189414501190186, ""val_balanced_accuracy"": 0.7749127149581909, ""test_cross_entropy"": 0.5674746632575989, ""test_balanced_accuracy"": 0.7733225226402283}"
2026-04-15T23:35:39.864066,cats,lcbench,126025,0,137,84.48693084716797,"{""OpenML_task_id"": ""167168"", ""batch_size"": 48, ""epoch"": 52, ""learning_rate"": 0.006723976076636319, ""max_dropout"": 0.19109112757148394, ""max_units"": 781, ""momentum"": 0.3377757939723903, ""num_layers"": 2, ""weight_decay"": 0.03696415695935496}","{""time"": 84.48693084716797, ""val_accuracy"": 77.74628448486328, ""val_cross_entropy"": 0.39637863636016846, ""val_balanced_accuracy"": 0.8176595568656921, ""test_cross_entropy"": 0.5397078990936279, ""test_balanced_accuracy"": 0.8087379932403564}"
2026-04-15T23:35:39.865065,cats,lcbench,126025,0,138,104.89082336425781,"{""OpenML_task_id"": ""168331"", ""batch_size"": 74, ""epoch"": 51, ""learning_rate"": 0.0001167353435877478, ""max_dropout"": 0.1333319160158013, ""max_units"": 177, ""momentum"": 0.26810409422165915, ""num_layers"": 5, ""weight_decay"": 0.05302955881010763}","{""time"": 104.89082336425781, ""val_accuracy"": 58.77166748046875, ""val_cross_entropy"": 0.6314602494239807, ""val_balanced_accuracy"": 0.558256208896637, ""test_cross_entropy"": 0.686148464679718, ""test_balanced_accuracy"": 0.5520186424255371}"
2026-04-15T23:35:39.866066,cats,lcbench,126025,0,139,524.8035278320312,"{""OpenML_task_id"": ""167104"", ""batch_size"": 132, ""epoch"": 42, ""learning_rate"": 0.0350501569278305, ""max_dropout"": 0.14937727262045863, ""max_units"": 988, ""momentum"": 0.5875012088528807, ""num_layers"": 4, ""weight_decay"": 0.05185991429851459}","{""time"": 524.8035278320312, ""val_accuracy"": 75.83918762207031, ""val_cross_entropy"": 0.3865436017513275, ""val_balanced_accuracy"": 0.8192924857139587, ""test_cross_entropy"": 0.5394654870033264, ""test_balanced_accuracy"": 0.8049860000610352}"
2026-04-15T23:35:39.867066,cats,lcbench,126025,0,140,33.25547409057617,"{""OpenML_task_id"": ""34539"", ""batch_size"": 246, ""epoch"": 18, ""learning_rate"": 0.07846333485318535, ""max_dropout"": 0.1294338708617122, ""max_units"": 150, ""momentum"": 0.9832171565657799, ""num_layers"": 3, ""weight_decay"": 0.020998317625308658}","{""time"": 33.25547409057617, ""val_accuracy"": 80.26334381103516, ""val_cross_entropy"": 0.446260929107666, ""val_balanced_accuracy"": 0.8428975343704224, ""test_cross_entropy"": 0.5237991809844971, ""test_balanced_accuracy"": 0.83152174949646}"
2026-04-15T23:35:39.868066,cats,lcbench,126025,0,141,21.677188873291016,"{""OpenML_task_id"": ""189906"", ""batch_size"": 395, ""epoch"": 4, ""learning_rate"": 0.0007926384966433417, ""max_dropout"": 0.2828218965539042, ""max_units"": 177, ""momentum"": 0.6085107230159706, ""num_layers"": 1, ""weight_decay"": 0.07784906330728815}","{""time"": 21.677188873291016, ""val_accuracy"": 64.4427490234375, ""val_cross_entropy"": 0.6324858069419861, ""val_balanced_accuracy"": 0.6073132157325745, ""test_cross_entropy"": 0.6539698839187622, ""test_balanced_accuracy"": 0.6050978302955627}"
2026-04-15T23:35:39.868066,cats,lcbench,126025,0,142,35.24120330810547,"{""OpenML_task_id"": ""167200"", ""batch_size"": 60, ""epoch"": 13, ""learning_rate"": 0.002184623974978219, ""max_dropout"": 0.4067633420375395, ""max_units"": 79, ""momentum"": 0.4167263272277678, ""num_layers"": 2, ""weight_decay"": 0.08967833402629342}","{""time"": 35.24120330810547, ""val_accuracy"": 77.65410614013672, ""val_cross_entropy"": 0.4796832501888275, ""val_balanced_accuracy"": 0.786698579788208, ""test_cross_entropy"": 0.5801167488098145, ""test_balanced_accuracy"": 0.7796419858932495}"
2026-04-15T23:35:39.869065,cats,lcbench,126025,0,143,44.506065368652344,"{""OpenML_task_id"": ""167181"", ""batch_size"": 216, ""epoch"": 19, ""learning_rate"": 0.00010644378427793144, ""max_dropout"": 0.34830661839178567, ""max_units"": 220, ""momentum"": 0.6262103458832022, ""num_layers"": 5, ""weight_decay"": 0.027589458677089146}","{""time"": 44.506065368652344, ""val_accuracy"": 51.3547248840332, ""val_cross_entropy"": 0.6055085062980652, ""val_balanced_accuracy"": 0.5643887519836426, ""test_cross_entropy"": 0.6857332587242126, ""test_balanced_accuracy"": 0.5571818351745605}"
2026-04-15T23:35:39.870066,cats,lcbench,126025,0,144,25.387874603271484,"{""OpenML_task_id"": ""168868"", ""batch_size"": 126, ""epoch"": 15, ""learning_rate"": 0.0003385299637199721, ""max_dropout"": 0.9762613788944681, ""max_units"": 101, ""momentum"": 0.906963131490337, ""num_layers"": 1, ""weight_decay"": 0.043538986885793565}","{""time"": 25.387874603271484, ""val_accuracy"": 78.46478271484375, ""val_cross_entropy"": 0.4701606035232544, ""val_balanced_accuracy"": 0.7830293774604797, ""test_cross_entropy"": 0.5731385946273804, ""test_balanced_accuracy"": 0.7769891619682312}"
2026-04-15T23:35:39.870066,cats,lcbench,126025,0,145,78.30524444580078,"{""OpenML_task_id"": ""189908"", ""batch_size"": 79, ""epoch"": 27, ""learning_rate"": 0.004928208919216326, ""max_dropout"": 0.12554705068601169, ""max_units"": 251, ""momentum"": 0.538340374168011, ""num_layers"": 3, ""weight_decay"": 0.020782454424102453}","{""time"": 78.30524444580078, ""val_accuracy"": 79.18070983886719, ""val_cross_entropy"": 0.3936832845211029, ""val_balanced_accuracy"": 0.8210461139678955, ""test_cross_entropy"": 0.5244369506835938, ""test_balanced_accuracy"": 0.8122828006744385}"
2026-04-15T23:35:39.871572,cats,lcbench,126025,0,146,71.13488006591797,"{""OpenML_task_id"": ""167201"", ""batch_size"": 371, ""epoch"": 7, ""learning_rate"": 0.0017564285128518961, ""max_dropout"": 0.3674189509359185, ""max_units"": 692, ""momentum"": 0.4983839617530852, ""num_layers"": 4, ""weight_decay"": 0.006989376853654526}","{""time"": 71.13488006591797, ""val_accuracy"": 74.81124114990234, ""val_cross_entropy"": 0.586066484451294, ""val_balanced_accuracy"": 0.7752009630203247, ""test_cross_entropy"": 0.6429611444473267, ""test_balanced_accuracy"": 0.7724837064743042}"
2026-04-15T23:35:39.872576,cats,lcbench,126025,0,147,70.14898681640625,"{""OpenML_task_id"": ""189862"", ""batch_size"": 37, ""epoch"": 36, ""learning_rate"": 0.00034292112513365826, ""max_dropout"": 0.04145083072601308, ""max_units"": 998, ""momentum"": 0.11671666957906077, ""num_layers"": 2, ""weight_decay"": 0.08754632251356123}","{""time"": 70.14898681640625, ""val_accuracy"": 79.90865325927734, ""val_cross_entropy"": 0.41698387265205383, ""val_balanced_accuracy"": 0.8033693432807922, ""test_cross_entropy"": 0.5475919246673584, ""test_balanced_accuracy"": 0.7963241934776306}"
2026-04-15T23:35:39.872576,cats,lcbench,126025,0,148,55.295082092285156,"{""OpenML_task_id"": ""146212"", ""batch_size"": 136, ""epoch"": 38, ""learning_rate"": 0.0024031858484680887, ""max_dropout"": 0.5096058395955902, ""max_units"": 905, ""momentum"": 0.12476792690842992, ""num_layers"": 1, ""weight_decay"": 0.047124370850890364}","{""time"": 55.295082092285156, ""val_accuracy"": 77.78514862060547, ""val_cross_entropy"": 0.4579137861728668, ""val_balanced_accuracy"": 0.782329261302948, ""test_cross_entropy"": 0.5663092136383057, ""test_balanced_accuracy"": 0.779151439666748}"
2026-04-15T23:35:39.873576,cats,lcbench,126025,0,149,75.77428436279297,"{""OpenML_task_id"": ""167200"", ""batch_size"": 361, ""epoch"": 15, ""learning_rate"": 0.05870660316555194, ""max_dropout"": 0.19598596473666308, ""max_units"": 681, ""momentum"": 0.21269353341835945, ""num_layers"": 4, ""weight_decay"": 0.048032583340059005}","{""time"": 75.77428436279297, ""val_accuracy"": 79.57009887695312, ""val_cross_entropy"": 0.3696531057357788, ""val_balanced_accuracy"": 0.8361610174179077, ""test_cross_entropy"": 0.5155540704727173, ""test_balanced_accuracy"": 0.8283162713050842}"
2026-04-15T23:35:39.874576,cats,lcbench,126025,0,150,351.33563232421875,"{""OpenML_task_id"": ""189354"", ""batch_size"": 155, ""epoch"": 52, ""learning_rate"": 0.0015702033081818358, ""max_dropout"": 0.9152617220775621, ""max_units"": 607, ""momentum"": 0.5315542258123309, ""num_layers"": 5, ""weight_decay"": 0.03294608341030146}","{""time"": 351.33563232421875, ""val_accuracy"": 85.79293823242188, ""val_cross_entropy"": 0.45945414900779724, ""val_balanced_accuracy"": 0.8320183157920837, ""test_cross_entropy"": 0.5998104810714722, ""test_balanced_accuracy"": 0.8243366479873657}"
2026-04-15T23:35:39.875576,cats,lcbench,126025,0,151,23.908340454101562,"{""OpenML_task_id"": ""126025"", ""batch_size"": 67, ""epoch"": 18, ""learning_rate"": 0.014585210719640593, ""max_dropout"": 0.9834869926458206, ""max_units"": 110, ""momentum"": 0.45255001588445054, ""num_layers"": 2, ""weight_decay"": 0.028467213243729417}","{""time"": 23.908340454101562, ""val_accuracy"": 79.73995971679688, ""val_cross_entropy"": 0.4089388847351074, ""val_balanced_accuracy"": 0.8167851567268372, ""test_cross_entropy"": 0.5640987157821655, ""test_balanced_accuracy"": 0.8063951730728149}"
2026-04-15T23:35:39.876576,cats,lcbench,126025,0,152,44.81145477294922,"{""OpenML_task_id"": ""189906"", ""batch_size"": 458, ""epoch"": 31, ""learning_rate"": 0.003072178187047161, ""max_dropout"": 0.5236681297415523, ""max_units"": 100, ""momentum"": 0.24151152407809245, ""num_layers"": 2, ""weight_decay"": 0.08037270905573807}","{""time"": 44.81145477294922, ""val_accuracy"": 76.98883056640625, ""val_cross_entropy"": 0.4757547974586487, ""val_balanced_accuracy"": 0.7756313681602478, ""test_cross_entropy"": 0.5890102386474609, ""test_balanced_accuracy"": 0.7758355736732483}"
2026-04-15T23:35:39.876576,cats,lcbench,126025,0,153,305.67926025390625,"{""OpenML_task_id"": ""167149"", ""batch_size"": 92, ""epoch"": 42, ""learning_rate"": 0.0001225044364546481, ""max_dropout"": 0.16932647330719852, ""max_units"": 884, ""momentum"": 0.5464682005686836, ""num_layers"": 3, ""weight_decay"": 0.04962543951251592}","{""time"": 305.67926025390625, ""val_accuracy"": 77.49578094482422, ""val_cross_entropy"": 0.4316115975379944, ""val_balanced_accuracy"": 0.8091052174568176, ""test_cross_entropy"": 0.5758686065673828, ""test_balanced_accuracy"": 0.8051948547363281}"
2026-04-15T23:35:39.879082,cats,lcbench,126025,0,154,16.49673080444336,"{""OpenML_task_id"": ""7593"", ""batch_size"": 329, ""epoch"": 2, ""learning_rate"": 0.0005318365445254274, ""max_dropout"": 0.05008712836937568, ""max_units"": 77, ""momentum"": 0.7033149024217199, ""num_layers"": 3, ""weight_decay"": 0.057533091623658744}","{""time"": 16.49673080444336, ""val_accuracy"": 47.64860916137695, ""val_cross_entropy"": 0.5969763994216919, ""val_balanced_accuracy"": 0.5119554996490479, ""test_cross_entropy"": 0.6800360679626465, ""test_balanced_accuracy"": 0.5176495313644409}"
2026-04-15T23:35:39.880082,cats,lcbench,126025,0,155,26.840911865234375,"{""OpenML_task_id"": ""167181"", ""batch_size"": 80, ""epoch"": 8, ""learning_rate"": 0.0012374539094556364, ""max_dropout"": 0.05719481668286086, ""max_units"": 68, ""momentum"": 0.7370268731440993, ""num_layers"": 1, ""weight_decay"": 0.05853385939766255}","{""time"": 26.840911865234375, ""val_accuracy"": 78.78030395507812, ""val_cross_entropy"": 0.4632408022880554, ""val_balanced_accuracy"": 0.7805481553077698, ""test_cross_entropy"": 0.5672750473022461, ""test_balanced_accuracy"": 0.7763743996620178}"
2026-04-15T23:35:39.880082,cats,lcbench,126025,0,156,66.85385131835938,"{""OpenML_task_id"": ""167168"", ""batch_size"": 32, ""epoch"": 43, ""learning_rate"": 0.01567765424881294, ""max_dropout"": 0.674261623761162, ""max_units"": 73, ""momentum"": 0.1319270133281195, ""num_layers"": 1, ""weight_decay"": 0.03722674011501424}","{""time"": 66.85385131835938, ""val_accuracy"": 77.75621795654297, ""val_cross_entropy"": 0.44959545135498047, ""val_balanced_accuracy"": 0.8035501837730408, ""test_cross_entropy"": 0.5483899116516113, ""test_balanced_accuracy"": 0.7899433374404907}"
2026-04-15T23:35:39.881082,cats,lcbench,126025,0,157,10.772427558898926,"{""OpenML_task_id"": ""168331"", ""batch_size"": 206, ""epoch"": 2, ""learning_rate"": 0.00921560959607588, ""max_dropout"": 0.8663287956570221, ""max_units"": 467, ""momentum"": 0.8155425587762999, ""num_layers"": 3, ""weight_decay"": 0.02833868837018144}","{""time"": 10.772427558898926, ""val_accuracy"": 76.36959075927734, ""val_cross_entropy"": 0.513451874256134, ""val_balanced_accuracy"": 0.7830234169960022, ""test_cross_entropy"": 0.6134192943572998, ""test_balanced_accuracy"": 0.7849180102348328}"
2026-04-15T23:35:39.882082,cats,lcbench,126025,0,158,97.88919067382812,"{""OpenML_task_id"": ""34539"", ""batch_size"": 247, ""epoch"": 46, ""learning_rate"": 0.0003214382191259205, ""max_dropout"": 0.5861425073031201, ""max_units"": 103, ""momentum"": 0.19536131402919676, ""num_layers"": 4, ""weight_decay"": 0.025098842961918916}","{""time"": 97.88919067382812, ""val_accuracy"": 45.04633331298828, ""val_cross_entropy"": 0.66856449842453, ""val_balanced_accuracy"": 0.5448511838912964, ""test_cross_entropy"": 0.6941037178039551, ""test_balanced_accuracy"": 0.551213800907135}"
2026-04-15T23:35:39.882082,cats,lcbench,126025,0,159,76.16891479492188,"{""OpenML_task_id"": ""3945"", ""batch_size"": 24, ""epoch"": 13, ""learning_rate"": 0.0001671199155616957, ""max_dropout"": 0.2175658394993113, ""max_units"": 326, ""momentum"": 0.6706916627592019, ""num_layers"": 3, ""weight_decay"": 0.07362062532551457}","{""time"": 76.16891479492188, ""val_accuracy"": 79.4988021850586, ""val_cross_entropy"": 0.4720246493816376, ""val_balanced_accuracy"": 0.7945536971092224, ""test_cross_entropy"": 0.5720535516738892, ""test_balanced_accuracy"": 0.789033830165863}"
2026-04-15T23:35:39.883082,cats,lcbench,126025,0,160,23.067474365234375,"{""OpenML_task_id"": ""167161"", ""batch_size"": 60, ""epoch"": 8, ""learning_rate"": 0.0024726088728318383, ""max_dropout"": 0.15846816109570006, ""max_units"": 106, ""momentum"": 0.41517227782120636, ""num_layers"": 3, ""weight_decay"": 0.052157244208569924}","{""time"": 23.067474365234375, ""val_accuracy"": 79.16319274902344, ""val_cross_entropy"": 0.4950703978538513, ""val_balanced_accuracy"": 0.7934466004371643, ""test_cross_entropy"": 0.5810859203338623, ""test_balanced_accuracy"": 0.7898951172828674}"
2026-04-15T23:35:39.883082,cats,lcbench,126025,0,161,35.53264617919922,"{""OpenML_task_id"": ""189866"", ""batch_size"": 102, ""epoch"": 16, ""learning_rate"": 0.000646984593420505, ""max_dropout"": 0.6494421396117299, ""max_units"": 94, ""momentum"": 0.6386350913514591, ""num_layers"": 1, ""weight_decay"": 0.051682426049335706}","{""time"": 35.53264617919922, ""val_accuracy"": 77.55670928955078, ""val_cross_entropy"": 0.47659432888031006, ""val_balanced_accuracy"": 0.7760945558547974, ""test_cross_entropy"": 0.5773366689682007, ""test_balanced_accuracy"": 0.774611234664917}"
2026-04-15T23:35:39.884082,cats,lcbench,126025,0,162,152.07691955566406,"{""OpenML_task_id"": ""167190"", ""batch_size"": 35, ""epoch"": 32, ""learning_rate"": 0.00021474934368885879, ""max_dropout"": 0.2581218980396969, ""max_units"": 324, ""momentum"": 0.7587861415512128, ""num_layers"": 5, ""weight_decay"": 0.019058419766189338}","{""time"": 152.07691955566406, ""val_accuracy"": 85.8083267211914, ""val_cross_entropy"": 0.39166200160980225, ""val_balanced_accuracy"": 0.8290022611618042, ""test_cross_entropy"": 0.5541830062866211, ""test_balanced_accuracy"": 0.8213954567909241}"
2026-04-15T23:35:39.885082,cats,lcbench,126025,0,163,41.146785736083984,"{""OpenML_task_id"": ""189905"", ""batch_size"": 26, ""epoch"": 14, ""learning_rate"": 0.00011551252500635915, ""max_dropout"": 0.9594451479600058, ""max_units"": 99, ""momentum"": 0.7404749825479959, ""num_layers"": 2, ""weight_decay"": 0.07902019163353957}","{""time"": 41.146785736083984, ""val_accuracy"": 78.09644317626953, ""val_cross_entropy"": 0.5191314220428467, ""val_balanced_accuracy"": 0.7729715704917908, ""test_cross_entropy"": 0.623114287853241, ""test_balanced_accuracy"": 0.7705221772193909}"
2026-04-15T23:35:39.885082,cats,lcbench,126025,0,164,45.40410232543945,"{""OpenML_task_id"": ""189862"", ""batch_size"": 99, ""epoch"": 40, ""learning_rate"": 0.0016393539639892008, ""max_dropout"": 0.6316602859036954, ""max_units"": 76, ""momentum"": 0.5501496380877215, ""num_layers"": 5, ""weight_decay"": 0.018237420292661684}","{""time"": 45.40410232543945, ""val_accuracy"": 86.53643798828125, ""val_cross_entropy"": 0.492416113615036, ""val_balanced_accuracy"": 0.7924045920372009, ""test_cross_entropy"": 0.6248999834060669, ""test_balanced_accuracy"": 0.7880802154541016}"
2026-04-15T23:35:39.886082,cats,lcbench,126025,0,165,42.454795837402344,"{""OpenML_task_id"": ""189354"", ""batch_size"": 213, ""epoch"": 33, ""learning_rate"": 0.0020289420152004513, ""max_dropout"": 0.6182673487768402, ""max_units"": 80, ""momentum"": 0.34832859945530226, ""num_layers"": 5, ""weight_decay"": 0.04578833664343067}","{""time"": 42.454795837402344, ""val_accuracy"": 73.53573608398438, ""val_cross_entropy"": 0.5994158983230591, ""val_balanced_accuracy"": 0.6407511234283447, ""test_cross_entropy"": 0.6889268159866333, ""test_balanced_accuracy"": 0.6387670040130615}"
2026-04-15T23:35:39.887082,cats,lcbench,126025,0,166,52.232826232910156,"{""OpenML_task_id"": ""167149"", ""batch_size"": 33, ""epoch"": 16, ""learning_rate"": 0.005784568577784653, ""max_dropout"": 0.8647825399141903, ""max_units"": 277, ""momentum"": 0.1300461760393335, ""num_layers"": 4, ""weight_decay"": 0.07901775711370924}","{""time"": 52.232826232910156, ""val_accuracy"": 77.68358612060547, ""val_cross_entropy"": 0.5488359332084656, ""val_balanced_accuracy"": 0.6415325403213501, ""test_cross_entropy"": 0.6485065221786499, ""test_balanced_accuracy"": 0.6389839053153992}"
2026-04-15T23:35:39.887587,cats,lcbench,126025,0,167,96.71783447265625,"{""OpenML_task_id"": ""126026"", ""batch_size"": 418, ""epoch"": 19, ""learning_rate"": 0.004792981398912531, ""max_dropout"": 0.714438776422212, ""max_units"": 388, ""momentum"": 0.2114952329901872, ""num_layers"": 4, ""weight_decay"": 0.0346257606038241}","{""time"": 96.71783447265625, ""val_accuracy"": 75.32927703857422, ""val_cross_entropy"": 0.5481546521186829, ""val_balanced_accuracy"": 0.7912552356719971, ""test_cross_entropy"": 0.6252237558364868, ""test_balanced_accuracy"": 0.7885433435440063}"
2026-04-15T23:35:39.887587,cats,lcbench,126025,0,168,50.77699661254883,"{""OpenML_task_id"": ""167185"", ""batch_size"": 43, ""epoch"": 24, ""learning_rate"": 0.06685848760180113, ""max_dropout"": 0.5664128679640067, ""max_units"": 185, ""momentum"": 0.4539698983843242, ""num_layers"": 3, ""weight_decay"": 0.025601743205379567}","{""time"": 50.77699661254883, ""val_accuracy"": 79.7314453125, ""val_cross_entropy"": 0.44851648807525635, ""val_balanced_accuracy"": 0.8103082776069641, ""test_cross_entropy"": 0.5398924350738525, ""test_balanced_accuracy"": 0.7897037863731384}"
2026-04-15T23:35:39.888591,cats,lcbench,126025,0,169,37.85165023803711,"{""OpenML_task_id"": ""168908"", ""batch_size"": 45, ""epoch"": 23, ""learning_rate"": 0.006410948953065463, ""max_dropout"": 0.6687067030565105, ""max_units"": 104, ""momentum"": 0.954089933875125, ""num_layers"": 2, ""weight_decay"": 0.09095022004170514}","{""time"": 37.85165023803711, ""val_accuracy"": 79.13118743896484, ""val_cross_entropy"": 0.42543166875839233, ""val_balanced_accuracy"": 0.7998191714286804, ""test_cross_entropy"": 0.5682249069213867, ""test_balanced_accuracy"": 0.790656328201294}"
2026-04-15T23:35:39.889591,cats,lcbench,126025,0,170,35.9035758972168,"{""OpenML_task_id"": ""167152"", ""batch_size"": 472, ""epoch"": 33, ""learning_rate"": 0.033950259335605616, ""max_dropout"": 0.6904430199931598, ""max_units"": 69, ""momentum"": 0.5214525468944726, ""num_layers"": 4, ""weight_decay"": 0.07798515297993956}","{""time"": 35.9035758972168, ""val_accuracy"": 58.42162322998047, ""val_cross_entropy"": 0.676408052444458, ""val_balanced_accuracy"": 0.5089004635810852, ""test_cross_entropy"": 0.6980468034744263, ""test_balanced_accuracy"": 0.5140553712844849}"
2026-04-15T23:35:39.889591,cats,lcbench,126025,0,171,130.86004638671875,"{""OpenML_task_id"": ""167168"", ""batch_size"": 290, ""epoch"": 23, ""learning_rate"": 0.002096816589563979, ""max_dropout"": 0.7569648749962783, ""max_units"": 1015, ""momentum"": 0.47789734081457524, ""num_layers"": 3, ""weight_decay"": 0.006596689270030856}","{""time"": 130.86004638671875, ""val_accuracy"": 78.2659912109375, ""val_cross_entropy"": 0.3935014009475708, ""val_balanced_accuracy"": 0.8059431314468384, ""test_cross_entropy"": 0.5426466464996338, ""test_balanced_accuracy"": 0.8025484681129456}"
2026-04-15T23:35:39.890591,cats,lcbench,126025,0,172,44.549293518066406,"{""OpenML_task_id"": ""167181"", ""batch_size"": 82, ""epoch"": 20, ""learning_rate"": 0.0006680149006823352, ""max_dropout"": 0.30431819752580214, ""max_units"": 71, ""momentum"": 0.3735339707703895, ""num_layers"": 3, ""weight_decay"": 0.018406881252646404}","{""time"": 44.549293518066406, ""val_accuracy"": 76.97796630859375, ""val_cross_entropy"": 0.5388539433479309, ""val_balanced_accuracy"": 0.7777854204177856, ""test_cross_entropy"": 0.6169779300689697, ""test_balanced_accuracy"": 0.7787309885025024}"
2026-04-15T23:35:39.890591,cats,lcbench,126025,0,173,78.60645294189453,"{""OpenML_task_id"": ""168868"", ""batch_size"": 369, ""epoch"": 40, ""learning_rate"": 0.0006653252427353405, ""max_dropout"": 0.9665601184410114, ""max_units"": 140, ""momentum"": 0.689426177332677, ""num_layers"": 4, ""weight_decay"": 0.06916735905873246}","{""time"": 78.60645294189453, ""val_accuracy"": 60.601436614990234, ""val_cross_entropy"": 0.6043678522109985, ""val_balanced_accuracy"": 0.5515661239624023, ""test_cross_entropy"": 0.6905863285064697, ""test_balanced_accuracy"": 0.5562909245491028}"
2026-04-15T23:35:39.891591,cats,lcbench,126025,0,174,88.1195297241211,"{""OpenML_task_id"": ""167152"", ""batch_size"": 318, ""epoch"": 45, ""learning_rate"": 0.0001641446993822927, ""max_dropout"": 0.4438050761789093, ""max_units"": 84, ""momentum"": 0.24055930119308513, ""num_layers"": 4, ""weight_decay"": 0.07474837695231525}","{""time"": 88.1195297241211, ""val_accuracy"": 40.84909439086914, ""val_cross_entropy"": 0.6482737064361572, ""val_balanced_accuracy"": 0.527296781539917, ""test_cross_entropy"": 0.6927044987678528, ""test_balanced_accuracy"": 0.5312662124633789}"
2026-04-15T23:35:39.892591,cats,lcbench,126025,0,175,27.348499298095703,"{""OpenML_task_id"": ""167152"", ""batch_size"": 41, ""epoch"": 5, ""learning_rate"": 0.00035944984054366567, ""max_dropout"": 0.28002066631483225, ""max_units"": 235, ""momentum"": 0.1815688562134356, ""num_layers"": 2, ""weight_decay"": 0.06704609384299116}","{""time"": 27.348499298095703, ""val_accuracy"": 76.27482604980469, ""val_cross_entropy"": 0.5034575462341309, ""val_balanced_accuracy"": 0.7672078609466553, ""test_cross_entropy"": 0.6074779033660889, ""test_balanced_accuracy"": 0.7641716599464417}"
2026-04-15T23:35:39.892591,cats,lcbench,126025,0,176,63.98542404174805,"{""OpenML_task_id"": ""167161"", ""batch_size"": 31, ""epoch"": 14, ""learning_rate"": 0.0014266754284734731, ""max_dropout"": 0.2835043089172121, ""max_units"": 218, ""momentum"": 0.4395582177904216, ""num_layers"": 3, ""weight_decay"": 0.027378018499449736}","{""time"": 63.98542404174805, ""val_accuracy"": 80.26702117919922, ""val_cross_entropy"": 0.42319974303245544, ""val_balanced_accuracy"": 0.8082846403121948, ""test_cross_entropy"": 0.538769006729126, ""test_balanced_accuracy"": 0.8029128313064575}"
2026-04-15T23:35:39.892591,cats,lcbench,126025,0,177,78.51302337646484,"{""OpenML_task_id"": ""167181"", ""batch_size"": 33, ""epoch"": 33, ""learning_rate"": 0.013741892670791239, ""max_dropout"": 0.5913030930086786, ""max_units"": 73, ""momentum"": 0.8902077913837227, ""num_layers"": 3, ""weight_decay"": 0.009111188988096455}","{""time"": 78.51302337646484, ""val_accuracy"": 82.89366912841797, ""val_cross_entropy"": 0.4213141202926636, ""val_balanced_accuracy"": 0.8379970788955688, ""test_cross_entropy"": 0.5141453742980957, ""test_balanced_accuracy"": 0.8179356455802917}"
2026-04-15T23:35:39.894094,cats,lcbench,126025,0,178,29.546184539794922,"{""OpenML_task_id"": ""167185"", ""batch_size"": 283, ""epoch"": 12, ""learning_rate"": 0.00013764689749475137, ""max_dropout"": 0.14417677330040812, ""max_units"": 260, ""momentum"": 0.40159753974306134, ""num_layers"": 1, ""weight_decay"": 0.05892426593696658}","{""time"": 29.546184539794922, ""val_accuracy"": 58.42552185058594, ""val_cross_entropy"": 0.6618697047233582, ""val_balanced_accuracy"": 0.5474480986595154, ""test_cross_entropy"": 0.6716946959495544, ""test_balanced_accuracy"": 0.5470128655433655}"
2026-04-15T23:35:39.895098,cats,lcbench,126025,0,179,84.71562957763672,"{""OpenML_task_id"": ""126029"", ""batch_size"": 100, ""epoch"": 39, ""learning_rate"": 0.014649813730388305, ""max_dropout"": 0.7261740771419802, ""max_units"": 154, ""momentum"": 0.8780580988048549, ""num_layers"": 5, ""weight_decay"": 0.02248457910135019}","{""time"": 84.71562957763672, ""val_accuracy"": 85.38514709472656, ""val_cross_entropy"": 0.2760325074195862, ""val_balanced_accuracy"": 0.7779248952865601, ""test_cross_entropy"": 0.5065975189208984, ""test_balanced_accuracy"": 0.7619826197624207}"
2026-04-15T23:35:39.896097,cats,lcbench,126025,0,180,8.955431938171387,"{""OpenML_task_id"": ""3945"", ""batch_size"": 424, ""epoch"": 3, ""learning_rate"": 0.00016729370662825412, ""max_dropout"": 0.7010420021840575, ""max_units"": 426, ""momentum"": 0.3576616368343857, ""num_layers"": 1, ""weight_decay"": 0.09034321271849724}","{""time"": 8.955431938171387, ""val_accuracy"": 51.128761291503906, ""val_cross_entropy"": 0.6623116135597229, ""val_balanced_accuracy"": 0.4590321481227875, ""test_cross_entropy"": 0.6904503703117371, ""test_balanced_accuracy"": 0.46119454503059387}"
2026-04-15T23:35:39.896097,cats,lcbench,126025,0,181,72.06080627441406,"{""OpenML_task_id"": ""168330"", ""batch_size"": 55, ""epoch"": 21, ""learning_rate"": 0.00010902261010029208, ""max_dropout"": 0.20353108042509382, ""max_units"": 156, ""momentum"": 0.8408396012075265, ""num_layers"": 4, ""weight_decay"": 0.005986853790523358}","{""time"": 72.06080627441406, ""val_accuracy"": 80.50313568115234, ""val_cross_entropy"": 0.49515053629875183, ""val_balanced_accuracy"": 0.7849149703979492, ""test_cross_entropy"": 0.6156995296478271, ""test_balanced_accuracy"": 0.7836016416549683}"
2026-04-15T23:35:39.897098,cats,lcbench,126025,0,182,150.25991821289062,"{""OpenML_task_id"": ""189908"", ""batch_size"": 476, ""epoch"": 18, ""learning_rate"": 0.0014028095756884239, ""max_dropout"": 0.48681700997478605, ""max_units"": 893, ""momentum"": 0.27177707601616885, ""num_layers"": 4, ""weight_decay"": 0.0659616620647013}","{""time"": 150.25991821289062, ""val_accuracy"": 73.37489318847656, ""val_cross_entropy"": 0.6116452813148499, ""val_balanced_accuracy"": 0.7604798674583435, ""test_cross_entropy"": 0.6682888269424438, ""test_balanced_accuracy"": 0.7587123513221741}"
2026-04-15T23:35:39.898098,cats,lcbench,126025,0,183,51.988792419433594,"{""OpenML_task_id"": ""189908"", ""batch_size"": 100, ""epoch"": 30, ""learning_rate"": 0.005524571071067306, ""max_dropout"": 0.2592879520530931, ""max_units"": 175, ""momentum"": 0.42326851661401, ""num_layers"": 1, ""weight_decay"": 0.06650462501759921}","{""time"": 51.988792419433594, ""val_accuracy"": 77.88639831542969, ""val_cross_entropy"": 0.48164597153663635, ""val_balanced_accuracy"": 0.799024760723114, ""test_cross_entropy"": 0.559757649898529, ""test_balanced_accuracy"": 0.7943475842475891}"
2026-04-15T23:35:39.898098,cats,lcbench,126025,0,184,13.580890655517578,"{""OpenML_task_id"": ""189905"", ""batch_size"": 27, ""epoch"": 2, ""learning_rate"": 0.0018009611978771745, ""max_dropout"": 0.8014568579549656, ""max_units"": 272, ""momentum"": 0.788679613491384, ""num_layers"": 1, ""weight_decay"": 0.06147843341562504}","{""time"": 13.580890655517578, ""val_accuracy"": 78.591796875, ""val_cross_entropy"": 0.49205851554870605, ""val_balanced_accuracy"": 0.7651108503341675, ""test_cross_entropy"": 0.5888618230819702, ""test_balanced_accuracy"": 0.7673483490943909}"
2026-04-15T23:35:39.899098,cats,lcbench,126025,0,185,38.49868392944336,"{""OpenML_task_id"": ""3945"", ""batch_size"": 116, ""epoch"": 22, ""learning_rate"": 0.0020980758874497556, ""max_dropout"": 0.817504791191373, ""max_units"": 475, ""momentum"": 0.6701952549161864, ""num_layers"": 1, ""weight_decay"": 0.053364412387147994}","{""time"": 38.49868392944336, ""val_accuracy"": 78.10240173339844, ""val_cross_entropy"": 0.47235244512557983, ""val_balanced_accuracy"": 0.7947340607643127, ""test_cross_entropy"": 0.5632421970367432, ""test_balanced_accuracy"": 0.7908312678337097}"
2026-04-15T23:35:39.899098,cats,lcbench,126025,0,186,52.096168518066406,"{""OpenML_task_id"": ""126026"", ""batch_size"": 23, ""epoch"": 24, ""learning_rate"": 0.0007681933474454457, ""max_dropout"": 0.704685890726518, ""max_units"": 119, ""momentum"": 0.7143715441808131, ""num_layers"": 1, ""weight_decay"": 0.07650789422933996}","{""time"": 52.096168518066406, ""val_accuracy"": 79.12666320800781, ""val_cross_entropy"": 0.46690210700035095, ""val_balanced_accuracy"": 0.797426164150238, ""test_cross_entropy"": 0.5607132315635681, ""test_balanced_accuracy"": 0.7937009334564209}"
2026-04-15T23:35:39.900098,cats,lcbench,126025,0,187,65.20140838623047,"{""OpenML_task_id"": ""168331"", ""batch_size"": 281, ""epoch"": 45, ""learning_rate"": 0.01741549021804945, ""max_dropout"": 0.5114178889875474, ""max_units"": 219, ""momentum"": 0.46856431031422296, ""num_layers"": 1, ""weight_decay"": 0.03484027051221473}","{""time"": 65.20140838623047, ""val_accuracy"": 78.84809875488281, ""val_cross_entropy"": 0.45804324746131897, ""val_balanced_accuracy"": 0.803763210773468, ""test_cross_entropy"": 0.5530977845191956, ""test_balanced_accuracy"": 0.8053192496299744}"
2026-04-15T23:35:39.901098,cats,lcbench,126025,0,188,64.4246826171875,"{""OpenML_task_id"": ""189909"", ""batch_size"": 25, ""epoch"": 52, ""learning_rate"": 0.035201839246638646, ""max_dropout"": 0.8760866532143611, ""max_units"": 101, ""momentum"": 0.6855165752537405, ""num_layers"": 3, ""weight_decay"": 0.059658819207139356}","{""time"": 64.4246826171875, ""val_accuracy"": 78.24837493896484, ""val_cross_entropy"": 0.46611085534095764, ""val_balanced_accuracy"": 0.7856099605560303, ""test_cross_entropy"": 0.5791752338409424, ""test_balanced_accuracy"": 0.7782543301582336}"
2026-04-15T23:35:39.901098,cats,lcbench,126025,0,189,69.95655059814453,"{""OpenML_task_id"": ""146212"", ""batch_size"": 238, ""epoch"": 16, ""learning_rate"": 0.019068671366528473, ""max_dropout"": 0.05667647621847005, ""max_units"": 449, ""momentum"": 0.7296743253629652, ""num_layers"": 4, ""weight_decay"": 0.01699332908408977}","{""time"": 69.95655059814453, ""val_accuracy"": 77.82610321044922, ""val_cross_entropy"": 0.3613666296005249, ""val_balanced_accuracy"": 0.8380258679389954, ""test_cross_entropy"": 0.5000899434089661, ""test_balanced_accuracy"": 0.8232257962226868}"
2026-04-15T23:35:39.902098,cats,lcbench,126025,0,190,16.387958526611328,"{""OpenML_task_id"": ""167149"", ""batch_size"": 67, ""epoch"": 7, ""learning_rate"": 0.029101959937107725, ""max_dropout"": 0.8998130269945414, ""max_units"": 248, ""momentum"": 0.3880703189741791, ""num_layers"": 3, ""weight_decay"": 0.0825372624085368}","{""time"": 16.387958526611328, ""val_accuracy"": 72.19172668457031, ""val_cross_entropy"": 0.6298099756240845, ""val_balanced_accuracy"": 0.7550598978996277, ""test_cross_entropy"": 0.5993544459342957, ""test_balanced_accuracy"": 0.7537749409675598}"
2026-04-15T23:35:39.903098,cats,lcbench,126025,0,191,60.62474822998047,"{""OpenML_task_id"": ""167161"", ""batch_size"": 378, ""epoch"": 40, ""learning_rate"": 0.01606547729078942, ""max_dropout"": 0.6376618457261056, ""max_units"": 93, ""momentum"": 0.6850176855202825, ""num_layers"": 2, ""weight_decay"": 0.023233678287045003}","{""time"": 60.62474822998047, ""val_accuracy"": 80.04808044433594, ""val_cross_entropy"": 0.4308707118034363, ""val_balanced_accuracy"": 0.8217166662216187, ""test_cross_entropy"": 0.5421298742294312, ""test_balanced_accuracy"": 0.8145712614059448}"
2026-04-15T23:35:39.903606,cats,lcbench,126025,0,192,86.67206573486328,"{""OpenML_task_id"": ""167149"", ""batch_size"": 44, ""epoch"": 37, ""learning_rate"": 0.0009639318369287387, ""max_dropout"": 0.7566613077997069, ""max_units"": 213, ""momentum"": 0.43464781555918186, ""num_layers"": 3, ""weight_decay"": 0.042806554222573207}","{""time"": 86.67206573486328, ""val_accuracy"": 78.96127319335938, ""val_cross_entropy"": 0.48256152868270874, ""val_balanced_accuracy"": 0.8038843274116516, ""test_cross_entropy"": 0.5674690008163452, ""test_balanced_accuracy"": 0.797687828540802}"
2026-04-15T23:35:39.904607,cats,lcbench,126025,0,193,37.04983139038086,"{""OpenML_task_id"": ""189873"", ""batch_size"": 348, ""epoch"": 46, ""learning_rate"": 0.08106480935094296, ""max_dropout"": 0.17695231282990742, ""max_units"": 75, ""momentum"": 0.8725391221211964, ""num_layers"": 3, ""weight_decay"": 0.03506692400549669}","{""time"": 37.04983139038086, ""val_accuracy"": 81.33657836914062, ""val_cross_entropy"": 0.385593056678772, ""val_balanced_accuracy"": 0.8387630581855774, ""test_cross_entropy"": 0.5287071466445923, ""test_balanced_accuracy"": 0.8303077816963196}"
2026-04-15T23:35:39.904607,cats,lcbench,126025,0,194,11.200530052185059,"{""OpenML_task_id"": ""168910"", ""batch_size"": 463, ""epoch"": 1, ""learning_rate"": 0.0002933566857202528, ""max_dropout"": 0.7516216518959179, ""max_units"": 726, ""momentum"": 0.6908008788710377, ""num_layers"": 4, ""weight_decay"": 0.03592394430990234}","{""time"": 11.200530052185059, ""val_accuracy"": 42.434391021728516, ""val_cross_entropy"": 0.5942851901054382, ""val_balanced_accuracy"": 0.4962374269962311, ""test_cross_entropy"": 0.6758676171302795, ""test_balanced_accuracy"": 0.5019461512565613}"
2026-04-15T23:35:39.905606,cats,lcbench,126025,0,195,32.577762603759766,"{""OpenML_task_id"": ""167149"", ""batch_size"": 52, ""epoch"": 26, ""learning_rate"": 0.06005774675817947, ""max_dropout"": 0.8510715636676437, ""max_units"": 500, ""momentum"": 0.8166933002391992, ""num_layers"": 1, ""weight_decay"": 0.05812364404786044}","{""time"": 32.577762603759766, ""val_accuracy"": 76.95579528808594, ""val_cross_entropy"": 0.4371996223926544, ""val_balanced_accuracy"": 0.7829607129096985, ""test_cross_entropy"": 0.5659277439117432, ""test_balanced_accuracy"": 0.7723968029022217}"
2026-04-15T23:35:39.906605,cats,lcbench,126025,0,196,59.09780502319336,"{""OpenML_task_id"": ""189906"", ""batch_size"": 31, ""epoch"": 32, ""learning_rate"": 0.012241813164301717, ""max_dropout"": 0.11388233123978364, ""max_units"": 115, ""momentum"": 0.5621959888598282, ""num_layers"": 2, ""weight_decay"": 0.08523859336955522}","{""time"": 59.09780502319336, ""val_accuracy"": 79.80416870117188, ""val_cross_entropy"": 0.44130998849868774, ""val_balanced_accuracy"": 0.7885975241661072, ""test_cross_entropy"": 0.5678119659423828, ""test_balanced_accuracy"": 0.7803933024406433}"
2026-04-15T23:35:39.906605,cats,lcbench,126025,0,197,51.9846076965332,"{""OpenML_task_id"": ""189909"", ""batch_size"": 132, ""epoch"": 32, ""learning_rate"": 0.005468180916365297, ""max_dropout"": 0.47985645379281905, ""max_units"": 134, ""momentum"": 0.16339732550415206, ""num_layers"": 1, ""weight_decay"": 0.05278706780068281}","{""time"": 51.9846076965332, ""val_accuracy"": 78.96082305908203, ""val_cross_entropy"": 0.46611395478248596, ""val_balanced_accuracy"": 0.8007930517196655, ""test_cross_entropy"": 0.5588480234146118, ""test_balanced_accuracy"": 0.7973349094390869}"
2026-04-15T23:35:39.907605,cats,lcbench,126025,0,198,39.3339729309082,"{""OpenML_task_id"": ""3945"", ""batch_size"": 30, ""epoch"": 23, ""learning_rate"": 0.0023980525569794143, ""max_dropout"": 0.37762755385536895, ""max_units"": 103, ""momentum"": 0.8416231239131586, ""num_layers"": 4, ""weight_decay"": 0.04594924309679312}","{""time"": 39.3339729309082, ""val_accuracy"": 82.61585998535156, ""val_cross_entropy"": 0.4112488925457001, ""val_balanced_accuracy"": 0.7817251682281494, ""test_cross_entropy"": 0.5485069751739502, ""test_balanced_accuracy"": 0.7731661796569824}"
2026-04-15T23:35:39.908605,cats,lcbench,126025,0,199,216.11936950683594,"{""OpenML_task_id"": ""167185"", ""batch_size"": 334, ""epoch"": 32, ""learning_rate"": 0.0006469752293976285, ""max_dropout"": 0.7350377727253602, ""max_units"": 873, ""momentum"": 0.5902055523431521, ""num_layers"": 5, ""weight_decay"": 0.0754041671613716}","{""time"": 216.11936950683594, ""val_accuracy"": 71.787353515625, ""val_cross_entropy"": 0.6582896113395691, ""val_balanced_accuracy"": 0.7566587328910828, ""test_cross_entropy"": 0.7101543545722961, ""test_balanced_accuracy"": 0.7511098384857178}"
2026-04-15T23:35:39.908605,cats,lcbench,126025,0,200,134.6529998779297,"{""OpenML_task_id"": ""189905"", ""batch_size"": 16, ""epoch"": 44, ""learning_rate"": 0.000777256900462229, ""max_dropout"": 0.364330832280633, ""max_units"": 282, ""momentum"": 0.5373880651895437, ""num_layers"": 5, ""weight_decay"": 0.03721278602895793}","{""time"": 134.6529998779297, ""val_accuracy"": 90.34480285644531, ""val_cross_entropy"": 0.378512978553772, ""val_balanced_accuracy"": 0.8243334889411926, ""test_cross_entropy"": 0.5485062003135681, ""test_balanced_accuracy"": 0.8182711601257324}"
2026-04-15T23:35:39.910108,cats,lcbench,126025,0,201,42.26096725463867,"{""OpenML_task_id"": ""168908"", ""batch_size"": 148, ""epoch"": 4, ""learning_rate"": 0.0009718512527907054, ""max_dropout"": 0.44249615959906474, ""max_units"": 955, ""momentum"": 0.19087709565264932, ""num_layers"": 5, ""weight_decay"": 0.08916490102074766}","{""time"": 42.26096725463867, ""val_accuracy"": 55.89695739746094, ""val_cross_entropy"": 0.645736575126648, ""val_balanced_accuracy"": 0.6333501935005188, ""test_cross_entropy"": 0.6868360042572021, ""test_balanced_accuracy"": 0.632779061794281}"
2026-04-15T23:35:39.910108,cats,lcbench,126025,0,202,24.25556182861328,"{""OpenML_task_id"": ""7593"", ""batch_size"": 244, ""epoch"": 14, ""learning_rate"": 0.00033248267082770024, ""max_dropout"": 0.4572981655822923, ""max_units"": 88, ""momentum"": 0.18952793559954362, ""num_layers"": 5, ""weight_decay"": 0.09099840569779573}","{""time"": 24.25556182861328, ""val_accuracy"": 57.59052658081055, ""val_cross_entropy"": 0.5558522939682007, ""val_balanced_accuracy"": 0.5832659006118774, ""test_cross_entropy"": 0.6756632328033447, ""test_balanced_accuracy"": 0.574276864528656}"
2026-04-15T23:35:39.911112,cats,lcbench,126025,0,203,17.697368621826172,"{""OpenML_task_id"": ""168868"", ""batch_size"": 165, ""epoch"": 4, ""learning_rate"": 0.022368982105945387, ""max_dropout"": 0.38579328510302, ""max_units"": 284, ""momentum"": 0.27485088598500845, ""num_layers"": 2, ""weight_decay"": 0.005212579427879049}","{""time"": 17.697368621826172, ""val_accuracy"": 80.2817153930664, ""val_cross_entropy"": 0.39207202196121216, ""val_balanced_accuracy"": 0.806630551815033, ""test_cross_entropy"": 0.5300904512405396, ""test_balanced_accuracy"": 0.8023678064346313}"
2026-04-15T23:35:39.911112,cats,lcbench,126025,0,204,84.99172973632812,"{""OpenML_task_id"": ""189908"", ""batch_size"": 132, ""epoch"": 45, ""learning_rate"": 0.00032409418713474995, ""max_dropout"": 0.31608726857412783, ""max_units"": 746, ""momentum"": 0.4964680236575676, ""num_layers"": 1, ""weight_decay"": 0.013219771856707802}","{""time"": 84.99172973632812, ""val_accuracy"": 75.90576171875, ""val_cross_entropy"": 0.49437060952186584, ""val_balanced_accuracy"": 0.7487025856971741, ""test_cross_entropy"": 0.5853208303451538, ""test_balanced_accuracy"": 0.7460824251174927}"
2026-04-15T23:35:39.912112,cats,lcbench,126025,0,205,38.76921081542969,"{""OpenML_task_id"": ""189909"", ""batch_size"": 89, ""epoch"": 16, ""learning_rate"": 0.0011200257702143643, ""max_dropout"": 0.2112477021450846, ""max_units"": 105, ""momentum"": 0.3519991567658993, ""num_layers"": 1, ""weight_decay"": 0.0770380156005965}","{""time"": 38.76921081542969, ""val_accuracy"": 77.87911987304688, ""val_cross_entropy"": 0.48118045926094055, ""val_balanced_accuracy"": 0.7704868912696838, ""test_cross_entropy"": 0.5763762593269348, ""test_balanced_accuracy"": 0.7671142220497131}"
2026-04-15T23:35:39.913112,cats,lcbench,126025,0,206,39.28795623779297,"{""OpenML_task_id"": ""189905"", ""batch_size"": 124, ""epoch"": 18, ""learning_rate"": 0.0011777476928504455, ""max_dropout"": 0.8829759915424655, ""max_units"": 419, ""momentum"": 0.471931685458843, ""num_layers"": 2, ""weight_decay"": 0.07743577839173856}","{""time"": 39.28795623779297, ""val_accuracy"": 78.40957641601562, ""val_cross_entropy"": 0.45098575949668884, ""val_balanced_accuracy"": 0.8085436820983887, ""test_cross_entropy"": 0.5766732692718506, ""test_balanced_accuracy"": 0.8004525303840637}"
2026-04-15T23:35:39.913112,cats,lcbench,126025,0,207,24.94024658203125,"{""OpenML_task_id"": ""189909"", ""batch_size"": 70, ""epoch"": 6, ""learning_rate"": 0.00010128761823167936, ""max_dropout"": 0.7801133674631948, ""max_units"": 101, ""momentum"": 0.7452198479698953, ""num_layers"": 3, ""weight_decay"": 0.09239079416307552}","{""time"": 24.94024658203125, ""val_accuracy"": 62.951133728027344, ""val_cross_entropy"": 0.6044921875, ""val_balanced_accuracy"": 0.6204867362976074, ""test_cross_entropy"": 0.6867584586143494, ""test_balanced_accuracy"": 0.6212078928947449}"
2026-04-15T23:35:39.914112,cats,lcbench,126025,0,208,5.888991355895996,"{""OpenML_task_id"": ""168868"", ""batch_size"": 56, ""epoch"": 3, ""learning_rate"": 0.07370740203711947, ""max_dropout"": 0.8382127559734464, ""max_units"": 309, ""momentum"": 0.5158137110869772, ""num_layers"": 3, ""weight_decay"": 0.06025558672461536}","{""time"": 5.888991355895996, ""val_accuracy"": 75.48662567138672, ""val_cross_entropy"": 0.5539276003837585, ""val_balanced_accuracy"": 0.7712411284446716, ""test_cross_entropy"": 0.5805356502532959, ""test_balanced_accuracy"": 0.769375205039978}"
2026-04-15T23:35:39.915112,cats,lcbench,126025,0,209,122.9227294921875,"{""OpenML_task_id"": ""7593"", ""batch_size"": 301, ""epoch"": 20, ""learning_rate"": 0.0022034399461169697, ""max_dropout"": 0.22452299009603294, ""max_units"": 479, ""momentum"": 0.13595558666321375, ""num_layers"": 4, ""weight_decay"": 0.057431051403238946}","{""time"": 122.9227294921875, ""val_accuracy"": 76.99749755859375, ""val_cross_entropy"": 0.5408093929290771, ""val_balanced_accuracy"": 0.7905945181846619, ""test_cross_entropy"": 0.6265087127685547, ""test_balanced_accuracy"": 0.7888743281364441}"
2026-04-15T23:35:39.915112,cats,lcbench,126025,0,210,57.980831146240234,"{""OpenML_task_id"": ""168868"", ""batch_size"": 110, ""epoch"": 18, ""learning_rate"": 0.00014651862011113111, ""max_dropout"": 0.11972238563252491, ""max_units"": 276, ""momentum"": 0.8203068861727901, ""num_layers"": 5, ""weight_decay"": 0.008332944984480034}","{""time"": 57.980831146240234, ""val_accuracy"": 75.08642578125, ""val_cross_entropy"": 0.5833207964897156, ""val_balanced_accuracy"": 0.7455049157142639, ""test_cross_entropy"": 0.6696816682815552, ""test_balanced_accuracy"": 0.7435622215270996}"
2026-04-15T23:35:39.916112,cats,lcbench,126025,0,211,41.47030258178711,"{""OpenML_task_id"": ""168868"", ""batch_size"": 474, ""epoch"": 11, ""learning_rate"": 0.001466318671651581, ""max_dropout"": 0.79229983643579, ""max_units"": 88, ""momentum"": 0.5627562090392679, ""num_layers"": 3, ""weight_decay"": 0.007179638269352593}","{""time"": 41.47030258178711, ""val_accuracy"": 67.1897964477539, ""val_cross_entropy"": 0.6275759935379028, ""val_balanced_accuracy"": 0.7169450521469116, ""test_cross_entropy"": 0.6862367391586304, ""test_balanced_accuracy"": 0.7162999510765076}"
2026-04-15T23:35:39.917112,cats,lcbench,126025,0,212,62.465450286865234,"{""OpenML_task_id"": ""168329"", ""batch_size"": 356, ""epoch"": 5, ""learning_rate"": 0.0007576392169824694, ""max_dropout"": 0.9538059069953159, ""max_units"": 722, ""momentum"": 0.937963065988192, ""num_layers"": 4, ""weight_decay"": 0.001278759063999863}","{""time"": 62.465450286865234, ""val_accuracy"": 70.55506134033203, ""val_cross_entropy"": 0.5610025525093079, ""val_balanced_accuracy"": 0.734882652759552, ""test_cross_entropy"": 0.654531717300415, ""test_balanced_accuracy"": 0.7319017648696899}"
2026-04-15T23:35:39.917112,cats,lcbench,126025,0,213,32.205440521240234,"{""OpenML_task_id"": ""168330"", ""batch_size"": 17, ""epoch"": 9, ""learning_rate"": 0.006031874299101046, ""max_dropout"": 0.08304647271986221, ""max_units"": 533, ""momentum"": 0.44282260549492836, ""num_layers"": 1, ""weight_decay"": 0.05173430415602467}","{""time"": 32.205440521240234, ""val_accuracy"": 79.16590881347656, ""val_cross_entropy"": 0.4392332434654236, ""val_balanced_accuracy"": 0.8002769947052002, ""test_cross_entropy"": 0.5500826835632324, ""test_balanced_accuracy"": 0.7944657802581787}"
2026-04-15T23:35:39.918112,cats,lcbench,126025,0,214,83.23609161376953,"{""OpenML_task_id"": ""167184"", ""batch_size"": 60, ""epoch"": 25, ""learning_rate"": 0.0010681906768342244, ""max_dropout"": 0.9553725688959981, ""max_units"": 216, ""momentum"": 0.6922041715399084, ""num_layers"": 5, ""weight_decay"": 0.07865560896588737}","{""time"": 83.23609161376953, ""val_accuracy"": 84.46961212158203, ""val_cross_entropy"": 0.5061755180358887, ""val_balanced_accuracy"": 0.5880020260810852, ""test_cross_entropy"": 0.6447024941444397, ""test_balanced_accuracy"": 0.5834305882453918}"
2026-04-15T23:35:39.918112,cats,lcbench,126025,0,215,53.00815200805664,"{""OpenML_task_id"": ""167184"", ""batch_size"": 361, ""epoch"": 10, ""learning_rate"": 0.0001589060927019814, ""max_dropout"": 0.2685078564525988, ""max_units"": 376, ""momentum"": 0.8680507274157022, ""num_layers"": 5, ""weight_decay"": 0.01816705083273396}","{""time"": 53.00815200805664, ""val_accuracy"": 47.73857498168945, ""val_cross_entropy"": 0.6283127665519714, ""val_balanced_accuracy"": 0.6178696751594543, ""test_cross_entropy"": 0.6879318356513977, ""test_balanced_accuracy"": 0.6148190498352051}"
2026-04-15T23:35:39.919112,cats,lcbench,126025,0,216,70.13783264160156,"{""OpenML_task_id"": ""168330"", ""batch_size"": 65, ""epoch"": 50, ""learning_rate"": 0.013669832736993294, ""max_dropout"": 0.0991241967195251, ""max_units"": 664, ""momentum"": 0.611837376640763, ""num_layers"": 1, ""weight_decay"": 0.09032873452617614}","{""time"": 70.13783264160156, ""val_accuracy"": 78.56466674804688, ""val_cross_entropy"": 0.4697156548500061, ""val_balanced_accuracy"": 0.7968620657920837, ""test_cross_entropy"": 0.5734198689460754, ""test_balanced_accuracy"": 0.7878758311271667}"
2026-04-15T23:35:39.920337,cats,lcbench,126025,0,217,390.7154541015625,"{""OpenML_task_id"": ""168330"", ""batch_size"": 22, ""epoch"": 51, ""learning_rate"": 0.00037223115866277996, ""max_dropout"": 0.37345816461009074, ""max_units"": 477, ""momentum"": 0.6290812855872199, ""num_layers"": 4, ""weight_decay"": 0.02502262464808435}","{""time"": 390.7154541015625, ""val_accuracy"": 79.97574615478516, ""val_cross_entropy"": 0.37398746609687805, ""val_balanced_accuracy"": 0.814788818359375, ""test_cross_entropy"": 0.5255215167999268, ""test_balanced_accuracy"": 0.7997474670410156}"
2026-04-15T23:35:39.920337,cats,lcbench,126025,0,218,78.14070129394531,"{""OpenML_task_id"": ""167152"", ""batch_size"": 288, ""epoch"": 18, ""learning_rate"": 0.0016327810251897093, ""max_dropout"": 0.8520108215785589, ""max_units"": 402, ""momentum"": 0.5436006137709228, ""num_layers"": 5, ""weight_decay"": 0.011047984775491397}","{""time"": 78.14070129394531, ""val_accuracy"": 70.3885269165039, ""val_cross_entropy"": 0.6296250224113464, ""val_balanced_accuracy"": 0.760884702205658, ""test_cross_entropy"": 0.6710596084594727, ""test_balanced_accuracy"": 0.7544078230857849}"
2026-04-15T23:35:39.921337,cats,lcbench,126025,0,219,29.385822296142578,"{""OpenML_task_id"": ""167181"", ""batch_size"": 28, ""epoch"": 7, ""learning_rate"": 0.005819202593095965, ""max_dropout"": 0.29331953621724516, ""max_units"": 93, ""momentum"": 0.17731961112170805, ""num_layers"": 1, ""weight_decay"": 0.06784687548411182}","{""time"": 29.385822296142578, ""val_accuracy"": 80.26793670654297, ""val_cross_entropy"": 0.43902772665023804, ""val_balanced_accuracy"": 0.7971463203430176, ""test_cross_entropy"": 0.5564632415771484, ""test_balanced_accuracy"": 0.7922776341438293}"
2026-04-15T23:35:39.922337,cats,lcbench,126025,0,220,65.13865661621094,"{""OpenML_task_id"": ""167200"", ""batch_size"": 445, ""epoch"": 48, ""learning_rate"": 0.0010974676607408429, ""max_dropout"": 0.7911925916093503, ""max_units"": 369, ""momentum"": 0.21458771103633173, ""num_layers"": 2, ""weight_decay"": 0.08543534418080317}","{""time"": 65.13865661621094, ""val_accuracy"": 78.6968002319336, ""val_cross_entropy"": 0.45362257957458496, ""val_balanced_accuracy"": 0.7931167483329773, ""test_cross_entropy"": 0.5854873657226562, ""test_balanced_accuracy"": 0.7896571159362793}"
2026-04-15T23:35:39.922337,cats,lcbench,126025,0,221,66.96959686279297,"{""OpenML_task_id"": ""146212"", ""batch_size"": 169, ""epoch"": 44, ""learning_rate"": 0.00011351621027197866, ""max_dropout"": 0.04240570485034445, ""max_units"": 82, ""momentum"": 0.15523288945230793, ""num_layers"": 3, ""weight_decay"": 0.0988739448004716}","{""time"": 66.96959686279297, ""val_accuracy"": 52.66309356689453, ""val_cross_entropy"": 0.6467333436012268, ""val_balanced_accuracy"": 0.574490487575531, ""test_cross_entropy"": 0.6870827674865723, ""test_balanced_accuracy"": 0.5818192362785339}"
2026-04-15T23:35:39.923337,cats,lcbench,126025,0,222,101.57477569580078,"{""OpenML_task_id"": ""167190"", ""batch_size"": 85, ""epoch"": 11, ""learning_rate"": 0.016376725992880946, ""max_dropout"": 0.9071721192432806, ""max_units"": 485, ""momentum"": 0.941145593641741, ""num_layers"": 5, ""weight_decay"": 0.040880527298092065}","{""time"": 101.57477569580078, ""val_accuracy"": 80.96540832519531, ""val_cross_entropy"": 0.2920762598514557, ""val_balanced_accuracy"": 0.7691125869750977, ""test_cross_entropy"": 0.5495980381965637, ""test_balanced_accuracy"": 0.7561494708061218}"
2026-04-15T23:35:39.923337,cats,lcbench,126025,0,223,52.110111236572266,"{""OpenML_task_id"": ""189906"", ""batch_size"": 86, ""epoch"": 24, ""learning_rate"": 0.0005710730494993112, ""max_dropout"": 0.7228760180767836, ""max_units"": 120, ""momentum"": 0.7293018873579062, ""num_layers"": 4, ""weight_decay"": 0.04784906848142995}","{""time"": 52.110111236572266, ""val_accuracy"": 78.28569793701172, ""val_cross_entropy"": 0.6097719669342041, ""val_balanced_accuracy"": 0.7138558030128479, ""test_cross_entropy"": 0.6767226457595825, ""test_balanced_accuracy"": 0.7161182761192322}"
2026-04-15T23:35:39.924337,cats,lcbench,126025,0,224,5.98939323425293,"{""OpenML_task_id"": ""189906"", ""batch_size"": 299, ""epoch"": 1, ""learning_rate"": 0.07144027729727609, ""max_dropout"": 0.9298341104773095, ""max_units"": 135, ""momentum"": 0.9547487616666863, ""num_layers"": 3, ""weight_decay"": 0.006277667027100725}","{""time"": 5.98939323425293, ""val_accuracy"": 42.36508560180664, ""val_cross_entropy"": 0.675443172454834, ""val_balanced_accuracy"": 0.47187939286231995, ""test_cross_entropy"": 0.7125232219696045, ""test_balanced_accuracy"": 0.47980159521102905}"
2026-04-15T23:35:39.925337,cats,lcbench,126025,0,225,50.364234924316406,"{""OpenML_task_id"": ""167104"", ""batch_size"": 103, ""epoch"": 11, ""learning_rate"": 0.010632227142443322, ""max_dropout"": 0.11448113388930359, ""max_units"": 429, ""momentum"": 0.31057990775637123, ""num_layers"": 4, ""weight_decay"": 0.009276264002259099}","{""time"": 50.364234924316406, ""val_accuracy"": 79.20457458496094, ""val_cross_entropy"": 0.37744224071502686, ""val_balanced_accuracy"": 0.828551709651947, ""test_cross_entropy"": 0.5081655979156494, ""test_balanced_accuracy"": 0.8180480003356934}"
2026-04-15T23:35:39.925337,cats,lcbench,126025,0,226,28.528221130371094,"{""OpenML_task_id"": ""7593"", ""batch_size"": 17, ""epoch"": 9, ""learning_rate"": 0.029174889110119867, ""max_dropout"": 0.2657336110029126, ""max_units"": 111, ""momentum"": 0.47194550605451313, ""num_layers"": 1, ""weight_decay"": 0.048052337657128706}","{""time"": 28.528221130371094, ""val_accuracy"": 78.55897521972656, ""val_cross_entropy"": 0.4601457118988037, ""val_balanced_accuracy"": 0.7952632308006287, ""test_cross_entropy"": 0.5486111640930176, ""test_balanced_accuracy"": 0.7856788635253906}"
2026-04-15T23:35:39.926840,cats,lcbench,126025,0,227,10.281573295593262,"{""OpenML_task_id"": ""189866"", ""batch_size"": 73, ""epoch"": 2, ""learning_rate"": 0.04484093103022241, ""max_dropout"": 0.10542531847740555, ""max_units"": 86, ""momentum"": 0.8509934726644591, ""num_layers"": 1, ""weight_decay"": 0.0942321288804495}","{""time"": 10.281573295593262, ""val_accuracy"": 75.80838775634766, ""val_cross_entropy"": 0.5729821920394897, ""val_balanced_accuracy"": 0.7310687899589539, ""test_cross_entropy"": 0.583366870880127, ""test_balanced_accuracy"": 0.730225682258606}"
2026-04-15T23:35:39.926840,cats,lcbench,126025,0,228,46.88642501831055,"{""OpenML_task_id"": ""167149"", ""batch_size"": 47, ""epoch"": 31, ""learning_rate"": 0.04762417259277333, ""max_dropout"": 0.7482695528465435, ""max_units"": 85, ""momentum"": 0.46857752153555743, ""num_layers"": 1, ""weight_decay"": 0.06489414303701671}","{""time"": 46.88642501831055, ""val_accuracy"": 76.22465515136719, ""val_cross_entropy"": 0.46153706312179565, ""val_balanced_accuracy"": 0.7823531627655029, ""test_cross_entropy"": 0.5637834072113037, ""test_balanced_accuracy"": 0.7645463347434998}"
2026-04-15T23:35:39.927844,cats,lcbench,126025,0,229,59.772727966308594,"{""OpenML_task_id"": ""167181"", ""batch_size"": 111, ""epoch"": 36, ""learning_rate"": 0.0025748601180623568, ""max_dropout"": 0.5231807470755226, ""max_units"": 171, ""momentum"": 0.6393344756508162, ""num_layers"": 2, ""weight_decay"": 0.09305753029658585}","{""time"": 59.772727966308594, ""val_accuracy"": 78.8944320678711, ""val_cross_entropy"": 0.4708347022533417, ""val_balanced_accuracy"": 0.7970018982887268, ""test_cross_entropy"": 0.5704346895217896, ""test_balanced_accuracy"": 0.790131688117981}"
2026-04-15T23:35:39.927844,cats,lcbench,126025,0,230,37.69965362548828,"{""OpenML_task_id"": ""7593"", ""batch_size"": 192, ""epoch"": 3, ""learning_rate"": 0.0010390021499507498, ""max_dropout"": 0.9653718533461393, ""max_units"": 789, ""momentum"": 0.1551359185281955, ""num_layers"": 5, ""weight_decay"": 0.011424498424930579}","{""time"": 37.69965362548828, ""val_accuracy"": 39.697105407714844, ""val_cross_entropy"": 0.5907225012779236, ""val_balanced_accuracy"": 0.5491223931312561, ""test_cross_entropy"": 0.6899585723876953, ""test_balanced_accuracy"": 0.5428740382194519}"
2026-04-15T23:35:39.928844,cats,lcbench,126025,0,231,29.021862030029297,"{""OpenML_task_id"": ""167181"", ""batch_size"": 24, ""epoch"": 6, ""learning_rate"": 0.0028554218284018236, ""max_dropout"": 0.02969966589674622, ""max_units"": 199, ""momentum"": 0.4871592572329497, ""num_layers"": 3, ""weight_decay"": 0.03270136286596591}","{""time"": 29.021862030029297, ""val_accuracy"": 82.68238830566406, ""val_cross_entropy"": 0.3853207528591156, ""val_balanced_accuracy"": 0.8192284107208252, ""test_cross_entropy"": 0.5311242938041687, ""test_balanced_accuracy"": 0.8132361769676208}"
2026-04-15T23:35:39.929844,cats,lcbench,126025,0,232,34.83122634887695,"{""OpenML_task_id"": ""146212"", ""batch_size"": 22, ""epoch"": 10, ""learning_rate"": 0.00011148582873044913, ""max_dropout"": 0.746946165311572, ""max_units"": 301, ""momentum"": 0.30057435784741715, ""num_layers"": 5, ""weight_decay"": 0.03227892665481607}","{""time"": 34.83122634887695, ""val_accuracy"": 64.29627990722656, ""val_cross_entropy"": 0.6346961259841919, ""val_balanced_accuracy"": 0.5944454073905945, ""test_cross_entropy"": 0.6863267421722412, ""test_balanced_accuracy"": 0.5874157547950745}"
2026-04-15T23:35:39.929844,cats,lcbench,126025,0,233,9.559237480163574,"{""OpenML_task_id"": ""168910"", ""batch_size"": 140, ""epoch"": 3, ""learning_rate"": 0.05616259707620922, ""max_dropout"": 0.2140310425949481, ""max_units"": 403, ""momentum"": 0.6330969226495706, ""num_layers"": 5, ""weight_decay"": 0.041660059280009515}","{""time"": 9.559237480163574, ""val_accuracy"": 78.90631866455078, ""val_cross_entropy"": 0.41593778133392334, ""val_balanced_accuracy"": 0.8222104907035828, ""test_cross_entropy"": 0.5642642974853516, ""test_balanced_accuracy"": 0.816891074180603}"
2026-04-15T23:35:39.930844,cats,lcbench,126025,0,234,66.66559600830078,"{""OpenML_task_id"": ""167181"", ""batch_size"": 183, ""epoch"": 32, ""learning_rate"": 0.04051358855653155, ""max_dropout"": 0.02606033079816661, ""max_units"": 291, ""momentum"": 0.5743444559155965, ""num_layers"": 4, ""weight_decay"": 0.00128013873651554}","{""time"": 66.66559600830078, ""val_accuracy"": 81.19056701660156, ""val_cross_entropy"": 0.3738836944103241, ""val_balanced_accuracy"": 0.8382832407951355, ""test_cross_entropy"": 0.46987974643707275, ""test_balanced_accuracy"": 0.8251011371612549}"
2026-04-15T23:35:39.931844,cats,lcbench,126025,0,235,29.65774154663086,"{""OpenML_task_id"": ""189866"", ""batch_size"": 21, ""epoch"": 12, ""learning_rate"": 0.07026618030133262, ""max_dropout"": 0.320473669493075, ""max_units"": 677, ""momentum"": 0.34106744801016275, ""num_layers"": 1, ""weight_decay"": 0.08311273368975083}","{""time"": 29.65774154663086, ""val_accuracy"": 76.84519958496094, ""val_cross_entropy"": 0.4445171058177948, ""val_balanced_accuracy"": 0.7844435572624207, ""test_cross_entropy"": 0.5638095140457153, ""test_balanced_accuracy"": 0.7749777436256409}"
2026-04-15T23:35:39.931844,cats,lcbench,126025,0,236,103.11427307128906,"{""OpenML_task_id"": ""168868"", ""batch_size"": 47, ""epoch"": 28, ""learning_rate"": 0.000224848668385591, ""max_dropout"": 0.1606264399322631, ""max_units"": 349, ""momentum"": 0.43761030313287197, ""num_layers"": 5, ""weight_decay"": 0.026378078303792636}","{""time"": 103.11427307128906, ""val_accuracy"": 82.708251953125, ""val_cross_entropy"": 0.5653698444366455, ""val_balanced_accuracy"": 0.7970885634422302, ""test_cross_entropy"": 0.6503677368164062, ""test_balanced_accuracy"": 0.7942506670951843}"
2026-04-15T23:35:39.932844,cats,lcbench,126025,0,237,46.97148895263672,"{""OpenML_task_id"": ""189866"", ""batch_size"": 154, ""epoch"": 8, ""learning_rate"": 0.08754992615787263, ""max_dropout"": 0.7653981536341181, ""max_units"": 523, ""momentum"": 0.31900239791309865, ""num_layers"": 5, ""weight_decay"": 0.0736405401333335}","{""time"": 46.97148895263672, ""val_accuracy"": 73.94783782958984, ""val_cross_entropy"": 0.4588509500026703, ""val_balanced_accuracy"": 0.6892387270927429, ""test_cross_entropy"": 0.6279162168502808, ""test_balanced_accuracy"": 0.6876013278961182}"
2026-04-15T23:35:39.933844,cats,lcbench,126025,0,238,131.95889282226562,"{""OpenML_task_id"": ""168910"", ""batch_size"": 448, ""epoch"": 49, ""learning_rate"": 0.057136489857705024, ""max_dropout"": 0.36980575790805004, ""max_units"": 432, ""momentum"": 0.3309952496726253, ""num_layers"": 3, ""weight_decay"": 0.018013533962005904}","{""time"": 131.95889282226562, ""val_accuracy"": 79.42301940917969, ""val_cross_entropy"": 0.39769601821899414, ""val_balanced_accuracy"": 0.8265518546104431, ""test_cross_entropy"": 0.50986647605896, ""test_balanced_accuracy"": 0.8191190361976624}"
2026-04-15T23:35:39.933844,cats,lcbench,126025,0,239,50.77002716064453,"{""OpenML_task_id"": ""189873"", ""batch_size"": 202, ""epoch"": 25, ""learning_rate"": 0.021865372413115623, ""max_dropout"": 0.4766111300349857, ""max_units"": 191, ""momentum"": 0.1338873338502521, ""num_layers"": 2, ""weight_decay"": 0.018625215280712867}","{""time"": 50.77002716064453, ""val_accuracy"": 79.21183013916016, ""val_cross_entropy"": 0.4282709062099457, ""val_balanced_accuracy"": 0.8066628575325012, ""test_cross_entropy"": 0.5363316535949707, ""test_balanced_accuracy"": 0.7997413873672485}"
2026-04-15T23:35:39.933844,cats,lcbench,126025,0,240,30.494422912597656,"{""OpenML_task_id"": ""189862"", ""batch_size"": 37, ""epoch"": 11, ""learning_rate"": 0.00015911344131866944, ""max_dropout"": 0.3508458052353376, ""max_units"": 185, ""momentum"": 0.8680839667219094, ""num_layers"": 1, ""weight_decay"": 0.011565448719907303}","{""time"": 30.494422912597656, ""val_accuracy"": 80.6008529663086, ""val_cross_entropy"": 0.4466257095336914, ""val_balanced_accuracy"": 0.7856264114379883, ""test_cross_entropy"": 0.556986927986145, ""test_balanced_accuracy"": 0.7822785377502441}"
2026-04-15T23:35:39.935346,cats,lcbench,126025,0,241,21.487537384033203,"{""OpenML_task_id"": ""168329"", ""batch_size"": 68, ""epoch"": 9, ""learning_rate"": 0.0013864204235335509, ""max_dropout"": 0.964618839581352, ""max_units"": 117, ""momentum"": 0.35687314584201335, ""num_layers"": 4, ""weight_decay"": 0.09253158464440317}","{""time"": 21.487537384033203, ""val_accuracy"": 70.21768951416016, ""val_cross_entropy"": 0.5863521695137024, ""val_balanced_accuracy"": 0.5355085730552673, ""test_cross_entropy"": 0.6861332654953003, ""test_balanced_accuracy"": 0.5348746180534363}"
2026-04-15T23:35:39.936351,cats,lcbench,126025,0,242,88.36495971679688,"{""OpenML_task_id"": ""189865"", ""batch_size"": 27, ""epoch"": 39, ""learning_rate"": 0.0003528288904234064, ""max_dropout"": 0.9988329043938887, ""max_units"": 188, ""momentum"": 0.27813230534083355, ""num_layers"": 4, ""weight_decay"": 0.08336742006856811}","{""time"": 88.36495971679688, ""val_accuracy"": 75.4759750366211, ""val_cross_entropy"": 0.5934857130050659, ""val_balanced_accuracy"": 0.5208773016929626, ""test_cross_entropy"": 0.6820235252380371, ""test_balanced_accuracy"": 0.5205495357513428}"
2026-04-15T23:35:39.937350,cats,lcbench,126025,0,243,19.839275360107422,"{""OpenML_task_id"": ""168868"", ""batch_size"": 160, ""epoch"": 13, ""learning_rate"": 0.005489150967795023, ""max_dropout"": 0.9173802488309367, ""max_units"": 111, ""momentum"": 0.685918736540881, ""num_layers"": 3, ""weight_decay"": 0.07282927625530093}","{""time"": 19.839275360107422, ""val_accuracy"": 76.6282958984375, ""val_cross_entropy"": 0.5256236791610718, ""val_balanced_accuracy"": 0.7569171190261841, ""test_cross_entropy"": 0.6236811280250549, ""test_balanced_accuracy"": 0.7551002502441406}"
2026-04-15T23:35:39.937350,cats,lcbench,126025,0,244,135.3265380859375,"{""OpenML_task_id"": ""168335"", ""batch_size"": 177, ""epoch"": 35, ""learning_rate"": 0.055917813240729794, ""max_dropout"": 0.15492152368926793, ""max_units"": 242, ""momentum"": 0.7893847340898814, ""num_layers"": 4, ""weight_decay"": 0.06956122584483769}","{""time"": 135.3265380859375, ""val_accuracy"": 77.1187515258789, ""val_cross_entropy"": 0.4798065721988678, ""val_balanced_accuracy"": 0.7590539455413818, ""test_cross_entropy"": 0.5896657705307007, ""test_balanced_accuracy"": 0.7548439502716064}"
2026-04-15T23:35:39.938350,cats,lcbench,126025,0,245,69.49358367919922,"{""OpenML_task_id"": ""167152"", ""batch_size"": 173, ""epoch"": 48, ""learning_rate"": 0.008665546528444968, ""max_dropout"": 0.08016115686415481, ""max_units"": 146, ""momentum"": 0.2662002495407335, ""num_layers"": 3, ""weight_decay"": 0.05010420704427032}","{""time"": 69.49358367919922, ""val_accuracy"": 78.30122375488281, ""val_cross_entropy"": 0.40361493825912476, ""val_balanced_accuracy"": 0.7955226302146912, ""test_cross_entropy"": 0.5444691777229309, ""test_balanced_accuracy"": 0.7916537523269653}"
2026-04-15T23:35:39.938350,cats,lcbench,126025,0,246,19.6175537109375,"{""OpenML_task_id"": ""167168"", ""batch_size"": 27, ""epoch"": 11, ""learning_rate"": 0.009561278695117522, ""max_dropout"": 0.36526325289146333, ""max_units"": 157, ""momentum"": 0.6944280720771957, ""num_layers"": 5, ""weight_decay"": 0.031192522665506386}","{""time"": 19.6175537109375, ""val_accuracy"": 85.75858306884766, ""val_cross_entropy"": 0.37290439009666443, ""val_balanced_accuracy"": 0.7791930437088013, ""test_cross_entropy"": 0.5350463390350342, ""test_balanced_accuracy"": 0.7692240476608276}"
2026-04-15T23:35:39.939350,cats,lcbench,126025,0,247,25.41018295288086,"{""OpenML_task_id"": ""189862"", ""batch_size"": 59, ""epoch"": 13, ""learning_rate"": 0.0001561057986443359, ""max_dropout"": 0.21343849662538594, ""max_units"": 198, ""momentum"": 0.5045290000469808, ""num_layers"": 5, ""weight_decay"": 0.07330982993112192}","{""time"": 25.41018295288086, ""val_accuracy"": 61.15064239501953, ""val_cross_entropy"": 0.6349859237670898, ""val_balanced_accuracy"": 0.5770503878593445, ""test_cross_entropy"": 0.683174729347229, ""test_balanced_accuracy"": 0.5704983472824097}"
2026-04-15T23:35:39.940350,cats,lcbench,126025,0,248,70.76673889160156,"{""OpenML_task_id"": ""189909"", ""batch_size"": 37, ""epoch"": 47, ""learning_rate"": 0.021219387421676603, ""max_dropout"": 0.17467987880529645, ""max_units"": 517, ""momentum"": 0.5941031428122568, ""num_layers"": 1, ""weight_decay"": 0.017531074159326865}","{""time"": 70.76673889160156, ""val_accuracy"": 77.06317138671875, ""val_cross_entropy"": 0.41565006971359253, ""val_balanced_accuracy"": 0.8021765351295471, ""test_cross_entropy"": 0.54329913854599, ""test_balanced_accuracy"": 0.7930713891983032}"
2026-04-15T23:35:39.940350,cats,lcbench,126025,0,249,119.53974151611328,"{""OpenML_task_id"": ""167161"", ""batch_size"": 16, ""epoch"": 30, ""learning_rate"": 0.007792002123115376, ""max_dropout"": 0.05180763596285298, ""max_units"": 260, ""momentum"": 0.6965908211511366, ""num_layers"": 4, ""weight_decay"": 0.047629878679535526}","{""time"": 119.53974151611328, ""val_accuracy"": 81.98826599121094, ""val_cross_entropy"": 0.4414774775505066, ""val_balanced_accuracy"": 0.7930184602737427, ""test_cross_entropy"": 0.5420873761177063, ""test_balanced_accuracy"": 0.7785972952842712}"
2026-04-15T23:35:39.941350,cats,lcbench,126025,0,250,23.166481018066406,"{""OpenML_task_id"": ""189906"", ""batch_size"": 77, ""epoch"": 5, ""learning_rate"": 0.0016438563720360135, ""max_dropout"": 0.5707802714941571, ""max_units"": 149, ""momentum"": 0.22924216178976584, ""num_layers"": 4, ""weight_decay"": 0.010929811211669286}","{""time"": 23.166481018066406, ""val_accuracy"": 68.79916381835938, ""val_cross_entropy"": 0.6716184616088867, ""val_balanced_accuracy"": 0.6859260201454163, ""test_cross_entropy"": 0.6902750730514526, ""test_balanced_accuracy"": 0.6863774657249451}"
2026-04-15T23:35:39.942350,cats,lcbench,126025,0,251,185.6083526611328,"{""OpenML_task_id"": ""189906"", ""batch_size"": 17, ""epoch"": 49, ""learning_rate"": 0.05639049632234682, ""max_dropout"": 0.2521182501175353, ""max_units"": 691, ""momentum"": 0.20784206325583615, ""num_layers"": 3, ""weight_decay"": 0.0022320334910435457}","{""time"": 185.6083526611328, ""val_accuracy"": 88.72319030761719, ""val_cross_entropy"": 0.27632638812065125, ""val_balanced_accuracy"": 0.8694002032279968, ""test_cross_entropy"": 0.48645487427711487, ""test_balanced_accuracy"": 0.8622035384178162}"
2026-04-15T23:35:39.942853,cats,lcbench,126025,0,252,22.46227264404297,"{""OpenML_task_id"": ""167161"", ""batch_size"": 140, ""epoch"": 13, ""learning_rate"": 0.059790464627749576, ""max_dropout"": 0.23240366476667618, ""max_units"": 260, ""momentum"": 0.5204550110850735, ""num_layers"": 5, ""weight_decay"": 0.002443443604972313}","{""time"": 22.46227264404297, ""val_accuracy"": 82.01422882080078, ""val_cross_entropy"": 0.30030006170272827, ""val_balanced_accuracy"": 0.8230938911437988, ""test_cross_entropy"": 0.466156929731369, ""test_balanced_accuracy"": 0.7948204278945923}"
2026-04-15T23:35:39.943856,cats,lcbench,126025,0,253,273.5924987792969,"{""OpenML_task_id"": ""168910"", ""batch_size"": 92, ""epoch"": 50, ""learning_rate"": 0.0010408436612441313, ""max_dropout"": 0.7809424930938758, ""max_units"": 593, ""momentum"": 0.4930707464827023, ""num_layers"": 4, ""weight_decay"": 0.05983184326858859}","{""time"": 273.5924987792969, ""val_accuracy"": 81.34371185302734, ""val_cross_entropy"": 0.49381569027900696, ""val_balanced_accuracy"": 0.8141425251960754, ""test_cross_entropy"": 0.5943607091903687, ""test_balanced_accuracy"": 0.8061460852622986}"
2026-04-15T23:35:39.943856,cats,lcbench,126025,0,254,50.41164779663086,"{""OpenML_task_id"": ""189905"", ""batch_size"": 58, ""epoch"": 23, ""learning_rate"": 0.05122392607022722, ""max_dropout"": 0.22336521582960256, ""max_units"": 297, ""momentum"": 0.9099829597585605, ""num_layers"": 2, ""weight_decay"": 0.047105936034871496}","{""time"": 50.41164779663086, ""val_accuracy"": 78.59764862060547, ""val_cross_entropy"": 0.4332958161830902, ""val_balanced_accuracy"": 0.8005120754241943, ""test_cross_entropy"": 0.557499885559082, ""test_balanced_accuracy"": 0.7891407012939453}"
2026-04-15T23:35:39.944857,cats,lcbench,126025,0,255,29.355140686035156,"{""OpenML_task_id"": ""167201"", ""batch_size"": 78, ""epoch"": 8, ""learning_rate"": 0.0002018276037791182, ""max_dropout"": 0.1670656073201684, ""max_units"": 69, ""momentum"": 0.6244723120549619, ""num_layers"": 3, ""weight_decay"": 0.05273789831546815}","{""time"": 29.355140686035156, ""val_accuracy"": 70.2967529296875, ""val_cross_entropy"": 0.5972590446472168, ""val_balanced_accuracy"": 0.6931939125061035, ""test_cross_entropy"": 0.6766366958618164, ""test_balanced_accuracy"": 0.6919231414794922}"
2026-04-15T23:35:39.944857,cats,lcbench,126025,0,256,89.4958724975586,"{""OpenML_task_id"": ""167185"", ""batch_size"": 143, ""epoch"": 52, ""learning_rate"": 0.0006788721503587658, ""max_dropout"": 0.9588239196528773, ""max_units"": 212, ""momentum"": 0.8368349564752581, ""num_layers"": 3, ""weight_decay"": 0.05638639996292587}","{""time"": 89.4958724975586, ""val_accuracy"": 78.66348266601562, ""val_cross_entropy"": 0.48352131247520447, ""val_balanced_accuracy"": 0.7723349332809448, ""test_cross_entropy"": 0.6085637807846069, ""test_balanced_accuracy"": 0.7681230306625366}"
2026-04-15T23:35:39.945857,cats,lcbench,126025,0,257,44.167205810546875,"{""OpenML_task_id"": ""168908"", ""batch_size"": 29, ""epoch"": 22, ""learning_rate"": 0.0004146766242168715, ""max_dropout"": 0.5271245051550955, ""max_units"": 827, ""momentum"": 0.6510459979531572, ""num_layers"": 1, ""weight_decay"": 0.04771216793828192}","{""time"": 44.167205810546875, ""val_accuracy"": 79.5613021850586, ""val_cross_entropy"": 0.453341007232666, ""val_balanced_accuracy"": 0.7830383777618408, ""test_cross_entropy"": 0.5614843368530273, ""test_balanced_accuracy"": 0.7807804346084595}"
2026-04-15T23:35:39.946857,cats,lcbench,126025,0,258,32.03949737548828,"{""OpenML_task_id"": ""167185"", ""batch_size"": 85, ""epoch"": 12, ""learning_rate"": 0.01293746502065927, ""max_dropout"": 0.13563317457027535, ""max_units"": 133, ""momentum"": 0.9094792448820149, ""num_layers"": 2, ""weight_decay"": 0.045842943794988614}","{""time"": 32.03949737548828, ""val_accuracy"": 80.81359100341797, ""val_cross_entropy"": 0.431669145822525, ""val_balanced_accuracy"": 0.809537410736084, ""test_cross_entropy"": 0.5398807525634766, ""test_balanced_accuracy"": 0.8006235361099243}"
2026-04-15T23:35:39.947363,cats,lcbench,126025,0,259,45.4752197265625,"{""OpenML_task_id"": ""126025"", ""batch_size"": 70, ""epoch"": 27, ""learning_rate"": 0.004835164759286987, ""max_dropout"": 0.3830879515589125, ""max_units"": 282, ""momentum"": 0.9499156893978893, ""num_layers"": 1, ""weight_decay"": 0.013152432795531197}","{""time"": 45.4752197265625, ""val_accuracy"": 80.40921783447266, ""val_cross_entropy"": 0.4324840307235718, ""val_balanced_accuracy"": 0.8162042498588562, ""test_cross_entropy"": 0.5355712175369263, ""test_balanced_accuracy"": 0.8109917044639587}"
2026-04-15T23:35:39.947363,cats,lcbench,126025,0,260,63.73441696166992,"{""OpenML_task_id"": ""168330"", ""batch_size"": 105, ""epoch"": 24, ""learning_rate"": 0.0002716959686349265, ""max_dropout"": 0.6681431014500767, ""max_units"": 521, ""momentum"": 0.723445473316836, ""num_layers"": 2, ""weight_decay"": 0.08660116024676637}","{""time"": 63.73441696166992, ""val_accuracy"": 78.30107879638672, ""val_cross_entropy"": 0.43329480290412903, ""val_balanced_accuracy"": 0.8070106506347656, ""test_cross_entropy"": 0.5644324421882629, ""test_balanced_accuracy"": 0.8007319569587708}"
2026-04-15T23:35:39.948363,cats,lcbench,126025,0,261,231.28562927246094,"{""OpenML_task_id"": ""146212"", ""batch_size"": 345, ""epoch"": 28, ""learning_rate"": 0.0019229760732967752, ""max_dropout"": 0.19209780287394973, ""max_units"": 867, ""momentum"": 0.43049388328899807, ""num_layers"": 4, ""weight_decay"": 0.05256506315063155}","{""time"": 231.28562927246094, ""val_accuracy"": 76.60388946533203, ""val_cross_entropy"": 0.49024996161460876, ""val_balanced_accuracy"": 0.8045777082443237, ""test_cross_entropy"": 0.5794229507446289, ""test_balanced_accuracy"": 0.7979921698570251}"
2026-04-15T23:35:39.949363,cats,lcbench,126025,0,262,46.10970687866211,"{""OpenML_task_id"": ""126029"", ""batch_size"": 272, ""epoch"": 18, ""learning_rate"": 0.0013432670300138915, ""max_dropout"": 0.2643618873495137, ""max_units"": 510, ""momentum"": 0.49601416512206076, ""num_layers"": 2, ""weight_decay"": 0.02279413351987802}","{""time"": 46.10970687866211, ""val_accuracy"": 78.24270629882812, ""val_cross_entropy"": 0.4134623110294342, ""val_balanced_accuracy"": 0.8000602722167969, ""test_cross_entropy"": 0.5499687194824219, ""test_balanced_accuracy"": 0.7951904535293579}"
2026-04-15T23:35:39.949363,cats,lcbench,126025,0,263,15.986352920532227,"{""OpenML_task_id"": ""167185"", ""batch_size"": 33, ""epoch"": 6, ""learning_rate"": 0.027858392625212117, ""max_dropout"": 0.8567721139719937, ""max_units"": 1009, ""momentum"": 0.9284301275591025, ""num_layers"": 2, ""weight_decay"": 0.07077836383794006}","{""time"": 15.986352920532227, ""val_accuracy"": 81.68482971191406, ""val_cross_entropy"": 0.5614937543869019, ""val_balanced_accuracy"": 0.8039625287055969, ""test_cross_entropy"": 0.5719407796859741, ""test_balanced_accuracy"": 0.8005273342132568}"
2026-04-15T23:35:39.950363,cats,lcbench,126025,0,264,27.79751968383789,"{""OpenML_task_id"": ""168331"", ""batch_size"": 156, ""epoch"": 11, ""learning_rate"": 0.03386315886364825, ""max_dropout"": 0.8613163869491538, ""max_units"": 254, ""momentum"": 0.47900455481713444, ""num_layers"": 1, ""weight_decay"": 0.05910897610779293}","{""time"": 27.79751968383789, ""val_accuracy"": 77.00028228759766, ""val_cross_entropy"": 0.45944181084632874, ""val_balanced_accuracy"": 0.8004128336906433, ""test_cross_entropy"": 0.563997209072113, ""test_balanced_accuracy"": 0.7942642569541931}"
2026-04-15T23:35:39.951363,cats,lcbench,126025,0,265,51.834007263183594,"{""OpenML_task_id"": ""146212"", ""batch_size"": 436, ""epoch"": 36, ""learning_rate"": 0.0007200018477338254, ""max_dropout"": 0.9093256916980632, ""max_units"": 385, ""momentum"": 0.5047628250039373, ""num_layers"": 1, ""weight_decay"": 0.01760915544556771}","{""time"": 51.834007263183594, ""val_accuracy"": 76.93921661376953, ""val_cross_entropy"": 0.5271424651145935, ""val_balanced_accuracy"": 0.7465394139289856, ""test_cross_entropy"": 0.5949384570121765, ""test_balanced_accuracy"": 0.744507372379303}"
2026-04-15T23:35:39.951867,cats,lcbench,126025,0,266,52.228641510009766,"{""OpenML_task_id"": ""167181"", ""batch_size"": 87, ""epoch"": 27, ""learning_rate"": 0.007052128518364867, ""max_dropout"": 0.021102129529267488, ""max_units"": 72, ""momentum"": 0.22827690517390087, ""num_layers"": 2, ""weight_decay"": 0.02951118591929804}","{""time"": 52.228641510009766, ""val_accuracy"": 78.60334014892578, ""val_cross_entropy"": 0.42723509669303894, ""val_balanced_accuracy"": 0.7981230616569519, ""test_cross_entropy"": 0.5369364023208618, ""test_balanced_accuracy"": 0.7897037863731384}"
2026-04-15T23:35:39.952872,cats,lcbench,126025,0,267,94.02650451660156,"{""OpenML_task_id"": ""7593"", ""batch_size"": 115, ""epoch"": 52, ""learning_rate"": 0.0027859416946991395, ""max_dropout"": 0.32413933445526055, ""max_units"": 170, ""momentum"": 0.2977828622559973, ""num_layers"": 4, ""weight_decay"": 0.04432471731433432}","{""time"": 94.02650451660156, ""val_accuracy"": 82.67829132080078, ""val_cross_entropy"": 0.4791406989097595, ""val_balanced_accuracy"": 0.8015311360359192, ""test_cross_entropy"": 0.5869324207305908, ""test_balanced_accuracy"": 0.796802818775177}"
2026-04-15T23:35:39.953873,cats,lcbench,126025,0,268,383.7152404785156,"{""OpenML_task_id"": ""189909"", ""batch_size"": 164, ""epoch"": 45, ""learning_rate"": 0.018646784750985867, ""max_dropout"": 0.018336980122974467, ""max_units"": 827, ""momentum"": 0.4299681895500047, ""num_layers"": 5, ""weight_decay"": 0.03789136835538611}","{""time"": 383.7152404785156, ""val_accuracy"": 82.16046905517578, ""val_cross_entropy"": 0.35614439845085144, ""val_balanced_accuracy"": 0.8417696952819824, ""test_cross_entropy"": 0.5069835186004639, ""test_balanced_accuracy"": 0.832286536693573}"
2026-04-15T23:35:39.954872,cats,lcbench,126025,0,269,22.552913665771484,"{""OpenML_task_id"": ""168335"", ""batch_size"": 328, ""epoch"": 5, ""learning_rate"": 0.04608051369858772, ""max_dropout"": 0.6103197308986971, ""max_units"": 64, ""momentum"": 0.8471409671589447, ""num_layers"": 2, ""weight_decay"": 0.05146833884116305}","{""time"": 22.552913665771484, ""val_accuracy"": 80.2991714477539, ""val_cross_entropy"": 0.4282534420490265, ""val_balanced_accuracy"": 0.8204027414321899, ""test_cross_entropy"": 0.5604380965232849, ""test_balanced_accuracy"": 0.8159536123275757}"
2026-04-15T23:35:39.955873,cats,lcbench,126025,0,270,93.94144439697266,"{""OpenML_task_id"": ""3945"", ""batch_size"": 116, ""epoch"": 27, ""learning_rate"": 0.0021599327366378083, ""max_dropout"": 0.9799487055453199, ""max_units"": 401, ""momentum"": 0.4238621336336347, ""num_layers"": 3, ""weight_decay"": 0.008453293218153413}","{""time"": 93.94144439697266, ""val_accuracy"": 74.06217193603516, ""val_cross_entropy"": 0.5045149326324463, ""val_balanced_accuracy"": 0.7669810652732849, ""test_cross_entropy"": 0.5896126627922058, ""test_balanced_accuracy"": 0.7629933953285217}"
2026-04-15T23:35:39.956873,cats,lcbench,126025,0,271,73.5849609375,"{""OpenML_task_id"": ""126026"", ""batch_size"": 34, ""epoch"": 24, ""learning_rate"": 0.003326562812885959, ""max_dropout"": 0.8773842444961114, ""max_units"": 128, ""momentum"": 0.9124511682197006, ""num_layers"": 5, ""weight_decay"": 0.06978572509035447}","{""time"": 73.5849609375, ""val_accuracy"": 84.62667846679688, ""val_cross_entropy"": 0.5707595348358154, ""val_balanced_accuracy"": 0.5496851205825806, ""test_cross_entropy"": 0.6737806797027588, ""test_balanced_accuracy"": 0.5446547865867615}"
2026-04-15T23:35:39.958378,cats,lcbench,126025,0,272,47.72171401977539,"{""OpenML_task_id"": ""34539"", ""batch_size"": 160, ""epoch"": 44, ""learning_rate"": 0.004541145666102987, ""max_dropout"": 0.9075788017696624, ""max_units"": 94, ""momentum"": 0.14147951287024474, ""num_layers"": 5, ""weight_decay"": 0.024418855262045843}","{""time"": 47.72171401977539, ""val_accuracy"": 83.60469818115234, ""val_cross_entropy"": 0.5464457273483276, ""val_balanced_accuracy"": 0.6943120360374451, ""test_cross_entropy"": 0.6491553783416748, ""test_balanced_accuracy"": 0.6889850497245789}"
2026-04-15T23:35:39.959382,cats,lcbench,126025,0,273,57.27662658691406,"{""OpenML_task_id"": ""167201"", ""batch_size"": 298, ""epoch"": 47, ""learning_rate"": 0.054387272796188754, ""max_dropout"": 0.8996712557713068, ""max_units"": 201, ""momentum"": 0.6562081762037245, ""num_layers"": 1, ""weight_decay"": 0.09297072348257104}","{""time"": 57.27662658691406, ""val_accuracy"": 76.94420623779297, ""val_cross_entropy"": 0.4953170120716095, ""val_balanced_accuracy"": 0.7862605452537537, ""test_cross_entropy"": 0.5730152130126953, ""test_balanced_accuracy"": 0.7848296761512756}"
2026-04-15T23:35:39.960385,cats,lcbench,126025,0,274,16.24433135986328,"{""OpenML_task_id"": ""167184"", ""batch_size"": 497, ""epoch"": 5, ""learning_rate"": 0.020212003085611493, ""max_dropout"": 0.6579799098857032, ""max_units"": 825, ""momentum"": 0.20862316588381627, ""num_layers"": 2, ""weight_decay"": 0.0623905841106133}","{""time"": 16.24433135986328, ""val_accuracy"": 80.49024200439453, ""val_cross_entropy"": 0.44789376854896545, ""val_balanced_accuracy"": 0.8118939995765686, ""test_cross_entropy"": 0.5483114123344421, ""test_balanced_accuracy"": 0.8078653812408447}"
2026-04-15T23:35:39.961385,cats,lcbench,126025,0,275,18.358348846435547,"{""OpenML_task_id"": ""126026"", ""batch_size"": 43, ""epoch"": 9, ""learning_rate"": 0.09362316648453176, ""max_dropout"": 0.6117798099334107, ""max_units"": 152, ""momentum"": 0.881432785373429, ""num_layers"": 2, ""weight_decay"": 0.04643628137721768}","{""time"": 18.358348846435547, ""val_accuracy"": 78.38684844970703, ""val_cross_entropy"": 0.5816633105278015, ""val_balanced_accuracy"": 0.789387583732605, ""test_cross_entropy"": 0.5623456239700317, ""test_balanced_accuracy"": 0.7745063900947571}"
2026-04-15T23:35:39.962384,cats,lcbench,126025,0,276,58.9723014831543,"{""OpenML_task_id"": ""167168"", ""batch_size"": 49, ""epoch"": 20, ""learning_rate"": 0.03124667582747294, ""max_dropout"": 0.9007975222402079, ""max_units"": 406, ""momentum"": 0.17489077078535104, ""num_layers"": 4, ""weight_decay"": 0.03263130200285218}","{""time"": 58.9723014831543, ""val_accuracy"": 76.14937591552734, ""val_cross_entropy"": 0.41593366861343384, ""val_balanced_accuracy"": 0.8164222240447998, ""test_cross_entropy"": 0.5292180776596069, ""test_balanced_accuracy"": 0.8022347092628479}"
2026-04-15T23:35:39.963301,cats,lcbench,126025,0,277,43.797672271728516,"{""OpenML_task_id"": ""189909"", ""batch_size"": 24, ""epoch"": 14, ""learning_rate"": 0.0027871021856318507, ""max_dropout"": 0.6060132843863026, ""max_units"": 186, ""momentum"": 0.4153462219441493, ""num_layers"": 4, ""weight_decay"": 0.00752221842031879}","{""time"": 43.797672271728516, ""val_accuracy"": 81.50616455078125, ""val_cross_entropy"": 0.3686666190624237, ""val_balanced_accuracy"": 0.8258143663406372, ""test_cross_entropy"": 0.5151479244232178, ""test_balanced_accuracy"": 0.8154091238975525}"
2026-04-15T23:35:39.964307,cats,lcbench,126025,0,278,207.6884002685547,"{""OpenML_task_id"": ""167168"", ""batch_size"": 228, ""epoch"": 44, ""learning_rate"": 0.0006380620206670708, ""max_dropout"": 0.9082604655683744, ""max_units"": 290, ""momentum"": 0.5972810616542445, ""num_layers"": 5, ""weight_decay"": 0.0013699260245691918}","{""time"": 207.6884002685547, ""val_accuracy"": 58.936458587646484, ""val_cross_entropy"": 0.6725063323974609, ""val_balanced_accuracy"": 0.635254442691803, ""test_cross_entropy"": 0.6835495233535767, ""test_balanced_accuracy"": 0.6300992965698242}"
2026-04-15T23:35:39.964307,cats,lcbench,126025,0,279,294.32965087890625,"{""OpenML_task_id"": ""167104"", ""batch_size"": 40, ""epoch"": 45, ""learning_rate"": 0.014723383059009595, ""max_dropout"": 0.488178725996798, ""max_units"": 607, ""momentum"": 0.5782155625419386, ""num_layers"": 5, ""weight_decay"": 0.025057827556099536}","{""time"": 294.32965087890625, ""val_accuracy"": 78.84494018554688, ""val_cross_entropy"": 0.3505769371986389, ""val_balanced_accuracy"": 0.7921658158302307, ""test_cross_entropy"": 0.5007482767105103, ""test_balanced_accuracy"": 0.7715648412704468}"
2026-04-15T23:35:39.965305,cats,lcbench,126025,0,280,64.19041442871094,"{""OpenML_task_id"": ""126026"", ""batch_size"": 37, ""epoch"": 38, ""learning_rate"": 0.003991105688943574, ""max_dropout"": 0.7717431026144599, ""max_units"": 624, ""momentum"": 0.5514568393443232, ""num_layers"": 2, ""weight_decay"": 0.09661040747211477}","{""time"": 64.19041442871094, ""val_accuracy"": 79.24386596679688, ""val_cross_entropy"": 0.45979633927345276, ""val_balanced_accuracy"": 0.7984671592712402, ""test_cross_entropy"": 0.5721547603607178, ""test_balanced_accuracy"": 0.7894734144210815}"
2026-04-15T23:35:39.966304,cats,lcbench,126025,0,281,64.8262939453125,"{""OpenML_task_id"": ""168910"", ""batch_size"": 56, ""epoch"": 34, ""learning_rate"": 0.00017384480079147812, ""max_dropout"": 0.967495628133861, ""max_units"": 706, ""momentum"": 0.37798821210949884, ""num_layers"": 1, ""weight_decay"": 0.007452069306919791}","{""time"": 64.8262939453125, ""val_accuracy"": 76.92028045654297, ""val_cross_entropy"": 0.48750630021095276, ""val_balanced_accuracy"": 0.7486469149589539, ""test_cross_entropy"": 0.5868750810623169, ""test_balanced_accuracy"": 0.7415256500244141}"
2026-04-15T23:35:39.967304,cats,lcbench,126025,0,282,71.93390655517578,"{""OpenML_task_id"": ""189862"", ""batch_size"": 241, ""epoch"": 32, ""learning_rate"": 0.013839496983707605, ""max_dropout"": 0.48327854384475344, ""max_units"": 281, ""momentum"": 0.9034914137373597, ""num_layers"": 4, ""weight_decay"": 0.023032707724357136}","{""time"": 71.93390655517578, ""val_accuracy"": 78.94486236572266, ""val_cross_entropy"": 0.37244299054145813, ""val_balanced_accuracy"": 0.8288678526878357, ""test_cross_entropy"": 0.5028972029685974, ""test_balanced_accuracy"": 0.8105525374412537}"
2026-04-15T23:35:39.967810,cats,lcbench,126025,0,283,170.65823364257812,"{""OpenML_task_id"": ""167201"", ""batch_size"": 206, ""epoch"": 43, ""learning_rate"": 0.00012014156738087563, ""max_dropout"": 0.5267807351205357, ""max_units"": 291, ""momentum"": 0.5274342145975551, ""num_layers"": 4, ""weight_decay"": 0.02463912387151977}","{""time"": 170.65823364257812, ""val_accuracy"": 52.85902786254883, ""val_cross_entropy"": 0.6549807786941528, ""val_balanced_accuracy"": 0.6165288090705872, ""test_cross_entropy"": 0.6888429522514343, ""test_balanced_accuracy"": 0.6204216480255127}"
2026-04-15T23:35:39.968811,cats,lcbench,126025,0,284,47.14440155029297,"{""OpenML_task_id"": ""167184"", ""batch_size"": 56, ""epoch"": 29, ""learning_rate"": 0.0008615253166704062, ""max_dropout"": 0.880326933233804, ""max_units"": 153, ""momentum"": 0.31865905369882974, ""num_layers"": 1, ""weight_decay"": 0.05654474239080093}","{""time"": 47.14440155029297, ""val_accuracy"": 78.84358978271484, ""val_cross_entropy"": 0.4601035714149475, ""val_balanced_accuracy"": 0.7924272418022156, ""test_cross_entropy"": 0.5663674473762512, ""test_balanced_accuracy"": 0.7861915230751038}"
2026-04-15T23:35:39.969811,cats,lcbench,126025,0,285,39.18476486206055,"{""OpenML_task_id"": ""189906"", ""batch_size"": 78, ""epoch"": 7, ""learning_rate"": 0.012599103271989391, ""max_dropout"": 0.5409804001470817, ""max_units"": 766, ""momentum"": 0.7699801970675016, ""num_layers"": 3, ""weight_decay"": 0.05761720879469964}","{""time"": 39.18476486206055, ""val_accuracy"": 77.66373443603516, ""val_cross_entropy"": 0.4563682973384857, ""val_balanced_accuracy"": 0.8144267797470093, ""test_cross_entropy"": 0.5496249794960022, ""test_balanced_accuracy"": 0.8039426207542419}"
2026-04-15T23:35:39.969811,cats,lcbench,126025,0,286,88.51277160644531,"{""OpenML_task_id"": ""167104"", ""batch_size"": 42, ""epoch"": 32, ""learning_rate"": 0.00013337671019050432, ""max_dropout"": 0.5919207617021947, ""max_units"": 498, ""momentum"": 0.34486180744996553, ""num_layers"": 2, ""weight_decay"": 0.0377170334361031}","{""time"": 88.51277160644531, ""val_accuracy"": 79.05998229980469, ""val_cross_entropy"": 0.4162532389163971, ""val_balanced_accuracy"": 0.8008633255958557, ""test_cross_entropy"": 0.5562098026275635, ""test_balanced_accuracy"": 0.7965642213821411}"
2026-04-15T23:35:39.970811,cats,lcbench,126025,0,287,169.42691040039062,"{""OpenML_task_id"": ""126025"", ""batch_size"": 24, ""epoch"": 50, ""learning_rate"": 0.0010136057278143545, ""max_dropout"": 0.7781652627629716, ""max_units"": 98, ""momentum"": 0.9763185592442345, ""num_layers"": 4, ""weight_decay"": 0.008239538860921028}","{""time"": 169.42691040039062, ""val_accuracy"": 80.9079818725586, ""val_cross_entropy"": 0.35713809728622437, ""val_balanced_accuracy"": 0.8154231309890747, ""test_cross_entropy"": 0.5056654214859009, ""test_balanced_accuracy"": 0.7954710721969604}"
2026-04-15T23:35:39.970811,cats,lcbench,126025,0,288,42.008567810058594,"{""OpenML_task_id"": ""189909"", ""batch_size"": 291, ""epoch"": 23, ""learning_rate"": 0.00193784097946758, ""max_dropout"": 0.847128148274256, ""max_units"": 491, ""momentum"": 0.2369804233248754, ""num_layers"": 2, ""weight_decay"": 0.08362022107486508}","{""time"": 42.008567810058594, ""val_accuracy"": 79.10433197021484, ""val_cross_entropy"": 0.44007688760757446, ""val_balanced_accuracy"": 0.8061614632606506, ""test_cross_entropy"": 0.5706061720848083, ""test_balanced_accuracy"": 0.7993418574333191}"
2026-04-15T23:35:39.971811,cats,lcbench,126025,0,289,203.2637481689453,"{""OpenML_task_id"": ""168331"", ""batch_size"": 19, ""epoch"": 34, ""learning_rate"": 0.0001714588352844143, ""max_dropout"": 0.678246822794617, ""max_units"": 594, ""momentum"": 0.9264722135087008, ""num_layers"": 3, ""weight_decay"": 0.06169988229138141}","{""time"": 203.2637481689453, ""val_accuracy"": 79.49940490722656, ""val_cross_entropy"": 0.3929167091846466, ""val_balanced_accuracy"": 0.8066336512565613, ""test_cross_entropy"": 0.5341853499412537, ""test_balanced_accuracy"": 0.7968940138816833}"
2026-04-15T23:35:39.972810,cats,lcbench,126025,0,290,88.85999298095703,"{""OpenML_task_id"": ""34539"", ""batch_size"": 372, ""epoch"": 21, ""learning_rate"": 0.012921251672669722, ""max_dropout"": 0.644686808430887, ""max_units"": 509, ""momentum"": 0.21376428747406204, ""num_layers"": 4, ""weight_decay"": 0.06746222773904272}","{""time"": 88.85999298095703, ""val_accuracy"": 77.97498321533203, ""val_cross_entropy"": 0.4651819169521332, ""val_balanced_accuracy"": 0.8022255301475525, ""test_cross_entropy"": 0.5763026475906372, ""test_balanced_accuracy"": 0.7987048029899597}"
2026-04-15T23:35:39.972810,cats,lcbench,126025,0,291,44.61483383178711,"{""OpenML_task_id"": ""189905"", ""batch_size"": 19, ""epoch"": 27, ""learning_rate"": 0.07252805977256446, ""max_dropout"": 0.684968077453286, ""max_units"": 167, ""momentum"": 0.49264751769455095, ""num_layers"": 2, ""weight_decay"": 0.027495044023806613}","{""time"": 44.61483383178711, ""val_accuracy"": 80.51326751708984, ""val_cross_entropy"": 0.35057488083839417, ""val_balanced_accuracy"": 0.8235870003700256, ""test_cross_entropy"": 0.5371326804161072, ""test_balanced_accuracy"": 0.8065598011016846}"
2026-04-15T23:35:39.974313,cats,lcbench,126025,0,292,62.95072555541992,"{""OpenML_task_id"": ""167168"", ""batch_size"": 21, ""epoch"": 34, ""learning_rate"": 0.0709231532135227, ""max_dropout"": 0.20692895253520294, ""max_units"": 607, ""momentum"": 0.8440852554386009, ""num_layers"": 1, ""weight_decay"": 0.01747602512946747}","{""time"": 62.95072555541992, ""val_accuracy"": 77.80399322509766, ""val_cross_entropy"": 0.43085014820098877, ""val_balanced_accuracy"": 0.7900216579437256, ""test_cross_entropy"": 0.5450819730758667, ""test_balanced_accuracy"": 0.7758917808532715}"
2026-04-15T23:35:39.974313,cats,lcbench,126025,0,293,46.15990447998047,"{""OpenML_task_id"": ""168868"", ""batch_size"": 169, ""epoch"": 19, ""learning_rate"": 0.08925902788622675, ""max_dropout"": 0.3174507529747954, ""max_units"": 412, ""momentum"": 0.8375392808423693, ""num_layers"": 3, ""weight_decay"": 0.03119979086006203}","{""time"": 46.15990447998047, ""val_accuracy"": 78.69124603271484, ""val_cross_entropy"": 0.457347571849823, ""val_balanced_accuracy"": 0.8288030624389648, ""test_cross_entropy"": 0.5431618690490723, ""test_balanced_accuracy"": 0.8156564235687256}"
2026-04-15T23:35:39.975317,cats,lcbench,126025,0,294,48.96836853027344,"{""OpenML_task_id"": ""167184"", ""batch_size"": 213, ""epoch"": 28, ""learning_rate"": 0.0003346493914478499, ""max_dropout"": 0.5276231258203116, ""max_units"": 493, ""momentum"": 0.8966057549063335, ""num_layers"": 1, ""weight_decay"": 0.021817219189901635}","{""time"": 48.96836853027344, ""val_accuracy"": 78.93778228759766, ""val_cross_entropy"": 0.47997817397117615, ""val_balanced_accuracy"": 0.7726192474365234, ""test_cross_entropy"": 0.5686336159706116, ""test_balanced_accuracy"": 0.7727504372596741}"
2026-04-15T23:35:39.976317,cats,lcbench,126025,0,295,65.5611801147461,"{""OpenML_task_id"": ""168335"", ""batch_size"": 127, ""epoch"": 36, ""learning_rate"": 0.00161533124022746, ""max_dropout"": 0.32172524136181924, ""max_units"": 88, ""momentum"": 0.9833241506072247, ""num_layers"": 3, ""weight_decay"": 0.049300120577996015}","{""time"": 65.5611801147461, ""val_accuracy"": 79.79442596435547, ""val_cross_entropy"": 0.39872053265571594, ""val_balanced_accuracy"": 0.8106174468994141, ""test_cross_entropy"": 0.5363529920578003, ""test_balanced_accuracy"": 0.8043030500411987}"
2026-04-15T23:35:39.976317,cats,lcbench,126025,0,296,9.093484878540039,"{""OpenML_task_id"": ""167152"", ""batch_size"": 30, ""epoch"": 3, ""learning_rate"": 0.0001021377883761588, ""max_dropout"": 0.22704134266051534, ""max_units"": 123, ""momentum"": 0.9744709474418451, ""num_layers"": 5, ""weight_decay"": 0.08124427043167423}","{""time"": 9.093484878540039, ""val_accuracy"": 63.75261688232422, ""val_cross_entropy"": 0.6271906495094299, ""val_balanced_accuracy"": 0.577736496925354, ""test_cross_entropy"": 0.6760245561599731, ""test_balanced_accuracy"": 0.5636970400810242}"
2026-04-15T23:35:39.977317,cats,lcbench,126025,0,297,83.40482330322266,"{""OpenML_task_id"": ""189906"", ""batch_size"": 33, ""epoch"": 38, ""learning_rate"": 0.0024438311047617197, ""max_dropout"": 0.9734114757322465, ""max_units"": 298, ""momentum"": 0.9826858586370675, ""num_layers"": 3, ""weight_decay"": 0.0730262803743627}","{""time"": 83.40482330322266, ""val_accuracy"": 77.80413818359375, ""val_cross_entropy"": 0.4775756895542145, ""val_balanced_accuracy"": 0.7446039915084839, ""test_cross_entropy"": 0.5704920887947083, ""test_balanced_accuracy"": 0.7424936890602112}"
2026-04-15T23:35:39.978317,cats,lcbench,126025,0,298,57.434200286865234,"{""OpenML_task_id"": ""168908"", ""batch_size"": 38, ""epoch"": 52, ""learning_rate"": 0.08456016101927118, ""max_dropout"": 0.7878055077615214, ""max_units"": 90, ""momentum"": 0.6932670720351252, ""num_layers"": 2, ""weight_decay"": 0.015545867386034142}","{""time"": 57.434200286865234, ""val_accuracy"": 83.4953842163086, ""val_cross_entropy"": 0.30885884165763855, ""val_balanced_accuracy"": 0.8342509865760803, ""test_cross_entropy"": 0.5230276584625244, ""test_balanced_accuracy"": 0.8157373070716858}"
2026-04-15T23:35:39.978317,cats,lcbench,126025,0,299,183.22799682617188,"{""OpenML_task_id"": ""168329"", ""batch_size"": 200, ""epoch"": 28, ""learning_rate"": 0.0009712947956482948, ""max_dropout"": 0.7645373185222506, ""max_units"": 729, ""momentum"": 0.238560079086769, ""num_layers"": 5, ""weight_decay"": 0.03131286558999728}","{""time"": 183.22799682617188, ""val_accuracy"": 76.09507751464844, ""val_cross_entropy"": 0.6265360713005066, ""val_balanced_accuracy"": 0.8095096349716187, ""test_cross_entropy"": 0.6770868301391602, ""test_balanced_accuracy"": 0.8031594157218933}"
2026-04-15T23:35:39.979317,cats,lcbench,126025,0,300,70.8085708618164,"{""OpenML_task_id"": ""168330"", ""batch_size"": 205, ""epoch"": 49, ""learning_rate"": 0.029579076241808906, ""max_dropout"": 0.9110016727578772, ""max_units"": 507, ""momentum"": 0.9383105451764661, ""num_layers"": 2, ""weight_decay"": 0.00737709128783788}","{""time"": 70.8085708618164, ""val_accuracy"": 83.16288757324219, ""val_cross_entropy"": 0.37150174379348755, ""val_balanced_accuracy"": 0.8384783267974854, ""test_cross_entropy"": 0.5180110931396484, ""test_balanced_accuracy"": 0.8368741869926453}"
2026-04-15T23:35:39.979317,cats,lcbench,126025,0,301,52.425262451171875,"{""OpenML_task_id"": ""126026"", ""batch_size"": 80, ""epoch"": 31, ""learning_rate"": 0.002817654304834145, ""max_dropout"": 0.7507713206913134, ""max_units"": 146, ""momentum"": 0.18178677618998917, ""num_layers"": 1, ""weight_decay"": 0.06564879462094263}","{""time"": 52.425262451171875, ""val_accuracy"": 78.34156036376953, ""val_cross_entropy"": 0.46380186080932617, ""val_balanced_accuracy"": 0.803735613822937, ""test_cross_entropy"": 0.5608627200126648, ""test_balanced_accuracy"": 0.7974900603294373}"
2026-04-15T23:35:39.980317,cats,lcbench,126025,0,302,6.745196342468262,"{""OpenML_task_id"": ""7593"", ""batch_size"": 53, ""epoch"": 4, ""learning_rate"": 0.02897227835857532, ""max_dropout"": 0.6691432946429342, ""max_units"": 191, ""momentum"": 0.8018005550686794, ""num_layers"": 5, ""weight_decay"": 0.03161127787105475}","{""time"": 6.745196342468262, ""val_accuracy"": 79.68948364257812, ""val_cross_entropy"": 0.3632389008998871, ""val_balanced_accuracy"": 0.7608382105827332, ""test_cross_entropy"": 0.5676289200782776, ""test_balanced_accuracy"": 0.7484298944473267}"
2026-04-15T23:35:39.981317,cats,lcbench,126025,0,303,29.394187927246094,"{""OpenML_task_id"": ""189909"", ""batch_size"": 44, ""epoch"": 13, ""learning_rate"": 0.030330676989621774, ""max_dropout"": 0.4243166631031523, ""max_units"": 159, ""momentum"": 0.9258836272099887, ""num_layers"": 1, ""weight_decay"": 0.023252647726626788}","{""time"": 29.394187927246094, ""val_accuracy"": 77.5697250366211, ""val_cross_entropy"": 0.4729309678077698, ""val_balanced_accuracy"": 0.797109842300415, ""test_cross_entropy"": 0.5424991250038147, ""test_balanced_accuracy"": 0.7844405174255371}"
2026-04-15T23:35:39.981317,cats,lcbench,126025,0,304,91.02979278564453,"{""OpenML_task_id"": ""167190"", ""batch_size"": 20, ""epoch"": 45, ""learning_rate"": 0.0003620400175793653, ""max_dropout"": 0.03491476498223067, ""max_units"": 64, ""momentum"": 0.14809462328137862, ""num_layers"": 2, ""weight_decay"": 0.06589016256217897}","{""time"": 91.02979278564453, ""val_accuracy"": 79.37789154052734, ""val_cross_entropy"": 0.4615648090839386, ""val_balanced_accuracy"": 0.7851395606994629, ""test_cross_entropy"": 0.5621910095214844, ""test_balanced_accuracy"": 0.7801820039749146}"
2026-04-15T23:35:39.982317,cats,lcbench,126025,0,305,9.476963996887207,"{""OpenML_task_id"": ""146212"", ""batch_size"": 185, ""epoch"": 2, ""learning_rate"": 0.002053973384525896, ""max_dropout"": 0.9786686397495351, ""max_units"": 246, ""momentum"": 0.5545880016337087, ""num_layers"": 5, ""weight_decay"": 0.03899499921032865}","{""time"": 9.476963996887207, ""val_accuracy"": 53.19978332519531, ""val_cross_entropy"": 0.5623024702072144, ""val_balanced_accuracy"": 0.5786330699920654, ""test_cross_entropy"": 0.6778897643089294, ""test_balanced_accuracy"": 0.5683533549308777}"
2026-04-15T23:35:39.983317,cats,lcbench,126025,0,306,213.98861694335938,"{""OpenML_task_id"": ""3945"", ""batch_size"": 461, ""epoch"": 41, ""learning_rate"": 0.0005960111998320203, ""max_dropout"": 0.5419173501634074, ""max_units"": 554, ""momentum"": 0.3610365638317047, ""num_layers"": 5, ""weight_decay"": 0.028149970868905683}","{""time"": 213.98861694335938, ""val_accuracy"": 57.567134857177734, ""val_cross_entropy"": 0.6561234593391418, ""val_balanced_accuracy"": 0.7169067859649658, ""test_cross_entropy"": 0.7003858089447021, ""test_balanced_accuracy"": 0.7125349640846252}"
2026-04-15T23:35:39.983820,cats,lcbench,126025,0,307,361.6909484863281,"{""OpenML_task_id"": ""167200"", ""batch_size"": 465, ""epoch"": 51, ""learning_rate"": 0.030217831707543375, ""max_dropout"": 0.8350682632509274, ""max_units"": 983, ""momentum"": 0.5633419737565262, ""num_layers"": 5, ""weight_decay"": 0.07514505474746994}","{""time"": 361.6909484863281, ""val_accuracy"": 79.07596588134766, ""val_cross_entropy"": 0.4500558078289032, ""val_balanced_accuracy"": 0.7971494197845459, ""test_cross_entropy"": 0.5994554758071899, ""test_balanced_accuracy"": 0.7917141914367676}"
2026-04-15T23:35:39.983820,cats,lcbench,126025,0,308,39.8443489074707,"{""OpenML_task_id"": ""189866"", ""batch_size"": 16, ""epoch"": 21, ""learning_rate"": 0.01616527521643837, ""max_dropout"": 0.3383893667696095, ""max_units"": 83, ""momentum"": 0.2791811290590328, ""num_layers"": 4, ""weight_decay"": 0.06580376911161498}","{""time"": 39.8443489074707, ""val_accuracy"": 76.82864379882812, ""val_cross_entropy"": 0.5361348986625671, ""val_balanced_accuracy"": 0.6652154922485352, ""test_cross_entropy"": 0.6170650720596313, ""test_balanced_accuracy"": 0.6570918560028076}"
2026-04-15T23:35:39.984823,cats,lcbench,126025,0,309,52.70833969116211,"{""OpenML_task_id"": ""126029"", ""batch_size"": 131, ""epoch"": 24, ""learning_rate"": 0.00012553876147046772, ""max_dropout"": 0.24339214248011076, ""max_units"": 486, ""momentum"": 0.2478745946918298, ""num_layers"": 2, ""weight_decay"": 0.038813196610039936}","{""time"": 52.70833969116211, ""val_accuracy"": 77.1467056274414, ""val_cross_entropy"": 0.49093228578567505, ""val_balanced_accuracy"": 0.7849958539009094, ""test_cross_entropy"": 0.6032490730285645, ""test_balanced_accuracy"": 0.7849568724632263}"
2026-04-15T23:35:39.985823,cats,lcbench,126025,0,310,67.46184539794922,"{""OpenML_task_id"": ""168335"", ""batch_size"": 352, ""epoch"": 40, ""learning_rate"": 0.0018110591994141664, ""max_dropout"": 0.40336682493538345, ""max_units"": 101, ""momentum"": 0.19746981200010463, ""num_layers"": 1, ""weight_decay"": 0.08821412998231283}","{""time"": 67.46184539794922, ""val_accuracy"": 77.91641235351562, ""val_cross_entropy"": 0.5098645687103271, ""val_balanced_accuracy"": 0.7660688161849976, ""test_cross_entropy"": 0.5892595052719116, ""test_balanced_accuracy"": 0.7676016092300415}"
2026-04-15T23:35:39.985823,cats,lcbench,126025,0,311,75.089599609375,"{""OpenML_task_id"": ""168868"", ""batch_size"": 165, ""epoch"": 44, ""learning_rate"": 0.027482438276526782, ""max_dropout"": 0.20987441909489457, ""max_units"": 104, ""momentum"": 0.5368826418611883, ""num_layers"": 4, ""weight_decay"": 0.08929353635211026}","{""time"": 75.089599609375, ""val_accuracy"": 65.54815673828125, ""val_cross_entropy"": 0.6499291658401489, ""val_balanced_accuracy"": 0.5105406045913696, ""test_cross_entropy"": 0.6878700256347656, ""test_balanced_accuracy"": 0.5178154706954956}"
2026-04-15T23:35:39.986823,cats,lcbench,126025,0,312,87.63285827636719,"{""OpenML_task_id"": ""168335"", ""batch_size"": 116, ""epoch"": 46, ""learning_rate"": 0.0003282578915738903, ""max_dropout"": 0.2119269637246297, ""max_units"": 454, ""momentum"": 0.5520723827092858, ""num_layers"": 2, ""weight_decay"": 0.09426437498829345}","{""time"": 87.63285827636719, ""val_accuracy"": 77.71440887451172, ""val_cross_entropy"": 0.4635881185531616, ""val_balanced_accuracy"": 0.7973105907440186, ""test_cross_entropy"": 0.566533088684082, ""test_balanced_accuracy"": 0.7924121618270874}"
2026-04-15T23:35:39.987823,cats,lcbench,126025,0,313,25.326515197753906,"{""OpenML_task_id"": ""167190"", ""batch_size"": 90, ""epoch"": 6, ""learning_rate"": 0.003470660227459819, ""max_dropout"": 0.2955872052962203, ""max_units"": 302, ""momentum"": 0.8394499481101856, ""num_layers"": 3, ""weight_decay"": 0.08815219084168019}","{""time"": 25.326515197753906, ""val_accuracy"": 79.46393585205078, ""val_cross_entropy"": 0.44210124015808105, ""val_balanced_accuracy"": 0.808131992816925, ""test_cross_entropy"": 0.5642869472503662, ""test_balanced_accuracy"": 0.8041021227836609}"
2026-04-15T23:35:39.987823,cats,lcbench,126025,0,314,57.826045989990234,"{""OpenML_task_id"": ""167168"", ""batch_size"": 40, ""epoch"": 35, ""learning_rate"": 0.00723854947425376, ""max_dropout"": 0.6439562450311533, ""max_units"": 411, ""momentum"": 0.9822086948692264, ""num_layers"": 1, ""weight_decay"": 0.09037017387279987}","{""time"": 57.826045989990234, ""val_accuracy"": 75.87608337402344, ""val_cross_entropy"": 0.5041501522064209, ""val_balanced_accuracy"": 0.7852743864059448, ""test_cross_entropy"": 0.5737473964691162, ""test_balanced_accuracy"": 0.7764914035797119}"
2026-04-15T23:35:39.988823,cats,lcbench,126025,0,315,100.42154693603516,"{""OpenML_task_id"": ""189354"", ""batch_size"": 259, ""epoch"": 18, ""learning_rate"": 0.001673955776812675, ""max_dropout"": 0.6300620017806657, ""max_units"": 719, ""momentum"": 0.3452833883498526, ""num_layers"": 5, ""weight_decay"": 0.0553070380965364}","{""time"": 100.42154693603516, ""val_accuracy"": 76.48081970214844, ""val_cross_entropy"": 0.6484751105308533, ""val_balanced_accuracy"": 0.7967967391014099, ""test_cross_entropy"": 0.6850288510322571, ""test_balanced_accuracy"": 0.7935828566551208}"
2026-04-15T23:35:39.988823,cats,lcbench,126025,0,316,276.9559631347656,"{""OpenML_task_id"": ""126026"", ""batch_size"": 27, ""epoch"": 31, ""learning_rate"": 0.04570565306495475, ""max_dropout"": 0.5626003331919023, ""max_units"": 336, ""momentum"": 0.9687867922858943, ""num_layers"": 5, ""weight_decay"": 0.04616988408254311}","{""time"": 276.9559631347656, ""val_accuracy"": 82.19683074951172, ""val_cross_entropy"": 0.40709641575813293, ""val_balanced_accuracy"": 0.7303496599197388, ""test_cross_entropy"": 0.5717583894729614, ""test_balanced_accuracy"": 0.7192392349243164}"
2026-04-15T23:35:39.990326,cats,lcbench,126025,0,317,39.611473083496094,"{""OpenML_task_id"": ""167201"", ""batch_size"": 79, ""epoch"": 18, ""learning_rate"": 0.007072833040963311, ""max_dropout"": 0.36435074198779216, ""max_units"": 86, ""momentum"": 0.9558321174683576, ""num_layers"": 5, ""weight_decay"": 0.0884842219636869}","{""time"": 39.611473083496094, ""val_accuracy"": 75.39237976074219, ""val_cross_entropy"": 0.6286693215370178, ""val_balanced_accuracy"": 0.5158262252807617, ""test_cross_entropy"": 0.715385377407074, ""test_balanced_accuracy"": 0.5160771608352661}"
2026-04-15T23:35:39.990326,cats,lcbench,126025,0,318,244.11476135253906,"{""OpenML_task_id"": ""189354"", ""batch_size"": 98, ""epoch"": 25, ""learning_rate"": 0.0018547670614389286, ""max_dropout"": 0.9133016387103248, ""max_units"": 812, ""momentum"": 0.3692495511044944, ""num_layers"": 5, ""weight_decay"": 0.013923741408694297}","{""time"": 244.11476135253906, ""val_accuracy"": 79.11398315429688, ""val_cross_entropy"": 0.4029603600502014, ""val_balanced_accuracy"": 0.8201336860656738, ""test_cross_entropy"": 0.5598279237747192, ""test_balanced_accuracy"": 0.8067044019699097}"
2026-04-15T23:35:39.991329,cats,lcbench,126025,0,319,94.83251190185547,"{""OpenML_task_id"": ""167190"", ""batch_size"": 90, ""epoch"": 49, ""learning_rate"": 0.0030543254539357407, ""max_dropout"": 0.6651592987115772, ""max_units"": 248, ""momentum"": 0.32534877910036836, ""num_layers"": 2, ""weight_decay"": 0.012175900804075726}","{""time"": 94.83251190185547, ""val_accuracy"": 79.2057876586914, ""val_cross_entropy"": 0.431814044713974, ""val_balanced_accuracy"": 0.7995690703392029, ""test_cross_entropy"": 0.5373913049697876, ""test_balanced_accuracy"": 0.7905477285385132}"
2026-04-15T23:35:39.992330,cats,lcbench,126025,0,320,26.69170379638672,"{""OpenML_task_id"": ""168910"", ""batch_size"": 24, ""epoch"": 3, ""learning_rate"": 0.0005137527901812847, ""max_dropout"": 0.5966764264378279, ""max_units"": 354, ""momentum"": 0.2951583339120629, ""num_layers"": 4, ""weight_decay"": 0.03865145675299967}","{""time"": 26.69170379638672, ""val_accuracy"": 71.55400848388672, ""val_cross_entropy"": 0.6650480628013611, ""val_balanced_accuracy"": 0.6877233386039734, ""test_cross_entropy"": 0.6882476806640625, ""test_balanced_accuracy"": 0.6886329650878906}"
2026-04-15T23:35:39.992330,cats,lcbench,126025,0,321,141.64208984375,"{""OpenML_task_id"": ""34539"", ""batch_size"": 19, ""epoch"": 34, ""learning_rate"": 0.09609259667516103, ""max_dropout"": 0.31311949567843445, ""max_units"": 268, ""momentum"": 0.18389019283708058, ""num_layers"": 5, ""weight_decay"": 0.047806826427484524}","{""time"": 141.64208984375, ""val_accuracy"": 87.52978515625, ""val_cross_entropy"": 0.36979490518569946, ""val_balanced_accuracy"": 0.7944173216819763, ""test_cross_entropy"": 0.5611004829406738, ""test_balanced_accuracy"": 0.7882876992225647}"
2026-04-15T23:35:39.993329,cats,lcbench,126025,0,322,5.320047378540039,"{""OpenML_task_id"": ""167184"", ""batch_size"": 253, ""epoch"": 1, ""learning_rate"": 0.03614510565461618, ""max_dropout"": 0.20585250182531134, ""max_units"": 253, ""momentum"": 0.4692920685100641, ""num_layers"": 2, ""weight_decay"": 0.01045249641286398}","{""time"": 5.320047378540039, ""val_accuracy"": 47.991920471191406, ""val_cross_entropy"": 0.6805564165115356, ""val_balanced_accuracy"": 0.508606493473053, ""test_cross_entropy"": 0.6862726211547852, ""test_balanced_accuracy"": 0.5219414234161377}"
2026-04-15T23:35:39.994329,cats,lcbench,126025,0,323,97.92823791503906,"{""OpenML_task_id"": ""167190"", ""batch_size"": 271, ""epoch"": 33, ""learning_rate"": 0.01440817048405242, ""max_dropout"": 0.13683057706423396, ""max_units"": 385, ""momentum"": 0.7564636419814206, ""num_layers"": 3, ""weight_decay"": 0.03749566480522682}","{""time"": 97.92823791503906, ""val_accuracy"": 77.51559448242188, ""val_cross_entropy"": 0.43084707856178284, ""val_balanced_accuracy"": 0.816507875919342, ""test_cross_entropy"": 0.5348126888275146, ""test_balanced_accuracy"": 0.808318555355072}"
2026-04-15T23:35:39.994329,cats,lcbench,126025,0,324,19.807201385498047,"{""OpenML_task_id"": ""189906"", ""batch_size"": 111, ""epoch"": 17, ""learning_rate"": 0.06891607976560918, ""max_dropout"": 0.8827504972579295, ""max_units"": 74, ""momentum"": 0.48927614524907503, ""num_layers"": 5, ""weight_decay"": 0.020894228033214914}","{""time"": 19.807201385498047, ""val_accuracy"": 84.42193603515625, ""val_cross_entropy"": 0.2710343301296234, ""val_balanced_accuracy"": 0.786925196647644, ""test_cross_entropy"": 0.5328224897384644, ""test_balanced_accuracy"": 0.7681728601455688}"
2026-04-15T23:35:39.995329,cats,lcbench,126025,0,325,82.76058197021484,"{""OpenML_task_id"": ""189905"", ""batch_size"": 79, ""epoch"": 48, ""learning_rate"": 0.0011434086696713822, ""max_dropout"": 0.5307959623714384, ""max_units"": 140, ""momentum"": 0.7170215147490548, ""num_layers"": 5, ""weight_decay"": 0.07702505524525569}","{""time"": 82.76058197021484, ""val_accuracy"": 84.95692443847656, ""val_cross_entropy"": 0.6047090291976929, ""val_balanced_accuracy"": 0.576187014579773, ""test_cross_entropy"": 0.7092151641845703, ""test_balanced_accuracy"": 0.5761991143226624}"
2026-04-15T23:35:39.996329,cats,lcbench,126025,0,326,99.16792297363281,"{""OpenML_task_id"": ""34539"", ""batch_size"": 74, ""epoch"": 34, ""learning_rate"": 0.055045169197134286, ""max_dropout"": 0.9057198814163021, ""max_units"": 458, ""momentum"": 0.26172194788527603, ""num_layers"": 3, ""weight_decay"": 0.005116681989574447}","{""time"": 99.16792297363281, ""val_accuracy"": 82.70635986328125, ""val_cross_entropy"": 0.41046175360679626, ""val_balanced_accuracy"": 0.848232626914978, ""test_cross_entropy"": 0.5186969637870789, ""test_balanced_accuracy"": 0.838678240776062}"
2026-04-15T23:35:39.996329,cats,lcbench,126025,0,327,107.68534851074219,"{""OpenML_task_id"": ""189873"", ""batch_size"": 17, ""epoch"": 32, ""learning_rate"": 0.00010267583074435189, ""max_dropout"": 0.41423741440729445, ""max_units"": 383, ""momentum"": 0.40832988810265103, ""num_layers"": 2, ""weight_decay"": 0.017981205365639078}","{""time"": 107.68534851074219, ""val_accuracy"": 80.75688934326172, ""val_cross_entropy"": 0.3926711082458496, ""val_balanced_accuracy"": 0.8048954010009766, ""test_cross_entropy"": 0.5390875339508057, ""test_balanced_accuracy"": 0.8019440174102783}"
2026-04-15T23:35:39.997329,cats,lcbench,126025,0,328,26.308223724365234,"{""OpenML_task_id"": ""168868"", ""batch_size"": 16, ""epoch"": 8, ""learning_rate"": 0.008145983733147578, ""max_dropout"": 0.933411104612513, ""max_units"": 176, ""momentum"": 0.36375085684767927, ""num_layers"": 5, ""weight_decay"": 0.07082770478713718}","{""time"": 26.308223724365234, ""val_accuracy"": 85.17206573486328, ""val_cross_entropy"": 0.5076860785484314, ""val_balanced_accuracy"": 0.5918557643890381, ""test_cross_entropy"": 0.6550313234329224, ""test_balanced_accuracy"": 0.586068332195282}"
2026-04-15T23:35:39.997329,cats,lcbench,126025,0,329,8.887103080749512,"{""OpenML_task_id"": ""168868"", ""batch_size"": 24, ""epoch"": 2, ""learning_rate"": 0.0003683303268361361, ""max_dropout"": 0.470424115714035, ""max_units"": 82, ""momentum"": 0.21512000154004685, ""num_layers"": 2, ""weight_decay"": 0.05426605777369376}","{""time"": 8.887103080749512, ""val_accuracy"": 64.19163513183594, ""val_cross_entropy"": 0.6635683178901672, ""val_balanced_accuracy"": 0.6304876208305359, ""test_cross_entropy"": 0.6718782186508179, ""test_balanced_accuracy"": 0.6368376612663269}"
2026-04-15T23:35:40.000798,cats,lcbench,126025,0,330,71.3189468383789,"{""OpenML_task_id"": ""126029"", ""batch_size"": 67, ""epoch"": 35, ""learning_rate"": 0.000345031016091977, ""max_dropout"": 0.07445719117496563, ""max_units"": 335, ""momentum"": 0.7023018368845301, ""num_layers"": 2, ""weight_decay"": 0.0952196368515945}","{""time"": 71.3189468383789, ""val_accuracy"": 78.11193084716797, ""val_cross_entropy"": 0.4697115421295166, ""val_balanced_accuracy"": 0.8003258109092712, ""test_cross_entropy"": 0.5642887353897095, ""test_balanced_accuracy"": 0.7922806739807129}"
2026-04-15T23:35:40.001796,cats,lcbench,126025,0,331,13.614357948303223,"{""OpenML_task_id"": ""189906"", ""batch_size"": 25, ""epoch"": 3, ""learning_rate"": 0.026161118726224987, ""max_dropout"": 0.41725006241490525, ""max_units"": 373, ""momentum"": 0.9036229535749005, ""num_layers"": 2, ""weight_decay"": 0.034728046021496976}","{""time"": 13.614357948303223, ""val_accuracy"": 80.1339340209961, ""val_cross_entropy"": 0.5017363429069519, ""val_balanced_accuracy"": 0.7770247459411621, ""test_cross_entropy"": 0.5475694537162781, ""test_balanced_accuracy"": 0.7722391486167908}"
2026-04-15T23:35:40.002797,cats,lcbench,126025,0,332,59.59981155395508,"{""OpenML_task_id"": ""167201"", ""batch_size"": 60, ""epoch"": 11, ""learning_rate"": 0.00017009685442117954, ""max_dropout"": 0.020590631415590366, ""max_units"": 327, ""momentum"": 0.7960099168733197, ""num_layers"": 4, ""weight_decay"": 0.006295278909179085}","{""time"": 59.59981155395508, ""val_accuracy"": 81.70976257324219, ""val_cross_entropy"": 0.48602965474128723, ""val_balanced_accuracy"": 0.7931379675865173, ""test_cross_entropy"": 0.6017308235168457, ""test_balanced_accuracy"": 0.7907286882400513}"
2026-04-15T23:35:40.003799,cats,lcbench,126025,0,333,56.003475189208984,"{""OpenML_task_id"": ""126029"", ""batch_size"": 73, ""epoch"": 28, ""learning_rate"": 0.01963030453242102, ""max_dropout"": 0.4434267657845501, ""max_units"": 108, ""momentum"": 0.26410349073117834, ""num_layers"": 3, ""weight_decay"": 0.019098580587424904}","{""time"": 56.003475189208984, ""val_accuracy"": 78.1120834350586, ""val_cross_entropy"": 0.4067387878894806, ""val_balanced_accuracy"": 0.8183476328849792, ""test_cross_entropy"": 0.5248255729675293, ""test_balanced_accuracy"": 0.8052271008491516}"
2026-04-15T23:35:40.004799,cats,lcbench,126025,0,334,127.3515625,"{""OpenML_task_id"": ""167104"", ""batch_size"": 256, ""epoch"": 39, ""learning_rate"": 0.017135715192817584, ""max_dropout"": 0.3967257072013186, ""max_units"": 971, ""momentum"": 0.7275519019340219, ""num_layers"": 3, ""weight_decay"": 0.01510855613338689}","{""time"": 127.3515625, ""val_accuracy"": 82.12662506103516, ""val_cross_entropy"": 0.34903863072395325, ""val_balanced_accuracy"": 0.8430776000022888, ""test_cross_entropy"": 0.5107573866844177, ""test_balanced_accuracy"": 0.836296558380127}"
2026-04-15T23:35:40.004799,cats,lcbench,126025,0,335,76.65837860107422,"{""OpenML_task_id"": ""168329"", ""batch_size"": 49, ""epoch"": 37, ""learning_rate"": 0.0008752379437252188, ""max_dropout"": 0.5418093418063611, ""max_units"": 201, ""momentum"": 0.8682801571624085, ""num_layers"": 3, ""weight_decay"": 0.08751362495500256}","{""time"": 76.65837860107422, ""val_accuracy"": 79.85227966308594, ""val_cross_entropy"": 0.47942739725112915, ""val_balanced_accuracy"": 0.78376305103302, ""test_cross_entropy"": 0.56926429271698, ""test_balanced_accuracy"": 0.7790191769599915}"
2026-04-15T23:35:40.006306,cats,lcbench,126025,0,336,104.73883056640625,"{""OpenML_task_id"": ""167201"", ""batch_size"": 427, ""epoch"": 43, ""learning_rate"": 0.00041014368025607865, ""max_dropout"": 0.19327860624080395, ""max_units"": 202, ""momentum"": 0.6587836690815241, ""num_layers"": 5, ""weight_decay"": 0.08824321921005439}","{""time"": 104.73883056640625, ""val_accuracy"": 52.30371856689453, ""val_cross_entropy"": 0.6174193024635315, ""val_balanced_accuracy"": 0.6127281785011292, ""test_cross_entropy"": 0.6916705369949341, ""test_balanced_accuracy"": 0.6104523539543152}"
2026-04-15T23:35:40.006306,cats,lcbench,126025,0,337,73.20426940917969,"{""OpenML_task_id"": ""167104"", ""batch_size"": 50, ""epoch"": 10, ""learning_rate"": 0.029543724480414077, ""max_dropout"": 0.5310793444424421, ""max_units"": 493, ""momentum"": 0.8254653598374632, ""num_layers"": 4, ""weight_decay"": 0.07809772366609183}","{""time"": 73.20426940917969, ""val_accuracy"": 74.55056762695312, ""val_cross_entropy"": 0.5173906683921814, ""val_balanced_accuracy"": 0.756523072719574, ""test_cross_entropy"": 0.6001856923103333, ""test_balanced_accuracy"": 0.7492883205413818}"
2026-04-15T23:35:40.007312,cats,lcbench,126025,0,338,133.05215454101562,"{""OpenML_task_id"": ""189908"", ""batch_size"": 24, ""epoch"": 29, ""learning_rate"": 0.00013349639444997841, ""max_dropout"": 0.17602891315275349, ""max_units"": 258, ""momentum"": 0.8352397702753737, ""num_layers"": 3, ""weight_decay"": 0.04934349156561469}","{""time"": 133.05215454101562, ""val_accuracy"": 81.28167724609375, ""val_cross_entropy"": 0.39939358830451965, ""val_balanced_accuracy"": 0.8138009905815125, ""test_cross_entropy"": 0.536271333694458, ""test_balanced_accuracy"": 0.8073232173919678}"
2026-04-15T23:35:40.008313,cats,lcbench,126025,0,339,51.308292388916016,"{""OpenML_task_id"": ""189354"", ""batch_size"": 356, ""epoch"": 41, ""learning_rate"": 0.007079981238002201, ""max_dropout"": 0.7732765300902535, ""max_units"": 817, ""momentum"": 0.2931163303128789, ""num_layers"": 1, ""weight_decay"": 0.058733257508474655}","{""time"": 51.308292388916016, ""val_accuracy"": 77.58673858642578, ""val_cross_entropy"": 0.4759911298751831, ""val_balanced_accuracy"": 0.7766498923301697, ""test_cross_entropy"": 0.5703953504562378, ""test_balanced_accuracy"": 0.7769299149513245}"
2026-04-15T23:35:40.008313,cats,lcbench,126025,0,340,34.12562561035156,"{""OpenML_task_id"": ""168329"", ""batch_size"": 37, ""epoch"": 10, ""learning_rate"": 0.002656727260578026, ""max_dropout"": 0.788907909303301, ""max_units"": 301, ""momentum"": 0.295333439843823, ""num_layers"": 2, ""weight_decay"": 0.026801473668844982}","{""time"": 34.12562561035156, ""val_accuracy"": 79.26472473144531, ""val_cross_entropy"": 0.4241492450237274, ""val_balanced_accuracy"": 0.8090558052062988, ""test_cross_entropy"": 0.5465389490127563, ""test_balanced_accuracy"": 0.79842609167099}"
2026-04-15T23:35:40.009313,cats,lcbench,126025,0,341,57.77863311767578,"{""OpenML_task_id"": ""167104"", ""batch_size"": 62, ""epoch"": 34, ""learning_rate"": 0.003171954729318487, ""max_dropout"": 0.9404251232493854, ""max_units"": 288, ""momentum"": 0.2363801113280799, ""num_layers"": 2, ""weight_decay"": 0.06852449070506296}","{""time"": 57.77863311767578, ""val_accuracy"": 79.85197448730469, ""val_cross_entropy"": 0.44345250725746155, ""val_balanced_accuracy"": 0.8054667115211487, ""test_cross_entropy"": 0.5762456655502319, ""test_balanced_accuracy"": 0.7922731041908264}"
2026-04-15T23:35:40.010313,cats,lcbench,126025,0,342,39.50688552856445,"{""OpenML_task_id"": ""189906"", ""batch_size"": 243, ""epoch"": 17, ""learning_rate"": 0.002344267907621978, ""max_dropout"": 0.9575807354735677, ""max_units"": 278, ""momentum"": 0.39730223254453645, ""num_layers"": 2, ""weight_decay"": 0.010631459446200787}","{""time"": 39.50688552856445, ""val_accuracy"": 77.04508972167969, ""val_cross_entropy"": 0.4703373312950134, ""val_balanced_accuracy"": 0.791647732257843, ""test_cross_entropy"": 0.5863476991653442, ""test_balanced_accuracy"": 0.7873876094818115}"
2026-04-15T23:35:40.011313,cats,lcbench,126025,0,343,30.416336059570312,"{""OpenML_task_id"": ""167181"", ""batch_size"": 58, ""epoch"": 16, ""learning_rate"": 0.05536021786743345, ""max_dropout"": 0.5522153624257555, ""max_units"": 421, ""momentum"": 0.8664619352960471, ""num_layers"": 1, ""weight_decay"": 0.011968400753381419}","{""time"": 30.416336059570312, ""val_accuracy"": 76.07998657226562, ""val_cross_entropy"": 0.4576897621154785, ""val_balanced_accuracy"": 0.7944506406784058, ""test_cross_entropy"": 0.5397259593009949, ""test_balanced_accuracy"": 0.7820204496383667}"
2026-04-15T23:35:40.012313,cats,lcbench,126025,0,344,107.3311538696289,"{""OpenML_task_id"": ""189908"", ""batch_size"": 61, ""epoch"": 30, ""learning_rate"": 0.004944617069459996, ""max_dropout"": 0.21543372410383066, ""max_units"": 419, ""momentum"": 0.1917435814916714, ""num_layers"": 4, ""weight_decay"": 0.07386328674486164}","{""time"": 107.3311538696289, ""val_accuracy"": 82.65558624267578, ""val_cross_entropy"": 0.47012874484062195, ""val_balanced_accuracy"": 0.8043306469917297, ""test_cross_entropy"": 0.5663862824440002, ""test_balanced_accuracy"": 0.7967268228530884}"
2026-04-15T23:35:40.012313,cats,lcbench,126025,0,345,2564.766357421875,"{""OpenML_task_id"": ""146212"", ""batch_size"": 43, ""epoch"": 39, ""learning_rate"": 0.09644283953939098, ""max_dropout"": 0.8120454170754835, ""max_units"": 813, ""momentum"": 0.9430013274988447, ""num_layers"": 5, ""weight_decay"": 0.09001905027787226}","{""time"": 2564.766357421875, ""val_accuracy"": 74.20809936523438, ""val_cross_entropy"": 0.4563651978969574, ""val_balanced_accuracy"": 0.6929453611373901, ""test_cross_entropy"": 0.6278244256973267, ""test_balanced_accuracy"": 0.6835320591926575}"
2026-04-15T23:35:40.013312,cats,lcbench,126025,0,346,30.891849517822266,"{""OpenML_task_id"": ""167104"", ""batch_size"": 25, ""epoch"": 7, ""learning_rate"": 0.009301517700824834, ""max_dropout"": 0.4092146912740512, ""max_units"": 363, ""momentum"": 0.13117328086959693, ""num_layers"": 2, ""weight_decay"": 0.0009852702580573397}","{""time"": 30.891849517822266, ""val_accuracy"": 80.91569519042969, ""val_cross_entropy"": 0.387565016746521, ""val_balanced_accuracy"": 0.8118088245391846, ""test_cross_entropy"": 0.5091544389724731, ""test_balanced_accuracy"": 0.8043874502182007}"
2026-04-15T23:35:40.014313,cats,lcbench,126025,0,347,40.179019927978516,"{""OpenML_task_id"": ""167184"", ""batch_size"": 174, ""epoch"": 12, ""learning_rate"": 0.001370009776712183, ""max_dropout"": 0.9893775541889738, ""max_units"": 328, ""momentum"": 0.5085384310169148, ""num_layers"": 5, ""weight_decay"": 0.062186764428942665}","{""time"": 40.179019927978516, ""val_accuracy"": 71.03455352783203, ""val_cross_entropy"": 0.5504359006881714, ""val_balanced_accuracy"": 0.6430234313011169, ""test_cross_entropy"": 0.6546511650085449, ""test_balanced_accuracy"": 0.6389315128326416}"
2026-04-15T23:35:40.015313,cats,lcbench,126025,0,348,41.82310104370117,"{""OpenML_task_id"": ""189905"", ""batch_size"": 45, ""epoch"": 22, ""learning_rate"": 0.0032504251788318607, ""max_dropout"": 0.3014200233607801, ""max_units"": 296, ""momentum"": 0.28669595797097713, ""num_layers"": 1, ""weight_decay"": 0.02551444833476752}","{""time"": 41.82310104370117, ""val_accuracy"": 79.62384796142578, ""val_cross_entropy"": 0.44670894742012024, ""val_balanced_accuracy"": 0.8042125701904297, ""test_cross_entropy"": 0.5509250164031982, ""test_balanced_accuracy"": 0.7994348406791687}"
2026-04-15T23:35:40.015818,cats,lcbench,126025,0,349,15.792521476745605,"{""OpenML_task_id"": ""167181"", ""batch_size"": 54, ""epoch"": 9, ""learning_rate"": 0.005735107504863936, ""max_dropout"": 0.16049633792935092, ""max_units"": 126, ""momentum"": 0.5842250052332278, ""num_layers"": 3, ""weight_decay"": 0.0886464545375177}","{""time"": 15.792521476745605, ""val_accuracy"": 79.66607666015625, ""val_cross_entropy"": 0.4951649308204651, ""val_balanced_accuracy"": 0.7919875383377075, ""test_cross_entropy"": 0.5838727951049805, ""test_balanced_accuracy"": 0.7883328199386597}"
2026-04-15T23:35:40.016825,cats,lcbench,126025,0,350,56.51106262207031,"{""OpenML_task_id"": ""168908"", ""batch_size"": 41, ""epoch"": 41, ""learning_rate"": 0.0011415822442619233, ""max_dropout"": 0.389089246809339, ""max_units"": 92, ""momentum"": 0.48201695179749027, ""num_layers"": 3, ""weight_decay"": 0.08516287265355303}","{""time"": 56.51106262207031, ""val_accuracy"": 80.59593200683594, ""val_cross_entropy"": 0.5282286405563354, ""val_balanced_accuracy"": 0.7703369855880737, ""test_cross_entropy"": 0.5956684947013855, ""test_balanced_accuracy"": 0.7704913020133972}"
2026-04-15T23:35:40.017826,cats,lcbench,126025,0,351,22.773239135742188,"{""OpenML_task_id"": ""189873"", ""batch_size"": 174, ""epoch"": 7, ""learning_rate"": 0.0010909857738970658, ""max_dropout"": 0.9281005255778065, ""max_units"": 262, ""momentum"": 0.8091613854919252, ""num_layers"": 1, ""weight_decay"": 0.050498992241983065}","{""time"": 22.773239135742188, ""val_accuracy"": 76.85018920898438, ""val_cross_entropy"": 0.4859042763710022, ""val_balanced_accuracy"": 0.7728270888328552, ""test_cross_entropy"": 0.5826796293258667, ""test_balanced_accuracy"": 0.7696893215179443}"
2026-04-15T23:35:40.017826,cats,lcbench,126025,0,352,19.797439575195312,"{""OpenML_task_id"": ""168330"", ""batch_size"": 467, ""epoch"": 5, ""learning_rate"": 0.012023703906826881, ""max_dropout"": 0.877174257703597, ""max_units"": 258, ""momentum"": 0.46289314719119035, ""num_layers"": 5, ""weight_decay"": 0.07847648761825468}","{""time"": 19.797439575195312, ""val_accuracy"": 59.764747619628906, ""val_cross_entropy"": 0.5752243995666504, ""val_balanced_accuracy"": 0.6450982689857483, ""test_cross_entropy"": 0.6769677400588989, ""test_balanced_accuracy"": 0.6436406373977661}"
2026-04-15T23:35:40.018825,cats,lcbench,126025,0,353,8.01276969909668,"{""OpenML_task_id"": ""167190"", ""batch_size"": 504, ""epoch"": 2, ""learning_rate"": 0.04001871672697684, ""max_dropout"": 0.09319485413469408, ""max_units"": 82, ""momentum"": 0.6872113738771161, ""num_layers"": 3, ""weight_decay"": 0.06642323856595936}","{""time"": 8.01276969909668, ""val_accuracy"": 72.19613647460938, ""val_cross_entropy"": 0.5250780582427979, ""val_balanced_accuracy"": 0.7520028948783875, ""test_cross_entropy"": 0.6385499238967896, ""test_balanced_accuracy"": 0.7488697171211243}"
2026-04-15T23:35:40.019825,cats,lcbench,126025,0,354,61.547889709472656,"{""OpenML_task_id"": ""168868"", ""batch_size"": 225, ""epoch"": 36, ""learning_rate"": 0.0028620594369693883, ""max_dropout"": 0.6669084260877127, ""max_units"": 322, ""momentum"": 0.905539005327579, ""num_layers"": 2, ""weight_decay"": 0.07965023556608695}","{""time"": 61.547889709472656, ""val_accuracy"": 78.1222152709961, ""val_cross_entropy"": 0.4729689955711365, ""val_balanced_accuracy"": 0.8122208118438721, ""test_cross_entropy"": 0.558953046798706, ""test_balanced_accuracy"": 0.805916965007782}"
2026-04-15T23:35:40.020823,cats,lcbench,126025,0,355,53.92850112915039,"{""OpenML_task_id"": ""126025"", ""batch_size"": 18, ""epoch"": 8, ""learning_rate"": 0.004227831279835018, ""max_dropout"": 0.5753203111774758, ""max_units"": 446, ""momentum"": 0.20844520033689734, ""num_layers"": 4, ""weight_decay"": 0.05269100327372387}","{""time"": 53.92850112915039, ""val_accuracy"": 83.0804443359375, ""val_cross_entropy"": 0.4103723466396332, ""val_balanced_accuracy"": 0.8188894391059875, ""test_cross_entropy"": 0.5379962921142578, ""test_balanced_accuracy"": 0.8082429766654968}"
2026-04-15T23:35:40.020823,cats,lcbench,126025,0,356,67.23175811767578,"{""OpenML_task_id"": ""189906"", ""batch_size"": 176, ""epoch"": 43, ""learning_rate"": 0.0012493764543000177, ""max_dropout"": 0.7428275612454335, ""max_units"": 108, ""momentum"": 0.9765007378179519, ""num_layers"": 4, ""weight_decay"": 0.047177142916319886}","{""time"": 67.23175811767578, ""val_accuracy"": 80.24008178710938, ""val_cross_entropy"": 0.4519917964935303, ""val_balanced_accuracy"": 0.7434133291244507, ""test_cross_entropy"": 0.5960807800292969, ""test_balanced_accuracy"": 0.7441127300262451}"
2026-04-15T23:35:40.022326,cats,lcbench,126025,0,357,68.71965789794922,"{""OpenML_task_id"": ""126025"", ""batch_size"": 462, ""epoch"": 48, ""learning_rate"": 0.0010187063664573134, ""max_dropout"": 0.30662389381062727, ""max_units"": 64, ""momentum"": 0.1714820778773487, ""num_layers"": 1, ""weight_decay"": 0.0061164744077991315}","{""time"": 68.71965789794922, ""val_accuracy"": 75.61762237548828, ""val_cross_entropy"": 0.5390625, ""val_balanced_accuracy"": 0.7287521958351135, ""test_cross_entropy"": 0.608798623085022, ""test_balanced_accuracy"": 0.726905882358551}"
2026-04-15T23:35:40.022326,cats,lcbench,126025,0,358,161.3543243408203,"{""OpenML_task_id"": ""126025"", ""batch_size"": 355, ""epoch"": 40, ""learning_rate"": 0.0005782181036212878, ""max_dropout"": 0.028735649780098793, ""max_units"": 479, ""momentum"": 0.1030087343944801, ""num_layers"": 5, ""weight_decay"": 0.08416389491438216}","{""time"": 161.3543243408203, ""val_accuracy"": 56.97290802001953, ""val_cross_entropy"": 0.6165725588798523, ""val_balanced_accuracy"": 0.6910856366157532, ""test_cross_entropy"": 0.6861797571182251, ""test_balanced_accuracy"": 0.6893596649169922}"
2026-04-15T23:35:40.023329,cats,lcbench,126025,0,359,27.524200439453125,"{""OpenML_task_id"": ""167184"", ""batch_size"": 54, ""epoch"": 6, ""learning_rate"": 0.047914546276189005, ""max_dropout"": 0.1764435277690667, ""max_units"": 420, ""momentum"": 0.32669659219256586, ""num_layers"": 3, ""weight_decay"": 0.04158074074589143}","{""time"": 27.524200439453125, ""val_accuracy"": 78.79232025146484, ""val_cross_entropy"": 0.4184214770793915, ""val_balanced_accuracy"": 0.8136225342750549, ""test_cross_entropy"": 0.5401110649108887, ""test_balanced_accuracy"": 0.8018659949302673}"
2026-04-15T23:35:40.024329,cats,lcbench,126025,0,360,25.809001922607422,"{""OpenML_task_id"": ""3945"", ""batch_size"": 194, ""epoch"": 9, ""learning_rate"": 0.0014618312354863336, ""max_dropout"": 0.7475564565399269, ""max_units"": 269, ""momentum"": 0.963105546144339, ""num_layers"": 1, ""weight_decay"": 0.02138204615740967}","{""time"": 25.809001922607422, ""val_accuracy"": 79.59590911865234, ""val_cross_entropy"": 0.4416768550872803, ""val_balanced_accuracy"": 0.8017131090164185, ""test_cross_entropy"": 0.5557830333709717, ""test_balanced_accuracy"": 0.7985022068023682}"
2026-04-15T23:35:40.024329,cats,lcbench,126025,0,361,334.1222839355469,"{""OpenML_task_id"": ""167152"", ""batch_size"": 16, ""epoch"": 49, ""learning_rate"": 0.0005889648750177261, ""max_dropout"": 0.8045218386393246, ""max_units"": 331, ""momentum"": 0.8052229239602945, ""num_layers"": 4, ""weight_decay"": 0.004275761038752521}","{""time"": 334.1222839355469, ""val_accuracy"": 80.1730728149414, ""val_cross_entropy"": 0.3756953179836273, ""val_balanced_accuracy"": 0.8039165735244751, ""test_cross_entropy"": 0.5117741823196411, ""test_balanced_accuracy"": 0.7874326705932617}"
2026-04-15T23:35:40.025328,cats,lcbench,126025,0,362,135.67654418945312,"{""OpenML_task_id"": ""189908"", ""batch_size"": 26, ""epoch"": 36, ""learning_rate"": 0.0005017691593154258, ""max_dropout"": 0.29516739235226586, ""max_units"": 355, ""momentum"": 0.46093022618564117, ""num_layers"": 3, ""weight_decay"": 0.08882726972263365}","{""time"": 135.67654418945312, ""val_accuracy"": 78.57381439208984, ""val_cross_entropy"": 0.4881053864955902, ""val_balanced_accuracy"": 0.7805317640304565, ""test_cross_entropy"": 0.5658278465270996, ""test_balanced_accuracy"": 0.7764899134635925}"
2026-04-15T23:35:40.025328,cats,lcbench,126025,0,363,53.67052459716797,"{""OpenML_task_id"": ""167161"", ""batch_size"": 35, ""epoch"": 32, ""learning_rate"": 0.00204034678458562, ""max_dropout"": 0.4603624962180112, ""max_units"": 273, ""momentum"": 0.1868818227877384, ""num_layers"": 1, ""weight_decay"": 0.02479365132879385}","{""time"": 53.67052459716797, ""val_accuracy"": 80.46168518066406, ""val_cross_entropy"": 0.4469905197620392, ""val_balanced_accuracy"": 0.8063859939575195, ""test_cross_entropy"": 0.549824595451355, ""test_balanced_accuracy"": 0.8013278245925903}"
2026-04-15T23:35:40.026329,cats,lcbench,126025,0,364,23.732635498046875,"{""OpenML_task_id"": ""189909"", ""batch_size"": 32, ""epoch"": 6, ""learning_rate"": 0.0015167708802409868, ""max_dropout"": 0.46529296833393263, ""max_units"": 96, ""momentum"": 0.41594864831731737, ""num_layers"": 3, ""weight_decay"": 0.04981592690128886}","{""time"": 23.732635498046875, ""val_accuracy"": 79.84345245361328, ""val_cross_entropy"": 0.5196225643157959, ""val_balanced_accuracy"": 0.7852608561515808, ""test_cross_entropy"": 0.5904272198677063, ""test_balanced_accuracy"": 0.7832340598106384}"
2026-04-15T23:35:40.027329,cats,lcbench,126025,0,365,43.68890380859375,"{""OpenML_task_id"": ""167152"", ""batch_size"": 97, ""epoch"": 23, ""learning_rate"": 0.0013046570226827301, ""max_dropout"": 0.10254076415698266, ""max_units"": 109, ""momentum"": 0.7075302980079927, ""num_layers"": 4, ""weight_decay"": 0.08893897881285044}","{""time"": 43.68890380859375, ""val_accuracy"": 72.48049926757812, ""val_cross_entropy"": 0.6315466165542603, ""val_balanced_accuracy"": 0.5918874144554138, ""test_cross_entropy"": 0.6865246295928955, ""test_balanced_accuracy"": 0.596858561038971}"
2026-04-15T23:35:40.027329,cats,lcbench,126025,0,366,29.285419464111328,"{""OpenML_task_id"": ""126026"", ""batch_size"": 251, ""epoch"": 8, ""learning_rate"": 0.0006057612389607397, ""max_dropout"": 0.44126535087610586, ""max_units"": 82, ""momentum"": 0.7626367982835162, ""num_layers"": 1, ""weight_decay"": 0.07643415633521991}","{""time"": 29.285419464111328, ""val_accuracy"": 74.93562316894531, ""val_cross_entropy"": 0.5415780544281006, ""val_balanced_accuracy"": 0.7346724271774292, ""test_cross_entropy"": 0.6082489490509033, ""test_balanced_accuracy"": 0.7338951230049133}"
2026-04-15T23:35:40.028329,cats,lcbench,126025,0,367,303.11065673828125,"{""OpenML_task_id"": ""168910"", ""batch_size"": 64, ""epoch"": 47, ""learning_rate"": 0.015989781492970128, ""max_dropout"": 0.5864291449138461, ""max_units"": 486, ""momentum"": 0.9242778149970989, ""num_layers"": 5, ""weight_decay"": 0.031286748830419535}","{""time"": 303.11065673828125, ""val_accuracy"": 82.61964416503906, ""val_cross_entropy"": 0.3400801122188568, ""val_balanced_accuracy"": 0.7783018350601196, ""test_cross_entropy"": 0.5084095001220703, ""test_balanced_accuracy"": 0.7636500000953674}"
2026-04-15T23:35:40.029329,cats,lcbench,126025,0,368,10.578596115112305,"{""OpenML_task_id"": ""167190"", ""batch_size"": 186, ""epoch"": 4, ""learning_rate"": 0.0013428616957446762, ""max_dropout"": 0.6482545851364315, ""max_units"": 78, ""momentum"": 0.5844693600113594, ""num_layers"": 5, ""weight_decay"": 0.038078835564525425}","{""time"": 10.578596115112305, ""val_accuracy"": 58.75463104248047, ""val_cross_entropy"": 0.5948513746261597, ""val_balanced_accuracy"": 0.584139883518219, ""test_cross_entropy"": 0.6833096742630005, ""test_balanced_accuracy"": 0.5767983794212341}"
2026-04-15T23:35:40.029329,cats,lcbench,126025,0,369,184.3728485107422,"{""OpenML_task_id"": ""189865"", ""batch_size"": 178, ""epoch"": 47, ""learning_rate"": 0.00010885810690532085, ""max_dropout"": 0.8495181841840393, ""max_units"": 352, ""momentum"": 0.4630358017315218, ""num_layers"": 5, ""weight_decay"": 0.042237655609629235}","{""time"": 184.3728485107422, ""val_accuracy"": 47.092769622802734, ""val_cross_entropy"": 0.6344567537307739, ""val_balanced_accuracy"": 0.5670420527458191, ""test_cross_entropy"": 0.6908349990844727, ""test_balanced_accuracy"": 0.559192955493927}"
2026-04-15T23:35:40.030329,cats,lcbench,126025,0,370,86.09615325927734,"{""OpenML_task_id"": ""167190"", ""batch_size"": 323, ""epoch"": 28, ""learning_rate"": 0.013030088203932796, ""max_dropout"": 0.2700918632307677, ""max_units"": 349, ""momentum"": 0.8592015667325974, ""num_layers"": 3, ""weight_decay"": 0.017213433870769578}","{""time"": 86.09615325927734, ""val_accuracy"": 78.5372543334961, ""val_cross_entropy"": 0.42654865980148315, ""val_balanced_accuracy"": 0.8405166864395142, ""test_cross_entropy"": 0.5135011672973633, ""test_balanced_accuracy"": 0.8307972550392151}"
2026-04-15T23:35:40.031837,cats,lcbench,126025,0,371,29.18780517578125,"{""OpenML_task_id"": ""189906"", ""batch_size"": 50, ""epoch"": 7, ""learning_rate"": 0.0004460569415846185, ""max_dropout"": 0.6590695594069732, ""max_units"": 91, ""momentum"": 0.16233657724946188, ""num_layers"": 1, ""weight_decay"": 0.013263722976246103}","{""time"": 29.18780517578125, ""val_accuracy"": 75.72428131103516, ""val_cross_entropy"": 0.5010252594947815, ""val_balanced_accuracy"": 0.7382177710533142, ""test_cross_entropy"": 0.6049208641052246, ""test_balanced_accuracy"": 0.7345098853111267}"
2026-04-15T23:35:40.032846,cats,lcbench,126025,0,372,34.11725997924805,"{""OpenML_task_id"": ""189905"", ""batch_size"": 305, ""epoch"": 6, ""learning_rate"": 0.0023506042829683185, ""max_dropout"": 0.9089746878455213, ""max_units"": 169, ""momentum"": 0.9682146560233469, ""num_layers"": 4, ""weight_decay"": 0.017797668730571054}","{""time"": 34.11725997924805, ""val_accuracy"": 73.51554107666016, ""val_cross_entropy"": 0.5248972177505493, ""val_balanced_accuracy"": 0.7418085336685181, ""test_cross_entropy"": 0.6398259401321411, ""test_balanced_accuracy"": 0.7392773628234863}"
2026-04-15T23:35:40.033845,cats,lcbench,126025,0,373,56.26842498779297,"{""OpenML_task_id"": ""189909"", ""batch_size"": 79, ""epoch"": 18, ""learning_rate"": 0.0018487142833517802, ""max_dropout"": 0.2794008661726989, ""max_units"": 310, ""momentum"": 0.6812395082080711, ""num_layers"": 4, ""weight_decay"": 0.08443524275180812}","{""time"": 56.26842498779297, ""val_accuracy"": 80.23548889160156, ""val_cross_entropy"": 0.5274897813796997, ""val_balanced_accuracy"": 0.7523443102836609, ""test_cross_entropy"": 0.6182107925415039, ""test_balanced_accuracy"": 0.7498558759689331}"
2026-04-15T23:35:40.034845,cats,lcbench,126025,0,374,52.680450439453125,"{""OpenML_task_id"": ""126025"", ""batch_size"": 60, ""epoch"": 16, ""learning_rate"": 0.00012633612686981286, ""max_dropout"": 0.2634794952549935, ""max_units"": 433, ""momentum"": 0.5458506282957474, ""num_layers"": 2, ""weight_decay"": 0.07743392430247663}","{""time"": 52.680450439453125, ""val_accuracy"": 77.71530151367188, ""val_cross_entropy"": 0.4546408951282501, ""val_balanced_accuracy"": 0.7942506670951843, ""test_cross_entropy"": 0.5802242755889893, ""test_balanced_accuracy"": 0.7894492745399475}"
2026-04-15T23:35:40.035846,cats,lcbench,126025,0,375,54.91160202026367,"{""OpenML_task_id"": ""189905"", ""batch_size"": 94, ""epoch"": 33, ""learning_rate"": 0.00011983376768833821, ""max_dropout"": 0.9716816819258997, ""max_units"": 378, ""momentum"": 0.6519845435101487, ""num_layers"": 1, ""weight_decay"": 0.033600094041156554}","{""time"": 54.91160202026367, ""val_accuracy"": 75.06523132324219, ""val_cross_entropy"": 0.5336471199989319, ""val_balanced_accuracy"": 0.7350761294364929, ""test_cross_entropy"": 0.6028153896331787, ""test_balanced_accuracy"": 0.7308108806610107}"
2026-04-15T23:35:40.036845,cats,lcbench,126025,0,376,71.38727569580078,"{""OpenML_task_id"": ""189866"", ""batch_size"": 34, ""epoch"": 27, ""learning_rate"": 0.0005210102660172382, ""max_dropout"": 0.16826847338390905, ""max_units"": 78, ""momentum"": 0.4261928901278176, ""num_layers"": 3, ""weight_decay"": 0.030793480349622235}","{""time"": 71.38727569580078, ""val_accuracy"": 80.12690734863281, ""val_cross_entropy"": 0.4746326506137848, ""val_balanced_accuracy"": 0.7970125675201416, ""test_cross_entropy"": 0.5673699975013733, ""test_balanced_accuracy"": 0.7959081530570984}"
2026-04-15T23:35:40.036845,cats,lcbench,126025,0,377,39.66306686401367,"{""OpenML_task_id"": ""189354"", ""batch_size"": 19, ""epoch"": 9, ""learning_rate"": 0.00638852032199105, ""max_dropout"": 0.16519396773544037, ""max_units"": 332, ""momentum"": 0.5694381688844257, ""num_layers"": 2, ""weight_decay"": 0.0013448651109049929}","{""time"": 39.66306686401367, ""val_accuracy"": 82.49241638183594, ""val_cross_entropy"": 0.3876071274280548, ""val_balanced_accuracy"": 0.8176923394203186, ""test_cross_entropy"": 0.49519097805023193, ""test_balanced_accuracy"": 0.8100548386573792}"
2026-04-15T23:35:40.038352,cats,lcbench,126025,0,378,94.55780029296875,"{""OpenML_task_id"": ""189909"", ""batch_size"": 28, ""epoch"": 15, ""learning_rate"": 0.008728149293561834, ""max_dropout"": 0.3703003461919925, ""max_units"": 742, ""momentum"": 0.47021540742403023, ""num_layers"": 3, ""weight_decay"": 0.010789749214037294}","{""time"": 94.55780029296875, ""val_accuracy"": 79.9101791381836, ""val_cross_entropy"": 0.4227856397628784, ""val_balanced_accuracy"": 0.8186754584312439, ""test_cross_entropy"": 0.5139606595039368, ""test_balanced_accuracy"": 0.8084958791732788}"
2026-04-15T23:35:40.039360,cats,lcbench,126025,0,379,42.15637969970703,"{""OpenML_task_id"": ""168331"", ""batch_size"": 411, ""epoch"": 25, ""learning_rate"": 0.0008318596999815311, ""max_dropout"": 0.9500754717970781, ""max_units"": 344, ""momentum"": 0.4432489468074716, ""num_layers"": 1, ""weight_decay"": 0.09206529863498734}","{""time"": 42.15637969970703, ""val_accuracy"": 76.2463150024414, ""val_cross_entropy"": 0.5331292152404785, ""val_balanced_accuracy"": 0.7424964904785156, ""test_cross_entropy"": 0.6048696041107178, ""test_balanced_accuracy"": 0.7396821975708008}"
2026-04-15T23:35:40.039360,cats,lcbench,126025,0,380,85.55509948730469,"{""OpenML_task_id"": ""126026"", ""batch_size"": 134, ""epoch"": 35, ""learning_rate"": 0.007031633255354758, ""max_dropout"": 0.4255300119355908, ""max_units"": 329, ""momentum"": 0.40654926472123165, ""num_layers"": 4, ""weight_decay"": 0.05659501165142381}","{""time"": 85.55509948730469, ""val_accuracy"": 81.99858856201172, ""val_cross_entropy"": 0.43790146708488464, ""val_balanced_accuracy"": 0.818397581577301, ""test_cross_entropy"": 0.5526883602142334, ""test_balanced_accuracy"": 0.8103531002998352}"
2026-04-15T23:35:40.040360,cats,lcbench,126025,0,381,54.95762252807617,"{""OpenML_task_id"": ""3945"", ""batch_size"": 71, ""epoch"": 23, ""learning_rate"": 0.004699024379760536, ""max_dropout"": 0.5035138066472568, ""max_units"": 380, ""momentum"": 0.46797106750436146, ""num_layers"": 5, ""weight_decay"": 0.061810057944353146}","{""time"": 54.95762252807617, ""val_accuracy"": 87.2507553100586, ""val_cross_entropy"": 0.5051304697990417, ""val_balanced_accuracy"": 0.7607192397117615, ""test_cross_entropy"": 0.6247775554656982, ""test_balanced_accuracy"": 0.7608091831207275}"
2026-04-15T23:35:40.041360,cats,lcbench,126025,0,382,89.07195281982422,"{""OpenML_task_id"": ""167190"", ""batch_size"": 53, ""epoch"": 47, ""learning_rate"": 0.0008526285562037894, ""max_dropout"": 0.7869604437507725, ""max_units"": 887, ""momentum"": 0.7083428975943856, ""num_layers"": 2, ""weight_decay"": 0.07406314937342753}","{""time"": 89.07195281982422, ""val_accuracy"": 78.88751220703125, ""val_cross_entropy"": 0.4329988360404968, ""val_balanced_accuracy"": 0.8092719316482544, ""test_cross_entropy"": 0.5567305088043213, ""test_balanced_accuracy"": 0.8001365661621094}"
2026-04-15T23:35:40.042360,cats,lcbench,126025,0,383,36.4627571105957,"{""OpenML_task_id"": ""34539"", ""batch_size"": 507, ""epoch"": 16, ""learning_rate"": 0.0009072510277679394, ""max_dropout"": 0.19718987449406988, ""max_units"": 825, ""momentum"": 0.3968989861984721, ""num_layers"": 1, ""weight_decay"": 0.031145120593735854}","{""time"": 36.4627571105957, ""val_accuracy"": 70.93368530273438, ""val_cross_entropy"": 0.5819366574287415, ""val_balanced_accuracy"": 0.687920093536377, ""test_cross_entropy"": 0.6246402263641357, ""test_balanced_accuracy"": 0.6847168803215027}"
2026-04-15T23:35:40.043360,cats,lcbench,126025,0,384,47.58087158203125,"{""OpenML_task_id"": ""167161"", ""batch_size"": 480, ""epoch"": 31, ""learning_rate"": 0.0019721562989330325, ""max_dropout"": 0.2291875206403513, ""max_units"": 199, ""momentum"": 0.5354334730233948, ""num_layers"": 1, ""weight_decay"": 0.013909350048733341}","{""time"": 47.58087158203125, ""val_accuracy"": 77.87584686279297, ""val_cross_entropy"": 0.5110853314399719, ""val_balanced_accuracy"": 0.7689893841743469, ""test_cross_entropy"": 0.5786464214324951, ""test_balanced_accuracy"": 0.7675401568412781}"
2026-04-15T23:35:40.043360,cats,lcbench,126025,0,385,126.05191802978516,"{""OpenML_task_id"": ""189354"", ""batch_size"": 135, ""epoch"": 42, ""learning_rate"": 0.0006501842062129746, ""max_dropout"": 0.48011197676330464, ""max_units"": 244, ""momentum"": 0.6540313255509673, ""num_layers"": 3, ""weight_decay"": 0.009160281061813555}","{""time"": 126.05191802978516, ""val_accuracy"": 77.75651550292969, ""val_cross_entropy"": 0.4590955078601837, ""val_balanced_accuracy"": 0.8019883632659912, ""test_cross_entropy"": 0.5552008152008057, ""test_balanced_accuracy"": 0.8003929853439331}"
2026-04-15T23:35:40.044359,cats,lcbench,126025,0,386,30.207164764404297,"{""OpenML_task_id"": ""167149"", ""batch_size"": 76, ""epoch"": 13, ""learning_rate"": 0.06016300219564785, ""max_dropout"": 0.10421460438015662, ""max_units"": 238, ""momentum"": 0.3851474986548199, ""num_layers"": 1, ""weight_decay"": 0.0784420301552203}","{""time"": 30.207164764404297, ""val_accuracy"": 76.0699691772461, ""val_cross_entropy"": 0.4805803596973419, ""val_balanced_accuracy"": 0.7848057150840759, ""test_cross_entropy"": 0.5646148324012756, ""test_balanced_accuracy"": 0.7728034853935242}"
2026-04-15T23:35:40.045358,cats,lcbench,126025,0,387,228.34608459472656,"{""OpenML_task_id"": ""34539"", ""batch_size"": 31, ""epoch"": 40, ""learning_rate"": 0.00048652332916591766, ""max_dropout"": 0.08557133909968817, ""max_units"": 413, ""momentum"": 0.5491777890018775, ""num_layers"": 3, ""weight_decay"": 0.011550166410469985}","{""time"": 228.34608459472656, ""val_accuracy"": 80.32337951660156, ""val_cross_entropy"": 0.3896345794200897, ""val_balanced_accuracy"": 0.8103268146514893, ""test_cross_entropy"": 0.5215227603912354, ""test_balanced_accuracy"": 0.8051119446754456}"
2026-04-15T23:35:40.045358,cats,lcbench,126025,0,388,170.01258850097656,"{""OpenML_task_id"": ""189354"", ""batch_size"": 31, ""epoch"": 37, ""learning_rate"": 0.040625447567435344, ""max_dropout"": 0.15600602787964624, ""max_units"": 486, ""momentum"": 0.4485925464523697, ""num_layers"": 3, ""weight_decay"": 0.06175341200683838}","{""time"": 170.01258850097656, ""val_accuracy"": 78.93341827392578, ""val_cross_entropy"": 0.438818097114563, ""val_balanced_accuracy"": 0.8095945715904236, ""test_cross_entropy"": 0.565918505191803, ""test_balanced_accuracy"": 0.7988418936729431}"
2026-04-15T23:35:40.047409,cats,lcbench,126025,0,389,77.08926391601562,"{""OpenML_task_id"": ""168335"", ""batch_size"": 33, ""epoch"": 52, ""learning_rate"": 0.03167719243514349, ""max_dropout"": 0.28510636049503113, ""max_units"": 83, ""momentum"": 0.7886783435183438, ""num_layers"": 3, ""weight_decay"": 0.011659425385624008}","{""time"": 77.08926391601562, ""val_accuracy"": 86.05745697021484, ""val_cross_entropy"": 0.37004974484443665, ""val_balanced_accuracy"": 0.8484316468238831, ""test_cross_entropy"": 0.5230716466903687, ""test_balanced_accuracy"": 0.8288346529006958}"
2026-04-15T23:35:40.047409,cats,lcbench,126025,0,390,120.73758697509766,"{""OpenML_task_id"": ""167200"", ""batch_size"": 42, ""epoch"": 26, ""learning_rate"": 0.025148711048690934, ""max_dropout"": 0.18029457321404185, ""max_units"": 899, ""momentum"": 0.1352814606814153, ""num_layers"": 3, ""weight_decay"": 0.03193526324429665}","{""time"": 120.73758697509766, ""val_accuracy"": 80.61930084228516, ""val_cross_entropy"": 0.3711091876029968, ""val_balanced_accuracy"": 0.8226999640464783, ""test_cross_entropy"": 0.5254181623458862, ""test_balanced_accuracy"": 0.810867965221405}"
2026-04-15T23:35:40.048413,cats,lcbench,126025,0,391,103.6511459350586,"{""OpenML_task_id"": ""146212"", ""batch_size"": 241, ""epoch"": 43, ""learning_rate"": 0.00017379863114460518, ""max_dropout"": 0.5732432337000822, ""max_units"": 147, ""momentum"": 0.8445188814199045, ""num_layers"": 3, ""weight_decay"": 0.02798351042097653}","{""time"": 103.6511459350586, ""val_accuracy"": 77.44879150390625, ""val_cross_entropy"": 0.5398003458976746, ""val_balanced_accuracy"": 0.7951828241348267, ""test_cross_entropy"": 0.6308185458183289, ""test_balanced_accuracy"": 0.7965049743652344}"
2026-04-15T23:35:40.049412,cats,lcbench,126025,0,392,28.401325225830078,"{""OpenML_task_id"": ""168330"", ""batch_size"": 401, ""epoch"": 24, ""learning_rate"": 0.0001609406901169851, ""max_dropout"": 0.503805183838809, ""max_units"": 386, ""momentum"": 0.13308330846326366, ""num_layers"": 2, ""weight_decay"": 0.09361165784635525}","{""time"": 28.401325225830078, ""val_accuracy"": 69.39314270019531, ""val_cross_entropy"": 0.6211597323417664, ""val_balanced_accuracy"": 0.7162302732467651, ""test_cross_entropy"": 0.6504886150360107, ""test_balanced_accuracy"": 0.7188510894775391}"
2026-04-15T23:35:40.050412,cats,lcbench,126025,0,393,17.8856201171875,"{""OpenML_task_id"": ""167152"", ""batch_size"": 23, ""epoch"": 10, ""learning_rate"": 0.010524575382215282, ""max_dropout"": 0.042287111640622266, ""max_units"": 66, ""momentum"": 0.9137519091628878, ""num_layers"": 4, ""weight_decay"": 0.01823063745511666}","{""time"": 17.8856201171875, ""val_accuracy"": 78.04268646240234, ""val_cross_entropy"": 0.4104422330856323, ""val_balanced_accuracy"": 0.7895968556404114, ""test_cross_entropy"": 0.5140018463134766, ""test_balanced_accuracy"": 0.7681962847709656}"
2026-04-15T23:35:40.050412,cats,lcbench,126025,0,394,80.0148696899414,"{""OpenML_task_id"": ""126026"", ""batch_size"": 453, ""epoch"": 44, ""learning_rate"": 0.00026149065862336913, ""max_dropout"": 0.670423903394159, ""max_units"": 138, ""momentum"": 0.7162818720774022, ""num_layers"": 3, ""weight_decay"": 0.023775156040497195}","{""time"": 80.0148696899414, ""val_accuracy"": 70.51443481445312, ""val_cross_entropy"": 0.6349047422409058, ""val_balanced_accuracy"": 0.7321293354034424, ""test_cross_entropy"": 0.6758952140808105, ""test_balanced_accuracy"": 0.731998085975647}"
2026-04-15T23:35:40.051412,cats,lcbench,126025,0,395,19.571537017822266,"{""OpenML_task_id"": ""168910"", ""batch_size"": 82, ""epoch"": 4, ""learning_rate"": 0.05192643542499281, ""max_dropout"": 0.27582389388315576, ""max_units"": 111, ""momentum"": 0.20576255756377754, ""num_layers"": 1, ""weight_decay"": 0.03734379241426643}","{""time"": 19.571537017822266, ""val_accuracy"": 79.45272064208984, ""val_cross_entropy"": 0.436946839094162, ""val_balanced_accuracy"": 0.797646701335907, ""test_cross_entropy"": 0.5465099811553955, ""test_balanced_accuracy"": 0.7929836511611938}"
2026-04-15T23:35:40.052412,cats,lcbench,126025,0,396,110.67369842529297,"{""OpenML_task_id"": ""189873"", ""batch_size"": 20, ""epoch"": 49, ""learning_rate"": 0.06427754006625591, ""max_dropout"": 0.6566931743482826, ""max_units"": 874, ""momentum"": 0.9123518357311027, ""num_layers"": 2, ""weight_decay"": 0.04543108700833161}","{""time"": 110.67369842529297, ""val_accuracy"": 79.88945007324219, ""val_cross_entropy"": 0.3917863368988037, ""val_balanced_accuracy"": 0.8137590885162354, ""test_cross_entropy"": 0.5576964616775513, ""test_balanced_accuracy"": 0.8023051023483276}"
2026-04-15T23:35:40.052412,cats,lcbench,126025,0,397,63.90733337402344,"{""OpenML_task_id"": ""168335"", ""batch_size"": 121, ""epoch"": 42, ""learning_rate"": 0.009050175652476605, ""max_dropout"": 0.293047577058951, ""max_units"": 260, ""momentum"": 0.25403377263526006, ""num_layers"": 2, ""weight_decay"": 0.05393791907409729}","{""time"": 63.90733337402344, ""val_accuracy"": 79.91170501708984, ""val_cross_entropy"": 0.4379672408103943, ""val_balanced_accuracy"": 0.8113057613372803, ""test_cross_entropy"": 0.5481600761413574, ""test_balanced_accuracy"": 0.8023356795310974}"
2026-04-15T23:35:40.053412,cats,lcbench,126025,0,398,38.09149932861328,"{""OpenML_task_id"": ""126026"", ""batch_size"": 437, ""epoch"": 24, ""learning_rate"": 0.0001827830405999937, ""max_dropout"": 0.005568402977015441, ""max_units"": 843, ""momentum"": 0.5945630752050108, ""num_layers"": 2, ""weight_decay"": 0.08337416531019767}","{""time"": 38.09149932861328, ""val_accuracy"": 78.58789825439453, ""val_cross_entropy"": 0.45974084734916687, ""val_balanced_accuracy"": 0.7949356436729431, ""test_cross_entropy"": 0.5868589878082275, ""test_balanced_accuracy"": 0.7907242178916931}"
2026-04-15T23:35:40.054412,cats,lcbench,126025,0,399,61.79052734375,"{""OpenML_task_id"": ""189866"", ""batch_size"": 216, ""epoch"": 24, ""learning_rate"": 0.002112610880974634, ""max_dropout"": 0.33002952316207956, ""max_units"": 163, ""momentum"": 0.5426032536405935, ""num_layers"": 4, ""weight_decay"": 0.024007399092616514}","{""time"": 61.79052734375, ""val_accuracy"": 77.60124969482422, ""val_cross_entropy"": 0.49510839581489563, ""val_balanced_accuracy"": 0.8012666702270508, ""test_cross_entropy"": 0.6043686866760254, ""test_balanced_accuracy"": 0.7975767254829407}"
2026-04-15T23:35:40.054915,cats,lcbench,126025,0,400,13.209961891174316,"{""OpenML_task_id"": ""167152"", ""batch_size"": 26, ""epoch"": 12, ""learning_rate"": 0.01274383422878734, ""max_dropout"": 0.3492721619932535, ""max_units"": 79, ""momentum"": 0.5516816861060796, ""num_layers"": 5, ""weight_decay"": 0.022956436357338506}","{""time"": 13.209961891174316, ""val_accuracy"": 85.68925476074219, ""val_cross_entropy"": 0.3430077135562897, ""val_balanced_accuracy"": 0.7906774282455444, ""test_cross_entropy"": 0.5236415863037109, ""test_balanced_accuracy"": 0.7781904935836792}"
2026-04-15T23:35:40.055918,cats,lcbench,126025,0,401,44.92440414428711,"{""OpenML_task_id"": ""189905"", ""batch_size"": 56, ""epoch"": 32, ""learning_rate"": 0.047198325847814006, ""max_dropout"": 0.933334479134485, ""max_units"": 64, ""momentum"": 0.33261590727987334, ""num_layers"": 5, ""weight_decay"": 0.05210999870648801}","{""time"": 44.92440414428711, ""val_accuracy"": 84.51312255859375, ""val_cross_entropy"": 0.47294020652770996, ""val_balanced_accuracy"": 0.586554765701294, ""test_cross_entropy"": 0.6575000286102295, ""test_balanced_accuracy"": 0.5773718953132629}"
2026-04-15T23:35:40.055918,cats,lcbench,126025,0,402,42.67930603027344,"{""OpenML_task_id"": ""167152"", ""batch_size"": 205, ""epoch"": 13, ""learning_rate"": 0.0029680403028939147, ""max_dropout"": 0.33368763518836086, ""max_units"": 316, ""momentum"": 0.9370096536392765, ""num_layers"": 2, ""weight_decay"": 0.09147155277725551}","{""time"": 42.67930603027344, ""val_accuracy"": 77.44200134277344, ""val_cross_entropy"": 0.4952070415019989, ""val_balanced_accuracy"": 0.8058170676231384, ""test_cross_entropy"": 0.5593631267547607, ""test_balanced_accuracy"": 0.7983331680297852}"
2026-04-15T23:35:40.056918,cats,lcbench,126025,0,403,71.46397399902344,"{""OpenML_task_id"": ""189905"", ""batch_size"": 41, ""epoch"": 41, ""learning_rate"": 0.07665741462942294, ""max_dropout"": 0.5480467555660731, ""max_units"": 213, ""momentum"": 0.4144922903355458, ""num_layers"": 5, ""weight_decay"": 0.015095906581892506}","{""time"": 71.46397399902344, ""val_accuracy"": 83.96298217773438, ""val_cross_entropy"": 0.29540565609931946, ""val_balanced_accuracy"": 0.8046621084213257, ""test_cross_entropy"": 0.49300992488861084, ""test_balanced_accuracy"": 0.7745447754859924}"
2026-04-15T23:35:40.057918,cats,lcbench,126025,0,404,34.34455871582031,"{""OpenML_task_id"": ""189873"", ""batch_size"": 27, ""epoch"": 16, ""learning_rate"": 0.0013519677171353738, ""max_dropout"": 0.6919721338092674, ""max_units"": 130, ""momentum"": 0.4730045544127406, ""num_layers"": 3, ""weight_decay"": 0.08117489349875943}","{""time"": 34.34455871582031, ""val_accuracy"": 80.63990783691406, ""val_cross_entropy"": 0.5129802227020264, ""val_balanced_accuracy"": 0.7816625237464905, ""test_cross_entropy"": 0.5884512066841125, ""test_balanced_accuracy"": 0.7784978151321411}"
2026-04-15T23:35:40.057918,cats,lcbench,126025,0,405,40.219459533691406,"{""OpenML_task_id"": ""189905"", ""batch_size"": 124, ""epoch"": 21, ""learning_rate"": 0.0023716028689893206, ""max_dropout"": 0.7306508337779728, ""max_units"": 154, ""momentum"": 0.8492885474022029, ""num_layers"": 3, ""weight_decay"": 0.05689751078848606}","{""time"": 40.219459533691406, ""val_accuracy"": 78.5007095336914, ""val_cross_entropy"": 0.44131410121917725, ""val_balanced_accuracy"": 0.8130516409873962, ""test_cross_entropy"": 0.5524849891662598, ""test_balanced_accuracy"": 0.8068951964378357}"
2026-04-15T23:35:40.058918,cats,lcbench,126025,0,406,34.596954345703125,"{""OpenML_task_id"": ""167104"", ""batch_size"": 18, ""epoch"": 15, ""learning_rate"": 0.07345290968041884, ""max_dropout"": 0.0036933556076496066, ""max_units"": 264, ""momentum"": 0.21793526282543899, ""num_layers"": 1, ""weight_decay"": 0.08095223540714308}","{""time"": 34.596954345703125, ""val_accuracy"": 77.24962615966797, ""val_cross_entropy"": 0.47511768341064453, ""val_balanced_accuracy"": 0.7834208011627197, ""test_cross_entropy"": 0.5600217580795288, ""test_balanced_accuracy"": 0.7702341675758362}"
2026-04-15T23:35:40.058918,cats,lcbench,126025,0,407,51.43518829345703,"{""OpenML_task_id"": ""126029"", ""batch_size"": 231, ""epoch"": 23, ""learning_rate"": 0.00041264078461313524, ""max_dropout"": 0.19287247654710915, ""max_units"": 611, ""momentum"": 0.11718945869309781, ""num_layers"": 2, ""weight_decay"": 0.016164405462973257}","{""time"": 51.43518829345703, ""val_accuracy"": 78.80059051513672, ""val_cross_entropy"": 0.43378907442092896, ""val_balanced_accuracy"": 0.7938023209571838, ""test_cross_entropy"": 0.5714094638824463, ""test_balanced_accuracy"": 0.7899327874183655}"
2026-04-15T23:35:40.059918,cats,lcbench,126025,0,408,68.39334869384766,"{""OpenML_task_id"": ""146212"", ""batch_size"": 297, ""epoch"": 44, ""learning_rate"": 0.00015817921148519203, ""max_dropout"": 0.9050349139061099, ""max_units"": 374, ""momentum"": 0.6438503287151347, ""num_layers"": 2, ""weight_decay"": 0.09442048597792418}","{""time"": 68.39334869384766, ""val_accuracy"": 78.35276794433594, ""val_cross_entropy"": 0.5433814525604248, ""val_balanced_accuracy"": 0.7880170941352844, ""test_cross_entropy"": 0.6239149570465088, ""test_balanced_accuracy"": 0.7899207472801208}"
2026-04-15T23:35:40.060918,cats,lcbench,126025,0,409,69.74319458007812,"{""OpenML_task_id"": ""167104"", ""batch_size"": 23, ""epoch"": 43, ""learning_rate"": 0.03942836567470565, ""max_dropout"": 0.01805625922162002, ""max_units"": 138, ""momentum"": 0.8926328989473674, ""num_layers"": 1, ""weight_decay"": 0.0885609968819652}","{""time"": 69.74319458007812, ""val_accuracy"": 76.8629379272461, ""val_cross_entropy"": 0.4902951717376709, ""val_balanced_accuracy"": 0.7728668451309204, ""test_cross_entropy"": 0.5679062604904175, ""test_balanced_accuracy"": 0.7618373036384583}"
2026-04-15T23:35:40.060918,cats,lcbench,126025,0,410,11.773656845092773,"{""OpenML_task_id"": ""167168"", ""batch_size"": 51, ""epoch"": 4, ""learning_rate"": 0.003682171605661332, ""max_dropout"": 0.5405034873497386, ""max_units"": 118, ""momentum"": 0.9286855758954424, ""num_layers"": 4, ""weight_decay"": 0.08716785293672762}","{""time"": 11.773656845092773, ""val_accuracy"": 66.62916564941406, ""val_cross_entropy"": 0.6341525316238403, ""val_balanced_accuracy"": 0.5541929602622986, ""test_cross_entropy"": 0.6823952198028564, ""test_balanced_accuracy"": 0.556330144405365}"
2026-04-15T23:35:40.061918,cats,lcbench,126025,0,411,64.34799194335938,"{""OpenML_task_id"": ""3945"", ""batch_size"": 269, ""epoch"": 46, ""learning_rate"": 0.0025645572515017364, ""max_dropout"": 0.315231669288342, ""max_units"": 65, ""momentum"": 0.9751041114723616, ""num_layers"": 4, ""weight_decay"": 0.05270740448981435}","{""time"": 64.34799194335938, ""val_accuracy"": 78.53620147705078, ""val_cross_entropy"": 0.4458550214767456, ""val_balanced_accuracy"": 0.7309433221817017, ""test_cross_entropy"": 0.5847350358963013, ""test_balanced_accuracy"": 0.7308290004730225}"
2026-04-15T23:35:40.061918,cats,lcbench,126025,0,412,29.02883529663086,"{""OpenML_task_id"": ""189909"", ""batch_size"": 24, ""epoch"": 14, ""learning_rate"": 0.0011934634865491387, ""max_dropout"": 0.6775439187443208, ""max_units"": 72, ""momentum"": 0.7909709542344097, ""num_layers"": 3, ""weight_decay"": 0.04462689803761504}","{""time"": 29.02883529663086, ""val_accuracy"": 81.75933074951172, ""val_cross_entropy"": 0.4215001165866852, ""val_balanced_accuracy"": 0.814983069896698, ""test_cross_entropy"": 0.5444794297218323, ""test_balanced_accuracy"": 0.8081104159355164}"
2026-04-15T23:35:40.063422,cats,lcbench,126025,0,413,129.92713928222656,"{""OpenML_task_id"": ""167104"", ""batch_size"": 77, ""epoch"": 50, ""learning_rate"": 0.00228029783759359, ""max_dropout"": 0.19967062645956202, ""max_units"": 421, ""momentum"": 0.12098347988557688, ""num_layers"": 5, ""weight_decay"": 0.08370817557003671}","{""time"": 129.92713928222656, ""val_accuracy"": 87.51809692382812, ""val_cross_entropy"": 0.56546950340271, ""val_balanced_accuracy"": 0.7341905832290649, ""test_cross_entropy"": 0.6646303534507751, ""test_balanced_accuracy"": 0.7354898452758789}"
2026-04-15T23:35:40.065427,cats,lcbench,126025,0,414,115.2712631225586,"{""OpenML_task_id"": ""167104"", ""batch_size"": 18, ""epoch"": 40, ""learning_rate"": 0.000490989957192608, ""max_dropout"": 0.764974479687132, ""max_units"": 313, ""momentum"": 0.6942898105656602, ""num_layers"": 3, ""weight_decay"": 0.08434941823952773}","{""time"": 115.2712631225586, ""val_accuracy"": 80.37211608886719, ""val_cross_entropy"": 0.4781716763973236, ""val_balanced_accuracy"": 0.7842714786529541, ""test_cross_entropy"": 0.5710498094558716, ""test_balanced_accuracy"": 0.7791662812232971}"
2026-04-15T23:35:40.065427,cats,lcbench,126025,0,415,91.13716125488281,"{""OpenML_task_id"": ""168910"", ""batch_size"": 22, ""epoch"": 35, ""learning_rate"": 0.0010562529428304738, ""max_dropout"": 0.4635086577985795, ""max_units"": 189, ""momentum"": 0.979002536583603, ""num_layers"": 4, ""weight_decay"": 0.08667563141055348}","{""time"": 91.13716125488281, ""val_accuracy"": 75.83760070800781, ""val_cross_entropy"": 0.5403038263320923, ""val_balanced_accuracy"": 0.5568535327911377, ""test_cross_entropy"": 0.6396300792694092, ""test_balanced_accuracy"": 0.5589061379432678}"
2026-04-15T23:35:40.066929,cats,lcbench,126025,0,416,56.38416290283203,"{""OpenML_task_id"": ""189905"", ""batch_size"": 71, ""epoch"": 10, ""learning_rate"": 0.00016774047539780577, ""max_dropout"": 0.1485264097266673, ""max_units"": 529, ""momentum"": 0.16474578729572356, ""num_layers"": 3, ""weight_decay"": 0.05798991329777894}","{""time"": 56.38416290283203, ""val_accuracy"": 75.83586120605469, ""val_cross_entropy"": 0.5969887375831604, ""val_balanced_accuracy"": 0.770713210105896, ""test_cross_entropy"": 0.6477166414260864, ""test_balanced_accuracy"": 0.7689599990844727}"
2026-04-15T23:35:40.067933,cats,lcbench,126025,0,417,28.450130462646484,"{""OpenML_task_id"": ""7593"", ""batch_size"": 29, ""epoch"": 6, ""learning_rate"": 0.0009655267116396033, ""max_dropout"": 0.7398304284003351, ""max_units"": 764, ""momentum"": 0.7483792675021907, ""num_layers"": 2, ""weight_decay"": 0.002668173609085922}","{""time"": 28.450130462646484, ""val_accuracy"": 80.31295776367188, ""val_cross_entropy"": 0.3998816907405853, ""val_balanced_accuracy"": 0.8015341758728027, ""test_cross_entropy"": 0.527378499507904, ""test_balanced_accuracy"": 0.7931500673294067}"
2026-04-15T23:35:40.068933,cats,lcbench,126025,0,418,33.422813415527344,"{""OpenML_task_id"": ""126029"", ""batch_size"": 397, ""epoch"": 7, ""learning_rate"": 0.008894916468237646, ""max_dropout"": 0.4077101183227907, ""max_units"": 596, ""momentum"": 0.875863473355718, ""num_layers"": 5, ""weight_decay"": 0.07667385957032301}","{""time"": 33.422813415527344, ""val_accuracy"": 77.39666748046875, ""val_cross_entropy"": 0.5195547342300415, ""val_balanced_accuracy"": 0.7643757462501526, ""test_cross_entropy"": 0.6394028663635254, ""test_balanced_accuracy"": 0.7640506625175476}"
2026-04-15T23:35:40.068933,cats,lcbench,126025,0,419,51.40590286254883,"{""OpenML_task_id"": ""126029"", ""batch_size"": 309, ""epoch"": 35, ""learning_rate"": 0.002540313003736019, ""max_dropout"": 0.11254148743832515, ""max_units"": 139, ""momentum"": 0.2800630174065641, ""num_layers"": 1, ""weight_decay"": 0.018045148695436077}","{""time"": 51.40590286254883, ""val_accuracy"": 78.56332397460938, ""val_cross_entropy"": 0.48242178559303284, ""val_balanced_accuracy"": 0.7791855931282043, ""test_cross_entropy"": 0.5716196298599243, ""test_balanced_accuracy"": 0.778508186340332}"
2026-04-15T23:35:40.070436,cats,lcbench,126025,0,420,83.77017211914062,"{""OpenML_task_id"": ""167190"", ""batch_size"": 82, ""epoch"": 23, ""learning_rate"": 0.0038318660949991598, ""max_dropout"": 0.6325689303016173, ""max_units"": 504, ""momentum"": 0.67725826318191, ""num_layers"": 5, ""weight_decay"": 0.06336272442285654}","{""time"": 83.77017211914062, ""val_accuracy"": 86.67948913574219, ""val_cross_entropy"": 0.46185457706451416, ""val_balanced_accuracy"": 0.7767535448074341, ""test_cross_entropy"": 0.6074181795120239, ""test_balanced_accuracy"": 0.7756624221801758}"
2026-04-15T23:35:40.071017,cats,lcbench,126025,0,421,48.714576721191406,"{""OpenML_task_id"": ""167149"", ""batch_size"": 38, ""epoch"": 25, ""learning_rate"": 0.05884794987447626, ""max_dropout"": 0.11089262907800923, ""max_units"": 491, ""momentum"": 0.22417794079886288, ""num_layers"": 2, ""weight_decay"": 0.04509799228809974}","{""time"": 48.714576721191406, ""val_accuracy"": 78.90029907226562, ""val_cross_entropy"": 0.3997378349304199, ""val_balanced_accuracy"": 0.819622278213501, ""test_cross_entropy"": 0.5435914993286133, ""test_balanced_accuracy"": 0.808261513710022}"
2026-04-15T23:35:40.072019,cats,lcbench,126025,0,422,91.30589294433594,"{""OpenML_task_id"": ""189906"", ""batch_size"": 22, ""epoch"": 33, ""learning_rate"": 0.021050812201240894, ""max_dropout"": 0.8028316853311918, ""max_units"": 78, ""momentum"": 0.29573364511186495, ""num_layers"": 3, ""weight_decay"": 0.003001577395978291}","{""time"": 91.30589294433594, ""val_accuracy"": 79.492431640625, ""val_cross_entropy"": 0.41988372802734375, ""val_balanced_accuracy"": 0.8191971778869629, ""test_cross_entropy"": 0.5103124380111694, ""test_balanced_accuracy"": 0.808775007724762}"
2026-04-15T23:35:40.072019,cats,lcbench,126025,0,423,26.146465301513672,"{""OpenML_task_id"": ""189905"", ""batch_size"": 271, ""epoch"": 6, ""learning_rate"": 0.0013231098653565662, ""max_dropout"": 0.5027159962090131, ""max_units"": 145, ""momentum"": 0.6130877362546953, ""num_layers"": 2, ""weight_decay"": 0.08224240722764439}","{""time"": 26.146465301513672, ""val_accuracy"": 74.7385025024414, ""val_cross_entropy"": 0.5322948098182678, ""val_balanced_accuracy"": 0.7697480320930481, ""test_cross_entropy"": 0.615627646446228, ""test_balanced_accuracy"": 0.7701137065887451}"
2026-04-15T23:35:40.073020,cats,lcbench,126025,0,424,16.85092544555664,"{""OpenML_task_id"": ""34539"", ""batch_size"": 138, ""epoch"": 2, ""learning_rate"": 0.0026900263555737825, ""max_dropout"": 0.3327068465346449, ""max_units"": 314, ""momentum"": 0.7532492329725924, ""num_layers"": 1, ""weight_decay"": 0.05877509064076843}","{""time"": 16.85092544555664, ""val_accuracy"": 73.60505676269531, ""val_cross_entropy"": 0.5866851210594177, ""val_balanced_accuracy"": 0.7093198895454407, ""test_cross_entropy"": 0.6200867891311646, ""test_balanced_accuracy"": 0.7122237682342529}"
2026-04-15T23:35:40.074020,cats,lcbench,126025,0,425,369.8988037109375,"{""OpenML_task_id"": ""167168"", ""batch_size"": 17, ""epoch"": 50, ""learning_rate"": 0.00024843650047243334, ""max_dropout"": 0.7080580547052169, ""max_units"": 648, ""momentum"": 0.4355537492545155, ""num_layers"": 5, ""weight_decay"": 0.061448609010132625}","{""time"": 369.8988037109375, ""val_accuracy"": 87.0801773071289, ""val_cross_entropy"": 0.5347774624824524, ""val_balanced_accuracy"": 0.8067551851272583, ""test_cross_entropy"": 0.6436670422554016, ""test_balanced_accuracy"": 0.8003945350646973}"
2026-04-15T23:35:40.075020,cats,lcbench,126025,0,426,80.61588287353516,"{""OpenML_task_id"": ""3945"", ""batch_size"": 17, ""epoch"": 48, ""learning_rate"": 0.03178951077093942, ""max_dropout"": 0.47074686365425167, ""max_units"": 177, ""momentum"": 0.3766014368188981, ""num_layers"": 1, ""weight_decay"": 0.09988897186018292}","{""time"": 80.61588287353516, ""val_accuracy"": 78.00503540039062, ""val_cross_entropy"": 0.4854470193386078, ""val_balanced_accuracy"": 0.7831160426139832, ""test_cross_entropy"": 0.5663682222366333, ""test_balanced_accuracy"": 0.771828293800354}"
2026-04-15T23:35:40.075020,cats,lcbench,126025,0,427,105.37191772460938,"{""OpenML_task_id"": ""168331"", ""batch_size"": 63, ""epoch"": 30, ""learning_rate"": 0.04203472226164955, ""max_dropout"": 0.6259020163935248, ""max_units"": 430, ""momentum"": 0.18628752214189281, ""num_layers"": 5, ""weight_decay"": 0.03302065361587169}","{""time"": 105.37191772460938, ""val_accuracy"": 83.54859161376953, ""val_cross_entropy"": 0.3070431053638458, ""val_balanced_accuracy"": 0.8270643949508667, ""test_cross_entropy"": 0.5043834447860718, ""test_balanced_accuracy"": 0.8159754276275635}"
2026-04-15T23:35:40.076020,cats,lcbench,126025,0,428,53.34282302856445,"{""OpenML_task_id"": ""167168"", ""batch_size"": 185, ""epoch"": 39, ""learning_rate"": 0.017875935304590446, ""max_dropout"": 0.9013517050725786, ""max_units"": 138, ""momentum"": 0.5690923601301359, ""num_layers"": 1, ""weight_decay"": 0.09691920490362671}","{""time"": 53.34282302856445, ""val_accuracy"": 75.450927734375, ""val_cross_entropy"": 0.5135073661804199, ""val_balanced_accuracy"": 0.7863205075263977, ""test_cross_entropy"": 0.5732917189598083, ""test_balanced_accuracy"": 0.7789612412452698}"
2026-04-15T23:35:40.077020,cats,lcbench,126025,0,429,87.00255584716797,"{""OpenML_task_id"": ""189906"", ""batch_size"": 27, ""epoch"": 37, ""learning_rate"": 0.0013180901294931064, ""max_dropout"": 0.3297901348435246, ""max_units"": 75, ""momentum"": 0.234119337028714, ""num_layers"": 3, ""weight_decay"": 0.03341299240209177}","{""time"": 87.00255584716797, ""val_accuracy"": 79.67367553710938, ""val_cross_entropy"": 0.44759368896484375, ""val_balanced_accuracy"": 0.7924590110778809, ""test_cross_entropy"": 0.5490971803665161, ""test_balanced_accuracy"": 0.7892038822174072}"
2026-04-15T23:35:40.077020,cats,lcbench,126025,0,430,35.400169372558594,"{""OpenML_task_id"": ""167184"", ""batch_size"": 442, ""epoch"": 20, ""learning_rate"": 0.04201863293710268, ""max_dropout"": 0.41768125653551136, ""max_units"": 185, ""momentum"": 0.8433527902879911, ""num_layers"": 3, ""weight_decay"": 0.04252216935889253}","{""time"": 35.400169372558594, ""val_accuracy"": 80.7402572631836, ""val_cross_entropy"": 0.3872978389263153, ""val_balanced_accuracy"": 0.8467794060707092, ""test_cross_entropy"": 0.5270118713378906, ""test_balanced_accuracy"": 0.8414871692657471}"
2026-04-15T23:35:40.078020,cats,lcbench,126025,0,431,71.40679931640625,"{""OpenML_task_id"": ""189862"", ""batch_size"": 270, ""epoch"": 35, ""learning_rate"": 0.01519617269806138, ""max_dropout"": 0.020802814521014623, ""max_units"": 179, ""momentum"": 0.6821096294270925, ""num_layers"": 4, ""weight_decay"": 0.08168775129816294}","{""time"": 71.40679931640625, ""val_accuracy"": 71.8302230834961, ""val_cross_entropy"": 0.5719443559646606, ""val_balanced_accuracy"": 0.6445964574813843, ""test_cross_entropy"": 0.6327221393585205, ""test_balanced_accuracy"": 0.6458554267883301}"
2026-04-15T23:35:40.078020,cats,lcbench,126025,0,432,8.956826210021973,"{""OpenML_task_id"": ""167161"", ""batch_size"": 99, ""epoch"": 1, ""learning_rate"": 0.00010476333883795414, ""max_dropout"": 0.8548945267667357, ""max_units"": 374, ""momentum"": 0.7239886198128905, ""num_layers"": 3, ""weight_decay"": 0.057714262935328255}","{""time"": 8.956826210021973, ""val_accuracy"": 46.107452392578125, ""val_cross_entropy"": 0.598942220211029, ""val_balanced_accuracy"": 0.48616525530815125, ""test_cross_entropy"": 0.6877021789550781, ""test_balanced_accuracy"": 0.4947980046272278}"
2026-04-15T23:35:40.079522,cats,lcbench,126025,0,433,126.34475708007812,"{""OpenML_task_id"": ""167184"", ""batch_size"": 45, ""epoch"": 20, ""learning_rate"": 0.00014714163441920661, ""max_dropout"": 0.14825261284567193, ""max_units"": 358, ""momentum"": 0.24244694780442136, ""num_layers"": 4, ""weight_decay"": 0.027195056919205186}","{""time"": 126.34475708007812, ""val_accuracy"": 75.9415283203125, ""val_cross_entropy"": 0.6061446070671082, ""val_balanced_accuracy"": 0.7507274150848389, ""test_cross_entropy"": 0.6716398000717163, ""test_balanced_accuracy"": 0.7514551877975464}"
2026-04-15T23:35:40.080526,cats,lcbench,126025,0,434,121.20055389404297,"{""OpenML_task_id"": ""168329"", ""batch_size"": 89, ""epoch"": 22, ""learning_rate"": 0.0006844018819251824, ""max_dropout"": 0.012602241047055318, ""max_units"": 441, ""momentum"": 0.9486476641789504, ""num_layers"": 4, ""weight_decay"": 0.022801219177485853}","{""time"": 121.20055389404297, ""val_accuracy"": 82.50028228759766, ""val_cross_entropy"": 0.33594200015068054, ""val_balanced_accuracy"": 0.832572340965271, ""test_cross_entropy"": 0.5072612762451172, ""test_balanced_accuracy"": 0.8183460831642151}"
2026-04-15T23:35:40.081526,cats,lcbench,126025,0,435,28.604915618896484,"{""OpenML_task_id"": ""126025"", ""batch_size"": 249, ""epoch"": 8, ""learning_rate"": 0.05236793914225161, ""max_dropout"": 0.26887772428688295, ""max_units"": 533, ""momentum"": 0.4198805394928411, ""num_layers"": 2, ""weight_decay"": 0.007128676581586187}","{""time"": 28.604915618896484, ""val_accuracy"": 80.55443572998047, ""val_cross_entropy"": 0.3954065442085266, ""val_balanced_accuracy"": 0.8099173903465271, ""test_cross_entropy"": 0.5177936553955078, ""test_balanced_accuracy"": 0.8051626086235046}"
2026-04-15T23:35:40.081526,cats,lcbench,126025,0,436,51.991580963134766,"{""OpenML_task_id"": ""126026"", ""batch_size"": 165, ""epoch"": 31, ""learning_rate"": 0.008005079606287636, ""max_dropout"": 0.6036456951802736, ""max_units"": 260, ""momentum"": 0.24087036397590042, ""num_layers"": 3, ""weight_decay"": 0.09394119315501633}","{""time"": 51.991580963134766, ""val_accuracy"": 78.24464416503906, ""val_cross_entropy"": 0.4728354215621948, ""val_balanced_accuracy"": 0.7945855259895325, ""test_cross_entropy"": 0.5767130851745605, ""test_balanced_accuracy"": 0.7938417196273804}"
2026-04-15T23:35:40.082525,cats,lcbench,126025,0,437,57.237579345703125,"{""OpenML_task_id"": ""167149"", ""batch_size"": 89, ""epoch"": 27, ""learning_rate"": 0.00020625184000048466, ""max_dropout"": 0.34866837841068554, ""max_units"": 106, ""momentum"": 0.6502612312130645, ""num_layers"": 1, ""weight_decay"": 0.0717009658080275}","{""time"": 57.237579345703125, ""val_accuracy"": 77.91893768310547, ""val_cross_entropy"": 0.505189061164856, ""val_balanced_accuracy"": 0.7595405578613281, ""test_cross_entropy"": 0.5903896689414978, ""test_balanced_accuracy"": 0.7590814232826233}"
2026-04-15T23:35:40.083525,cats,lcbench,126025,0,438,110.20794677734375,"{""OpenML_task_id"": ""189862"", ""batch_size"": 23, ""epoch"": 51, ""learning_rate"": 0.0008229880777006932, ""max_dropout"": 0.1974439062563801, ""max_units"": 134, ""momentum"": 0.8403502822906915, ""num_layers"": 3, ""weight_decay"": 0.07399981045994058}","{""time"": 110.20794677734375, ""val_accuracy"": 80.26487731933594, ""val_cross_entropy"": 0.4683869779109955, ""val_balanced_accuracy"": 0.7712308764457703, ""test_cross_entropy"": 0.5611860156059265, ""test_balanced_accuracy"": 0.766640305519104}"
2026-04-15T23:35:40.083525,cats,lcbench,126025,0,439,169.05877685546875,"{""OpenML_task_id"": ""167190"", ""batch_size"": 16, ""epoch"": 18, ""learning_rate"": 0.0019150885526349763, ""max_dropout"": 0.009749671977589691, ""max_units"": 869, ""momentum"": 0.1564778739394147, ""num_layers"": 4, ""weight_decay"": 0.08006704183810659}","{""time"": 169.05877685546875, ""val_accuracy"": 81.45829772949219, ""val_cross_entropy"": 0.4512498676776886, ""val_balanced_accuracy"": 0.7955757975578308, ""test_cross_entropy"": 0.550089955329895, ""test_balanced_accuracy"": 0.7846291065216064}"
2026-04-15T23:35:40.084525,cats,lcbench,126025,0,440,48.27113342285156,"{""OpenML_task_id"": ""3945"", ""batch_size"": 16, ""epoch"": 9, ""learning_rate"": 0.00010197693640590293, ""max_dropout"": 0.9955548794524058, ""max_units"": 329, ""momentum"": 0.5501814836791692, ""num_layers"": 5, ""weight_decay"": 0.008952392724002712}","{""time"": 48.27113342285156, ""val_accuracy"": 67.5439224243164, ""val_cross_entropy"": 0.5837832093238831, ""val_balanced_accuracy"": 0.5753787755966187, ""test_cross_entropy"": 0.6655519008636475, ""test_balanced_accuracy"": 0.565908670425415}"
2026-04-15T23:35:40.084525,cats,lcbench,126025,0,441,30.940654754638672,"{""OpenML_task_id"": ""167185"", ""batch_size"": 22, ""epoch"": 18, ""learning_rate"": 0.08201030142429258, ""max_dropout"": 0.8115013181219342, ""max_units"": 81, ""momentum"": 0.2395810383612547, ""num_layers"": 2, ""weight_decay"": 0.07809445005761464}","{""time"": 30.940654754638672, ""val_accuracy"": 76.89373016357422, ""val_cross_entropy"": 0.4585621953010559, ""val_balanced_accuracy"": 0.7844136357307434, ""test_cross_entropy"": 0.576507568359375, ""test_balanced_accuracy"": 0.774345338344574}"
2026-04-15T23:35:40.086029,cats,lcbench,126025,0,442,58.60834503173828,"{""OpenML_task_id"": ""189862"", ""batch_size"": 200, ""epoch"": 34, ""learning_rate"": 0.0004750306932413252, ""max_dropout"": 0.6595255234061874, ""max_units"": 100, ""momentum"": 0.6315915216409517, ""num_layers"": 3, ""weight_decay"": 0.02982175551510528}","{""time"": 58.60834503173828, ""val_accuracy"": 75.76776885986328, ""val_cross_entropy"": 0.5815903544425964, ""val_balanced_accuracy"": 0.777739405632019, ""test_cross_entropy"": 0.6436446905136108, ""test_balanced_accuracy"": 0.7801299095153809}"
2026-04-15T23:35:40.087034,cats,lcbench,126025,0,443,9.737730026245117,"{""OpenML_task_id"": ""189909"", ""batch_size"": 277, ""epoch"": 3, ""learning_rate"": 0.0031975632401901656, ""max_dropout"": 0.6971879249397982, ""max_units"": 102, ""momentum"": 0.21110668687179335, ""num_layers"": 5, ""weight_decay"": 0.06104897407468065}","{""time"": 9.737730026245117, ""val_accuracy"": 58.22605514526367, ""val_cross_entropy"": 0.5709393620491028, ""val_balanced_accuracy"": 0.5889347195625305, ""test_cross_entropy"": 0.6731891632080078, ""test_balanced_accuracy"": 0.5814553499221802}"
2026-04-15T23:35:40.088033,cats,lcbench,126025,0,444,7.566539287567139,"{""OpenML_task_id"": ""167104"", ""batch_size"": 23, ""epoch"": 1, ""learning_rate"": 0.034071036583355446, ""max_dropout"": 0.8337055926815962, ""max_units"": 514, ""momentum"": 0.9366389655475149, ""num_layers"": 2, ""weight_decay"": 0.007103407690252164}","{""time"": 7.566539287567139, ""val_accuracy"": 42.38884735107422, ""val_cross_entropy"": 1.0013400316238403, ""val_balanced_accuracy"": 0.48988765478134155, ""test_cross_entropy"": 0.6843199729919434, ""test_balanced_accuracy"": 0.5067956447601318}"
2026-04-15T23:35:40.089033,cats,lcbench,126025,0,445,31.90005111694336,"{""OpenML_task_id"": ""189873"", ""batch_size"": 482, ""epoch"": 12, ""learning_rate"": 0.0404020494198073, ""max_dropout"": 0.9426612176217023, ""max_units"": 130, ""momentum"": 0.18689829223682838, ""num_layers"": 2, ""weight_decay"": 0.03118621716391066}","{""time"": 31.90005111694336, ""val_accuracy"": 79.70984649658203, ""val_cross_entropy"": 0.4569910168647766, ""val_balanced_accuracy"": 0.8197208046913147, ""test_cross_entropy"": 0.5660603642463684, ""test_balanced_accuracy"": 0.8129709959030151}"
2026-04-15T23:35:40.090033,cats,lcbench,126025,0,446,17.94837188720703,"{""OpenML_task_id"": ""168910"", ""batch_size"": 420, ""epoch"": 5, ""learning_rate"": 0.014661736973823438, ""max_dropout"": 0.9530214525041546, ""max_units"": 626, ""momentum"": 0.7609211195252227, ""num_layers"": 1, ""weight_decay"": 0.03552562486245961}","{""time"": 17.94837188720703, ""val_accuracy"": 79.10462951660156, ""val_cross_entropy"": 0.4664890170097351, ""val_balanced_accuracy"": 0.7928187847137451, ""test_cross_entropy"": 0.5627996921539307, ""test_balanced_accuracy"": 0.7948992848396301}"
2026-04-15T23:35:40.091033,cats,lcbench,126025,0,447,88.27710723876953,"{""OpenML_task_id"": ""189354"", ""batch_size"": 22, ""epoch"": 32, ""learning_rate"": 0.0013086987280632363, ""max_dropout"": 0.9522589898059378, ""max_units"": 136, ""momentum"": 0.6984262694927176, ""num_layers"": 3, ""weight_decay"": 0.014619215662801034}","{""time"": 88.27710723876953, ""val_accuracy"": 76.8081283569336, ""val_cross_entropy"": 0.4687640964984894, ""val_balanced_accuracy"": 0.777192234992981, ""test_cross_entropy"": 0.559912919998169, ""test_balanced_accuracy"": 0.7672327756881714}"
2026-04-15T23:35:40.091033,cats,lcbench,126025,0,448,38.752479553222656,"{""OpenML_task_id"": ""167181"", ""batch_size"": 164, ""epoch"": 19, ""learning_rate"": 0.040611353616272286, ""max_dropout"": 0.5963159858669503, ""max_units"": 189, ""momentum"": 0.33079173364768666, ""num_layers"": 1, ""weight_decay"": 0.0886884993332448}","{""time"": 38.752479553222656, ""val_accuracy"": 76.14299011230469, ""val_cross_entropy"": 0.4875350594520569, ""val_balanced_accuracy"": 0.791711151599884, ""test_cross_entropy"": 0.5699093341827393, ""test_balanced_accuracy"": 0.7849599123001099}"
2026-04-15T23:35:40.092033,cats,lcbench,126025,0,449,192.7940673828125,"{""OpenML_task_id"": ""168868"", ""batch_size"": 23, ""epoch"": 26, ""learning_rate"": 0.00010861156834432471, ""max_dropout"": 0.21338290817038919, ""max_units"": 720, ""momentum"": 0.9852783125187601, ""num_layers"": 5, ""weight_decay"": 0.059112783423955005}","{""time"": 192.7940673828125, ""val_accuracy"": 84.31733703613281, ""val_cross_entropy"": 0.4105655550956726, ""val_balanced_accuracy"": 0.8031395077705383, ""test_cross_entropy"": 0.5515852570533752, ""test_balanced_accuracy"": 0.7944536805152893}"
2026-04-15T23:35:40.093033,cats,lcbench,126025,0,450,48.62533187866211,"{""OpenML_task_id"": ""3945"", ""batch_size"": 496, ""epoch"": 35, ""learning_rate"": 0.001478210107621935, ""max_dropout"": 0.2440982854752607, ""max_units"": 100, ""momentum"": 0.13632668700106448, ""num_layers"": 2, ""weight_decay"": 0.047097221938872384}","{""time"": 48.62533187866211, ""val_accuracy"": 73.48918151855469, ""val_cross_entropy"": 0.5335433483123779, ""val_balanced_accuracy"": 0.7591625452041626, ""test_cross_entropy"": 0.6149861812591553, ""test_balanced_accuracy"": 0.7591538429260254}"
2026-04-15T23:35:40.094033,cats,lcbench,126025,0,451,203.22190856933594,"{""OpenML_task_id"": ""167201"", ""batch_size"": 16, ""epoch"": 47, ""learning_rate"": 0.04836301985267389, ""max_dropout"": 0.8581128644995458, ""max_units"": 234, ""momentum"": 0.36214126339512176, ""num_layers"": 5, ""weight_decay"": 0.0598052932960397}","{""time"": 203.22190856933594, ""val_accuracy"": 84.62958526611328, ""val_cross_entropy"": 0.44226977229118347, ""val_balanced_accuracy"": 0.5985777378082275, ""test_cross_entropy"": 0.6548489332199097, ""test_balanced_accuracy"": 0.593661367893219}"
2026-04-15T23:35:40.094033,cats,lcbench,126025,0,452,89.56140899658203,"{""OpenML_task_id"": ""167152"", ""batch_size"": 41, ""epoch"": 48, ""learning_rate"": 0.002920885230526596, ""max_dropout"": 0.832829953046821, ""max_units"": 73, ""momentum"": 0.41896277199689136, ""num_layers"": 5, ""weight_decay"": 0.09905846493414884}","{""time"": 89.56140899658203, ""val_accuracy"": 87.10177612304688, ""val_cross_entropy"": 0.5460203289985657, ""val_balanced_accuracy"": 0.5654554963111877, ""test_cross_entropy"": 0.6731311082839966, ""test_balanced_accuracy"": 0.5612381100654602}"
2026-04-15T23:35:40.095535,cats,lcbench,126025,0,453,20.074939727783203,"{""OpenML_task_id"": ""167152"", ""batch_size"": 388, ""epoch"": 3, ""learning_rate"": 0.035604057082645316, ""max_dropout"": 0.5663788270223324, ""max_units"": 503, ""momentum"": 0.8879871768699721, ""num_layers"": 2, ""weight_decay"": 0.08158634057210454}","{""time"": 20.074939727783203, ""val_accuracy"": 80.53446197509766, ""val_cross_entropy"": 0.4766518771648407, ""val_balanced_accuracy"": 0.8167648911476135, ""test_cross_entropy"": 0.560032308101654, ""test_balanced_accuracy"": 0.815547525882721}"
2026-04-15T23:35:40.096539,cats,lcbench,126025,0,454,149.44973754882812,"{""OpenML_task_id"": ""167185"", ""batch_size"": 30, ""epoch"": 38, ""learning_rate"": 0.0002572834726869836, ""max_dropout"": 0.11844488499314954, ""max_units"": 263, ""momentum"": 0.5057701508582845, ""num_layers"": 4, ""weight_decay"": 0.048549419806364104}","{""time"": 149.44973754882812, ""val_accuracy"": 82.70541381835938, ""val_cross_entropy"": 0.4830126464366913, ""val_balanced_accuracy"": 0.7887238264083862, ""test_cross_entropy"": 0.5926003456115723, ""test_balanced_accuracy"": 0.7847712635993958}"
2026-04-15T23:35:40.096539,cats,lcbench,126025,0,455,197.1155242919922,"{""OpenML_task_id"": ""167149"", ""batch_size"": 22, ""epoch"": 40, ""learning_rate"": 0.00010512132429201304, ""max_dropout"": 0.01770250567904097, ""max_units"": 366, ""momentum"": 0.7971990413675116, ""num_layers"": 4, ""weight_decay"": 0.06642708559842193}","{""time"": 197.1155242919922, ""val_accuracy"": 82.4225845336914, ""val_cross_entropy"": 0.445448100566864, ""val_balanced_accuracy"": 0.7797624468803406, ""test_cross_entropy"": 0.5696346759796143, ""test_balanced_accuracy"": 0.7742257118225098}"
2026-04-15T23:35:40.097539,cats,lcbench,126025,0,456,23.357524871826172,"{""OpenML_task_id"": ""167168"", ""batch_size"": 33, ""epoch"": 8, ""learning_rate"": 0.003493545667779444, ""max_dropout"": 0.9532613453755446, ""max_units"": 146, ""momentum"": 0.9705142756972766, ""num_layers"": 5, ""weight_decay"": 0.01095936632549383}","{""time"": 23.357524871826172, ""val_accuracy"": 84.3990707397461, ""val_cross_entropy"": 0.24295541644096375, ""val_balanced_accuracy"": 0.7770247459411621, ""test_cross_entropy"": 0.5044379830360413, ""test_balanced_accuracy"": 0.7558250427246094}"
2026-04-15T23:35:40.098539,cats,lcbench,126025,0,457,53.06671905517578,"{""OpenML_task_id"": ""167104"", ""batch_size"": 22, ""epoch"": 36, ""learning_rate"": 0.0444172266059165, ""max_dropout"": 0.008286998135222934, ""max_units"": 109, ""momentum"": 0.537299333818994, ""num_layers"": 1, ""weight_decay"": 0.00172985646404854}","{""time"": 53.06671905517578, ""val_accuracy"": 77.08198547363281, ""val_cross_entropy"": 0.3976775109767914, ""val_balanced_accuracy"": 0.8079886436462402, ""test_cross_entropy"": 0.5138034224510193, ""test_balanced_accuracy"": 0.7970079779624939}"
2026-04-15T23:35:40.098539,cats,lcbench,126025,0,458,54.684303283691406,"{""OpenML_task_id"": ""167149"", ""batch_size"": 395, ""epoch"": 29, ""learning_rate"": 0.0014127958625756978, ""max_dropout"": 0.5075273476660166, ""max_units"": 87, ""momentum"": 0.47421374082855927, ""num_layers"": 3, ""weight_decay"": 0.016608604885186753}","{""time"": 54.684303283691406, ""val_accuracy"": 74.94120025634766, ""val_cross_entropy"": 0.5744660496711731, ""val_balanced_accuracy"": 0.7756979465484619, ""test_cross_entropy"": 0.648695170879364, ""test_balanced_accuracy"": 0.7794412970542908}"
2026-04-15T23:35:40.099539,cats,lcbench,126025,0,459,40.1176643371582,"{""OpenML_task_id"": ""167181"", ""batch_size"": 140, ""epoch"": 31, ""learning_rate"": 0.03844741350218702, ""max_dropout"": 0.6600233395416051, ""max_units"": 69, ""momentum"": 0.2921864846456186, ""num_layers"": 4, ""weight_decay"": 0.06758635156059398}","{""time"": 40.1176643371582, ""val_accuracy"": 65.50353240966797, ""val_cross_entropy"": 0.6059760451316833, ""val_balanced_accuracy"": 0.5698437094688416, ""test_cross_entropy"": 0.6585565209388733, ""test_balanced_accuracy"": 0.5686601996421814}"
2026-04-15T23:35:40.100539,cats,lcbench,126025,0,460,794.72705078125,"{""OpenML_task_id"": ""126026"", ""batch_size"": 21, ""epoch"": 27, ""learning_rate"": 0.016113084726210623, ""max_dropout"": 0.33963221410015876, ""max_units"": 745, ""momentum"": 0.9582610423752328, ""num_layers"": 5, ""weight_decay"": 0.06583370008653378}","{""time"": 794.72705078125, ""val_accuracy"": 84.08350372314453, ""val_cross_entropy"": 0.4450216591358185, ""val_balanced_accuracy"": 0.7800986766815186, ""test_cross_entropy"": 0.5766206979751587, ""test_balanced_accuracy"": 0.7760279774665833}"
2026-04-15T23:35:40.100539,cats,lcbench,126025,0,461,60.283103942871094,"{""OpenML_task_id"": ""7593"", ""batch_size"": 201, ""epoch"": 34, ""learning_rate"": 0.0004906962624893061, ""max_dropout"": 0.3363686356050528, ""max_units"": 420, ""momentum"": 0.8935195270069022, ""num_layers"": 1, ""weight_decay"": 0.0926805630465794}","{""time"": 60.283103942871094, ""val_accuracy"": 78.20510864257812, ""val_cross_entropy"": 0.5126277804374695, ""val_balanced_accuracy"": 0.7755189538002014, ""test_cross_entropy"": 0.5748767852783203, ""test_balanced_accuracy"": 0.7759346961975098}"
2026-04-15T23:35:40.100539,cats,lcbench,126025,0,462,32.29468536376953,"{""OpenML_task_id"": ""189908"", ""batch_size"": 39, ""epoch"": 9, ""learning_rate"": 0.06697867216865704, ""max_dropout"": 0.08307153212013663, ""max_units"": 262, ""momentum"": 0.9589451890650524, ""num_layers"": 2, ""weight_decay"": 0.006654875179667851}","{""time"": 32.29468536376953, ""val_accuracy"": 81.40424346923828, ""val_cross_entropy"": 0.684808611869812, ""val_balanced_accuracy"": 0.7910439968109131, ""test_cross_entropy"": 0.5299990177154541, ""test_balanced_accuracy"": 0.7808548808097839}"
2026-04-15T23:35:40.102042,cats,lcbench,126025,0,463,239.48512268066406,"{""OpenML_task_id"": ""189862"", ""batch_size"": 53, ""epoch"": 42, ""learning_rate"": 0.00013691533394683263, ""max_dropout"": 0.3552583657817332, ""max_units"": 471, ""momentum"": 0.8917293519670357, ""num_layers"": 5, ""weight_decay"": 0.030760860166296047}","{""time"": 239.48512268066406, ""val_accuracy"": 86.05252838134766, ""val_cross_entropy"": 0.4212966561317444, ""val_balanced_accuracy"": 0.8425085544586182, ""test_cross_entropy"": 0.5677913427352905, ""test_balanced_accuracy"": 0.8358660340309143}"
2026-04-15T23:35:40.103045,cats,lcbench,126025,0,464,57.43141174316406,"{""OpenML_task_id"": ""168868"", ""batch_size"": 23, ""epoch"": 25, ""learning_rate"": 0.009450103970974165, ""max_dropout"": 0.15957168498182195, ""max_units"": 766, ""momentum"": 0.7209714380974499, ""num_layers"": 2, ""weight_decay"": 0.047237156462711885}","{""time"": 57.43141174316406, ""val_accuracy"": 77.90214538574219, ""val_cross_entropy"": 0.4344179630279541, ""val_balanced_accuracy"": 0.8107566237449646, ""test_cross_entropy"": 0.5532475709915161, ""test_balanced_accuracy"": 0.8012269735336304}"
2026-04-15T23:35:40.103045,cats,lcbench,126025,0,465,26.37236785888672,"{""OpenML_task_id"": ""189862"", ""batch_size"": 77, ""epoch"": 16, ""learning_rate"": 0.05620233112546783, ""max_dropout"": 0.9876082280658275, ""max_units"": 96, ""momentum"": 0.4090237934964285, ""num_layers"": 1, ""weight_decay"": 0.09232522835366876}","{""time"": 26.37236785888672, ""val_accuracy"": 75.68861389160156, ""val_cross_entropy"": 0.4691812992095947, ""val_balanced_accuracy"": 0.784784734249115, ""test_cross_entropy"": 0.5729085803031921, ""test_balanced_accuracy"": 0.767171323299408}"
2026-04-15T23:35:40.104045,cats,lcbench,126025,0,466,53.801605224609375,"{""OpenML_task_id"": ""189909"", ""batch_size"": 442, ""epoch"": 37, ""learning_rate"": 0.031048567881618812, ""max_dropout"": 0.5340100179131069, ""max_units"": 148, ""momentum"": 0.5852218705731226, ""num_layers"": 2, ""weight_decay"": 0.07115659367628632}","{""time"": 53.801605224609375, ""val_accuracy"": 79.04430389404297, ""val_cross_entropy"": 0.47686150670051575, ""val_balanced_accuracy"": 0.8125261068344116, ""test_cross_entropy"": 0.5651150345802307, ""test_balanced_accuracy"": 0.8078576922416687}"
2026-04-15T23:35:40.105045,cats,lcbench,126025,0,467,57.94178771972656,"{""OpenML_task_id"": ""126026"", ""batch_size"": 228, ""epoch"": 37, ""learning_rate"": 0.012507051381401974, ""max_dropout"": 0.6524178809216015, ""max_units"": 232, ""momentum"": 0.396528766161499, ""num_layers"": 1, ""weight_decay"": 0.05978379099967114}","{""time"": 57.94178771972656, ""val_accuracy"": 77.99164581298828, ""val_cross_entropy"": 0.4702797830104828, ""val_balanced_accuracy"": 0.799980878829956, ""test_cross_entropy"": 0.5608407258987427, ""test_balanced_accuracy"": 0.7994577288627625}"
2026-04-15T23:35:40.105045,cats,lcbench,126025,0,468,44.06122589111328,"{""OpenML_task_id"": ""167201"", ""batch_size"": 48, ""epoch"": 39, ""learning_rate"": 0.011910398949760119, ""max_dropout"": 0.2653507326646508, ""max_units"": 88, ""momentum"": 0.45142037732295504, ""num_layers"": 3, ""weight_decay"": 0.056332469301944105}","{""time"": 44.06122589111328, ""val_accuracy"": 80.22936248779297, ""val_cross_entropy"": 0.4147889316082001, ""val_balanced_accuracy"": 0.8104473948478699, ""test_cross_entropy"": 0.5464885234832764, ""test_balanced_accuracy"": 0.8030292391777039}"
2026-04-15T23:35:40.106045,cats,lcbench,126025,0,469,148.36065673828125,"{""OpenML_task_id"": ""189873"", ""batch_size"": 298, ""epoch"": 33, ""learning_rate"": 0.09871772220664071, ""max_dropout"": 0.7811597609896289, ""max_units"": 256, ""momentum"": 0.9081041978662197, ""num_layers"": 5, ""weight_decay"": 0.09714574410201578}","{""time"": 148.36065673828125, ""val_accuracy"": 60.466697692871094, ""val_cross_entropy"": 0.5815985798835754, ""val_balanced_accuracy"": 0.50481116771698, ""test_cross_entropy"": 0.7088668942451477, ""test_balanced_accuracy"": 0.5033650994300842}"
2026-04-15T23:35:40.107045,cats,lcbench,126025,0,470,53.42509841918945,"{""OpenML_task_id"": ""167201"", ""batch_size"": 243, ""epoch"": 23, ""learning_rate"": 0.00982735878006207, ""max_dropout"": 0.11383800460833593, ""max_units"": 205, ""momentum"": 0.7105269917749084, ""num_layers"": 4, ""weight_decay"": 0.0750014320385001}","{""time"": 53.42509841918945, ""val_accuracy"": 74.43150329589844, ""val_cross_entropy"": 0.5355892777442932, ""val_balanced_accuracy"": 0.7056239247322083, ""test_cross_entropy"": 0.6142834424972534, ""test_balanced_accuracy"": 0.7051221132278442}"
2026-04-15T23:35:40.107045,cats,lcbench,126025,0,471,22.808101654052734,"{""OpenML_task_id"": ""167184"", ""batch_size"": 18, ""epoch"": 6, ""learning_rate"": 0.001904505019572201, ""max_dropout"": 0.12264600980242812, ""max_units"": 411, ""momentum"": 0.2544652614330212, ""num_layers"": 5, ""weight_decay"": 0.08129468037647226}","{""time"": 22.808101654052734, ""val_accuracy"": 85.20098876953125, ""val_cross_entropy"": 0.5601167678833008, ""val_balanced_accuracy"": 0.6926876902580261, ""test_cross_entropy"": 0.6569784879684448, ""test_balanced_accuracy"": 0.6923297047615051}"
2026-04-15T23:35:40.108047,cats,lcbench,126025,0,472,84.22476959228516,"{""OpenML_task_id"": ""34539"", ""batch_size"": 95, ""epoch"": 28, ""learning_rate"": 0.002031334961918782, ""max_dropout"": 0.8093632581219923, ""max_units"": 260, ""momentum"": 0.5808871924224931, ""num_layers"": 5, ""weight_decay"": 0.00018580967316144016}","{""time"": 84.22476959228516, ""val_accuracy"": 77.38662719726562, ""val_cross_entropy"": 0.4353417456150055, ""val_balanced_accuracy"": 0.7609398365020752, ""test_cross_entropy"": 0.5816982388496399, ""test_balanced_accuracy"": 0.7559216022491455}"
2026-04-15T23:35:40.109046,cats,lcbench,126025,0,473,118.58592224121094,"{""OpenML_task_id"": ""168908"", ""batch_size"": 188, ""epoch"": 10, ""learning_rate"": 0.06713733232095102, ""max_dropout"": 0.7369786618289865, ""max_units"": 834, ""momentum"": 0.8487867581090341, ""num_layers"": 4, ""weight_decay"": 0.08121006830932095}","{""time"": 118.58592224121094, ""val_accuracy"": 73.6894760131836, ""val_cross_entropy"": 0.49947771430015564, ""val_balanced_accuracy"": 0.7895652651786804, ""test_cross_entropy"": 0.582718014717102, ""test_balanced_accuracy"": 0.7870662808418274}"
2026-04-15T23:35:40.109046,cats,lcbench,126025,0,474,50.862060546875,"{""OpenML_task_id"": ""126029"", ""batch_size"": 380, ""epoch"": 26, ""learning_rate"": 0.0014010624776958091, ""max_dropout"": 0.7533453000985071, ""max_units"": 64, ""momentum"": 0.2932668827154383, ""num_layers"": 5, ""weight_decay"": 0.021000988650066683}","{""time"": 50.862060546875, ""val_accuracy"": 50.357017517089844, ""val_cross_entropy"": 0.6207116842269897, ""val_balanced_accuracy"": 0.5683977603912354, ""test_cross_entropy"": 0.6952122449874878, ""test_balanced_accuracy"": 0.5610582828521729}"
2026-04-15T23:35:40.110049,cats,lcbench,126025,0,475,81.92250061035156,"{""OpenML_task_id"": ""167104"", ""batch_size"": 220, ""epoch"": 44, ""learning_rate"": 0.00032488101111962004, ""max_dropout"": 0.015233491958606127, ""max_units"": 448, ""momentum"": 0.6557274500641966, ""num_layers"": 2, ""weight_decay"": 0.08362375812734765}","{""time"": 81.92250061035156, ""val_accuracy"": 78.12906646728516, ""val_cross_entropy"": 0.4510597586631775, ""val_balanced_accuracy"": 0.802026629447937, ""test_cross_entropy"": 0.5650379657745361, ""test_balanced_accuracy"": 0.7966873049736023}"
2026-04-15T23:35:40.110049,cats,lcbench,126025,0,476,97.25052642822266,"{""OpenML_task_id"": ""168335"", ""batch_size"": 33, ""epoch"": 19, ""learning_rate"": 0.0012562351749961782, ""max_dropout"": 0.5595707104223129, ""max_units"": 519, ""momentum"": 0.39702377509913434, ""num_layers"": 4, ""weight_decay"": 0.0891488367767461}","{""time"": 97.25052642822266, ""val_accuracy"": 81.80238342285156, ""val_cross_entropy"": 0.5108099579811096, ""val_balanced_accuracy"": 0.7812705636024475, ""test_cross_entropy"": 0.599479615688324, ""test_balanced_accuracy"": 0.7741002440452576}"
2026-04-15T23:35:40.111552,cats,lcbench,126025,0,477,28.187969207763672,"{""OpenML_task_id"": ""189862"", ""batch_size"": 28, ""epoch"": 9, ""learning_rate"": 0.00014516042690565305, ""max_dropout"": 0.7774409981917829, ""max_units"": 694, ""momentum"": 0.8902028004431256, ""num_layers"": 1, ""weight_decay"": 0.031763157211462924}","{""time"": 28.187969207763672, ""val_accuracy"": 79.4442367553711, ""val_cross_entropy"": 0.45369449257850647, ""val_balanced_accuracy"": 0.7770054936408997, ""test_cross_entropy"": 0.5587772727012634, ""test_balanced_accuracy"": 0.7731750011444092}"
2026-04-15T23:35:40.111552,cats,lcbench,126025,0,478,46.32305908203125,"{""OpenML_task_id"": ""168908"", ""batch_size"": 38, ""epoch"": 7, ""learning_rate"": 0.00012167189497337822, ""max_dropout"": 0.5084658893794295, ""max_units"": 391, ""momentum"": 0.9137143720308966, ""num_layers"": 2, ""weight_decay"": 0.016709941128265498}","{""time"": 46.32305908203125, ""val_accuracy"": 80.19998931884766, ""val_cross_entropy"": 0.3997378349304199, ""val_balanced_accuracy"": 0.8139081001281738, ""test_cross_entropy"": 0.541115939617157, ""test_balanced_accuracy"": 0.8074186444282532}"
2026-04-15T23:35:40.112556,cats,lcbench,126025,0,479,60.51458740234375,"{""OpenML_task_id"": ""126026"", ""batch_size"": 24, ""epoch"": 37, ""learning_rate"": 0.009932070266226008, ""max_dropout"": 0.6092408146534333, ""max_units"": 306, ""momentum"": 0.3486655451541179, ""num_layers"": 1, ""weight_decay"": 0.04808964007482258}","{""time"": 60.51458740234375, ""val_accuracy"": 77.22443389892578, ""val_cross_entropy"": 0.4624423682689667, ""val_balanced_accuracy"": 0.8003090023994446, ""test_cross_entropy"": 0.5524502396583557, ""test_balanced_accuracy"": 0.7907453179359436}"
2026-04-15T23:35:40.113558,cats,lcbench,126025,0,480,47.53764343261719,"{""OpenML_task_id"": ""34539"", ""batch_size"": 421, ""epoch"": 27, ""learning_rate"": 0.001091317570611506, ""max_dropout"": 0.8122871914517602, ""max_units"": 371, ""momentum"": 0.34168545945080286, ""num_layers"": 1, ""weight_decay"": 0.049406994371476165}","{""time"": 47.53764343261719, ""val_accuracy"": 76.65884399414062, ""val_cross_entropy"": 0.5208474397659302, ""val_balanced_accuracy"": 0.7465322613716125, ""test_cross_entropy"": 0.5971966981887817, ""test_balanced_accuracy"": 0.7445684671401978}"
2026-04-15T23:35:40.114559,cats,lcbench,126025,0,481,131.30209350585938,"{""OpenML_task_id"": ""168908"", ""batch_size"": 276, ""epoch"": 48, ""learning_rate"": 0.0029588860099158043, ""max_dropout"": 0.7562314975544138, ""max_units"": 303, ""momentum"": 0.7886801277780612, ""num_layers"": 5, ""weight_decay"": 0.09181279274812353}","{""time"": 131.30209350585938, ""val_accuracy"": 78.64923095703125, ""val_cross_entropy"": 0.5634482502937317, ""val_balanced_accuracy"": 0.5945066809654236, ""test_cross_entropy"": 0.6863118410110474, ""test_balanced_accuracy"": 0.5963976383209229}"
2026-04-15T23:35:40.114559,cats,lcbench,126025,0,482,65.59046173095703,"{""OpenML_task_id"": ""167168"", ""batch_size"": 277, ""epoch"": 37, ""learning_rate"": 0.00028167345515288253, ""max_dropout"": 0.5307463902344381, ""max_units"": 440, ""momentum"": 0.12013279498945087, ""num_layers"": 1, ""weight_decay"": 0.019434287835154346}","{""time"": 65.59046173095703, ""val_accuracy"": 70.8258056640625, ""val_cross_entropy"": 0.5731815695762634, ""val_balanced_accuracy"": 0.6730311512947083, ""test_cross_entropy"": 0.631931722164154, ""test_balanced_accuracy"": 0.67246013879776}"
2026-04-15T23:35:40.115561,cats,lcbench,126025,0,483,32.259822845458984,"{""OpenML_task_id"": ""189866"", ""batch_size"": 30, ""epoch"": 9, ""learning_rate"": 0.01016494646898174, ""max_dropout"": 0.6705040932082478, ""max_units"": 449, ""momentum"": 0.18985075038420338, ""num_layers"": 2, ""weight_decay"": 0.001242554660409366}","{""time"": 32.259822845458984, ""val_accuracy"": 80.38284301757812, ""val_cross_entropy"": 0.40436506271362305, ""val_balanced_accuracy"": 0.806890606880188, ""test_cross_entropy"": 0.5184436440467834, ""test_balanced_accuracy"": 0.799562931060791}"
2026-04-15T23:35:40.116558,cats,lcbench,126025,0,484,38.416412353515625,"{""OpenML_task_id"": ""167168"", ""batch_size"": 272, ""epoch"": 17, ""learning_rate"": 0.033727797385743725, ""max_dropout"": 0.29304946549490163, ""max_units"": 183, ""momentum"": 0.5402375243936366, ""num_layers"": 3, ""weight_decay"": 0.020396155265917808}","{""time"": 38.416412353515625, ""val_accuracy"": 78.7975845336914, ""val_cross_entropy"": 0.3882750868797302, ""val_balanced_accuracy"": 0.8350039720535278, ""test_cross_entropy"": 0.5219720005989075, ""test_balanced_accuracy"": 0.8282151818275452}"
2026-04-15T23:35:40.116558,cats,lcbench,126025,0,485,9.616411209106445,"{""OpenML_task_id"": ""189906"", ""batch_size"": 86, ""epoch"": 7, ""learning_rate"": 0.0352818338740299, ""max_dropout"": 0.31520837615112507, ""max_units"": 101, ""momentum"": 0.6199251941136107, ""num_layers"": 5, ""weight_decay"": 0.04033619983819651}","{""time"": 9.616411209106445, ""val_accuracy"": 80.65159606933594, ""val_cross_entropy"": 0.4726751148700714, ""val_balanced_accuracy"": 0.7130991816520691, ""test_cross_entropy"": 0.6074676513671875, ""test_balanced_accuracy"": 0.7045144438743591}"
2026-04-15T23:35:40.118063,cats,lcbench,126025,0,486,159.76742553710938,"{""OpenML_task_id"": ""167200"", ""batch_size"": 38, ""epoch"": 52, ""learning_rate"": 0.008332472943229896, ""max_dropout"": 0.2535983170399706, ""max_units"": 357, ""momentum"": 0.40851364736541473, ""num_layers"": 3, ""weight_decay"": 0.08945616015391378}","{""time"": 159.76742553710938, ""val_accuracy"": 79.48485565185547, ""val_cross_entropy"": 0.48754021525382996, ""val_balanced_accuracy"": 0.7838766574859619, ""test_cross_entropy"": 0.5697247982025146, ""test_balanced_accuracy"": 0.7811661958694458}"
2026-04-15T23:35:40.118063,cats,lcbench,126025,0,487,36.0416259765625,"{""OpenML_task_id"": ""167152"", ""batch_size"": 44, ""epoch"": 18, ""learning_rate"": 0.018675775138454233, ""max_dropout"": 0.1240580963269402, ""max_units"": 149, ""momentum"": 0.4261049895358213, ""num_layers"": 1, ""weight_decay"": 0.03309632694605371}","{""time"": 36.0416259765625, ""val_accuracy"": 78.30585479736328, ""val_cross_entropy"": 0.4456299841403961, ""val_balanced_accuracy"": 0.8018018007278442, ""test_cross_entropy"": 0.5463661551475525, ""test_balanced_accuracy"": 0.7932589650154114}"
2026-04-15T23:35:40.119071,cats,lcbench,126025,0,488,55.21977996826172,"{""OpenML_task_id"": ""189862"", ""batch_size"": 129, ""epoch"": 44, ""learning_rate"": 0.04042205291315235, ""max_dropout"": 0.9941236106971761, ""max_units"": 90, ""momentum"": 0.17837649221378682, ""num_layers"": 5, ""weight_decay"": 0.021702912474560517}","{""time"": 55.21977996826172, ""val_accuracy"": 88.26307678222656, ""val_cross_entropy"": 0.3088187873363495, ""val_balanced_accuracy"": 0.7685040235519409, ""test_cross_entropy"": 0.5492046475410461, ""test_balanced_accuracy"": 0.7514580488204956}"
2026-04-15T23:35:40.120070,cats,lcbench,126025,0,489,12.621495246887207,"{""OpenML_task_id"": ""167152"", ""batch_size"": 107, ""epoch"": 3, ""learning_rate"": 0.00469500709895075, ""max_dropout"": 0.3403850310442179, ""max_units"": 70, ""momentum"": 0.4059435331229644, ""num_layers"": 2, ""weight_decay"": 0.08714522197876452}","{""time"": 12.621495246887207, ""val_accuracy"": 78.26703643798828, ""val_cross_entropy"": 0.4798744022846222, ""val_balanced_accuracy"": 0.7800971865653992, ""test_cross_entropy"": 0.6028488874435425, ""test_balanced_accuracy"": 0.7804662585258484}"
2026-04-15T23:35:40.120070,cats,lcbench,126025,0,490,88.0721206665039,"{""OpenML_task_id"": ""189862"", ""batch_size"": 423, ""epoch"": 13, ""learning_rate"": 0.00151110599103832, ""max_dropout"": 0.6296961124949672, ""max_units"": 1024, ""momentum"": 0.7875884790109704, ""num_layers"": 3, ""weight_decay"": 0.02460911946234665}","{""time"": 88.0721206665039, ""val_accuracy"": 78.62223052978516, ""val_cross_entropy"": 0.39720481634140015, ""val_balanced_accuracy"": 0.8139376044273376, ""test_cross_entropy"": 0.5448513031005859, ""test_balanced_accuracy"": 0.8069937229156494}"
2026-04-15T23:35:40.121069,cats,lcbench,126025,0,491,19.59524154663086,"{""OpenML_task_id"": ""189909"", ""batch_size"": 211, ""epoch"": 22, ""learning_rate"": 0.054694626694643374, ""max_dropout"": 0.9871808229997023, ""max_units"": 913, ""momentum"": 0.9435439010884912, ""num_layers"": 1, ""weight_decay"": 0.012890467000249487}","{""time"": 19.59524154663086, ""val_accuracy"": 80.10643005371094, ""val_cross_entropy"": 0.3616502285003662, ""val_balanced_accuracy"": 0.8021780848503113, ""test_cross_entropy"": 0.5348162055015564, ""test_balanced_accuracy"": 0.8103129267692566}"
2026-04-15T23:35:40.122070,cats,lcbench,126025,0,492,56.727203369140625,"{""OpenML_task_id"": ""167185"", ""batch_size"": 20, ""epoch"": 28, ""learning_rate"": 0.0044137642529864345, ""max_dropout"": 0.12244395259100072, ""max_units"": 115, ""momentum"": 0.6983479837891332, ""num_layers"": 1, ""weight_decay"": 0.055364795797265914}","{""time"": 56.727203369140625, ""val_accuracy"": 78.26226043701172, ""val_cross_entropy"": 0.4712662696838379, ""val_balanced_accuracy"": 0.8003624677658081, ""test_cross_entropy"": 0.5522893667221069, ""test_balanced_accuracy"": 0.7923456430435181}"
2026-04-15T23:35:40.122070,cats,lcbench,126025,0,493,12.05812931060791,"{""OpenML_task_id"": ""168908"", ""batch_size"": 285, ""epoch"": 2, ""learning_rate"": 0.000337865975740491, ""max_dropout"": 0.23315157685711785, ""max_units"": 146, ""momentum"": 0.1710256767926468, ""num_layers"": 3, ""weight_decay"": 0.04139609913028874}","{""time"": 12.05812931060791, ""val_accuracy"": 46.26399230957031, ""val_cross_entropy"": 0.6160145998001099, ""val_balanced_accuracy"": 0.5026110410690308, ""test_cross_entropy"": 0.675342321395874, ""test_balanced_accuracy"": 0.5082331299781799}"
2026-04-15T23:35:40.123070,cats,lcbench,126025,0,494,7.2332611083984375,"{""OpenML_task_id"": ""3945"", ""batch_size"": 495, ""epoch"": 1, ""learning_rate"": 0.039797009895153446, ""max_dropout"": 0.29419374832035616, ""max_units"": 372, ""momentum"": 0.21184261542445132, ""num_layers"": 4, ""weight_decay"": 0.04560830618103243}","{""time"": 7.2332611083984375, ""val_accuracy"": 47.139137268066406, ""val_cross_entropy"": 0.6864013671875, ""val_balanced_accuracy"": 0.492551326751709, ""test_cross_entropy"": 0.6839171648025513, ""test_balanced_accuracy"": 0.4997432827949524}"
2026-04-15T23:35:40.124070,cats,lcbench,126025,0,495,31.563983917236328,"{""OpenML_task_id"": ""126025"", ""batch_size"": 80, ""epoch"": 33, ""learning_rate"": 0.06261799385462893, ""max_dropout"": 0.4327826206558263, ""max_units"": 68, ""momentum"": 0.43287224933210977, ""num_layers"": 5, ""weight_decay"": 0.026298876705536055}","{""time"": 31.563983917236328, ""val_accuracy"": 85.5634994506836, ""val_cross_entropy"": 0.3333432376384735, ""val_balanced_accuracy"": 0.7819204926490784, ""test_cross_entropy"": 0.5303889513015747, ""test_balanced_accuracy"": 0.7703590393066406}"
2026-04-15T23:35:40.124070,cats,lcbench,126025,0,496,74.45790100097656,"{""OpenML_task_id"": ""168335"", ""batch_size"": 224, ""epoch"": 37, ""learning_rate"": 0.00027024357440565513, ""max_dropout"": 0.4103950049657864, ""max_units"": 152, ""momentum"": 0.3412629825673817, ""num_layers"": 3, ""weight_decay"": 0.04568458560700302}","{""time"": 74.45790100097656, ""val_accuracy"": 67.7719497680664, ""val_cross_entropy"": 0.6207681894302368, ""val_balanced_accuracy"": 0.7176181674003601, ""test_cross_entropy"": 0.6732373237609863, ""test_balanced_accuracy"": 0.7203471660614014}"
2026-04-15T23:35:40.125069,cats,lcbench,126025,0,497,24.931880950927734,"{""OpenML_task_id"": ""167149"", ""batch_size"": 278, ""epoch"": 6, ""learning_rate"": 0.005274923412264844, ""max_dropout"": 0.6860524962108738, ""max_units"": 431, ""momentum"": 0.6230883608433843, ""num_layers"": 5, ""weight_decay"": 0.031099983870004778}","{""time"": 24.931880950927734, ""val_accuracy"": 78.47301483154297, ""val_cross_entropy"": 0.5630598068237305, ""val_balanced_accuracy"": 0.8102511167526245, ""test_cross_entropy"": 0.6485450267791748, ""test_balanced_accuracy"": 0.8069429397583008}"
2026-04-15T23:35:40.126070,cats,lcbench,126025,0,498,64.82769012451172,"{""OpenML_task_id"": ""168335"", ""batch_size"": 26, ""epoch"": 15, ""learning_rate"": 0.00022223896318865122, ""max_dropout"": 0.528573256581824, ""max_units"": 646, ""momentum"": 0.3760713447089967, ""num_layers"": 2, ""weight_decay"": 0.022765140671851446}","{""time"": 64.82769012451172, ""val_accuracy"": 80.55351257324219, ""val_cross_entropy"": 0.4012627899646759, ""val_balanced_accuracy"": 0.8056342005729675, ""test_cross_entropy"": 0.5404902100563049, ""test_balanced_accuracy"": 0.8010176420211792}"
2026-04-15T23:35:40.126070,cats,lcbench,126025,0,499,27.448902130126953,"{""OpenML_task_id"": ""167184"", ""batch_size"": 19, ""epoch"": 8, ""learning_rate"": 0.00015962824368812904, ""max_dropout"": 0.006182587676751283, ""max_units"": 98, ""momentum"": 0.979484797041053, ""num_layers"": 5, ""weight_decay"": 0.008875107127622604}","{""time"": 27.448902130126953, ""val_accuracy"": 85.84532165527344, ""val_cross_entropy"": 0.42806026339530945, ""val_balanced_accuracy"": 0.7851575613021851, ""test_cross_entropy"": 0.5767931342124939, ""test_balanced_accuracy"": 0.7764765620231628}"
2026-04-15T23:35:40.126070,cats,lcbench,126025,0,500,61.65665817260742,"{""OpenML_task_id"": ""167184"", ""batch_size"": 449, ""epoch"": 27, ""learning_rate"": 0.017329208295239026, ""max_dropout"": 0.5038329050482881, ""max_units"": 264, ""momentum"": 0.813068028973428, ""num_layers"": 4, ""weight_decay"": 0.021384259310534306}","{""time"": 61.65665817260742, ""val_accuracy"": 81.24417114257812, ""val_cross_entropy"": 0.33185014128685, ""val_balanced_accuracy"": 0.8508462905883789, ""test_cross_entropy"": 0.49842962622642517, ""test_balanced_accuracy"": 0.8396770358085632}"
2026-04-15T23:35:40.127576,cats,lcbench,126025,0,501,57.828834533691406,"{""OpenML_task_id"": ""189865"", ""batch_size"": 200, ""epoch"": 26, ""learning_rate"": 0.000273131618799148, ""max_dropout"": 0.7720146900512197, ""max_units"": 136, ""momentum"": 0.8242490899277695, ""num_layers"": 1, ""weight_decay"": 0.0005879980348524653}","{""time"": 57.828834533691406, ""val_accuracy"": 77.60553741455078, ""val_cross_entropy"": 0.47641655802726746, ""val_balanced_accuracy"": 0.7655152082443237, ""test_cross_entropy"": 0.5732262134552002, ""test_balanced_accuracy"": 0.7637913227081299}"
2026-04-15T23:35:40.128582,cats,lcbench,126025,0,502,248.8448028564453,"{""OpenML_task_id"": ""168868"", ""batch_size"": 95, ""epoch"": 51, ""learning_rate"": 0.00010950872624610532, ""max_dropout"": 0.5307079060055198, ""max_units"": 562, ""momentum"": 0.3764992827406397, ""num_layers"": 5, ""weight_decay"": 0.09604465583349715}","{""time"": 248.8448028564453, ""val_accuracy"": 62.47411346435547, ""val_cross_entropy"": 0.6466655135154724, ""val_balanced_accuracy"": 0.6359503269195557, ""test_cross_entropy"": 0.6952446699142456, ""test_balanced_accuracy"": 0.6321831345558167}"
2026-04-15T23:35:40.128582,cats,lcbench,126025,0,503,48.33109664916992,"{""OpenML_task_id"": ""168908"", ""batch_size"": 72, ""epoch"": 22, ""learning_rate"": 0.0003803816271323449, ""max_dropout"": 0.8776826924790653, ""max_units"": 121, ""momentum"": 0.6912866403018822, ""num_layers"": 5, ""weight_decay"": 0.06209447804498217}","{""time"": 48.33109664916992, ""val_accuracy"": 77.55034637451172, ""val_cross_entropy"": 0.5452321767807007, ""val_balanced_accuracy"": 0.5935481190681458, ""test_cross_entropy"": 0.6594504117965698, ""test_balanced_accuracy"": 0.5868065357208252}"
2026-04-15T23:35:40.129582,cats,lcbench,126025,0,504,16.463260650634766,"{""OpenML_task_id"": ""167168"", ""batch_size"": 20, ""epoch"": 10, ""learning_rate"": 0.028613445027402942, ""max_dropout"": 0.6014618962852863, ""max_units"": 91, ""momentum"": 0.5559208798199305, ""num_layers"": 3, ""weight_decay"": 0.02871353956096215}","{""time"": 16.463260650634766, ""val_accuracy"": 80.21222686767578, ""val_cross_entropy"": 0.4223242402076721, ""val_balanced_accuracy"": 0.8087781071662903, ""test_cross_entropy"": 0.5327917337417603, ""test_balanced_accuracy"": 0.7927643656730652}"
2026-04-15T23:35:40.130582,cats,lcbench,126025,0,505,29.64240264892578,"{""OpenML_task_id"": ""189908"", ""batch_size"": 30, ""epoch"": 10, ""learning_rate"": 0.023670058028476295, ""max_dropout"": 0.3125182388620503, ""max_units"": 251, ""momentum"": 0.528354191287927, ""num_layers"": 1, ""weight_decay"": 0.059776154632801407}","{""time"": 29.64240264892578, ""val_accuracy"": 78.36143493652344, ""val_cross_entropy"": 0.46307432651519775, ""val_balanced_accuracy"": 0.7958125472068787, ""test_cross_entropy"": 0.5555366277694702, ""test_balanced_accuracy"": 0.7869492173194885}"
2026-04-15T23:35:40.131582,cats,lcbench,126025,0,506,57.137176513671875,"{""OpenML_task_id"": ""189873"", ""batch_size"": 31, ""epoch"": 30, ""learning_rate"": 0.002735328211746316, ""max_dropout"": 0.956777296739628, ""max_units"": 222, ""momentum"": 0.29330984287380146, ""num_layers"": 2, ""weight_decay"": 0.022143636636905942}","{""time"": 57.137176513671875, ""val_accuracy"": 79.23086547851562, ""val_cross_entropy"": 0.43677011132240295, ""val_balanced_accuracy"": 0.8031134605407715, ""test_cross_entropy"": 0.5622654557228088, ""test_balanced_accuracy"": 0.7906397581100464}"
2026-04-15T23:35:40.131582,cats,lcbench,126025,0,507,26.7725830078125,"{""OpenML_task_id"": ""189905"", ""batch_size"": 500, ""epoch"": 12, ""learning_rate"": 0.00424906421799656, ""max_dropout"": 0.849077356663428, ""max_units"": 624, ""momentum"": 0.7965352807733627, ""num_layers"": 1, ""weight_decay"": 0.09999894367739566}","{""time"": 26.7725830078125, ""val_accuracy"": 77.3625717163086, ""val_cross_entropy"": 0.48675718903541565, ""val_balanced_accuracy"": 0.7843852043151855, ""test_cross_entropy"": 0.5754960775375366, ""test_balanced_accuracy"": 0.7829995155334473}"
2026-04-15T23:35:40.132583,cats,lcbench,126025,0,508,190.1766357421875,"{""OpenML_task_id"": ""189905"", ""batch_size"": 446, ""epoch"": 43, ""learning_rate"": 0.0003666684931879834, ""max_dropout"": 0.9403933093912205, ""max_units"": 688, ""momentum"": 0.666601613515249, ""num_layers"": 3, ""weight_decay"": 0.01438661114621065}","{""time"": 190.1766357421875, ""val_accuracy"": 77.99476623535156, ""val_cross_entropy"": 0.5474856495857239, ""val_balanced_accuracy"": 0.7852908372879028, ""test_cross_entropy"": 0.6432461738586426, ""test_balanced_accuracy"": 0.7820994853973389}"
2026-04-15T23:35:40.132583,cats,lcbench,126025,0,509,61.489322662353516,"{""OpenML_task_id"": ""189906"", ""batch_size"": 219, ""epoch"": 50, ""learning_rate"": 0.0008136156715800769, ""max_dropout"": 0.7355489279313323, ""max_units"": 105, ""momentum"": 0.40247726948494755, ""num_layers"": 3, ""weight_decay"": 0.07068979527686027}","{""time"": 61.489322662353516, ""val_accuracy"": 76.1036376953125, ""val_cross_entropy"": 0.6156888604164124, ""val_balanced_accuracy"": 0.7563903331756592, ""test_cross_entropy"": 0.6618984937667847, ""test_balanced_accuracy"": 0.7598013281822205}"
2026-04-15T23:35:40.134088,cats,lcbench,126025,0,510,89.78871154785156,"{""OpenML_task_id"": ""167168"", ""batch_size"": 17, ""epoch"": 45, ""learning_rate"": 0.000636330954339622, ""max_dropout"": 0.8223656611216563, ""max_units"": 118, ""momentum"": 0.263439317083889, ""num_layers"": 4, ""weight_decay"": 0.06995149676443349}","{""time"": 89.78871154785156, ""val_accuracy"": 79.49697875976562, ""val_cross_entropy"": 0.620987057685852, ""val_balanced_accuracy"": 0.5829467177391052, ""test_cross_entropy"": 0.6838263869285583, ""test_balanced_accuracy"": 0.5843660831451416}"
2026-04-15T23:35:40.134088,cats,lcbench,126025,0,511,66.34207916259766,"{""OpenML_task_id"": ""167201"", ""batch_size"": 51, ""epoch"": 42, ""learning_rate"": 0.0033191533243252785, ""max_dropout"": 0.15977568618907223, ""max_units"": 174, ""momentum"": 0.4142654023414023, ""num_layers"": 2, ""weight_decay"": 0.047800541696152825}","{""time"": 66.34207916259766, ""val_accuracy"": 79.42847442626953, ""val_cross_entropy"": 0.4357897937297821, ""val_balanced_accuracy"": 0.8029848337173462, ""test_cross_entropy"": 0.5478179454803467, ""test_balanced_accuracy"": 0.7939795255661011}"
2026-04-15T23:35:40.135096,cats,lcbench,126025,0,512,57.72146224975586,"{""OpenML_task_id"": ""146212"", ""batch_size"": 217, ""epoch"": 42, ""learning_rate"": 0.00742460310287914, ""max_dropout"": 0.35330477063887733, ""max_units"": 192, ""momentum"": 0.30282102472421246, ""num_layers"": 3, ""weight_decay"": 0.07634877395815116}","{""time"": 57.72146224975586, ""val_accuracy"": 78.93883514404297, ""val_cross_entropy"": 0.44913920760154724, ""val_balanced_accuracy"": 0.7942809462547302, ""test_cross_entropy"": 0.5670703649520874, ""test_balanced_accuracy"": 0.7945491075515747}"
2026-04-15T23:35:40.136096,cats,lcbench,126025,0,513,77.03488159179688,"{""OpenML_task_id"": ""167185"", ""batch_size"": 117, ""epoch"": 49, ""learning_rate"": 0.00228887647887401, ""max_dropout"": 0.495160544003321, ""max_units"": 817, ""momentum"": 0.37628046948120386, ""num_layers"": 2, ""weight_decay"": 0.0700015636849792}","{""time"": 77.03488159179688, ""val_accuracy"": 78.80449676513672, ""val_cross_entropy"": 0.4406800866127014, ""val_balanced_accuracy"": 0.8090897798538208, ""test_cross_entropy"": 0.5541492700576782, ""test_balanced_accuracy"": 0.8013706207275391}"
2026-04-15T23:35:40.137096,cats,lcbench,126025,0,514,44.418212890625,"{""OpenML_task_id"": ""167152"", ""batch_size"": 272, ""epoch"": 24, ""learning_rate"": 0.005725666695396538, ""max_dropout"": 0.5515746167311701, ""max_units"": 473, ""momentum"": 0.40269456387000035, ""num_layers"": 1, ""weight_decay"": 0.07592317211128402}","{""time"": 44.418212890625, ""val_accuracy"": 78.29181671142578, ""val_cross_entropy"": 0.4929494559764862, ""val_balanced_accuracy"": 0.7826396822929382, ""test_cross_entropy"": 0.5701955556869507, ""test_balanced_accuracy"": 0.7828591465950012}"
2026-04-15T23:35:40.137096,cats,lcbench,126025,0,515,245.3753662109375,"{""OpenML_task_id"": ""189905"", ""batch_size"": 137, ""epoch"": 38, ""learning_rate"": 0.007860348532715078, ""max_dropout"": 0.6910960767219669, ""max_units"": 999, ""momentum"": 0.5317982915912178, ""num_layers"": 4, ""weight_decay"": 0.017392462196166664}","{""time"": 245.3753662109375, ""val_accuracy"": 76.47119140625, ""val_cross_entropy"": 0.37344080209732056, ""val_balanced_accuracy"": 0.8288710117340088, ""test_cross_entropy"": 0.5125958323478699, ""test_balanced_accuracy"": 0.8147623538970947}"
2026-04-15T23:35:40.138096,cats,lcbench,126025,0,516,55.52377700805664,"{""OpenML_task_id"": ""168329"", ""batch_size"": 341, ""epoch"": 13, ""learning_rate"": 0.002178716485314216, ""max_dropout"": 0.5694456176193442, ""max_units"": 359, ""momentum"": 0.22037397919438884, ""num_layers"": 3, ""weight_decay"": 0.04309254486340223}","{""time"": 55.52377700805664, ""val_accuracy"": 76.88111877441406, ""val_cross_entropy"": 0.5361862778663635, ""val_balanced_accuracy"": 0.7859576940536499, ""test_cross_entropy"": 0.6082666516304016, ""test_balanced_accuracy"": 0.7873049974441528}"
2026-04-15T23:35:40.139096,cats,lcbench,126025,0,517,33.85231018066406,"{""OpenML_task_id"": ""3945"", ""batch_size"": 192, ""epoch"": 34, ""learning_rate"": 0.045499331816955334, ""max_dropout"": 0.35917580869253607, ""max_units"": 168, ""momentum"": 0.9273710663017716, ""num_layers"": 3, ""weight_decay"": 0.08124502181240233}","{""time"": 33.85231018066406, ""val_accuracy"": 78.00414276123047, ""val_cross_entropy"": 0.4212925434112549, ""val_balanced_accuracy"": 0.8031517863273621, ""test_cross_entropy"": 0.5730187296867371, ""test_balanced_accuracy"": 0.7990217208862305}"
2026-04-15T23:35:40.139096,cats,lcbench,126025,0,518,54.02611541748047,"{""OpenML_task_id"": ""126026"", ""batch_size"": 290, ""epoch"": 46, ""learning_rate"": 0.013572027184935628, ""max_dropout"": 0.7588320341773359, ""max_units"": 102, ""momentum"": 0.6185801947499058, ""num_layers"": 5, ""weight_decay"": 0.03512091937305732}","{""time"": 54.02611541748047, ""val_accuracy"": 84.6893310546875, ""val_cross_entropy"": 0.4609585404396057, ""val_balanced_accuracy"": 0.7254073023796082, ""test_cross_entropy"": 0.6293096542358398, ""test_balanced_accuracy"": 0.723354160785675}"
2026-04-15T23:35:40.140095,cats,lcbench,126025,0,519,99.69503021240234,"{""OpenML_task_id"": ""167190"", ""batch_size"": 186, ""epoch"": 16, ""learning_rate"": 0.0008418433128307468, ""max_dropout"": 0.27835778652229815, ""max_units"": 727, ""momentum"": 0.8295338787529505, ""num_layers"": 3, ""weight_decay"": 0.08776629047068166}","{""time"": 99.69503021240234, ""val_accuracy"": 77.2903060913086, ""val_cross_entropy"": 0.4377175271511078, ""val_balanced_accuracy"": 0.8035777807235718, ""test_cross_entropy"": 0.559587836265564, ""test_balanced_accuracy"": 0.7970125675201416}"
2026-04-15T23:35:40.141096,cats,lcbench,126025,0,520,29.01349639892578,"{""OpenML_task_id"": ""146212"", ""batch_size"": 268, ""epoch"": 9, ""learning_rate"": 0.07382027909366908, ""max_dropout"": 0.06411631340396173, ""max_units"": 878, ""momentum"": 0.2591221177346572, ""num_layers"": 2, ""weight_decay"": 0.08170804299665252}","{""time"": 29.01349639892578, ""val_accuracy"": 78.75055694580078, ""val_cross_entropy"": 0.45590895414352417, ""val_balanced_accuracy"": 0.8105819225311279, ""test_cross_entropy"": 0.5522428750991821, ""test_balanced_accuracy"": 0.8060907125473022}"
2026-04-15T23:35:40.141096,cats,lcbench,126025,0,521,46.12643814086914,"{""OpenML_task_id"": ""167190"", ""batch_size"": 421, ""epoch"": 32, ""learning_rate"": 0.0003738650566575605, ""max_dropout"": 0.46420879237338475, ""max_units"": 218, ""momentum"": 0.37977356856209, ""num_layers"": 2, ""weight_decay"": 0.05000733221415468}","{""time"": 46.12643814086914, ""val_accuracy"": 73.12871551513672, ""val_cross_entropy"": 0.5846186280250549, ""val_balanced_accuracy"": 0.7563730478286743, ""test_cross_entropy"": 0.6335375308990479, ""test_balanced_accuracy"": 0.759811520576477}"
2026-04-15T23:35:40.142096,cats,lcbench,126025,0,522,73.14570617675781,"{""OpenML_task_id"": ""167181"", ""batch_size"": 30, ""epoch"": 51, ""learning_rate"": 0.015624271493753887, ""max_dropout"": 0.7704102213521907, ""max_units"": 375, ""momentum"": 0.7230646223454689, ""num_layers"": 1, ""weight_decay"": 0.08405094427859375}","{""time"": 73.14570617675781, ""val_accuracy"": 77.10580444335938, ""val_cross_entropy"": 0.47913146018981934, ""val_balanced_accuracy"": 0.7835418581962585, ""test_cross_entropy"": 0.5714747905731201, ""test_balanced_accuracy"": 0.7735821604728699}"
2026-04-15T23:35:40.143096,cats,lcbench,126025,0,523,5.432999610900879,"{""OpenML_task_id"": ""168868"", ""batch_size"": 92, ""epoch"": 1, ""learning_rate"": 0.000986074402501227, ""max_dropout"": 0.2045815161563007, ""max_units"": 451, ""momentum"": 0.5347860223467544, ""num_layers"": 2, ""weight_decay"": 0.01777371140773757}","{""time"": 5.432999610900879, ""val_accuracy"": 47.356231689453125, ""val_cross_entropy"": 0.6717202067375183, ""val_balanced_accuracy"": 0.4884815514087677, ""test_cross_entropy"": 0.7041983604431152, ""test_balanced_accuracy"": 0.5000827312469482}"
2026-04-15T23:35:40.143602,cats,lcbench,126025,0,524,51.02381896972656,"{""OpenML_task_id"": ""126025"", ""batch_size"": 67, ""epoch"": 9, ""learning_rate"": 0.0068961127678703465, ""max_dropout"": 0.19403662049022152, ""max_units"": 678, ""momentum"": 0.29198355381015695, ""num_layers"": 3, ""weight_decay"": 0.048766405477624085}","{""time"": 51.02381896972656, ""val_accuracy"": 79.06239318847656, ""val_cross_entropy"": 0.4196031987667084, ""val_balanced_accuracy"": 0.816096842288971, ""test_cross_entropy"": 0.5425145030021667, ""test_balanced_accuracy"": 0.805880069732666}"
2026-04-15T23:35:40.144609,cats,lcbench,126025,0,525,39.2684326171875,"{""OpenML_task_id"": ""167185"", ""batch_size"": 112, ""epoch"": 29, ""learning_rate"": 0.007883291946405871, ""max_dropout"": 0.7554032085709506, ""max_units"": 72, ""momentum"": 0.6133814558150046, ""num_layers"": 3, ""weight_decay"": 0.032653358332001364}","{""time"": 39.2684326171875, ""val_accuracy"": 77.13037109375, ""val_cross_entropy"": 0.4139021337032318, ""val_balanced_accuracy"": 0.8176455497741699, ""test_cross_entropy"": 0.5423223972320557, ""test_balanced_accuracy"": 0.8075665235519409}"
2026-04-15T23:35:40.145609,cats,lcbench,126025,0,526,25.659793853759766,"{""OpenML_task_id"": ""146212"", ""batch_size"": 378, ""epoch"": 17, ""learning_rate"": 0.09935228007081473, ""max_dropout"": 0.7809536547935008, ""max_units"": 68, ""momentum"": 0.8572636672421229, ""num_layers"": 2, ""weight_decay"": 0.09236831520495446}","{""time"": 25.659793853759766, ""val_accuracy"": 80.19295501708984, ""val_cross_entropy"": 0.42398586869239807, ""val_balanced_accuracy"": 0.8291524648666382, ""test_cross_entropy"": 0.5910155773162842, ""test_balanced_accuracy"": 0.8301573395729065}"
2026-04-15T23:35:40.145609,cats,lcbench,126025,0,527,73.23634338378906,"{""OpenML_task_id"": ""167149"", ""batch_size"": 30, ""epoch"": 40, ""learning_rate"": 0.0007232832413390483, ""max_dropout"": 0.6019585248788678, ""max_units"": 495, ""momentum"": 0.6691570345967753, ""num_layers"": 1, ""weight_decay"": 0.02766645839135658}","{""time"": 73.23634338378906, ""val_accuracy"": 78.89955139160156, ""val_cross_entropy"": 0.46528467535972595, ""val_balanced_accuracy"": 0.7967389822006226, ""test_cross_entropy"": 0.5532442927360535, ""test_balanced_accuracy"": 0.7931787967681885}"
2026-04-15T23:35:40.147115,cats,lcbench,126025,0,528,452.8126220703125,"{""OpenML_task_id"": ""167185"", ""batch_size"": 34, ""epoch"": 40, ""learning_rate"": 0.00012762497203542354, ""max_dropout"": 0.8128554544517321, ""max_units"": 892, ""momentum"": 0.6191120397304793, ""num_layers"": 5, ""weight_decay"": 0.0625782668002684}","{""time"": 452.8126220703125, ""val_accuracy"": 83.44570922851562, ""val_cross_entropy"": 0.6076942086219788, ""val_balanced_accuracy"": 0.7937766313552856, ""test_cross_entropy"": 0.6721360683441162, ""test_balanced_accuracy"": 0.7869881987571716}"
2026-04-15T23:35:40.147115,cats,lcbench,126025,0,529,26.956653594970703,"{""OpenML_task_id"": ""34539"", ""batch_size"": 200, ""epoch"": 7, ""learning_rate"": 0.014948308334165258, ""max_dropout"": 0.6185101050594144, ""max_units"": 223, ""momentum"": 0.9715972577608786, ""num_layers"": 2, ""weight_decay"": 0.027767477171714267}","{""time"": 26.956653594970703, ""val_accuracy"": 80.90335083007812, ""val_cross_entropy"": 0.4044760465621948, ""val_balanced_accuracy"": 0.8337387442588806, ""test_cross_entropy"": 0.5357367396354675, ""test_balanced_accuracy"": 0.8280003666877747}"
2026-04-15T23:35:40.148123,cats,lcbench,126025,0,530,66.40483093261719,"{""OpenML_task_id"": ""168908"", ""batch_size"": 447, ""epoch"": 14, ""learning_rate"": 0.00013832367913748874, ""max_dropout"": 0.7749440825812443, ""max_units"": 485, ""momentum"": 0.8240630863904918, ""num_layers"": 3, ""weight_decay"": 0.020458910428833237}","{""time"": 66.40483093261719, ""val_accuracy"": 73.20393371582031, ""val_cross_entropy"": 0.5817188024520874, ""val_balanced_accuracy"": 0.7596129775047302, ""test_cross_entropy"": 0.6633660793304443, ""test_balanced_accuracy"": 0.7565534114837646}"
2026-04-15T23:35:40.149122,cats,lcbench,126025,0,531,124.80386352539062,"{""OpenML_task_id"": ""168868"", ""batch_size"": 24, ""epoch"": 23, ""learning_rate"": 0.03738517126270188, ""max_dropout"": 0.32838483186308365, ""max_units"": 765, ""momentum"": 0.12219675301382635, ""num_layers"": 3, ""weight_decay"": 0.017813812687721566}","{""time"": 124.80386352539062, ""val_accuracy"": 82.47856903076172, ""val_cross_entropy"": 0.3961443603038788, ""val_balanced_accuracy"": 0.8353958129882812, ""test_cross_entropy"": 0.5193881392478943, ""test_balanced_accuracy"": 0.8229620456695557}"
2026-04-15T23:35:40.149122,cats,lcbench,126025,0,532,57.5959587097168,"{""OpenML_task_id"": ""7593"", ""batch_size"": 272, ""epoch"": 34, ""learning_rate"": 0.0010050825849489153, ""max_dropout"": 0.5169503008107769, ""max_units"": 80, ""momentum"": 0.2382184088094091, ""num_layers"": 5, ""weight_decay"": 0.01671486070746246}","{""time"": 57.5959587097168, ""val_accuracy"": 58.15092086791992, ""val_cross_entropy"": 0.6231347322463989, ""val_balanced_accuracy"": 0.6147334575653076, ""test_cross_entropy"": 0.6937888860702515, ""test_balanced_accuracy"": 0.609815776348114}"
2026-04-15T23:35:40.150627,cats,lcbench,126025,0,533,62.52680587768555,"{""OpenML_task_id"": ""168868"", ""batch_size"": 115, ""epoch"": 18, ""learning_rate"": 0.000896837883803451, ""max_dropout"": 0.08425168892503743, ""max_units"": 230, ""momentum"": 0.18718331214087677, ""num_layers"": 4, ""weight_decay"": 0.008213163819206927}","{""time"": 62.52680587768555, ""val_accuracy"": 77.16156768798828, ""val_cross_entropy"": 0.5760639309883118, ""val_balanced_accuracy"": 0.7668494582176208, ""test_cross_entropy"": 0.6471676230430603, ""test_balanced_accuracy"": 0.7665759921073914}"
2026-04-15T23:35:40.150627,cats,lcbench,126025,0,534,91.00747680664062,"{""OpenML_task_id"": ""189906"", ""batch_size"": 27, ""epoch"": 33, ""learning_rate"": 0.02006866119402605, ""max_dropout"": 0.7979137935718873, ""max_units"": 249, ""momentum"": 0.48412595027573657, ""num_layers"": 5, ""weight_decay"": 0.028609937621715903}","{""time"": 91.00747680664062, ""val_accuracy"": 87.27572631835938, ""val_cross_entropy"": 0.29593178629875183, ""val_balanced_accuracy"": 0.8048079013824463, ""test_cross_entropy"": 0.5173394083976746, ""test_balanced_accuracy"": 0.7934678196907043}"
2026-04-15T23:35:40.151634,cats,lcbench,126025,0,535,33.62640380859375,"{""OpenML_task_id"": ""168335"", ""batch_size"": 477, ""epoch"": 6, ""learning_rate"": 0.001570240698217166, ""max_dropout"": 0.33276546182860667, ""max_units"": 96, ""momentum"": 0.7543598546430826, ""num_layers"": 4, ""weight_decay"": 0.04379907841481091}","{""time"": 33.62640380859375, ""val_accuracy"": 53.77608871459961, ""val_cross_entropy"": 0.685065507888794, ""val_balanced_accuracy"": 0.5911619663238525, ""test_cross_entropy"": 0.6934318542480469, ""test_balanced_accuracy"": 0.5982216596603394}"
2026-04-15T23:35:40.152634,cats,lcbench,126025,0,536,39.18894577026367,"{""OpenML_task_id"": ""189873"", ""batch_size"": 121, ""epoch"": 21, ""learning_rate"": 0.00011059273314618947, ""max_dropout"": 0.9234301508994237, ""max_units"": 1024, ""momentum"": 0.5042182588117112, ""num_layers"": 1, ""weight_decay"": 0.05784237257009569}","{""time"": 39.18894577026367, ""val_accuracy"": 69.86380767822266, ""val_cross_entropy"": 0.6044336557388306, ""val_balanced_accuracy"": 0.6626132130622864, ""test_cross_entropy"": 0.632846474647522, ""test_balanced_accuracy"": 0.6602653861045837}"
2026-04-15T23:35:40.152634,cats,lcbench,126025,0,537,70.6747055053711,"{""OpenML_task_id"": ""167181"", ""batch_size"": 30, ""epoch"": 39, ""learning_rate"": 0.0007339810725308727, ""max_dropout"": 0.5734682162714421, ""max_units"": 92, ""momentum"": 0.5739809403905592, ""num_layers"": 1, ""weight_decay"": 0.04873934190360709}","{""time"": 70.6747055053711, ""val_accuracy"": 79.02862548828125, ""val_cross_entropy"": 0.46889153122901917, ""val_balanced_accuracy"": 0.7979738712310791, ""test_cross_entropy"": 0.5582552552223206, ""test_balanced_accuracy"": 0.7956774234771729}"
2026-04-15T23:35:40.153634,cats,lcbench,126025,0,538,56.180572509765625,"{""OpenML_task_id"": ""189354"", ""batch_size"": 169, ""epoch"": 27, ""learning_rate"": 0.0064252801131517495, ""max_dropout"": 0.07765337426188035, ""max_units"": 98, ""momentum"": 0.8140862151777468, ""num_layers"": 3, ""weight_decay"": 0.020450980996907547}","{""time"": 56.180572509765625, ""val_accuracy"": 79.47909545898438, ""val_cross_entropy"": 0.3844575881958008, ""val_balanced_accuracy"": 0.8292821645736694, ""test_cross_entropy"": 0.5191652774810791, ""test_balanced_accuracy"": 0.822320282459259}"
2026-04-15T23:35:40.154634,cats,lcbench,126025,0,539,44.00823974609375,"{""OpenML_task_id"": ""189906"", ""batch_size"": 167, ""epoch"": 42, ""learning_rate"": 0.05026150618312113, ""max_dropout"": 0.5012119084860165, ""max_units"": 109, ""momentum"": 0.9259645310728551, ""num_layers"": 4, ""weight_decay"": 0.004645567127049541}","{""time"": 44.00823974609375, ""val_accuracy"": 87.55115509033203, ""val_cross_entropy"": 0.3839437961578369, ""val_balanced_accuracy"": 0.852389395236969, ""test_cross_entropy"": 0.49215781688690186, ""test_balanced_accuracy"": 0.8232713341712952}"
2026-04-15T23:35:40.154634,cats,lcbench,126025,0,540,126.1397705078125,"{""OpenML_task_id"": ""168329"", ""batch_size"": 41, ""epoch"": 29, ""learning_rate"": 0.00025980800245913776, ""max_dropout"": 0.1394225632385444, ""max_units"": 294, ""momentum"": 0.7702781264586985, ""num_layers"": 3, ""weight_decay"": 0.04201731925137443}","{""time"": 126.1397705078125, ""val_accuracy"": 80.10306549072266, ""val_cross_entropy"": 0.40799450874328613, ""val_balanced_accuracy"": 0.8143879175186157, ""test_cross_entropy"": 0.5371466875076294, ""test_balanced_accuracy"": 0.8071368932723999}"
2026-04-15T23:35:40.155634,cats,lcbench,126025,0,541,35.13661575317383,"{""OpenML_task_id"": ""3945"", ""batch_size"": 505, ""epoch"": 12, ""learning_rate"": 0.00012248163425252297, ""max_dropout"": 0.10852238575341167, ""max_units"": 197, ""momentum"": 0.10696406376937204, ""num_layers"": 4, ""weight_decay"": 0.09083391694842154}","{""time"": 35.13661575317383, ""val_accuracy"": 31.669700622558594, ""val_cross_entropy"": 0.6265072822570801, ""val_balanced_accuracy"": 0.5096561908721924, ""test_cross_entropy"": 0.6863815784454346, ""test_balanced_accuracy"": 0.5123198628425598}"
2026-04-15T23:35:40.156635,cats,lcbench,126025,0,542,20.28411102294922,"{""OpenML_task_id"": ""189906"", ""batch_size"": 68, ""epoch"": 12, ""learning_rate"": 0.012219654101674774, ""max_dropout"": 0.8382927155081363, ""max_units"": 994, ""momentum"": 0.4298832361871302, ""num_layers"": 1, ""weight_decay"": 0.042046098531484916}","{""time"": 20.28411102294922, ""val_accuracy"": 76.5010986328125, ""val_cross_entropy"": 0.4211733639240265, ""val_balanced_accuracy"": 0.7957882285118103, ""test_cross_entropy"": 0.5535670518875122, ""test_balanced_accuracy"": 0.7904738783836365}"
2026-04-15T23:35:40.156635,cats,lcbench,126025,0,543,18.18124771118164,"{""OpenML_task_id"": ""34539"", ""batch_size"": 127, ""epoch"": 4, ""learning_rate"": 0.00028294371253585233, ""max_dropout"": 0.9775571510786674, ""max_units"": 401, ""momentum"": 0.43688215187016055, ""num_layers"": 1, ""weight_decay"": 0.06584225675678826}","{""time"": 18.18124771118164, ""val_accuracy"": 61.65753173828125, ""val_cross_entropy"": 0.663936197757721, ""val_balanced_accuracy"": 0.5894404053688049, ""test_cross_entropy"": 0.6708623170852661, ""test_balanced_accuracy"": 0.5883104801177979}"
2026-04-15T23:35:40.157634,cats,lcbench,126025,0,544,71.54206085205078,"{""OpenML_task_id"": ""167184"", ""batch_size"": 20, ""epoch"": 10, ""learning_rate"": 0.00021277628036862333, ""max_dropout"": 0.37779735669965864, ""max_units"": 424, ""momentum"": 0.48318501539192815, ""num_layers"": 3, ""weight_decay"": 0.07810668048900372}","{""time"": 71.54206085205078, ""val_accuracy"": 79.18705749511719, ""val_cross_entropy"": 0.5027341246604919, ""val_balanced_accuracy"": 0.7877000570297241, ""test_cross_entropy"": 0.5851845741271973, ""test_balanced_accuracy"": 0.7825949192047119}"
2026-04-15T23:35:40.157634,cats,lcbench,126025,0,545,27.211841583251953,"{""OpenML_task_id"": ""189354"", ""batch_size"": 97, ""epoch"": 16, ""learning_rate"": 0.0012730926291886584, ""max_dropout"": 0.19774593571593235, ""max_units"": 90, ""momentum"": 0.9350040883520365, ""num_layers"": 5, ""weight_decay"": 0.07508343892723582}","{""time"": 27.211841583251953, ""val_accuracy"": 78.78675842285156, ""val_cross_entropy"": 0.5800345540046692, ""val_balanced_accuracy"": 0.5609759092330933, ""test_cross_entropy"": 0.6874643564224243, ""test_balanced_accuracy"": 0.5606646537780762}"
2026-04-15T23:35:40.159140,cats,lcbench,126025,0,546,47.486045837402344,"{""OpenML_task_id"": ""7593"", ""batch_size"": 194, ""epoch"": 44, ""learning_rate"": 0.06302094817541334, ""max_dropout"": 0.7560082556900638, ""max_units"": 388, ""momentum"": 0.5324817890862321, ""num_layers"": 2, ""weight_decay"": 0.039479306185119065}","{""time"": 47.486045837402344, ""val_accuracy"": 80.02213287353516, ""val_cross_entropy"": 0.371187299489975, ""val_balanced_accuracy"": 0.8316470384597778, ""test_cross_entropy"": 0.5416492223739624, ""test_balanced_accuracy"": 0.825039803981781}"
2026-04-15T23:35:40.160147,cats,lcbench,126025,0,547,355.1411437988281,"{""OpenML_task_id"": ""167168"", ""batch_size"": 40, ""epoch"": 42, ""learning_rate"": 0.00015784481842266474, ""max_dropout"": 0.8679501186274756, ""max_units"": 557, ""momentum"": 0.10821405084722432, ""num_layers"": 4, ""weight_decay"": 0.03865312812212526}","{""time"": 355.1411437988281, ""val_accuracy"": 78.3136215209961, ""val_cross_entropy"": 0.6026692986488342, ""val_balanced_accuracy"": 0.7713353037834167, ""test_cross_entropy"": 0.6684587001800537, ""test_balanced_accuracy"": 0.767174243927002}"
2026-04-15T23:35:40.160147,cats,lcbench,126025,0,548,32.05762481689453,"{""OpenML_task_id"": ""189905"", ""batch_size"": 75, ""epoch"": 16, ""learning_rate"": 0.08159393885258932, ""max_dropout"": 0.09918799750167384, ""max_units"": 140, ""momentum"": 0.8132837435759075, ""num_layers"": 1, ""weight_decay"": 0.044717398690801775}","{""time"": 32.05762481689453, ""val_accuracy"": 74.83535766601562, ""val_cross_entropy"": 0.4826951324939728, ""val_balanced_accuracy"": 0.7823665738105774, ""test_cross_entropy"": 0.5533953905105591, ""test_balanced_accuracy"": 0.7663084864616394}"
2026-04-15T23:35:40.161145,cats,lcbench,126025,0,549,16.15508270263672,"{""OpenML_task_id"": ""168335"", ""batch_size"": 284, ""epoch"": 7, ""learning_rate"": 0.020958887469505128, ""max_dropout"": 0.46228771695742377, ""max_units"": 126, ""momentum"": 0.7942005509330159, ""num_layers"": 3, ""weight_decay"": 0.059870647890051115}","{""time"": 16.15508270263672, ""val_accuracy"": 79.53793334960938, ""val_cross_entropy"": 0.4259670674800873, ""val_balanced_accuracy"": 0.8303235769271851, ""test_cross_entropy"": 0.5534117817878723, ""test_balanced_accuracy"": 0.8276214003562927}"
2026-04-15T23:35:40.162147,cats,lcbench,126025,0,550,65.35758972167969,"{""OpenML_task_id"": ""126025"", ""batch_size"": 338, ""epoch"": 23, ""learning_rate"": 0.00824378623710573, ""max_dropout"": 0.3778985008862832, ""max_units"": 308, ""momentum"": 0.9413294568716747, ""num_layers"": 5, ""weight_decay"": 0.08225066741944086}","{""time"": 65.35758972167969, ""val_accuracy"": 70.89878845214844, ""val_cross_entropy"": 0.5448694229125977, ""val_balanced_accuracy"": 0.5432054400444031, ""test_cross_entropy"": 0.6864972114562988, ""test_balanced_accuracy"": 0.5478189587593079}"
2026-04-15T23:35:40.162147,cats,lcbench,126025,0,551,133.05633544921875,"{""OpenML_task_id"": ""168335"", ""batch_size"": 229, ""epoch"": 29, ""learning_rate"": 0.0050021756765323494, ""max_dropout"": 0.7617813297119396, ""max_units"": 526, ""momentum"": 0.9685595738798525, ""num_layers"": 5, ""weight_decay"": 0.07436112098097895}","{""time"": 133.05633544921875, ""val_accuracy"": 75.7270278930664, ""val_cross_entropy"": 0.4562768340110779, ""val_balanced_accuracy"": 0.61296546459198, ""test_cross_entropy"": 0.6415460109710693, ""test_balanced_accuracy"": 0.6130122542381287}"
2026-04-15T23:35:40.163146,cats,lcbench,126025,0,552,61.33453369140625,"{""OpenML_task_id"": ""167181"", ""batch_size"": 216, ""epoch"": 44, ""learning_rate"": 0.008082914225494025, ""max_dropout"": 0.03400897280379178, ""max_units"": 137, ""momentum"": 0.16422155464014615, ""num_layers"": 1, ""weight_decay"": 0.04500486773901408}","{""time"": 61.33453369140625, ""val_accuracy"": 77.82254028320312, ""val_cross_entropy"": 0.482821524143219, ""val_balanced_accuracy"": 0.7956592440605164, ""test_cross_entropy"": 0.5614603161811829, ""test_balanced_accuracy"": 0.7933104038238525}"
2026-04-15T23:35:40.164147,cats,lcbench,126025,0,553,52.426658630371094,"{""OpenML_task_id"": ""126029"", ""batch_size"": 184, ""epoch"": 39, ""learning_rate"": 0.009100216390506054, ""max_dropout"": 0.4714171279312408, ""max_units"": 79, ""momentum"": 0.9520070540518735, ""num_layers"": 2, ""weight_decay"": 0.07707267718937842}","{""time"": 52.426658630371094, ""val_accuracy"": 79.09467315673828, ""val_cross_entropy"": 0.44509050250053406, ""val_balanced_accuracy"": 0.8114528059959412, ""test_cross_entropy"": 0.5581051111221313, ""test_balanced_accuracy"": 0.8051626086235046}"
2026-04-15T23:35:40.165147,cats,lcbench,126025,0,554,51.308292388916016,"{""OpenML_task_id"": ""168908"", ""batch_size"": 148, ""epoch"": 21, ""learning_rate"": 0.0003974377953727293, ""max_dropout"": 0.9277946984814773, ""max_units"": 813, ""momentum"": 0.5900961632149381, ""num_layers"": 2, ""weight_decay"": 0.010740054004903053}","{""time"": 51.308292388916016, ""val_accuracy"": 78.50789642333984, ""val_cross_entropy"": 0.438902348279953, ""val_balanced_accuracy"": 0.8030475974082947, ""test_cross_entropy"": 0.5659050941467285, ""test_balanced_accuracy"": 0.7973227500915527}"
2026-04-15T23:35:40.165147,cats,lcbench,126025,0,555,14.685311317443848,"{""OpenML_task_id"": ""167185"", ""batch_size"": 73, ""epoch"": 2, ""learning_rate"": 0.0010307499156576626, ""max_dropout"": 0.012818478921237442, ""max_units"": 505, ""momentum"": 0.8677686026728426, ""num_layers"": 1, ""weight_decay"": 0.08911688980592886}","{""time"": 14.685311317443848, ""val_accuracy"": 73.4460220336914, ""val_cross_entropy"": 0.5755963921546936, ""val_balanced_accuracy"": 0.7050279378890991, ""test_cross_entropy"": 0.6203022003173828, ""test_balanced_accuracy"": 0.702492356300354}"
2026-04-15T23:35:40.166147,cats,lcbench,126025,0,556,182.6702117919922,"{""OpenML_task_id"": ""189906"", ""batch_size"": 222, ""epoch"": 50, ""learning_rate"": 0.0007406550332327844, ""max_dropout"": 0.44856848237869484, ""max_units"": 446, ""momentum"": 0.3310022071432142, ""num_layers"": 3, ""weight_decay"": 0.021251772550871975}","{""time"": 182.6702117919922, ""val_accuracy"": 76.01036071777344, ""val_cross_entropy"": 0.4874487519264221, ""val_balanced_accuracy"": 0.793552577495575, ""test_cross_entropy"": 0.5766528844833374, ""test_balanced_accuracy"": 0.7930940985679626}"
2026-04-15T23:35:40.166652,cats,lcbench,126025,0,557,4.115224838256836,"{""OpenML_task_id"": ""189906"", ""batch_size"": 69, ""epoch"": 2, ""learning_rate"": 0.05056976979147285, ""max_dropout"": 0.2764776071283823, ""max_units"": 164, ""momentum"": 0.2683622342881489, ""num_layers"": 4, ""weight_decay"": 0.0425202289589354}","{""time"": 4.115224838256836, ""val_accuracy"": 71.76763916015625, ""val_cross_entropy"": 0.48531240224838257, ""val_balanced_accuracy"": 0.742439866065979, ""test_cross_entropy"": 0.6147623062133789, ""test_balanced_accuracy"": 0.7406068444252014}"
2026-04-15T23:35:40.167659,cats,lcbench,126025,0,558,182.7929229736328,"{""OpenML_task_id"": ""167184"", ""batch_size"": 36, ""epoch"": 18, ""learning_rate"": 0.040476857710482185, ""max_dropout"": 0.18559552391342526, ""max_units"": 814, ""momentum"": 0.4659741436126055, ""num_layers"": 4, ""weight_decay"": 0.01756891941450464}","{""time"": 182.7929229736328, ""val_accuracy"": 77.32997131347656, ""val_cross_entropy"": 0.438664972782135, ""val_balanced_accuracy"": 0.8233027458190918, ""test_cross_entropy"": 0.526461124420166, ""test_balanced_accuracy"": 0.8000205755233765}"
2026-04-15T23:35:40.167659,cats,lcbench,126025,0,559,95.60365295410156,"{""OpenML_task_id"": ""126025"", ""batch_size"": 42, ""epoch"": 30, ""learning_rate"": 0.0006357715516399097, ""max_dropout"": 0.10644925695792662, ""max_units"": 164, ""momentum"": 0.3581223856521294, ""num_layers"": 3, ""weight_decay"": 0.020813867731504565}","{""time"": 95.60365295410156, ""val_accuracy"": 79.92725372314453, ""val_cross_entropy"": 0.44124114513397217, ""val_balanced_accuracy"": 0.8052501082420349, ""test_cross_entropy"": 0.5479856729507446, ""test_balanced_accuracy"": 0.8033202886581421}"
2026-04-15T23:35:40.168658,cats,lcbench,126025,0,560,60.301231384277344,"{""OpenML_task_id"": ""168329"", ""batch_size"": 68, ""epoch"": 38, ""learning_rate"": 0.005187026675575339, ""max_dropout"": 0.7834175325625886, ""max_units"": 163, ""momentum"": 0.7512323493483245, ""num_layers"": 1, ""weight_decay"": 0.07122095870935549}","{""time"": 60.301231384277344, ""val_accuracy"": 76.15867614746094, ""val_cross_entropy"": 0.49089324474334717, ""val_balanced_accuracy"": 0.7989562153816223, ""test_cross_entropy"": 0.5643987059593201, ""test_balanced_accuracy"": 0.7900035977363586}"
2026-04-15T23:35:40.169659,cats,lcbench,126025,0,561,89.7454833984375,"{""OpenML_task_id"": ""167168"", ""batch_size"": 500, ""epoch"": 35, ""learning_rate"": 0.020216916714785652, ""max_dropout"": 0.4659245392542213, ""max_units"": 298, ""momentum"": 0.28544283397101045, ""num_layers"": 3, ""weight_decay"": 0.03294816961849439}","{""time"": 89.7454833984375, ""val_accuracy"": 78.96925354003906, ""val_cross_entropy"": 0.38600820302963257, ""val_balanced_accuracy"": 0.8191269040107727, ""test_cross_entropy"": 0.5284382700920105, ""test_balanced_accuracy"": 0.8151074647903442}"
2026-04-15T23:35:40.170658,cats,lcbench,126025,0,562,57.95573425292969,"{""OpenML_task_id"": ""168330"", ""batch_size"": 58, ""epoch"": 30, ""learning_rate"": 0.00038450170403381794, ""max_dropout"": 0.4535620932809298, ""max_units"": 161, ""momentum"": 0.374371553959182, ""num_layers"": 1, ""weight_decay"": 0.0890770421983782}","{""time"": 57.95573425292969, ""val_accuracy"": 78.3249740600586, ""val_cross_entropy"": 0.48758748173713684, ""val_balanced_accuracy"": 0.7668655514717102, ""test_cross_entropy"": 0.5807664394378662, ""test_balanced_accuracy"": 0.7656320333480835}"
2026-04-15T23:35:40.170658,cats,lcbench,126025,0,563,51.163265228271484,"{""OpenML_task_id"": ""168910"", ""batch_size"": 77, ""epoch"": 42, ""learning_rate"": 0.036069033848552076, ""max_dropout"": 0.37820023656156243, ""max_units"": 66, ""momentum"": 0.681658205064814, ""num_layers"": 3, ""weight_decay"": 0.024412346055198656}","{""time"": 51.163265228271484, ""val_accuracy"": 78.84388732910156, ""val_cross_entropy"": 0.41677114367485046, ""val_balanced_accuracy"": 0.8111015558242798, ""test_cross_entropy"": 0.5330677032470703, ""test_balanced_accuracy"": 0.7921341061592102}"
2026-04-15T23:35:40.171658,cats,lcbench,126025,0,564,21.939346313476562,"{""OpenML_task_id"": ""168910"", ""batch_size"": 95, ""epoch"": 21, ""learning_rate"": 0.003019341484043433, ""max_dropout"": 0.7715287622600013, ""max_units"": 75, ""momentum"": 0.2552792141082538, ""num_layers"": 5, ""weight_decay"": 0.03214183727820958}","{""time"": 21.939346313476562, ""val_accuracy"": 83.29623413085938, ""val_cross_entropy"": 0.5747178196907043, ""val_balanced_accuracy"": 0.6903557181358337, ""test_cross_entropy"": 0.6677714586257935, ""test_balanced_accuracy"": 0.6867297291755676}"
2026-04-15T23:35:40.172659,cats,lcbench,126025,0,565,59.857791900634766,"{""OpenML_task_id"": ""167104"", ""batch_size"": 27, ""epoch"": 25, ""learning_rate"": 0.00017950987500368637, ""max_dropout"": 0.14898981376642118, ""max_units"": 169, ""momentum"": 0.36062768615807195, ""num_layers"": 1, ""weight_decay"": 0.04135612420986107}","{""time"": 59.857791900634766, ""val_accuracy"": 79.71866607666016, ""val_cross_entropy"": 0.4676748514175415, ""val_balanced_accuracy"": 0.7740116119384766, ""test_cross_entropy"": 0.5731829404830933, ""test_balanced_accuracy"": 0.7716442942619324}"
2026-04-15T23:35:40.172659,cats,lcbench,126025,0,566,40.64337921142578,"{""OpenML_task_id"": ""168330"", ""batch_size"": 344, ""epoch"": 13, ""learning_rate"": 0.001850270415630237, ""max_dropout"": 0.3945954302107546, ""max_units"": 96, ""momentum"": 0.4715311553502838, ""num_layers"": 4, ""weight_decay"": 0.06682941475594048}","{""time"": 40.64337921142578, ""val_accuracy"": 59.28302764892578, ""val_cross_entropy"": 0.6698725819587708, ""val_balanced_accuracy"": 0.607719898223877, ""test_cross_entropy"": 0.6907026767730713, ""test_balanced_accuracy"": 0.6145177483558655}"
2026-04-15T23:35:40.173658,cats,lcbench,126025,0,567,45.13218307495117,"{""OpenML_task_id"": ""189908"", ""batch_size"": 36, ""epoch"": 20, ""learning_rate"": 0.0016586624936233657, ""max_dropout"": 0.8300176897099307, ""max_units"": 84, ""momentum"": 0.17820286703391214, ""num_layers"": 3, ""weight_decay"": 0.03764011300248758}","{""time"": 45.13218307495117, ""val_accuracy"": 78.71331024169922, ""val_cross_entropy"": 0.5144168138504028, ""val_balanced_accuracy"": 0.7817833423614502, ""test_cross_entropy"": 0.5941774845123291, ""test_balanced_accuracy"": 0.7772055864334106}"
2026-04-15T23:35:40.173658,cats,lcbench,126025,0,568,83.63630676269531,"{""OpenML_task_id"": ""167200"", ""batch_size"": 51, ""epoch"": 48, ""learning_rate"": 0.0005483199143957253, ""max_dropout"": 0.7951224184153227, ""max_units"": 128, ""momentum"": 0.7470986084934352, ""num_layers"": 1, ""weight_decay"": 0.04747438680612044}","{""time"": 83.63630676269531, ""val_accuracy"": 77.51130676269531, ""val_cross_entropy"": 0.47926297783851624, ""val_balanced_accuracy"": 0.7965004444122314, ""test_cross_entropy"": 0.560793936252594, ""test_balanced_accuracy"": 0.7924453616142273}"
2026-04-15T23:35:40.175164,cats,lcbench,126025,0,569,38.981170654296875,"{""OpenML_task_id"": ""167184"", ""batch_size"": 288, ""epoch"": 23, ""learning_rate"": 0.05341593226239206, ""max_dropout"": 0.22952365902760263, ""max_units"": 83, ""momentum"": 0.48551553069835984, ""num_layers"": 2, ""weight_decay"": 0.05571352583513745}","{""time"": 38.981170654296875, ""val_accuracy"": 78.75010681152344, ""val_cross_entropy"": 0.4240783452987671, ""val_balanced_accuracy"": 0.8067644238471985, ""test_cross_entropy"": 0.5550490021705627, ""test_balanced_accuracy"": 0.8010879158973694}"
2026-04-15T23:35:40.176171,cats,lcbench,126025,0,570,41.850990295410156,"{""OpenML_task_id"": ""167181"", ""batch_size"": 138, ""epoch"": 32, ""learning_rate"": 0.005591593799352705, ""max_dropout"": 0.2952830238212941, ""max_units"": 124, ""momentum"": 0.8557573409385053, ""num_layers"": 3, ""weight_decay"": 0.0739202978425663}","{""time"": 41.850990295410156, ""val_accuracy"": 78.61908721923828, ""val_cross_entropy"": 0.43457311391830444, ""val_balanced_accuracy"": 0.8004540801048279, ""test_cross_entropy"": 0.5525309443473816, ""test_balanced_accuracy"": 0.7969289422035217}"
2026-04-15T23:35:40.176171,cats,lcbench,126025,0,571,18.838043212890625,"{""OpenML_task_id"": ""167190"", ""batch_size"": 98, ""epoch"": 4, ""learning_rate"": 0.0008326090370253675, ""max_dropout"": 0.8007439760262148, ""max_units"": 198, ""momentum"": 0.9076939236659937, ""num_layers"": 2, ""weight_decay"": 0.012275141686946432}","{""time"": 18.838043212890625, ""val_accuracy"": 79.95286560058594, ""val_cross_entropy"": 0.4327923059463501, ""val_balanced_accuracy"": 0.8167835474014282, ""test_cross_entropy"": 0.5631706118583679, ""test_balanced_accuracy"": 0.8125989437103271}"
2026-04-15T23:35:40.177170,cats,lcbench,126025,0,572,56.043914794921875,"{""OpenML_task_id"": ""126029"", ""batch_size"": 245, ""epoch"": 12, ""learning_rate"": 0.0007524786427620561, ""max_dropout"": 0.7091420828893574, ""max_units"": 500, ""momentum"": 0.4562007516869979, ""num_layers"": 3, ""weight_decay"": 0.08770548225066405}","{""time"": 56.043914794921875, ""val_accuracy"": 76.83435821533203, ""val_cross_entropy"": 0.5795854926109314, ""val_balanced_accuracy"": 0.7904015183448792, ""test_cross_entropy"": 0.634676456451416, ""test_balanced_accuracy"": 0.7895878553390503}"
2026-04-15T23:35:40.178171,cats,lcbench,126025,0,573,57.205509185791016,"{""OpenML_task_id"": ""167201"", ""batch_size"": 215, ""epoch"": 52, ""learning_rate"": 0.021831395684826706, ""max_dropout"": 0.7972817890749734, ""max_units"": 222, ""momentum"": 0.7516015352926854, ""num_layers"": 2, ""weight_decay"": 0.05823592129996345}","{""time"": 57.205509185791016, ""val_accuracy"": 79.81756591796875, ""val_cross_entropy"": 0.4305819571018219, ""val_balanced_accuracy"": 0.8254458904266357, ""test_cross_entropy"": 0.5555338263511658, ""test_balanced_accuracy"": 0.8188800811767578}"
2026-04-15T23:35:40.179171,cats,lcbench,126025,0,574,116.97112274169922,"{""OpenML_task_id"": ""168910"", ""batch_size"": 268, ""epoch"": 27, ""learning_rate"": 0.004041293039094247, ""max_dropout"": 0.790770233323495, ""max_units"": 472, ""momentum"": 0.10301468907383188, ""num_layers"": 4, ""weight_decay"": 0.07629636991704968}","{""time"": 116.97112274169922, ""val_accuracy"": 78.66138458251953, ""val_cross_entropy"": 0.5573063492774963, ""val_balanced_accuracy"": 0.7774531841278076, ""test_cross_entropy"": 0.6415822505950928, ""test_balanced_accuracy"": 0.7768869400024414}"
2026-04-15T23:35:40.179171,cats,lcbench,126025,0,575,62.662071228027344,"{""OpenML_task_id"": ""167168"", ""batch_size"": 360, ""epoch"": 44, ""learning_rate"": 0.024974488763490902, ""max_dropout"": 0.9001194459533319, ""max_units"": 986, ""momentum"": 0.43601364192880576, ""num_layers"": 2, ""weight_decay"": 0.07275966175882732}","{""time"": 62.662071228027344, ""val_accuracy"": 80.46076965332031, ""val_cross_entropy"": 0.4803429841995239, ""val_balanced_accuracy"": 0.804892361164093, ""test_cross_entropy"": 0.5602174997329712, ""test_balanced_accuracy"": 0.804353654384613}"
2026-04-15T23:35:40.180171,cats,lcbench,126025,0,576,115.04536437988281,"{""OpenML_task_id"": ""189906"", ""batch_size"": 164, ""epoch"": 44, ""learning_rate"": 0.006188813060836202, ""max_dropout"": 0.9237412026228781, ""max_units"": 430, ""momentum"": 0.5459745739920365, ""num_layers"": 3, ""weight_decay"": 0.06215810337796065}","{""time"": 115.04536437988281, ""val_accuracy"": 76.54502868652344, ""val_cross_entropy"": 0.4538722634315491, ""val_balanced_accuracy"": 0.7987215518951416, ""test_cross_entropy"": 0.5654409527778625, ""test_balanced_accuracy"": 0.7944263815879822}"
2026-04-15T23:35:40.181171,cats,lcbench,126025,0,577,31.966983795166016,"{""OpenML_task_id"": ""146212"", ""batch_size"": 66, ""epoch"": 7, ""learning_rate"": 0.09491741340521392, ""max_dropout"": 0.3449668626931288, ""max_units"": 460, ""momentum"": 0.39761820993146757, ""num_layers"": 4, ""weight_decay"": 0.04469211927686719}","{""time"": 31.966983795166016, ""val_accuracy"": 77.66032409667969, ""val_cross_entropy"": 0.41240185499191284, ""val_balanced_accuracy"": 0.8191753029823303, ""test_cross_entropy"": 0.5476757287979126, ""test_balanced_accuracy"": 0.8041757345199585}"
2026-04-15T23:35:40.181171,cats,lcbench,126025,0,578,35.21331024169922,"{""OpenML_task_id"": ""189908"", ""batch_size"": 343, ""epoch"": 28, ""learning_rate"": 0.060429428662833844, ""max_dropout"": 0.38155181638094915, ""max_units"": 112, ""momentum"": 0.15751857158897103, ""num_layers"": 5, ""weight_decay"": 0.0022385966201891984}","{""time"": 35.21331024169922, ""val_accuracy"": 78.25255584716797, ""val_cross_entropy"": 0.26752611994743347, ""val_balanced_accuracy"": 0.8283684253692627, ""test_cross_entropy"": 0.4704985022544861, ""test_balanced_accuracy"": 0.8143397569656372}"
2026-04-15T23:35:40.182676,cats,lcbench,126025,0,579,62.46266174316406,"{""OpenML_task_id"": ""167190"", ""batch_size"": 211, ""epoch"": 45, ""learning_rate"": 0.0051450041725515944, ""max_dropout"": 0.4029702715970772, ""max_units"": 966, ""momentum"": 0.9541868668896332, ""num_layers"": 1, ""weight_decay"": 0.007604060794220213}","{""time"": 62.46266174316406, ""val_accuracy"": 79.1372299194336, ""val_cross_entropy"": 0.4187626242637634, ""val_balanced_accuracy"": 0.8078777194023132, ""test_cross_entropy"": 0.535454273223877, ""test_balanced_accuracy"": 0.808957040309906}"
2026-04-15T23:35:40.182676,cats,lcbench,126025,0,580,147.73175048828125,"{""OpenML_task_id"": ""126025"", ""batch_size"": 37, ""epoch"": 50, ""learning_rate"": 0.00021480352410280327, ""max_dropout"": 0.3442169529505481, ""max_units"": 243, ""momentum"": 0.10291007307415387, ""num_layers"": 5, ""weight_decay"": 0.030458528551177356}","{""time"": 147.73175048828125, ""val_accuracy"": 79.67215728759766, ""val_cross_entropy"": 0.6293681263923645, ""val_balanced_accuracy"": 0.7223504185676575, ""test_cross_entropy"": 0.6820001602172852, ""test_balanced_accuracy"": 0.7191500663757324}"
2026-04-15T23:35:40.183683,cats,lcbench,126025,0,581,102.27201080322266,"{""OpenML_task_id"": ""168908"", ""batch_size"": 17, ""epoch"": 31, ""learning_rate"": 0.006053847318847115, ""max_dropout"": 0.8866448026849595, ""max_units"": 428, ""momentum"": 0.8891432226781403, ""num_layers"": 3, ""weight_decay"": 0.05393619504245246}","{""time"": 102.27201080322266, ""val_accuracy"": 76.28384399414062, ""val_cross_entropy"": 0.5300156474113464, ""val_balanced_accuracy"": 0.7931802868843079, ""test_cross_entropy"": 0.5455291271209717, ""test_balanced_accuracy"": 0.7872869968414307}"
2026-04-15T23:35:40.184684,cats,lcbench,126025,0,582,53.28007125854492,"{""OpenML_task_id"": ""167184"", ""batch_size"": 131, ""epoch"": 16, ""learning_rate"": 0.00027978696651841345, ""max_dropout"": 0.37430409598632675, ""max_units"": 355, ""momentum"": 0.7585701153927501, ""num_layers"": 2, ""weight_decay"": 0.08710590781145122}","{""time"": 53.28007125854492, ""val_accuracy"": 78.19481658935547, ""val_cross_entropy"": 0.44746217131614685, ""val_balanced_accuracy"": 0.8017818927764893, ""test_cross_entropy"": 0.5744698643684387, ""test_balanced_accuracy"": 0.7969350218772888}"
2026-04-15T23:35:40.184684,cats,lcbench,126025,0,583,259.2336120605469,"{""OpenML_task_id"": ""189866"", ""batch_size"": 29, ""epoch"": 39, ""learning_rate"": 0.0058038852453112955, ""max_dropout"": 0.12347218998294429, ""max_units"": 506, ""momentum"": 0.5815436927026766, ""num_layers"": 5, ""weight_decay"": 0.034404890964848146}","{""time"": 259.2336120605469, ""val_accuracy"": 84.41162872314453, ""val_cross_entropy"": 0.37646088004112244, ""val_balanced_accuracy"": 0.8144252300262451, ""test_cross_entropy"": 0.5092127919197083, ""test_balanced_accuracy"": 0.805462121963501}"
2026-04-15T23:35:40.185683,cats,lcbench,126025,0,584,70.68864440917969,"{""OpenML_task_id"": ""167184"", ""batch_size"": 155, ""epoch"": 40, ""learning_rate"": 0.0008880861343899693, ""max_dropout"": 0.6161358326634144, ""max_units"": 187, ""momentum"": 0.983435254557348, ""num_layers"": 4, ""weight_decay"": 0.08439885128753748}","{""time"": 70.68864440917969, ""val_accuracy"": 75.1283950805664, ""val_cross_entropy"": 0.5438757538795471, ""val_balanced_accuracy"": 0.6120705604553223, ""test_cross_entropy"": 0.6557310819625854, ""test_balanced_accuracy"": 0.6163172125816345}"
2026-04-15T23:35:40.186683,cats,lcbench,126025,0,585,36.190834045410156,"{""OpenML_task_id"": ""146212"", ""batch_size"": 126, ""epoch"": 31, ""learning_rate"": 0.037048243013929706, ""max_dropout"": 0.9248461785400084, ""max_units"": 230, ""momentum"": 0.8286087066831928, ""num_layers"": 1, ""weight_decay"": 0.09914173467391735}","{""time"": 36.190834045410156, ""val_accuracy"": 75.16107177734375, ""val_cross_entropy"": 0.5037863850593567, ""val_balanced_accuracy"": 0.7775006294250488, ""test_cross_entropy"": 0.5785219073295593, ""test_balanced_accuracy"": 0.7672898173332214}"
2026-04-15T23:35:40.186683,cats,lcbench,126025,0,586,19.241046905517578,"{""OpenML_task_id"": ""167181"", ""batch_size"": 143, ""epoch"": 10, ""learning_rate"": 0.00012389681996535163, ""max_dropout"": 0.1149179717333575, ""max_units"": 178, ""momentum"": 0.12237288380218303, ""num_layers"": 5, ""weight_decay"": 0.09798066796127673}","{""time"": 19.241046905517578, ""val_accuracy"": 56.07443618774414, ""val_cross_entropy"": 0.555451512336731, ""val_balanced_accuracy"": 0.5803341269493103, ""test_cross_entropy"": 0.6743829250335693, ""test_balanced_accuracy"": 0.5708836913108826}"
2026-04-15T23:35:40.187683,cats,lcbench,126025,0,587,24.414531707763672,"{""OpenML_task_id"": ""167185"", ""batch_size"": 287, ""epoch"": 10, ""learning_rate"": 0.025514602838831408, ""max_dropout"": 0.7516456874104628, ""max_units"": 809, ""momentum"": 0.2193692186080384, ""num_layers"": 1, ""weight_decay"": 0.07203795654139014}","{""time"": 24.414531707763672, ""val_accuracy"": 77.22090148925781, ""val_cross_entropy"": 0.4514399766921997, ""val_balanced_accuracy"": 0.7896074056625366, ""test_cross_entropy"": 0.56510990858078, ""test_balanced_accuracy"": 0.7890774607658386}"
2026-04-15T23:35:40.188683,cats,lcbench,126025,0,588,110.3683090209961,"{""OpenML_task_id"": ""3945"", ""batch_size"": 196, ""epoch"": 51, ""learning_rate"": 0.0023256627147022852, ""max_dropout"": 0.46022073851666745, ""max_units"": 243, ""momentum"": 0.5009137657203309, ""num_layers"": 3, ""weight_decay"": 0.031815906305566924}","{""time"": 110.3683090209961, ""val_accuracy"": 77.36803436279297, ""val_cross_entropy"": 0.4357825815677643, ""val_balanced_accuracy"": 0.8033156991004944, ""test_cross_entropy"": 0.5461297035217285, ""test_balanced_accuracy"": 0.7994394302368164}"
2026-04-15T23:35:40.189683,cats,lcbench,126025,0,589,17.248348236083984,"{""OpenML_task_id"": ""167201"", ""batch_size"": 249, ""epoch"": 9, ""learning_rate"": 0.0028479529405557036, ""max_dropout"": 0.238115498931171, ""max_units"": 83, ""momentum"": 0.29214432355269193, ""num_layers"": 5, ""weight_decay"": 0.041166442303329935}","{""time"": 17.248348236083984, ""val_accuracy"": 60.3806037902832, ""val_cross_entropy"": 0.6307101249694824, ""val_balanced_accuracy"": 0.6202524304389954, ""test_cross_entropy"": 0.6838238835334778, ""test_balanced_accuracy"": 0.6176505088806152}"
2026-04-15T23:35:40.189683,cats,lcbench,126025,0,590,36.24940490722656,"{""OpenML_task_id"": ""189354"", ""batch_size"": 72, ""epoch"": 10, ""learning_rate"": 0.0007725766743998143, ""max_dropout"": 0.30686548361724, ""max_units"": 136, ""momentum"": 0.16721187157414377, ""num_layers"": 2, ""weight_decay"": 0.026532084612062325}","{""time"": 36.24940490722656, ""val_accuracy"": 76.87305450439453, ""val_cross_entropy"": 0.46869421005249023, ""val_balanced_accuracy"": 0.7734597325325012, ""test_cross_entropy"": 0.5871156454086304, ""test_balanced_accuracy"": 0.7711102366447449}"
2026-04-15T23:35:40.189683,cats,lcbench,126025,0,591,65.45659637451172,"{""OpenML_task_id"": ""167152"", ""batch_size"": 120, ""epoch"": 44, ""learning_rate"": 0.021318015602175062, ""max_dropout"": 0.12446678189632177, ""max_units"": 152, ""momentum"": 0.6716180378244907, ""num_layers"": 1, ""weight_decay"": 0.021433063275069796}","{""time"": 65.45659637451172, ""val_accuracy"": 76.33609771728516, ""val_cross_entropy"": 0.446811705827713, ""val_balanced_accuracy"": 0.7997170090675354, ""test_cross_entropy"": 0.5440283417701721, ""test_balanced_accuracy"": 0.7938583493232727}"
2026-04-15T23:35:40.191188,cats,lcbench,126025,0,592,43.676353454589844,"{""OpenML_task_id"": ""167184"", ""batch_size"": 23, ""epoch"": 26, ""learning_rate"": 0.0065568781273631785, ""max_dropout"": 0.9446077870556004, ""max_units"": 72, ""momentum"": 0.5379371400910041, ""num_layers"": 5, ""weight_decay"": 0.04238309760550729}","{""time"": 43.676353454589844, ""val_accuracy"": 88.2260513305664, ""val_cross_entropy"": 0.5075031518936157, ""val_balanced_accuracy"": 0.5804071426391602, ""test_cross_entropy"": 0.6456185579299927, ""test_balanced_accuracy"": 0.5717663764953613}"
2026-04-15T23:35:40.192195,cats,lcbench,126025,0,593,12.116697311401367,"{""OpenML_task_id"": ""167185"", ""batch_size"": 307, ""epoch"": 2, ""learning_rate"": 0.002465542747274065, ""max_dropout"": 0.7665370807190672, ""max_units"": 163, ""momentum"": 0.40088242153767706, ""num_layers"": 3, ""weight_decay"": 0.07351811418540012}","{""time"": 12.116697311401367, ""val_accuracy"": 52.392982482910156, ""val_cross_entropy"": 0.6338185667991638, ""val_balanced_accuracy"": 0.5402802228927612, ""test_cross_entropy"": 0.687111496925354, ""test_balanced_accuracy"": 0.546034038066864}"
2026-04-15T23:35:40.193195,cats,lcbench,126025,0,594,64.83466339111328,"{""OpenML_task_id"": ""3945"", ""batch_size"": 176, ""epoch"": 32, ""learning_rate"": 0.00010169793573406372, ""max_dropout"": 0.5547727127719457, ""max_units"": 336, ""momentum"": 0.8381747820625074, ""num_layers"": 1, ""weight_decay"": 0.08513133786465238}","{""time"": 64.83466339111328, ""val_accuracy"": 75.77687072753906, ""val_cross_entropy"": 0.5412348508834839, ""val_balanced_accuracy"": 0.7356301546096802, ""test_cross_entropy"": 0.6039667129516602, ""test_balanced_accuracy"": 0.7379559278488159}"
2026-04-15T23:35:40.193195,cats,lcbench,126025,0,595,74.09673309326172,"{""OpenML_task_id"": ""167149"", ""batch_size"": 35, ""epoch"": 22, ""learning_rate"": 0.0001747649827865355, ""max_dropout"": 0.24288072182373055, ""max_units"": 269, ""momentum"": 0.9380244249172903, ""num_layers"": 2, ""weight_decay"": 0.06907510355387286}","{""time"": 74.09673309326172, ""val_accuracy"": 80.38008117675781, ""val_cross_entropy"": 0.44872406125068665, ""val_balanced_accuracy"": 0.8112949728965759, ""test_cross_entropy"": 0.5440536737442017, ""test_balanced_accuracy"": 0.8029235601425171}"
2026-04-15T23:35:40.194195,cats,lcbench,126025,0,596,22.689571380615234,"{""OpenML_task_id"": ""167104"", ""batch_size"": 176, ""epoch"": 8, ""learning_rate"": 0.0976321246711441, ""max_dropout"": 0.4362408438094838, ""max_units"": 72, ""momentum"": 0.3959563638846195, ""num_layers"": 2, ""weight_decay"": 0.015463229816360245}","{""time"": 22.689571380615234, ""val_accuracy"": 81.79084014892578, ""val_cross_entropy"": 0.3819667100906372, ""val_balanced_accuracy"": 0.8170032501220703, ""test_cross_entropy"": 0.5307373404502869, ""test_balanced_accuracy"": 0.8128500580787659}"
2026-04-15T23:35:40.195195,cats,lcbench,126025,0,597,123.6269302368164,"{""OpenML_task_id"": ""189908"", ""batch_size"": 487, ""epoch"": 31, ""learning_rate"": 0.0021615334652621255, ""max_dropout"": 0.3802899269738247, ""max_units"": 349, ""momentum"": 0.10455208048025431, ""num_layers"": 4, ""weight_decay"": 0.060209848324755774}","{""time"": 123.6269302368164, ""val_accuracy"": 74.26105499267578, ""val_cross_entropy"": 0.627350926399231, ""val_balanced_accuracy"": 0.7565750479698181, ""test_cross_entropy"": 0.6775506138801575, ""test_balanced_accuracy"": 0.7585806250572205}"
2026-04-15T23:35:40.195195,cats,lcbench,126025,0,598,78.66083526611328,"{""OpenML_task_id"": ""189865"", ""batch_size"": 31, ""epoch"": 49, ""learning_rate"": 0.010347372682628024, ""max_dropout"": 0.364753330885651, ""max_units"": 155, ""momentum"": 0.8208927242921887, ""num_layers"": 2, ""weight_decay"": 0.04673656621692337}","{""time"": 78.66083526611328, ""val_accuracy"": 80.66544342041016, ""val_cross_entropy"": 0.4045623540878296, ""val_balanced_accuracy"": 0.8142372965812683, ""test_cross_entropy"": 0.5499120354652405, ""test_balanced_accuracy"": 0.8041450381278992}"
2026-04-15T23:35:40.196195,cats,lcbench,126025,0,599,62.270225524902344,"{""OpenML_task_id"": ""126029"", ""batch_size"": 50, ""epoch"": 35, ""learning_rate"": 0.021559444266007317, ""max_dropout"": 0.6861220136310366, ""max_units"": 131, ""momentum"": 0.6605124197662544, ""num_layers"": 1, ""weight_decay"": 0.0003924652482184195}","{""time"": 62.270225524902344, ""val_accuracy"": 76.45674896240234, ""val_cross_entropy"": 0.3873923718929291, ""val_balanced_accuracy"": 0.8020312190055847, ""test_cross_entropy"": 0.5240551829338074, ""test_balanced_accuracy"": 0.7962650060653687}"
2026-04-15T23:35:40.197195,cats,lcbench,126025,0,600,5.221039772033691,"{""OpenML_task_id"": ""126026"", ""batch_size"": 62, ""epoch"": 1, ""learning_rate"": 0.02195355390224864, ""max_dropout"": 0.3478065299039659, ""max_units"": 265, ""momentum"": 0.33970294401502776, ""num_layers"": 2, ""weight_decay"": 0.04035550898360889}","{""time"": 5.221039772033691, ""val_accuracy"": 47.0144157409668, ""val_cross_entropy"": 0.7028458714485168, ""val_balanced_accuracy"": 0.4877181649208069, ""test_cross_entropy"": 0.6973276734352112, ""test_balanced_accuracy"": 0.5025142431259155}"
2026-04-15T23:35:40.197195,cats,lcbench,126025,0,601,3.4542458057403564,"{""OpenML_task_id"": ""189906"", ""batch_size"": 280, ""epoch"": 2, ""learning_rate"": 0.06062931024206472, ""max_dropout"": 0.8217578459673132, ""max_units"": 64, ""momentum"": 0.9863532837789999, ""num_layers"": 3, ""weight_decay"": 0.020893981280488014}","{""time"": 3.4542458057403564, ""val_accuracy"": 77.25640106201172, ""val_cross_entropy"": 0.4063945710659027, ""val_balanced_accuracy"": 0.8001258969306946, ""test_cross_entropy"": 0.5685729384422302, ""test_balanced_accuracy"": 0.8004021644592285}"
2026-04-15T23:35:40.198195,cats,lcbench,126025,0,602,6.424468040466309,"{""OpenML_task_id"": ""7593"", ""batch_size"": 16, ""epoch"": 1, ""learning_rate"": 0.016947215798009976, ""max_dropout"": 0.5412660247315517, ""max_units"": 216, ""momentum"": 0.7943626600945539, ""num_layers"": 4, ""weight_decay"": 0.027225456382643412}","{""time"": 6.424468040466309, ""val_accuracy"": 36.40525817871094, ""val_cross_entropy"": 0.6758809089660645, ""val_balanced_accuracy"": 0.45871707797050476, ""test_cross_entropy"": 0.7145112752914429, ""test_balanced_accuracy"": 0.46659624576568604}"
2026-04-15T23:35:40.198700,cats,lcbench,126025,0,603,5.179205894470215,"{""OpenML_task_id"": ""189906"", ""batch_size"": 277, ""epoch"": 2, ""learning_rate"": 0.07075126030056102, ""max_dropout"": 1.0, ""max_units"": 124, ""momentum"": 0.8378774116684389, ""num_layers"": 4, ""weight_decay"": 0.018756253454366198}","{""time"": 5.179205894470215, ""val_accuracy"": 59.022178649902344, ""val_cross_entropy"": 0.5275720357894897, ""val_balanced_accuracy"": 0.6475181579589844, ""test_cross_entropy"": 0.655566394329071, ""test_balanced_accuracy"": 0.6397107243537903}"
2026-04-15T23:35:40.198700,cats,lcbench,126025,0,604,11.146145820617676,"{""OpenML_task_id"": ""168329"", ""batch_size"": 51, ""epoch"": 5, ""learning_rate"": 0.07116066447647174, ""max_dropout"": 0.34324753030797317, ""max_units"": 64, ""momentum"": 0.5176332936686097, ""num_layers"": 2, ""weight_decay"": 0.09073835329584168}","{""time"": 11.146145820617676, ""val_accuracy"": 78.49067687988281, ""val_cross_entropy"": 0.4241996109485626, ""val_balanced_accuracy"": 0.772489607334137, ""test_cross_entropy"": 0.5741879343986511, ""test_balanced_accuracy"": 0.7667719125747681}"
2026-04-15T23:35:40.199706,cats,lcbench,126025,0,605,2.232689380645752,"{""OpenML_task_id"": ""189906"", ""batch_size"": 241, ""epoch"": 1, ""learning_rate"": 0.08393833580165114, ""max_dropout"": 0.8463452793415654, ""max_units"": 64, ""momentum"": 0.99, ""num_layers"": 3, ""weight_decay"": 1e-05}","{""time"": 2.232689380645752, ""val_accuracy"": 56.2926139831543, ""val_cross_entropy"": 0.555260419845581, ""val_balanced_accuracy"": 0.6001954078674316, ""test_cross_entropy"": 0.6367619037628174, ""test_balanced_accuracy"": 0.6099623441696167}"
2026-04-15T23:35:40.199706,cats,lcbench,126025,0,606,5.062070369720459,"{""OpenML_task_id"": ""189906"", ""batch_size"": 350, ""epoch"": 1, ""learning_rate"": 0.06548963765711975, ""max_dropout"": 0.867161312230929, ""max_units"": 64, ""momentum"": 0.9674154849913754, ""num_layers"": 4, ""weight_decay"": 1e-05}","{""time"": 5.062070369720459, ""val_accuracy"": 51.27710723876953, ""val_cross_entropy"": 0.6387366056442261, ""val_balanced_accuracy"": 0.5408720374107361, ""test_cross_entropy"": 0.692378580570221, ""test_balanced_accuracy"": 0.5488575100898743}"
2026-04-15T23:35:40.200706,cats,lcbench,126025,0,607,8.189867973327637,"{""OpenML_task_id"": ""3945"", ""batch_size"": 494, ""epoch"": 1, ""learning_rate"": 0.027558223780853527, ""max_dropout"": 0.3835742541166571, ""max_units"": 390, ""momentum"": 0.23204143620647655, ""num_layers"": 4, ""weight_decay"": 0.036125316251022374}","{""time"": 8.189867973327637, ""val_accuracy"": 46.121437072753906, ""val_cross_entropy"": 0.6775435209274292, ""val_balanced_accuracy"": 0.4883055090904236, ""test_cross_entropy"": 0.6842178106307983, ""test_balanced_accuracy"": 0.49558478593826294}"
2026-04-15T23:35:40.201706,cats,lcbench,126025,0,608,11.855931282043457,"{""OpenML_task_id"": ""167200"", ""batch_size"": 300, ""epoch"": 1, ""learning_rate"": 0.02385214175964812, ""max_dropout"": 0.2831336784152424, ""max_units"": 185, ""momentum"": 0.5823347997677211, ""num_layers"": 1, ""weight_decay"": 0.022396495534236276}","{""time"": 11.855931282043457, ""val_accuracy"": 48.931663513183594, ""val_cross_entropy"": 0.7330169081687927, ""val_balanced_accuracy"": 0.4417644441127777, ""test_cross_entropy"": 0.6935055255889893, ""test_balanced_accuracy"": 0.44933444261550903}"
2026-04-15T23:35:40.201706,cats,lcbench,126025,0,609,1.9607677459716797,"{""OpenML_task_id"": ""7593"", ""batch_size"": 113, ""epoch"": 1, ""learning_rate"": 0.029625327677175857, ""max_dropout"": 0.5897938152272626, ""max_units"": 157, ""momentum"": 0.9072759593716018, ""num_layers"": 5, ""weight_decay"": 0.04136820104136871}","{""time"": 1.9607677459716797, ""val_accuracy"": 51.94670104980469, ""val_cross_entropy"": 0.5924447774887085, ""val_balanced_accuracy"": 0.5107782483100891, ""test_cross_entropy"": 0.7043648958206177, ""test_balanced_accuracy"": 0.5038588643074036}"
2026-04-15T23:35:40.202707,cats,lcbench,126025,0,610,3.239497184753418,"{""OpenML_task_id"": ""126026"", ""batch_size"": 70, ""epoch"": 1, ""learning_rate"": 0.03398137289328153, ""max_dropout"": 0.49330146529945507, ""max_units"": 240, ""momentum"": 0.11652796527690243, ""num_layers"": 3, ""weight_decay"": 0.014784558789185897}","{""time"": 3.239497184753418, ""val_accuracy"": 48.054847717285156, ""val_cross_entropy"": 0.6624020338058472, ""val_balanced_accuracy"": 0.5199651122093201, ""test_cross_entropy"": 0.6866058111190796, ""test_balanced_accuracy"": 0.5362127423286438}"
2026-04-15T23:35:40.202707,cats,lcbench,126025,0,611,4.73715877532959,"{""OpenML_task_id"": ""3945"", ""batch_size"": 469, ""epoch"": 1, ""learning_rate"": 0.02529779442417432, ""max_dropout"": 0.22550513615088394, ""max_units"": 340, ""momentum"": 0.17768268697709785, ""num_layers"": 3, ""weight_decay"": 0.04058489304917444}","{""time"": 4.73715877532959, ""val_accuracy"": 51.89015579223633, ""val_cross_entropy"": 0.6703914999961853, ""val_balanced_accuracy"": 0.5395994782447815, ""test_cross_entropy"": 0.6898773908615112, ""test_balanced_accuracy"": 0.5456832051277161}"
2026-04-15T23:35:40.203706,cats,lcbench,126025,0,612,3.7707905769348145,"{""OpenML_task_id"": ""167152"", ""batch_size"": 51, ""epoch"": 1, ""learning_rate"": 0.06007386527294878, ""max_dropout"": 0.3167395311940676, ""max_units"": 293, ""momentum"": 0.29564175441023965, ""num_layers"": 3, ""weight_decay"": 0.028322552708417565}","{""time"": 3.7707905769348145, ""val_accuracy"": 46.53018569946289, ""val_cross_entropy"": 0.6394816637039185, ""val_balanced_accuracy"": 0.5164346098899841, ""test_cross_entropy"": 0.6868810057640076, ""test_balanced_accuracy"": 0.529771625995636}"
2026-04-15T23:35:40.203706,cats,lcbench,126025,0,613,3.238102674484253,"{""OpenML_task_id"": ""168868"", ""batch_size"": 165, ""epoch"": 1, ""learning_rate"": 0.00010000000000000009, ""max_dropout"": 0.16562349825685696, ""max_units"": 366, ""momentum"": 0.41100269638902115, ""num_layers"": 1, ""weight_decay"": 0.008612356305340478}","{""time"": 3.238102674484253, ""val_accuracy"": 46.366641998291016, ""val_cross_entropy"": 0.7422559857368469, ""val_balanced_accuracy"": 0.43481186032295227, ""test_cross_entropy"": 0.7075238227844238, ""test_balanced_accuracy"": 0.41964617371559143}"
2026-04-15T23:35:40.204706,cats,lcbench,126025,0,614,4.770626068115234,"{""OpenML_task_id"": ""167184"", ""batch_size"": 301, ""epoch"": 1, ""learning_rate"": 0.04295294788137757, ""max_dropout"": 0.07417797058224593, ""max_units"": 120, ""momentum"": 0.48110292337448435, ""num_layers"": 3, ""weight_decay"": 1e-05}","{""time"": 4.770626068115234, ""val_accuracy"": 57.782745361328125, ""val_cross_entropy"": 0.691100537776947, ""val_balanced_accuracy"": 0.601669430732727, ""test_cross_entropy"": 0.6820605397224426, ""test_balanced_accuracy"": 0.6134555339813232}"
2026-04-15T23:35:40.204706,cats,lcbench,126025,0,615,4.447108745574951,"{""OpenML_task_id"": ""126026"", ""batch_size"": 59, ""epoch"": 1, ""learning_rate"": 0.07179137941627856, ""max_dropout"": 0.7065254877393345, ""max_units"": 404, ""momentum"": 0.39282782587859, ""num_layers"": 2, ""weight_decay"": 0.0662346825081179}","{""time"": 4.447108745574951, ""val_accuracy"": 49.22738265991211, ""val_cross_entropy"": 0.6996387839317322, ""val_balanced_accuracy"": 0.49395501613616943, ""test_cross_entropy"": 0.6889368295669556, ""test_balanced_accuracy"": 0.5044694542884827}"
2026-04-15T23:35:40.205706,cats,lcbench,126025,0,616,26.355636596679688,"{""OpenML_task_id"": ""126026"", ""batch_size"": 46, ""epoch"": 8, ""learning_rate"": 0.03611982013354259, ""max_dropout"": 0.44592208305140824, ""max_units"": 144, ""momentum"": 0.280819495327242, ""num_layers"": 1, ""weight_decay"": 0.040317979980574875}","{""time"": 26.355636596679688, ""val_accuracy"": 78.49172973632812, ""val_cross_entropy"": 0.4532228410243988, ""val_balanced_accuracy"": 0.8011505603790283, ""test_cross_entropy"": 0.5499049425125122, ""test_balanced_accuracy"": 0.7921673059463501}"
2026-04-15T23:35:40.205706,cats,lcbench,126025,0,617,9.642906188964844,"{""OpenML_task_id"": ""189906"", ""batch_size"": 35, ""epoch"": 8, ""learning_rate"": 0.040438533275303445, ""max_dropout"": 0.2853198740396967, ""max_units"": 80, ""momentum"": 0.29420553634448166, ""num_layers"": 4, ""weight_decay"": 0.04748790680200737}","{""time"": 9.642906188964844, ""val_accuracy"": 79.81238555908203, ""val_cross_entropy"": 0.42595162987709045, ""val_balanced_accuracy"": 0.783779501914978, ""test_cross_entropy"": 0.5666935443878174, ""test_balanced_accuracy"": 0.7726148366928101}"
2026-04-15T23:35:40.205706,cats,lcbench,126025,0,618,13.481884002685547,"{""OpenML_task_id"": ""189906"", ""batch_size"": 99, ""epoch"": 9, ""learning_rate"": 0.05264107859501553, ""max_dropout"": 0.27905764614717227, ""max_units"": 179, ""momentum"": 0.3081274755337726, ""num_layers"": 4, ""weight_decay"": 0.05264905120648166}","{""time"": 13.481884002685547, ""val_accuracy"": 79.3043441772461, ""val_cross_entropy"": 0.4185612201690674, ""val_balanced_accuracy"": 0.8020939230918884, ""test_cross_entropy"": 0.5625726580619812, ""test_balanced_accuracy"": 0.7925617694854736}"
2026-04-15T23:35:40.207211,cats,lcbench,126025,0,619,9.326361656188965,"{""OpenML_task_id"": ""168868"", ""batch_size"": 16, ""epoch"": 3, ""learning_rate"": 0.08094738612811705, ""max_dropout"": 0.7889877223154845, ""max_units"": 188, ""momentum"": 0.5276470169599227, ""num_layers"": 2, ""weight_decay"": 0.0524602785681825}","{""time"": 9.326361656188965, ""val_accuracy"": 76.8087158203125, ""val_cross_entropy"": 0.5124448537826538, ""val_balanced_accuracy"": 0.765159010887146, ""test_cross_entropy"": 0.5706524848937988, ""test_balanced_accuracy"": 0.7581279277801514}"
2026-04-15T23:35:40.208218,cats,lcbench,126025,0,620,8.669565200805664,"{""OpenML_task_id"": ""168331"", ""batch_size"": 62, ""epoch"": 6, ""learning_rate"": 0.011165064338729597, ""max_dropout"": 0.9273517401551045, ""max_units"": 67, ""momentum"": 0.3673228129099132, ""num_layers"": 4, ""weight_decay"": 0.02998364551302007}","{""time"": 8.669565200805664, ""val_accuracy"": 76.8125228881836, ""val_cross_entropy"": 0.4966374635696411, ""val_balanced_accuracy"": 0.7172938585281372, ""test_cross_entropy"": 0.6455031633377075, ""test_balanced_accuracy"": 0.7116819620132446}"
2026-04-15T23:35:40.208218,cats,lcbench,126025,0,621,3.91999888420105,"{""OpenML_task_id"": ""167181"", ""batch_size"": 34, ""epoch"": 1, ""learning_rate"": 0.053615356838112374, ""max_dropout"": 0.33402139027720795, ""max_units"": 181, ""momentum"": 0.543920215638804, ""num_layers"": 3, ""weight_decay"": 0.1}","{""time"": 3.91999888420105, ""val_accuracy"": 45.858280181884766, ""val_cross_entropy"": 0.6042137145996094, ""val_balanced_accuracy"": 0.5187546014785767, ""test_cross_entropy"": 0.7002498507499695, ""test_balanced_accuracy"": 0.5306666493415833}"
2026-04-15T23:35:40.209218,cats,lcbench,126025,0,622,6.272470951080322,"{""OpenML_task_id"": ""189862"", ""batch_size"": 16, ""epoch"": 1, ""learning_rate"": 0.02754102402184186, ""max_dropout"": 0.27219219052755017, ""max_units"": 138, ""momentum"": 0.2137137555792632, ""num_layers"": 2, ""weight_decay"": 0.038562884131204775}","{""time"": 6.272470951080322, ""val_accuracy"": 44.031463623046875, ""val_cross_entropy"": 0.7222108244895935, ""val_balanced_accuracy"": 0.4760686457157135, ""test_cross_entropy"": 0.6947900056838989, ""test_balanced_accuracy"": 0.4922601878643036}"
2026-04-15T23:35:40.209218,cats,lcbench,126025,0,623,6.753562927246094,"{""OpenML_task_id"": ""3945"", ""batch_size"": 430, ""epoch"": 1, ""learning_rate"": 0.034580548711816955, ""max_dropout"": 0.39551480063371125, ""max_units"": 253, ""momentum"": 0.29435785933966807, ""num_layers"": 4, ""weight_decay"": 0.036249280998675124}","{""time"": 6.753562927246094, ""val_accuracy"": 46.18138122558594, ""val_cross_entropy"": 0.6772691607475281, ""val_balanced_accuracy"": 0.4863433241844177, ""test_cross_entropy"": 0.6832020282745361, ""test_balanced_accuracy"": 0.4937308430671692}"
2026-04-15T23:35:40.210218,cats,lcbench,126025,0,624,10.17698860168457,"{""OpenML_task_id"": ""168329"", ""batch_size"": 16, ""epoch"": 1, ""learning_rate"": 0.058482510673049125, ""max_dropout"": 0.34635607151100833, ""max_units"": 149, ""momentum"": 0.3551626522211982, ""num_layers"": 1, ""weight_decay"": 0.1}","{""time"": 10.17698860168457, ""val_accuracy"": 54.179569244384766, ""val_cross_entropy"": 0.6989708542823792, ""val_balanced_accuracy"": 0.47284069657325745, ""test_cross_entropy"": 0.6711694002151489, ""test_balanced_accuracy"": 0.47426509857177734}"
2026-04-15T23:35:40.210218,cats,lcbench,126025,0,625,5.9126973152160645,"{""OpenML_task_id"": ""189906"", ""batch_size"": 130, ""epoch"": 4, ""learning_rate"": 0.03851536651523861, ""max_dropout"": 0.16214877556380608, ""max_units"": 121, ""momentum"": 0.36812780526954036, ""num_layers"": 4, ""weight_decay"": 0.04817586345993455}","{""time"": 5.9126973152160645, ""val_accuracy"": 77.84288024902344, ""val_cross_entropy"": 0.44133260846138, ""val_balanced_accuracy"": 0.7858332395553589, ""test_cross_entropy"": 0.5924665927886963, ""test_balanced_accuracy"": 0.7814568281173706}"
2026-04-15T23:35:40.211218,cats,lcbench,126025,0,626,11.242363929748535,"{""OpenML_task_id"": ""189354"", ""batch_size"": 199, ""epoch"": 1, ""learning_rate"": 0.029393279541891464, ""max_dropout"": 0.19174595727068564, ""max_units"": 168, ""momentum"": 0.5657751627812062, ""num_layers"": 1, ""weight_decay"": 0.015059045417987972}","{""time"": 11.242363929748535, ""val_accuracy"": 48.12556838989258, ""val_cross_entropy"": 0.7465574741363525, ""val_balanced_accuracy"": 0.43360021710395813, ""test_cross_entropy"": 0.6897558569908142, ""test_balanced_accuracy"": 0.44254791736602783}"
2026-04-15T23:35:40.211218,cats,lcbench,126025,0,627,16.304290771484375,"{""OpenML_task_id"": ""167152"", ""batch_size"": 296, ""epoch"": 7, ""learning_rate"": 0.057011949893817575, ""max_dropout"": 0.7920330925798877, ""max_units"": 123, ""momentum"": 0.9703297432045979, ""num_layers"": 3, ""weight_decay"": 0.01942951570274908}","{""time"": 16.304290771484375, ""val_accuracy"": 80.77691650390625, ""val_cross_entropy"": 0.4418083727359772, ""val_balanced_accuracy"": 0.8521309494972229, ""test_cross_entropy"": 0.5259383916854858, ""test_balanced_accuracy"": 0.8456254005432129}"
2026-04-15T23:35:40.212218,cats,lcbench,126025,0,628,9.550870895385742,"{""OpenML_task_id"": ""189906"", ""batch_size"": 121, ""epoch"": 6, ""learning_rate"": 0.05488974910802202, ""max_dropout"": 0.26407691585786963, ""max_units"": 242, ""momentum"": 0.23430618750174126, ""num_layers"": 5, ""weight_decay"": 0.03286984368693689}","{""time"": 9.550870895385742, ""val_accuracy"": 82.24575805664062, ""val_cross_entropy"": 0.36701837182044983, ""val_balanced_accuracy"": 0.8192065358161926, ""test_cross_entropy"": 0.5402528047561646, ""test_balanced_accuracy"": 0.8117856383323669}"
2026-04-15T23:35:40.212218,cats,lcbench,126025,0,629,7.159354209899902,"{""OpenML_task_id"": ""126026"", ""batch_size"": 16, ""epoch"": 1, ""learning_rate"": 0.018719983416672244, ""max_dropout"": 0.2944466299023432, ""max_units"": 246, ""momentum"": 0.2863737233083986, ""num_layers"": 2, ""weight_decay"": 0.03470458176306171}","{""time"": 7.159354209899902, ""val_accuracy"": 43.98143768310547, ""val_cross_entropy"": 0.7391793727874756, ""val_balanced_accuracy"": 0.4773807227611542, ""test_cross_entropy"": 0.6959100961685181, ""test_balanced_accuracy"": 0.49279096722602844}"
2026-04-15T23:35:40.213218,cats,lcbench,126025,0,630,15.389519691467285,"{""OpenML_task_id"": ""167161"", ""batch_size"": 33, ""epoch"": 4, ""learning_rate"": 0.04426200947493979, ""max_dropout"": 0.24491520202486952, ""max_units"": 300, ""momentum"": 0.1694763650111758, ""num_layers"": 3, ""weight_decay"": 0.04186223483945857}","{""time"": 15.389519691467285, ""val_accuracy"": 81.50336456298828, ""val_cross_entropy"": 0.37361958622932434, ""val_balanced_accuracy"": 0.827069103717804, ""test_cross_entropy"": 0.5326890349388123, ""test_balanced_accuracy"": 0.8191784024238586}"
2026-04-15T23:35:40.214218,cats,lcbench,126025,0,631,5.6059136390686035,"{""OpenML_task_id"": ""168868"", ""batch_size"": 96, ""epoch"": 1, ""learning_rate"": 0.011686460692275222, ""max_dropout"": 0.2731797405373516, ""max_units"": 461, ""momentum"": 0.5089321844475944, ""num_layers"": 2, ""weight_decay"": 0.011751078875404762}","{""time"": 5.6059136390686035, ""val_accuracy"": 47.50187683105469, ""val_cross_entropy"": 0.7171170711517334, ""val_balanced_accuracy"": 0.49869492650032043, ""test_cross_entropy"": 0.6918066143989563, ""test_balanced_accuracy"": 0.5154151320457458}"
2026-04-15T23:35:40.214724,cats,lcbench,126025,0,632,10.713859558105469,"{""OpenML_task_id"": ""189905"", ""batch_size"": 70, ""epoch"": 1, ""learning_rate"": 0.07164028504019052, ""max_dropout"": 0.435670407233135, ""max_units"": 163, ""momentum"": 0.387451494198206, ""num_layers"": 1, ""weight_decay"": 0.1}","{""time"": 10.713859558105469, ""val_accuracy"": 52.63045883178711, ""val_cross_entropy"": 0.7286198735237122, ""val_balanced_accuracy"": 0.4626103341579437, ""test_cross_entropy"": 0.677535891532898, ""test_balanced_accuracy"": 0.4652605652809143}"
2026-04-15T23:35:40.214724,cats,lcbench,126025,0,633,25.967971801757812,"{""OpenML_task_id"": ""168335"", ""batch_size"": 16, ""epoch"": 8, ""learning_rate"": 0.01918550751294064, ""max_dropout"": 0.3637703291637261, ""max_units"": 102, ""momentum"": 0.11211223626143693, ""num_layers"": 1, ""weight_decay"": 0.01726502688572506}","{""time"": 25.967971801757812, ""val_accuracy"": 80.88668823242188, ""val_cross_entropy"": 0.42736560106277466, ""val_balanced_accuracy"": 0.8108478784561157, ""test_cross_entropy"": 0.5364988446235657, ""test_balanced_accuracy"": 0.8037172555923462}"
2026-04-15T23:35:40.215730,cats,lcbench,126025,0,634,7.156565189361572,"{""OpenML_task_id"": ""3945"", ""batch_size"": 43, ""epoch"": 1, ""learning_rate"": 0.0026786183916569783, ""max_dropout"": 0.14152775871647344, ""max_units"": 557, ""momentum"": 0.611759123673319, ""num_layers"": 3, ""weight_decay"": 0.0231522505211992}","{""time"": 7.156565189361572, ""val_accuracy"": 45.92988586425781, ""val_cross_entropy"": 0.6174840331077576, ""val_balanced_accuracy"": 0.5131932497024536, ""test_cross_entropy"": 0.6951873302459717, ""test_balanced_accuracy"": 0.5300991535186768}"
2026-04-15T23:35:40.215730,cats,lcbench,126025,0,635,12.84042739868164,"{""OpenML_task_id"": ""167185"", ""batch_size"": 21, ""epoch"": 3, ""learning_rate"": 0.03748351052658856, ""max_dropout"": 0.3237904208829966, ""max_units"": 241, ""momentum"": 0.12524268831598814, ""num_layers"": 3, ""weight_decay"": 0.012152898220320845}","{""time"": 12.84042739868164, ""val_accuracy"": 83.89990997314453, ""val_cross_entropy"": 0.33268144726753235, ""val_balanced_accuracy"": 0.8395217061042786, ""test_cross_entropy"": 0.5089483857154846, ""test_balanced_accuracy"": 0.8364114165306091}"
2026-04-15T23:35:40.216730,cats,lcbench,126025,0,636,3.861431121826172,"{""OpenML_task_id"": ""7593"", ""batch_size"": 30, ""epoch"": 1, ""learning_rate"": 0.02888498995891376, ""max_dropout"": 0.5960871970324129, ""max_units"": 68, ""momentum"": 0.9345103672039712, ""num_layers"": 4, ""weight_decay"": 0.03531336013930918}","{""time"": 3.861431121826172, ""val_accuracy"": 36.076576232910156, ""val_cross_entropy"": 0.6292591691017151, ""val_balanced_accuracy"": 0.4428578019142151, ""test_cross_entropy"": 0.7233619689941406, ""test_balanced_accuracy"": 0.44822680950164795}"
2026-04-15T23:35:40.216730,cats,lcbench,126025,0,637,5.91409158706665,"{""OpenML_task_id"": ""168329"", ""batch_size"": 45, ""epoch"": 1, ""learning_rate"": 0.06281540664292315, ""max_dropout"": 0.1882018804802852, ""max_units"": 237, ""momentum"": 0.39388011058520295, ""num_layers"": 2, ""weight_decay"": 0.1}","{""time"": 5.91409158706665, ""val_accuracy"": 49.48683547973633, ""val_cross_entropy"": 0.6606037616729736, ""val_balanced_accuracy"": 0.49881669878959656, ""test_cross_entropy"": 0.696894109249115, ""test_balanced_accuracy"": 0.5092442035675049}"
2026-04-15T23:35:40.217730,cats,lcbench,126025,0,638,13.879307746887207,"{""OpenML_task_id"": ""126026"", ""batch_size"": 81, ""epoch"": 4, ""learning_rate"": 0.041677707678580186, ""max_dropout"": 0.29116220795777514, ""max_units"": 313, ""momentum"": 0.3610492505838919, ""num_layers"": 3, ""weight_decay"": 0.03142444687099338}","{""time"": 13.879307746887207, ""val_accuracy"": 80.81513214111328, ""val_cross_entropy"": 0.370450496673584, ""val_balanced_accuracy"": 0.8298707604408264, ""test_cross_entropy"": 0.5292278528213501, ""test_balanced_accuracy"": 0.8220239281654358}"
2026-04-15T23:35:40.218730,cats,lcbench,126025,0,639,4.523804664611816,"{""OpenML_task_id"": ""168868"", ""batch_size"": 74, ""epoch"": 1, ""learning_rate"": 0.00010000000000000009, ""max_dropout"": 0.34335145513270526, ""max_units"": 469, ""momentum"": 0.6197236300518054, ""num_layers"": 1, ""weight_decay"": 0.01852685763058647}","{""time"": 4.523804664611816, ""val_accuracy"": 47.05308151245117, ""val_cross_entropy"": 0.7518855333328247, ""val_balanced_accuracy"": 0.4355497658252716, ""test_cross_entropy"": 0.7118318676948547, ""test_balanced_accuracy"": 0.4318356513977051}"
2026-04-15T23:35:40.218730,cats,lcbench,126025,0,640,28.73599624633789,"{""OpenML_task_id"": ""168868"", ""batch_size"": 21, ""epoch"": 9, ""learning_rate"": 0.07008118514325994, ""max_dropout"": 0.7765274599404178, ""max_units"": 405, ""momentum"": 0.4000315990740658, ""num_layers"": 2, ""weight_decay"": 0.06075137116447157}","{""time"": 28.73599624633789, ""val_accuracy"": 79.404541015625, ""val_cross_entropy"": 0.4557640552520752, ""val_balanced_accuracy"": 0.8027719259262085, ""test_cross_entropy"": 0.5622715950012207, ""test_balanced_accuracy"": 0.7922005653381348}"
2026-04-15T23:35:40.219729,cats,lcbench,126025,0,641,3.670388698577881,"{""OpenML_task_id"": ""167149"", ""batch_size"": 16, ""epoch"": 1, ""learning_rate"": 0.03604286543636556, ""max_dropout"": 0.3796640128361046, ""max_units"": 189, ""momentum"": 0.3649904382233567, ""num_layers"": 3, ""weight_decay"": 0.05357998816795391}","{""time"": 3.670388698577881, ""val_accuracy"": 44.95637893676758, ""val_cross_entropy"": 0.6267189979553223, ""val_balanced_accuracy"": 0.512956440448761, ""test_cross_entropy"": 0.6949648857116699, ""test_balanced_accuracy"": 0.5268323421478271}"
2026-04-15T23:35:40.219729,cats,lcbench,126025,0,642,2.4516212940216064,"{""OpenML_task_id"": ""168331"", ""batch_size"": 118, ""epoch"": 2, ""learning_rate"": 0.027405486049248445, ""max_dropout"": 0.7940085691434654, ""max_units"": 64, ""momentum"": 0.3574309986421832, ""num_layers"": 5, ""weight_decay"": 0.03026443246343076}","{""time"": 2.4516212940216064, ""val_accuracy"": 62.43254089355469, ""val_cross_entropy"": 0.568246066570282, ""val_balanced_accuracy"": 0.5886932611465454, ""test_cross_entropy"": 0.6876851320266724, ""test_balanced_accuracy"": 0.5798649787902832}"
2026-04-15T23:35:40.220742,cats,lcbench,126025,0,643,6.446779727935791,"{""OpenML_task_id"": ""168329"", ""batch_size"": 16, ""epoch"": 1, ""learning_rate"": 0.06248648715206677, ""max_dropout"": 0.32238584903865863, ""max_units"": 234, ""momentum"": 0.580003131067604, ""num_layers"": 2, ""weight_decay"": 0.1}","{""time"": 6.446779727935791, ""val_accuracy"": 48.76442337036133, ""val_cross_entropy"": 0.6469912528991699, ""val_balanced_accuracy"": 0.4999415874481201, ""test_cross_entropy"": 0.7012861371040344, ""test_balanced_accuracy"": 0.509118914604187}"
2026-04-15T23:35:40.220742,cats,lcbench,126025,0,644,22.039749145507812,"{""OpenML_task_id"": ""168868"", ""batch_size"": 23, ""epoch"": 4, ""learning_rate"": 0.012532168136834245, ""max_dropout"": 0.2768051374248016, ""max_units"": 461, ""momentum"": 0.5366170514360056, ""num_layers"": 2, ""weight_decay"": 0.012754787764196446}","{""time"": 22.039749145507812, ""val_accuracy"": 82.40184020996094, ""val_cross_entropy"": 0.390392929315567, ""val_balanced_accuracy"": 0.808841347694397, ""test_cross_entropy"": 0.5172160267829895, ""test_balanced_accuracy"": 0.8023051023483276}"
2026-04-15T23:35:40.221754,cats,lcbench,126025,0,645,21.752487182617188,"{""OpenML_task_id"": ""168331"", ""batch_size"": 66, ""epoch"": 8, ""learning_rate"": 0.012629757283559096, ""max_dropout"": 0.8862912496029232, ""max_units"": 64, ""momentum"": 0.21998582453750903, ""num_layers"": 3, ""weight_decay"": 0.0146991486821729}","{""time"": 21.752487182617188, ""val_accuracy"": 75.7130126953125, ""val_cross_entropy"": 0.4985097348690033, ""val_balanced_accuracy"": 0.788033664226532, ""test_cross_entropy"": 0.5691786408424377, ""test_balanced_accuracy"": 0.7837271690368652}"
2026-04-15T23:35:40.221754,cats,lcbench,126025,0,646,5.697948932647705,"{""OpenML_task_id"": ""34539"", ""batch_size"": 348, ""epoch"": 1, ""learning_rate"": 0.06067819646917694, ""max_dropout"": 1.0, ""max_units"": 64, ""momentum"": 0.99, ""num_layers"": 2, ""weight_decay"": 0.015585391048104996}","{""time"": 5.697948932647705, ""val_accuracy"": 47.92450714111328, ""val_cross_entropy"": 0.7280115485191345, ""val_balanced_accuracy"": 0.5068690776824951, ""test_cross_entropy"": 0.7164970636367798, ""test_balanced_accuracy"": 0.518952488899231}"
2026-04-15T23:35:40.223262,cats,lcbench,126025,0,647,5.527823448181152,"{""OpenML_task_id"": ""189906"", ""batch_size"": 344, ""epoch"": 1, ""learning_rate"": 0.07020798079326715, ""max_dropout"": 0.8102782634379881, ""max_units"": 68, ""momentum"": 0.8266496572225124, ""num_layers"": 4, ""weight_decay"": 0.009799327536259846}","{""time"": 5.527823448181152, ""val_accuracy"": 37.182247161865234, ""val_cross_entropy"": 0.730421245098114, ""val_balanced_accuracy"": 0.4258166551589966, ""test_cross_entropy"": 0.7205830216407776, ""test_balanced_accuracy"": 0.429714173078537}"
2026-04-15T23:35:40.225270,cats,lcbench,126025,0,648,4.578188896179199,"{""OpenML_task_id"": ""168868"", ""batch_size"": 274, ""epoch"": 1, ""learning_rate"": 0.07993428388513388, ""max_dropout"": 1.0, ""max_units"": 64, ""momentum"": 0.99, ""num_layers"": 4, ""weight_decay"": 0.012301587311612253}","{""time"": 4.578188896179199, ""val_accuracy"": 34.193119049072266, ""val_cross_entropy"": 0.6726213693618774, ""val_balanced_accuracy"": 0.43329599499702454, ""test_cross_entropy"": 0.7253568172454834, ""test_balanced_accuracy"": 0.4292333424091339}"
2026-04-15T23:35:40.225270,cats,lcbench,126025,0,649,23.293376922607422,"{""OpenML_task_id"": ""3945"", ""batch_size"": 507, ""epoch"": 4, ""learning_rate"": 0.028537993957225172, ""max_dropout"": 0.3489526339281133, ""max_units"": 379, ""momentum"": 0.28888986862127286, ""num_layers"": 3, ""weight_decay"": 0.05936100309242527}","{""time"": 23.293376922607422, ""val_accuracy"": 80.17123413085938, ""val_cross_entropy"": 0.4309796392917633, ""val_balanced_accuracy"": 0.8205545544624329, ""test_cross_entropy"": 0.5678563117980957, ""test_balanced_accuracy"": 0.8217950463294983}"
2026-04-15T23:35:40.226268,cats,lcbench,126025,0,650,6.388211727142334,"{""OpenML_task_id"": ""126026"", ""batch_size"": 16, ""epoch"": 2, ""learning_rate"": 0.039980971439491766, ""max_dropout"": 0.49317645310040037, ""max_units"": 77, ""momentum"": 0.30335884382579514, ""num_layers"": 2, ""weight_decay"": 0.02247074705125624}","{""time"": 6.388211727142334, ""val_accuracy"": 78.76542663574219, ""val_cross_entropy"": 0.41677525639533997, ""val_balanced_accuracy"": 0.7780302166938782, ""test_cross_entropy"": 0.5506470203399658, ""test_balanced_accuracy"": 0.779218316078186}"
2026-04-15T23:35:40.226268,cats,lcbench,126025,0,651,6.883248805999756,"{""OpenML_task_id"": ""168868"", ""batch_size"": 37, ""epoch"": 1, ""learning_rate"": 0.01303184226157763, ""max_dropout"": 0.06657571893292294, ""max_units"": 437, ""momentum"": 0.641872086053012, ""num_layers"": 3, ""weight_decay"": 0.02276854644794921}","{""time"": 6.883248805999756, ""val_accuracy"": 45.05990982055664, ""val_cross_entropy"": 0.6155059337615967, ""val_balanced_accuracy"": 0.5173524618148804, ""test_cross_entropy"": 0.6898162364959717, ""test_balanced_accuracy"": 0.5348389148712158}"
2026-04-15T23:35:40.227268,cats,lcbench,126025,0,652,7.427092552185059,"{""OpenML_task_id"": ""3945"", ""batch_size"": 479, ""epoch"": 1, ""learning_rate"": 0.04807899893409206, ""max_dropout"": 0.40959956391150976, ""max_units"": 485, ""momentum"": 0.2648427649637952, ""num_layers"": 4, ""weight_decay"": 0.045821486571140296}","{""time"": 7.427092552185059, ""val_accuracy"": 47.97123718261719, ""val_cross_entropy"": 0.6904767751693726, ""val_balanced_accuracy"": 0.4919279217720032, ""test_cross_entropy"": 0.6872576475143433, ""test_balanced_accuracy"": 0.5003689527511597}"
2026-04-15T23:35:40.227268,cats,lcbench,126025,0,653,15.204054832458496,"{""OpenML_task_id"": ""189865"", ""batch_size"": 16, ""epoch"": 8, ""learning_rate"": 0.04957985620499575, ""max_dropout"": 0.1616784185300085, ""max_units"": 200, ""momentum"": 0.5608663735931083, ""num_layers"": 3, ""weight_decay"": 0.1}","{""time"": 15.204054832458496, ""val_accuracy"": 80.11284637451172, ""val_cross_entropy"": 0.42625272274017334, ""val_balanced_accuracy"": 0.8019745945930481, ""test_cross_entropy"": 0.5847415924072266, ""test_balanced_accuracy"": 0.794082522392273}"
2026-04-15T23:35:40.228269,cats,lcbench,126025,0,654,3.935338020324707,"{""OpenML_task_id"": ""168331"", ""batch_size"": 95, ""epoch"": 1, ""learning_rate"": 0.01528364895268067, ""max_dropout"": 0.9024972918745442, ""max_units"": 166, ""momentum"": 0.36917136652714466, ""num_layers"": 3, ""weight_decay"": 0.01810534776263181}","{""time"": 3.935338020324707, ""val_accuracy"": 44.17109680175781, ""val_cross_entropy"": 0.6587849259376526, ""val_balanced_accuracy"": 0.4868222177028656, ""test_cross_entropy"": 0.6999963521957397, ""test_balanced_accuracy"": 0.49464893341064453}"
2026-04-15T23:35:40.228269,cats,lcbench,126025,0,655,9.776775360107422,"{""OpenML_task_id"": ""168329"", ""batch_size"": 16, ""epoch"": 1, ""learning_rate"": 0.05686595599805085, ""max_dropout"": 0.14579084233230769, ""max_units"": 106, ""momentum"": 0.5729315606746193, ""num_layers"": 1, ""weight_decay"": 0.1}","{""time"": 9.776775360107422, ""val_accuracy"": 53.53487777709961, ""val_cross_entropy"": 0.6856912970542908, ""val_balanced_accuracy"": 0.46134939789772034, ""test_cross_entropy"": 0.67399662733078, ""test_balanced_accuracy"": 0.4607584476470947}"
2026-04-15T23:35:40.229268,cats,lcbench,126025,0,656,18.071086883544922,"{""OpenML_task_id"": ""167184"", ""batch_size"": 231, ""epoch"": 4, ""learning_rate"": 0.04135266724611533, ""max_dropout"": 0.33733118227407577, ""max_units"": 172, ""momentum"": 0.5355018787142591, ""num_layers"": 2, ""weight_decay"": 0.006526793437523239}","{""time"": 18.071086883544922, ""val_accuracy"": 80.7202377319336, ""val_cross_entropy"": 0.38530945777893066, ""val_balanced_accuracy"": 0.8087426424026489, ""test_cross_entropy"": 0.524919331073761, ""test_balanced_accuracy"": 0.8050075173377991}"
2026-04-15T23:35:40.229268,cats,lcbench,126025,0,657,18.414127349853516,"{""OpenML_task_id"": ""189906"", ""batch_size"": 54, ""epoch"": 8, ""learning_rate"": 0.039837136225019845, ""max_dropout"": 0.2626920275789901, ""max_units"": 264, ""momentum"": 0.22683027944755801, ""num_layers"": 4, ""weight_decay"": 0.031426069318712634}","{""time"": 18.414127349853516, ""val_accuracy"": 78.84734344482422, ""val_cross_entropy"": 0.3883233666419983, ""val_balanced_accuracy"": 0.8221085667610168, ""test_cross_entropy"": 0.5268452167510986, ""test_balanced_accuracy"": 0.807803750038147}"
2026-04-15T23:35:40.230272,cats,lcbench,126025,0,658,4.070601463317871,"{""OpenML_task_id"": ""168868"", ""batch_size"": 139, ""epoch"": 1, ""learning_rate"": 0.00010000000000000009, ""max_dropout"": 0.31810460892869785, ""max_units"": 590, ""momentum"": 0.5710755159843219, ""num_layers"": 1, ""weight_decay"": 0.020564014229974097}","{""time"": 4.070601463317871, ""val_accuracy"": 45.81456756591797, ""val_cross_entropy"": 0.7587457299232483, ""val_balanced_accuracy"": 0.43359196186065674, ""test_cross_entropy"": 0.7084364891052246, ""test_balanced_accuracy"": 0.42257463932037354}"
2026-04-15T23:35:40.230777,cats,lcbench,126025,0,659,9.101851463317871,"{""OpenML_task_id"": ""168330"", ""batch_size"": 16, ""epoch"": 1, ""learning_rate"": 0.07334338967642086, ""max_dropout"": 0.42650508738710247, ""max_units"": 102, ""momentum"": 0.4385997808076222, ""num_layers"": 1, ""weight_decay"": 0.09052076453928279}","{""time"": 9.101851463317871, ""val_accuracy"": 53.635345458984375, ""val_cross_entropy"": 0.7073426246643066, ""val_balanced_accuracy"": 0.4713558554649353, ""test_cross_entropy"": 0.6718767881393433, ""test_balanced_accuracy"": 0.47492679953575134}"
2026-04-15T23:35:40.230777,cats,lcbench,126025,0,660,11.480818748474121,"{""OpenML_task_id"": ""167184"", ""batch_size"": 286, ""epoch"": 4, ""learning_rate"": 0.022546388291388338, ""max_dropout"": 0.09552264495545332, ""max_units"": 119, ""momentum"": 0.44093698041622403, ""num_layers"": 3, ""weight_decay"": 1e-05}","{""time"": 11.480818748474121, ""val_accuracy"": 78.72787475585938, ""val_cross_entropy"": 0.4956519901752472, ""val_balanced_accuracy"": 0.7705206871032715, ""test_cross_entropy"": 0.5654566287994385, ""test_balanced_accuracy"": 0.7706617712974548}"
2026-04-15T23:35:40.231782,cats,lcbench,126025,0,661,20.175342559814453,"{""OpenML_task_id"": ""126026"", ""batch_size"": 61, ""epoch"": 5, ""learning_rate"": 0.0419579190278396, ""max_dropout"": 0.37174706912154465, ""max_units"": 210, ""momentum"": 0.26460430941732693, ""num_layers"": 1, ""weight_decay"": 0.018765423397079824}","{""time"": 20.175342559814453, ""val_accuracy"": 79.94799041748047, ""val_cross_entropy"": 0.4321531355381012, ""val_balanced_accuracy"": 0.8075557351112366, ""test_cross_entropy"": 0.5401319265365601, ""test_balanced_accuracy"": 0.8028745651245117}"
2026-04-15T23:35:40.231782,cats,lcbench,126025,0,662,4.434558391571045,"{""OpenML_task_id"": ""189906"", ""batch_size"": 360, ""epoch"": 1, ""learning_rate"": 0.06773693688420135, ""max_dropout"": 0.7823623929197573, ""max_units"": 155, ""momentum"": 0.939075163097542, ""num_layers"": 3, ""weight_decay"": 7.763674712437871e-05}","{""time"": 4.434558391571045, ""val_accuracy"": 56.22415542602539, ""val_cross_entropy"": 0.5334539413452148, ""val_balanced_accuracy"": 0.5931011438369751, ""test_cross_entropy"": 0.6390398740768433, ""test_balanced_accuracy"": 0.602971076965332}"
2026-04-15T23:35:40.232783,cats,lcbench,126025,0,663,4.116619110107422,"{""OpenML_task_id"": ""167168"", ""batch_size"": 16, ""epoch"": 1, ""learning_rate"": 0.003761201961831667, ""max_dropout"": 0.8249437478135639, ""max_units"": 78, ""momentum"": 0.3886929069465537, ""num_layers"": 4, ""weight_decay"": 0.035376576092226525}","{""time"": 4.116619110107422, ""val_accuracy"": 36.97940444946289, ""val_cross_entropy"": 0.6567286849021912, ""val_balanced_accuracy"": 0.45916613936424255, ""test_cross_entropy"": 0.705863356590271, ""test_balanced_accuracy"": 0.4571283161640167}"
2026-04-15T23:35:40.233783,cats,lcbench,126025,0,664,5.396743297576904,"{""OpenML_task_id"": ""167184"", ""batch_size"": 289, ""epoch"": 1, ""learning_rate"": 0.02859139699145942, ""max_dropout"": 0.19188661128450565, ""max_units"": 376, ""momentum"": 0.3738575878644307, ""num_layers"": 2, ""weight_decay"": 0.014397609560742578}","{""time"": 5.396743297576904, ""val_accuracy"": 49.32475280761719, ""val_cross_entropy"": 0.6839012503623962, ""val_balanced_accuracy"": 0.513735830783844, ""test_cross_entropy"": 0.6850602626800537, ""test_balanced_accuracy"": 0.523339033126831}"
2026-04-15T23:35:40.233783,cats,lcbench,126025,0,665,5.940586566925049,"{""OpenML_task_id"": ""168329"", ""batch_size"": 16, ""epoch"": 1, ""learning_rate"": 0.0464953000349907, ""max_dropout"": 0.3524990834794496, ""max_units"": 224, ""momentum"": 0.35633313742260875, ""num_layers"": 2, ""weight_decay"": 0.0868551321171577}","{""time"": 5.940586566925049, ""val_accuracy"": 47.84331512451172, ""val_cross_entropy"": 0.6885757446289062, ""val_balanced_accuracy"": 0.4934917092323303, ""test_cross_entropy"": 0.6968187093734741, ""test_balanced_accuracy"": 0.5041414499282837}"
2026-04-15T23:35:40.234783,cats,lcbench,126025,0,666,9.094879150390625,"{""OpenML_task_id"": ""168868"", ""batch_size"": 21, ""epoch"": 2, ""learning_rate"": 0.07989003450582013, ""max_dropout"": 0.8296432324881875, ""max_units"": 419, ""momentum"": 0.5852576974921495, ""num_layers"": 2, ""weight_decay"": 0.06156768016489893}","{""time"": 9.094879150390625, ""val_accuracy"": 74.21517944335938, ""val_cross_entropy"": 0.5983276963233948, ""val_balanced_accuracy"": 0.7262545228004456, ""test_cross_entropy"": 0.5958376526832581, ""test_balanced_accuracy"": 0.7237944006919861}"
2026-04-15T23:35:40.234783,cats,lcbench,126025,0,667,3.0707662105560303,"{""OpenML_task_id"": ""126026"", ""batch_size"": 16, ""epoch"": 1, ""learning_rate"": 0.02228806868996764, ""max_dropout"": 0.39497071350857754, ""max_units"": 64, ""momentum"": 0.16304012092735204, ""num_layers"": 3, ""weight_decay"": 0.038038595105825634}","{""time"": 3.0707662105560303, ""val_accuracy"": 43.843910217285156, ""val_cross_entropy"": 0.6323850750923157, ""val_balanced_accuracy"": 0.5079414248466492, ""test_cross_entropy"": 0.6919857263565063, ""test_balanced_accuracy"": 0.5203956961631775}"
2026-04-15T23:35:40.235783,cats,lcbench,126025,0,668,11.437589645385742,"{""OpenML_task_id"": ""126026"", ""batch_size"": 19, ""epoch"": 1, ""learning_rate"": 0.022687212116667375, ""max_dropout"": 0.42099096986100276, ""max_units"": 158, ""momentum"": 0.25350882486327153, ""num_layers"": 1, ""weight_decay"": 0.013437871233245826}","{""time"": 11.437589645385742, ""val_accuracy"": 50.827919006347656, ""val_cross_entropy"": 0.742102861404419, ""val_balanced_accuracy"": 0.4589236080646515, ""test_cross_entropy"": 0.6706163883209229, ""test_balanced_accuracy"": 0.4717237055301666}"
2026-04-15T23:35:40.235783,cats,lcbench,126025,0,669,2.73748779296875,"{""OpenML_task_id"": ""168868"", ""batch_size"": 69, ""epoch"": 1, ""learning_rate"": 0.07461205960335254, ""max_dropout"": 0.7629268702461128, ""max_units"": 248, ""momentum"": 0.4004945334576234, ""num_layers"": 3, ""weight_decay"": 0.05373867520938291}","{""time"": 2.73748779296875, ""val_accuracy"": 46.683528900146484, ""val_cross_entropy"": 0.6254057288169861, ""val_balanced_accuracy"": 0.5153787136077881, ""test_cross_entropy"": 0.7003662586212158, ""test_balanced_accuracy"": 0.5263733267784119}"
2026-04-15T23:35:40.236783,cats,lcbench,126025,0,670,7.7478203773498535,"{""OpenML_task_id"": ""167184"", ""batch_size"": 232, ""epoch"": 2, ""learning_rate"": 0.02431613838646074, ""max_dropout"": 0.34254896334176765, ""max_units"": 387, ""momentum"": 0.44350330655874437, ""num_layers"": 2, ""weight_decay"": 0.004220744693684312}","{""time"": 7.7478203773498535, ""val_accuracy"": 79.63690948486328, ""val_cross_entropy"": 0.42040780186653137, ""val_balanced_accuracy"": 0.7937024235725403, ""test_cross_entropy"": 0.5552278757095337, ""test_balanced_accuracy"": 0.7960675358772278}"
2026-04-15T23:35:40.236783,cats,lcbench,126025,0,671,4.533565998077393,"{""OpenML_task_id"": ""189906"", ""batch_size"": 260, ""epoch"": 1, ""learning_rate"": 0.06015052489310819, ""max_dropout"": 0.815989466306521, ""max_units"": 196, ""momentum"": 0.9790624424268072, ""num_layers"": 2, ""weight_decay"": 0.008065882713651065}","{""time"": 4.533565998077393, ""val_accuracy"": 47.882110595703125, ""val_cross_entropy"": 0.704014241695404, ""val_balanced_accuracy"": 0.5231404304504395, ""test_cross_entropy"": 0.6794780492782593, ""test_balanced_accuracy"": 0.5416370630264282}"
2026-04-15T23:35:40.237783,cats,lcbench,126025,0,672,28.565872192382812,"{""OpenML_task_id"": ""168868"", ""batch_size"": 103, ""epoch"": 7, ""learning_rate"": 0.07116317084058005, ""max_dropout"": 0.8312273303719747, ""max_units"": 421, ""momentum"": 0.46728383830114195, ""num_layers"": 4, ""weight_decay"": 0.0740068881659904}","{""time"": 28.565872192382812, ""val_accuracy"": 70.87959289550781, ""val_cross_entropy"": 0.49127447605133057, ""val_balanced_accuracy"": 0.7294572591781616, ""test_cross_entropy"": 0.6114863157272339, ""test_balanced_accuracy"": 0.7260010838508606}"
2026-04-15T23:35:40.237783,cats,lcbench,126025,0,673,3.2227635383605957,"{""OpenML_task_id"": ""168331"", ""batch_size"": 115, ""epoch"": 1, ""learning_rate"": 0.026993241317146414, ""max_dropout"": 0.707994171683084, ""max_units"": 181, ""momentum"": 0.3021506542181678, ""num_layers"": 3, ""weight_decay"": 0.032915520864627595}","{""time"": 3.2227635383605957, ""val_accuracy"": 46.986270904541016, ""val_cross_entropy"": 0.66721111536026, ""val_balanced_accuracy"": 0.5093423128128052, ""test_cross_entropy"": 0.6958552002906799, ""test_balanced_accuracy"": 0.5212708711624146}"
2026-04-15T23:35:40.237783,cats,lcbench,126025,0,674,20.826560974121094,"{""OpenML_task_id"": ""168329"", ""batch_size"": 16, ""epoch"": 4, ""learning_rate"": 0.07489085918881612, ""max_dropout"": 0.42018728384874626, ""max_units"": 190, ""momentum"": 0.3559718341606378, ""num_layers"": 1, ""weight_decay"": 0.08690597341227127}","{""time"": 20.826560974121094, ""val_accuracy"": 77.11683654785156, ""val_cross_entropy"": 0.48495376110076904, ""val_balanced_accuracy"": 0.7818220853805542, ""test_cross_entropy"": 0.5572828054428101, ""test_balanced_accuracy"": 0.7733461260795593}"
2026-04-15T23:35:40.239289,cats,lcbench,126025,0,675,8.128511428833008,"{""OpenML_task_id"": ""189906"", ""batch_size"": 69, ""epoch"": 6, ""learning_rate"": 0.06257952442898101, ""max_dropout"": 0.16868154404410912, ""max_units"": 167, ""momentum"": 0.18591379308191638, ""num_layers"": 4, ""weight_decay"": 0.041347193138251734}","{""time"": 8.128511428833008, ""val_accuracy"": 79.86264038085938, ""val_cross_entropy"": 0.38866761326789856, ""val_balanced_accuracy"": 0.8142388463020325, ""test_cross_entropy"": 0.5443577170372009, ""test_balanced_accuracy"": 0.802696943283081}"
2026-04-15T23:35:40.239289,cats,lcbench,126025,0,676,4.939356803894043,"{""OpenML_task_id"": ""189906"", ""batch_size"": 309, ""epoch"": 1, ""learning_rate"": 0.07587598582192875, ""max_dropout"": 0.9860756222586822, ""max_units"": 66, ""momentum"": 0.9406756976983628, ""num_layers"": 4, ""weight_decay"": 1e-05}","{""time"": 4.939356803894043, ""val_accuracy"": 48.55467224121094, ""val_cross_entropy"": 0.6424400806427002, ""val_balanced_accuracy"": 0.521489679813385, ""test_cross_entropy"": 0.6937075853347778, ""test_balanced_accuracy"": 0.5270856022834778}"
2026-04-15T23:35:40.240294,cats,lcbench,126025,0,677,5.069042682647705,"{""OpenML_task_id"": ""167168"", ""batch_size"": 338, ""epoch"": 1, ""learning_rate"": 0.0801117293418601, ""max_dropout"": 0.8964966494839827, ""max_units"": 242, ""momentum"": 0.9252549847406761, ""num_layers"": 2, ""weight_decay"": 0.015144283576229402}","{""time"": 5.069042682647705, ""val_accuracy"": 49.79436111450195, ""val_cross_entropy"": 0.7155283689498901, ""val_balanced_accuracy"": 0.5244482159614563, ""test_cross_entropy"": 0.688480019569397, ""test_balanced_accuracy"": 0.5400659441947937}"
2026-04-15T23:35:40.240294,cats,lcbench,126025,0,678,14.021543502807617,"{""OpenML_task_id"": ""168331"", ""batch_size"": 16, ""epoch"": 10, ""learning_rate"": 0.012038581914490953, ""max_dropout"": 0.7134887676152153, ""max_units"": 64, ""momentum"": 0.40881194912159424, ""num_layers"": 4, ""weight_decay"": 0.00924085796328117}","{""time"": 14.021543502807617, ""val_accuracy"": 79.29769134521484, ""val_cross_entropy"": 0.3642243444919586, ""val_balanced_accuracy"": 0.8194941282272339, ""test_cross_entropy"": 0.5162497162818909, ""test_balanced_accuracy"": 0.8048601150512695}"
2026-04-15T23:35:40.241295,cats,lcbench,126025,0,679,13.956003189086914,"{""OpenML_task_id"": ""167184"", ""batch_size"": 255, ""epoch"": 3, ""learning_rate"": 0.02375639646708294, ""max_dropout"": 0.31650555842924666, ""max_units"": 254, ""momentum"": 0.5417640355983546, ""num_layers"": 2, ""weight_decay"": 0.007795731993512868}","{""time"": 13.956003189086914, ""val_accuracy"": 81.04049682617188, ""val_cross_entropy"": 0.38547489047050476, ""val_balanced_accuracy"": 0.8111618757247925, ""test_cross_entropy"": 0.5374369025230408, ""test_balanced_accuracy"": 0.8093228340148926}"
2026-04-15T23:35:40.242296,cats,lcbench,126025,0,680,9.125557899475098,"{""OpenML_task_id"": ""189906"", ""batch_size"": 127, ""epoch"": 5, ""learning_rate"": 0.06425012619801188, ""max_dropout"": 0.4128929103598189, ""max_units"": 240, ""momentum"": 0.28997859048499075, ""num_layers"": 4, ""weight_decay"": 0.03516353119784971}","{""time"": 9.125557899475098, ""val_accuracy"": 77.86426544189453, ""val_cross_entropy"": 0.3839951753616333, ""val_balanced_accuracy"": 0.8241888880729675, ""test_cross_entropy"": 0.5393310785293579, ""test_balanced_accuracy"": 0.813408374786377}"
2026-04-15T23:35:40.242296,cats,lcbench,126025,0,681,5.6602983474731445,"{""OpenML_task_id"": ""168331"", ""batch_size"": 57, ""epoch"": 1, ""learning_rate"": 0.0017127078484185758, ""max_dropout"": 0.6921372522251464, ""max_units"": 64, ""momentum"": 0.25363163462485167, ""num_layers"": 3, ""weight_decay"": 0.011743102984839417}","{""time"": 5.6602983474731445, ""val_accuracy"": 42.75782775878906, ""val_cross_entropy"": 0.6574952602386475, ""val_balanced_accuracy"": 0.4760105311870575, ""test_cross_entropy"": 0.7002096772193909, ""test_balanced_accuracy"": 0.4872383773326874}"
2026-04-15T23:35:40.243295,cats,lcbench,126025,0,682,3.9799611568450928,"{""OpenML_task_id"": ""126026"", ""batch_size"": 56, ""epoch"": 2, ""learning_rate"": 0.04180793454209658, ""max_dropout"": 0.33053536518924326, ""max_units"": 231, ""momentum"": 0.2569555007417387, ""num_layers"": 3, ""weight_decay"": 0.03780672959158908}","{""time"": 3.9799611568450928, ""val_accuracy"": 79.36578369140625, ""val_cross_entropy"": 0.39119753241539, ""val_balanced_accuracy"": 0.8127120733261108, ""test_cross_entropy"": 0.5593912601470947, ""test_balanced_accuracy"": 0.8111727237701416}"
2026-04-15T23:35:40.243295,cats,lcbench,126025,0,683,26.644290924072266,"{""OpenML_task_id"": ""189906"", ""batch_size"": 341, ""epoch"": 8, ""learning_rate"": 0.06619982696769913, ""max_dropout"": 0.7884828454387379, ""max_units"": 64, ""momentum"": 0.8720139446121464, ""num_layers"": 2, ""weight_decay"": 1e-05}","{""time"": 26.644290924072266, ""val_accuracy"": 75.6519546508789, ""val_cross_entropy"": 0.3357703983783722, ""val_balanced_accuracy"": 0.8221321105957031, ""test_cross_entropy"": 0.5300499796867371, ""test_balanced_accuracy"": 0.8252553939819336}"
2026-04-15T23:35:40.244295,cats,lcbench,126025,0,684,3.0372989177703857,"{""OpenML_task_id"": ""7593"", ""batch_size"": 30, ""epoch"": 1, ""learning_rate"": 0.0341471347616647, ""max_dropout"": 0.7398240916714489, ""max_units"": 206, ""momentum"": 0.8063130007987882, ""num_layers"": 5, ""weight_decay"": 0.0242511891932021}","{""time"": 3.0372989177703857, ""val_accuracy"": 50.78993225097656, ""val_cross_entropy"": 0.5677446126937866, ""val_balanced_accuracy"": 0.5065578818321228, ""test_cross_entropy"": 0.7142049074172974, ""test_balanced_accuracy"": 0.49687957763671875}"
2026-04-15T23:35:40.244295,cats,lcbench,126025,0,685,5.866679668426514,"{""OpenML_task_id"": ""189906"", ""batch_size"": 286, ""epoch"": 1, ""learning_rate"": 0.06562054401507866, ""max_dropout"": 0.9454262431477516, ""max_units"": 64, ""momentum"": 0.9443173544031483, ""num_layers"": 4, ""weight_decay"": 0.004423810329093688}","{""time"": 5.866679668426514, ""val_accuracy"": 33.17475128173828, ""val_cross_entropy"": 0.7320612668991089, ""val_balanced_accuracy"": 0.4198695719242096, ""test_cross_entropy"": 0.7249181270599365, ""test_balanced_accuracy"": 0.41863566637039185}"
2026-04-15T23:35:40.245295,cats,lcbench,126025,0,686,11.137778282165527,"{""OpenML_task_id"": ""126026"", ""batch_size"": 72, ""epoch"": 1, ""learning_rate"": 0.017733984275506945, ""max_dropout"": 0.2188672121900273, ""max_units"": 108, ""momentum"": 0.3151471478246663, ""num_layers"": 1, ""weight_decay"": 0.023743555951498657}","{""time"": 11.137778282165527, ""val_accuracy"": 49.097042083740234, ""val_cross_entropy"": 0.7601010799407959, ""val_balanced_accuracy"": 0.424629271030426, ""test_cross_entropy"": 0.6873161792755127, ""test_balanced_accuracy"": 0.43376731872558594}"
2026-04-15T23:35:40.245295,cats,lcbench,126025,0,687,34.36268615722656,"{""OpenML_task_id"": ""168868"", ""batch_size"": 37, ""epoch"": 7, ""learning_rate"": 0.00010000000000000009, ""max_dropout"": 0.2810298841839677, ""max_units"": 508, ""momentum"": 0.41179292265004863, ""num_layers"": 1, ""weight_decay"": 0.010266307970249293}","{""time"": 34.36268615722656, ""val_accuracy"": 69.44464874267578, ""val_cross_entropy"": 0.5813108086585999, ""val_balanced_accuracy"": 0.6589242815971375, ""test_cross_entropy"": 0.6304671764373779, ""test_balanced_accuracy"": 0.658374011516571}"
2026-04-15T23:35:40.246295,cats,lcbench,126025,0,688,11.466873168945312,"{""OpenML_task_id"": ""167201"", ""batch_size"": 108, ""epoch"": 1, ""learning_rate"": 0.015811308830268215, ""max_dropout"": 0.08676712927527869, ""max_units"": 453, ""momentum"": 0.564177915565713, ""num_layers"": 1, ""weight_decay"": 0.02410511661315386}","{""time"": 11.466873168945312, ""val_accuracy"": 47.83318328857422, ""val_cross_entropy"": 0.7757708430290222, ""val_balanced_accuracy"": 0.4154459834098816, ""test_cross_entropy"": 0.6974351406097412, ""test_balanced_accuracy"": 0.4217436909675598}"
2026-04-15T23:35:40.246799,cats,lcbench,126025,0,689,4.727397441864014,"{""OpenML_task_id"": ""168331"", ""batch_size"": 107, ""epoch"": 4, ""learning_rate"": 0.01941146252966893, ""max_dropout"": 0.7250438550294771, ""max_units"": 64, ""momentum"": 0.20795341957851418, ""num_layers"": 5, ""weight_decay"": 0.01049804082642808}","{""time"": 4.727397441864014, ""val_accuracy"": 78.9535903930664, ""val_cross_entropy"": 0.49873989820480347, ""val_balanced_accuracy"": 0.7579370737075806, ""test_cross_entropy"": 0.6315569877624512, ""test_balanced_accuracy"": 0.7525725364685059}"
2026-04-15T23:35:40.247304,cats,lcbench,126025,0,690,25.1591796875,"{""OpenML_task_id"": ""126026"", ""batch_size"": 27, ""epoch"": 8, ""learning_rate"": 0.03625423938330219, ""max_dropout"": 0.3923103510098742, ""max_units"": 332, ""momentum"": 0.23211495412649208, ""num_layers"": 1, ""weight_decay"": 0.014977863895578527}","{""time"": 25.1591796875, ""val_accuracy"": 79.5361099243164, ""val_cross_entropy"": 0.4354054629802704, ""val_balanced_accuracy"": 0.809889554977417, ""test_cross_entropy"": 0.5355900526046753, ""test_balanced_accuracy"": 0.8028071522712708}"
2026-04-15T23:35:40.248311,cats,lcbench,126025,0,691,17.84518051147461,"{""OpenML_task_id"": ""168868"", ""batch_size"": 40, ""epoch"": 6, ""learning_rate"": 0.08019738336517035, ""max_dropout"": 0.8522040068027149, ""max_units"": 309, ""momentum"": 0.4414696918345068, ""num_layers"": 2, ""weight_decay"": 0.04720050785583168}","{""time"": 17.84518051147461, ""val_accuracy"": 80.05297088623047, ""val_cross_entropy"": 0.43414050340652466, ""val_balanced_accuracy"": 0.8111758232116699, ""test_cross_entropy"": 0.5537195205688477, ""test_balanced_accuracy"": 0.8016290068626404}"
2026-04-15T23:35:40.248311,cats,lcbench,126025,0,692,3.8907148838043213,"{""OpenML_task_id"": ""168868"", ""batch_size"": 41, ""epoch"": 1, ""learning_rate"": 0.07755889837494812, ""max_dropout"": 0.7742620703726449, ""max_units"": 252, ""momentum"": 0.418969593894075, ""num_layers"": 2, ""weight_decay"": 0.06184911045862594}","{""time"": 3.8907148838043213, ""val_accuracy"": 48.77205276489258, ""val_cross_entropy"": 0.6760597229003906, ""val_balanced_accuracy"": 0.4978320002555847, ""test_cross_entropy"": 0.6929055452346802, ""test_balanced_accuracy"": 0.5100520253181458}"
2026-04-15T23:35:40.249310,cats,lcbench,126025,0,693,20.211597442626953,"{""OpenML_task_id"": ""189906"", ""batch_size"": 231, ""epoch"": 6, ""learning_rate"": 0.06034606831438309, ""max_dropout"": 0.8985083659867824, ""max_units"": 81, ""momentum"": 0.9575454579396112, ""num_layers"": 2, ""weight_decay"": 1e-05}","{""time"": 20.211597442626953, ""val_accuracy"": 78.28031921386719, ""val_cross_entropy"": 0.3295462727546692, ""val_balanced_accuracy"": 0.8220239281654358, ""test_cross_entropy"": 0.5357051491737366, ""test_balanced_accuracy"": 0.8260664343833923}"
2026-04-15T23:35:40.249310,cats,lcbench,126025,0,694,19.204792022705078,"{""OpenML_task_id"": ""168868"", ""batch_size"": 145, ""epoch"": 3, ""learning_rate"": 0.008995674553310597, ""max_dropout"": 0.34537357131638635, ""max_units"": 427, ""momentum"": 0.5968797001154493, ""num_layers"": 1, ""weight_decay"": 0.025571927714774484}","{""time"": 19.204792022705078, ""val_accuracy"": 79.51760864257812, ""val_cross_entropy"": 0.4741877019405365, ""val_balanced_accuracy"": 0.7801030874252319, ""test_cross_entropy"": 0.5677093267440796, ""test_balanced_accuracy"": 0.7816342115402222}"
2026-04-15T23:35:40.250309,cats,lcbench,126025,0,695,6.844203472137451,"{""OpenML_task_id"": ""189906"", ""batch_size"": 258, ""epoch"": 4, ""learning_rate"": 0.07139430195419229, ""max_dropout"": 1.0, ""max_units"": 64, ""momentum"": 0.9618070557779198, ""num_layers"": 3, ""weight_decay"": 0.0059536734833471015}","{""time"": 6.844203472137451, ""val_accuracy"": 78.81351470947266, ""val_cross_entropy"": 0.46055880188941956, ""val_balanced_accuracy"": 0.8219125866889954, ""test_cross_entropy"": 0.5345078110694885, ""test_balanced_accuracy"": 0.8212669491767883}"
2026-04-15T23:35:40.250309,cats,lcbench,126025,0,696,22.116443634033203,"{""OpenML_task_id"": ""167185"", ""batch_size"": 124, ""epoch"": 6, ""learning_rate"": 0.06360862805933057, ""max_dropout"": 0.9519363204820758, ""max_units"": 411, ""momentum"": 0.528103411340456, ""num_layers"": 4, ""weight_decay"": 0.07068796855796702}","{""time"": 22.116443634033203, ""val_accuracy"": 68.37635803222656, ""val_cross_entropy"": 0.5005813241004944, ""val_balanced_accuracy"": 0.6924934983253479, ""test_cross_entropy"": 0.6266262531280518, ""test_balanced_accuracy"": 0.6887222528457642}"
2026-04-15T23:35:40.251328,cats,lcbench,126025,0,697,15.74789810180664,"{""OpenML_task_id"": ""189354"", ""batch_size"": 30, ""epoch"": 9, ""learning_rate"": 0.06820552892880326, ""max_dropout"": 0.7757311985090531, ""max_units"": 195, ""momentum"": 0.4380268420172136, ""num_layers"": 3, ""weight_decay"": 0.06704871898070541}","{""time"": 15.74789810180664, ""val_accuracy"": 75.57493591308594, ""val_cross_entropy"": 0.5654098987579346, ""val_balanced_accuracy"": 0.7770336270332336, ""test_cross_entropy"": 0.5793774724006653, ""test_balanced_accuracy"": 0.7682328820228577}"
2026-04-15T23:35:40.251328,cats,lcbench,126025,0,698,18.642818450927734,"{""OpenML_task_id"": ""168868"", ""batch_size"": 130, ""epoch"": 4, ""learning_rate"": 0.007753240934282271, ""max_dropout"": 0.2519308899124647, ""max_units"": 440, ""momentum"": 0.49317986834683836, ""num_layers"": 1, ""weight_decay"": 0.01192136928771036}","{""time"": 18.642818450927734, ""val_accuracy"": 79.5543212890625, ""val_cross_entropy"": 0.4511615037918091, ""val_balanced_accuracy"": 0.7821009755134583, ""test_cross_entropy"": 0.560300350189209, ""test_balanced_accuracy"": 0.781295895576477}"
2026-04-15T23:35:40.252333,cats,lcbench,126025,0,699,18.55496597290039,"{""OpenML_task_id"": ""189906"", ""batch_size"": 239, ""epoch"": 5, ""learning_rate"": 0.07534949838431423, ""max_dropout"": 0.8858599799257638, ""max_units"": 242, ""momentum"": 0.9888793595141872, ""num_layers"": 2, ""weight_decay"": 1e-05}","{""time"": 18.55496597290039, ""val_accuracy"": 78.55238342285156, ""val_cross_entropy"": 0.31075578927993774, ""val_balanced_accuracy"": 0.8223516941070557, ""test_cross_entropy"": 0.5319128632545471, ""test_balanced_accuracy"": 0.8277792930603027}"
2026-04-15T23:35:40.252333,cats,lcbench,126025,0,700,3.2729644775390625,"{""OpenML_task_id"": ""189906"", ""batch_size"": 78, ""epoch"": 1, ""learning_rate"": 0.06018884655680374, ""max_dropout"": 0.22995616021212972, ""max_units"": 236, ""momentum"": 0.17113438032148456, ""num_layers"": 3, ""weight_decay"": 0.04098938753176633}","{""time"": 3.2729644775390625, ""val_accuracy"": 48.37331008911133, ""val_cross_entropy"": 0.647650957107544, ""val_balanced_accuracy"": 0.5212718844413757, ""test_cross_entropy"": 0.685840904712677, ""test_balanced_accuracy"": 0.5365380644798279}"
2026-04-15T23:35:40.253327,cats,lcbench,126025,0,701,20.222755432128906,"{""OpenML_task_id"": ""167184"", ""batch_size"": 224, ""epoch"": 4, ""learning_rate"": 0.03101463683160112, ""max_dropout"": 0.35189124743412536, ""max_units"": 318, ""momentum"": 0.43796449905196744, ""num_layers"": 2, ""weight_decay"": 0.022179039430902818}","{""time"": 20.222755432128906, ""val_accuracy"": 80.88267517089844, ""val_cross_entropy"": 0.4047278165817261, ""val_balanced_accuracy"": 0.8137326836585999, ""test_cross_entropy"": 0.5343983173370361, ""test_balanced_accuracy"": 0.8098308444023132}"
2026-04-15T23:35:40.254309,cats,lcbench,126025,0,702,16.993160247802734,"{""OpenML_task_id"": ""7593"", ""batch_size"": 97, ""epoch"": 9, ""learning_rate"": 0.015244191588658543, ""max_dropout"": 0.7955956365927148, ""max_units"": 256, ""momentum"": 0.9230061017771574, ""num_layers"": 4, ""weight_decay"": 0.016706071975385928}","{""time"": 16.993160247802734, ""val_accuracy"": 77.67558288574219, ""val_cross_entropy"": 0.34487175941467285, ""val_balanced_accuracy"": 0.8267694115638733, ""test_cross_entropy"": 0.5094603300094604, ""test_balanced_accuracy"": 0.810370147228241}"
2026-04-15T23:35:40.254309,cats,lcbench,126025,0,703,20.20880889892578,"{""OpenML_task_id"": ""167184"", ""batch_size"": 310, ""epoch"": 7, ""learning_rate"": 0.0431111779359698, ""max_dropout"": 0.10030286775531891, ""max_units"": 277, ""momentum"": 0.39917265496520404, ""num_layers"": 1, ""weight_decay"": 0.002857084072646938}","{""time"": 20.20880889892578, ""val_accuracy"": 80.2318115234375, ""val_cross_entropy"": 0.4091433584690094, ""val_balanced_accuracy"": 0.8139111995697021, ""test_cross_entropy"": 0.5383129715919495, ""test_balanced_accuracy"": 0.8115348219871521}"
2026-04-15T23:35:40.255310,cats,lcbench,126025,0,704,8.84387493133545,"{""OpenML_task_id"": ""189906"", ""batch_size"": 38, ""epoch"": 6, ""learning_rate"": 0.059191581113336084, ""max_dropout"": 0.3315753760939144, ""max_units"": 106, ""momentum"": 0.32651291246053216, ""num_layers"": 4, ""weight_decay"": 0.055348428908314304}","{""time"": 8.84387493133545, ""val_accuracy"": 77.24019622802734, ""val_cross_entropy"": 0.4555678069591522, ""val_balanced_accuracy"": 0.7607337832450867, ""test_cross_entropy"": 0.5872662663459778, ""test_balanced_accuracy"": 0.7507861256599426}"
2026-04-15T23:35:40.255816,cats,lcbench,126025,0,705,17.7308349609375,"{""OpenML_task_id"": ""189873"", ""batch_size"": 459, ""epoch"": 3, ""learning_rate"": 0.04285304818616268, ""max_dropout"": 0.21993561233160727, ""max_units"": 420, ""momentum"": 0.1, ""num_layers"": 3, ""weight_decay"": 0.045498665332472626}","{""time"": 17.7308349609375, ""val_accuracy"": 82.060546875, ""val_cross_entropy"": 0.38028350472450256, ""val_balanced_accuracy"": 0.8355472087860107, ""test_cross_entropy"": 0.546716034412384, ""test_balanced_accuracy"": 0.8373069167137146}"
2026-04-15T23:35:40.255816,cats,lcbench,126025,0,706,4.633967876434326,"{""OpenML_task_id"": ""189906"", ""batch_size"": 263, ""epoch"": 1, ""learning_rate"": 0.06353254543228666, ""max_dropout"": 0.8865769570607759, ""max_units"": 198, ""momentum"": 0.911400180569018, ""num_layers"": 3, ""weight_decay"": 0.019608956946854245}","{""time"": 4.633967876434326, ""val_accuracy"": 44.50514221191406, ""val_cross_entropy"": 0.6603838205337524, ""val_balanced_accuracy"": 0.4830779731273651, ""test_cross_entropy"": 0.7124766111373901, ""test_balanced_accuracy"": 0.49290376901626587}"
2026-04-15T23:35:40.256822,cats,lcbench,126025,0,707,8.187078475952148,"{""OpenML_task_id"": ""189906"", ""batch_size"": 68, ""epoch"": 3, ""learning_rate"": 0.04963822827305664, ""max_dropout"": 0.13695610540748984, ""max_units"": 292, ""momentum"": 0.287185546752576, ""num_layers"": 4, ""weight_decay"": 0.055541622473667285}","{""time"": 8.187078475952148, ""val_accuracy"": 79.67762756347656, ""val_cross_entropy"": 0.4175449311733246, ""val_balanced_accuracy"": 0.8120489120483398, ""test_cross_entropy"": 0.5682528018951416, ""test_balanced_accuracy"": 0.8067551851272583}"
2026-04-15T23:35:40.256822,cats,lcbench,126025,0,708,3.618793249130249,"{""OpenML_task_id"": ""189906"", ""batch_size"": 25, ""epoch"": 1, ""learning_rate"": 0.045972037514074075, ""max_dropout"": 0.14182333184669324, ""max_units"": 159, ""momentum"": 0.33243115440760307, ""num_layers"": 3, ""weight_decay"": 0.035138566793731105}","{""time"": 3.618793249130249, ""val_accuracy"": 44.40711975097656, ""val_cross_entropy"": 0.6391774415969849, ""val_balanced_accuracy"": 0.5104948282241821, ""test_cross_entropy"": 0.6919542551040649, ""test_balanced_accuracy"": 0.524174153804779}"
2026-04-15T23:35:40.257822,cats,lcbench,126025,0,709,32.12456130981445,"{""OpenML_task_id"": ""3945"", ""batch_size"": 495, ""epoch"": 4, ""learning_rate"": 0.047651588593034, ""max_dropout"": 0.37297294400739384, ""max_units"": 492, ""momentum"": 0.1691974766845164, ""num_layers"": 4, ""weight_decay"": 0.036878271336026815}","{""time"": 32.12456130981445, ""val_accuracy"": 79.21514892578125, ""val_cross_entropy"": 0.41664373874664307, ""val_balanced_accuracy"": 0.8270470499992371, ""test_cross_entropy"": 0.5536757111549377, ""test_balanced_accuracy"": 0.8227077722549438}"
2026-04-15T23:35:40.257822,cats,lcbench,126025,0,710,18.663734436035156,"{""OpenML_task_id"": ""3945"", ""batch_size"": 483, ""epoch"": 3, ""learning_rate"": 0.045007710772916265, ""max_dropout"": 0.3040277562719542, ""max_units"": 408, ""momentum"": 0.12174373642739764, ""num_layers"": 3, ""weight_decay"": 0.040528568139981375}","{""time"": 18.663734436035156, ""val_accuracy"": 81.89949035644531, ""val_cross_entropy"": 0.3898729681968689, ""val_balanced_accuracy"": 0.834125280380249, ""test_cross_entropy"": 0.5505350828170776, ""test_balanced_accuracy"": 0.8358596563339233}"
2026-04-15T23:35:40.258822,cats,lcbench,126025,0,711,7.562355995178223,"{""OpenML_task_id"": ""189906"", ""batch_size"": 16, ""epoch"": 4, ""learning_rate"": 0.04026508786466086, ""max_dropout"": 0.22985196173642575, ""max_units"": 169, ""momentum"": 0.3019276252873489, ""num_layers"": 4, ""weight_decay"": 0.04236601820871477}","{""time"": 7.562355995178223, ""val_accuracy"": 81.00309753417969, ""val_cross_entropy"": 0.3895164132118225, ""val_balanced_accuracy"": 0.8057094812393188, ""test_cross_entropy"": 0.546729564666748, ""test_balanced_accuracy"": 0.7956698536872864}"
2026-04-15T23:35:40.258822,cats,lcbench,126025,0,712,12.132036209106445,"{""OpenML_task_id"": ""126026"", ""batch_size"": 16, ""epoch"": 1, ""learning_rate"": 0.03782037125251371, ""max_dropout"": 0.36500494029057373, ""max_units"": 284, ""momentum"": 0.12813575306142438, ""num_layers"": 1, ""weight_decay"": 0.03977981569626683}","{""time"": 12.132036209106445, ""val_accuracy"": 52.31828689575195, ""val_cross_entropy"": 0.7174900770187378, ""val_balanced_accuracy"": 0.4674496054649353, ""test_cross_entropy"": 0.6655783653259277, ""test_balanced_accuracy"": 0.4750201106071472}"
2026-04-15T23:35:40.259822,cats,lcbench,126025,0,713,29.847389221191406,"{""OpenML_task_id"": ""168331"", ""batch_size"": 54, ""epoch"": 7, ""learning_rate"": 0.0187478207598738, ""max_dropout"": 0.6643538096364185, ""max_units"": 217, ""momentum"": 0.2506672723373887, ""num_layers"": 3, ""weight_decay"": 0.023415614694445638}","{""time"": 29.847389221191406, ""val_accuracy"": 78.7899169921875, ""val_cross_entropy"": 0.41562026739120483, ""val_balanced_accuracy"": 0.818411648273468, ""test_cross_entropy"": 0.5337344408035278, ""test_balanced_accuracy"": 0.8072246313095093}"
2026-04-15T23:35:40.259822,cats,lcbench,126025,0,714,12.751180648803711,"{""OpenML_task_id"": ""168329"", ""batch_size"": 16, ""epoch"": 3, ""learning_rate"": 0.04973836908970646, ""max_dropout"": 0.29397852913741984, ""max_units"": 266, ""momentum"": 0.5158039663529908, ""num_layers"": 2, ""weight_decay"": 0.09139371739503006}","{""time"": 12.751180648803711, ""val_accuracy"": 79.90225219726562, ""val_cross_entropy"": 0.42355427145957947, ""val_balanced_accuracy"": 0.7791053652763367, ""test_cross_entropy"": 0.5715151429176331, ""test_balanced_accuracy"": 0.7764602899551392}"
2026-04-15T23:35:40.260821,cats,lcbench,126025,0,715,10.100292205810547,"{""OpenML_task_id"": ""167201"", ""batch_size"": 48, ""epoch"": 4, ""learning_rate"": 0.07452454172391373, ""max_dropout"": 0.7835917888909689, ""max_units"": 340, ""momentum"": 0.4330405806878983, ""num_layers"": 3, ""weight_decay"": 0.06900012690400054}","{""time"": 10.100292205810547, ""val_accuracy"": 76.68663024902344, ""val_cross_entropy"": 0.539046049118042, ""val_balanced_accuracy"": 0.7824397087097168, ""test_cross_entropy"": 0.5735582709312439, ""test_balanced_accuracy"": 0.779129147529602}"
2026-04-15T23:35:40.260821,cats,lcbench,126025,0,716,21.36761474609375,"{""OpenML_task_id"": ""189906"", ""batch_size"": 34, ""epoch"": 7, ""learning_rate"": 0.05539876492615942, ""max_dropout"": 0.40358856250425024, ""max_units"": 308, ""momentum"": 0.2374288323933663, ""num_layers"": 4, ""weight_decay"": 0.05600448485672534}","{""time"": 21.36761474609375, ""val_accuracy"": 79.72201538085938, ""val_cross_entropy"": 0.4288381338119507, ""val_balanced_accuracy"": 0.8095188736915588, ""test_cross_entropy"": 0.5589137077331543, ""test_balanced_accuracy"": 0.7970596551895142}"
2026-04-15T23:35:40.260821,cats,lcbench,126025,0,717,20.56021499633789,"{""OpenML_task_id"": ""7593"", ""batch_size"": 37, ""epoch"": 11, ""learning_rate"": 0.014457568887973981, ""max_dropout"": 0.6778717637648768, ""max_units"": 128, ""momentum"": 0.8499294310837318, ""num_layers"": 5, ""weight_decay"": 0.02724590980039698}","{""time"": 20.56021499633789, ""val_accuracy"": 83.32229614257812, ""val_cross_entropy"": 0.32950517535209656, ""val_balanced_accuracy"": 0.7566573023796082, ""test_cross_entropy"": 0.5355920791625977, ""test_balanced_accuracy"": 0.7418609261512756}"
2026-04-15T23:35:40.262326,cats,lcbench,126025,0,718,31.685302734375,"{""OpenML_task_id"": ""167190"", ""batch_size"": 135, ""epoch"": 10, ""learning_rate"": 0.0076549321607011, ""max_dropout"": 0.6988224740055571, ""max_units"": 215, ""momentum"": 0.1970582943001143, ""num_layers"": 4, ""weight_decay"": 0.014632611397665054}","{""time"": 31.685302734375, ""val_accuracy"": 76.7413558959961, ""val_cross_entropy"": 0.47003111243247986, ""val_balanced_accuracy"": 0.7998924255371094, ""test_cross_entropy"": 0.5715076923370361, ""test_balanced_accuracy"": 0.792019248008728}"
2026-04-15T23:35:40.262326,cats,lcbench,126025,0,719,5.819267749786377,"{""OpenML_task_id"": ""168331"", ""batch_size"": 16, ""epoch"": 1, ""learning_rate"": 0.005329449705698689, ""max_dropout"": 0.9203477753136335, ""max_units"": 218, ""momentum"": 0.3457304129964437, ""num_layers"": 4, ""weight_decay"": 0.015111124099536518}","{""time"": 5.819267749786377, ""val_accuracy"": 36.2930793762207, ""val_cross_entropy"": 0.6702219843864441, ""val_balanced_accuracy"": 0.4441384971141815, ""test_cross_entropy"": 0.7100588083267212, ""test_balanced_accuracy"": 0.4435366094112396}"
2026-04-15T23:35:40.263331,cats,lcbench,126025,0,720,4.3439178466796875,"{""OpenML_task_id"": ""189906"", ""batch_size"": 248, ""epoch"": 1, ""learning_rate"": 0.05735840387859302, ""max_dropout"": 0.783124959125545, ""max_units"": 119, ""momentum"": 0.8753930823450105, ""num_layers"": 3, ""weight_decay"": 0.002876758123770541}","{""time"": 4.3439178466796875, ""val_accuracy"": 43.264320373535156, ""val_cross_entropy"": 0.672715961933136, ""val_balanced_accuracy"": 0.4874391555786133, ""test_cross_entropy"": 0.7000901103019714, ""test_balanced_accuracy"": 0.4995869994163513}"
2026-04-15T23:35:40.263331,cats,lcbench,126025,0,721,13.31594181060791,"{""OpenML_task_id"": ""126026"", ""batch_size"": 16, ""epoch"": 3, ""learning_rate"": 0.028139249212497615, ""max_dropout"": 0.44337981531122805, ""max_units"": 122, ""momentum"": 0.24523325953658062, ""num_layers"": 2, ""weight_decay"": 0.021166903445771226}","{""time"": 13.31594181060791, ""val_accuracy"": 82.45340728759766, ""val_cross_entropy"": 0.385243684053421, ""val_balanced_accuracy"": 0.8075834512710571, ""test_cross_entropy"": 0.5291471481323242, ""test_balanced_accuracy"": 0.8032544255256653}"
2026-04-15T23:35:40.264332,cats,lcbench,126025,0,722,3.7052505016326904,"{""OpenML_task_id"": ""189906"", ""batch_size"": 128, ""epoch"": 1, ""learning_rate"": 0.036831109724168004, ""max_dropout"": 0.2962534131939165, ""max_units"": 197, ""momentum"": 0.2312549400058294, ""num_layers"": 3, ""weight_decay"": 0.033244358059090325}","{""time"": 3.7052505016326904, ""val_accuracy"": 48.153297424316406, ""val_cross_entropy"": 0.6587037444114685, ""val_balanced_accuracy"": 0.5170328617095947, ""test_cross_entropy"": 0.6883827447891235, ""test_balanced_accuracy"": 0.5321109294891357}"
2026-04-15T23:35:40.264332,cats,lcbench,126025,0,723,10.12539291381836,"{""OpenML_task_id"": ""168329"", ""batch_size"": 69, ""epoch"": 1, ""learning_rate"": 0.055866591809470935, ""max_dropout"": 0.3952110523394208, ""max_units"": 64, ""momentum"": 0.4383086477772107, ""num_layers"": 1, ""weight_decay"": 0.1}","{""time"": 10.12539291381836, ""val_accuracy"": 51.782981872558594, ""val_cross_entropy"": 0.7193685173988342, ""val_balanced_accuracy"": 0.45643654465675354, ""test_cross_entropy"": 0.6758026480674744, ""test_balanced_accuracy"": 0.4592396914958954}"
2026-04-15T23:35:40.265332,cats,lcbench,126025,0,724,16.04352569580078,"{""OpenML_task_id"": ""168868"", ""batch_size"": 18, ""epoch"": 5, ""learning_rate"": 0.06314266275635898, ""max_dropout"": 0.9481954789102357, ""max_units"": 426, ""momentum"": 0.3982931779685611, ""num_layers"": 2, ""weight_decay"": 0.07203928745934456}","{""time"": 16.04352569580078, ""val_accuracy"": 79.61685943603516, ""val_cross_entropy"": 0.5057408809661865, ""val_balanced_accuracy"": 0.7888336777687073, ""test_cross_entropy"": 0.5707870721817017, ""test_balanced_accuracy"": 0.7826919555664062}"
2026-04-15T23:35:40.265332,cats,lcbench,126025,0,725,17.861915588378906,"{""OpenML_task_id"": ""168331"", ""batch_size"": 16, ""epoch"": 7, ""learning_rate"": 0.02508788783922898, ""max_dropout"": 0.6563213564450247, ""max_units"": 284, ""momentum"": 0.36079978115987504, ""num_layers"": 5, ""weight_decay"": 0.026466062024447522}","{""time"": 17.861915588378906, ""val_accuracy"": 83.10516357421875, ""val_cross_entropy"": 0.3023357093334198, ""val_balanced_accuracy"": 0.7989638447761536, ""test_cross_entropy"": 0.5098115801811218, ""test_balanced_accuracy"": 0.7842594981193542}"
2026-04-15T23:35:40.266333,cats,lcbench,126025,0,726,5.439971923828125,"{""OpenML_task_id"": ""167184"", ""batch_size"": 200, ""epoch"": 1, ""learning_rate"": 0.03793720939494717, ""max_dropout"": 0.299842142148198, ""max_units"": 212, ""momentum"": 0.5494456342497369, ""num_layers"": 2, ""weight_decay"": 0.01646406440253413}","{""time"": 5.439971923828125, ""val_accuracy"": 47.03361129760742, ""val_cross_entropy"": 0.690159261226654, ""val_balanced_accuracy"": 0.4958343803882599, ""test_cross_entropy"": 0.6914107799530029, ""test_balanced_accuracy"": 0.5117846727371216}"
2026-04-15T23:35:40.267332,cats,lcbench,126025,0,727,19.97174835205078,"{""OpenML_task_id"": ""168868"", ""batch_size"": 114, ""epoch"": 10, ""learning_rate"": 0.07240307336621792, ""max_dropout"": 0.9612117851818646, ""max_units"": 394, ""momentum"": 0.5298916828419655, ""num_layers"": 2, ""weight_decay"": 0.06423151223170877}","{""time"": 19.97174835205078, ""val_accuracy"": 80.303466796875, ""val_cross_entropy"": 0.43156227469444275, ""val_balanced_accuracy"": 0.8161839842796326, ""test_cross_entropy"": 0.564899206161499, ""test_balanced_accuracy"": 0.8117004632949829}"
2026-04-15T23:35:40.267332,cats,lcbench,126025,0,728,27.758472442626953,"{""OpenML_task_id"": ""167184"", ""batch_size"": 187, ""epoch"": 8, ""learning_rate"": 0.04386813256170943, ""max_dropout"": 0.3011925442675668, ""max_units"": 145, ""momentum"": 0.38729290297600577, ""num_layers"": 2, ""weight_decay"": 0.013778943839204876}","{""time"": 27.758472442626953, ""val_accuracy"": 80.45339965820312, ""val_cross_entropy"": 0.40700802206993103, ""val_balanced_accuracy"": 0.8056049942970276, ""test_cross_entropy"": 0.5280556082725525, ""test_balanced_accuracy"": 0.8001365661621094}"
2026-04-15T23:35:40.268331,cats,lcbench,126025,0,729,41.8663330078125,"{""OpenML_task_id"": ""168331"", ""batch_size"": 74, ""epoch"": 10, ""learning_rate"": 0.02003636722907222, ""max_dropout"": 0.7862256563032992, ""max_units"": 284, ""momentum"": 0.19151538027515547, ""num_layers"": 3, ""weight_decay"": 0.03214667995536491}","{""time"": 41.8663330078125, ""val_accuracy"": 77.2426986694336, ""val_cross_entropy"": 0.4484250247478485, ""val_balanced_accuracy"": 0.8164113163948059, ""test_cross_entropy"": 0.5407204031944275, ""test_balanced_accuracy"": 0.8042846322059631}"
2026-04-15T23:35:40.268331,cats,lcbench,126025,0,730,6.841414928436279,"{""OpenML_task_id"": ""126029"", ""batch_size"": 251, ""epoch"": 1, ""learning_rate"": 0.07466327697328784, ""max_dropout"": 0.950916368221042, ""max_units"": 162, ""momentum"": 0.99, ""num_layers"": 4, ""weight_decay"": 0.002139727616104566}","{""time"": 6.841414928436279, ""val_accuracy"": 34.400421142578125, ""val_cross_entropy"": 0.7109720706939697, ""val_balanced_accuracy"": 0.44367367029190063, ""test_cross_entropy"": 0.7084387540817261, ""test_balanced_accuracy"": 0.44378963112831116}"
2026-04-15T23:35:40.269330,cats,lcbench,126025,0,731,5.976842880249023,"{""OpenML_task_id"": ""7593"", ""batch_size"": 16, ""epoch"": 5, ""learning_rate"": 0.05018930444024439, ""max_dropout"": 0.24416840626112446, ""max_units"": 86, ""momentum"": 0.3660420205300047, ""num_layers"": 3, ""weight_decay"": 0.0852827517841248}","{""time"": 5.976842880249023, ""val_accuracy"": 80.42578125, ""val_cross_entropy"": 0.4233703315258026, ""val_balanced_accuracy"": 0.8010925054550171, ""test_cross_entropy"": 0.5738507509231567, ""test_balanced_accuracy"": 0.7962650060653687}"
2026-04-15T23:35:40.269330,cats,lcbench,126025,0,732,15.046479225158691,"{""OpenML_task_id"": ""168868"", ""batch_size"": 16, ""epoch"": 5, ""learning_rate"": 0.08172589511286002, ""max_dropout"": 0.9016176718311222, ""max_units"": 348, ""momentum"": 0.6275263926039554, ""num_layers"": 2, ""weight_decay"": 0.05750264535958965}","{""time"": 15.046479225158691, ""val_accuracy"": 78.1046371459961, ""val_cross_entropy"": 0.5909444689750671, ""val_balanced_accuracy"": 0.7767565250396729, ""test_cross_entropy"": 0.5717136859893799, ""test_balanced_accuracy"": 0.7688118815422058}"
2026-04-15T23:35:40.270330,cats,lcbench,126025,0,733,28.908912658691406,"{""OpenML_task_id"": ""168331"", ""batch_size"": 54, ""epoch"": 6, ""learning_rate"": 0.009682797888462817, ""max_dropout"": 0.8980075910241239, ""max_units"": 232, ""momentum"": 0.28631697346065976, ""num_layers"": 3, ""weight_decay"": 0.0211418249780638}","{""time"": 28.908912658691406, ""val_accuracy"": 76.68385314941406, ""val_cross_entropy"": 0.47925785183906555, ""val_balanced_accuracy"": 0.796869695186615, ""test_cross_entropy"": 0.5610262751579285, ""test_balanced_accuracy"": 0.7917202115058899}"
2026-04-15T23:35:40.270330,cats,lcbench,126025,0,734,3.245075225830078,"{""OpenML_task_id"": ""168868"", ""batch_size"": 81, ""epoch"": 1, ""learning_rate"": 0.06943995417349796, ""max_dropout"": 0.7252224437537074, ""max_units"": 344, ""momentum"": 0.38801072293985395, ""num_layers"": 3, ""weight_decay"": 0.06373565358567179}","{""time"": 3.245075225830078, ""val_accuracy"": 48.33143997192383, ""val_cross_entropy"": 0.6498500108718872, ""val_balanced_accuracy"": 0.5212251543998718, ""test_cross_entropy"": 0.6959043145179749, ""test_balanced_accuracy"": 0.5341538190841675}"
2026-04-15T23:35:40.271330,cats,lcbench,126025,0,735,7.633473873138428,"{""OpenML_task_id"": ""189906"", ""batch_size"": 136, ""epoch"": 6, ""learning_rate"": 0.061708509734713285, ""max_dropout"": 0.27528700019872077, ""max_units"": 64, ""momentum"": 0.3639419946891764, ""num_layers"": 5, ""weight_decay"": 0.05338241512023585}","{""time"": 7.633473873138428, ""val_accuracy"": 76.42496490478516, ""val_cross_entropy"": 0.5549480319023132, ""val_balanced_accuracy"": 0.6318287253379822, ""test_cross_entropy"": 0.6596993207931519, ""test_balanced_accuracy"": 0.6309291124343872}"
2026-04-15T23:35:40.271833,cats,lcbench,126025,0,736,23.519283294677734,"{""OpenML_task_id"": ""189909"", ""batch_size"": 16, ""epoch"": 9, ""learning_rate"": 0.08349479819517669, ""max_dropout"": 0.7882966369013436, ""max_units"": 215, ""momentum"": 0.5081728560912427, ""num_layers"": 2, ""weight_decay"": 0.04988477934373754}","{""time"": 23.519283294677734, ""val_accuracy"": 78.67338562011719, ""val_cross_entropy"": 0.47234421968460083, ""val_balanced_accuracy"": 0.7992381453514099, ""test_cross_entropy"": 0.5602939128875732, ""test_balanced_accuracy"": 0.7867060899734497}"
2026-04-15T23:35:40.271833,cats,lcbench,126025,0,737,6.957155704498291,"{""OpenML_task_id"": ""7593"", ""batch_size"": 52, ""epoch"": 1, ""learning_rate"": 0.014009051830923852, ""max_dropout"": 0.620450611117984, ""max_units"": 327, ""momentum"": 0.8541263652643187, ""num_layers"": 4, ""weight_decay"": 0.02185068239276166}","{""time"": 6.957155704498291, ""val_accuracy"": 39.358062744140625, ""val_cross_entropy"": 0.6681832075119019, ""val_balanced_accuracy"": 0.47865626215934753, ""test_cross_entropy"": 0.7055925130844116, ""test_balanced_accuracy"": 0.4884377717971802}"
2026-04-15T23:35:40.272836,cats,lcbench,126025,0,738,19.91457748413086,"{""OpenML_task_id"": ""167184"", ""batch_size"": 241, ""epoch"": 8, ""learning_rate"": 0.04915629601132325, ""max_dropout"": 0.15433365018508538, ""max_units"": 121, ""momentum"": 0.46473085261718905, ""num_layers"": 3, ""weight_decay"": 0.015805275301923515}","{""time"": 19.91457748413086, ""val_accuracy"": 79.75638580322266, ""val_cross_entropy"": 0.37153974175453186, ""val_balanced_accuracy"": 0.8360174894332886, ""test_cross_entropy"": 0.5192533731460571, ""test_balanced_accuracy"": 0.8314741849899292}"
2026-04-15T23:35:40.272836,cats,lcbench,126025,0,739,3.7735793590545654,"{""OpenML_task_id"": ""189906"", ""batch_size"": 67, ""epoch"": 1, ""learning_rate"": 0.04068016979256474, ""max_dropout"": 0.1979336923157627, ""max_units"": 135, ""momentum"": 0.17854913479594012, ""num_layers"": 4, ""weight_decay"": 0.04140730406884564}","{""time"": 3.7735793590545654, ""val_accuracy"": 41.11783981323242, ""val_cross_entropy"": 0.6500843167304993, ""val_balanced_accuracy"": 0.47654831409454346, ""test_cross_entropy"": 0.6969338059425354, ""test_balanced_accuracy"": 0.48426803946495056}"
2026-04-15T23:35:40.273835,cats,lcbench,126025,0,740,37.139076232910156,"{""OpenML_task_id"": ""3945"", ""batch_size"": 462, ""epoch"": 8, ""learning_rate"": 0.042304045066982196, ""max_dropout"": 0.35027577138196164, ""max_units"": 316, ""momentum"": 0.34531099173872365, ""num_layers"": 3, ""weight_decay"": 0.03136471391951756}","{""time"": 37.139076232910156, ""val_accuracy"": 79.11368560791016, ""val_cross_entropy"": 0.38894814252853394, ""val_balanced_accuracy"": 0.8266133666038513, ""test_cross_entropy"": 0.5278189778327942, ""test_balanced_accuracy"": 0.8234362006187439}"
2026-04-15T23:35:40.273835,cats,lcbench,126025,0,741,3.7610292434692383,"{""OpenML_task_id"": ""189906"", ""batch_size"": 234, ""epoch"": 1, ""learning_rate"": 0.0797455418462256, ""max_dropout"": 0.8134048342486162, ""max_units"": 66, ""momentum"": 0.99, ""num_layers"": 4, ""weight_decay"": 0.01488228012771952}","{""time"": 3.7610292434692383, ""val_accuracy"": 35.77561950683594, ""val_cross_entropy"": 0.6629301905632019, ""val_balanced_accuracy"": 0.4394810199737549, ""test_cross_entropy"": 0.7197018265724182, ""test_balanced_accuracy"": 0.4433395564556122}"
2026-04-15T23:35:40.274835,cats,lcbench,126025,0,742,13.746832847595215,"{""OpenML_task_id"": ""189906"", ""batch_size"": 140, ""epoch"": 9, ""learning_rate"": 0.056157111346142236, ""max_dropout"": 0.33983917643156414, ""max_units"": 90, ""momentum"": 0.2320573789134357, ""num_layers"": 3, ""weight_decay"": 0.04352057709642905}","{""time"": 13.746832847595215, ""val_accuracy"": 77.2505111694336, ""val_cross_entropy"": 0.40856483578681946, ""val_balanced_accuracy"": 0.8118382692337036, ""test_cross_entropy"": 0.5411557555198669, ""test_balanced_accuracy"": 0.8064428567886353}"
2026-04-15T23:35:40.274835,cats,lcbench,126025,0,743,5.953136920928955,"{""OpenML_task_id"": ""168868"", ""batch_size"": 16, ""epoch"": 1, ""learning_rate"": 0.07328431890265974, ""max_dropout"": 0.21649519885560675, ""max_units"": 183, ""momentum"": 0.4143407141807255, ""num_layers"": 2, ""weight_decay"": 0.0906226802764164}","{""time"": 5.953136920928955, ""val_accuracy"": 48.542354583740234, ""val_cross_entropy"": 0.6447274684906006, ""val_balanced_accuracy"": 0.49696582555770874, ""test_cross_entropy"": 0.6968119144439697, ""test_balanced_accuracy"": 0.5070556998252869}"
2026-04-15T23:35:40.275835,cats,lcbench,126025,0,744,4.299294948577881,"{""OpenML_task_id"": ""168331"", ""batch_size"": 137, ""epoch"": 1, ""learning_rate"": 0.025442205628387463, ""max_dropout"": 0.9426702613804042, ""max_units"": 269, ""momentum"": 0.27552214576522227, ""num_layers"": 3, ""weight_decay"": 0.02565050086475875}","{""time"": 4.299294948577881, ""val_accuracy"": 45.43012619018555, ""val_cross_entropy"": 0.6736674904823303, ""val_balanced_accuracy"": 0.4903513491153717, ""test_cross_entropy"": 0.6960604190826416, ""test_balanced_accuracy"": 0.49632641673088074}"
2026-04-15T23:35:40.276835,cats,lcbench,126025,0,745,3.412411689758301,"{""OpenML_task_id"": ""168331"", ""batch_size"": 59, ""epoch"": 1, ""learning_rate"": 0.018710472205392625, ""max_dropout"": 0.9034799008988055, ""max_units"": 200, ""momentum"": 0.43367222121847754, ""num_layers"": 3, ""weight_decay"": 0.023563870975257462}","{""time"": 3.412411689758301, ""val_accuracy"": 43.280662536621094, ""val_cross_entropy"": 0.6500545144081116, ""val_balanced_accuracy"": 0.48818445205688477, ""test_cross_entropy"": 0.7030463218688965, ""test_balanced_accuracy"": 0.4956027567386627}"
2026-04-15T23:35:40.276835,cats,lcbench,126025,0,746,19.35818099975586,"{""OpenML_task_id"": ""189354"", ""batch_size"": 16, ""epoch"": 7, ""learning_rate"": 0.048203628769462284, ""max_dropout"": 0.38754685867276106, ""max_units"": 221, ""momentum"": 0.2504616519586572, ""num_layers"": 3, ""weight_decay"": 0.04891544360687079}","{""time"": 19.35818099975586, ""val_accuracy"": 80.1033706665039, ""val_cross_entropy"": 0.41557708382606506, ""val_balanced_accuracy"": 0.806050717830658, ""test_cross_entropy"": 0.5444676876068115, ""test_balanced_accuracy"": 0.7968423366546631}"
2026-04-15T23:35:40.276835,cats,lcbench,126025,0,747,4.4038801193237305,"{""OpenML_task_id"": ""3945"", ""batch_size"": 464, ""epoch"": 1, ""learning_rate"": 0.03902855117381786, ""max_dropout"": 0.19189654416161384, ""max_units"": 373, ""momentum"": 0.2817514676846482, ""num_layers"": 3, ""weight_decay"": 0.05861044306617155}","{""time"": 4.4038801193237305, ""val_accuracy"": 53.310401916503906, ""val_cross_entropy"": 0.6526378393173218, ""val_balanced_accuracy"": 0.5499714016914368, ""test_cross_entropy"": 0.6904971599578857, ""test_balanced_accuracy"": 0.5558327436447144}"
2026-04-15T23:35:40.278337,cats,lcbench,126025,0,748,10.725015640258789,"{""OpenML_task_id"": ""168868"", ""batch_size"": 346, ""epoch"": 4, ""learning_rate"": 0.07200123416938406, ""max_dropout"": 0.7960056832721335, ""max_units"": 122, ""momentum"": 0.868480476095371, ""num_layers"": 4, ""weight_decay"": 0.001018328674907712}","{""time"": 10.725015640258789, ""val_accuracy"": 78.85636901855469, ""val_cross_entropy"": 0.30764731764793396, ""val_balanced_accuracy"": 0.8438015580177307, ""test_cross_entropy"": 0.5051971673965454, ""test_balanced_accuracy"": 0.8381537199020386}"
2026-04-15T23:35:40.278337,cats,lcbench,126025,0,749,15.102258682250977,"{""OpenML_task_id"": ""126026"", ""batch_size"": 29, ""epoch"": 2, ""learning_rate"": 0.027117283199700304, ""max_dropout"": 0.39909087795510984, ""max_units"": 195, ""momentum"": 0.19470273378995706, ""num_layers"": 1, ""weight_decay"": 0.021729702086303933}","{""time"": 15.102258682250977, ""val_accuracy"": 79.87512969970703, ""val_cross_entropy"": 0.45380958914756775, ""val_balanced_accuracy"": 0.7872764468193054, ""test_cross_entropy"": 0.5581414699554443, ""test_balanced_accuracy"": 0.7887945771217346}"
2026-04-15T23:35:40.279340,cats,lcbench,126025,0,750,4.488943099975586,"{""OpenML_task_id"": ""168868"", ""batch_size"": 221, ""epoch"": 1, ""learning_rate"": 0.03406451172162682, ""max_dropout"": 0.17537172538910015, ""max_units"": 147, ""momentum"": 0.5071779503495745, ""num_layers"": 3, ""weight_decay"": 0.015876660895446468}","{""time"": 4.488943099975586, ""val_accuracy"": 47.19977951049805, ""val_cross_entropy"": 0.6638529896736145, ""val_balanced_accuracy"": 0.5151497721672058, ""test_cross_entropy"": 0.6917661428451538, ""test_balanced_accuracy"": 0.5286542773246765}"
2026-04-15T23:35:40.279340,cats,lcbench,126025,0,751,10.910479545593262,"{""OpenML_task_id"": ""126026"", ""batch_size"": 96, ""epoch"": 1, ""learning_rate"": 0.01926573199313001, ""max_dropout"": 0.25666328319041065, ""max_units"": 174, ""momentum"": 0.10247028712622855, ""num_layers"": 1, ""weight_decay"": 0.03589143306286543}","{""time"": 10.910479545593262, ""val_accuracy"": 52.469085693359375, ""val_cross_entropy"": 0.7269130349159241, ""val_balanced_accuracy"": 0.4476313292980194, ""test_cross_entropy"": 0.6821000576019287, ""test_balanced_accuracy"": 0.4545825123786926}"
2026-04-15T23:35:40.280340,cats,lcbench,126025,0,752,12.880867004394531,"{""OpenML_task_id"": ""189906"", ""batch_size"": 298, ""epoch"": 5, ""learning_rate"": 0.08022823814873015, ""max_dropout"": 0.9850918945722931, ""max_units"": 200, ""momentum"": 0.99, ""num_layers"": 3, ""weight_decay"": 0.018252982826717865}","{""time"": 12.880867004394531, ""val_accuracy"": 79.72930908203125, ""val_cross_entropy"": 0.5533121228218079, ""val_balanced_accuracy"": 0.8376774787902832, ""test_cross_entropy"": 0.5365325808525085, ""test_balanced_accuracy"": 0.8383551836013794}"
2026-04-15T23:35:40.280340,cats,lcbench,126025,0,753,9.404451370239258,"{""OpenML_task_id"": ""189906"", ""batch_size"": 309, ""epoch"": 2, ""learning_rate"": 0.07728914799484204, ""max_dropout"": 1.0, ""max_units"": 275, ""momentum"": 0.902748470167349, ""num_layers"": 3, ""weight_decay"": 0.0016739123609271263}","{""time"": 9.404451370239258, ""val_accuracy"": 74.20697021484375, ""val_cross_entropy"": 0.43518248200416565, ""val_balanced_accuracy"": 0.7783241271972656, ""test_cross_entropy"": 0.547588586807251, ""test_balanced_accuracy"": 0.782147228717804}"
2026-04-15T23:35:40.281340,cats,lcbench,126025,0,754,2.3275134563446045,"{""OpenML_task_id"": ""168331"", ""batch_size"": 93, ""epoch"": 2, ""learning_rate"": 0.02476367906902685, ""max_dropout"": 0.8483111042145425, ""max_units"": 78, ""momentum"": 0.21567398474962318, ""num_layers"": 5, ""weight_decay"": 0.025393653634885625}","{""time"": 2.3275134563446045, ""val_accuracy"": 65.57328796386719, ""val_cross_entropy"": 0.5455712676048279, ""val_balanced_accuracy"": 0.6073398590087891, ""test_cross_entropy"": 0.6810441017150879, ""test_balanced_accuracy"": 0.5977072715759277}"
2026-04-15T23:35:40.281340,cats,lcbench,126025,0,755,4.198893070220947,"{""OpenML_task_id"": ""167184"", ""batch_size"": 110, ""epoch"": 1, ""learning_rate"": 0.02197965651912383, ""max_dropout"": 0.7387191854246016, ""max_units"": 133, ""momentum"": 0.7686537663210384, ""num_layers"": 4, ""weight_decay"": 0.016927322171026868}","{""time"": 4.198893070220947, ""val_accuracy"": 36.104591369628906, ""val_cross_entropy"": 0.6574192643165588, ""val_balanced_accuracy"": 0.44613969326019287, ""test_cross_entropy"": 0.7147699594497681, ""test_balanced_accuracy"": 0.45316794514656067}"
2026-04-15T23:35:40.282396,cats,lcbench,126025,0,756,5.310286045074463,"{""OpenML_task_id"": ""189906"", ""batch_size"": 348, ""epoch"": 1, ""learning_rate"": 0.05969620776906115, ""max_dropout"": 0.9156226771763998, ""max_units"": 120, ""momentum"": 0.99, ""num_layers"": 2, ""weight_decay"": 0.018958352699770843}","{""time"": 5.310286045074463, ""val_accuracy"": 49.97514343261719, ""val_cross_entropy"": 0.6960452795028687, ""val_balanced_accuracy"": 0.5231035351753235, ""test_cross_entropy"": 0.7025716304779053, ""test_balanced_accuracy"": 0.5367919206619263}"
2026-04-15T23:35:40.282396,cats,lcbench,126025,0,757,20.364990234375,"{""OpenML_task_id"": ""7593"", ""batch_size"": 16, ""epoch"": 9, ""learning_rate"": 0.03965262870658988, ""max_dropout"": 0.7953876642822605, ""max_units"": 133, ""momentum"": 0.6751842204883408, ""num_layers"": 5, ""weight_decay"": 0.042097214282323416}","{""time"": 20.364990234375, ""val_accuracy"": 80.0902328491211, ""val_cross_entropy"": 0.40304049849510193, ""val_balanced_accuracy"": 0.6518142223358154, ""test_cross_entropy"": 0.613296627998352, ""test_balanced_accuracy"": 0.6372045874595642}"
2026-04-15T23:35:40.283399,cats,lcbench,126025,0,758,4.50846529006958,"{""OpenML_task_id"": ""7593"", ""batch_size"": 32, ""epoch"": 4, ""learning_rate"": 0.03520998089366489, ""max_dropout"": 0.640648485665377, ""max_units"": 64, ""momentum"": 0.825146571556526, ""num_layers"": 5, ""weight_decay"": 0.021752313521492362}","{""time"": 4.50846529006958, ""val_accuracy"": 80.58885955810547, ""val_cross_entropy"": 0.3109140396118164, ""val_balanced_accuracy"": 0.7634999752044678, ""test_cross_entropy"": 0.545663058757782, ""test_balanced_accuracy"": 0.746284544467926}"
2026-04-15T23:35:40.283399,cats,lcbench,126025,0,759,15.22636604309082,"{""OpenML_task_id"": ""168331"", ""batch_size"": 85, ""epoch"": 10, ""learning_rate"": 0.024446045502787332, ""max_dropout"": 0.8364971416394864, ""max_units"": 207, ""momentum"": 0.2655714325660815, ""num_layers"": 5, ""weight_decay"": 0.03373118598372511}","{""time"": 15.22636604309082, ""val_accuracy"": 85.20619201660156, ""val_cross_entropy"": 0.38460761308670044, ""val_balanced_accuracy"": 0.7676001787185669, ""test_cross_entropy"": 0.5802844762802124, ""test_balanced_accuracy"": 0.7600520849227905}"
2026-04-15T23:35:40.284399,cats,lcbench,126025,0,760,4.002272605895996,"{""OpenML_task_id"": ""189906"", ""batch_size"": 21, ""epoch"": 1, ""learning_rate"": 0.06055457750286387, ""max_dropout"": 0.2735615956551264, ""max_units"": 221, ""momentum"": 0.2610674612670839, ""num_layers"": 3, ""weight_decay"": 0.03441415890939167}","{""time"": 4.002272605895996, ""val_accuracy"": 45.0258903503418, ""val_cross_entropy"": 0.6439362168312073, ""val_balanced_accuracy"": 0.5107529163360596, ""test_cross_entropy"": 0.6896505355834961, ""test_balanced_accuracy"": 0.5228980183601379}"
2026-04-15T23:35:40.284399,cats,lcbench,126025,0,761,4.971429824829102,"{""OpenML_task_id"": ""189906"", ""batch_size"": 261, ""epoch"": 1, ""learning_rate"": 0.05851853056962812, ""max_dropout"": 0.8003816855594444, ""max_units"": 192, ""momentum"": 0.9724028728394076, ""num_layers"": 3, ""weight_decay"": 0.007961711087584044}","{""time"": 4.971429824829102, ""val_accuracy"": 44.12141799926758, ""val_cross_entropy"": 0.6590705513954163, ""val_balanced_accuracy"": 0.4956859350204468, ""test_cross_entropy"": 0.7001428604125977, ""test_balanced_accuracy"": 0.5074079036712646}"
2026-04-15T23:35:40.285399,cats,lcbench,126025,0,762,4.405274868011475,"{""OpenML_task_id"": ""168868"", ""batch_size"": 16, ""epoch"": 1, ""learning_rate"": 0.06295030621579176, ""max_dropout"": 0.931771735963367, ""max_units"": 235, ""momentum"": 0.5581164710376182, ""num_layers"": 2, ""weight_decay"": 0.06994455995595614}","{""time"": 4.405274868011475, ""val_accuracy"": 48.47056198120117, ""val_cross_entropy"": 0.6917098760604858, ""val_balanced_accuracy"": 0.5078396797180176, ""test_cross_entropy"": 0.6972132921218872, ""test_balanced_accuracy"": 0.5161312818527222}"
2026-04-15T23:35:40.285399,cats,lcbench,126025,0,763,11.2869873046875,"{""OpenML_task_id"": ""167184"", ""batch_size"": 229, ""epoch"": 1, ""learning_rate"": 0.02215102098530351, ""max_dropout"": 0.1771584590196034, ""max_units"": 360, ""momentum"": 0.52646143169093, ""num_layers"": 1, ""weight_decay"": 0.023388376421073047}","{""time"": 11.2869873046875, ""val_accuracy"": 48.09381866455078, ""val_cross_entropy"": 0.753786563873291, ""val_balanced_accuracy"": 0.4217412769794464, ""test_cross_entropy"": 0.6975520849227905, ""test_balanced_accuracy"": 0.4295175075531006}"
2026-04-15T23:35:40.286399,cats,lcbench,126025,0,764,16.831401824951172,"{""OpenML_task_id"": ""7593"", ""batch_size"": 66, ""epoch"": 10, ""learning_rate"": 0.01691032875227291, ""max_dropout"": 0.5206866874241525, ""max_units"": 163, ""momentum"": 0.801197415369449, ""num_layers"": 5, ""weight_decay"": 0.024845659862737773}","{""time"": 16.831401824951172, ""val_accuracy"": 81.1794204711914, ""val_cross_entropy"": 0.331037312746048, ""val_balanced_accuracy"": 0.7820472717285156, ""test_cross_entropy"": 0.520881175994873, ""test_balanced_accuracy"": 0.7677202224731445}"
2026-04-15T23:35:40.287401,cats,lcbench,126025,0,765,18.48245620727539,"{""OpenML_task_id"": ""189906"", ""batch_size"": 125, ""epoch"": 9, ""learning_rate"": 0.04580069351912848, ""max_dropout"": 0.1497281444302035, ""max_units"": 236, ""momentum"": 0.19527284782724746, ""num_layers"": 4, ""weight_decay"": 0.05642600199245544}","{""time"": 18.48245620727539, ""val_accuracy"": 80.01602935791016, ""val_cross_entropy"": 0.4134202003479004, ""val_balanced_accuracy"": 0.8053960800170898, ""test_cross_entropy"": 0.5568903684616089, ""test_balanced_accuracy"": 0.7970064878463745}"
2026-04-15T23:35:40.287907,cats,lcbench,126025,0,766,17.060096740722656,"{""OpenML_task_id"": ""167184"", ""batch_size"": 230, ""epoch"": 5, ""learning_rate"": 0.04442412860513992, ""max_dropout"": 0.2538539712298772, ""max_units"": 292, ""momentum"": 0.41132599279627124, ""num_layers"": 3, ""weight_decay"": 1e-05}","{""time"": 17.060096740722656, ""val_accuracy"": 80.12293243408203, ""val_cross_entropy"": 0.4322754144668579, ""val_balanced_accuracy"": 0.8017559051513672, ""test_cross_entropy"": 0.5193244814872742, ""test_balanced_accuracy"": 0.8006815910339355}"
2026-04-15T23:35:40.287907,cats,lcbench,126025,0,767,19.885292053222656,"{""OpenML_task_id"": ""168329"", ""batch_size"": 77, ""epoch"": 7, ""learning_rate"": 0.06055499141325825, ""max_dropout"": 0.33965611520974104, ""max_units"": 179, ""momentum"": 0.523043352738822, ""num_layers"": 2, ""weight_decay"": 0.09637813072548462}","{""time"": 19.885292053222656, ""val_accuracy"": 78.00489044189453, ""val_cross_entropy"": 0.41995155811309814, ""val_balanced_accuracy"": 0.7813763618469238, ""test_cross_entropy"": 0.575452446937561, ""test_balanced_accuracy"": 0.7739142179489136}"
2026-04-15T23:35:40.288911,cats,lcbench,126025,0,768,11.444561958312988,"{""OpenML_task_id"": ""189906"", ""batch_size"": 297, ""epoch"": 7, ""learning_rate"": 0.05961077748855807, ""max_dropout"": 1.0, ""max_units"": 64, ""momentum"": 0.9403273051821082, ""num_layers"": 3, ""weight_decay"": 0.019262815130399204}","{""time"": 11.444561958312988, ""val_accuracy"": 78.01991271972656, ""val_cross_entropy"": 0.526712954044342, ""val_balanced_accuracy"": 0.8241181373596191, ""test_cross_entropy"": 0.5502283573150635, ""test_balanced_accuracy"": 0.8215144872665405}"
2026-04-15T23:35:40.289915,cats,lcbench,126025,0,769,5.5933637619018555,"{""OpenML_task_id"": ""167184"", ""batch_size"": 265, ""epoch"": 1, ""learning_rate"": 0.02801415192431571, ""max_dropout"": 0.26018409962416533, ""max_units"": 308, ""momentum"": 0.4598985951017951, ""num_layers"": 2, ""weight_decay"": 0.024852296027300956}","{""time"": 5.5933637619018555, ""val_accuracy"": 49.10612869262695, ""val_cross_entropy"": 0.6839115023612976, ""val_balanced_accuracy"": 0.5065134763717651, ""test_cross_entropy"": 0.6895949840545654, ""test_balanced_accuracy"": 0.516887903213501}"
2026-04-15T23:35:40.289915,cats,lcbench,126025,0,770,14.053616523742676,"{""OpenML_task_id"": ""3945"", ""batch_size"": 477, ""epoch"": 4, ""learning_rate"": 0.03677867757985452, ""max_dropout"": 0.23755541471664188, ""max_units"": 347, ""momentum"": 0.16232050718465268, ""num_layers"": 5, ""weight_decay"": 0.030659039035716}","{""time"": 14.053616523742676, ""val_accuracy"": 78.34664154052734, ""val_cross_entropy"": 0.508818507194519, ""val_balanced_accuracy"": 0.8245143294334412, ""test_cross_entropy"": 0.6219538450241089, ""test_balanced_accuracy"": 0.8244577646255493}"
2026-04-15T23:35:40.290914,cats,lcbench,126025,0,771,5.957320213317871,"{""OpenML_task_id"": ""168331"", ""batch_size"": 47, ""epoch"": 9, ""learning_rate"": 0.029398248326443756, ""max_dropout"": 0.9385309060474509, ""max_units"": 64, ""momentum"": 0.28478870363121356, ""num_layers"": 4, ""weight_decay"": 0.013539762760522768}","{""time"": 5.957320213317871, ""val_accuracy"": 77.93157196044922, ""val_cross_entropy"": 0.3754332959651947, ""val_balanced_accuracy"": 0.8000693917274475, ""test_cross_entropy"": 0.5503110289573669, ""test_balanced_accuracy"": 0.7854601144790649}"
2026-04-15T23:35:40.290914,cats,lcbench,126025,0,772,11.419461250305176,"{""OpenML_task_id"": ""189906"", ""batch_size"": 271, ""epoch"": 6, ""learning_rate"": 0.07739377485717899, ""max_dropout"": 0.7883128709739862, ""max_units"": 64, ""momentum"": 0.8234094381175154, ""num_layers"": 4, ""weight_decay"": 1e-05}","{""time"": 11.419461250305176, ""val_accuracy"": 76.42350769042969, ""val_cross_entropy"": 0.36874881386756897, ""val_balanced_accuracy"": 0.8026418089866638, ""test_cross_entropy"": 0.5106831789016724, ""test_balanced_accuracy"": 0.8001030087471008}"
2026-04-15T23:35:40.291911,cats,lcbench,126025,0,773,3.3887054920196533,"{""OpenML_task_id"": ""168329"", ""batch_size"": 16, ""epoch"": 1, ""learning_rate"": 0.0686496648747712, ""max_dropout"": 0.2021132262520296, ""max_units"": 64, ""momentum"": 0.4931556978966888, ""num_layers"": 3, ""weight_decay"": 0.1}","{""time"": 3.3887054920196533, ""val_accuracy"": 44.069862365722656, ""val_cross_entropy"": 0.5993326902389526, ""val_balanced_accuracy"": 0.5034361481666565, ""test_cross_entropy"": 0.7011672258377075, ""test_balanced_accuracy"": 0.5112695097923279}"
2026-04-15T23:35:40.291911,cats,lcbench,126025,0,774,4.456870079040527,"{""OpenML_task_id"": ""168329"", ""batch_size"": 16, ""epoch"": 1, ""learning_rate"": 0.07426185180950726, ""max_dropout"": 0.2573802986321823, ""max_units"": 64, ""momentum"": 0.4706189852928367, ""num_layers"": 2, ""weight_decay"": 0.1}","{""time"": 4.456870079040527, ""val_accuracy"": 48.86553955078125, ""val_cross_entropy"": 0.5984006524085999, ""val_balanced_accuracy"": 0.5063666105270386, ""test_cross_entropy"": 0.6941981315612793, ""test_balanced_accuracy"": 0.5160859823226929}"
2026-04-15T23:35:40.292936,cats,lcbench,126025,0,775,2.0123631954193115,"{""OpenML_task_id"": ""189906"", ""batch_size"": 63, ""epoch"": 1, ""learning_rate"": 0.05305160342005022, ""max_dropout"": 0.3376334621152871, ""max_units"": 192, ""momentum"": 0.3156690484237195, ""num_layers"": 5, ""weight_decay"": 0.031552680741603646}","{""time"": 2.0123631954193115, ""val_accuracy"": 51.426475524902344, ""val_cross_entropy"": 0.6024596691131592, ""val_balanced_accuracy"": 0.5238253474235535, ""test_cross_entropy"": 0.6907668709754944, ""test_balanced_accuracy"": 0.5194872617721558}"
2026-04-15T23:35:40.292936,cats,lcbench,126025,0,776,2.0932424068450928,"{""OpenML_task_id"": ""146212"", ""batch_size"": 16, ""epoch"": 1, ""learning_rate"": 0.014710506690526742, ""max_dropout"": 0.5617124631975177, ""max_units"": 116, ""momentum"": 0.7694692503269742, ""num_layers"": 5, ""weight_decay"": 0.04588598790581884}","{""time"": 2.0932424068450928, ""val_accuracy"": 50.58719253540039, ""val_cross_entropy"": 0.6267004609107971, ""val_balanced_accuracy"": 0.4995546042919159, ""test_cross_entropy"": 0.7119268178939819, ""test_balanced_accuracy"": 0.48897653818130493}"
2026-04-15T23:35:40.292936,cats,lcbench,126025,0,777,9.051651000976562,"{""OpenML_task_id"": ""189906"", ""batch_size"": 355, ""epoch"": 2, ""learning_rate"": 0.06006191670694601, ""max_dropout"": 0.8114932599149884, ""max_units"": 234, ""momentum"": 0.8545028706239037, ""num_layers"": 3, ""weight_decay"": 0.005371733615746494}","{""time"": 9.051651000976562, ""val_accuracy"": 80.73008728027344, ""val_cross_entropy"": 0.384229451417923, ""val_balanced_accuracy"": 0.8241008520126343, ""test_cross_entropy"": 0.547329843044281, ""test_balanced_accuracy"": 0.8253529667854309}"
2026-04-15T23:35:40.294450,cats,lcbench,126025,0,778,7.608373641967773,"{""OpenML_task_id"": ""168331"", ""batch_size"": 21, ""epoch"": 2, ""learning_rate"": 0.008025204381668129, ""max_dropout"": 0.6668449582336569, ""max_units"": 258, ""momentum"": 0.2658558625761568, ""num_layers"": 3, ""weight_decay"": 0.021144003931157365}","{""time"": 7.608373641967773, ""val_accuracy"": 80.3285903930664, ""val_cross_entropy"": 0.4277735650539398, ""val_balanced_accuracy"": 0.8112825751304626, ""test_cross_entropy"": 0.5735405683517456, ""test_balanced_accuracy"": 0.8114698529243469}"
2026-04-15T23:35:40.294450,cats,lcbench,126025,0,779,3.6355268955230713,"{""OpenML_task_id"": ""189906"", ""batch_size"": 330, ""epoch"": 1, ""learning_rate"": 0.06985182538666637, ""max_dropout"": 1.0, ""max_units"": 273, ""momentum"": 0.9293464385617947, ""num_layers"": 3, ""weight_decay"": 1e-05}","{""time"": 3.6355268955230713, ""val_accuracy"": 56.07529067993164, ""val_cross_entropy"": 0.5479511618614197, ""val_balanced_accuracy"": 0.6001416444778442, ""test_cross_entropy"": 0.644481897354126, ""test_balanced_accuracy"": 0.6120308637619019}"
2026-04-15T23:35:40.295453,cats,lcbench,126025,0,780,4.059445858001709,"{""OpenML_task_id"": ""168868"", ""batch_size"": 139, ""epoch"": 1, ""learning_rate"": 0.00010000000000000009, ""max_dropout"": 0.1396379031038814, ""max_units"": 555, ""momentum"": 0.5613383863370716, ""num_layers"": 1, ""weight_decay"": 0.03183837724173902}","{""time"": 4.059445858001709, ""val_accuracy"": 46.317054748535156, ""val_cross_entropy"": 0.7517580986022949, ""val_balanced_accuracy"": 0.4372411072254181, ""test_cross_entropy"": 0.7042521238327026, ""test_balanced_accuracy"": 0.4248504340648651}"
2026-04-15T23:35:40.296453,cats,lcbench,126025,0,781,4.179370403289795,"{""OpenML_task_id"": ""7593"", ""batch_size"": 27, ""epoch"": 1, ""learning_rate"": 0.04194237859442951, ""max_dropout"": 0.7084143274676655, ""max_units"": 109, ""momentum"": 0.9209352206677885, ""num_layers"": 4, ""weight_decay"": 0.026896076193638714}","{""time"": 4.179370403289795, ""val_accuracy"": 36.240787506103516, ""val_cross_entropy"": 0.627730131149292, ""val_balanced_accuracy"": 0.44624775648117065, ""test_cross_entropy"": 0.7208487391471863, ""test_balanced_accuracy"": 0.44869983196258545}"
2026-04-15T23:35:40.296453,cats,lcbench,126025,0,782,19.06534194946289,"{""OpenML_task_id"": ""189906"", ""batch_size"": 266, ""epoch"": 6, ""learning_rate"": 0.08342934380892174, ""max_dropout"": 0.8969237650074041, ""max_units"": 87, ""momentum"": 0.9311110446913148, ""num_layers"": 2, ""weight_decay"": 1e-05}","{""time"": 19.06534194946289, ""val_accuracy"": 77.70640563964844, ""val_cross_entropy"": 0.3192899227142334, ""val_balanced_accuracy"": 0.8229934573173523, ""test_cross_entropy"": 0.532982587814331, ""test_balanced_accuracy"": 0.8285138010978699}"
2026-04-15T23:35:40.297474,cats,lcbench,126025,0,783,11.613292694091797,"{""OpenML_task_id"": ""189906"", ""batch_size"": 81, ""epoch"": 9, ""learning_rate"": 0.05835717620780016, ""max_dropout"": 0.37541958934010333, ""max_units"": 116, ""momentum"": 0.32815074955484863, ""num_layers"": 3, ""weight_decay"": 0.04309648392695099}","{""time"": 11.613292694091797, ""val_accuracy"": 78.51703643798828, ""val_cross_entropy"": 0.4051409065723419, ""val_balanced_accuracy"": 0.8117468953132629, ""test_cross_entropy"": 0.5411704778671265, ""test_balanced_accuracy"": 0.801928699016571}"
2026-04-15T23:35:40.297474,cats,lcbench,126025,0,784,4.11104154586792,"{""OpenML_task_id"": ""7593"", ""batch_size"": 90, ""epoch"": 1, ""learning_rate"": 0.03297451978529191, ""max_dropout"": 0.704446913014669, ""max_units"": 156, ""momentum"": 0.8279835817240575, ""num_layers"": 4, ""weight_decay"": 0.02390110428787709}","{""time"": 4.11104154586792, ""val_accuracy"": 37.7911262512207, ""val_cross_entropy"": 0.6367800831794739, ""val_balanced_accuracy"": 0.4575278162956238, ""test_cross_entropy"": 0.7108581066131592, ""test_balanced_accuracy"": 0.4650290012359619}"
2026-04-15T23:35:40.298459,cats,lcbench,126025,0,785,14.685311317443848,"{""OpenML_task_id"": ""3945"", ""batch_size"": 512, ""epoch"": 5, ""learning_rate"": 0.030697865175876242, ""max_dropout"": 0.15725635223121526, ""max_units"": 296, ""momentum"": 0.14318349221488205, ""num_layers"": 5, ""weight_decay"": 0.04890715822127313}","{""time"": 14.685311317443848, ""val_accuracy"": 73.3248062133789, ""val_cross_entropy"": 0.5783441662788391, ""val_balanced_accuracy"": 0.762847900390625, ""test_cross_entropy"": 0.661587119102478, ""test_balanced_accuracy"": 0.7671113014221191}"
2026-04-15T23:35:40.298459,cats,lcbench,126025,0,786,4.226782321929932,"{""OpenML_task_id"": ""168329"", ""batch_size"": 81, ""epoch"": 1, ""learning_rate"": 0.0741505253374348, ""max_dropout"": 0.3330212471520735, ""max_units"": 134, ""momentum"": 0.5906616699914629, ""num_layers"": 2, ""weight_decay"": 0.09822316975095399}","{""time"": 4.226782321929932, ""val_accuracy"": 49.324188232421875, ""val_cross_entropy"": 0.6050440073013306, ""val_balanced_accuracy"": 0.5057787895202637, ""test_cross_entropy"": 0.7001367807388306, ""test_balanced_accuracy"": 0.5179902911186218}"
2026-04-15T23:35:40.299454,cats,lcbench,126025,0,787,32.5345344543457,"{""OpenML_task_id"": ""168868"", ""batch_size"": 160, ""epoch"": 7, ""learning_rate"": 0.00010000000000000009, ""max_dropout"": 0.18602541168435888, ""max_units"": 531, ""momentum"": 0.6656224576355652, ""num_layers"": 2, ""weight_decay"": 0.02815255363759189}","{""time"": 32.5345344543457, ""val_accuracy"": 73.34201049804688, ""val_cross_entropy"": 0.5725670456886292, ""val_balanced_accuracy"": 0.7589627504348755, ""test_cross_entropy"": 0.6369553804397583, ""test_balanced_accuracy"": 0.7604073882102966}"
2026-04-15T23:35:40.299454,cats,lcbench,126025,0,788,40.6280403137207,"{""OpenML_task_id"": ""167185"", ""batch_size"": 18, ""epoch"": 8, ""learning_rate"": 0.0050682372661249985, ""max_dropout"": 0.9242006217770147, ""max_units"": 237, ""momentum"": 0.3652228015350344, ""num_layers"": 3, ""weight_decay"": 0.034292340058206305}","{""time"": 40.6280403137207, ""val_accuracy"": 78.0359878540039, ""val_cross_entropy"": 0.49289292097091675, ""val_balanced_accuracy"": 0.792673647403717, ""test_cross_entropy"": 0.5569512248039246, ""test_balanced_accuracy"": 0.7856084704399109}"
2026-04-15T23:35:40.300454,cats,lcbench,126025,0,789,17.873069763183594,"{""OpenML_task_id"": ""167184"", ""batch_size"": 17, ""epoch"": 8, ""learning_rate"": 0.047942512869024054, ""max_dropout"": 0.2973611141280876, ""max_units"": 230, ""momentum"": 0.27926755310113704, ""num_layers"": 5, ""weight_decay"": 0.027645938344626725}","{""time"": 17.873069763183594, ""val_accuracy"": 83.44029998779297, ""val_cross_entropy"": 0.33001279830932617, ""val_balanced_accuracy"": 0.8044978976249695, ""test_cross_entropy"": 0.5069568753242493, ""test_balanced_accuracy"": 0.788796067237854}"
2026-04-15T23:35:40.300454,cats,lcbench,126025,0,790,4.645123481750488,"{""OpenML_task_id"": ""167184"", ""batch_size"": 304, ""epoch"": 1, ""learning_rate"": 0.03255318289915967, ""max_dropout"": 0.2170131468618119, ""max_units"": 149, ""momentum"": 0.49728606402009934, ""num_layers"": 3, ""weight_decay"": 0.010234626438655739}","{""time"": 4.645123481750488, ""val_accuracy"": 48.752986907958984, ""val_cross_entropy"": 0.6610661745071411, ""val_balanced_accuracy"": 0.5240682363510132, ""test_cross_entropy"": 0.6941530108451843, ""test_balanced_accuracy"": 0.5345391035079956}"
2026-04-15T23:35:40.301454,cats,lcbench,126025,0,791,3.225552558898926,"{""OpenML_task_id"": ""189906"", ""batch_size"": 87, ""epoch"": 1, ""learning_rate"": 0.03809365534166129, ""max_dropout"": 0.13344808222246837, ""max_units"": 142, ""momentum"": 0.2987641383007742, ""num_layers"": 3, ""weight_decay"": 0.045156830172350164}","{""time"": 3.225552558898926, ""val_accuracy"": 46.97524642944336, ""val_cross_entropy"": 0.6368541121482849, ""val_balanced_accuracy"": 0.5158025622367859, ""test_cross_entropy"": 0.6887693405151367, ""test_balanced_accuracy"": 0.5319131016731262}"
2026-04-15T23:35:40.301454,cats,lcbench,126025,0,792,2.118342876434326,"{""OpenML_task_id"": ""7593"", ""batch_size"": 98, ""epoch"": 1, ""learning_rate"": 0.01728953759818719, ""max_dropout"": 0.6532891757558759, ""max_units"": 159, ""momentum"": 0.770486093886207, ""num_layers"": 5, ""weight_decay"": 0.03181565247109438}","{""time"": 2.118342876434326, ""val_accuracy"": 52.58420181274414, ""val_cross_entropy"": 0.6068546175956726, ""val_balanced_accuracy"": 0.5154131650924683, ""test_cross_entropy"": 0.702328085899353, ""test_balanced_accuracy"": 0.5083562731742859}"
2026-04-15T23:35:40.302453,cats,lcbench,126025,0,793,20.476547241210938,"{""OpenML_task_id"": ""189906"", ""batch_size"": 292, ""epoch"": 8, ""learning_rate"": 0.059121923181037185, ""max_dropout"": 0.8262696669982845, ""max_units"": 279, ""momentum"": 0.9507544282869755, ""num_layers"": 4, ""weight_decay"": 0.005660947686833508}","{""time"": 20.476547241210938, ""val_accuracy"": 82.03175354003906, ""val_cross_entropy"": 0.31707239151000977, ""val_balanced_accuracy"": 0.8678097724914551, ""test_cross_entropy"": 0.4890451729297638, ""test_balanced_accuracy"": 0.8572088479995728}"
2026-04-15T23:35:40.302453,cats,lcbench,126025,0,794,1.377879023551941,"{""OpenML_task_id"": ""189906"", ""batch_size"": 231, ""epoch"": 1, ""learning_rate"": 0.0694697241683067, ""max_dropout"": 0.979158262207167, ""max_units"": 64, ""momentum"": 0.99, ""num_layers"": 2, ""weight_decay"": 1e-05}","{""time"": 1.377879023551941, ""val_accuracy"": 61.19929885864258, ""val_cross_entropy"": 0.5855424404144287, ""val_balanced_accuracy"": 0.6502273082733154, ""test_cross_entropy"": 0.6394765973091125, ""test_balanced_accuracy"": 0.6661296486854553}"
2026-04-15T23:35:40.303456,cats,lcbench,126025,0,795,4.5307769775390625,"{""OpenML_task_id"": ""126026"", ""batch_size"": 24, ""epoch"": 1, ""learning_rate"": 0.02571119594395002, ""max_dropout"": 0.2975704377068947, ""max_units"": 249, ""momentum"": 0.2590536420327154, ""num_layers"": 3, ""weight_decay"": 0.017010152887698252}","{""time"": 4.5307769775390625, ""val_accuracy"": 43.68264389038086, ""val_cross_entropy"": 0.665601909160614, ""val_balanced_accuracy"": 0.5093325972557068, ""test_cross_entropy"": 0.6875090003013611, ""test_balanced_accuracy"": 0.523896336555481}"
2026-04-15T23:35:40.303961,cats,lcbench,126025,0,796,16.990371704101562,"{""OpenML_task_id"": ""7593"", ""batch_size"": 65, ""epoch"": 5, ""learning_rate"": 0.030537784306032528, ""max_dropout"": 0.5675702943341449, ""max_units"": 300, ""momentum"": 0.887107580097903, ""num_layers"": 5, ""weight_decay"": 0.04249944127868571}","{""time"": 16.990371704101562, ""val_accuracy"": 78.58190155029297, ""val_cross_entropy"": 0.3863843083381653, ""val_balanced_accuracy"": 0.7549893260002136, ""test_cross_entropy"": 0.5662189722061157, ""test_balanced_accuracy"": 0.7445996999740601}"
2026-04-15T23:35:40.303961,cats,lcbench,126025,0,797,6.466301918029785,"{""OpenML_task_id"": ""146212"", ""batch_size"": 368, ""epoch"": 1, ""learning_rate"": 0.08508581708070903, ""max_dropout"": 1.0, ""max_units"": 119, ""momentum"": 0.9735733841921018, ""num_layers"": 4, ""weight_decay"": 1e-05}","{""time"": 6.466301918029785, ""val_accuracy"": 50.325618743896484, ""val_cross_entropy"": 0.6089314222335815, ""val_balanced_accuracy"": 0.539169430732727, ""test_cross_entropy"": 0.6888657808303833, ""test_balanced_accuracy"": 0.5445197820663452}"
2026-04-15T23:35:40.304966,cats,lcbench,126025,0,798,36.489253997802734,"{""OpenML_task_id"": ""34539"", ""batch_size"": 512, ""epoch"": 7, ""learning_rate"": 0.04824547221910999, ""max_dropout"": 0.24838998705451773, ""max_units"": 513, ""momentum"": 0.3016449360379637, ""num_layers"": 3, ""weight_decay"": 0.06047348314434833}","{""time"": 36.489253997802734, ""val_accuracy"": 80.38253784179688, ""val_cross_entropy"": 0.3746759593486786, ""val_balanced_accuracy"": 0.8261641263961792, ""test_cross_entropy"": 0.5287382006645203, ""test_balanced_accuracy"": 0.8242784738540649}"
2026-04-15T23:35:40.304966,cats,lcbench,126025,0,799,10.527000427246094,"{""OpenML_task_id"": ""168868"", ""batch_size"": 130, ""epoch"": 1, ""learning_rate"": 0.00010000000000000009, ""max_dropout"": 0.2708092084612243, ""max_units"": 485, ""momentum"": 0.6613012561240242, ""num_layers"": 3, ""weight_decay"": 0.028340784134450542}","{""time"": 10.527000427246094, ""val_accuracy"": 46.78782653808594, ""val_cross_entropy"": 0.581328272819519, ""val_balanced_accuracy"": 0.5007537603378296, ""test_cross_entropy"": 0.6804407238960266, ""test_balanced_accuracy"": 0.5083436369895935}"
2026-04-15T23:35:40.305966,cats,lcbench,126025,0,800,4.996530055999756,"{""OpenML_task_id"": ""168868"", ""batch_size"": 98, ""epoch"": 1, ""learning_rate"": 0.00010000000000000009, ""max_dropout"": 0.2539178402882043, ""max_units"": 307, ""momentum"": 0.42352231602247986, ""num_layers"": 2, ""weight_decay"": 0.012025108289736765}","{""time"": 4.996530055999756, ""val_accuracy"": 46.316436767578125, ""val_cross_entropy"": 0.6354524493217468, ""val_balanced_accuracy"": 0.48264050483703613, ""test_cross_entropy"": 0.6912075281143188, ""test_balanced_accuracy"": 0.4875488877296448}"
2026-04-15T23:35:40.305966,cats,lcbench,126025,0,801,12.270088195800781,"{""OpenML_task_id"": ""3945"", ""batch_size"": 299, ""epoch"": 6, ""learning_rate"": 0.05989160120621219, ""max_dropout"": 0.9933905512672448, ""max_units"": 94, ""momentum"": 0.9581424654112289, ""num_layers"": 3, ""weight_decay"": 0.017228608677091556}","{""time"": 12.270088195800781, ""val_accuracy"": 78.66648864746094, ""val_cross_entropy"": 0.5149871110916138, ""val_balanced_accuracy"": 0.8290860652923584, ""test_cross_entropy"": 0.5419284701347351, ""test_balanced_accuracy"": 0.8274004459381104}"
2026-04-15T23:35:40.306966,cats,lcbench,126025,0,802,23.411907196044922,"{""OpenML_task_id"": ""168329"", ""batch_size"": 85, ""epoch"": 7, ""learning_rate"": 0.058703060330167624, ""max_dropout"": 0.16691330932109597, ""max_units"": 225, ""momentum"": 0.6203776152291534, ""num_layers"": 1, ""weight_decay"": 0.09231787662974365}","{""time"": 23.411907196044922, ""val_accuracy"": 76.74897003173828, ""val_cross_entropy"": 0.4932084083557129, ""val_balanced_accuracy"": 0.7820591926574707, ""test_cross_entropy"": 0.5657799243927002, ""test_balanced_accuracy"": 0.7728388905525208}"
2026-04-15T23:35:40.306966,cats,lcbench,126025,0,803,4.329973220825195,"{""OpenML_task_id"": ""126026"", ""batch_size"": 28, ""epoch"": 1, ""learning_rate"": 0.014880290404336347, ""max_dropout"": 0.19689039269854175, ""max_units"": 195, ""momentum"": 0.11487276512276791, ""num_layers"": 3, ""weight_decay"": 0.020716880372508413}","{""time"": 4.329973220825195, ""val_accuracy"": 44.21965026855469, ""val_cross_entropy"": 0.6611011028289795, ""val_balanced_accuracy"": 0.5093714594841003, ""test_cross_entropy"": 0.6909910440444946, ""test_balanced_accuracy"": 0.5242541432380676}"
2026-04-15T23:35:40.307966,cats,lcbench,126025,0,804,4.0970964431762695,"{""OpenML_task_id"": ""7593"", ""batch_size"": 52, ""epoch"": 1, ""learning_rate"": 0.03746211692731198, ""max_dropout"": 0.5937871103602147, ""max_units"": 311, ""momentum"": 0.7056854713168943, ""num_layers"": 5, ""weight_decay"": 0.018295242199956957}","{""time"": 4.0970964431762695, ""val_accuracy"": 50.693634033203125, ""val_cross_entropy"": 0.5758358240127563, ""val_balanced_accuracy"": 0.5166671276092529, ""test_cross_entropy"": 0.7005420327186584, ""test_balanced_accuracy"": 0.511285126209259}"
2026-04-15T23:35:40.307966,cats,lcbench,126025,0,805,6.582043170928955,"{""OpenML_task_id"": ""126026"", ""batch_size"": 16, ""epoch"": 1, ""learning_rate"": 0.04268940018581925, ""max_dropout"": 0.46758220362713254, ""max_units"": 330, ""momentum"": 0.22523038016855434, ""num_layers"": 2, ""weight_decay"": 0.03257027931128623}","{""time"": 6.582043170928955, ""val_accuracy"": 45.23134994506836, ""val_cross_entropy"": 0.7325503826141357, ""val_balanced_accuracy"": 0.4825889468193054, ""test_cross_entropy"": 0.6816456317901611, ""test_balanced_accuracy"": 0.49730339646339417}"
2026-04-15T23:35:40.308967,cats,lcbench,126025,0,806,9.747491836547852,"{""OpenML_task_id"": ""126026"", ""batch_size"": 88, ""epoch"": 1, ""learning_rate"": 0.02111725856755226, ""max_dropout"": 0.43680478203812245, ""max_units"": 254, ""momentum"": 0.10270652448393985, ""num_layers"": 1, ""weight_decay"": 0.02057241244241926}","{""time"": 9.747491836547852, ""val_accuracy"": 52.376895904541016, ""val_cross_entropy"": 0.7224543690681458, ""val_balanced_accuracy"": 0.45851588249206543, ""test_cross_entropy"": 0.6827844381332397, ""test_balanced_accuracy"": 0.46680453419685364}"
2026-04-15T23:35:40.308967,cats,lcbench,126025,0,807,9.189702987670898,"{""OpenML_task_id"": ""167184"", ""batch_size"": 291, ""epoch"": 1, ""learning_rate"": 0.04793879163009482, ""max_dropout"": 0.1645046350043591, ""max_units"": 320, ""momentum"": 0.3690496090549212, ""num_layers"": 1, ""weight_decay"": 0.010447490186338372}","{""time"": 9.189702987670898, ""val_accuracy"": 51.097564697265625, ""val_cross_entropy"": 0.7159774303436279, ""val_balanced_accuracy"": 0.463826060295105, ""test_cross_entropy"": 0.6813275218009949, ""test_balanced_accuracy"": 0.47064074873924255}"
2026-04-15T23:35:40.308967,cats,lcbench,126025,0,808,20.504436492919922,"{""OpenML_task_id"": ""168868"", ""batch_size"": 102, ""epoch"": 7, ""learning_rate"": 0.08679796406457986, ""max_dropout"": 0.705719273065359, ""max_units"": 433, ""momentum"": 0.47771278918087595, ""num_layers"": 2, ""weight_decay"": 0.049791144814583854}","{""time"": 20.504436492919922, ""val_accuracy"": 80.82931518554688, ""val_cross_entropy"": 0.40439075231552124, ""val_balanced_accuracy"": 0.821771502494812, ""test_cross_entropy"": 0.5481246709823608, ""test_balanced_accuracy"": 0.8136535286903381}"
2026-04-15T23:35:40.310472,cats,lcbench,126025,0,809,9.810242652893066,"{""OpenML_task_id"": ""168868"", ""batch_size"": 29, ""epoch"": 4, ""learning_rate"": 0.08818067186928705, ""max_dropout"": 0.8514635838236649, ""max_units"": 257, ""momentum"": 0.4444268377578348, ""num_layers"": 4, ""weight_decay"": 0.05777694127250817}","{""time"": 9.810242652893066, ""val_accuracy"": 69.47220611572266, ""val_cross_entropy"": 0.4999586343765259, ""val_balanced_accuracy"": 0.7019753456115723, ""test_cross_entropy"": 0.6179437637329102, ""test_balanced_accuracy"": 0.6946285963058472}"
2026-04-15T23:35:40.310472,cats,lcbench,126025,0,810,4.26164436340332,"{""OpenML_task_id"": ""167184"", ""batch_size"": 322, ""epoch"": 1, ""learning_rate"": 0.047565680937734306, ""max_dropout"": 0.23027860300594322, ""max_units"": 195, ""momentum"": 0.5347036128643503, ""num_layers"": 3, ""weight_decay"": 0.025079778432778407}","{""time"": 4.26164436340332, ""val_accuracy"": 49.99697494506836, ""val_cross_entropy"": 0.6530766487121582, ""val_balanced_accuracy"": 0.5297160744667053, ""test_cross_entropy"": 0.6936835646629333, ""test_balanced_accuracy"": 0.5407895445823669}"
2026-04-15T23:35:40.311479,cats,lcbench,126025,0,811,17.186992645263672,"{""OpenML_task_id"": ""168868"", ""batch_size"": 16, ""epoch"": 7, ""learning_rate"": 0.07253491809636729, ""max_dropout"": 0.9596612285196535, ""max_units"": 267, ""momentum"": 0.39896554963556996, ""num_layers"": 2, ""weight_decay"": 0.056686430304111524}","{""time"": 17.186992645263672, ""val_accuracy"": 79.28831481933594, ""val_cross_entropy"": 0.5150004625320435, ""val_balanced_accuracy"": 0.7950554490089417, ""test_cross_entropy"": 0.5662233829498291, ""test_balanced_accuracy"": 0.7867480516433716}"
2026-04-15T23:35:40.311479,cats,lcbench,126025,0,812,14.110790252685547,"{""OpenML_task_id"": ""126026"", ""batch_size"": 91, ""epoch"": 2, ""learning_rate"": 0.028974493612038715, ""max_dropout"": 0.23245554818389935, ""max_units"": 102, ""momentum"": 0.23679436366591824, ""num_layers"": 1, ""weight_decay"": 0.011640802870826202}","{""time"": 14.110790252685547, ""val_accuracy"": 78.37967681884766, ""val_cross_entropy"": 0.4820210337638855, ""val_balanced_accuracy"": 0.7677568197250366, ""test_cross_entropy"": 0.5701233148574829, ""test_balanced_accuracy"": 0.7697098851203918}"
2026-04-15T23:35:40.312479,cats,lcbench,126025,0,813,18.47687530517578,"{""OpenML_task_id"": ""168868"", ""batch_size"": 133, ""epoch"": 4, ""learning_rate"": 0.00010000000000000009, ""max_dropout"": 0.17831724272063576, ""max_units"": 483, ""momentum"": 0.5779965907659338, ""num_layers"": 2, ""weight_decay"": 0.02455890631020846}","{""time"": 18.47687530517578, ""val_accuracy"": 66.26669311523438, ""val_cross_entropy"": 0.6264703273773193, ""val_balanced_accuracy"": 0.6845771670341492, ""test_cross_entropy"": 0.6608926653862, ""test_balanced_accuracy"": 0.6871844530105591}"
2026-04-15T23:35:40.312479,cats,lcbench,126025,0,814,36.94664001464844,"{""OpenML_task_id"": ""167184"", ""batch_size"": 232, ""epoch"": 7, ""learning_rate"": 0.022519124977125764, ""max_dropout"": 0.31211267571305634, ""max_units"": 370, ""momentum"": 0.5518238201643484, ""num_layers"": 3, ""weight_decay"": 0.008840315479208891}","{""time"": 36.94664001464844, ""val_accuracy"": 79.07324981689453, ""val_cross_entropy"": 0.3995487689971924, ""val_balanced_accuracy"": 0.8277840614318848, ""test_cross_entropy"": 0.5171380043029785, ""test_balanced_accuracy"": 0.8228176236152649}"
2026-04-15T23:35:40.313479,cats,lcbench,126025,0,815,6.008915901184082,"{""OpenML_task_id"": ""168331"", ""batch_size"": 23, ""epoch"": 5, ""learning_rate"": 0.019187266660073067, ""max_dropout"": 0.7961858774693893, ""max_units"": 64, ""momentum"": 0.3360160771007361, ""num_layers"": 4, ""weight_decay"": 0.02753476670238347}","{""time"": 6.008915901184082, ""val_accuracy"": 79.8333969116211, ""val_cross_entropy"": 0.39230117201805115, ""val_balanced_accuracy"": 0.7847772836685181, ""test_cross_entropy"": 0.565820574760437, ""test_balanced_accuracy"": 0.7766128182411194}"
2026-04-15T23:35:40.313479,cats,lcbench,126025,0,816,4.2184157371521,"{""OpenML_task_id"": ""189906"", ""batch_size"": 301, ""epoch"": 2, ""learning_rate"": 0.07568574674076009, ""max_dropout"": 0.8558865537140575, ""max_units"": 64, ""momentum"": 0.9492615001139195, ""num_layers"": 4, ""weight_decay"": 0.01933355547360274}","{""time"": 4.2184157371521, ""val_accuracy"": 63.803585052490234, ""val_cross_entropy"": 0.46064305305480957, ""val_balanced_accuracy"": 0.7044848799705505, ""test_cross_entropy"": 0.6160054802894592, ""test_balanced_accuracy"": 0.6987772583961487}"
2026-04-15T23:35:40.314479,cats,lcbench,126025,0,817,10.430782318115234,"{""OpenML_task_id"": ""168868"", ""batch_size"": 104, ""epoch"": 1, ""learning_rate"": 0.00010000000000000009, ""max_dropout"": 0.09637817242686804, ""max_units"": 458, ""momentum"": 0.6516152997647751, ""num_layers"": 3, ""weight_decay"": 0.030164810538892077}","{""time"": 10.430782318115234, ""val_accuracy"": 46.81719207763672, ""val_cross_entropy"": 0.5741762518882751, ""val_balanced_accuracy"": 0.5045791864395142, ""test_cross_entropy"": 0.6809033751487732, ""test_balanced_accuracy"": 0.5139200687408447}"
2026-04-15T23:35:40.315480,cats,lcbench,126025,0,818,7.559566974639893,"{""OpenML_task_id"": ""189906"", ""batch_size"": 322, ""epoch"": 1, ""learning_rate"": 0.07380047448848537, ""max_dropout"": 0.988495793892172, ""max_units"": 247, ""momentum"": 0.9007892025398428, ""num_layers"": 4, ""weight_decay"": 0.01657550620656085}","{""time"": 7.559566974639893, ""val_accuracy"": 35.430450439453125, ""val_cross_entropy"": 0.6930673122406006, ""val_balanced_accuracy"": 0.4340561628341675, ""test_cross_entropy"": 0.7163591384887695, ""test_balanced_accuracy"": 0.43219903111457825}"
2026-04-15T23:35:40.315480,cats,lcbench,126025,0,819,18.10873794555664,"{""OpenML_task_id"": ""168868"", ""batch_size"": 85, ""epoch"": 2, ""learning_rate"": 0.00010000000000000009, ""max_dropout"": 0.09666111045786457, ""max_units"": 571, ""momentum"": 0.6032948781166421, ""num_layers"": 3, ""weight_decay"": 0.026100963674088207}","{""time"": 18.10873794555664, ""val_accuracy"": 54.92790603637695, ""val_cross_entropy"": 0.6037544012069702, ""val_balanced_accuracy"": 0.5705952048301697, ""test_cross_entropy"": 0.6787398457527161, ""test_balanced_accuracy"": 0.5772232413291931}"
2026-04-15T23:35:40.316477,cats,lcbench,126025,0,820,32.660037994384766,"{""OpenML_task_id"": ""7593"", ""batch_size"": 100, ""epoch"": 11, ""learning_rate"": 0.024228481672652104, ""max_dropout"": 0.6491703264706177, ""max_units"": 280, ""momentum"": 0.9102979702588101, ""num_layers"": 5, ""weight_decay"": 0.01817733424965297}","{""time"": 32.660037994384766, ""val_accuracy"": 79.74026489257812, ""val_cross_entropy"": 0.2792714834213257, ""val_balanced_accuracy"": 0.7795141339302063, ""test_cross_entropy"": 0.49369052052497864, ""test_balanced_accuracy"": 0.7558639645576477}"
2026-04-15T23:35:40.316477,cats,lcbench,126025,0,821,23.97527313232422,"{""OpenML_task_id"": ""168868"", ""batch_size"": 135, ""epoch"": 5, ""learning_rate"": 0.00010000000000000009, ""max_dropout"": 0.1149584313366627, ""max_units"": 359, ""momentum"": 0.6297532005457955, ""num_layers"": 1, ""weight_decay"": 0.027536565449595284}","{""time"": 23.97527313232422, ""val_accuracy"": 57.12633514404297, ""val_cross_entropy"": 0.68784099817276, ""val_balanced_accuracy"": 0.5439167022705078, ""test_cross_entropy"": 0.674999475479126, ""test_balanced_accuracy"": 0.5450237393379211}"
2026-04-15T23:35:40.317517,cats,lcbench,126025,0,822,12.657751083374023,"{""OpenML_task_id"": ""168868"", ""batch_size"": 65, ""epoch"": 3, ""learning_rate"": 0.00010000000000000009, ""max_dropout"": 0.3443104050135638, ""max_units"": 491, ""momentum"": 0.5639952322563744, ""num_layers"": 2, ""weight_decay"": 0.003045504703545431}","{""time"": 12.657751083374023, ""val_accuracy"": 69.88899230957031, ""val_cross_entropy"": 0.6135863661766052, ""val_balanced_accuracy"": 0.6944537162780762, ""test_cross_entropy"": 0.6605758666992188, ""test_balanced_accuracy"": 0.696509838104248}"
2026-04-15T23:35:40.317517,cats,lcbench,126025,0,823,15.662835121154785,"{""OpenML_task_id"": ""167161"", ""batch_size"": 74, ""epoch"": 8, ""learning_rate"": 0.042661798306585536, ""max_dropout"": 0.37344044984571634, ""max_units"": 205, ""momentum"": 0.36401234507462954, ""num_layers"": 3, ""weight_decay"": 0.04498223952960152}","{""time"": 15.662835121154785, ""val_accuracy"": 78.56197357177734, ""val_cross_entropy"": 0.40306413173675537, ""val_balanced_accuracy"": 0.8141829371452332, ""test_cross_entropy"": 0.5415030121803284, ""test_balanced_accuracy"": 0.8045101761817932}"
2026-04-15T23:35:40.318521,cats,lcbench,126025,0,824,5.198728561401367,"{""OpenML_task_id"": ""168329"", ""batch_size"": 16, ""epoch"": 1, ""learning_rate"": 0.06423848673983898, ""max_dropout"": 0.22456442324671244, ""max_units"": 94, ""momentum"": 0.586708215187786, ""num_layers"": 2, ""weight_decay"": 0.08932540979684969}","{""time"": 5.198728561401367, ""val_accuracy"": 47.755516052246094, ""val_cross_entropy"": 0.6043216586112976, ""val_balanced_accuracy"": 0.49859222769737244, ""test_cross_entropy"": 0.6980742812156677, ""test_balanced_accuracy"": 0.507904589176178}"
2026-04-15T23:35:40.318521,cats,lcbench,126025,0,825,19.670543670654297,"{""OpenML_task_id"": ""167184"", ""batch_size"": 306, ""epoch"": 4, ""learning_rate"": 0.025689964425611354, ""max_dropout"": 0.23327600248008354, ""max_units"": 317, ""momentum"": 0.49246813766193365, ""num_layers"": 1, ""weight_decay"": 0.02262931421189166}","{""time"": 19.670543670654297, ""val_accuracy"": 79.89158630371094, ""val_cross_entropy"": 0.44593310356140137, ""val_balanced_accuracy"": 0.794882595539093, ""test_cross_entropy"": 0.5541451573371887, ""test_balanced_accuracy"": 0.795955240726471}"
2026-04-15T23:35:40.319520,cats,lcbench,126025,0,826,15.62936782836914,"{""OpenML_task_id"": ""189906"", ""batch_size"": 16, ""epoch"": 5, ""learning_rate"": 0.054994628856499125, ""max_dropout"": 0.40572726065153164, ""max_units"": 277, ""momentum"": 0.1576154802226846, ""num_layers"": 4, ""weight_decay"": 0.03747302236505881}","{""time"": 15.62936782836914, ""val_accuracy"": 80.12628936767578, ""val_cross_entropy"": 0.3920709788799286, ""val_balanced_accuracy"": 0.8175846934318542, ""test_cross_entropy"": 0.5310449004173279, ""test_balanced_accuracy"": 0.8044073581695557}"
2026-04-15T23:35:40.319520,cats,lcbench,126025,0,827,6.456541061401367,"{""OpenML_task_id"": ""3945"", ""batch_size"": 436, ""epoch"": 1, ""learning_rate"": 0.05392839061522567, ""max_dropout"": 0.23903056148486074, ""max_units"": 368, ""momentum"": 0.20811702902413098, ""num_layers"": 4, ""weight_decay"": 0.048877077280277056}","{""time"": 6.456541061401367, ""val_accuracy"": 47.474796295166016, ""val_cross_entropy"": 0.6921640634536743, ""val_balanced_accuracy"": 0.49392959475517273, ""test_cross_entropy"": 0.6843482255935669, ""test_balanced_accuracy"": 0.5015355944633484}"
2026-04-15T23:35:40.321000,cats,lcbench,126025,0,828,3.940915822982788,"{""OpenML_task_id"": ""189906"", ""batch_size"": 244, ""epoch"": 1, ""learning_rate"": 0.08055576260952015, ""max_dropout"": 0.8277078151298922, ""max_units"": 64, ""momentum"": 0.9580675913606151, ""num_layers"": 4, ""weight_decay"": 0.012721788864326209}","{""time"": 3.940915822982788, ""val_accuracy"": 35.2925910949707, ""val_cross_entropy"": 0.6769989132881165, ""val_balanced_accuracy"": 0.435293972492218, ""test_cross_entropy"": 0.7206518054008484, ""test_balanced_accuracy"": 0.4385758340358734}"
2026-04-15T23:35:40.321000,cats,lcbench,126025,0,829,14.587698936462402,"{""OpenML_task_id"": ""3945"", ""batch_size"": 461, ""epoch"": 3, ""learning_rate"": 0.052496853258633375, ""max_dropout"": 0.37407930068137535, ""max_units"": 285, ""momentum"": 0.23441105761627248, ""num_layers"": 3, ""weight_decay"": 0.05576905302891681}","{""time"": 14.587698936462402, ""val_accuracy"": 80.87434387207031, ""val_cross_entropy"": 0.4275002181529999, ""val_balanced_accuracy"": 0.8283936977386475, ""test_cross_entropy"": 0.5677551031112671, ""test_balanced_accuracy"": 0.8311110734939575}"
2026-04-15T23:35:40.321998,cats,lcbench,126025,0,830,7.088235855102539,"{""OpenML_task_id"": ""168331"", ""batch_size"": 16, ""epoch"": 6, ""learning_rate"": 0.02330723485140339, ""max_dropout"": 0.7219483199396636, ""max_units"": 64, ""momentum"": 0.3458732967410916, ""num_layers"": 5, ""weight_decay"": 0.032285279754262854}","{""time"": 7.088235855102539, ""val_accuracy"": 86.36428833007812, ""val_cross_entropy"": 0.39881813526153564, ""val_balanced_accuracy"": 0.7197195291519165, ""test_cross_entropy"": 0.5837244987487793, ""test_balanced_accuracy"": 0.7087451219558716}"
2026-04-15T23:35:40.322999,cats,lcbench,126025,0,831,28.337177276611328,"{""OpenML_task_id"": ""3945"", ""batch_size"": 16, ""epoch"": 8, ""learning_rate"": 0.050122370617354514, ""max_dropout"": 0.2583204068773505, ""max_units"": 234, ""momentum"": 0.5907985587328229, ""num_layers"": 2, ""weight_decay"": 0.1}","{""time"": 28.337177276611328, ""val_accuracy"": 78.12042999267578, ""val_cross_entropy"": 0.4590708613395691, ""val_balanced_accuracy"": 0.7628624439239502, ""test_cross_entropy"": 0.5814667344093323, ""test_balanced_accuracy"": 0.7553710341453552}"
2026-04-15T23:35:40.322999,cats,lcbench,126025,0,832,13.307575225830078,"{""OpenML_task_id"": ""189354"", ""batch_size"": 327, ""epoch"": 5, ""learning_rate"": 0.0507179257076175, ""max_dropout"": 0.07046458915532086, ""max_units"": 320, ""momentum"": 0.5800845175860608, ""num_layers"": 1, ""weight_decay"": 1e-05}","{""time"": 13.307575225830078, ""val_accuracy"": 75.91632843017578, ""val_cross_entropy"": 0.3568657636642456, ""val_balanced_accuracy"": 0.8136007785797119, ""test_cross_entropy"": 0.5364021062850952, ""test_balanced_accuracy"": 0.8078145384788513}"
2026-04-15T23:35:40.324044,cats,lcbench,126025,0,833,5.158288955688477,"{""OpenML_task_id"": ""168330"", ""batch_size"": 59, ""epoch"": 1, ""learning_rate"": 0.0409286245438769, ""max_dropout"": 0.48113847025856316, ""max_units"": 337, ""momentum"": 0.10916023678805015, ""num_layers"": 2, ""weight_decay"": 0.03767295269891219}","{""time"": 5.158288955688477, ""val_accuracy"": 48.234375, ""val_cross_entropy"": 0.7285407781600952, ""val_balanced_accuracy"": 0.494353711605072, ""test_cross_entropy"": 0.6876574754714966, ""test_balanced_accuracy"": 0.5076653957366943}"
2026-04-15T23:35:40.325000,cats,lcbench,126025,0,834,15.909656524658203,"{""OpenML_task_id"": ""167184"", ""batch_size"": 211, ""epoch"": 4, ""learning_rate"": 0.02737330858499901, ""max_dropout"": 0.3425165165112579, ""max_units"": 154, ""momentum"": 0.4897312355877841, ""num_layers"": 2, ""weight_decay"": 0.0034893422965963147}","{""time"": 15.909656524658203, ""val_accuracy"": 80.24620056152344, ""val_cross_entropy"": 0.38558587431907654, ""val_balanced_accuracy"": 0.8056464791297913, ""test_cross_entropy"": 0.526604950428009, ""test_balanced_accuracy"": 0.8016564846038818}"
2026-04-15T23:35:40.325000,cats,lcbench,126025,0,835,37.41936492919922,"{""OpenML_task_id"": ""168868"", ""batch_size"": 20, ""epoch"": 7, ""learning_rate"": 0.005072759145606315, ""max_dropout"": 0.07004654889058146, ""max_units"": 342, ""momentum"": 0.6352324323898295, ""num_layers"": 3, ""weight_decay"": 0.011314067516125256}","{""time"": 37.41936492919922, ""val_accuracy"": 82.4200668334961, ""val_cross_entropy"": 0.36724647879600525, ""val_balanced_accuracy"": 0.8219643235206604, ""test_cross_entropy"": 0.507804811000824, ""test_balanced_accuracy"": 0.8134269714355469}"
2026-04-15T23:35:40.325000,cats,lcbench,126025,0,836,5.933614253997803,"{""OpenML_task_id"": ""167184"", ""batch_size"": 308, ""epoch"": 1, ""learning_rate"": 0.04928087555711322, ""max_dropout"": 0.09020760941572727, ""max_units"": 279, ""momentum"": 0.3375075014122825, ""num_layers"": 2, ""weight_decay"": 0.020578256663517203}","{""time"": 5.933614253997803, ""val_accuracy"": 48.9965705871582, ""val_cross_entropy"": 0.6689631938934326, ""val_balanced_accuracy"": 0.5106545686721802, ""test_cross_entropy"": 0.682355523109436, ""test_balanced_accuracy"": 0.5209885835647583}"
2026-04-15T23:35:40.326502,cats,lcbench,126025,0,837,4.861266613006592,"{""OpenML_task_id"": ""189906"", ""batch_size"": 241, ""epoch"": 1, ""learning_rate"": 0.06763459141967697, ""max_dropout"": 0.8559947323835234, ""max_units"": 160, ""momentum"": 0.99, ""num_layers"": 3, ""weight_decay"": 0.00734863337581439}","{""time"": 4.861266613006592, ""val_accuracy"": 42.00910568237305, ""val_cross_entropy"": 0.6674310564994812, ""val_balanced_accuracy"": 0.4831480085849762, ""test_cross_entropy"": 0.7071213722229004, ""test_balanced_accuracy"": 0.49384480714797974}"
2026-04-15T23:35:40.326502,cats,lcbench,126025,0,838,23.329635620117188,"{""OpenML_task_id"": ""189866"", ""batch_size"": 47, ""epoch"": 6, ""learning_rate"": 0.05852709344226474, ""max_dropout"": 0.28681217608863363, ""max_units"": 206, ""momentum"": 0.4927365934575919, ""num_layers"": 1, ""weight_decay"": 0.08773302383819716}","{""time"": 23.329635620117188, ""val_accuracy"": 77.1061019897461, ""val_cross_entropy"": 0.4844348430633545, ""val_balanced_accuracy"": 0.783612072467804, ""test_cross_entropy"": 0.5622099041938782, ""test_balanced_accuracy"": 0.7741534113883972}"
2026-04-15T23:35:40.327506,cats,lcbench,126025,0,839,3.9827499389648438,"{""OpenML_task_id"": ""126026"", ""batch_size"": 85, ""epoch"": 1, ""learning_rate"": 0.018635066221826625, ""max_dropout"": 0.2155642146203524, ""max_units"": 137, ""momentum"": 0.10373162558581374, ""num_layers"": 3, ""weight_decay"": 0.028278909421176647}","{""time"": 3.9827499389648438, ""val_accuracy"": 47.04832458496094, ""val_cross_entropy"": 0.6487155556678772, ""val_balanced_accuracy"": 0.5107734203338623, ""test_cross_entropy"": 0.6905040740966797, ""test_balanced_accuracy"": 0.5259829163551331}"
2026-04-15T23:35:40.327506,cats,lcbench,126025,0,840,5.016052722930908,"{""OpenML_task_id"": ""168329"", ""batch_size"": 93, ""epoch"": 1, ""learning_rate"": 0.056996495791716284, ""max_dropout"": 0.3424806425927186, ""max_units"": 232, ""momentum"": 0.461624253887654, ""num_layers"": 2, ""weight_decay"": 0.1}","{""time"": 5.016052722930908, ""val_accuracy"": 49.72574234008789, ""val_cross_entropy"": 0.6673026084899902, ""val_balanced_accuracy"": 0.49758803844451904, ""test_cross_entropy"": 0.7000204920768738, ""test_balanced_accuracy"": 0.5101639032363892}"
2026-04-15T23:35:40.328506,cats,lcbench,126025,0,841,7.456376075744629,"{""OpenML_task_id"": ""3945"", ""batch_size"": 509, ""epoch"": 1, ""learning_rate"": 0.04810480382286939, ""max_dropout"": 0.15547177723737832, ""max_units"": 424, ""momentum"": 0.28704370429931725, ""num_layers"": 4, ""weight_decay"": 0.04087669588827432}","{""time"": 7.456376075744629, ""val_accuracy"": 47.90312194824219, ""val_cross_entropy"": 0.7055432796478271, ""val_balanced_accuracy"": 0.4936545789241791, ""test_cross_entropy"": 0.6882964372634888, ""test_balanced_accuracy"": 0.5005961656570435}"
2026-04-15T23:35:40.328506,cats,lcbench,126025,0,842,2.1518101692199707,"{""OpenML_task_id"": ""126026"", ""batch_size"": 100, ""epoch"": 1, ""learning_rate"": 0.025015950204765755, ""max_dropout"": 0.7491188250415765, ""max_units"": 171, ""momentum"": 0.8140153792943239, ""num_layers"": 5, ""weight_decay"": 0.03184550743020206}","{""time"": 2.1518101692199707, ""val_accuracy"": 53.060646057128906, ""val_cross_entropy"": 0.5819777250289917, ""val_balanced_accuracy"": 0.5187249183654785, ""test_cross_entropy"": 0.705714225769043, ""test_balanced_accuracy"": 0.5107694864273071}"
2026-04-15T23:35:40.329507,cats,lcbench,126025,0,843,5.7844061851501465,"{""OpenML_task_id"": ""189906"", ""batch_size"": 16, ""epoch"": 1, ""learning_rate"": 0.04097390183762922, ""max_dropout"": 0.20725602297083756, ""max_units"": 267, ""momentum"": 0.33670701021889127, ""num_layers"": 4, ""weight_decay"": 0.027560832283993336}","{""time"": 5.7844061851501465, ""val_accuracy"": 39.16635513305664, ""val_cross_entropy"": 0.6744731068611145, ""val_balanced_accuracy"": 0.4918031394481659, ""test_cross_entropy"": 0.6917431354522705, ""test_balanced_accuracy"": 0.49789848923683167}"
2026-04-15T23:35:40.329507,cats,lcbench,126025,0,844,27.019405364990234,"{""OpenML_task_id"": ""168868"", ""batch_size"": 140, ""epoch"": 5, ""learning_rate"": 0.007737368361430165, ""max_dropout"": 0.15785956676542173, ""max_units"": 389, ""momentum"": 0.6474647406354888, ""num_layers"": 3, ""weight_decay"": 0.01718087991101449}","{""time"": 27.019405364990234, ""val_accuracy"": 80.67375183105469, ""val_cross_entropy"": 0.37306368350982666, ""val_balanced_accuracy"": 0.8262823224067688, ""test_cross_entropy"": 0.5288023948669434, ""test_balanced_accuracy"": 0.8221258521080017}"
2026-04-15T23:35:40.330508,cats,lcbench,126025,0,845,11.367866516113281,"{""OpenML_task_id"": ""167184"", ""batch_size"": 252, ""epoch"": 4, ""learning_rate"": 0.04749466426583464, ""max_dropout"": 0.200961230412258, ""max_units"": 122, ""momentum"": 0.5246117992857307, ""num_layers"": 3, ""weight_decay"": 0.013445567554987698}","{""time"": 11.367866516113281, ""val_accuracy"": 81.58113098144531, ""val_cross_entropy"": 0.3524738550186157, ""val_balanced_accuracy"": 0.84566730260849, ""test_cross_entropy"": 0.5226651430130005, ""test_balanced_accuracy"": 0.8437967300415039}"
2026-04-15T23:35:40.331507,cats,lcbench,126025,0,846,10.883984565734863,"{""OpenML_task_id"": ""167184"", ""batch_size"": 259, ""epoch"": 3, ""learning_rate"": 0.030983109128490567, ""max_dropout"": 0.1848342505728683, ""max_units"": 182, ""momentum"": 0.4726031422430761, ""num_layers"": 2, ""weight_decay"": 0.0025701305823450423}","{""time"": 10.883984565734863, ""val_accuracy"": 80.75627136230469, ""val_cross_entropy"": 0.3794563114643097, ""val_balanced_accuracy"": 0.8076620101928711, ""test_cross_entropy"": 0.5313002467155457, ""test_balanced_accuracy"": 0.8051487803459167}"
2026-04-15T23:35:40.331507,cats,lcbench,126025,0,847,12.007927894592285,"{""OpenML_task_id"": ""126026"", ""batch_size"": 16, ""epoch"": 1, ""learning_rate"": 0.043042252317644976, ""max_dropout"": 0.35536247832806656, ""max_units"": 248, ""momentum"": 0.34612844035001, ""num_layers"": 1, ""weight_decay"": 0.029302381212293723}","{""time"": 12.007927894592285, ""val_accuracy"": 50.086029052734375, ""val_cross_entropy"": 0.7559403777122498, ""val_balanced_accuracy"": 0.4474298655986786, ""test_cross_entropy"": 0.6721917390823364, ""test_balanced_accuracy"": 0.4583444893360138}"
2026-04-15T23:35:40.332508,cats,lcbench,126025,0,848,5.702132225036621,"{""OpenML_task_id"": ""3945"", ""batch_size"": 503, ""epoch"": 1, ""learning_rate"": 0.029125534888416786, ""max_dropout"": 0.3721515124169905, ""max_units"": 509, ""momentum"": 0.12452707775756162, ""num_layers"": 5, ""weight_decay"": 0.051921805922732725}","{""time"": 5.702132225036621, ""val_accuracy"": 49.419395446777344, ""val_cross_entropy"": 0.5961759090423584, ""val_balanced_accuracy"": 0.5598428845405579, ""test_cross_entropy"": 0.6684612035751343, ""test_balanced_accuracy"": 0.5551122426986694}"
2026-04-15T23:35:40.332508,cats,lcbench,126025,0,849,3.8446974754333496,"{""OpenML_task_id"": ""168329"", ""batch_size"": 63, ""epoch"": 1, ""learning_rate"": 0.05257835305034054, ""max_dropout"": 0.1972580630486073, ""max_units"": 171, ""momentum"": 0.5158539632862431, ""num_layers"": 3, ""weight_decay"": 0.1}","{""time"": 3.8446974754333496, ""val_accuracy"": 46.74491882324219, ""val_cross_entropy"": 0.6101285219192505, ""val_balanced_accuracy"": 0.5180347561836243, ""test_cross_entropy"": 0.6946038007736206, ""test_balanced_accuracy"": 0.5312520265579224}"
2026-04-15T23:35:40.333506,cats,lcbench,126025,0,850,3.059610605239868,"{""OpenML_task_id"": ""7593"", ""batch_size"": 32, ""epoch"": 1, ""learning_rate"": 0.02566610340741504, ""max_dropout"": 0.6726670315416123, ""max_units"": 228, ""momentum"": 0.8936618714261754, ""num_layers"": 5, ""weight_decay"": 0.03853667993234615}","{""time"": 3.059610605239868, ""val_accuracy"": 50.40929412841797, ""val_cross_entropy"": 0.6047162413597107, ""val_balanced_accuracy"": 0.49649494886398315, ""test_cross_entropy"": 0.710192084312439, ""test_balanced_accuracy"": 0.4877953827381134}"
2026-04-15T23:35:40.333506,cats,lcbench,126025,0,851,6.629455089569092,"{""OpenML_task_id"": ""189906"", ""batch_size"": 45, ""epoch"": 4, ""learning_rate"": 0.060497917938577034, ""max_dropout"": 0.3805481317550965, ""max_units"": 254, ""momentum"": 0.15647202935172014, ""num_layers"": 5, ""weight_decay"": 0.036153840961500934}","{""time"": 6.629455089569092, ""val_accuracy"": 84.36913299560547, ""val_cross_entropy"": 0.3601818084716797, ""val_balanced_accuracy"": 0.8215662240982056, ""test_cross_entropy"": 0.5418289303779602, ""test_balanced_accuracy"": 0.8147546052932739}"
2026-04-15T23:35:40.334509,cats,lcbench,126025,0,852,29.065093994140625,"{""OpenML_task_id"": ""168331"", ""batch_size"": 69, ""epoch"": 9, ""learning_rate"": 0.020591016239279433, ""max_dropout"": 0.9238655452645518, ""max_units"": 197, ""momentum"": 0.19079127189529355, ""num_layers"": 3, ""weight_decay"": 0.0343051741932861}","{""time"": 29.065093994140625, ""val_accuracy"": 74.73194122314453, ""val_cross_entropy"": 0.5416139960289001, ""val_balanced_accuracy"": 0.7896782159805298, ""test_cross_entropy"": 0.5622357130050659, ""test_balanced_accuracy"": 0.781825065612793}"
2026-04-15T23:35:40.334509,cats,lcbench,126025,0,853,10.966259002685547,"{""OpenML_task_id"": ""189906"", ""batch_size"": 293, ""epoch"": 3, ""learning_rate"": 0.0780397424952465, ""max_dropout"": 0.9112711259560969, ""max_units"": 271, ""momentum"": 0.99, ""num_layers"": 3, ""weight_decay"": 0.0025273197403013446}","{""time"": 10.966259002685547, ""val_accuracy"": 81.44834899902344, ""val_cross_entropy"": 0.4014672636985779, ""val_balanced_accuracy"": 0.8408036828041077, ""test_cross_entropy"": 0.5065834522247314, ""test_balanced_accuracy"": 0.8427351713180542}"
2026-04-15T23:35:40.335507,cats,lcbench,126025,0,854,4.957485198974609,"{""OpenML_task_id"": ""168329"", ""batch_size"": 16, ""epoch"": 2, ""learning_rate"": 0.0761085876242059, ""max_dropout"": 0.39915541462600557, ""max_units"": 250, ""momentum"": 0.44261538883107987, ""num_layers"": 3, ""weight_decay"": 0.1}","{""time"": 4.957485198974609, ""val_accuracy"": 69.51939392089844, ""val_cross_entropy"": 0.5064252614974976, ""val_balanced_accuracy"": 0.703697919845581, ""test_cross_entropy"": 0.6171361804008484, ""test_balanced_accuracy"": 0.7051234245300293}"
2026-04-15T23:35:40.335507,cats,lcbench,126025,0,855,3.8321471214294434,"{""OpenML_task_id"": ""168329"", ""batch_size"": 16, ""epoch"": 1, ""learning_rate"": 0.047676308610824523, ""max_dropout"": 0.17144415094735677, ""max_units"": 147, ""momentum"": 0.3786815084173022, ""num_layers"": 3, ""weight_decay"": 0.1}","{""time"": 3.8321471214294434, ""val_accuracy"": 45.227210998535156, ""val_cross_entropy"": 0.605787992477417, ""val_balanced_accuracy"": 0.5187872052192688, ""test_cross_entropy"": 0.6945855617523193, ""test_balanced_accuracy"": 0.5299111008644104}"
2026-04-15T23:35:40.336605,cats,lcbench,126025,0,856,28.517066955566406,"{""OpenML_task_id"": ""167184"", ""batch_size"": 326, ""epoch"": 8, ""learning_rate"": 0.04880094788139834, ""max_dropout"": 0.21521785025022844, ""max_units"": 210, ""momentum"": 0.40994421140652415, ""num_layers"": 1, ""weight_decay"": 0.02271260751106824}","{""time"": 28.517066955566406, ""val_accuracy"": 79.40999603271484, ""val_cross_entropy"": 0.4415196180343628, ""val_balanced_accuracy"": 0.8062629103660583, ""test_cross_entropy"": 0.5489455461502075, ""test_balanced_accuracy"": 0.8057003021240234}"
2026-04-15T23:35:40.336605,cats,lcbench,126025,0,857,4.569822311401367,"{""OpenML_task_id"": ""3945"", ""batch_size"": 456, ""epoch"": 1, ""learning_rate"": 0.051063547308992756, ""max_dropout"": 0.22155751764896575, ""max_units"": 383, ""momentum"": 0.1171293481211231, ""num_layers"": 5, ""weight_decay"": 0.03874832251690335}","{""time"": 4.569822311401367, ""val_accuracy"": 49.78685760498047, ""val_cross_entropy"": 0.6005781292915344, ""val_balanced_accuracy"": 0.5642563700675964, ""test_cross_entropy"": 0.6663857698440552, ""test_balanced_accuracy"": 0.5611332058906555}"
2026-04-15T23:35:40.337573,cats,lcbench,126025,0,858,5.808112144470215,"{""OpenML_task_id"": ""189862"", ""batch_size"": 16, ""epoch"": 1, ""learning_rate"": 0.07252557564124801, ""max_dropout"": 0.14796023426504545, ""max_units"": 263, ""momentum"": 0.5300737487723195, ""num_layers"": 3, ""weight_decay"": 0.08720727183442228}","{""time"": 5.808112144470215, ""val_accuracy"": 46.820674896240234, ""val_cross_entropy"": 0.6326193809509277, ""val_balanced_accuracy"": 0.5169529318809509, ""test_cross_entropy"": 0.7031521797180176, ""test_balanced_accuracy"": 0.5270665287971497}"
2026-04-15T23:35:40.338571,cats,lcbench,126025,0,859,3.5881149768829346,"{""OpenML_task_id"": ""167201"", ""batch_size"": 38, ""epoch"": 1, ""learning_rate"": 0.08552293897079932, ""max_dropout"": 0.9353864241355211, ""max_units"": 166, ""momentum"": 0.4939724312968051, ""num_layers"": 2, ""weight_decay"": 0.059804633027648546}","{""time"": 3.5881149768829346, ""val_accuracy"": 48.4598388671875, ""val_cross_entropy"": 0.6677238941192627, ""val_balanced_accuracy"": 0.5055270791053772, ""test_cross_entropy"": 0.697658896446228, ""test_balanced_accuracy"": 0.5144476890563965}"
2026-04-15T23:35:40.338571,cats,lcbench,126025,0,860,9.00423812866211,"{""OpenML_task_id"": ""189906"", ""batch_size"": 51, ""epoch"": 5, ""learning_rate"": 0.04081174918234045, ""max_dropout"": 0.22145930134428346, ""max_units"": 246, ""momentum"": 0.1966574244149397, ""num_layers"": 5, ""weight_decay"": 0.04663996776342286}","{""time"": 9.00423812866211, ""val_accuracy"": 85.40567016601562, ""val_cross_entropy"": 0.43517938256263733, ""val_balanced_accuracy"": 0.7934557199478149, ""test_cross_entropy"": 0.5716457366943359, ""test_balanced_accuracy"": 0.7885869741439819}"
2026-04-15T23:35:40.339572,cats,lcbench,126025,0,861,4.806882381439209,"{""OpenML_task_id"": ""168868"", ""batch_size"": 30, ""epoch"": 1, ""learning_rate"": 0.0692059297492679, ""max_dropout"": 0.7698598674920349, ""max_units"": 440, ""momentum"": 0.5394785830011581, ""num_layers"": 3, ""weight_decay"": 0.05179261041851443}","{""time"": 4.806882381439209, ""val_accuracy"": 46.843631744384766, ""val_cross_entropy"": 0.664604127407074, ""val_balanced_accuracy"": 0.5160761475563049, ""test_cross_entropy"": 0.7074339389801025, ""test_balanced_accuracy"": 0.5246232748031616}"
2026-04-15T23:35:40.339572,cats,lcbench,126025,0,862,3.5909037590026855,"{""OpenML_task_id"": ""7593"", ""batch_size"": 23, ""epoch"": 3, ""learning_rate"": 0.017397720224098204, ""max_dropout"": 0.6961423187401323, ""max_units"": 95, ""momentum"": 0.8063149841210353, ""num_layers"": 4, ""weight_decay"": 0.03808182251655601}","{""time"": 3.5909037590026855, ""val_accuracy"": 74.55099487304688, ""val_cross_entropy"": 0.42901283502578735, ""val_balanced_accuracy"": 0.7480103373527527, ""test_cross_entropy"": 0.5837243795394897, ""test_balanced_accuracy"": 0.7420080900192261}"
2026-04-15T23:35:40.340572,cats,lcbench,126025,0,863,3.7108283042907715,"{""OpenML_task_id"": ""167200"", ""batch_size"": 126, ""epoch"": 1, ""learning_rate"": 0.02321798838028804, ""max_dropout"": 0.6965726209774679, ""max_units"": 64, ""momentum"": 0.24702361449673782, ""num_layers"": 4, ""weight_decay"": 0.01881521177299559}","{""time"": 3.7108283042907715, ""val_accuracy"": 38.685325622558594, ""val_cross_entropy"": 0.6577429175376892, ""val_balanced_accuracy"": 0.4579075872898102, ""test_cross_entropy"": 0.7008631229400635, ""test_balanced_accuracy"": 0.4633635878562927}"
2026-04-15T23:35:40.340572,cats,lcbench,126025,0,864,10.815655708312988,"{""OpenML_task_id"": ""189906"", ""batch_size"": 94, ""epoch"": 6, ""learning_rate"": 0.05722108267763039, ""max_dropout"": 0.29135092131352436, ""max_units"": 297, ""momentum"": 0.286847167162064, ""num_layers"": 5, ""weight_decay"": 0.028565167147449846}","{""time"": 10.815655708312988, ""val_accuracy"": 80.42762756347656, ""val_cross_entropy"": 0.331246942281723, ""val_balanced_accuracy"": 0.824114978313446, ""test_cross_entropy"": 0.5197405219078064, ""test_balanced_accuracy"": 0.8129228949546814}"
2026-04-15T23:35:40.340572,cats,lcbench,126025,0,865,7.217921733856201,"{""OpenML_task_id"": ""3945"", ""batch_size"": 512, ""epoch"": 1, ""learning_rate"": 0.031109742714452052, ""max_dropout"": 0.20522775060526938, ""max_units"": 272, ""momentum"": 0.10439373344014641, ""num_layers"": 4, ""weight_decay"": 0.03425756827748989}","{""time"": 7.217921733856201, ""val_accuracy"": 45.477115631103516, ""val_cross_entropy"": 0.6737815141677856, ""val_balanced_accuracy"": 0.49424058198928833, ""test_cross_entropy"": 0.6804779171943665, ""test_balanced_accuracy"": 0.5002449154853821}"
2026-04-15T23:35:40.342075,cats,lcbench,126025,0,866,2.871356964111328,"{""OpenML_task_id"": ""168331"", ""batch_size"": 31, ""epoch"": 1, ""learning_rate"": 0.006439110037615792, ""max_dropout"": 0.7154933264957565, ""max_units"": 193, ""momentum"": 0.2847859663001307, ""num_layers"": 5, ""weight_decay"": 0.013909264426821194}","{""time"": 2.871356964111328, ""val_accuracy"": 49.31195831298828, ""val_cross_entropy"": 0.6160844564437866, ""val_balanced_accuracy"": 0.5160318613052368, ""test_cross_entropy"": 0.703810453414917, ""test_balanced_accuracy"": 0.5076857209205627}"
2026-04-15T23:35:40.342075,cats,lcbench,126025,0,867,5.957320213317871,"{""OpenML_task_id"": ""168868"", ""batch_size"": 41, ""epoch"": 1, ""learning_rate"": 0.013714632789978677, ""max_dropout"": 0.08447321238558786, ""max_units"": 373, ""momentum"": 0.5624991781688179, ""num_layers"": 3, ""weight_decay"": 0.020078271958876397}","{""time"": 5.957320213317871, ""val_accuracy"": 44.780086517333984, ""val_cross_entropy"": 0.6307584047317505, ""val_balanced_accuracy"": 0.5116724371910095, ""test_cross_entropy"": 0.6913978457450867, ""test_balanced_accuracy"": 0.5295009016990662}"
2026-04-15T23:35:40.343077,cats,lcbench,126025,0,868,24.010135650634766,"{""OpenML_task_id"": ""3945"", ""batch_size"": 512, ""epoch"": 7, ""learning_rate"": 0.04402359765657943, ""max_dropout"": 0.22282208348183685, ""max_units"": 469, ""momentum"": 0.24923589345915748, ""num_layers"": 5, ""weight_decay"": 0.05426782478911982}","{""time"": 24.010135650634766, ""val_accuracy"": 82.05867004394531, ""val_cross_entropy"": 0.4587450921535492, ""val_balanced_accuracy"": 0.8377925157546997, ""test_cross_entropy"": 0.5941035747528076, ""test_balanced_accuracy"": 0.8372909426689148}"
2026-04-15T23:35:40.343077,cats,lcbench,126025,0,869,8.242857933044434,"{""OpenML_task_id"": ""189906"", ""batch_size"": 277, ""epoch"": 5, ""learning_rate"": 0.07577076775706768, ""max_dropout"": 1.0, ""max_units"": 216, ""momentum"": 0.8787185354233388, ""num_layers"": 4, ""weight_decay"": 1e-05}","{""time"": 8.242857933044434, ""val_accuracy"": 80.20488739013672, ""val_cross_entropy"": 0.287014365196228, ""val_balanced_accuracy"": 0.8454915285110474, ""test_cross_entropy"": 0.5060927271842957, ""test_balanced_accuracy"": 0.844207227230072}"
2026-04-15T23:35:40.344077,cats,lcbench,126025,0,870,1.8115593194961548,"{""OpenML_task_id"": ""189873"", ""batch_size"": 115, ""epoch"": 1, ""learning_rate"": 0.05369478272786876, ""max_dropout"": 0.37725643565010325, ""max_units"": 168, ""momentum"": 0.2395750577078306, ""num_layers"": 5, ""weight_decay"": 0.04913902616606869}","{""time"": 1.8115593194961548, ""val_accuracy"": 53.46232604980469, ""val_cross_entropy"": 0.5941793322563171, ""val_balanced_accuracy"": 0.5438305735588074, ""test_cross_entropy"": 0.6799452900886536, ""test_balanced_accuracy"": 0.5396406650543213}"
2026-04-15T23:35:40.344077,cats,lcbench,126025,0,871,15.09528636932373,"{""OpenML_task_id"": ""168868"", ""batch_size"": 16, ""epoch"": 5, ""learning_rate"": 0.06245325878678832, ""max_dropout"": 0.8371155142675718, ""max_units"": 210, ""momentum"": 0.4437497419810761, ""num_layers"": 2, ""weight_decay"": 0.05753658976061006}","{""time"": 15.09528636932373, ""val_accuracy"": 78.95720672607422, ""val_cross_entropy"": 0.45650187134742737, ""val_balanced_accuracy"": 0.7940643429756165, ""test_cross_entropy"": 0.5608921647071838, ""test_balanced_accuracy"": 0.7847383618354797}"
2026-04-15T23:35:40.345077,cats,lcbench,126025,0,872,3.4026503562927246,"{""OpenML_task_id"": ""168868"", ""batch_size"": 142, ""epoch"": 1, ""learning_rate"": 0.00010000000000000009, ""max_dropout"": 0.30795703812912245, ""max_units"": 496, ""momentum"": 0.5986548316727723, ""num_layers"": 1, ""weight_decay"": 0.006247519596740449}","{""time"": 3.4026503562927246, ""val_accuracy"": 45.87525177001953, ""val_cross_entropy"": 0.7388402819633484, ""val_balanced_accuracy"": 0.4339766800403595, ""test_cross_entropy"": 0.7104916572570801, ""test_balanced_accuracy"": 0.42211708426475525}"
2026-04-15T23:35:40.345077,cats,lcbench,126025,0,873,4.5307769775390625,"{""OpenML_task_id"": ""189906"", ""batch_size"": 244, ""epoch"": 1, ""learning_rate"": 0.08353834323987622, ""max_dropout"": 1.0, ""max_units"": 93, ""momentum"": 0.99, ""num_layers"": 4, ""weight_decay"": 0.012196581497513174}","{""time"": 4.5307769775390625, ""val_accuracy"": 34.32373809814453, ""val_cross_entropy"": 0.6523758172988892, ""val_balanced_accuracy"": 0.4387046694755554, ""test_cross_entropy"": 0.7214610576629639, ""test_balanced_accuracy"": 0.4351736009120941}"
2026-04-15T23:35:40.346078,cats,lcbench,126025,0,874,3.8530642986297607,"{""OpenML_task_id"": ""126026"", ""batch_size"": 16, ""epoch"": 1, ""learning_rate"": 0.0165045886172023, ""max_dropout"": 0.38325900345936076, ""max_units"": 137, ""momentum"": 0.23516716821147476, ""num_layers"": 3, ""weight_decay"": 0.026001318411646338}","{""time"": 3.8530642986297607, ""val_accuracy"": 42.60210037231445, ""val_cross_entropy"": 0.6555469632148743, ""val_balanced_accuracy"": 0.5028373599052429, ""test_cross_entropy"": 0.6925500631332397, ""test_balanced_accuracy"": 0.51558518409729}"
2026-04-15T23:35:40.346078,cats,lcbench,126025,0,875,5.180600166320801,"{""OpenML_task_id"": ""167184"", ""batch_size"": 325, ""epoch"": 1, ""learning_rate"": 0.029098379044921453, ""max_dropout"": 0.1193322869624303, ""max_units"": 189, ""momentum"": 0.37298416974177007, ""num_layers"": 3, ""weight_decay"": 0.008167227163927168}","{""time"": 5.180600166320801, ""val_accuracy"": 49.423919677734375, ""val_cross_entropy"": 0.6647243499755859, ""val_balanced_accuracy"": 0.5292797684669495, ""test_cross_entropy"": 0.6884164810180664, ""test_balanced_accuracy"": 0.5381523370742798}"
2026-04-15T23:35:40.346078,cats,lcbench,126025,0,876,15.692119598388672,"{""OpenML_task_id"": ""167184"", ""batch_size"": 255, ""epoch"": 6, ""learning_rate"": 0.03525189914272941, ""max_dropout"": 0.08143740223978929, ""max_units"": 296, ""momentum"": 0.5086443351453345, ""num_layers"": 1, ""weight_decay"": 1e-05}","{""time"": 15.692119598388672, ""val_accuracy"": 75.9592056274414, ""val_cross_entropy"": 0.36279600858688354, ""val_balanced_accuracy"": 0.8117252588272095, ""test_cross_entropy"": 0.5369105935096741, ""test_balanced_accuracy"": 0.8051564693450928}"
2026-04-15T23:35:40.347582,cats,lcbench,126025,0,877,30.09421157836914,"{""OpenML_task_id"": ""168868"", ""batch_size"": 25, ""epoch"": 7, ""learning_rate"": 0.0072990245258047586, ""max_dropout"": 0.29579355095399573, ""max_units"": 351, ""momentum"": 0.5256153278416014, ""num_layers"": 2, ""weight_decay"": 0.024886758041424803}","{""time"": 30.09421157836914, ""val_accuracy"": 81.03215026855469, ""val_cross_entropy"": 0.4138507544994354, ""val_balanced_accuracy"": 0.8080472350120544, ""test_cross_entropy"": 0.5279509425163269, ""test_balanced_accuracy"": 0.7985143661499023}"
2026-04-15T23:35:40.347582,cats,lcbench,126025,0,878,3.875375747680664,"{""OpenML_task_id"": ""168868"", ""batch_size"": 78, ""epoch"": 1, ""learning_rate"": 0.06584296018693667, ""max_dropout"": 0.7248044654058079, ""max_units"": 430, ""momentum"": 0.42499592916094797, ""num_layers"": 3, ""weight_decay"": 0.06476069722229065}","{""time"": 3.875375747680664, ""val_accuracy"": 48.78563690185547, ""val_cross_entropy"": 0.6646524667739868, ""val_balanced_accuracy"": 0.5206111073493958, ""test_cross_entropy"": 0.6967408657073975, ""test_balanced_accuracy"": 0.533496081829071}"
2026-04-15T23:35:40.348585,cats,lcbench,126025,0,879,29.257530212402344,"{""OpenML_task_id"": ""167152"", ""batch_size"": 54, ""epoch"": 7, ""learning_rate"": 0.005086826909019588, ""max_dropout"": 0.10088542881431858, ""max_units"": 397, ""momentum"": 0.41941903314542317, ""num_layers"": 2, ""weight_decay"": 0.005638722782651692}","{""time"": 29.257530212402344, ""val_accuracy"": 80.7313232421875, ""val_cross_entropy"": 0.3921511471271515, ""val_balanced_accuracy"": 0.8062214255332947, ""test_cross_entropy"": 0.5168413519859314, ""test_balanced_accuracy"": 0.7986575961112976}"
2026-04-15T23:35:40.348585,cats,lcbench,126025,0,880,21.240718841552734,"{""OpenML_task_id"": ""3945"", ""batch_size"": 487, ""epoch"": 3, ""learning_rate"": 0.037394845373034016, ""max_dropout"": 0.15664489495632175, ""max_units"": 266, ""momentum"": 0.1160854863583437, ""num_layers"": 4, ""weight_decay"": 0.03236801378374264}","{""time"": 21.240718841552734, ""val_accuracy"": 75.54236602783203, ""val_cross_entropy"": 0.5359036922454834, ""val_balanced_accuracy"": 0.7808936238288879, ""test_cross_entropy"": 0.6229110956192017, ""test_balanced_accuracy"": 0.778869092464447}"
2026-04-15T23:35:40.349585,cats,lcbench,126025,0,881,5.117848873138428,"{""OpenML_task_id"": ""189906"", ""batch_size"": 329, ""epoch"": 1, ""learning_rate"": 0.08359523209731942, ""max_dropout"": 1.0, ""max_units"": 114, ""momentum"": 0.8779324839409286, ""num_layers"": 2, ""weight_decay"": 0.009054007381252428}","{""time"": 5.117848873138428, ""val_accuracy"": 47.29512023925781, ""val_cross_entropy"": 0.7357575297355652, ""val_balanced_accuracy"": 0.5098759531974792, ""test_cross_entropy"": 0.7089196443557739, ""test_balanced_accuracy"": 0.5236615538597107}"
2026-04-15T23:35:40.349585,cats,lcbench,126025,0,882,4.89055061340332,"{""OpenML_task_id"": ""167184"", ""batch_size"": 312, ""epoch"": 1, ""learning_rate"": 0.03473590863811445, ""max_dropout"": 0.34807726487909374, ""max_units"": 114, ""momentum"": 0.5401048365959488, ""num_layers"": 2, ""weight_decay"": 0.01279948392627647}","{""time"": 4.89055061340332, ""val_accuracy"": 49.064090728759766, ""val_cross_entropy"": 0.6915690898895264, ""val_balanced_accuracy"": 0.5083921551704407, ""test_cross_entropy"": 0.6917794942855835, ""test_balanced_accuracy"": 0.5218717455863953}"
2026-04-15T23:35:40.349585,cats,lcbench,126025,0,883,24.661354064941406,"{""OpenML_task_id"": ""7593"", ""batch_size"": 63, ""epoch"": 8, ""learning_rate"": 0.031054665840084403, ""max_dropout"": 0.679125835075086, ""max_units"": 245, ""momentum"": 0.9150109393073075, ""num_layers"": 5, ""weight_decay"": 0.019460593226723732}","{""time"": 24.661354064941406, ""val_accuracy"": 80.53938293457031, ""val_cross_entropy"": 0.2744859755039215, ""val_balanced_accuracy"": 0.7761789560317993, ""test_cross_entropy"": 0.5025120973587036, ""test_balanced_accuracy"": 0.7527591586112976}"
2026-04-15T23:35:40.351087,cats,lcbench,126025,0,884,18.39599609375,"{""OpenML_task_id"": ""168868"", ""batch_size"": 49, ""epoch"": 10, ""learning_rate"": 0.08194820931400232, ""max_dropout"": 0.7136182024907407, ""max_units"": 239, ""momentum"": 0.5024475945856786, ""num_layers"": 3, ""weight_decay"": 0.07423526695316715}","{""time"": 18.39599609375, ""val_accuracy"": 75.46546936035156, ""val_cross_entropy"": 0.5332813262939453, ""val_balanced_accuracy"": 0.7810202240943909, ""test_cross_entropy"": 0.5859512090682983, ""test_balanced_accuracy"": 0.7726457715034485}"
2026-04-15T23:35:40.352091,cats,lcbench,126025,0,885,24.67530059814453,"{""OpenML_task_id"": ""168329"", ""batch_size"": 119, ""epoch"": 5, ""learning_rate"": 0.023535592610544116, ""max_dropout"": 0.7837420198043299, ""max_units"": 264, ""momentum"": 0.22822556674699812, ""num_layers"": 3, ""weight_decay"": 0.015534161521335195}","{""time"": 24.67530059814453, ""val_accuracy"": 77.98019409179688, ""val_cross_entropy"": 0.43435731530189514, ""val_balanced_accuracy"": 0.8135138750076294, ""test_cross_entropy"": 0.5431007146835327, ""test_balanced_accuracy"": 0.8099111914634705}"
2026-04-15T23:35:40.353090,cats,lcbench,126025,0,886,7.639051914215088,"{""OpenML_task_id"": ""126026"", ""batch_size"": 16, ""epoch"": 1, ""learning_rate"": 0.040573765317433924, ""max_dropout"": 0.2738458747872155, ""max_units"": 264, ""momentum"": 0.12996786770858407, ""num_layers"": 2, ""weight_decay"": 0.019367576880073907}","{""time"": 7.639051914215088, ""val_accuracy"": 43.421226501464844, ""val_cross_entropy"": 0.7531062960624695, ""val_balanced_accuracy"": 0.47596150636672974, ""test_cross_entropy"": 0.6795810461044312, ""test_balanced_accuracy"": 0.49473288655281067}"
2026-04-15T23:35:40.353090,cats,lcbench,126025,0,887,4.5893449783325195,"{""OpenML_task_id"": ""167184"", ""batch_size"": 232, ""epoch"": 1, ""learning_rate"": 0.029003673842223448, ""max_dropout"": 0.26794090163956874, ""max_units"": 164, ""momentum"": 0.5113579900948129, ""num_layers"": 2, ""weight_decay"": 0.004757168361431073}","{""time"": 4.5893449783325195, ""val_accuracy"": 47.549198150634766, ""val_cross_entropy"": 0.6799532175064087, ""val_balanced_accuracy"": 0.5089665055274963, ""test_cross_entropy"": 0.6886701583862305, ""test_balanced_accuracy"": 0.5239083170890808}"
2026-04-15T23:35:40.354090,cats,lcbench,126025,0,888,4.321606636047363,"{""OpenML_task_id"": ""3945"", ""batch_size"": 470, ""epoch"": 1, ""learning_rate"": 0.03710882749854402, ""max_dropout"": 0.4235801497818308, ""max_units"": 291, ""momentum"": 0.14508287450892848, ""num_layers"": 5, ""weight_decay"": 0.0579708458030632}","{""time"": 4.321606636047363, ""val_accuracy"": 50.83422088623047, ""val_cross_entropy"": 0.5818852782249451, ""val_balanced_accuracy"": 0.566286563873291, ""test_cross_entropy"": 0.669249415397644, ""test_balanced_accuracy"": 0.5596250891685486}"
2026-04-15T23:35:40.354090,cats,lcbench,126025,0,889,2.285679340362549,"{""OpenML_task_id"": ""168331"", ""batch_size"": 79, ""epoch"": 2, ""learning_rate"": 0.025846508974397296, ""max_dropout"": 0.7663201128115553, ""max_units"": 64, ""momentum"": 0.43963579056359803, ""num_layers"": 5, ""weight_decay"": 0.03155278627805561}","{""time"": 2.285679340362549, ""val_accuracy"": 65.21481323242188, ""val_cross_entropy"": 0.5949798226356506, ""val_balanced_accuracy"": 0.5955291986465454, ""test_cross_entropy"": 0.6918114423751831, ""test_balanced_accuracy"": 0.5870349407196045}"
2026-04-15T23:35:40.355092,cats,lcbench,126025,0,890,14.068955421447754,"{""OpenML_task_id"": ""189909"", ""batch_size"": 277, ""epoch"": 4, ""learning_rate"": 0.03554586749746441, ""max_dropout"": 0.1738445094915505, ""max_units"": 158, ""momentum"": 0.44842785563422105, ""num_layers"": 3, ""weight_decay"": 0.020678873282065836}","{""time"": 14.068955421447754, ""val_accuracy"": 80.9138412475586, ""val_cross_entropy"": 0.3761906325817108, ""val_balanced_accuracy"": 0.8416139483451843, ""test_cross_entropy"": 0.5340585708618164, ""test_balanced_accuracy"": 0.8405647873878479}"
2026-04-15T23:35:40.355092,cats,lcbench,126025,0,891,13.64922046661377,"{""OpenML_task_id"": ""3945"", ""batch_size"": 492, ""epoch"": 2, ""learning_rate"": 0.028540965013961125, ""max_dropout"": 0.3448296360276304, ""max_units"": 400, ""momentum"": 0.1, ""num_layers"": 3, ""weight_decay"": 0.030655445235336906}","{""time"": 13.64922046661377, ""val_accuracy"": 77.59517669677734, ""val_cross_entropy"": 0.49644118547439575, ""val_balanced_accuracy"": 0.7931046485900879, ""test_cross_entropy"": 0.6098897457122803, ""test_balanced_accuracy"": 0.794682502746582}"
2026-04-15T23:35:40.356090,cats,lcbench,126025,0,892,21.84173583984375,"{""OpenML_task_id"": ""189906"", ""batch_size"": 340, ""epoch"": 7, ""learning_rate"": 0.06240122347694583, ""max_dropout"": 0.8921799278976366, ""max_units"": 227, ""momentum"": 0.8910766294036843, ""num_layers"": 2, ""weight_decay"": 0.019402352533082576}","{""time"": 21.84173583984375, ""val_accuracy"": 81.41573333740234, ""val_cross_entropy"": 0.38464048504829407, ""val_balanced_accuracy"": 0.8444809913635254, ""test_cross_entropy"": 0.5436376333236694, ""test_balanced_accuracy"": 0.8447033166885376}"
2026-04-15T23:35:40.356090,cats,lcbench,126025,0,893,6.092584133148193,"{""OpenML_task_id"": ""3945"", ""batch_size"": 16, ""epoch"": 1, ""learning_rate"": 0.035913598109601944, ""max_dropout"": 0.28816498625969866, ""max_units"": 116, ""momentum"": 0.22830683618119638, ""num_layers"": 2, ""weight_decay"": 0.03798633313373868}","{""time"": 6.092584133148193, ""val_accuracy"": 43.96013641357422, ""val_cross_entropy"": 0.7076529264450073, ""val_balanced_accuracy"": 0.4759179353713989, ""test_cross_entropy"": 0.6940141320228577, ""test_balanced_accuracy"": 0.49229398369789124}"
2026-04-15T23:35:40.357108,cats,lcbench,126025,0,894,12.804170608520508,"{""OpenML_task_id"": ""168329"", ""batch_size"": 22, ""epoch"": 5, ""learning_rate"": 0.048266012720109, ""max_dropout"": 0.4191170470637695, ""max_units"": 64, ""momentum"": 0.5368880866282235, ""num_layers"": 2, ""weight_decay"": 0.0883884838034286}","{""time"": 12.804170608520508, ""val_accuracy"": 79.01897430419922, ""val_cross_entropy"": 0.42370328307151794, ""val_balanced_accuracy"": 0.7697039842605591, ""test_cross_entropy"": 0.574388861656189, ""test_balanced_accuracy"": 0.7639705538749695}"
2026-04-15T23:35:40.358091,cats,lcbench,126025,0,895,13.143027305603027,"{""OpenML_task_id"": ""168331"", ""batch_size"": 31, ""epoch"": 3, ""learning_rate"": 0.02151766584973703, ""max_dropout"": 0.814562763728629, ""max_units"": 287, ""momentum"": 0.2773154594290906, ""num_layers"": 3, ""weight_decay"": 0.010544344564906202}","{""time"": 13.143027305603027, ""val_accuracy"": 81.6605224609375, ""val_cross_entropy"": 0.39022237062454224, ""val_balanced_accuracy"": 0.820046067237854, ""test_cross_entropy"": 0.5329873561859131, ""test_balanced_accuracy"": 0.8185006380081177}"
2026-04-15T23:35:40.358091,cats,lcbench,126025,0,896,4.2839555740356445,"{""OpenML_task_id"": ""168329"", ""batch_size"": 46, ""epoch"": 1, ""learning_rate"": 0.05412712133751419, ""max_dropout"": 0.2579538169564729, ""max_units"": 225, ""momentum"": 0.5265071180636138, ""num_layers"": 3, ""weight_decay"": 0.1}","{""time"": 4.2839555740356445, ""val_accuracy"": 47.01235580444336, ""val_cross_entropy"": 0.6171264052391052, ""val_balanced_accuracy"": 0.5224573612213135, ""test_cross_entropy"": 0.6983901262283325, ""test_balanced_accuracy"": 0.5353410840034485}"
2026-04-15T23:35:40.359226,cats,lcbench,126025,0,897,5.36606502532959,"{""OpenML_task_id"": ""189906"", ""batch_size"": 227, ""epoch"": 3, ""learning_rate"": 0.06907047564853581, ""max_dropout"": 1.0, ""max_units"": 110, ""momentum"": 0.8968873591297505, ""num_layers"": 4, ""weight_decay"": 0.000693450251889301}","{""time"": 5.36606502532959, ""val_accuracy"": 73.83734130859375, ""val_cross_entropy"": 0.3305831253528595, ""val_balanced_accuracy"": 0.7884035110473633, ""test_cross_entropy"": 0.5442037582397461, ""test_balanced_accuracy"": 0.7813927531242371}"
2026-04-15T23:35:40.359226,cats,lcbench,126025,0,898,4.147297382354736,"{""OpenML_task_id"": ""168331"", ""batch_size"": 53, ""epoch"": 1, ""learning_rate"": 0.008576079008253478, ""max_dropout"": 0.6924225114944058, ""max_units"": 113, ""momentum"": 0.41657455603715265, ""num_layers"": 4, ""weight_decay"": 0.026809751314865734}","{""time"": 4.147297382354736, ""val_accuracy"": 37.61544418334961, ""val_cross_entropy"": 0.6487381458282471, ""val_balanced_accuracy"": 0.4532431662082672, ""test_cross_entropy"": 0.7076185941696167, ""test_balanced_accuracy"": 0.4578700363636017}"
2026-04-15T23:35:40.360228,cats,lcbench,126025,0,899,14.220952987670898,"{""OpenML_task_id"": ""189906"", ""batch_size"": 298, ""epoch"": 4, ""learning_rate"": 0.06386371139101828, ""max_dropout"": 1.0, ""max_units"": 226, ""momentum"": 0.99, ""num_layers"": 2, ""weight_decay"": 1e-05}","{""time"": 14.220952987670898, ""val_accuracy"": 76.59293365478516, ""val_cross_entropy"": 0.31423109769821167, ""val_balanced_accuracy"": 0.821923553943634, ""test_cross_entropy"": 0.5411767959594727, ""test_balanced_accuracy"": 0.8291240334510803}"
2026-04-15T23:35:40.360228,cats,lcbench,126025,0,900,8.245646476745605,"{""OpenML_task_id"": ""126026"", ""batch_size"": 39, ""epoch"": 2, ""learning_rate"": 0.018176716672234586, ""max_dropout"": 0.3418874130076092, ""max_units"": 297, ""momentum"": 0.30601554787089114, ""num_layers"": 2, ""weight_decay"": 0.022355429688538528}","{""time"": 8.245646476745605, ""val_accuracy"": 80.0645751953125, ""val_cross_entropy"": 0.40146008133888245, ""val_balanced_accuracy"": 0.7953557372093201, ""test_cross_entropy"": 0.5490791201591492, ""test_balanced_accuracy"": 0.7954103946685791}"
2026-04-15T23:35:40.361228,cats,lcbench,126025,0,901,6.794002532958984,"{""OpenML_task_id"": ""168868"", ""batch_size"": 35, ""epoch"": 1, ""learning_rate"": 0.015731901655528503, ""max_dropout"": 0.25248926517084225, ""max_units"": 572, ""momentum"": 0.5864471013464484, ""num_layers"": 3, ""weight_decay"": 0.014922415799994284}","{""time"": 6.794002532958984, ""val_accuracy"": 46.06464385986328, ""val_cross_entropy"": 0.6461054682731628, ""val_balanced_accuracy"": 0.5170150995254517, ""test_cross_entropy"": 0.6845604181289673, ""test_balanced_accuracy"": 0.5329540371894836}"
2026-04-15T23:35:40.361228,cats,lcbench,126025,0,902,4.162636756896973,"{""OpenML_task_id"": ""168868"", ""batch_size"": 91, ""epoch"": 1, ""learning_rate"": 0.07504267957214784, ""max_dropout"": 0.9034451805836329, ""max_units"": 340, ""momentum"": 0.5796911107044904, ""num_layers"": 2, ""weight_decay"": 0.0511870001008122}","{""time"": 4.162636756896973, ""val_accuracy"": 48.666954040527344, ""val_cross_entropy"": 0.6991835236549377, ""val_balanced_accuracy"": 0.49995970726013184, ""test_cross_entropy"": 0.6902410387992859, ""test_balanced_accuracy"": 0.5104315876960754}"
2026-04-15T23:35:40.362228,cats,lcbench,126025,0,903,7.452192783355713,"{""OpenML_task_id"": ""168868"", ""batch_size"": 89, ""epoch"": 3, ""learning_rate"": 0.07982001238840934, ""max_dropout"": 0.8986728099915354, ""max_units"": 197, ""momentum"": 0.6446253409663266, ""num_layers"": 2, ""weight_decay"": 0.05564002659952013}","{""time"": 7.452192783355713, ""val_accuracy"": 77.51899719238281, ""val_cross_entropy"": 0.4899858832359314, ""val_balanced_accuracy"": 0.7782498598098755, ""test_cross_entropy"": 0.5731661915779114, ""test_balanced_accuracy"": 0.7754331827163696}"
2026-04-15T23:35:40.362228,cats,lcbench,126025,0,904,3.3482658863067627,"{""OpenML_task_id"": ""126026"", ""batch_size"": 16, ""epoch"": 1, ""learning_rate"": 0.028720455684835666, ""max_dropout"": 0.31458678132023243, ""max_units"": 64, ""momentum"": 0.2621846343313032, ""num_layers"": 3, ""weight_decay"": 0.019979505862306512}","{""time"": 3.3482658863067627, ""val_accuracy"": 41.15157699584961, ""val_cross_entropy"": 0.6472902894020081, ""val_balanced_accuracy"": 0.5004062056541443, ""test_cross_entropy"": 0.6928943395614624, ""test_balanced_accuracy"": 0.5130435228347778}"
2026-04-15T23:35:40.363227,cats,lcbench,126025,0,905,10.87282943725586,"{""OpenML_task_id"": ""168331"", ""batch_size"": 99, ""epoch"": 10, ""learning_rate"": 0.029431433811204256, ""max_dropout"": 0.857525041913227, ""max_units"": 154, ""momentum"": 0.30165840100284563, ""num_layers"": 4, ""weight_decay"": 0.016652041224417213}","{""time"": 10.87282943725586, ""val_accuracy"": 76.14472961425781, ""val_cross_entropy"": 0.3644565939903259, ""val_balanced_accuracy"": 0.812278151512146, ""test_cross_entropy"": 0.5380556583404541, ""test_balanced_accuracy"": 0.7979236841201782}"
2026-04-15T23:35:40.363227,cats,lcbench,126025,0,906,5.845762729644775,"{""OpenML_task_id"": ""3945"", ""batch_size"": 464, ""epoch"": 1, ""learning_rate"": 0.02592871149474496, ""max_dropout"": 0.27593910082395234, ""max_units"": 453, ""momentum"": 0.16120948142128297, ""num_layers"": 5, ""weight_decay"": 0.037411840076457634}","{""time"": 5.845762729644775, ""val_accuracy"": 48.91132354736328, ""val_cross_entropy"": 0.5971634387969971, ""val_balanced_accuracy"": 0.5600233674049377, ""test_cross_entropy"": 0.6683027744293213, ""test_balanced_accuracy"": 0.5560415983200073}"
2026-04-15T23:35:40.364228,cats,lcbench,126025,0,907,12.998002052307129,"{""OpenML_task_id"": ""189906"", ""batch_size"": 231, ""epoch"": 3, ""learning_rate"": 0.06661083799917572, ""max_dropout"": 0.8347491545356929, ""max_units"": 245, ""momentum"": 0.99, ""num_layers"": 2, ""weight_decay"": 1e-05}","{""time"": 12.998002052307129, ""val_accuracy"": 77.0298080444336, ""val_cross_entropy"": 0.36432814598083496, ""val_balanced_accuracy"": 0.8072785139083862, ""test_cross_entropy"": 0.5397264361381531, ""test_balanced_accuracy"": 0.812908947467804}"
2026-04-15T23:35:40.365227,cats,lcbench,126025,0,908,25.972156524658203,"{""OpenML_task_id"": ""167168"", ""batch_size"": 423, ""epoch"": 4, ""learning_rate"": 0.04040210018909868, ""max_dropout"": 0.4177876663716379, ""max_units"": 451, ""momentum"": 0.25861470233693007, ""num_layers"": 3, ""weight_decay"": 0.03929213343684293}","{""time"": 25.972156524658203, ""val_accuracy"": 80.4939193725586, ""val_cross_entropy"": 0.39329794049263, ""val_balanced_accuracy"": 0.8303315043449402, ""test_cross_entropy"": 0.5432071685791016, ""test_balanced_accuracy"": 0.8297172784805298}"
2026-04-15T23:35:40.365227,cats,lcbench,126025,0,909,4.783175945281982,"{""OpenML_task_id"": ""168331"", ""batch_size"": 125, ""epoch"": 1, ""learning_rate"": 0.005176854458661251, ""max_dropout"": 0.6906346307814061, ""max_units"": 64, ""momentum"": 0.35272875169405776, ""num_layers"": 4, ""weight_decay"": 0.031971996036282285}","{""time"": 4.783175945281982, ""val_accuracy"": 40.41802978515625, ""val_cross_entropy"": 0.6340076923370361, ""val_balanced_accuracy"": 0.47932958602905273, ""test_cross_entropy"": 0.6911375522613525, ""test_balanced_accuracy"": 0.4817456305027008}"
2026-04-15T23:35:40.366228,cats,lcbench,126025,0,910,3.2743589878082275,"{""OpenML_task_id"": ""168868"", ""batch_size"": 60, ""epoch"": 1, ""learning_rate"": 0.07044628193559477, ""max_dropout"": 0.864004937807654, ""max_units"": 301, ""momentum"": 0.4709095342255496, ""num_layers"": 3, ""weight_decay"": 0.047291296813161715}","{""time"": 3.2743589878082275, ""val_accuracy"": 45.39418029785156, ""val_cross_entropy"": 0.627560555934906, ""val_balanced_accuracy"": 0.5072463154792786, ""test_cross_entropy"": 0.7064536809921265, ""test_balanced_accuracy"": 0.5145193338394165}"
2026-04-15T23:35:40.366228,cats,lcbench,126025,0,911,14.286493301391602,"{""OpenML_task_id"": ""168868"", ""batch_size"": 98, ""epoch"": 6, ""learning_rate"": 0.06799388712096381, ""max_dropout"": 0.9664593886519203, ""max_units"": 358, ""momentum"": 0.6162239815407248, ""num_layers"": 3, ""weight_decay"": 0.046470213706892416}","{""time"": 14.286493301391602, ""val_accuracy"": 73.13345336914062, ""val_cross_entropy"": 0.6951605677604675, ""val_balanced_accuracy"": 0.7729774713516235, ""test_cross_entropy"": 0.5734567642211914, ""test_balanced_accuracy"": 0.7679662704467773}"
2026-04-15T23:35:40.367228,cats,lcbench,126025,0,912,2.980125665664673,"{""OpenML_task_id"": ""168329"", ""batch_size"": 24, ""epoch"": 1, ""learning_rate"": 0.04817832693710633, ""max_dropout"": 0.15273029997487927, ""max_units"": 64, ""momentum"": 0.39586443898220985, ""num_layers"": 3, ""weight_decay"": 0.1}","{""time"": 2.980125665664673, ""val_accuracy"": 44.81785202026367, ""val_cross_entropy"": 0.5899271368980408, ""val_balanced_accuracy"": 0.511285126209259, ""test_cross_entropy"": 0.691441535949707, ""test_balanced_accuracy"": 0.5217791795730591}"
2026-04-15T23:35:40.367733,cats,lcbench,126025,0,913,2.4990334510803223,"{""OpenML_task_id"": ""168331"", ""batch_size"": 24, ""epoch"": 1, ""learning_rate"": 0.028797058373773013, ""max_dropout"": 0.8114933467907323, ""max_units"": 64, ""momentum"": 0.1967665868609425, ""num_layers"": 3, ""weight_decay"": 0.02575528119964239}","{""time"": 2.4990334510803223, ""val_accuracy"": 43.388607025146484, ""val_cross_entropy"": 0.6488008499145508, ""val_balanced_accuracy"": 0.49350863695144653, ""test_cross_entropy"": 0.699437141418457, ""test_balanced_accuracy"": 0.501238226890564}"
2026-04-15T23:35:40.367733,cats,lcbench,126025,0,914,28.40271759033203,"{""OpenML_task_id"": ""168329"", ""batch_size"": 16, ""epoch"": 8, ""learning_rate"": 0.06104234513406763, ""max_dropout"": 0.1668919489272446, ""max_units"": 230, ""momentum"": 0.5458619066110637, ""num_layers"": 2, ""weight_decay"": 0.1}","{""time"": 28.40271759033203, ""val_accuracy"": 77.8252182006836, ""val_cross_entropy"": 0.4597058892250061, ""val_balanced_accuracy"": 0.7592783570289612, ""test_cross_entropy"": 0.5802796483039856, ""test_balanced_accuracy"": 0.751148521900177}"
2026-04-15T23:35:40.368739,cats,lcbench,126025,0,915,38.67299270629883,"{""OpenML_task_id"": ""167184"", ""batch_size"": 214, ""epoch"": 7, ""learning_rate"": 0.03232427096565592, ""max_dropout"": 0.3107509436067144, ""max_units"": 370, ""momentum"": 0.370502463269238, ""num_layers"": 3, ""weight_decay"": 0.010648780945388717}","{""time"": 38.67299270629883, ""val_accuracy"": 78.63423156738281, ""val_cross_entropy"": 0.4126022160053253, ""val_balanced_accuracy"": 0.8236576914787292, ""test_cross_entropy"": 0.5192089080810547, ""test_balanced_accuracy"": 0.8187676072120667}"
2026-04-15T23:35:40.368739,cats,lcbench,126025,0,916,2.299623966217041,"{""OpenML_task_id"": ""189906"", ""batch_size"": 136, ""epoch"": 1, ""learning_rate"": 0.03840973053379347, ""max_dropout"": 0.3638338354978037, ""max_units"": 213, ""momentum"": 0.3741916268499204, ""num_layers"": 5, ""weight_decay"": 0.05496621691214709}","{""time"": 2.299623966217041, ""val_accuracy"": 52.8573112487793, ""val_cross_entropy"": 0.5958214402198792, ""val_balanced_accuracy"": 0.5439322590827942, ""test_cross_entropy"": 0.6784554719924927, ""test_balanced_accuracy"": 0.5393463373184204}"
2026-04-15T23:35:40.369739,cats,lcbench,126025,0,917,3.862825632095337,"{""OpenML_task_id"": ""7593"", ""batch_size"": 118, ""epoch"": 3, ""learning_rate"": 0.04122408069926351, ""max_dropout"": 0.5917958824575361, ""max_units"": 93, ""momentum"": 0.709014152221224, ""num_layers"": 5, ""weight_decay"": 0.0421046934576782}","{""time"": 3.862825632095337, ""val_accuracy"": 71.91123962402344, ""val_cross_entropy"": 0.5498090386390686, ""val_balanced_accuracy"": 0.6662490963935852, ""test_cross_entropy"": 0.6599858403205872, ""test_balanced_accuracy"": 0.6630266308784485}"
2026-04-15T23:35:40.369739,cats,lcbench,126025,0,918,4.795726299285889,"{""OpenML_task_id"": ""189906"", ""batch_size"": 315, ""epoch"": 2, ""learning_rate"": 0.06765368970542188, ""max_dropout"": 0.7822272488887394, ""max_units"": 64, ""momentum"": 0.8900823990140109, ""num_layers"": 4, ""weight_decay"": 0.0120607062831596}","{""time"": 4.795726299285889, ""val_accuracy"": 69.73253631591797, ""val_cross_entropy"": 0.4249035120010376, ""val_balanced_accuracy"": 0.7547330856323242, ""test_cross_entropy"": 0.5926436185836792, ""test_balanced_accuracy"": 0.7492740154266357}"
2026-04-15T23:35:40.370738,cats,lcbench,126025,0,919,15.812044143676758,"{""OpenML_task_id"": ""167184"", ""batch_size"": 304, ""epoch"": 5, ""learning_rate"": 0.03566271416531376, ""max_dropout"": 0.09359236568782, ""max_units"": 242, ""momentum"": 0.5540229771130867, ""num_layers"": 1, ""weight_decay"": 0.0006192402609955083}","{""time"": 15.812044143676758, ""val_accuracy"": 80.50436401367188, ""val_cross_entropy"": 0.3913373053073883, ""val_balanced_accuracy"": 0.8196207284927368, ""test_cross_entropy"": 0.5342966318130493, ""test_balanced_accuracy"": 0.817000150680542}"
2026-04-15T23:35:40.370738,cats,lcbench,126025,0,920,5.10808801651001,"{""OpenML_task_id"": ""189906"", ""batch_size"": 307, ""epoch"": 1, ""learning_rate"": 0.08598611996542864, ""max_dropout"": 0.8083565322732055, ""max_units"": 244, ""momentum"": 0.8598599558959724, ""num_layers"": 3, ""weight_decay"": 0.0009052249499556363}","{""time"": 5.10808801651001, ""val_accuracy"": 47.38134765625, ""val_cross_entropy"": 0.62044757604599, ""val_balanced_accuracy"": 0.5240232348442078, ""test_cross_entropy"": 0.6673883199691772, ""test_balanced_accuracy"": 0.5366824269294739}"
2026-04-15T23:35:40.371767,cats,lcbench,126025,0,921,4.815248966217041,"{""OpenML_task_id"": ""168329"", ""batch_size"": 16, ""epoch"": 1, ""learning_rate"": 0.07039367172497707, ""max_dropout"": 0.37363500597261634, ""max_units"": 128, ""momentum"": 0.5610994838812063, ""num_layers"": 2, ""weight_decay"": 0.1}","{""time"": 4.815248966217041, ""val_accuracy"": 48.623252868652344, ""val_cross_entropy"": 0.6173884868621826, ""val_balanced_accuracy"": 0.5035005211830139, ""test_cross_entropy"": 0.6998491883277893, ""test_balanced_accuracy"": 0.5142906904220581}"
2026-04-15T23:35:40.371767,cats,lcbench,126025,0,922,3.557436466217041,"{""OpenML_task_id"": ""189906"", ""batch_size"": 54, ""epoch"": 1, ""learning_rate"": 0.036596191117502765, ""max_dropout"": 0.3536426782458054, ""max_units"": 294, ""momentum"": 0.2069979529305195, ""num_layers"": 3, ""weight_decay"": 0.055112441450717364}","{""time"": 3.557436466217041, ""val_accuracy"": 48.7064208984375, ""val_cross_entropy"": 0.6527796983718872, ""val_balanced_accuracy"": 0.5256920456886292, ""test_cross_entropy"": 0.6886000633239746, ""test_balanced_accuracy"": 0.5412394404411316}"
2026-04-15T23:35:40.372756,cats,lcbench,126025,0,923,9.27058219909668,"{""OpenML_task_id"": ""189906"", ""batch_size"": 63, ""epoch"": 6, ""learning_rate"": 0.03796925970544822, ""max_dropout"": 0.2269555163846561, ""max_units"": 233, ""momentum"": 0.13694076316579704, ""num_layers"": 5, ""weight_decay"": 0.035520948870870046}","{""time"": 9.27058219909668, ""val_accuracy"": 85.29692077636719, ""val_cross_entropy"": 0.37062007188796997, ""val_balanced_accuracy"": 0.8201164603233337, ""test_cross_entropy"": 0.5411987900733948, ""test_balanced_accuracy"": 0.813268780708313}"
2026-04-15T23:35:40.372756,cats,lcbench,126025,0,924,16.315448760986328,"{""OpenML_task_id"": ""167184"", ""batch_size"": 313, ""epoch"": 4, ""learning_rate"": 0.024558861928850317, ""max_dropout"": 0.20507937340351434, ""max_units"": 146, ""momentum"": 0.4447310828266885, ""num_layers"": 3, ""weight_decay"": 0.015803278964546058}","{""time"": 16.315448760986328, ""val_accuracy"": 79.94066619873047, ""val_cross_entropy"": 0.41780388355255127, ""val_balanced_accuracy"": 0.8288884162902832, ""test_cross_entropy"": 0.5521074533462524, ""test_balanced_accuracy"": 0.8290449380874634}"
2026-04-15T23:35:40.372756,cats,lcbench,126025,0,925,4.551693916320801,"{""OpenML_task_id"": ""167161"", ""batch_size"": 66, ""epoch"": 1, ""learning_rate"": 0.0853907856602128, ""max_dropout"": 0.7584741276673173, ""max_units"": 445, ""momentum"": 0.6008392995386532, ""num_layers"": 2, ""weight_decay"": 0.0645433441602899}","{""time"": 4.551693916320801, ""val_accuracy"": 49.27397537231445, ""val_cross_entropy"": 0.7033987045288086, ""val_balanced_accuracy"": 0.49679049849510193, ""test_cross_entropy"": 0.6917546987533569, ""test_balanced_accuracy"": 0.5083155035972595}"
2026-04-15T23:35:40.374282,cats,lcbench,126025,0,926,17.881439208984375,"{""OpenML_task_id"": ""168868"", ""batch_size"": 157, ""epoch"": 4, ""learning_rate"": 0.00010000000000000009, ""max_dropout"": 0.24030495940012625, ""max_units"": 478, ""momentum"": 0.6585788102895236, ""num_layers"": 2, ""weight_decay"": 0.013730644340364709}","{""time"": 17.881439208984375, ""val_accuracy"": 66.6772232055664, ""val_cross_entropy"": 0.6238448023796082, ""val_balanced_accuracy"": 0.6951269507408142, ""test_cross_entropy"": 0.6601991653442383, ""test_balanced_accuracy"": 0.6963597536087036}"
2026-04-15T23:35:40.374282,cats,lcbench,126025,0,927,3.542097330093384,"{""OpenML_task_id"": ""189906"", ""batch_size"": 42, ""epoch"": 2, ""learning_rate"": 0.061641647101782535, ""max_dropout"": 0.19489175519613888, ""max_units"": 217, ""momentum"": 0.3389023568803554, ""num_layers"": 3, ""weight_decay"": 0.0475270400491736}","{""time"": 3.542097330093384, ""val_accuracy"": 78.27240753173828, ""val_cross_entropy"": 0.3991932272911072, ""val_balanced_accuracy"": 0.8014287352561951, ""test_cross_entropy"": 0.5626378059387207, ""test_balanced_accuracy"": 0.7995812296867371}"
2026-04-15T23:35:40.375329,cats,lcbench,126025,0,928,5.4106879234313965,"{""OpenML_task_id"": ""168868"", ""batch_size"": 144, ""epoch"": 1, ""learning_rate"": 0.00870585731282868, ""max_dropout"": 0.10310607504435038, ""max_units"": 526, ""momentum"": 0.503086321535633, ""num_layers"": 2, ""weight_decay"": 0.0275914453530564}","{""time"": 5.4106879234313965, ""val_accuracy"": 48.20926284790039, ""val_cross_entropy"": 0.694013774394989, ""val_balanced_accuracy"": 0.494727224111557, ""test_cross_entropy"": 0.691756010055542, ""test_balanced_accuracy"": 0.5072879195213318}"
2026-04-15T23:35:40.375329,cats,lcbench,126025,0,929,23.526256561279297,"{""OpenML_task_id"": ""168868"", ""batch_size"": 58, ""epoch"": 8, ""learning_rate"": 0.0030399886396465653, ""max_dropout"": 0.1448241208688899, ""max_units"": 401, ""momentum"": 0.42765102576085057, ""num_layers"": 1, ""weight_decay"": 0.010283211949480918}","{""time"": 23.526256561279297, ""val_accuracy"": 79.85045623779297, ""val_cross_entropy"": 0.4331129193305969, ""val_balanced_accuracy"": 0.7922580242156982, ""test_cross_entropy"": 0.5526623725891113, ""test_balanced_accuracy"": 0.7880457043647766}"
2026-04-15T23:35:40.376302,cats,lcbench,126025,0,930,3.8488807678222656,"{""OpenML_task_id"": ""126026"", ""batch_size"": 62, ""epoch"": 1, ""learning_rate"": 0.030331980214770928, ""max_dropout"": 0.3217271836745989, ""max_units"": 295, ""momentum"": 0.1265654571674717, ""num_layers"": 3, ""weight_decay"": 0.020777095740814468}","{""time"": 3.8488807678222656, ""val_accuracy"": 47.48285675048828, ""val_cross_entropy"": 0.6633525490760803, ""val_balanced_accuracy"": 0.5194872617721558, ""test_cross_entropy"": 0.6861494779586792, ""test_balanced_accuracy"": 0.5361902713775635}"
2026-04-15T23:35:40.377301,cats,lcbench,126025,0,931,14.237686157226562,"{""OpenML_task_id"": ""168868"", ""batch_size"": 78, ""epoch"": 5, ""learning_rate"": 0.07412253331507336, ""max_dropout"": 0.8381958579164779, ""max_units"": 428, ""momentum"": 0.6352413086996176, ""num_layers"": 2, ""weight_decay"": 0.057912156759072825}","{""time"": 14.237686157226562, ""val_accuracy"": 80.6349868774414, ""val_cross_entropy"": 0.4309919774532318, ""val_balanced_accuracy"": 0.8089524507522583, ""test_cross_entropy"": 0.5598360300064087, ""test_balanced_accuracy"": 0.8029741048812866}"
2026-04-15T23:35:40.377301,cats,lcbench,126025,0,932,11.26467514038086,"{""OpenML_task_id"": ""126026"", ""batch_size"": 16, ""epoch"": 1, ""learning_rate"": 0.03084350553450805, ""max_dropout"": 0.48005967677382266, ""max_units"": 200, ""momentum"": 0.2847646216599993, ""num_layers"": 1, ""weight_decay"": 0.012203824384907073}","{""time"": 11.26467514038086, ""val_accuracy"": 51.414608001708984, ""val_cross_entropy"": 0.744871199131012, ""val_balanced_accuracy"": 0.46945640444755554, ""test_cross_entropy"": 0.6656755805015564, ""test_balanced_accuracy"": 0.48195239901542664}"
2026-04-15T23:35:40.378301,cats,lcbench,126025,0,933,5.639380931854248,"{""OpenML_task_id"": ""126026"", ""batch_size"": 44, ""epoch"": 2, ""learning_rate"": 0.028332162675875447, ""max_dropout"": 0.32789544871644205, ""max_units"": 301, ""momentum"": 0.24890415288309675, ""num_layers"": 3, ""weight_decay"": 0.033965087636386754}","{""time"": 5.639380931854248, ""val_accuracy"": 80.71623229980469, ""val_cross_entropy"": 0.37543535232543945, ""val_balanced_accuracy"": 0.8214001059532166, ""test_cross_entropy"": 0.551454484462738, ""test_balanced_accuracy"": 0.8195003867149353}"
2026-04-15T23:35:40.378301,cats,lcbench,126025,0,934,8.291664123535156,"{""OpenML_task_id"": ""3945"", ""batch_size"": 499, ""epoch"": 1, ""learning_rate"": 0.026810558234830056, ""max_dropout"": 0.17341181591864907, ""max_units"": 460, ""momentum"": 0.24625283409814996, ""num_layers"": 4, ""weight_decay"": 0.04007828190237049}","{""time"": 8.291664123535156, ""val_accuracy"": 46.95822525024414, ""val_cross_entropy"": 0.6830113530158997, ""val_balanced_accuracy"": 0.49047014117240906, ""test_cross_entropy"": 0.6861451864242554, ""test_balanced_accuracy"": 0.4968757927417755}"
2026-04-15T23:35:40.379301,cats,lcbench,126025,0,935,6.782846927642822,"{""OpenML_task_id"": ""168331"", ""batch_size"": 28, ""epoch"": 3, ""learning_rate"": 0.023851255054537876, ""max_dropout"": 0.8968760418041881, ""max_units"": 251, ""momentum"": 0.26733711677724836, ""num_layers"": 5, ""weight_decay"": 0.029230517065727584}","{""time"": 6.782846927642822, ""val_accuracy"": 84.25527954101562, ""val_cross_entropy"": 0.40254828333854675, ""val_balanced_accuracy"": 0.7509966492652893, ""test_cross_entropy"": 0.5957058668136597, ""test_balanced_accuracy"": 0.7426324486732483}"
2026-04-15T23:35:40.379301,cats,lcbench,126025,0,936,52.757144927978516,"{""OpenML_task_id"": ""168868"", ""batch_size"": 110, ""epoch"": 8, ""learning_rate"": 0.0013064871410939114, ""max_dropout"": 0.17273323635189705, ""max_units"": 580, ""momentum"": 0.5748755711146287, ""num_layers"": 3, ""weight_decay"": 0.00566076968525967}","{""time"": 52.757144927978516, ""val_accuracy"": 80.67652130126953, ""val_cross_entropy"": 0.4236282706260681, ""val_balanced_accuracy"": 0.8083879351615906, ""test_cross_entropy"": 0.54899001121521, ""test_balanced_accuracy"": 0.8054298758506775}"
2026-04-15T23:35:40.380301,cats,lcbench,126025,0,937,11.002514839172363,"{""OpenML_task_id"": ""167184"", ""batch_size"": 216, ""epoch"": 1, ""learning_rate"": 0.0491488216310091, ""max_dropout"": 0.1142217555000677, ""max_units"": 122, ""momentum"": 0.4665246597048909, ""num_layers"": 1, ""weight_decay"": 0.01266235450647381}","{""time"": 11.002514839172363, ""val_accuracy"": 49.3154411315918, ""val_cross_entropy"": 0.7288593053817749, ""val_balanced_accuracy"": 0.4491468071937561, ""test_cross_entropy"": 0.6806173324584961, ""test_balanced_accuracy"": 0.45785605907440186}"
2026-04-15T23:35:40.380301,cats,lcbench,126025,0,938,5.002108097076416,"{""OpenML_task_id"": ""189873"", ""batch_size"": 139, ""epoch"": 1, ""learning_rate"": 0.05246236741703351, ""max_dropout"": 0.15076280431738567, ""max_units"": 202, ""momentum"": 0.3804939097838368, ""num_layers"": 4, ""weight_decay"": 0.05490408440015934}","{""time"": 5.002108097076416, ""val_accuracy"": 41.57182693481445, ""val_cross_entropy"": 0.6632508039474487, ""val_balanced_accuracy"": 0.4735311269760132, ""test_cross_entropy"": 0.692715585231781, ""test_balanced_accuracy"": 0.48219698667526245}"
2026-04-15T23:35:40.381301,cats,lcbench,126025,0,939,7.007356643676758,"{""OpenML_task_id"": ""189906"", ""batch_size"": 20, ""epoch"": 4, ""learning_rate"": 0.05587912847707349, ""max_dropout"": 0.21840948439284097, ""max_units"": 177, ""momentum"": 0.40085999373384473, ""num_layers"": 4, ""weight_decay"": 0.03293598159014804}","{""time"": 7.007356643676758, ""val_accuracy"": 79.8056869506836, ""val_cross_entropy"": 0.3789897859096527, ""val_balanced_accuracy"": 0.8087457418441772, ""test_cross_entropy"": 0.5400463938713074, ""test_balanced_accuracy"": 0.7954483032226562}"
2026-04-15T23:35:40.381301,cats,lcbench,126025,0,940,4.724608421325684,"{""OpenML_task_id"": ""189906"", ""batch_size"": 116, ""epoch"": 1, ""learning_rate"": 0.04771067664766015, ""max_dropout"": 0.19066233485226852, ""max_units"": 233, ""momentum"": 0.3630912509217714, ""num_layers"": 4, ""weight_decay"": 0.04047861263037004}","{""time"": 4.724608421325684, ""val_accuracy"": 42.54825973510742, ""val_cross_entropy"": 0.6705754399299622, ""val_balanced_accuracy"": 0.48505935072898865, ""test_cross_entropy"": 0.694896936416626, ""test_balanced_accuracy"": 0.4952549934387207}"
2026-04-15T23:35:40.382303,cats,lcbench,126025,0,941,4.019006252288818,"{""OpenML_task_id"": ""168331"", ""batch_size"": 26, ""epoch"": 2, ""learning_rate"": 0.024668856668412106, ""max_dropout"": 0.8718683166809797, ""max_units"": 98, ""momentum"": 0.24771132645483282, ""num_layers"": 3, ""weight_decay"": 0.02147941372111587}","{""time"": 4.019006252288818, ""val_accuracy"": 73.94981384277344, ""val_cross_entropy"": 0.5318437218666077, ""val_balanced_accuracy"": 0.7483627796173096, ""test_cross_entropy"": 0.6039837598800659, ""test_balanced_accuracy"": 0.7519025206565857}"
2026-04-15T23:35:40.383304,cats,lcbench,126025,0,942,4.502887725830078,"{""OpenML_task_id"": ""189906"", ""batch_size"": 340, ""epoch"": 1, ""learning_rate"": 0.06382913838135892, ""max_dropout"": 0.9181840160331259, ""max_units"": 64, ""momentum"": 0.99, ""num_layers"": 2, ""weight_decay"": 0.006194296920560097}","{""time"": 4.502887725830078, ""val_accuracy"": 48.8984489440918, ""val_cross_entropy"": 0.6965374946594238, ""val_balanced_accuracy"": 0.525546669960022, ""test_cross_entropy"": 0.6954307556152344, ""test_balanced_accuracy"": 0.5418426394462585}"
2026-04-15T23:35:40.383810,cats,lcbench,126025,0,943,15.035324096679688,"{""OpenML_task_id"": ""168329"", ""batch_size"": 62, ""epoch"": 5, ""learning_rate"": 0.05597201070118728, ""max_dropout"": 0.16904608138090937, ""max_units"": 149, ""momentum"": 0.3978246233558593, ""num_layers"": 2, ""weight_decay"": 0.1}","{""time"": 15.035324096679688, ""val_accuracy"": 78.8658447265625, ""val_cross_entropy"": 0.41316843032836914, ""val_balanced_accuracy"": 0.7842445969581604, ""test_cross_entropy"": 0.5708649158477783, ""test_balanced_accuracy"": 0.7778595685958862}"
2026-04-15T23:35:40.383810,cats,lcbench,126025,0,944,2.6510305404663086,"{""OpenML_task_id"": ""168331"", ""batch_size"": 32, ""epoch"": 1, ""learning_rate"": 0.056428461099400806, ""max_dropout"": 0.37142335870255205, ""max_units"": 64, ""momentum"": 0.40477915688867067, ""num_layers"": 3, ""weight_decay"": 0.09249360820736431}","{""time"": 2.6510305404663086, ""val_accuracy"": 44.87473678588867, ""val_cross_entropy"": 0.5771234035491943, ""val_balanced_accuracy"": 0.5127686262130737, ""test_cross_entropy"": 0.6947957277297974, ""test_balanced_accuracy"": 0.5241841673851013}"
2026-04-15T23:35:40.384816,cats,lcbench,126025,0,945,4.946329116821289,"{""OpenML_task_id"": ""167184"", ""batch_size"": 321, ""epoch"": 1, ""learning_rate"": 0.03540310872250322, ""max_dropout"": 0.1280739592158564, ""max_units"": 377, ""momentum"": 0.5748584150460057, ""num_layers"": 3, ""weight_decay"": 1e-05}","{""time"": 4.946329116821289, ""val_accuracy"": 59.78127670288086, ""val_cross_entropy"": 0.6387181282043457, ""val_balanced_accuracy"": 0.6219085454940796, ""test_cross_entropy"": 0.6613432168960571, ""test_balanced_accuracy"": 0.6277972459793091}"
2026-04-15T23:35:40.384816,cats,lcbench,126025,0,946,10.826811790466309,"{""OpenML_task_id"": ""126026"", ""batch_size"": 55, ""epoch"": 1, ""learning_rate"": 0.02871841113698398, ""max_dropout"": 0.23666786099643852, ""max_units"": 130, ""momentum"": 0.10994169185561758, ""num_layers"": 1, ""weight_decay"": 0.015859768777125357}","{""time"": 10.826811790466309, ""val_accuracy"": 51.42235565185547, ""val_cross_entropy"": 0.744114875793457, ""val_balanced_accuracy"": 0.45250204205513, ""test_cross_entropy"": 0.6752579212188721, ""test_balanced_accuracy"": 0.462750643491745}"
2026-04-15T23:35:40.385815,cats,lcbench,126025,0,947,4.942145824432373,"{""OpenML_task_id"": ""168329"", ""batch_size"": 16, ""epoch"": 1, ""learning_rate"": 0.04889274853153916, ""max_dropout"": 0.31698480026326037, ""max_units"": 99, ""momentum"": 0.5821114402054989, ""num_layers"": 2, ""weight_decay"": 0.1}","{""time"": 4.942145824432373, ""val_accuracy"": 48.18977355957031, ""val_cross_entropy"": 0.613214373588562, ""val_balanced_accuracy"": 0.5054441690444946, ""test_cross_entropy"": 0.6993544101715088, ""test_balanced_accuracy"": 0.5153610706329346}"
2026-04-15T23:35:40.385815,cats,lcbench,126025,0,948,4.230965614318848,"{""OpenML_task_id"": ""126026"", ""batch_size"": 90, ""epoch"": 1, ""learning_rate"": 0.035252688146958144, ""max_dropout"": 0.42364403145619456, ""max_units"": 147, ""momentum"": 0.26722878451800003, ""num_layers"": 2, ""weight_decay"": 0.019150429060897138}","{""time"": 4.230965614318848, ""val_accuracy"": 47.23373031616211, ""val_cross_entropy"": 0.7078060507774353, ""val_balanced_accuracy"": 0.4905412197113037, ""test_cross_entropy"": 0.6927452087402344, ""test_balanced_accuracy"": 0.5094841718673706}"
2026-04-15T23:35:40.386815,cats,lcbench,126025,0,949,5.883413314819336,"{""OpenML_task_id"": ""167184"", ""batch_size"": 200, ""epoch"": 1, ""learning_rate"": 0.04025972840756599, ""max_dropout"": 0.300865348194154, ""max_units"": 292, ""momentum"": 0.5162134593371274, ""num_layers"": 2, ""weight_decay"": 0.02152339847015168}","{""time"": 5.883413314819336, ""val_accuracy"": 47.710357666015625, ""val_cross_entropy"": 0.6960093379020691, ""val_balanced_accuracy"": 0.4973546266555786, ""test_cross_entropy"": 0.6887722015380859, ""test_balanced_accuracy"": 0.5121254920959473}"
2026-04-15T23:35:40.386815,cats,lcbench,126025,0,950,22.41486358642578,"{""OpenML_task_id"": ""168329"", ""batch_size"": 57, ""epoch"": 6, ""learning_rate"": 0.07007785769349038, ""max_dropout"": 0.23348694152806287, ""max_units"": 64, ""momentum"": 0.3916438110380865, ""num_layers"": 1, ""weight_decay"": 0.09840521509600988}","{""time"": 22.41486358642578, ""val_accuracy"": 76.40033721923828, ""val_cross_entropy"": 0.4884403944015503, ""val_balanced_accuracy"": 0.7776771187782288, ""test_cross_entropy"": 0.5645533204078674, ""test_balanced_accuracy"": 0.7669723033905029}"
2026-04-15T23:35:40.387814,cats,lcbench,126025,0,951,3.8279638290405273,"{""OpenML_task_id"": ""189866"", ""batch_size"": 129, ""epoch"": 1, ""learning_rate"": 0.00010000000000000009, ""max_dropout"": 0.12198877949727932, ""max_units"": 472, ""momentum"": 0.43705872014731223, ""num_layers"": 1, ""weight_decay"": 0.021281457430219503}","{""time"": 3.8279638290405273, ""val_accuracy"": 46.86812210083008, ""val_cross_entropy"": 0.7438230514526367, ""val_balanced_accuracy"": 0.4366627037525177, ""test_cross_entropy"": 0.7057720422744751, ""test_balanced_accuracy"": 0.42422613501548767}"
2026-04-15T23:35:40.388815,cats,lcbench,126025,0,952,9.758646965026855,"{""OpenML_task_id"": ""189906"", ""batch_size"": 312, ""epoch"": 3, ""learning_rate"": 0.08565137092520249, ""max_dropout"": 1.0, ""max_units"": 249, ""momentum"": 0.99, ""num_layers"": 3, ""weight_decay"": 0.014487445232270975}","{""time"": 9.758646965026855, ""val_accuracy"": 78.6619873046875, ""val_cross_entropy"": 0.5210344791412354, ""val_balanced_accuracy"": 0.8300338387489319, ""test_cross_entropy"": 0.5345770716667175, ""test_balanced_accuracy"": 0.8316866755485535}"
2026-04-15T23:35:40.388815,cats,lcbench,126025,0,953,2.6956536769866943,"{""OpenML_task_id"": ""189906"", ""batch_size"": 41, ""epoch"": 1, ""learning_rate"": 0.04145020607310515, ""max_dropout"": 0.2910077675013782, ""max_units"": 76, ""momentum"": 0.2181082148221321, ""num_layers"": 3, ""weight_decay"": 0.03081185280714466}","{""time"": 2.6956536769866943, ""val_accuracy"": 44.47357177734375, ""val_cross_entropy"": 0.6334784626960754, ""val_balanced_accuracy"": 0.5101463794708252, ""test_cross_entropy"": 0.6906243562698364, ""test_balanced_accuracy"": 0.5239702463150024}"
2026-04-15T23:35:40.388815,cats,lcbench,126025,0,954,8.387882232666016,"{""OpenML_task_id"": ""168331"", ""batch_size"": 124, ""epoch"": 4, ""learning_rate"": 0.01876134374554951, ""max_dropout"": 0.8072497626697758, ""max_units"": 192, ""momentum"": 0.40857754977481714, ""num_layers"": 4, ""weight_decay"": 0.02577579670997354}","{""time"": 8.387882232666016, ""val_accuracy"": 76.14894104003906, ""val_cross_entropy"": 0.44167274236679077, ""val_balanced_accuracy"": 0.7892415523529053, ""test_cross_entropy"": 0.5975738763809204, ""test_balanced_accuracy"": 0.7836569547653198}"
2026-04-15T23:35:40.390318,cats,lcbench,126025,0,955,5.10808801651001,"{""OpenML_task_id"": ""189906"", ""batch_size"": 309, ""epoch"": 1, ""learning_rate"": 0.06079590719479168, ""max_dropout"": 0.996412811774541, ""max_units"": 64, ""momentum"": 0.99, ""num_layers"": 3, ""weight_decay"": 0.015460614457366705}","{""time"": 5.10808801651001, ""val_accuracy"": 42.550045013427734, ""val_cross_entropy"": 0.6242866516113281, ""val_balanced_accuracy"": 0.467846542596817, ""test_cross_entropy"": 0.7206964492797852, ""test_balanced_accuracy"": 0.47362416982650757}"
2026-04-15T23:35:40.390318,cats,lcbench,126025,0,956,13.253190040588379,"{""OpenML_task_id"": ""7593"", ""batch_size"": 30, ""epoch"": 7, ""learning_rate"": 0.061694315927199525, ""max_dropout"": 0.14296610331527096, ""max_units"": 179, ""momentum"": 0.3130821835093352, ""num_layers"": 3, ""weight_decay"": 0.047776483826574}","{""time"": 13.253190040588379, ""val_accuracy"": 80.04838562011719, ""val_cross_entropy"": 0.4029490649700165, ""val_balanced_accuracy"": 0.8100332617759705, ""test_cross_entropy"": 0.5429576635360718, ""test_balanced_accuracy"": 0.8003838658332825}"
2026-04-15T23:35:40.391323,cats,lcbench,126025,0,957,9.760041236877441,"{""OpenML_task_id"": ""168868"", ""batch_size"": 110, ""epoch"": 1, ""learning_rate"": 0.01556538949993233, ""max_dropout"": 0.34003881699102545, ""max_units"": 495, ""momentum"": 0.6405127668629452, ""num_layers"": 1, ""weight_decay"": 0.014538138406982452}","{""time"": 9.760041236877441, ""val_accuracy"": 47.6402473449707, ""val_cross_entropy"": 0.7827296257019043, ""val_balanced_accuracy"": 0.42261818051338196, ""test_cross_entropy"": 0.6926276087760925, ""test_balanced_accuracy"": 0.4322814643383026}"
2026-04-15T23:35:40.391323,cats,lcbench,126025,0,958,6.36032247543335,"{""OpenML_task_id"": ""189906"", ""batch_size"": 52, ""epoch"": 4, ""learning_rate"": 0.03580512980793706, ""max_dropout"": 0.26025470564529407, ""max_units"": 64, ""momentum"": 0.24564163796703922, ""num_layers"": 3, ""weight_decay"": 0.029423849109482828}","{""time"": 6.36032247543335, ""val_accuracy"": 81.03338623046875, ""val_cross_entropy"": 0.3716568946838379, ""val_balanced_accuracy"": 0.8244184255599976, ""test_cross_entropy"": 0.5338014364242554, ""test_balanced_accuracy"": 0.8199803829193115}"
2026-04-15T23:35:40.392322,cats,lcbench,126025,0,959,24.459156036376953,"{""OpenML_task_id"": ""167184"", ""batch_size"": 260, ""epoch"": 6, ""learning_rate"": 0.02956873829965956, ""max_dropout"": 0.14430993967664826, ""max_units"": 340, ""momentum"": 0.42717306939257516, ""num_layers"": 2, ""weight_decay"": 0.010187373899843656}","{""time"": 24.459156036376953, ""val_accuracy"": 79.31160736083984, ""val_cross_entropy"": 0.4053443670272827, ""val_balanced_accuracy"": 0.8065966963768005, ""test_cross_entropy"": 0.520413875579834, ""test_balanced_accuracy"": 0.8005258440971375}"
2026-04-15T23:35:40.393324,cats,lcbench,126025,0,960,6.022860527038574,"{""OpenML_task_id"": ""168868"", ""batch_size"": 59, ""epoch"": 3, ""learning_rate"": 0.0824394461210457, ""max_dropout"": 0.7878373154087049, ""max_units"": 336, ""momentum"": 0.6305763583935917, ""num_layers"": 3, ""weight_decay"": 0.07311395869388874}","{""time"": 6.022860527038574, ""val_accuracy"": 74.03915405273438, ""val_cross_entropy"": 0.5590111017227173, ""val_balanced_accuracy"": 0.7612011432647705, ""test_cross_entropy"": 0.5951681137084961, ""test_balanced_accuracy"": 0.7594449520111084}"
2026-04-15T23:35:40.393324,cats,lcbench,126025,0,961,8.94845962524414,"{""OpenML_task_id"": ""189906"", ""batch_size"": 114, ""epoch"": 7, ""learning_rate"": 0.04453909845819648, ""max_dropout"": 0.2550487704086971, ""max_units"": 86, ""momentum"": 0.38034186090849165, ""num_layers"": 3, ""weight_decay"": 0.04183999383072093}","{""time"": 8.94845962524414, ""val_accuracy"": 78.80479431152344, ""val_cross_entropy"": 0.38468775153160095, ""val_balanced_accuracy"": 0.8200413584709167, ""test_cross_entropy"": 0.5390782356262207, ""test_balanced_accuracy"": 0.8137637376785278}"
2026-04-15T23:35:40.394323,cats,lcbench,126025,0,962,10.368030548095703,"{""OpenML_task_id"": ""167184"", ""batch_size"": 228, ""epoch"": 1, ""learning_rate"": 0.04721574681674799, ""max_dropout"": 0.13705676979490963, ""max_units"": 368, ""momentum"": 0.3795307739200986, ""num_layers"": 1, ""weight_decay"": 0.015292950429320296}","{""time"": 10.368030548095703, ""val_accuracy"": 49.55039978027344, ""val_cross_entropy"": 0.7375547885894775, ""val_balanced_accuracy"": 0.4433378577232361, ""test_cross_entropy"": 0.6840957403182983, ""test_balanced_accuracy"": 0.4517991542816162}"
2026-04-15T23:35:40.394323,cats,lcbench,126025,0,963,3.417989492416382,"{""OpenML_task_id"": ""168329"", ""batch_size"": 16, ""epoch"": 1, ""learning_rate"": 0.07546924921601807, ""max_dropout"": 0.17766997832855827, ""max_units"": 64, ""momentum"": 0.4919975844754323, ""num_layers"": 3, ""weight_decay"": 0.1}","{""time"": 3.417989492416382, ""val_accuracy"": 44.04523849487305, ""val_cross_entropy"": 0.6013467907905579, ""val_balanced_accuracy"": 0.5029754638671875, ""test_cross_entropy"": 0.7019364833831787, ""test_balanced_accuracy"": 0.5102086663246155}"
2026-04-15T23:35:40.395323,cats,lcbench,126025,0,964,31.303218841552734,"{""OpenML_task_id"": ""168329"", ""batch_size"": 16, ""epoch"": 8, ""learning_rate"": 0.07460185834493596, ""max_dropout"": 0.18400416982256348, ""max_units"": 276, ""momentum"": 0.4102902220567908, ""num_layers"": 2, ""weight_decay"": 0.0944068740303877}","{""time"": 31.303218841552734, ""val_accuracy"": 77.93305969238281, ""val_cross_entropy"": 0.44353780150413513, ""val_balanced_accuracy"": 0.7672430276870728, ""test_cross_entropy"": 0.5768882036209106, ""test_balanced_accuracy"": 0.7586038112640381}"
2026-04-15T23:35:40.395323,cats,lcbench,126025,0,965,3.8530642986297607,"{""OpenML_task_id"": ""168329"", ""batch_size"": 16, ""epoch"": 1, ""learning_rate"": 0.06362667760987449, ""max_dropout"": 0.29948320338813317, ""max_units"": 102, ""momentum"": 0.5581086705477737, ""num_layers"": 3, ""weight_decay"": 0.09674012642741664}","{""time"": 3.8530642986297607, ""val_accuracy"": 44.272735595703125, ""val_cross_entropy"": 0.6020681262016296, ""val_balanced_accuracy"": 0.5060190558433533, ""test_cross_entropy"": 0.7045816779136658, ""test_balanced_accuracy"": 0.5147892832756042}"
2026-04-15T23:35:40.396350,cats,lcbench,126025,0,966,19.083473205566406,"{""OpenML_task_id"": ""189862"", ""batch_size"": 16, ""epoch"": 7, ""learning_rate"": 0.08581424463073714, ""max_dropout"": 0.9703455999684067, ""max_units"": 231, ""momentum"": 0.42982162500337173, ""num_layers"": 4, ""weight_decay"": 0.05322759691826828}","{""time"": 19.083473205566406, ""val_accuracy"": 71.80899047851562, ""val_cross_entropy"": 0.49566638469696045, ""val_balanced_accuracy"": 0.7015684247016907, ""test_cross_entropy"": 0.6156066656112671, ""test_balanced_accuracy"": 0.689964771270752}"
2026-04-15T23:35:40.396350,cats,lcbench,126025,0,967,5.854129791259766,"{""OpenML_task_id"": ""189906"", ""batch_size"": 311, ""epoch"": 2, ""learning_rate"": 0.05945350227747372, ""max_dropout"": 0.80693702209039, ""max_units"": 64, ""momentum"": 0.8378844963466774, ""num_layers"": 3, ""weight_decay"": 0.004333944267566281}","{""time"": 5.854129791259766, ""val_accuracy"": 77.72537994384766, ""val_cross_entropy"": 0.42112505435943604, ""val_balanced_accuracy"": 0.7932484149932861, ""test_cross_entropy"": 0.5718557834625244, ""test_balanced_accuracy"": 0.7953269481658936}"
2026-04-15T23:35:40.397348,cats,lcbench,126025,0,968,12.66472339630127,"{""OpenML_task_id"": ""168868"", ""batch_size"": 127, ""epoch"": 3, ""learning_rate"": 0.00010000000000000009, ""max_dropout"": 0.07423513109839172, ""max_units"": 559, ""momentum"": 0.4805684097182504, ""num_layers"": 2, ""weight_decay"": 0.028910618444722116}","{""time"": 12.66472339630127, ""val_accuracy"": 60.41090393066406, ""val_cross_entropy"": 0.6469696760177612, ""val_balanced_accuracy"": 0.6200064420700073, ""test_cross_entropy"": 0.6744182705879211, ""test_balanced_accuracy"": 0.6209733486175537}"
2026-04-15T23:35:40.398325,cats,lcbench,126025,0,969,1.2802660465240479,"{""OpenML_task_id"": ""189906"", ""batch_size"": 38, ""epoch"": 1, ""learning_rate"": 0.052378276277845574, ""max_dropout"": 0.4096255861901348, ""max_units"": 64, ""momentum"": 0.346285682774101, ""num_layers"": 5, ""weight_decay"": 0.04628556837971831}","{""time"": 1.2802660465240479, ""val_accuracy"": 53.9846076965332, ""val_cross_entropy"": 0.608411431312561, ""val_balanced_accuracy"": 0.5281241536140442, ""test_cross_entropy"": 0.696921706199646, ""test_balanced_accuracy"": 0.519949197769165}"
2026-04-15T23:35:40.398325,cats,lcbench,126025,0,970,5.24474573135376,"{""OpenML_task_id"": ""167184"", ""batch_size"": 324, ""epoch"": 1, ""learning_rate"": 0.04154324524343059, ""max_dropout"": 0.19210379758100843, ""max_units"": 143, ""momentum"": 0.5470603861723399, ""num_layers"": 2, ""weight_decay"": 0.009499132678440894}","{""time"": 5.24474573135376, ""val_accuracy"": 48.37459945678711, ""val_cross_entropy"": 0.6681329011917114, ""val_balanced_accuracy"": 0.5102992057800293, ""test_cross_entropy"": 0.6891847252845764, ""test_balanced_accuracy"": 0.5237294435501099}"
2026-04-15T23:35:40.399324,cats,lcbench,126025,0,971,8.371149063110352,"{""OpenML_task_id"": ""189906"", ""batch_size"": 16, ""epoch"": 7, ""learning_rate"": 0.06270912001736305, ""max_dropout"": 0.36979852322515816, ""max_units"": 87, ""momentum"": 0.3502799188176401, ""num_layers"": 4, ""weight_decay"": 0.03740751476879413}","{""time"": 8.371149063110352, ""val_accuracy"": 79.09407043457031, ""val_cross_entropy"": 0.41033124923706055, ""val_balanced_accuracy"": 0.7969350218772888, ""test_cross_entropy"": 0.548922061920166, ""test_balanced_accuracy"": 0.7810097932815552}"
2026-04-15T23:35:40.399830,cats,lcbench,126025,0,972,7.311351299285889,"{""OpenML_task_id"": ""3945"", ""batch_size"": 512, ""epoch"": 1, ""learning_rate"": 0.043064084431533006, ""max_dropout"": 0.41640514461643197, ""max_units"": 440, ""momentum"": 0.2939459423122265, ""num_layers"": 4, ""weight_decay"": 0.05614867303029482}","{""time"": 7.311351299285889, ""val_accuracy"": 48.03285598754883, ""val_cross_entropy"": 0.6853357553482056, ""val_balanced_accuracy"": 0.49047666788101196, ""test_cross_entropy"": 0.6853173971176147, ""test_balanced_accuracy"": 0.4985874593257904}"
2026-04-15T23:35:40.399830,cats,lcbench,126025,0,973,4.950512409210205,"{""OpenML_task_id"": ""3945"", ""batch_size"": 461, ""epoch"": 1, ""learning_rate"": 0.037434743052149354, ""max_dropout"": 0.3712584647904328, ""max_units"": 459, ""momentum"": 0.3105959554274348, ""num_layers"": 5, ""weight_decay"": 0.04985629428678896}","{""time"": 4.950512409210205, ""val_accuracy"": 50.36085891723633, ""val_cross_entropy"": 0.6116884350776672, ""val_balanced_accuracy"": 0.5563545823097229, ""test_cross_entropy"": 0.6711394786834717, ""test_balanced_accuracy"": 0.5526275634765625}"
2026-04-15T23:35:40.400836,cats,lcbench,126025,0,974,7.454981803894043,"{""OpenML_task_id"": ""167184"", ""batch_size"": 265, ""epoch"": 1, ""learning_rate"": 0.041895662010185575, ""max_dropout"": 0.2243346997051133, ""max_units"": 195, ""momentum"": 0.5529839052993827, ""num_layers"": 1, ""weight_decay"": 0.0027223556965754172}","{""time"": 7.454981803894043, ""val_accuracy"": 51.503238677978516, ""val_cross_entropy"": 0.6977870464324951, ""val_balanced_accuracy"": 0.4895654022693634, ""test_cross_entropy"": 0.6720832586288452, ""test_balanced_accuracy"": 0.49540048837661743}"
2026-04-15T23:35:40.400836,cats,lcbench,126025,0,975,6.312910556793213,"{""OpenML_task_id"": ""168868"", ""batch_size"": 67, ""epoch"": 1, ""learning_rate"": 0.009779918941476198, ""max_dropout"": 0.16744752890048428, ""max_units"": 442, ""momentum"": 0.49608315939489694, ""num_layers"": 2, ""weight_decay"": 0.016061642183620398}","{""time"": 6.312910556793213, ""val_accuracy"": 46.115013122558594, ""val_cross_entropy"": 0.7163278460502625, ""val_balanced_accuracy"": 0.49044767022132874, ""test_cross_entropy"": 0.6970155239105225, ""test_balanced_accuracy"": 0.5074853301048279}"
2026-04-15T23:35:40.401836,cats,lcbench,126025,0,976,2.73748779296875,"{""OpenML_task_id"": ""7593"", ""batch_size"": 16, ""epoch"": 1, ""learning_rate"": 0.040167599134232165, ""max_dropout"": 0.6491903661714121, ""max_units"": 161, ""momentum"": 0.9022126610321148, ""num_layers"": 5, ""weight_decay"": 0.03895962969563854}","{""time"": 2.73748779296875, ""val_accuracy"": 51.57027816772461, ""val_cross_entropy"": 0.5948749780654907, ""val_balanced_accuracy"": 0.5020227432250977, ""test_cross_entropy"": 0.7156927585601807, ""test_balanced_accuracy"": 0.49142807722091675}"
2026-04-15T23:35:40.401836,cats,lcbench,126025,0,977,6.860937118530273,"{""OpenML_task_id"": ""189906"", ""batch_size"": 96, ""epoch"": 6, ""learning_rate"": 0.059562047580714816, ""max_dropout"": 0.36994778195568945, ""max_units"": 129, ""momentum"": 0.38971497480848216, ""num_layers"": 5, ""weight_decay"": 0.037987367576638516}","{""time"": 6.860937118530273, ""val_accuracy"": 81.75808715820312, ""val_cross_entropy"": 0.4434258043766022, ""val_balanced_accuracy"": 0.7571308016777039, ""test_cross_entropy"": 0.5889583826065063, ""test_balanced_accuracy"": 0.7498001456260681}"
2026-04-15T23:35:40.402836,cats,lcbench,126025,0,978,8.054604530334473,"{""OpenML_task_id"": ""167184"", ""batch_size"": 250, ""epoch"": 1, ""learning_rate"": 0.04540237437992169, ""max_dropout"": 0.3399378741811384, ""max_units"": 289, ""momentum"": 0.5323099460509602, ""num_layers"": 1, ""weight_decay"": 0.004507086654971669}","{""time"": 8.054604530334473, ""val_accuracy"": 50.486656188964844, ""val_cross_entropy"": 0.7192359566688538, ""val_balanced_accuracy"": 0.4792729318141937, ""test_cross_entropy"": 0.6747360825538635, ""test_balanced_accuracy"": 0.48742708563804626}"
2026-04-15T23:35:40.402836,cats,lcbench,126025,0,979,15.664230346679688,"{""OpenML_task_id"": ""168868"", ""batch_size"": 24, ""epoch"": 9, ""learning_rate"": 0.07088214492950366, ""max_dropout"": 0.8883290333531191, ""max_units"": 204, ""momentum"": 0.6021267976161386, ""num_layers"": 3, ""weight_decay"": 0.05760735146255272}","{""time"": 15.664230346679688, ""val_accuracy"": 72.42646789550781, ""val_cross_entropy"": 0.8140865564346313, ""val_balanced_accuracy"": 0.7567222714424133, ""test_cross_entropy"": 0.5961134433746338, ""test_balanced_accuracy"": 0.7449079751968384}"
2026-04-15T23:35:40.403836,cats,lcbench,126025,0,980,4.87939453125,"{""OpenML_task_id"": ""168329"", ""batch_size"": 16, ""epoch"": 2, ""learning_rate"": 0.048459939000129085, ""max_dropout"": 0.2400059192976785, ""max_units"": 219, ""momentum"": 0.6173005248720174, ""num_layers"": 3, ""weight_decay"": 0.1}","{""time"": 4.87939453125, ""val_accuracy"": 68.69689178466797, ""val_cross_entropy"": 0.49997609853744507, ""val_balanced_accuracy"": 0.6966572999954224, ""test_cross_entropy"": 0.6205852031707764, ""test_balanced_accuracy"": 0.6948339939117432}"
2026-04-15T23:35:40.403836,cats,lcbench,126025,0,981,23.99758529663086,"{""OpenML_task_id"": ""168329"", ""batch_size"": 16, ""epoch"": 6, ""learning_rate"": 0.0645897481544094, ""max_dropout"": 0.32529687200838725, ""max_units"": 212, ""momentum"": 0.5614907231482709, ""num_layers"": 1, ""weight_decay"": 0.09951879956428841}","{""time"": 23.99758529663086, ""val_accuracy"": 76.43415069580078, ""val_cross_entropy"": 0.5136902928352356, ""val_balanced_accuracy"": 0.7731101512908936, ""test_cross_entropy"": 0.5654614567756653, ""test_balanced_accuracy"": 0.7625147700309753}"
2026-04-15T23:35:40.404836,cats,lcbench,126025,0,982,2.7068095207214355,"{""OpenML_task_id"": ""126025"", ""batch_size"": 37, ""epoch"": 1, ""learning_rate"": 0.015162176810763654, ""max_dropout"": 0.8408430100430879, ""max_units"": 266, ""momentum"": 0.2539234774483904, ""num_layers"": 5, ""weight_decay"": 0.037288325212621695}","{""time"": 2.7068095207214355, ""val_accuracy"": 52.497413635253906, ""val_cross_entropy"": 0.5751175284385681, ""val_balanced_accuracy"": 0.5412322282791138, ""test_cross_entropy"": 0.6908950209617615, ""test_balanced_accuracy"": 0.5313209295272827}"
2026-04-15T23:35:40.404836,cats,lcbench,126025,0,983,8.12572193145752,"{""OpenML_task_id"": ""168329"", ""batch_size"": 88, ""epoch"": 6, ""learning_rate"": 0.07013592482640657, ""max_dropout"": 0.40791565305091926, ""max_units"": 159, ""momentum"": 0.5292937916687833, ""num_layers"": 3, ""weight_decay"": 0.1}","{""time"": 8.12572193145752, ""val_accuracy"": 74.44853973388672, ""val_cross_entropy"": 0.4829232394695282, ""val_balanced_accuracy"": 0.7801194787025452, ""test_cross_entropy"": 0.6017960906028748, ""test_balanced_accuracy"": 0.7755988240242004}"
2026-04-15T23:35:40.404836,cats,lcbench,126025,0,984,7.216527462005615,"{""OpenML_task_id"": ""3945"", ""batch_size"": 512, ""epoch"": 1, ""learning_rate"": 0.035422638188194217, ""max_dropout"": 0.24281014487337527, ""max_units"": 371, ""momentum"": 0.2990539240577157, ""num_layers"": 4, ""weight_decay"": 0.05522851968800019}","{""time"": 7.216527462005615, ""val_accuracy"": 47.26301956176758, ""val_cross_entropy"": 0.6858557462692261, ""val_balanced_accuracy"": 0.4902895987033844, ""test_cross_entropy"": 0.6845936179161072, ""test_balanced_accuracy"": 0.4975491166114807}"
2026-04-15T23:35:40.406341,cats,lcbench,126025,0,985,3.9827499389648438,"{""OpenML_task_id"": ""168868"", ""batch_size"": 72, ""epoch"": 1, ""learning_rate"": 0.08039866993486336, ""max_dropout"": 0.9394018484648167, ""max_units"": 370, ""momentum"": 0.384576403175881, ""num_layers"": 2, ""weight_decay"": 0.06988055158699377}","{""time"": 3.9827499389648438, ""val_accuracy"": 49.96866226196289, ""val_cross_entropy"": 0.6963597536087036, ""val_balanced_accuracy"": 0.5071408152580261, ""test_cross_entropy"": 0.6895516514778137, ""test_balanced_accuracy"": 0.5146037340164185}"
2026-04-15T23:35:40.407347,cats,lcbench,126025,0,986,4.25327730178833,"{""OpenML_task_id"": ""3945"", ""batch_size"": 422, ""epoch"": 1, ""learning_rate"": 0.04549109625935996, ""max_dropout"": 0.28048578614547826, ""max_units"": 262, ""momentum"": 0.2513292991009747, ""num_layers"": 3, ""weight_decay"": 0.050672984205948665}","{""time"": 4.25327730178833, ""val_accuracy"": 52.399478912353516, ""val_cross_entropy"": 0.6657724976539612, ""val_balanced_accuracy"": 0.542255163192749, ""test_cross_entropy"": 0.6922941207885742, ""test_balanced_accuracy"": 0.549300491809845}"
2026-04-15T23:35:40.407347,cats,lcbench,126025,0,987,12.293794631958008,"{""OpenML_task_id"": ""168910"", ""batch_size"": 16, ""epoch"": 5, ""learning_rate"": 0.05302991158770157, ""max_dropout"": 0.3072007567004945, ""max_units"": 64, ""momentum"": 0.5854325139037555, ""num_layers"": 2, ""weight_decay"": 0.09558189771292601}","{""time"": 12.293794631958008, ""val_accuracy"": 79.53914642333984, ""val_cross_entropy"": 0.45015034079551697, ""val_balanced_accuracy"": 0.7671552300453186, ""test_cross_entropy"": 0.576908528804779, ""test_balanced_accuracy"": 0.7629715800285339}"
2026-04-15T23:35:40.408346,cats,lcbench,126025,0,988,6.371478080749512,"{""OpenML_task_id"": ""168868"", ""batch_size"": 79, ""epoch"": 1, ""learning_rate"": 0.0788153458751037, ""max_dropout"": 0.8772391193610747, ""max_units"": 430, ""momentum"": 0.43597832112625595, ""num_layers"": 4, ""weight_decay"": 0.06960141517253168}","{""time"": 6.371478080749512, ""val_accuracy"": 42.6796875, ""val_cross_entropy"": 0.6338638067245483, ""val_balanced_accuracy"": 0.48437055945396423, ""test_cross_entropy"": 0.6865745782852173, ""test_balanced_accuracy"": 0.48732760548591614}"
2026-04-15T23:35:40.408346,cats,lcbench,126025,0,989,4.664646148681641,"{""OpenML_task_id"": ""3945"", ""batch_size"": 429, ""epoch"": 1, ""learning_rate"": 0.039570633983483025, ""max_dropout"": 0.4364541931483107, ""max_units"": 252, ""momentum"": 0.30193057063951256, ""num_layers"": 3, ""weight_decay"": 0.0407576069144374}","{""time"": 4.664646148681641, ""val_accuracy"": 52.18085861206055, ""val_cross_entropy"": 0.6707501411437988, ""val_balanced_accuracy"": 0.5388086438179016, ""test_cross_entropy"": 0.6936678886413574, ""test_balanced_accuracy"": 0.5457425117492676}"
2026-04-15T23:35:40.409347,cats,lcbench,126025,0,990,5.591969013214111,"{""OpenML_task_id"": ""167184"", ""batch_size"": 233, ""epoch"": 1, ""learning_rate"": 0.027154988674628865, ""max_dropout"": 0.1439511606493164, ""max_units"": 274, ""momentum"": 0.42388905943576743, ""num_layers"": 2, ""weight_decay"": 0.019280616595639573}","{""time"": 5.591969013214111, ""val_accuracy"": 48.06034851074219, ""val_cross_entropy"": 0.6770821809768677, ""val_balanced_accuracy"": 0.5014858841896057, ""test_cross_entropy"": 0.6881163716316223, ""test_balanced_accuracy"": 0.5134595632553101}"
2026-04-15T23:35:40.409347,cats,lcbench,126025,0,991,4.101280212402344,"{""OpenML_task_id"": ""167184"", ""batch_size"": 285, ""epoch"": 1, ""learning_rate"": 0.022816392838444936, ""max_dropout"": 0.1706284875975435, ""max_units"": 165, ""momentum"": 0.537850373765261, ""num_layers"": 2, ""weight_decay"": 0.0003227224004019695}","{""time"": 4.101280212402344, ""val_accuracy"": 49.616127014160156, ""val_cross_entropy"": 0.6570153832435608, ""val_balanced_accuracy"": 0.5305280089378357, ""test_cross_entropy"": 0.6892154812812805, ""test_balanced_accuracy"": 0.5421755313873291}"
2026-04-15T23:35:40.410347,cats,lcbench,126025,0,992,22.181983947753906,"{""OpenML_task_id"": ""126026"", ""batch_size"": 59, ""epoch"": 6, ""learning_rate"": 0.025796675531555832, ""max_dropout"": 0.3624526140916835, ""max_units"": 284, ""momentum"": 0.3304694770251107, ""num_layers"": 3, ""weight_decay"": 0.0357351494153095}","{""time"": 22.181983947753906, ""val_accuracy"": 79.01234436035156, ""val_cross_entropy"": 0.40656307339668274, ""val_balanced_accuracy"": 0.8191284537315369, ""test_cross_entropy"": 0.5352448225021362, ""test_balanced_accuracy"": 0.809066653251648}"
2026-04-15T23:35:40.410347,cats,lcbench,126025,0,993,3.3482658863067627,"{""OpenML_task_id"": ""189906"", ""batch_size"": 129, ""epoch"": 1, ""learning_rate"": 0.04205303641505201, ""max_dropout"": 0.24635064540444848, ""max_units"": 134, ""momentum"": 0.28752385428369903, ""num_layers"": 3, ""weight_decay"": 0.04372883822722698}","{""time"": 3.3482658863067627, ""val_accuracy"": 47.417240142822266, ""val_cross_entropy"": 0.6419622302055359, ""val_balanced_accuracy"": 0.5143358111381531, ""test_cross_entropy"": 0.6892874240875244, ""test_balanced_accuracy"": 0.5294938683509827}"
2026-04-15T23:35:40.411347,cats,lcbench,126025,0,994,9.817214965820312,"{""OpenML_task_id"": ""167184"", ""batch_size"": 256, ""epoch"": 1, ""learning_rate"": 0.030724699612876875, ""max_dropout"": 0.0952135159362826, ""max_units"": 379, ""momentum"": 0.5010838936166497, ""num_layers"": 1, ""weight_decay"": 0.011847017438186965}","{""time"": 9.817214965820312, ""val_accuracy"": 48.66973876953125, ""val_cross_entropy"": 0.7375321388244629, ""val_balanced_accuracy"": 0.4343559443950653, ""test_cross_entropy"": 0.6937828063964844, ""test_balanced_accuracy"": 0.44166672229766846}"
2026-04-15T23:35:40.411347,cats,lcbench,126025,0,995,4.830588340759277,"{""OpenML_task_id"": ""168908"", ""batch_size"": 17, ""epoch"": 1, ""learning_rate"": 0.074159222109044, ""max_dropout"": 0.9028029651999392, ""max_units"": 303, ""momentum"": 0.5904432575897623, ""num_layers"": 2, ""weight_decay"": 0.06779859242086367}","{""time"": 4.830588340759277, ""val_accuracy"": 48.5550422668457, ""val_cross_entropy"": 0.7098396420478821, ""val_balanced_accuracy"": 0.5079249739646912, ""test_cross_entropy"": 0.6968387365341187, ""test_balanced_accuracy"": 0.5159668922424316}"
2026-04-15T23:35:40.412346,cats,lcbench,126025,0,996,37.43888854980469,"{""OpenML_task_id"": ""3945"", ""batch_size"": 507, ""epoch"": 4, ""learning_rate"": 0.027959709808540345, ""max_dropout"": 0.3960003202541942, ""max_units"": 479, ""momentum"": 0.1774270832372117, ""num_layers"": 4, ""weight_decay"": 0.03235362241090879}","{""time"": 37.43888854980469, ""val_accuracy"": 77.45529174804688, ""val_cross_entropy"": 0.46327266097068787, ""val_balanced_accuracy"": 0.8099343776702881, ""test_cross_entropy"": 0.5828859806060791, ""test_balanced_accuracy"": 0.8064321279525757}"
2026-04-15T23:35:40.412346,cats,lcbench,126025,0,997,4.066418170928955,"{""OpenML_task_id"": ""168868"", ""batch_size"": 73, ""epoch"": 1, ""learning_rate"": 0.06455937223536598, ""max_dropout"": 0.7903759319868282, ""max_units"": 288, ""momentum"": 0.6437837551173629, ""num_layers"": 2, ""weight_decay"": 0.05089698777785377}","{""time"": 4.066418170928955, ""val_accuracy"": 48.40708923339844, ""val_cross_entropy"": 0.6776668429374695, ""val_balanced_accuracy"": 0.4969383478164673, ""test_cross_entropy"": 0.6930019855499268, ""test_balanced_accuracy"": 0.5098808407783508}"
2026-04-15T23:35:40.413347,cats,lcbench,126025,0,998,5.649142265319824,"{""OpenML_task_id"": ""167200"", ""batch_size"": 16, ""epoch"": 1, ""learning_rate"": 0.041276878715744994, ""max_dropout"": 0.20248334664616924, ""max_units"": 331, ""momentum"": 0.27317001948513414, ""num_layers"": 3, ""weight_decay"": 0.024334785285082507}","{""time"": 5.649142265319824, ""val_accuracy"": 44.851802825927734, ""val_cross_entropy"": 0.6322895288467407, ""val_balanced_accuracy"": 0.5143672227859497, ""test_cross_entropy"": 0.6776618957519531, ""test_balanced_accuracy"": 0.5279408097267151}"
2026-04-15T23:35:40.414346,cats,lcbench,126025,0,999,4.045501232147217,"{""OpenML_task_id"": ""168329"", ""batch_size"": 16, ""epoch"": 2, ""learning_rate"": 0.05544916279969017, ""max_dropout"": 0.16854697198877053, ""max_units"": 64, ""momentum"": 0.4877899118066265, ""num_layers"": 2, ""weight_decay"": 0.1}","{""time"": 4.045501232147217, ""val_accuracy"": 73.86087036132812, ""val_cross_entropy"": 0.46032142639160156, ""val_balanced_accuracy"": 0.7215118408203125, ""test_cross_entropy"": 0.6002863645553589, ""test_balanced_accuracy"": 0.7254390716552734}"
