timestamp,optimizer,bench,instance,seed,trial_id,score,cfg_json,out_json
2026-04-06T21:16:34.608003,cats,lcbench,146212,2,0,335.7412414550781,"{""OpenML_task_id"": ""167185"", ""batch_size"": 16, ""epoch"": 26, ""learning_rate"": 0.007590139907311169, ""max_dropout"": 0.8095754708493302, ""max_units"": 607, ""momentum"": 0.2692347219944045, ""num_layers"": 4, ""weight_decay"": 0.009738527587722248}","{""time"": 335.7412414550781, ""val_accuracy"": 93.438720703125, ""val_cross_entropy"": 0.3628278374671936, ""val_balanced_accuracy"": 0.5025717616081238, ""test_cross_entropy"": 1.3402180671691895, ""test_balanced_accuracy"": 0.5057045221328735}"
2026-04-06T21:16:34.608247,cats,lcbench,146212,2,1,38.63255310058594,"{""OpenML_task_id"": ""189862"", ""batch_size"": 41, ""epoch"": 17, ""learning_rate"": 0.0021386058955364298, ""max_dropout"": 0.7970065582161261, ""max_units"": 289, ""momentum"": 0.901050889768738, ""num_layers"": 5, ""weight_decay"": 0.04085861205575687}","{""time"": 38.63255310058594, ""val_accuracy"": 94.47777557373047, ""val_cross_entropy"": 0.5023230910301208, ""val_balanced_accuracy"": 0.3884892165660858, ""test_cross_entropy"": 1.437321662902832, ""test_balanced_accuracy"": 0.379541277885437}"
2026-04-06T21:16:34.608454,cats,lcbench,146212,2,2,14.792685508728027,"{""OpenML_task_id"": ""189873"", ""batch_size"": 215, ""epoch"": 5, ""learning_rate"": 0.0011592696623445257, ""max_dropout"": 0.11625164602954707, ""max_units"": 172, ""momentum"": 0.9252193903741323, ""num_layers"": 1, ""weight_decay"": 0.04718083522697451}","{""time"": 14.792685508728027, ""val_accuracy"": 81.61070251464844, ""val_cross_entropy"": 0.9388482570648193, ""val_balanced_accuracy"": 0.6657105088233948, ""test_cross_entropy"": 1.7315698862075806, ""test_balanced_accuracy"": 0.6724306344985962}"
2026-04-06T21:16:34.608641,cats,lcbench,146212,2,3,136.54112243652344,"{""OpenML_task_id"": ""126029"", ""batch_size"": 18, ""epoch"": 32, ""learning_rate"": 0.001022698543400645, ""max_dropout"": 0.4004585717221856, ""max_units"": 331, ""momentum"": 0.49019000779500144, ""num_layers"": 3, ""weight_decay"": 0.07103187401385411}","{""time"": 136.54112243652344, ""val_accuracy"": 95.91434478759766, ""val_cross_entropy"": 0.3405969738960266, ""val_balanced_accuracy"": 0.5213543772697449, ""test_cross_entropy"": 1.3915092945098877, ""test_balanced_accuracy"": 0.5215185284614563}"
2026-04-06T21:16:34.608823,cats,lcbench,146212,2,4,25.716968536376953,"{""OpenML_task_id"": ""34539"", ""batch_size"": 119, ""epoch"": 9, ""learning_rate"": 0.00027990091566198225, ""max_dropout"": 0.534657214519875, ""max_units"": 135, ""momentum"": 0.8234974973561892, ""num_layers"": 2, ""weight_decay"": 0.0019764294942284802}","{""time"": 25.716968536376953, ""val_accuracy"": 80.79632568359375, ""val_cross_entropy"": 0.9056642651557922, ""val_balanced_accuracy"": 0.6779398918151855, ""test_cross_entropy"": 1.6469032764434814, ""test_balanced_accuracy"": 0.6890007853507996}"
2026-04-06T21:16:34.608996,cats,lcbench,146212,2,5,487.4805603027344,"{""OpenML_task_id"": ""189905"", ""batch_size"": 21, ""epoch"": 39, ""learning_rate"": 0.00032880834592947407, ""max_dropout"": 0.5457597078801621, ""max_units"": 604, ""momentum"": 0.49656551556767137, ""num_layers"": 5, ""weight_decay"": 0.007897992621619604}","{""time"": 487.4805603027344, ""val_accuracy"": 98.09866333007812, ""val_cross_entropy"": 0.17998680472373962, ""val_balanced_accuracy"": 0.8140819668769836, ""test_cross_entropy"": 1.2363131046295166, ""test_balanced_accuracy"": 0.8065628409385681}"
2026-04-06T21:16:34.609164,cats,lcbench,146212,2,6,68.38359069824219,"{""OpenML_task_id"": ""189908"", ""batch_size"": 233, ""epoch"": 20, ""learning_rate"": 0.00014476330545004, ""max_dropout"": 0.934778414914564, ""max_units"": 178, ""momentum"": 0.5939247183238803, ""num_layers"": 2, ""weight_decay"": 0.0021704039935981525}","{""time"": 68.38359069824219, ""val_accuracy"": 51.201072692871094, ""val_cross_entropy"": 2.03389573097229, ""val_balanced_accuracy"": 0.505071222782135, ""test_cross_entropy"": 1.9075034856796265, ""test_balanced_accuracy"": 0.5056842565536499}"
2026-04-06T21:16:34.609355,cats,lcbench,146212,2,7,102.52162170410156,"{""OpenML_task_id"": ""168868"", ""batch_size"": 310, ""epoch"": 42, ""learning_rate"": 0.0001995434096509751, ""max_dropout"": 0.10531537415587466, ""max_units"": 143, ""momentum"": 0.8918354579392966, ""num_layers"": 3, ""weight_decay"": 0.09725304904737134}","{""time"": 102.52162170410156, ""val_accuracy"": 77.80043029785156, ""val_cross_entropy"": 1.3190922737121582, ""val_balanced_accuracy"": 0.6798822283744812, ""test_cross_entropy"": 1.868923306465149, ""test_balanced_accuracy"": 0.6867245435714722}"
2026-04-06T21:16:34.609540,cats,lcbench,146212,2,8,98.2643051147461,"{""OpenML_task_id"": ""167104"", ""batch_size"": 211, ""epoch"": 48, ""learning_rate"": 0.0007677491960649161, ""max_dropout"": 0.36889423264007903, ""max_units"": 878, ""momentum"": 0.6641367462364536, ""num_layers"": 2, ""weight_decay"": 0.07430577890518372}","{""time"": 98.2643051147461, ""val_accuracy"": 91.64997863769531, ""val_cross_entropy"": 0.5786185264587402, ""val_balanced_accuracy"": 0.803171694278717, ""test_cross_entropy"": 1.5508220195770264, ""test_balanced_accuracy"": 0.8061645030975342}"
2026-04-06T21:16:34.609710,cats,lcbench,146212,2,9,229.0335693359375,"{""OpenML_task_id"": ""167185"", ""batch_size"": 33, ""epoch"": 48, ""learning_rate"": 0.0021551624542908558, ""max_dropout"": 0.7139252776455297, ""max_units"": 532, ""momentum"": 0.30750737749476376, ""num_layers"": 3, ""weight_decay"": 0.035809056329692696}","{""time"": 229.0335693359375, ""val_accuracy"": 96.05751037597656, ""val_cross_entropy"": 0.2739855647087097, ""val_balanced_accuracy"": 0.6987159848213196, ""test_cross_entropy"": 1.3477531671524048, ""test_balanced_accuracy"": 0.7028273940086365}"
2026-04-06T21:16:34.609894,cats,lcbench,146212,2,10,44.53813552856445,"{""OpenML_task_id"": ""189906"", ""batch_size"": 39, ""epoch"": 6, ""learning_rate"": 0.04741657278042346, ""max_dropout"": 0.5029382251582742, ""max_units"": 785, ""momentum"": 0.2959411004446575, ""num_layers"": 5, ""weight_decay"": 0.046420674244950264}","{""time"": 44.53813552856445, ""val_accuracy"": 86.43712615966797, ""val_cross_entropy"": 0.438480019569397, ""val_balanced_accuracy"": 0.4311796724796295, ""test_cross_entropy"": 1.4569578170776367, ""test_balanced_accuracy"": 0.43316543102264404}"
2026-04-06T21:16:34.610069,cats,lcbench,146212,2,11,64.71473693847656,"{""OpenML_task_id"": ""189862"", ""batch_size"": 271, ""epoch"": 52, ""learning_rate"": 0.005509751520261776, ""max_dropout"": 0.2925477365678245, ""max_units"": 93, ""momentum"": 0.6380038436403679, ""num_layers"": 2, ""weight_decay"": 0.014807606007416959}","{""time"": 64.71473693847656, ""val_accuracy"": 90.50761413574219, ""val_cross_entropy"": 0.457440048456192, ""val_balanced_accuracy"": 0.784964382648468, ""test_cross_entropy"": 1.4729419946670532, ""test_balanced_accuracy"": 0.7858002781867981}"
2026-04-06T21:16:34.610242,cats,lcbench,146212,2,12,73.18335723876953,"{""OpenML_task_id"": ""167200"", ""batch_size"": 24, ""epoch"": 6, ""learning_rate"": 0.05327677893945073, ""max_dropout"": 0.4971900061427299, ""max_units"": 493, ""momentum"": 0.7806851646368443, ""num_layers"": 5, ""weight_decay"": 0.0860182421674051}","{""time"": 73.18335723876953, ""val_accuracy"": 52.359214782714844, ""val_cross_entropy"": 1.1340192556381226, ""val_balanced_accuracy"": 0.12967590987682343, ""test_cross_entropy"": 1.886155366897583, ""test_balanced_accuracy"": 0.1303814947605133}"
2026-04-06T21:16:34.610417,cats,lcbench,146212,2,13,70.8197250366211,"{""OpenML_task_id"": ""167184"", ""batch_size"": 29, ""epoch"": 22, ""learning_rate"": 0.0004290300421579138, ""max_dropout"": 0.6500810985363646, ""max_units"": 161, ""momentum"": 0.6905770387334096, ""num_layers"": 3, ""weight_decay"": 0.004293477806151826}","{""time"": 70.8197250366211, ""val_accuracy"": 96.04798889160156, ""val_cross_entropy"": 0.2844453752040863, ""val_balanced_accuracy"": 0.7663742303848267, ""test_cross_entropy"": 1.3156108856201172, ""test_balanced_accuracy"": 0.7701886296272278}"
2026-04-06T21:16:34.610607,cats,lcbench,146212,2,14,35.185420989990234,"{""OpenML_task_id"": ""167184"", ""batch_size"": 237, ""epoch"": 32, ""learning_rate"": 0.004544580801128688, ""max_dropout"": 0.157850659843635, ""max_units"": 75, ""momentum"": 0.2565433307841606, ""num_layers"": 5, ""weight_decay"": 0.06083582675986822}","{""time"": 35.185420989990234, ""val_accuracy"": 88.97162628173828, ""val_cross_entropy"": 1.1346224546432495, ""val_balanced_accuracy"": 0.642875075340271, ""test_cross_entropy"": 1.7591992616653442, ""test_balanced_accuracy"": 0.6432687640190125}"
2026-04-06T21:16:34.610786,cats,lcbench,146212,2,15,18.495006561279297,"{""OpenML_task_id"": ""168908"", ""batch_size"": 50, ""epoch"": 9, ""learning_rate"": 0.09001855963237498, ""max_dropout"": 0.018043837525302586, ""max_units"": 110, ""momentum"": 0.47397178975536747, ""num_layers"": 1, ""weight_decay"": 0.03201645075962423}","{""time"": 18.495006561279297, ""val_accuracy"": 87.2301254272461, ""val_cross_entropy"": 0.7528627514839172, ""val_balanced_accuracy"": 0.5950455069541931, ""test_cross_entropy"": 1.5504509210586548, ""test_balanced_accuracy"": 0.6081582307815552}"
2026-04-06T21:16:34.610962,cats,lcbench,146212,2,16,60.20362091064453,"{""OpenML_task_id"": ""167104"", ""batch_size"": 24, ""epoch"": 30, ""learning_rate"": 0.001143411264344311, ""max_dropout"": 0.7573616483516983, ""max_units"": 110, ""momentum"": 0.8610056968263594, ""num_layers"": 2, ""weight_decay"": 0.04052576253624548}","{""time"": 60.20362091064453, ""val_accuracy"": 93.69927978515625, ""val_cross_entropy"": 0.40159571170806885, ""val_balanced_accuracy"": 0.6662783026695251, ""test_cross_entropy"": 1.424560546875, ""test_balanced_accuracy"": 0.67086261510849}"
2026-04-06T21:16:34.611136,cats,lcbench,146212,2,17,122.35099029541016,"{""OpenML_task_id"": ""168868"", ""batch_size"": 150, ""epoch"": 38, ""learning_rate"": 0.0001860385996242921, ""max_dropout"": 0.058332291149569615, ""max_units"": 457, ""momentum"": 0.985009584709009, ""num_layers"": 4, ""weight_decay"": 0.03491102385901659}","{""time"": 122.35099029541016, ""val_accuracy"": 96.5531005859375, ""val_cross_entropy"": 0.3861253559589386, ""val_balanced_accuracy"": 0.8422017097473145, ""test_cross_entropy"": 1.472713828086853, ""test_balanced_accuracy"": 0.8419254422187805}"
2026-04-06T21:16:34.611311,cats,lcbench,146212,2,18,76.15776062011719,"{""OpenML_task_id"": ""189865"", ""batch_size"": 108, ""epoch"": 15, ""learning_rate"": 0.0009951162993658397, ""max_dropout"": 0.8966775001509864, ""max_units"": 480, ""momentum"": 0.5311588629975591, ""num_layers"": 3, ""weight_decay"": 0.040129558749207296}","{""time"": 76.15776062011719, ""val_accuracy"": 86.39823150634766, ""val_cross_entropy"": 0.9896286129951477, ""val_balanced_accuracy"": 0.6279733180999756, ""test_cross_entropy"": 1.693544864654541, ""test_balanced_accuracy"": 0.6337598562240601}"
2026-04-06T21:16:34.611485,cats,lcbench,146212,2,19,22.826229095458984,"{""OpenML_task_id"": ""167185"", ""batch_size"": 95, ""epoch"": 9, ""learning_rate"": 0.0013186611598029231, ""max_dropout"": 0.43290448828599815, ""max_units"": 106, ""momentum"": 0.8121548932171986, ""num_layers"": 5, ""weight_decay"": 0.08536984467088905}","{""time"": 22.826229095458984, ""val_accuracy"": 81.87106323242188, ""val_cross_entropy"": 1.099303126335144, ""val_balanced_accuracy"": 0.4025956988334656, ""test_cross_entropy"": 1.7189322710037231, ""test_balanced_accuracy"": 0.397596538066864}"
2026-04-06T21:16:34.611661,cats,lcbench,146212,2,20,113.50865173339844,"{""OpenML_task_id"": ""126026"", ""batch_size"": 61, ""epoch"": 11, ""learning_rate"": 0.00011463856860867663, ""max_dropout"": 0.8546585733758749, ""max_units"": 210, ""momentum"": 0.6602020439481766, ""num_layers"": 4, ""weight_decay"": 0.0029967447654524757}","{""time"": 113.50865173339844, ""val_accuracy"": 44.93983459472656, ""val_cross_entropy"": 1.85115647315979, ""val_balanced_accuracy"": 0.23124197125434875, ""test_cross_entropy"": 1.9375660419464111, ""test_balanced_accuracy"": 0.22607576847076416}"
2026-04-06T21:16:34.611843,cats,lcbench,146212,2,21,310.6993408203125,"{""OpenML_task_id"": ""167161"", ""batch_size"": 65, ""epoch"": 41, ""learning_rate"": 0.0002814122277675677, ""max_dropout"": 0.8553085553694284, ""max_units"": 731, ""momentum"": 0.6402596453031971, ""num_layers"": 3, ""weight_decay"": 0.07082473276063002}","{""time"": 310.6993408203125, ""val_accuracy"": 92.50314331054688, ""val_cross_entropy"": 0.6684524416923523, ""val_balanced_accuracy"": 0.6767887473106384, ""test_cross_entropy"": 1.5673794746398926, ""test_balanced_accuracy"": 0.6824352145195007}"
2026-04-06T21:16:34.612022,cats,lcbench,146212,2,22,97.98401641845703,"{""OpenML_task_id"": ""167200"", ""batch_size"": 23, ""epoch"": 44, ""learning_rate"": 0.0015774926305900522, ""max_dropout"": 0.39071982102521774, ""max_units"": 90, ""momentum"": 0.1734314399910743, ""num_layers"": 2, ""weight_decay"": 0.03064668547542902}","{""time"": 97.98401641845703, ""val_accuracy"": 95.86862182617188, ""val_cross_entropy"": 0.32840976119041443, ""val_balanced_accuracy"": 0.6951441764831543, ""test_cross_entropy"": 1.3888356685638428, ""test_balanced_accuracy"": 0.7046071887016296}"
2026-04-06T21:16:34.612203,cats,lcbench,146212,2,23,34.05868911743164,"{""OpenML_task_id"": ""168331"", ""batch_size"": 88, ""epoch"": 11, ""learning_rate"": 0.005786303175963937, ""max_dropout"": 0.05915950872523168, ""max_units"": 86, ""momentum"": 0.3690673653888089, ""num_layers"": 3, ""weight_decay"": 0.09118332149646027}","{""time"": 34.05868911743164, ""val_accuracy"": 89.60481262207031, ""val_cross_entropy"": 0.731997549533844, ""val_balanced_accuracy"": 0.5919427275657654, ""test_cross_entropy"": 1.6247833967208862, ""test_balanced_accuracy"": 0.5966889262199402}"
2026-04-06T21:16:34.612376,cats,lcbench,146212,2,24,64.51253509521484,"{""OpenML_task_id"": ""189866"", ""batch_size"": 82, ""epoch"": 20, ""learning_rate"": 0.002028381919507153, ""max_dropout"": 0.699797263199282, ""max_units"": 250, ""momentum"": 0.2255438275378398, ""num_layers"": 3, ""weight_decay"": 0.053959034548624454}","{""time"": 64.51253509521484, ""val_accuracy"": 93.00167846679688, ""val_cross_entropy"": 0.5920830368995667, ""val_balanced_accuracy"": 0.6884714365005493, ""test_cross_entropy"": 1.5337460041046143, ""test_balanced_accuracy"": 0.6964633464813232}"
2026-04-06T21:16:34.612549,cats,lcbench,146212,2,25,48.11634826660156,"{""OpenML_task_id"": ""168908"", ""batch_size"": 124, ""epoch"": 37, ""learning_rate"": 0.00023801487098905138, ""max_dropout"": 0.18253731880573687, ""max_units"": 141, ""momentum"": 0.9346661733092685, ""num_layers"": 5, ""weight_decay"": 0.0488815850587029}","{""time"": 48.11634826660156, ""val_accuracy"": 91.56401824951172, ""val_cross_entropy"": 0.9482753276824951, ""val_balanced_accuracy"": 0.6147580742835999, ""test_cross_entropy"": 1.6752080917358398, ""test_balanced_accuracy"": 0.6150242686271667}"
2026-04-06T21:16:34.612729,cats,lcbench,146212,2,26,156.7205047607422,"{""OpenML_task_id"": ""167161"", ""batch_size"": 94, ""epoch"": 38, ""learning_rate"": 0.0004420419971041846, ""max_dropout"": 0.9267524917764207, ""max_units"": 151, ""momentum"": 0.2519328662063798, ""num_layers"": 4, ""weight_decay"": 0.05820684136189675}","{""time"": 156.7205047607422, ""val_accuracy"": 76.51160430908203, ""val_cross_entropy"": 1.559754729270935, ""val_balanced_accuracy"": 0.3566058576107025, ""test_cross_entropy"": 1.8637255430221558, ""test_balanced_accuracy"": 0.3411770761013031}"
2026-04-06T21:16:34.612901,cats,lcbench,146212,2,27,115.52506256103516,"{""OpenML_task_id"": ""146212"", ""batch_size"": 62, ""epoch"": 26, ""learning_rate"": 0.0002935285422223445, ""max_dropout"": 0.4284394065987137, ""max_units"": 200, ""momentum"": 0.4632470153888736, ""num_layers"": 5, ""weight_decay"": 0.05419933084675628}","{""time"": 115.52506256103516, ""val_accuracy"": 82.578369140625, ""val_cross_entropy"": 1.2086048126220703, ""val_balanced_accuracy"": 0.37643828988075256, ""test_cross_entropy"": 1.7728054523468018, ""test_balanced_accuracy"": 0.3658411204814911}"
2026-04-06T21:16:34.613088,cats,lcbench,146212,2,28,59.07688522338867,"{""OpenML_task_id"": ""189905"", ""batch_size"": 91, ""epoch"": 34, ""learning_rate"": 0.001821527292491721, ""max_dropout"": 0.509199179907875, ""max_units"": 72, ""momentum"": 0.785361510775584, ""num_layers"": 3, ""weight_decay"": 0.029057574029969616}","{""time"": 59.07688522338867, ""val_accuracy"": 94.52861022949219, ""val_cross_entropy"": 0.3632183372974396, ""val_balanced_accuracy"": 0.7655093669891357, ""test_cross_entropy"": 1.3998806476593018, ""test_balanced_accuracy"": 0.767503559589386}"
2026-04-06T21:16:34.613257,cats,lcbench,146212,2,29,160.72402954101562,"{""OpenML_task_id"": ""167104"", ""batch_size"": 398, ""epoch"": 32, ""learning_rate"": 0.00022265326880562512, ""max_dropout"": 0.3269918212924948, ""max_units"": 300, ""momentum"": 0.11937065642207358, ""num_layers"": 4, ""weight_decay"": 0.058966413927497054}","{""time"": 160.72402954101562, ""val_accuracy"": 16.15254783630371, ""val_cross_entropy"": 1.9304031133651733, ""val_balanced_accuracy"": 0.48794612288475037, ""test_cross_entropy"": 1.9413022994995117, ""test_balanced_accuracy"": 0.4902961552143097}"
2026-04-06T21:16:34.613428,cats,lcbench,146212,2,30,23.82746124267578,"{""OpenML_task_id"": ""167201"", ""batch_size"": 47, ""epoch"": 2, ""learning_rate"": 0.00019070435260931372, ""max_dropout"": 0.5522235635892612, ""max_units"": 160, ""momentum"": 0.48921133104195247, ""num_layers"": 5, ""weight_decay"": 0.06802241058489092}","{""time"": 23.82746124267578, ""val_accuracy"": 11.951922416687012, ""val_cross_entropy"": 1.6564159393310547, ""val_balanced_accuracy"": 0.1714368611574173, ""test_cross_entropy"": 1.8832907676696777, ""test_balanced_accuracy"": 0.1705702394247055}"
2026-04-06T21:16:34.613600,cats,lcbench,146212,2,31,169.76437377929688,"{""OpenML_task_id"": ""168868"", ""batch_size"": 60, ""epoch"": 48, ""learning_rate"": 0.00166674646952512, ""max_dropout"": 0.9299264130953321, ""max_units"": 223, ""momentum"": 0.9599609354876109, ""num_layers"": 3, ""weight_decay"": 0.09584103130490985}","{""time"": 169.76437377929688, ""val_accuracy"": 90.05439758300781, ""val_cross_entropy"": 0.8559526205062866, ""val_balanced_accuracy"": 0.34302693605422974, ""test_cross_entropy"": 1.6870977878570557, ""test_balanced_accuracy"": 0.34329596161842346}"
2026-04-06T21:16:34.613768,cats,lcbench,146212,2,32,34.71409225463867,"{""OpenML_task_id"": ""189862"", ""batch_size"": 251, ""epoch"": 4, ""learning_rate"": 0.0028576812077453434, ""max_dropout"": 0.8994797196656005, ""max_units"": 441, ""momentum"": 0.23522307556419106, ""num_layers"": 5, ""weight_decay"": 0.06110794025732764}","{""time"": 34.71409225463867, ""val_accuracy"": 36.55464553833008, ""val_cross_entropy"": 1.549381136894226, ""val_balanced_accuracy"": 0.5205326676368713, ""test_cross_entropy"": 1.8368191719055176, ""test_balanced_accuracy"": 0.5108240842819214}"
2026-04-06T21:16:34.614077,cats,lcbench,146212,2,33,90.0062484741211,"{""OpenML_task_id"": ""3945"", ""batch_size"": 145, ""epoch"": 49, ""learning_rate"": 0.00014077258696664044, ""max_dropout"": 0.5094537365681112, ""max_units"": 143, ""momentum"": 0.5665668252514101, ""num_layers"": 2, ""weight_decay"": 0.046320338934146485}","{""time"": 90.0062484741211, ""val_accuracy"": 76.46549987792969, ""val_cross_entropy"": 1.119999885559082, ""val_balanced_accuracy"": 0.65189129114151, ""test_cross_entropy"": 1.7700679302215576, ""test_balanced_accuracy"": 0.6554645895957947}"
2026-04-06T21:16:34.614352,cats,lcbench,146212,2,34,34.94975662231445,"{""OpenML_task_id"": ""189906"", ""batch_size"": 23, ""epoch"": 27, ""learning_rate"": 0.01869334475760494, ""max_dropout"": 0.5975710296947745, ""max_units"": 144, ""momentum"": 0.3733163012947486, ""num_layers"": 1, ""weight_decay"": 0.04405835727451821}","{""time"": 34.94975662231445, ""val_accuracy"": 89.64207458496094, ""val_cross_entropy"": 0.5807405114173889, ""val_balanced_accuracy"": 0.644645631313324, ""test_cross_entropy"": 1.5431724786758423, ""test_balanced_accuracy"": 0.6567134857177734}"
2026-04-06T21:16:34.614576,cats,lcbench,146212,2,35,44.34430694580078,"{""OpenML_task_id"": ""189873"", ""batch_size"": 131, ""epoch"": 8, ""learning_rate"": 0.03870917369960961, ""max_dropout"": 0.06378100760780758, ""max_units"": 219, ""momentum"": 0.44738276807987665, ""num_layers"": 3, ""weight_decay"": 0.08657641240140877}","{""time"": 44.34430694580078, ""val_accuracy"": 81.71100616455078, ""val_cross_entropy"": 0.9001780152320862, ""val_balanced_accuracy"": 0.5594810247421265, ""test_cross_entropy"": 1.6536884307861328, ""test_balanced_accuracy"": 0.5669814944267273}"
2026-04-06T21:16:34.614800,cats,lcbench,146212,2,36,37.250633239746094,"{""OpenML_task_id"": ""189866"", ""batch_size"": 48, ""epoch"": 4, ""learning_rate"": 0.0006808231825176618, ""max_dropout"": 0.15477647424035523, ""max_units"": 279, ""momentum"": 0.6474671171210018, ""num_layers"": 3, ""weight_decay"": 0.03463650684299763}","{""time"": 37.250633239746094, ""val_accuracy"": 87.95084381103516, ""val_cross_entropy"": 0.5863347053527832, ""val_balanced_accuracy"": 0.6308232545852661, ""test_cross_entropy"": 1.5347239971160889, ""test_balanced_accuracy"": 0.6339218616485596}"
2026-04-06T21:16:34.615001,cats,lcbench,146212,2,37,90.42040252685547,"{""OpenML_task_id"": ""167152"", ""batch_size"": 257, ""epoch"": 7, ""learning_rate"": 0.0003260174294518336, ""max_dropout"": 0.7482961841766234, ""max_units"": 953, ""momentum"": 0.8854350316641023, ""num_layers"": 4, ""weight_decay"": 0.04060402669562509}","{""time"": 90.42040252685547, ""val_accuracy"": 69.5728530883789, ""val_cross_entropy"": 1.4316461086273193, ""val_balanced_accuracy"": 0.6378368735313416, ""test_cross_entropy"": 1.853355050086975, ""test_balanced_accuracy"": 0.64128178358078}"
2026-04-06T21:16:34.615185,cats,lcbench,146212,2,38,1315.9857177734375,"{""OpenML_task_id"": ""189909"", ""batch_size"": 74, ""epoch"": 45, ""learning_rate"": 0.007522001896333823, ""max_dropout"": 0.9600798287334642, ""max_units"": 824, ""momentum"": 0.9593152459438892, ""num_layers"": 4, ""weight_decay"": 0.03668391264091186}","{""time"": 1315.9857177734375, ""val_accuracy"": 64.34093475341797, ""val_cross_entropy"": 1.6824570894241333, ""val_balanced_accuracy"": 0.12468907237052917, ""test_cross_entropy"": 1.8650689125061035, ""test_balanced_accuracy"": 0.12620869278907776}"
2026-04-06T21:16:34.615365,cats,lcbench,146212,2,39,107.2000732421875,"{""OpenML_task_id"": ""168329"", ""batch_size"": 56, ""epoch"": 46, ""learning_rate"": 0.0009269530215029673, ""max_dropout"": 0.8607520333699592, ""max_units"": 66, ""momentum"": 0.8231297146285542, ""num_layers"": 3, ""weight_decay"": 0.04488721236938956}","{""time"": 107.2000732421875, ""val_accuracy"": 93.75399017333984, ""val_cross_entropy"": 0.5557248592376709, ""val_balanced_accuracy"": 0.5638991594314575, ""test_cross_entropy"": 1.5080053806304932, ""test_balanced_accuracy"": 0.5656129717826843}"
2026-04-06T21:16:34.615590,cats,lcbench,146212,2,40,137.69155883789062,"{""OpenML_task_id"": ""167152"", ""batch_size"": 35, ""epoch"": 34, ""learning_rate"": 0.0005170686188826941, ""max_dropout"": 0.8773527910505994, ""max_units"": 72, ""momentum"": 0.42290159392432347, ""num_layers"": 4, ""weight_decay"": 0.07208486027605387}","{""time"": 137.69155883789062, ""val_accuracy"": 90.96208190917969, ""val_cross_entropy"": 0.975904107093811, ""val_balanced_accuracy"": 0.3022390604019165, ""test_cross_entropy"": 1.7062687873840332, ""test_balanced_accuracy"": 0.2870200276374817}"
2026-04-06T21:16:34.615939,cats,lcbench,146212,2,41,119.69313049316406,"{""OpenML_task_id"": ""168335"", ""batch_size"": 275, ""epoch"": 52, ""learning_rate"": 0.005229771566518523, ""max_dropout"": 0.31159182825130916, ""max_units"": 659, ""momentum"": 0.7182669962951801, ""num_layers"": 3, ""weight_decay"": 0.005302416553206307}","{""time"": 119.69313049316406, ""val_accuracy"": 95.77650451660156, ""val_cross_entropy"": 0.21392498910427094, ""val_balanced_accuracy"": 0.8446227312088013, ""test_cross_entropy"": 1.3026690483093262, ""test_balanced_accuracy"": 0.847262442111969}"
2026-04-06T21:16:34.616189,cats,lcbench,146212,2,42,498.7004699707031,"{""OpenML_task_id"": ""146212"", ""batch_size"": 20, ""epoch"": 23, ""learning_rate"": 0.0252215445330787, ""max_dropout"": 0.6192644178054811, ""max_units"": 530, ""momentum"": 0.7151923986351956, ""num_layers"": 3, ""weight_decay"": 0.02822795086459877}","{""time"": 498.7004699707031, ""val_accuracy"": 71.9775161743164, ""val_cross_entropy"": 1.9254871606826782, ""val_balanced_accuracy"": 0.1576394885778427, ""test_cross_entropy"": 1.6626027822494507, ""test_balanced_accuracy"": 0.157798632979393}"
2026-04-06T21:16:34.616407,cats,lcbench,146212,2,43,84.72120666503906,"{""OpenML_task_id"": ""189906"", ""batch_size"": 53, ""epoch"": 39, ""learning_rate"": 0.0010933407796483714, ""max_dropout"": 0.5940013219489355, ""max_units"": 73, ""momentum"": 0.8697520528366234, ""num_layers"": 2, ""weight_decay"": 0.050596861343389345}","{""time"": 84.72120666503906, ""val_accuracy"": 92.65394592285156, ""val_cross_entropy"": 0.46230775117874146, ""val_balanced_accuracy"": 0.7051180601119995, ""test_cross_entropy"": 1.4803766012191772, ""test_balanced_accuracy"": 0.7075727581977844}"
2026-04-06T21:16:34.616600,cats,lcbench,146212,2,44,28.087570190429688,"{""OpenML_task_id"": ""167168"", ""batch_size"": 120, ""epoch"": 13, ""learning_rate"": 0.0012810519676690652, ""max_dropout"": 0.018763844381881722, ""max_units"": 88, ""momentum"": 0.9328260616748447, ""num_layers"": 3, ""weight_decay"": 0.0031047297061420603}","{""time"": 28.087570190429688, ""val_accuracy"": 94.5455551147461, ""val_cross_entropy"": 0.3369603455066681, ""val_balanced_accuracy"": 0.7950296998023987, ""test_cross_entropy"": 1.3323456048965454, ""test_balanced_accuracy"": 0.7993479371070862}"
2026-04-06T21:16:34.616785,cats,lcbench,146212,2,45,16.35867691040039,"{""OpenML_task_id"": ""167200"", ""batch_size"": 133, ""epoch"": 5, ""learning_rate"": 0.0014252077598622575, ""max_dropout"": 0.39836073623113555, ""max_units"": 221, ""momentum"": 0.8183999577370915, ""num_layers"": 2, ""weight_decay"": 0.07118493836086}","{""time"": 16.35867691040039, ""val_accuracy"": 87.24742889404297, ""val_cross_entropy"": 0.6933345198631287, ""val_balanced_accuracy"": 0.7575078010559082, ""test_cross_entropy"": 1.589542031288147, ""test_balanced_accuracy"": 0.7649970650672913}"
2026-04-06T21:16:34.616970,cats,lcbench,146212,2,46,90.55985260009766,"{""OpenML_task_id"": ""168908"", ""batch_size"": 269, ""epoch"": 19, ""learning_rate"": 0.00014186332668892203, ""max_dropout"": 0.5411748551334652, ""max_units"": 77, ""momentum"": 0.5532944265249033, ""num_layers"": 3, ""weight_decay"": 0.035731168644859604}","{""time"": 90.55985260009766, ""val_accuracy"": 20.04275131225586, ""val_cross_entropy"": 1.8656351566314697, ""val_balanced_accuracy"": 0.39927831292152405, ""test_cross_entropy"": 1.943346381187439, ""test_balanced_accuracy"": 0.39945581555366516}"
2026-04-06T21:16:34.617152,cats,lcbench,146212,2,47,99.3464126586914,"{""OpenML_task_id"": ""126025"", ""batch_size"": 273, ""epoch"": 27, ""learning_rate"": 0.0001721934416832639, ""max_dropout"": 0.36111814815584886, ""max_units"": 173, ""momentum"": 0.5674090779044386, ""num_layers"": 4, ""weight_decay"": 0.04900914217572618}","{""time"": 99.3464126586914, ""val_accuracy"": 24.717084884643555, ""val_cross_entropy"": 1.7962297201156616, ""val_balanced_accuracy"": 0.4487614631652832, ""test_cross_entropy"": 1.9225939512252808, ""test_balanced_accuracy"": 0.44900375604629517}"
2026-04-06T21:16:34.617327,cats,lcbench,146212,2,48,39.64912414550781,"{""OpenML_task_id"": ""168329"", ""batch_size"": 218, ""epoch"": 40, ""learning_rate"": 0.001874005211084364, ""max_dropout"": 0.8463679449130427, ""max_units"": 151, ""momentum"": 0.9806305579803238, ""num_layers"": 1, ""weight_decay"": 0.08259722860770477}","{""time"": 39.64912414550781, ""val_accuracy"": 83.75377655029297, ""val_cross_entropy"": 0.9048730134963989, ""val_balanced_accuracy"": 0.6863486766815186, ""test_cross_entropy"": 1.6998546123504639, ""test_balanced_accuracy"": 0.6926335096359253}"
2026-04-06T21:16:34.617501,cats,lcbench,146212,2,49,30.65618133544922,"{""OpenML_task_id"": ""189354"", ""batch_size"": 141, ""epoch"": 31, ""learning_rate"": 0.0826539249472016, ""max_dropout"": 0.6086185467012768, ""max_units"": 334, ""momentum"": 0.6139878417452269, ""num_layers"": 1, ""weight_decay"": 0.07706482802951542}","{""time"": 30.65618133544922, ""val_accuracy"": 84.11782836914062, ""val_cross_entropy"": 0.8727762699127197, ""val_balanced_accuracy"": 0.6383309960365295, ""test_cross_entropy"": 1.7097132205963135, ""test_balanced_accuracy"": 0.6464926600456238}"
2026-04-06T21:16:34.617688,cats,lcbench,146212,2,50,103.1435546875,"{""OpenML_task_id"": ""167161"", ""batch_size"": 27, ""epoch"": 47, ""learning_rate"": 0.004708528471954297, ""max_dropout"": 0.17339777790545752, ""max_units"": 260, ""momentum"": 0.5795533821487199, ""num_layers"": 3, ""weight_decay"": 0.026970255812152146}","{""time"": 103.1435546875, ""val_accuracy"": 96.61241912841797, ""val_cross_entropy"": 0.2127278447151184, ""val_balanced_accuracy"": 0.7041879892349243, ""test_cross_entropy"": 1.299274206161499, ""test_balanced_accuracy"": 0.7038093209266663}"
2026-04-06T21:16:34.617873,cats,lcbench,146212,2,51,37.468170166015625,"{""OpenML_task_id"": ""189909"", ""batch_size"": 179, ""epoch"": 3, ""learning_rate"": 0.00010394662875074613, ""max_dropout"": 0.9864331760374102, ""max_units"": 476, ""momentum"": 0.7772929309054863, ""num_layers"": 3, ""weight_decay"": 0.07816097386141163}","{""time"": 37.468170166015625, ""val_accuracy"": 11.62395191192627, ""val_cross_entropy"": 2.2201833724975586, ""val_balanced_accuracy"": 0.2723018229007721, ""test_cross_entropy"": 1.9837325811386108, ""test_balanced_accuracy"": 0.26985880732536316}"
2026-04-06T21:16:34.618149,cats,lcbench,146212,2,52,125.95709228515625,"{""OpenML_task_id"": ""167181"", ""batch_size"": 19, ""epoch"": 45, ""learning_rate"": 0.011567960264158442, ""max_dropout"": 0.4675739016084255, ""max_units"": 91, ""momentum"": 0.3123992149626593, ""num_layers"": 2, ""weight_decay"": 0.09943952839754219}","{""time"": 125.95709228515625, ""val_accuracy"": 91.70838165283203, ""val_cross_entropy"": 0.6332667469978333, ""val_balanced_accuracy"": 0.5132010579109192, ""test_cross_entropy"": 1.5540674924850464, ""test_balanced_accuracy"": 0.5170614123344421}"
2026-04-06T21:16:34.618474,cats,lcbench,146212,2,53,59.279083251953125,"{""OpenML_task_id"": ""167185"", ""batch_size"": 18, ""epoch"": 22, ""learning_rate"": 0.0009223748474754193, ""max_dropout"": 0.09201534368749487, ""max_units"": 102, ""momentum"": 0.8658811496226545, ""num_layers"": 4, ""weight_decay"": 0.06803541832956916}","{""time"": 59.279083251953125, ""val_accuracy"": 95.91690826416016, ""val_cross_entropy"": 0.3596639037132263, ""val_balanced_accuracy"": 0.3838723599910736, ""test_cross_entropy"": 1.3763961791992188, ""test_balanced_accuracy"": 0.37119778990745544}"
2026-04-06T21:16:34.618707,cats,lcbench,146212,2,54,77.37374114990234,"{""OpenML_task_id"": ""7593"", ""batch_size"": 95, ""epoch"": 20, ""learning_rate"": 0.0011191593526404585, ""max_dropout"": 0.6005609163774825, ""max_units"": 437, ""momentum"": 0.30363624722262306, ""num_layers"": 3, ""weight_decay"": 0.06100694773214815}","{""time"": 77.37374114990234, ""val_accuracy"": 92.25611114501953, ""val_cross_entropy"": 0.6363855004310608, ""val_balanced_accuracy"": 0.726264238357544, ""test_cross_entropy"": 1.5487338304519653, ""test_balanced_accuracy"": 0.7340071201324463}"
2026-04-06T21:16:34.618908,cats,lcbench,146212,2,55,130.72059631347656,"{""OpenML_task_id"": ""189866"", ""batch_size"": 36, ""epoch"": 44, ""learning_rate"": 0.0005850810932435316, ""max_dropout"": 0.8321937255680891, ""max_units"": 80, ""momentum"": 0.4301214944707423, ""num_layers"": 3, ""weight_decay"": 0.03308189617108506}","{""time"": 130.72059631347656, ""val_accuracy"": 93.4889907836914, ""val_cross_entropy"": 0.6102559566497803, ""val_balanced_accuracy"": 0.5378659963607788, ""test_cross_entropy"": 1.51814866065979, ""test_balanced_accuracy"": 0.5389514565467834}"
2026-04-06T21:16:34.619092,cats,lcbench,146212,2,56,79.71644592285156,"{""OpenML_task_id"": ""34539"", ""batch_size"": 38, ""epoch"": 37, ""learning_rate"": 0.00029709541512456486, ""max_dropout"": 0.6106986805431518, ""max_units"": 73, ""momentum"": 0.8749020147427219, ""num_layers"": 4, ""weight_decay"": 0.08557057641292384}","{""time"": 79.71644592285156, ""val_accuracy"": 94.39672088623047, ""val_cross_entropy"": 0.5807169079780579, ""val_balanced_accuracy"": 0.37475690245628357, ""test_cross_entropy"": 1.5586272478103638, ""test_balanced_accuracy"": 0.3668886125087738}"
2026-04-06T21:16:34.619318,cats,lcbench,146212,2,57,315.54931640625,"{""OpenML_task_id"": ""34539"", ""batch_size"": 376, ""epoch"": 44, ""learning_rate"": 0.0008957893243195143, ""max_dropout"": 0.6874031394772859, ""max_units"": 642, ""momentum"": 0.4515503439068902, ""num_layers"": 3, ""weight_decay"": 0.03183053750742537}","{""time"": 315.54931640625, ""val_accuracy"": 83.17906951904297, ""val_cross_entropy"": 0.9469209909439087, ""val_balanced_accuracy"": 0.7332459092140198, ""test_cross_entropy"": 1.6737295389175415, ""test_balanced_accuracy"": 0.7421963214874268}"
2026-04-06T21:16:34.619617,cats,lcbench,146212,2,58,40.37285232543945,"{""OpenML_task_id"": ""167104"", ""batch_size"": 294, ""epoch"": 10, ""learning_rate"": 0.004286366066607258, ""max_dropout"": 0.1913613890644048, ""max_units"": 145, ""momentum"": 0.1540583931953485, ""num_layers"": 2, ""weight_decay"": 0.044923272453304484}","{""time"": 40.37285232543945, ""val_accuracy"": 83.31816101074219, ""val_cross_entropy"": 0.812755823135376, ""val_balanced_accuracy"": 0.7348854541778564, ""test_cross_entropy"": 1.665650486946106, ""test_balanced_accuracy"": 0.7430546879768372}"
2026-04-06T21:16:34.619860,cats,lcbench,146212,2,59,64.54460906982422,"{""OpenML_task_id"": ""189906"", ""batch_size"": 355, ""epoch"": 36, ""learning_rate"": 0.01443248417858917, ""max_dropout"": 0.9955805328426095, ""max_units"": 68, ""momentum"": 0.5144590046635265, ""num_layers"": 5, ""weight_decay"": 0.01310632204837057}","{""time"": 64.54460906982422, ""val_accuracy"": 77.30180358886719, ""val_cross_entropy"": 0.8191730976104736, ""val_balanced_accuracy"": 0.3439631760120392, ""test_cross_entropy"": 1.798033595085144, ""test_balanced_accuracy"": 0.33809036016464233}"
2026-04-06T21:16:34.620062,cats,lcbench,146212,2,60,77.4992446899414,"{""OpenML_task_id"": ""167190"", ""batch_size"": 266, ""epoch"": 13, ""learning_rate"": 0.040000082596673044, ""max_dropout"": 0.6128261651056889, ""max_units"": 771, ""momentum"": 0.35474425255952535, ""num_layers"": 2, ""weight_decay"": 0.008396848535201942}","{""time"": 77.4992446899414, ""val_accuracy"": 54.21388626098633, ""val_cross_entropy"": 14.209136962890625, ""val_balanced_accuracy"": 0.5996187329292297, ""test_cross_entropy"": 1.511213779449463, ""test_balanced_accuracy"": 0.599399209022522}"
2026-04-06T21:16:34.620253,cats,lcbench,146212,2,61,75.67666625976562,"{""OpenML_task_id"": ""34539"", ""batch_size"": 159, ""epoch"": 7, ""learning_rate"": 0.00011654794065291656, ""max_dropout"": 0.8785803884230259, ""max_units"": 440, ""momentum"": 0.5373178941279251, ""num_layers"": 4, ""weight_decay"": 0.08664518428234268}","{""time"": 75.67666625976562, ""val_accuracy"": 13.088942527770996, ""val_cross_entropy"": 1.9704389572143555, ""val_balanced_accuracy"": 0.29360073804855347, ""test_cross_entropy"": 1.9578564167022705, ""test_balanced_accuracy"": 0.28852397203445435}"
2026-04-06T21:16:34.620433,cats,lcbench,146212,2,62,18.55217742919922,"{""OpenML_task_id"": ""126026"", ""batch_size"": 89, ""epoch"": 34, ""learning_rate"": 0.06473377647106864, ""max_dropout"": 0.25857471552992717, ""max_units"": 225, ""momentum"": 0.34361995497457054, ""num_layers"": 1, ""weight_decay"": 0.008044777653321723}","{""time"": 18.55217742919922, ""val_accuracy"": 90.44583892822266, ""val_cross_entropy"": 0.5300341248512268, ""val_balanced_accuracy"": 0.7225626111030579, ""test_cross_entropy"": 1.4836490154266357, ""test_balanced_accuracy"": 0.7304611206054688}"
2026-04-06T21:16:34.620612,cats,lcbench,146212,2,63,89.65205383300781,"{""OpenML_task_id"": ""189908"", ""batch_size"": 23, ""epoch"": 37, ""learning_rate"": 0.012909850331588878, ""max_dropout"": 0.9543361900171803, ""max_units"": 100, ""momentum"": 0.42542693308632384, ""num_layers"": 4, ""weight_decay"": 0.07297415174197684}","{""time"": 89.65205383300781, ""val_accuracy"": 93.55998992919922, ""val_cross_entropy"": 1.1169006824493408, ""val_balanced_accuracy"": 0.22888906300067902, ""test_cross_entropy"": 1.731360912322998, ""test_balanced_accuracy"": 0.22168868780136108}"
2026-04-06T21:16:34.620805,cats,lcbench,146212,2,64,702.07421875,"{""OpenML_task_id"": ""126029"", ""batch_size"": 57, ""epoch"": 34, ""learning_rate"": 0.03155381619924275, ""max_dropout"": 0.9510046405018263, ""max_units"": 527, ""momentum"": 0.8690404142779522, ""num_layers"": 2, ""weight_decay"": 0.06532046564644037}","{""time"": 702.07421875, ""val_accuracy"": 25.514583587646484, ""val_cross_entropy"": 21.3341064453125, ""val_balanced_accuracy"": 0.2226157933473587, ""test_cross_entropy"": 1.7816293239593506, ""test_balanced_accuracy"": 0.21579007804393768}"
2026-04-06T21:16:34.620995,cats,lcbench,146212,2,65,222.69708251953125,"{""OpenML_task_id"": ""189866"", ""batch_size"": 195, ""epoch"": 44, ""learning_rate"": 0.002036253554598111, ""max_dropout"": 0.6776136276515997, ""max_units"": 630, ""momentum"": 0.37320873393455034, ""num_layers"": 3, ""weight_decay"": 0.07285891227383066}","{""time"": 222.69708251953125, ""val_accuracy"": 89.86599731445312, ""val_cross_entropy"": 0.6787766814231873, ""val_balanced_accuracy"": 0.7569214701652527, ""test_cross_entropy"": 1.5916591882705688, ""test_balanced_accuracy"": 0.7649357914924622}"
2026-04-06T21:16:34.621168,cats,lcbench,146212,2,66,30.803997039794922,"{""OpenML_task_id"": ""189866"", ""batch_size"": 18, ""epoch"": 2, ""learning_rate"": 0.014630939100780104, ""max_dropout"": 0.3612583687312829, ""max_units"": 681, ""momentum"": 0.9418890094858452, ""num_layers"": 5, ""weight_decay"": 0.00012428241698330428}","{""time"": 30.803997039794922, ""val_accuracy"": 56.571929931640625, ""val_cross_entropy"": 0.529697060585022, ""val_balanced_accuracy"": 0.37574175000190735, ""test_cross_entropy"": 1.4897383451461792, ""test_balanced_accuracy"": 0.379830926656723}"
2026-04-06T21:16:34.621340,cats,lcbench,146212,2,67,25.920562744140625,"{""OpenML_task_id"": ""189908"", ""batch_size"": 33, ""epoch"": 6, ""learning_rate"": 0.002195578060496982, ""max_dropout"": 0.37638755667695956, ""max_units"": 93, ""momentum"": 0.6917046812377002, ""num_layers"": 2, ""weight_decay"": 0.0592233303308766}","{""time"": 25.920562744140625, ""val_accuracy"": 91.60174560546875, ""val_cross_entropy"": 0.4783042371273041, ""val_balanced_accuracy"": 0.6455586552619934, ""test_cross_entropy"": 1.4676998853683472, ""test_balanced_accuracy"": 0.6503203511238098}"
2026-04-06T21:16:34.621509,cats,lcbench,146212,2,68,131.53079223632812,"{""OpenML_task_id"": ""126029"", ""batch_size"": 262, ""epoch"": 41, ""learning_rate"": 0.0008665458195836191, ""max_dropout"": 0.06090410555268855, ""max_units"": 400, ""momentum"": 0.33461066392291916, ""num_layers"": 3, ""weight_decay"": 0.005105307675197082}","{""time"": 131.53079223632812, ""val_accuracy"": 90.18434143066406, ""val_cross_entropy"": 0.6604968905448914, ""val_balanced_accuracy"": 0.765159010887146, ""test_cross_entropy"": 1.5622532367706299, ""test_balanced_accuracy"": 0.7714971303939819}"
2026-04-06T21:16:34.621682,cats,lcbench,146212,2,69,23.714508056640625,"{""OpenML_task_id"": ""167201"", ""batch_size"": 19, ""epoch"": 11, ""learning_rate"": 0.00013309987198652223, ""max_dropout"": 0.19616594140497878, ""max_units"": 505, ""momentum"": 0.9357537779077904, ""num_layers"": 1, ""weight_decay"": 0.02933280800158707}","{""time"": 23.714508056640625, ""val_accuracy"": 92.11158752441406, ""val_cross_entropy"": 0.5134087204933167, ""val_balanced_accuracy"": 0.6718280911445618, ""test_cross_entropy"": 1.515006184577942, ""test_balanced_accuracy"": 0.6781662106513977}"
2026-04-06T21:16:34.621854,cats,lcbench,146212,2,70,12.960351943969727,"{""OpenML_task_id"": ""189906"", ""batch_size"": 78, ""epoch"": 4, ""learning_rate"": 0.01285109746666988, ""max_dropout"": 0.025717968284346915, ""max_units"": 322, ""momentum"": 0.31313358533970087, ""num_layers"": 2, ""weight_decay"": 0.035875127320050104}","{""time"": 12.960351943969727, ""val_accuracy"": 92.4347152709961, ""val_cross_entropy"": 0.43396684527397156, ""val_balanced_accuracy"": 0.7600767612457275, ""test_cross_entropy"": 1.4356272220611572, ""test_balanced_accuracy"": 0.7639821767807007}"
2026-04-06T21:16:34.622038,cats,lcbench,146212,2,71,47.82490539550781,"{""OpenML_task_id"": ""3945"", ""batch_size"": 407, ""epoch"": 11, ""learning_rate"": 0.006424433441853577, ""max_dropout"": 0.10735760255488735, ""max_units"": 275, ""momentum"": 0.19959439213068353, ""num_layers"": 2, ""weight_decay"": 0.07389251226113262}","{""time"": 47.82490539550781, ""val_accuracy"": 84.77498626708984, ""val_cross_entropy"": 0.7609499096870422, ""val_balanced_accuracy"": 0.748054563999176, ""test_cross_entropy"": 1.6690882444381714, ""test_balanced_accuracy"": 0.7569229006767273}"
2026-04-06T21:16:34.622208,cats,lcbench,146212,2,72,41.55815124511719,"{""OpenML_task_id"": ""168910"", ""batch_size"": 45, ""epoch"": 39, ""learning_rate"": 0.00019140449906298717, ""max_dropout"": 0.7223783675215115, ""max_units"": 86, ""momentum"": 0.7121143328957509, ""num_layers"": 1, ""weight_decay"": 0.011770921709281948}","{""time"": 41.55815124511719, ""val_accuracy"": 87.41732788085938, ""val_cross_entropy"": 0.7864731550216675, ""val_balanced_accuracy"": 0.6834968328475952, ""test_cross_entropy"": 1.5911893844604492, ""test_balanced_accuracy"": 0.6892939209938049}"
2026-04-06T21:16:34.622376,cats,lcbench,146212,2,73,30.148597717285156,"{""OpenML_task_id"": ""167190"", ""batch_size"": 55, ""epoch"": 52, ""learning_rate"": 0.004245013311843414, ""max_dropout"": 0.4344856284512649, ""max_units"": 273, ""momentum"": 0.758483100035102, ""num_layers"": 1, ""weight_decay"": 0.007673715713577083}","{""time"": 30.148597717285156, ""val_accuracy"": 91.89959716796875, ""val_cross_entropy"": 0.48391589522361755, ""val_balanced_accuracy"": 0.7439481019973755, ""test_cross_entropy"": 1.4721742868423462, ""test_balanced_accuracy"": 0.7485584020614624}"
2026-04-06T21:16:34.622546,cats,lcbench,146212,2,74,95.71800231933594,"{""OpenML_task_id"": ""167152"", ""batch_size"": 85, ""epoch"": 28, ""learning_rate"": 0.06943870300248141, ""max_dropout"": 0.8181142794433394, ""max_units"": 110, ""momentum"": 0.4291248507986877, ""num_layers"": 4, ""weight_decay"": 0.06654881822593026}","{""time"": 95.71800231933594, ""val_accuracy"": 61.631309509277344, ""val_cross_entropy"": 1.6459591388702393, ""val_balanced_accuracy"": 0.12294714897871017, ""test_cross_entropy"": 1.9536887407302856, ""test_balanced_accuracy"": 0.12207439541816711}"
2026-04-06T21:16:34.622717,cats,lcbench,146212,2,75,40.869285583496094,"{""OpenML_task_id"": ""189908"", ""batch_size"": 25, ""epoch"": 22, ""learning_rate"": 0.01792635066858795, ""max_dropout"": 0.6989776046874312, ""max_units"": 75, ""momentum"": 0.2997786430087547, ""num_layers"": 1, ""weight_decay"": 0.08533114869878186}","{""time"": 40.869285583496094, ""val_accuracy"": 87.8700180053711, ""val_cross_entropy"": 0.6953835487365723, ""val_balanced_accuracy"": 0.6061166524887085, ""test_cross_entropy"": 1.6163643598556519, ""test_balanced_accuracy"": 0.6220663189888}"
2026-04-06T21:16:34.622885,cats,lcbench,146212,2,76,61.6064567565918,"{""OpenML_task_id"": ""189865"", ""batch_size"": 75, ""epoch"": 52, ""learning_rate"": 0.00015713674755332243, ""max_dropout"": 0.5568970374597171, ""max_units"": 983, ""momentum"": 0.38319300389324973, ""num_layers"": 1, ""weight_decay"": 0.030941527298322596}","{""time"": 61.6064567565918, ""val_accuracy"": 83.27716827392578, ""val_cross_entropy"": 1.0472753047943115, ""val_balanced_accuracy"": 0.627760112285614, ""test_cross_entropy"": 1.786634087562561, ""test_balanced_accuracy"": 0.6249204277992249}"
2026-04-06T21:16:34.623054,cats,lcbench,146212,2,77,55.83195495605469,"{""OpenML_task_id"": ""189906"", ""batch_size"": 16, ""epoch"": 1, ""learning_rate"": 0.00498825918376746, ""max_dropout"": 0.5627456152382906, ""max_units"": 99, ""momentum"": 0.6725995850189018, ""num_layers"": 4, ""weight_decay"": 0.015132315656475881}","{""time"": 55.83195495605469, ""val_accuracy"": 0.0814148336648941, ""val_cross_entropy"": 2.289673089981079, ""val_balanced_accuracy"": 0.02273421920835972, ""test_cross_entropy"": 1.9931777715682983, ""test_balanced_accuracy"": 0.022224489599466324}"
2026-04-06T21:16:34.623230,cats,lcbench,146212,2,78,652.0587158203125,"{""OpenML_task_id"": ""167168"", ""batch_size"": 20, ""epoch"": 34, ""learning_rate"": 0.008664944818610873, ""max_dropout"": 0.9085416167737951, ""max_units"": 682, ""momentum"": 0.3120794648703696, ""num_layers"": 4, ""weight_decay"": 0.0014914896255446323}","{""time"": 652.0587158203125, ""val_accuracy"": 83.13211822509766, ""val_cross_entropy"": 0.8316994309425354, ""val_balanced_accuracy"": 0.3005386292934418, ""test_cross_entropy"": 1.4922654628753662, ""test_balanced_accuracy"": 0.3005879521369934}"
2026-04-06T21:16:34.623399,cats,lcbench,146212,2,79,115.39676666259766,"{""OpenML_task_id"": ""189866"", ""batch_size"": 278, ""epoch"": 46, ""learning_rate"": 0.03254885859470551, ""max_dropout"": 0.5388541785300628, ""max_units"": 455, ""momentum"": 0.31968606257627386, ""num_layers"": 5, ""weight_decay"": 0.04584700270326807}","{""time"": 115.39676666259766, ""val_accuracy"": 94.88301849365234, ""val_cross_entropy"": 0.6532616019248962, ""val_balanced_accuracy"": 0.7035999894142151, ""test_cross_entropy"": 1.5136812925338745, ""test_balanced_accuracy"": 0.7065127491950989}"
2026-04-06T21:16:34.623567,cats,lcbench,146212,2,80,168.28762817382812,"{""OpenML_task_id"": ""168868"", ""batch_size"": 114, ""epoch"": 51, ""learning_rate"": 0.0018929544388230945, ""max_dropout"": 0.8175933998959458, ""max_units"": 306, ""momentum"": 0.8793900471725358, ""num_layers"": 5, ""weight_decay"": 0.0898961128555353}","{""time"": 168.28762817382812, ""val_accuracy"": 93.15328979492188, ""val_cross_entropy"": 1.162136197090149, ""val_balanced_accuracy"": 0.4133482575416565, ""test_cross_entropy"": 1.7078036069869995, ""test_balanced_accuracy"": 0.40450072288513184}"
2026-04-06T21:16:34.623736,cats,lcbench,146212,2,81,204.6359100341797,"{""OpenML_task_id"": ""167201"", ""batch_size"": 181, ""epoch"": 33, ""learning_rate"": 0.013449153245977208, ""max_dropout"": 0.8969348404727864, ""max_units"": 145, ""momentum"": 0.9004586802368353, ""num_layers"": 5, ""weight_decay"": 0.07188752831654659}","{""time"": 204.6359100341797, ""val_accuracy"": 70.48417663574219, ""val_cross_entropy"": 1.270259141921997, ""val_balanced_accuracy"": 0.1687767207622528, ""test_cross_entropy"": 1.8463072776794434, ""test_balanced_accuracy"": 0.1649031788110733}"
2026-04-06T21:16:34.623907,cats,lcbench,146212,2,82,32.481544494628906,"{""OpenML_task_id"": ""189908"", ""batch_size"": 18, ""epoch"": 5, ""learning_rate"": 0.005876045789801416, ""max_dropout"": 0.9276514787673116, ""max_units"": 90, ""momentum"": 0.12790739311706856, ""num_layers"": 3, ""weight_decay"": 0.06466594492163122}","{""time"": 32.481544494628906, ""val_accuracy"": 91.2968521118164, ""val_cross_entropy"": 0.5838962197303772, ""val_balanced_accuracy"": 0.4256778061389923, ""test_cross_entropy"": 1.5731053352355957, ""test_balanced_accuracy"": 0.4238629937171936}"
2026-04-06T21:16:34.624079,cats,lcbench,146212,2,83,83.22493743896484,"{""OpenML_task_id"": ""146212"", ""batch_size"": 404, ""epoch"": 20, ""learning_rate"": 0.010026133203180562, ""max_dropout"": 0.452366508221149, ""max_units"": 233, ""momentum"": 0.13563455097039548, ""num_layers"": 2, ""weight_decay"": 0.09231307585672616}","{""time"": 83.22493743896484, ""val_accuracy"": 83.96041870117188, ""val_cross_entropy"": 0.7798493504524231, ""val_balanced_accuracy"": 0.727535605430603, ""test_cross_entropy"": 1.708556056022644, ""test_balanced_accuracy"": 0.7384487390518188}"
2026-04-06T21:16:34.624248,cats,lcbench,146212,2,84,74.12183380126953,"{""OpenML_task_id"": ""167185"", ""batch_size"": 121, ""epoch"": 50, ""learning_rate"": 0.022484371821224917, ""max_dropout"": 0.5976364936891106, ""max_units"": 75, ""momentum"": 0.23214014898923152, ""num_layers"": 5, ""weight_decay"": 0.09232838492306567}","{""time"": 74.12183380126953, ""val_accuracy"": 92.90913391113281, ""val_cross_entropy"": 0.937694251537323, ""val_balanced_accuracy"": 0.35877537727355957, ""test_cross_entropy"": 1.6740822792053223, ""test_balanced_accuracy"": 0.3608452081680298}"
2026-04-06T21:16:34.624433,cats,lcbench,146212,2,85,24.085437774658203,"{""OpenML_task_id"": ""167149"", ""batch_size"": 84, ""epoch"": 46, ""learning_rate"": 0.004633866049138169, ""max_dropout"": 0.5661313429999532, ""max_units"": 156, ""momentum"": 0.5789594318836396, ""num_layers"": 1, ""weight_decay"": 0.0033033098405822574}","{""time"": 24.085437774658203, ""val_accuracy"": 90.40858459472656, ""val_cross_entropy"": 0.5714459419250488, ""val_balanced_accuracy"": 0.7524405121803284, ""test_cross_entropy"": 1.5018671751022339, ""test_balanced_accuracy"": 0.7615699768066406}"
2026-04-06T21:16:34.624600,cats,lcbench,146212,2,86,141.23350524902344,"{""OpenML_task_id"": ""126026"", ""batch_size"": 109, ""epoch"": 21, ""learning_rate"": 0.001274292726304414, ""max_dropout"": 0.12138014155768506, ""max_units"": 866, ""momentum"": 0.5241029417466517, ""num_layers"": 5, ""weight_decay"": 0.029342705935554703}","{""time"": 141.23350524902344, ""val_accuracy"": 96.56341552734375, ""val_cross_entropy"": 0.34335607290267944, ""val_balanced_accuracy"": 0.8369317054748535, ""test_cross_entropy"": 1.3925223350524902, ""test_balanced_accuracy"": 0.834639310836792}"
2026-04-06T21:16:34.624764,cats,lcbench,146212,2,87,94.93569946289062,"{""OpenML_task_id"": ""167149"", ""batch_size"": 321, ""epoch"": 43, ""learning_rate"": 0.000255038527456101, ""max_dropout"": 0.850142033553715, ""max_units"": 147, ""momentum"": 0.5800439303396437, ""num_layers"": 2, ""weight_decay"": 0.05532553446388745}","{""time"": 94.93569946289062, ""val_accuracy"": 63.8427848815918, ""val_cross_entropy"": 1.43173348903656, ""val_balanced_accuracy"": 0.6332982182502747, ""test_cross_entropy"": 1.838667869567871, ""test_balanced_accuracy"": 0.6382542848587036}"
2026-04-06T21:16:34.624928,cats,lcbench,146212,2,88,53.763954162597656,"{""OpenML_task_id"": ""146212"", ""batch_size"": 142, ""epoch"": 22, ""learning_rate"": 0.0002374281701054978, ""max_dropout"": 0.6049446189372186, ""max_units"": 114, ""momentum"": 0.44455161641843255, ""num_layers"": 2, ""weight_decay"": 0.0033563698066778496}","{""time"": 53.763954162597656, ""val_accuracy"": 70.79717254638672, ""val_cross_entropy"": 1.213774561882019, ""val_balanced_accuracy"": 0.6058173179626465, ""test_cross_entropy"": 1.7741998434066772, ""test_balanced_accuracy"": 0.6129023432731628}"
2026-04-06T21:16:34.625091,cats,lcbench,146212,2,89,43.19805145263672,"{""OpenML_task_id"": ""168329"", ""batch_size"": 20, ""epoch"": 7, ""learning_rate"": 0.0026250487483285997, ""max_dropout"": 0.0835661937329617, ""max_units"": 94, ""momentum"": 0.6169709215986341, ""num_layers"": 3, ""weight_decay"": 0.089685866195676}","{""time"": 43.19805145263672, ""val_accuracy"": 91.79168701171875, ""val_cross_entropy"": 0.4530882239341736, ""val_balanced_accuracy"": 0.42355912923812866, ""test_cross_entropy"": 1.4812934398651123, ""test_balanced_accuracy"": 0.42145097255706787}"
2026-04-06T21:16:34.625257,cats,lcbench,146212,2,90,128.5061798095703,"{""OpenML_task_id"": ""168908"", ""batch_size"": 43, ""epoch"": 49, ""learning_rate"": 0.07019066307932269, ""max_dropout"": 0.9217103230174631, ""max_units"": 148, ""momentum"": 0.7599955142029008, ""num_layers"": 4, ""weight_decay"": 0.006362745085177213}","{""time"": 128.5061798095703, ""val_accuracy"": 49.602882385253906, ""val_cross_entropy"": 0.5183329582214355, ""val_balanced_accuracy"": 0.3867267072200775, ""test_cross_entropy"": 1.6570979356765747, ""test_balanced_accuracy"": 0.3548458516597748}"
2026-04-06T21:16:34.625421,cats,lcbench,146212,2,91,27.377784729003906,"{""OpenML_task_id"": ""126026"", ""batch_size"": 27, ""epoch"": 27, ""learning_rate"": 0.013298851202734063, ""max_dropout"": 0.5893362943539043, ""max_units"": 262, ""momentum"": 0.2948740898652591, ""num_layers"": 1, ""weight_decay"": 0.013299662434647388}","{""time"": 27.377784729003906, ""val_accuracy"": 91.59754943847656, ""val_cross_entropy"": 0.49827131628990173, ""val_balanced_accuracy"": 0.7027241587638855, ""test_cross_entropy"": 1.4668574333190918, ""test_balanced_accuracy"": 0.7151586413383484}"
2026-04-06T21:16:34.625597,cats,lcbench,146212,2,92,32.80924606323242,"{""OpenML_task_id"": ""167181"", ""batch_size"": 393, ""epoch"": 13, ""learning_rate"": 0.047868642713111524, ""max_dropout"": 0.7513965582278928, ""max_units"": 257, ""momentum"": 0.558268526132743, ""num_layers"": 1, ""weight_decay"": 0.0729842570317057}","{""time"": 32.80924606323242, ""val_accuracy"": 81.15217590332031, ""val_cross_entropy"": 0.937364399433136, ""val_balanced_accuracy"": 0.6580036878585815, ""test_cross_entropy"": 1.7473790645599365, ""test_balanced_accuracy"": 0.669023871421814}"
2026-04-06T21:16:34.625762,cats,lcbench,146212,2,93,13.255979537963867,"{""OpenML_task_id"": ""168329"", ""batch_size"": 117, ""epoch"": 2, ""learning_rate"": 0.005156891019632498, ""max_dropout"": 0.09075569899014369, ""max_units"": 78, ""momentum"": 0.3501946715617227, ""num_layers"": 3, ""weight_decay"": 0.09527485958265243}","{""time"": 13.255979537963867, ""val_accuracy"": 49.0572624206543, ""val_cross_entropy"": 1.5251259803771973, ""val_balanced_accuracy"": 0.46124204993247986, ""test_cross_entropy"": 1.888818621635437, ""test_balanced_accuracy"": 0.4672793447971344}"
2026-04-06T21:16:34.625930,cats,lcbench,146212,2,94,122.27429962158203,"{""OpenML_task_id"": ""34539"", ""batch_size"": 136, ""epoch"": 25, ""learning_rate"": 0.006563931527017849, ""max_dropout"": 0.054187789051204804, ""max_units"": 575, ""momentum"": 0.9048607704243753, ""num_layers"": 3, ""weight_decay"": 0.06367031230199169}","{""time"": 122.27429962158203, ""val_accuracy"": 92.8095932006836, ""val_cross_entropy"": 0.4245088994503021, ""val_balanced_accuracy"": 0.7123202681541443, ""test_cross_entropy"": 1.5074717998504639, ""test_balanced_accuracy"": 0.7161742448806763}"
2026-04-06T21:16:34.626099,cats,lcbench,146212,2,95,33.74911880493164,"{""OpenML_task_id"": ""189906"", ""batch_size"": 22, ""epoch"": 18, ""learning_rate"": 0.004764479800362829, ""max_dropout"": 0.550046339699302, ""max_units"": 176, ""momentum"": 0.39910000128504464, ""num_layers"": 5, ""weight_decay"": 0.029301593967630546}","{""time"": 33.74911880493164, ""val_accuracy"": 97.31594848632812, ""val_cross_entropy"": 0.2980722486972809, ""val_balanced_accuracy"": 0.5752602219581604, ""test_cross_entropy"": 1.2411510944366455, ""test_balanced_accuracy"": 0.5629116296768188}"
2026-04-06T21:16:34.626255,cats,lcbench,146212,2,96,99.060546875,"{""OpenML_task_id"": ""167200"", ""batch_size"": 218, ""epoch"": 31, ""learning_rate"": 0.00013428639322175353, ""max_dropout"": 0.37852093504332895, ""max_units"": 386, ""momentum"": 0.984512663782876, ""num_layers"": 5, ""weight_decay"": 0.04085518698359606}","{""time"": 99.060546875, ""val_accuracy"": 81.72628021240234, ""val_cross_entropy"": 1.346911072731018, ""val_balanced_accuracy"": 0.6662871837615967, ""test_cross_entropy"": 1.8032602071762085, ""test_balanced_accuracy"": 0.6662020683288574}"
2026-04-06T21:16:34.626412,cats,lcbench,146212,2,97,300.1404113769531,"{""OpenML_task_id"": ""168329"", ""batch_size"": 213, ""epoch"": 20, ""learning_rate"": 0.006386182865523924, ""max_dropout"": 0.5419073899448045, ""max_units"": 768, ""momentum"": 0.9622946832417312, ""num_layers"": 3, ""weight_decay"": 0.03211272927368871}","{""time"": 300.1404113769531, ""val_accuracy"": 67.92854309082031, ""val_cross_entropy"": 1.8539258241653442, ""val_balanced_accuracy"": 0.3799736797809601, ""test_cross_entropy"": 1.6624268293380737, ""test_balanced_accuracy"": 0.3919590711593628}"
2026-04-06T21:16:34.626568,cats,lcbench,146212,2,98,250.03289794921875,"{""OpenML_task_id"": ""7593"", ""batch_size"": 52, ""epoch"": 31, ""learning_rate"": 0.004754235281360297, ""max_dropout"": 0.7367689299318648, ""max_units"": 960, ""momentum"": 0.7070730284711709, ""num_layers"": 3, ""weight_decay"": 0.0897373038807833}","{""time"": 250.03289794921875, ""val_accuracy"": 93.41377258300781, ""val_cross_entropy"": 0.4179456830024719, ""val_balanced_accuracy"": 0.596409022808075, ""test_cross_entropy"": 1.5046204328536987, ""test_balanced_accuracy"": 0.6042063236236572}"
2026-04-06T21:16:34.626738,cats,lcbench,146212,2,99,360.41082763671875,"{""OpenML_task_id"": ""189905"", ""batch_size"": 333, ""epoch"": 29, ""learning_rate"": 0.044480511075194844, ""max_dropout"": 0.004448006571848628, ""max_units"": 698, ""momentum"": 0.5685146590222984, ""num_layers"": 3, ""weight_decay"": 0.02495762262425168}","{""time"": 360.41082763671875, ""val_accuracy"": 83.68319702148438, ""val_cross_entropy"": 0.711585521697998, ""val_balanced_accuracy"": 0.5468428134918213, ""test_cross_entropy"": 1.5639175176620483, ""test_balanced_accuracy"": 0.5523272156715393}"
2026-04-06T21:16:34.626895,cats,lcbench,146212,2,100,206.5435333251953,"{""OpenML_task_id"": ""167161"", ""batch_size"": 93, ""epoch"": 36, ""learning_rate"": 0.022240759202155912, ""max_dropout"": 0.23818547844996507, ""max_units"": 432, ""momentum"": 0.6606099046976337, ""num_layers"": 3, ""weight_decay"": 0.00979323792055052}","{""time"": 206.5435333251953, ""val_accuracy"": 87.02405548095703, ""val_cross_entropy"": 0.5971089601516724, ""val_balanced_accuracy"": 0.5834227800369263, ""test_cross_entropy"": 1.434591293334961, ""test_balanced_accuracy"": 0.5867326855659485}"
2026-04-06T21:16:34.627050,cats,lcbench,146212,2,101,29.93384552001953,"{""OpenML_task_id"": ""167201"", ""batch_size"": 28, ""epoch"": 1, ""learning_rate"": 0.003760180412544677, ""max_dropout"": 0.44063470939268234, ""max_units"": 565, ""momentum"": 0.9849591416088553, ""num_layers"": 3, ""weight_decay"": 0.023137255554576214}","{""time"": 29.93384552001953, ""val_accuracy"": 1.5824538469314575, ""val_cross_entropy"": 1.834298849105835, ""val_balanced_accuracy"": 0.08083289116621017, ""test_cross_entropy"": 1.9231855869293213, ""test_balanced_accuracy"": 0.08126480877399445}"
2026-04-06T21:16:34.627207,cats,lcbench,146212,2,102,15.789731979370117,"{""OpenML_task_id"": ""189905"", ""batch_size"": 52, ""epoch"": 1, ""learning_rate"": 0.013502780028404087, ""max_dropout"": 0.395224308369054, ""max_units"": 168, ""momentum"": 0.46871384728539944, ""num_layers"": 5, ""weight_decay"": 0.06277901920613428}","{""time"": 15.789731979370117, ""val_accuracy"": 0.3798367381095886, ""val_cross_entropy"": 2.2498364448547363, ""val_balanced_accuracy"": 0.05057794973254204, ""test_cross_entropy"": 1.9217991828918457, ""test_balanced_accuracy"": 0.05065692216157913}"
2026-04-06T21:16:34.627363,cats,lcbench,146212,2,103,78.03472137451172,"{""OpenML_task_id"": ""7593"", ""batch_size"": 79, ""epoch"": 36, ""learning_rate"": 0.00550933251934671, ""max_dropout"": 0.28807548846756903, ""max_units"": 77, ""momentum"": 0.15547998974788518, ""num_layers"": 2, ""weight_decay"": 0.07050075595769534}","{""time"": 78.03472137451172, ""val_accuracy"": 92.05011749267578, ""val_cross_entropy"": 0.599850594997406, ""val_balanced_accuracy"": 0.6836076974868774, ""test_cross_entropy"": 1.5644129514694214, ""test_balanced_accuracy"": 0.6892439723014832}"
2026-04-06T21:16:34.627521,cats,lcbench,146212,2,104,492.6401062011719,"{""OpenML_task_id"": ""189906"", ""batch_size"": 74, ""epoch"": 35, ""learning_rate"": 0.00013931511105080821, ""max_dropout"": 0.41941112729274255, ""max_units"": 970, ""momentum"": 0.6038157966591492, ""num_layers"": 5, ""weight_decay"": 0.016810392253463757}","{""time"": 492.6401062011719, ""val_accuracy"": 91.69019317626953, ""val_cross_entropy"": 0.5971603393554688, ""val_balanced_accuracy"": 0.7037663459777832, ""test_cross_entropy"": 1.5740355253219604, ""test_balanced_accuracy"": 0.697848916053772}"
2026-04-06T21:16:34.627691,cats,lcbench,146212,2,105,41.35177230834961,"{""OpenML_task_id"": ""167200"", ""batch_size"": 180, ""epoch"": 18, ""learning_rate"": 0.0010052949900237545, ""max_dropout"": 0.9765790529071535, ""max_units"": 303, ""momentum"": 0.39976800353649344, ""num_layers"": 3, ""weight_decay"": 0.08714024763213754}","{""time"": 41.35177230834961, ""val_accuracy"": 79.26261138916016, ""val_cross_entropy"": 1.524825930595398, ""val_balanced_accuracy"": 0.5518512725830078, ""test_cross_entropy"": 1.8533365726470947, ""test_balanced_accuracy"": 0.5518133640289307}"
2026-04-06T21:16:34.627862,cats,lcbench,146212,2,106,215.34544372558594,"{""OpenML_task_id"": ""189909"", ""batch_size"": 80, ""epoch"": 21, ""learning_rate"": 0.0009133104865743074, ""max_dropout"": 0.47501080198429146, ""max_units"": 896, ""momentum"": 0.46361958331505515, ""num_layers"": 5, ""weight_decay"": 0.009428304162935044}","{""time"": 215.34544372558594, ""val_accuracy"": 95.94654846191406, ""val_cross_entropy"": 0.2994307279586792, ""val_balanced_accuracy"": 0.8317422270774841, ""test_cross_entropy"": 1.3653439283370972, ""test_balanced_accuracy"": 0.8304962515830994}"
2026-04-06T21:16:34.628037,cats,lcbench,146212,2,107,102.20368194580078,"{""OpenML_task_id"": ""168910"", ""batch_size"": 31, ""epoch"": 35, ""learning_rate"": 0.00015028086080939607, ""max_dropout"": 0.8025356816575411, ""max_units"": 623, ""momentum"": 0.1007273047383661, ""num_layers"": 2, ""weight_decay"": 0.0813994920359463}","{""time"": 102.20368194580078, ""val_accuracy"": 93.71751403808594, ""val_cross_entropy"": 0.5599143505096436, ""val_balanced_accuracy"": 0.6878479719161987, ""test_cross_entropy"": 1.5163884162902832, ""test_balanced_accuracy"": 0.6938314437866211}"
2026-04-06T21:16:34.628194,cats,lcbench,146212,2,108,27.486553192138672,"{""OpenML_task_id"": ""189908"", ""batch_size"": 277, ""epoch"": 12, ""learning_rate"": 0.04808240595126751, ""max_dropout"": 0.4401418654049205, ""max_units"": 354, ""momentum"": 0.6216563253697672, ""num_layers"": 1, ""weight_decay"": 0.045037838884384826}","{""time"": 27.486553192138672, ""val_accuracy"": 82.60042572021484, ""val_cross_entropy"": 0.9127371907234192, ""val_balanced_accuracy"": 0.6553083658218384, ""test_cross_entropy"": 1.681489109992981, ""test_balanced_accuracy"": 0.6650302410125732}"
2026-04-06T21:16:34.628359,cats,lcbench,146212,2,109,78.77239227294922,"{""OpenML_task_id"": ""168331"", ""batch_size"": 31, ""epoch"": 35, ""learning_rate"": 0.00040552665412144334, ""max_dropout"": 0.26985417264606815, ""max_units"": 110, ""momentum"": 0.4243834563141977, ""num_layers"": 2, ""weight_decay"": 0.05410494879436712}","{""time"": 78.77239227294922, ""val_accuracy"": 94.41544342041016, ""val_cross_entropy"": 0.4476666748523712, ""val_balanced_accuracy"": 0.6741552948951721, ""test_cross_entropy"": 1.4681386947631836, ""test_balanced_accuracy"": 0.6821033358573914}"
2026-04-06T21:16:34.628530,cats,lcbench,146212,2,110,138.15032958984375,"{""OpenML_task_id"": ""167185"", ""batch_size"": 27, ""epoch"": 46, ""learning_rate"": 0.0003585158805031065, ""max_dropout"": 0.3053593624580747, ""max_units"": 85, ""momentum"": 0.498105150245158, ""num_layers"": 4, ""weight_decay"": 0.007886479264113422}","{""time"": 138.15032958984375, ""val_accuracy"": 97.19685363769531, ""val_cross_entropy"": 0.2818712890148163, ""val_balanced_accuracy"": 0.7165199518203735, ""test_cross_entropy"": 1.3311514854431152, ""test_balanced_accuracy"": 0.7119929194450378}"
2026-04-06T21:16:34.628693,cats,lcbench,146212,2,111,489.83721923828125,"{""OpenML_task_id"": ""167200"", ""batch_size"": 48, ""epoch"": 20, ""learning_rate"": 0.04878065219920929, ""max_dropout"": 0.8181092974952405, ""max_units"": 760, ""momentum"": 0.12140263571447225, ""num_layers"": 3, ""weight_decay"": 0.007124048005987158}","{""time"": 489.83721923828125, ""val_accuracy"": 46.06842041015625, ""val_cross_entropy"": 5.522404670715332, ""val_balanced_accuracy"": 0.1687699556350708, ""test_cross_entropy"": 1.6528031826019287, ""test_balanced_accuracy"": 0.1615666002035141}"
2026-04-06T21:16:34.628852,cats,lcbench,146212,2,112,99.19860076904297,"{""OpenML_task_id"": ""168329"", ""batch_size"": 31, ""epoch"": 20, ""learning_rate"": 0.0562627882582439, ""max_dropout"": 0.08286902456957135, ""max_units"": 158, ""momentum"": 0.5311046035317197, ""num_layers"": 5, ""weight_decay"": 0.004587738917234944}","{""time"": 99.19860076904297, ""val_accuracy"": 81.51766967773438, ""val_cross_entropy"": 0.43796005845069885, ""val_balanced_accuracy"": 0.36625656485557556, ""test_cross_entropy"": 1.2882158756256104, ""test_balanced_accuracy"": 0.338815301656723}"
2026-04-06T21:16:34.629043,cats,lcbench,146212,2,113,59.00297927856445,"{""OpenML_task_id"": ""167200"", ""batch_size"": 68, ""epoch"": 50, ""learning_rate"": 0.0020779095768113653, ""max_dropout"": 0.44370398784643184, ""max_units"": 756, ""momentum"": 0.9457256454383883, ""num_layers"": 2, ""weight_decay"": 0.005859297232064411}","{""time"": 59.00297927856445, ""val_accuracy"": 96.23062896728516, ""val_cross_entropy"": 0.22396454215049744, ""val_balanced_accuracy"": 0.832383394241333, ""test_cross_entropy"": 1.2887160778045654, ""test_balanced_accuracy"": 0.8313013315200806}"
2026-04-06T21:16:34.629203,cats,lcbench,146212,2,114,210.2402801513672,"{""OpenML_task_id"": ""167149"", ""batch_size"": 38, ""epoch"": 30, ""learning_rate"": 0.0015555924216015852, ""max_dropout"": 0.27244554603818083, ""max_units"": 659, ""momentum"": 0.1651023990471326, ""num_layers"": 5, ""weight_decay"": 0.03822299148420882}","{""time"": 210.2402801513672, ""val_accuracy"": 97.81130981445312, ""val_cross_entropy"": 0.26176750659942627, ""val_balanced_accuracy"": 0.6756356954574585, ""test_cross_entropy"": 1.3075789213180542, ""test_balanced_accuracy"": 0.6623705625534058}"
2026-04-06T21:16:34.629362,cats,lcbench,146212,2,115,59.01134490966797,"{""OpenML_task_id"": ""167149"", ""batch_size"": 106, ""epoch"": 24, ""learning_rate"": 0.00020609353277424762, ""max_dropout"": 0.41827454260720853, ""max_units"": 64, ""momentum"": 0.5417958391093236, ""num_layers"": 2, ""weight_decay"": 0.07711310803985898}","{""time"": 59.01134490966797, ""val_accuracy"": 77.0442123413086, ""val_cross_entropy"": 1.1789937019348145, ""val_balanced_accuracy"": 0.6033840775489807, ""test_cross_entropy"": 1.782945156097412, ""test_balanced_accuracy"": 0.609039306640625}"
2026-04-06T21:16:34.629539,cats,lcbench,146212,2,116,55.67158889770508,"{""OpenML_task_id"": ""126026"", ""batch_size"": 52, ""epoch"": 21, ""learning_rate"": 0.00011221794560335861, ""max_dropout"": 0.3678920775243649, ""max_units"": 492, ""momentum"": 0.14963024117773338, ""num_layers"": 2, ""weight_decay"": 0.06047468292950345}","{""time"": 55.67158889770508, ""val_accuracy"": 88.77702331542969, ""val_cross_entropy"": 0.7672644257545471, ""val_balanced_accuracy"": 0.662004292011261, ""test_cross_entropy"": 1.6226531267166138, ""test_balanced_accuracy"": 0.6649287939071655}"
2026-04-06T21:16:34.629700,cats,lcbench,146212,2,117,65.32551574707031,"{""OpenML_task_id"": ""189873"", ""batch_size"": 39, ""epoch"": 36, ""learning_rate"": 0.02620765842345299, ""max_dropout"": 0.24855964158038468, ""max_units"": 97, ""momentum"": 0.13653477472698622, ""num_layers"": 4, ""weight_decay"": 0.0873875861852942}","{""time"": 65.32551574707031, ""val_accuracy"": 94.44931030273438, ""val_cross_entropy"": 0.638333797454834, ""val_balanced_accuracy"": 0.3725212812423706, ""test_cross_entropy"": 1.5498664379119873, ""test_balanced_accuracy"": 0.3694235384464264}"
2026-04-06T21:16:34.629856,cats,lcbench,146212,2,118,128.81993103027344,"{""OpenML_task_id"": ""189905"", ""batch_size"": 18, ""epoch"": 41, ""learning_rate"": 0.002693500917010038, ""max_dropout"": 0.655996822682078, ""max_units"": 240, ""momentum"": 0.14566124468656555, ""num_layers"": 5, ""weight_decay"": 0.027342846474679727}","{""time"": 128.81993103027344, ""val_accuracy"": 98.46044921875, ""val_cross_entropy"": 0.2599548399448395, ""val_balanced_accuracy"": 0.601859986782074, ""test_cross_entropy"": 1.244463324546814, ""test_balanced_accuracy"": 0.5837990045547485}"
2026-04-06T21:16:34.630020,cats,lcbench,146212,2,119,147.12933349609375,"{""OpenML_task_id"": ""167201"", ""batch_size"": 44, ""epoch"": 31, ""learning_rate"": 0.013908246954642949, ""max_dropout"": 0.3652584535341089, ""max_units"": 631, ""momentum"": 0.9240543089550839, ""num_layers"": 2, ""weight_decay"": 0.0834149173009025}","{""time"": 147.12933349609375, ""val_accuracy"": 87.0014877319336, ""val_cross_entropy"": 0.8362341523170471, ""val_balanced_accuracy"": 0.5462476015090942, ""test_cross_entropy"": 1.5096640586853027, ""test_balanced_accuracy"": 0.5567717552185059}"
2026-04-06T21:16:34.630206,cats,lcbench,146212,2,120,33.2694206237793,"{""OpenML_task_id"": ""168908"", ""batch_size"": 47, ""epoch"": 8, ""learning_rate"": 0.022110689944511708, ""max_dropout"": 0.13186828392998898, ""max_units"": 306, ""momentum"": 0.3414206775758504, ""num_layers"": 3, ""weight_decay"": 0.021948553368816008}","{""time"": 33.2694206237793, ""val_accuracy"": 93.17034912109375, ""val_cross_entropy"": 0.34912803769111633, ""val_balanced_accuracy"": 0.6620030403137207, ""test_cross_entropy"": 1.3449325561523438, ""test_balanced_accuracy"": 0.6658933758735657}"
2026-04-06T21:16:34.630341,cats,lcbench,146212,2,121,25.60959243774414,"{""OpenML_task_id"": ""189873"", ""batch_size"": 241, ""epoch"": 10, ""learning_rate"": 0.007842941737031378, ""max_dropout"": 0.2646975149144699, ""max_units"": 218, ""momentum"": 0.9370146620377608, ""num_layers"": 1, ""weight_decay"": 0.047242847792448854}","{""time"": 25.60959243774414, ""val_accuracy"": 84.88047790527344, ""val_cross_entropy"": 0.8077617287635803, ""val_balanced_accuracy"": 0.695014238357544, ""test_cross_entropy"": 1.6555143594741821, ""test_balanced_accuracy"": 0.7021520733833313}"
2026-04-06T21:16:34.630471,cats,lcbench,146212,2,122,18.971912384033203,"{""OpenML_task_id"": ""189906"", ""batch_size"": 97, ""epoch"": 4, ""learning_rate"": 0.025793538689146835, ""max_dropout"": 0.148043001338136, ""max_units"": 394, ""momentum"": 0.4177413705798536, ""num_layers"": 3, ""weight_decay"": 0.025810786576773843}","{""time"": 18.971912384033203, ""val_accuracy"": 90.0186767578125, ""val_cross_entropy"": 0.4870387613773346, ""val_balanced_accuracy"": 0.7040483355522156, ""test_cross_entropy"": 1.3918514251708984, ""test_balanced_accuracy"": 0.7107703685760498}"
2026-04-06T21:16:34.630602,cats,lcbench,146212,2,123,11.6788330078125,"{""OpenML_task_id"": ""189873"", ""batch_size"": 147, ""epoch"": 1, ""learning_rate"": 0.00010000000000000009, ""max_dropout"": 0.007260863925487082, ""max_units"": 289, ""momentum"": 0.8877569951877714, ""num_layers"": 2, ""weight_decay"": 0.05241470270825858}","{""time"": 11.6788330078125, ""val_accuracy"": 6.52043342590332, ""val_cross_entropy"": 1.6592140197753906, ""val_balanced_accuracy"": 0.11286074668169022, ""test_cross_entropy"": 1.9195282459259033, ""test_balanced_accuracy"": 0.10889626294374466}"
2026-04-06T21:16:34.630727,cats,lcbench,146212,2,124,23.247360229492188,"{""OpenML_task_id"": ""189873"", ""batch_size"": 255, ""epoch"": 10, ""learning_rate"": 0.00010000000000000009, ""max_dropout"": 0.12386136113348692, ""max_units"": 214, ""momentum"": 0.99, ""num_layers"": 1, ""weight_decay"": 0.04303784102666555}","{""time"": 23.247360229492188, ""val_accuracy"": 68.18634033203125, ""val_cross_entropy"": 1.3898992538452148, ""val_balanced_accuracy"": 0.5262588858604431, ""test_cross_entropy"": 1.8373266458511353, ""test_balanced_accuracy"": 0.5296170711517334}"
2026-04-06T21:16:34.630851,cats,lcbench,146212,2,125,17.792190551757812,"{""OpenML_task_id"": ""167185"", ""batch_size"": 123, ""epoch"": 13, ""learning_rate"": 0.008469210100091634, ""max_dropout"": 0.4793777817327976, ""max_units"": 89, ""momentum"": 0.8094886103511997, ""num_layers"": 5, ""weight_decay"": 0.0853950740266208}","{""time"": 17.792190551757812, ""val_accuracy"": 79.90987396240234, ""val_cross_entropy"": 1.038702130317688, ""val_balanced_accuracy"": 0.2962677478790283, ""test_cross_entropy"": 1.7519475221633911, ""test_balanced_accuracy"": 0.29855552315711975}"
2026-04-06T21:16:34.630971,cats,lcbench,146212,2,126,23.731243133544922,"{""OpenML_task_id"": ""168908"", ""batch_size"": 92, ""epoch"": 16, ""learning_rate"": 0.10000000000000002, ""max_dropout"": 0.0, ""max_units"": 251, ""momentum"": 0.5337191684391964, ""num_layers"": 1, ""weight_decay"": 0.036782533158081054}","{""time"": 23.731243133544922, ""val_accuracy"": 86.56021118164062, ""val_cross_entropy"": 0.758759081363678, ""val_balanced_accuracy"": 0.6394289135932922, ""test_cross_entropy"": 1.5839043855667114, ""test_balanced_accuracy"": 0.6500859260559082}"
2026-04-06T21:16:34.631110,cats,lcbench,146212,2,127,79.60907745361328,"{""OpenML_task_id"": ""168908"", ""batch_size"": 18, ""epoch"": 16, ""learning_rate"": 0.10000000000000002, ""max_dropout"": 0.0, ""max_units"": 211, ""momentum"": 0.42312514411687346, ""num_layers"": 2, ""weight_decay"": 0.04194749280205064}","{""time"": 79.60907745361328, ""val_accuracy"": 81.77149963378906, ""val_cross_entropy"": 1.3190213441848755, ""val_balanced_accuracy"": 0.4506751298904419, ""test_cross_entropy"": 1.4443273544311523, ""test_balanced_accuracy"": 0.4604966342449188}"
2026-04-06T21:16:34.631230,cats,lcbench,146212,2,128,39.39114761352539,"{""OpenML_task_id"": ""167201"", ""batch_size"": 49, ""epoch"": 8, ""learning_rate"": 0.007054068238686335, ""max_dropout"": 0.1928378777200347, ""max_units"": 548, ""momentum"": 0.99, ""num_layers"": 2, ""weight_decay"": 0.040793748099925156}","{""time"": 39.39114761352539, ""val_accuracy"": 89.90885925292969, ""val_cross_entropy"": 0.7388916611671448, ""val_balanced_accuracy"": 0.6221494078636169, ""test_cross_entropy"": 1.4069925546646118, ""test_balanced_accuracy"": 0.6299863457679749}"
2026-04-06T21:16:34.631352,cats,lcbench,146212,2,129,22.308883666992188,"{""OpenML_task_id"": ""168908"", ""batch_size"": 24, ""epoch"": 13, ""learning_rate"": 0.07821508262411422, ""max_dropout"": 0.040368325061501786, ""max_units"": 64, ""momentum"": 0.41338941828938636, ""num_layers"": 1, ""weight_decay"": 0.0374902333366256}","{""time"": 22.308883666992188, ""val_accuracy"": 87.78057098388672, ""val_cross_entropy"": 0.6571150422096252, ""val_balanced_accuracy"": 0.5753370523452759, ""test_cross_entropy"": 1.5395526885986328, ""test_balanced_accuracy"": 0.5892302393913269}"
2026-04-06T21:16:34.631474,cats,lcbench,146212,2,130,47.608760833740234,"{""OpenML_task_id"": ""168329"", ""batch_size"": 77, ""epoch"": 8, ""learning_rate"": 0.00010000000000000009, ""max_dropout"": 0.1881799525369157, ""max_units"": 64, ""momentum"": 0.3296136836817715, ""num_layers"": 4, ""weight_decay"": 0.1}","{""time"": 47.608760833740234, ""val_accuracy"": 17.7796688079834, ""val_cross_entropy"": 1.6927720308303833, ""val_balanced_accuracy"": 0.1972402036190033, ""test_cross_entropy"": 1.95464026927948, ""test_balanced_accuracy"": 0.19770875573158264}"
2026-04-06T21:16:34.631600,cats,lcbench,146212,2,131,17.86888885498047,"{""OpenML_task_id"": ""189906"", ""batch_size"": 48, ""epoch"": 1, ""learning_rate"": 0.018028877745833727, ""max_dropout"": 0.0, ""max_units"": 212, ""momentum"": 0.18640062419848344, ""num_layers"": 3, ""weight_decay"": 0.048432772446618505}","{""time"": 17.86888885498047, ""val_accuracy"": 2.322600841522217, ""val_cross_entropy"": 1.822630524635315, ""val_balanced_accuracy"": 0.09671386331319809, ""test_cross_entropy"": 1.960773229598999, ""test_balanced_accuracy"": 0.09754214435815811}"
2026-04-06T21:16:34.631722,cats,lcbench,146212,2,132,21.45964813232422,"{""OpenML_task_id"": ""168908"", ""batch_size"": 16, ""epoch"": 13, ""learning_rate"": 0.08054021174562674, ""max_dropout"": 0.07549246532937981, ""max_units"": 163, ""momentum"": 0.4978571404709151, ""num_layers"": 1, ""weight_decay"": 0.02156009976199451}","{""time"": 21.45964813232422, ""val_accuracy"": 88.41775512695312, ""val_cross_entropy"": 0.6230083703994751, ""val_balanced_accuracy"": 0.566132128238678, ""test_cross_entropy"": 1.482527732849121, ""test_balanced_accuracy"": 0.5779128670692444}"
2026-04-06T21:16:34.631843,cats,lcbench,146212,2,133,13.262951850891113,"{""OpenML_task_id"": ""167104"", ""batch_size"": 77, ""epoch"": 2, ""learning_rate"": 0.012514265323477896, ""max_dropout"": 0.0, ""max_units"": 460, ""momentum"": 0.3841475584087177, ""num_layers"": 3, ""weight_decay"": 0.022249663873260855}","{""time"": 13.262951850891113, ""val_accuracy"": 87.63870239257812, ""val_cross_entropy"": 0.47552359104156494, ""val_balanced_accuracy"": 0.6981404423713684, ""test_cross_entropy"": 1.4450010061264038, ""test_balanced_accuracy"": 0.702657163143158}"
2026-04-06T21:16:34.631980,cats,lcbench,146212,2,134,19.99266815185547,"{""OpenML_task_id"": ""167200"", ""batch_size"": 98, ""epoch"": 5, ""learning_rate"": 0.015174965602574818, ""max_dropout"": 0.27639683142005533, ""max_units"": 238, ""momentum"": 0.9087531395779219, ""num_layers"": 1, ""weight_decay"": 0.06961975073785028}","{""time"": 19.99266815185547, ""val_accuracy"": 87.5361328125, ""val_cross_entropy"": 0.8292537927627563, ""val_balanced_accuracy"": 0.6542243361473083, ""test_cross_entropy"": 1.6358823776245117, ""test_balanced_accuracy"": 0.6655670404434204}"
2026-04-06T21:16:34.632109,cats,lcbench,146212,2,135,18.071086883544922,"{""OpenML_task_id"": ""189873"", ""batch_size"": 241, ""epoch"": 5, ""learning_rate"": 0.001602906484366914, ""max_dropout"": 0.009400485222630262, ""max_units"": 202, ""momentum"": 0.8608981353824712, ""num_layers"": 2, ""weight_decay"": 0.061299931627834515}","{""time"": 18.071086883544922, ""val_accuracy"": 83.13751220703125, ""val_cross_entropy"": 0.7961592078208923, ""val_balanced_accuracy"": 0.7465949058532715, ""test_cross_entropy"": 1.6519168615341187, ""test_balanced_accuracy"": 0.7534846067428589}"
2026-04-06T21:16:34.632232,cats,lcbench,146212,2,136,40.98502731323242,"{""OpenML_task_id"": ""189906"", ""batch_size"": 39, ""epoch"": 7, ""learning_rate"": 0.00010000000000000009, ""max_dropout"": 0.0, ""max_units"": 260, ""momentum"": 0.22521335973878626, ""num_layers"": 2, ""weight_decay"": 0.03992699301911749}","{""time"": 40.98502731323242, ""val_accuracy"": 75.53228759765625, ""val_cross_entropy"": 1.1071159839630127, ""val_balanced_accuracy"": 0.5049132108688354, ""test_cross_entropy"": 1.7748816013336182, ""test_balanced_accuracy"": 0.5050557851791382}"
2026-04-06T21:16:34.632353,cats,lcbench,146212,2,137,18.705570220947266,"{""OpenML_task_id"": ""167201"", ""batch_size"": 16, ""epoch"": 7, ""learning_rate"": 0.00010000000000000009, ""max_dropout"": 0.1795751779408878, ""max_units"": 489, ""momentum"": 0.8237283784900649, ""num_layers"": 1, ""weight_decay"": 0.03305735703207827}","{""time"": 18.705570220947266, ""val_accuracy"": 88.58318328857422, ""val_cross_entropy"": 0.7292405366897583, ""val_balanced_accuracy"": 0.6069403290748596, ""test_cross_entropy"": 1.626996636390686, ""test_balanced_accuracy"": 0.610497772693634}"
2026-04-06T21:16:34.632476,cats,lcbench,146212,2,138,33.917850494384766,"{""OpenML_task_id"": ""167201"", ""batch_size"": 38, ""epoch"": 5, ""learning_rate"": 0.00010000000000000009, ""max_dropout"": 0.5600805467234365, ""max_units"": 64, ""momentum"": 0.3960591555370768, ""num_layers"": 5, ""weight_decay"": 0.06528447693729998}","{""time"": 33.917850494384766, ""val_accuracy"": 18.39457893371582, ""val_cross_entropy"": 1.6292649507522583, ""val_balanced_accuracy"": 0.19344773888587952, ""test_cross_entropy"": 1.8744425773620605, ""test_balanced_accuracy"": 0.19371506571769714}"
2026-04-06T21:16:34.632594,cats,lcbench,146212,2,139,11.447351455688477,"{""OpenML_task_id"": ""168329"", ""batch_size"": 65, ""epoch"": 1, ""learning_rate"": 0.00010000000000000009, ""max_dropout"": 0.0, ""max_units"": 64, ""momentum"": 0.24478956113572453, ""num_layers"": 2, ""weight_decay"": 0.0958968882949972}","{""time"": 11.447351455688477, ""val_accuracy"": 5.49550199508667, ""val_cross_entropy"": 1.9718828201293945, ""val_balanced_accuracy"": 0.10275205969810486, ""test_cross_entropy"": 1.952616810798645, ""test_balanced_accuracy"": 0.09581199288368225}"
2026-04-06T21:16:34.632712,cats,lcbench,146212,2,140,50.078369140625,"{""OpenML_task_id"": ""167185"", ""batch_size"": 158, ""epoch"": 12, ""learning_rate"": 0.00010000000000000009, ""max_dropout"": 0.48831047289608487, ""max_units"": 69, ""momentum"": 0.8732794823863976, ""num_layers"": 5, ""weight_decay"": 0.08313803646417814}","{""time"": 50.078369140625, ""val_accuracy"": 24.327106475830078, ""val_cross_entropy"": 1.7349966764450073, ""val_balanced_accuracy"": 0.335319846868515, ""test_cross_entropy"": 1.8389230966567993, ""test_balanced_accuracy"": 0.3313424587249756}"
2026-04-06T21:16:34.632844,cats,lcbench,146212,2,141,55.1458740234375,"{""OpenML_task_id"": ""189906"", ""batch_size"": 17, ""epoch"": 11, ""learning_rate"": 0.010394048629489097, ""max_dropout"": 0.033237327980275455, ""max_units"": 270, ""momentum"": 0.42543814529351764, ""num_layers"": 3, ""weight_decay"": 0.04495387561558557}","{""time"": 55.1458740234375, ""val_accuracy"": 94.30350494384766, ""val_cross_entropy"": 0.3038102984428406, ""val_balanced_accuracy"": 0.5415863990783691, ""test_cross_entropy"": 1.3719183206558228, ""test_balanced_accuracy"": 0.5410258173942566}"
2026-04-06T21:16:34.632964,cats,lcbench,146212,2,142,42.796443939208984,"{""OpenML_task_id"": ""167104"", ""batch_size"": 69, ""epoch"": 6, ""learning_rate"": 0.09572468877491364, ""max_dropout"": 0.1477780393415337, ""max_units"": 123, ""momentum"": 0.3455595027395319, ""num_layers"": 2, ""weight_decay"": 0.029384342906640402}","{""time"": 42.796443939208984, ""val_accuracy"": 68.32994079589844, ""val_cross_entropy"": 5.683612823486328, ""val_balanced_accuracy"": 0.576978862285614, ""test_cross_entropy"": 1.4771754741668701, ""test_balanced_accuracy"": 0.5786650776863098}"
2026-04-06T21:16:34.633083,cats,lcbench,146212,2,143,42.92473602294922,"{""OpenML_task_id"": ""168329"", ""batch_size"": 47, ""epoch"": 7, ""learning_rate"": 0.0037010520919159096, ""max_dropout"": 0.06395801166219577, ""max_units"": 182, ""momentum"": 0.3404064060399126, ""num_layers"": 4, ""weight_decay"": 0.09868121763303947}","{""time"": 42.92473602294922, ""val_accuracy"": 89.80842590332031, ""val_cross_entropy"": 0.6337610483169556, ""val_balanced_accuracy"": 0.3910204768180847, ""test_cross_entropy"": 1.5925043821334839, ""test_balanced_accuracy"": 0.37963175773620605}"
2026-04-06T21:16:34.633204,cats,lcbench,146212,2,144,16.0811767578125,"{""OpenML_task_id"": ""189906"", ""batch_size"": 99, ""epoch"": 1, ""learning_rate"": 0.02589615237510376, ""max_dropout"": 0.0, ""max_units"": 429, ""momentum"": 0.23099347250684282, ""num_layers"": 3, ""weight_decay"": 0.03207734190279325}","{""time"": 16.0811767578125, ""val_accuracy"": 3.2775795459747314, ""val_cross_entropy"": 1.7916496992111206, ""val_balanced_accuracy"": 0.11336883157491684, ""test_cross_entropy"": 1.9257899522781372, ""test_balanced_accuracy"": 0.11516620963811874}"
2026-04-06T21:16:34.633322,cats,lcbench,146212,2,145,54.09025955200195,"{""OpenML_task_id"": ""168868"", ""batch_size"": 122, ""epoch"": 16, ""learning_rate"": 0.00010000000000000009, ""max_dropout"": 0.31943551820246013, ""max_units"": 64, ""momentum"": 0.8432714647700185, ""num_layers"": 5, ""weight_decay"": 0.08959916951103951}","{""time"": 54.09025955200195, ""val_accuracy"": 35.755226135253906, ""val_cross_entropy"": 1.5959731340408325, ""val_balanced_accuracy"": 0.3272149860858917, ""test_cross_entropy"": 1.8397332429885864, ""test_balanced_accuracy"": 0.32279518246650696}"
2026-04-06T21:16:34.633443,cats,lcbench,146212,2,146,18.722305297851562,"{""OpenML_task_id"": ""189905"", ""batch_size"": 16, ""epoch"": 3, ""learning_rate"": 0.018272795153806323, ""max_dropout"": 0.4783878887639936, ""max_units"": 278, ""momentum"": 0.4128448570837108, ""num_layers"": 5, ""weight_decay"": 0.052024089489407635}","{""time"": 18.722305297851562, ""val_accuracy"": 84.98869323730469, ""val_cross_entropy"": 0.5065444111824036, ""val_balanced_accuracy"": 0.3399999737739563, ""test_cross_entropy"": 1.4516841173171997, ""test_balanced_accuracy"": 0.332009881734848}"
2026-04-06T21:16:34.633560,cats,lcbench,146212,2,147,100.1412582397461,"{""OpenML_task_id"": ""168908"", ""batch_size"": 110, ""epoch"": 15, ""learning_rate"": 0.08934601910780894, ""max_dropout"": 0.15445289161370182, ""max_units"": 180, ""momentum"": 0.5893301704336371, ""num_layers"": 2, ""weight_decay"": 0.02591997053605772}","{""time"": 100.1412582397461, ""val_accuracy"": 53.18415832519531, ""val_cross_entropy"": 9.323596954345703, ""val_balanced_accuracy"": 0.5326938629150391, ""test_cross_entropy"": 1.4915375709533691, ""test_balanced_accuracy"": 0.5268675088882446}"
2026-04-06T21:16:34.633687,cats,lcbench,146212,2,148,10.552101135253906,"{""OpenML_task_id"": ""189905"", ""batch_size"": 44, ""epoch"": 2, ""learning_rate"": 0.011334565372123266, ""max_dropout"": 0.4489663729773986, ""max_units"": 67, ""momentum"": 0.49164930223754133, ""num_layers"": 5, ""weight_decay"": 0.05065865068996168}","{""time"": 10.552101135253906, ""val_accuracy"": 50.817256927490234, ""val_cross_entropy"": 1.1061315536499023, ""val_balanced_accuracy"": 0.20633135735988617, ""test_cross_entropy"": 1.7160100936889648, ""test_balanced_accuracy"": 0.200307697057724}"
2026-04-06T21:16:34.633804,cats,lcbench,146212,2,149,49.30583190917969,"{""OpenML_task_id"": ""168908"", ""batch_size"": 115, ""epoch"": 4, ""learning_rate"": 0.09919850334272104, ""max_dropout"": 0.13750527647956515, ""max_units"": 64, ""momentum"": 0.5838065336358376, ""num_layers"": 2, ""weight_decay"": 0.04667409570976738}","{""time"": 49.30583190917969, ""val_accuracy"": 46.02125930786133, ""val_cross_entropy"": 10.736327171325684, ""val_balanced_accuracy"": 0.4593711197376251, ""test_cross_entropy"": 1.6279771327972412, ""test_balanced_accuracy"": 0.45748159289360046}"
2026-04-06T21:16:34.633931,cats,lcbench,146212,2,150,16.051891326904297,"{""OpenML_task_id"": ""168329"", ""batch_size"": 103, ""epoch"": 1, ""learning_rate"": 0.019096940178013104, ""max_dropout"": 0.14126495477729142, ""max_units"": 346, ""momentum"": 0.29680542379509217, ""num_layers"": 3, ""weight_decay"": 0.029485416142632257}","{""time"": 16.051891326904297, ""val_accuracy"": 2.9785094261169434, ""val_cross_entropy"": 1.823107361793518, ""val_balanced_accuracy"": 0.106083944439888, ""test_cross_entropy"": 1.925972819328308, ""test_balanced_accuracy"": 0.10787112265825272}"
2026-04-06T21:16:34.634050,cats,lcbench,146212,2,151,6.478852272033691,"{""OpenML_task_id"": ""189873"", ""batch_size"": 249, ""epoch"": 1, ""learning_rate"": 0.00010000000000000009, ""max_dropout"": 0.040831937797035825, ""max_units"": 291, ""momentum"": 0.8604079485597849, ""num_layers"": 1, ""weight_decay"": 0.046009181327921284}","{""time"": 6.478852272033691, ""val_accuracy"": 17.17161750793457, ""val_cross_entropy"": 1.8840495347976685, ""val_balanced_accuracy"": 0.052472006529569626, ""test_cross_entropy"": 1.9047259092330933, ""test_balanced_accuracy"": 0.04628431051969528}"
2026-04-06T21:16:34.634167,cats,lcbench,146212,2,152,25.283287048339844,"{""OpenML_task_id"": ""189905"", ""batch_size"": 69, ""epoch"": 6, ""learning_rate"": 0.0214249813562049, ""max_dropout"": 0.46390164914053167, ""max_units"": 262, ""momentum"": 0.45300977756621813, ""num_layers"": 4, ""weight_decay"": 0.07207004448226725}","{""time"": 25.283287048339844, ""val_accuracy"": 86.69304656982422, ""val_cross_entropy"": 0.6410589814186096, ""val_balanced_accuracy"": 0.4407452344894409, ""test_cross_entropy"": 1.5735820531845093, ""test_balanced_accuracy"": 0.43779438734054565}"
2026-04-06T21:16:34.634285,cats,lcbench,146212,2,153,83.9333267211914,"{""OpenML_task_id"": ""126026"", ""batch_size"": 61, ""epoch"": 33, ""learning_rate"": 0.06503861642280409, ""max_dropout"": 0.2533122131143375, ""max_units"": 288, ""momentum"": 0.2778635983306318, ""num_layers"": 2, ""weight_decay"": 0.02114356521312253}","{""time"": 83.9333267211914, ""val_accuracy"": 85.51553344726562, ""val_cross_entropy"": 1.7837773561477661, ""val_balanced_accuracy"": 0.7011256217956543, ""test_cross_entropy"": 1.3171085119247437, ""test_balanced_accuracy"": 0.7033115029335022}"
2026-04-06T21:16:34.634402,cats,lcbench,146212,2,154,14.392473220825195,"{""OpenML_task_id"": ""167185"", ""batch_size"": 161, ""epoch"": 7, ""learning_rate"": 0.007710050424908157, ""max_dropout"": 0.5564950574658423, ""max_units"": 64, ""momentum"": 0.8820044628273663, ""num_layers"": 5, ""weight_decay"": 0.07712063608692343}","{""time"": 14.392473220825195, ""val_accuracy"": 72.12745666503906, ""val_cross_entropy"": 1.0595344305038452, ""val_balanced_accuracy"": 0.3340514302253723, ""test_cross_entropy"": 1.7766649723052979, ""test_balanced_accuracy"": 0.33615872263908386}"
2026-04-06T21:16:34.634537,cats,lcbench,146212,2,155,30.767742156982422,"{""OpenML_task_id"": ""167201"", ""batch_size"": 70, ""epoch"": 9, ""learning_rate"": 0.004231584829677494, ""max_dropout"": 0.4057053018129941, ""max_units"": 253, ""momentum"": 0.4955053980521683, ""num_layers"": 5, ""weight_decay"": 0.07252451132902311}","{""time"": 30.767742156982422, ""val_accuracy"": 89.8485107421875, ""val_cross_entropy"": 0.7908126711845398, ""val_balanced_accuracy"": 0.4459185004234314, ""test_cross_entropy"": 1.6106820106506348, ""test_balanced_accuracy"": 0.43976110219955444}"
2026-04-06T21:16:34.634655,cats,lcbench,146212,2,156,17.577442169189453,"{""OpenML_task_id"": ""167184"", ""batch_size"": 188, ""epoch"": 4, ""learning_rate"": 0.0017338868311882654, ""max_dropout"": 0.005405463180787093, ""max_units"": 64, ""momentum"": 0.3208204401023052, ""num_layers"": 4, ""weight_decay"": 0.1}","{""time"": 17.577442169189453, ""val_accuracy"": 27.524089813232422, ""val_cross_entropy"": 1.7375348806381226, ""val_balanced_accuracy"": 0.359356164932251, ""test_cross_entropy"": 1.9432991743087769, ""test_balanced_accuracy"": 0.3580876290798187}"
2026-04-06T21:16:34.634772,cats,lcbench,146212,2,157,5.427421569824219,"{""OpenML_task_id"": ""189905"", ""batch_size"": 126, ""epoch"": 1, ""learning_rate"": 0.013197195136455654, ""max_dropout"": 0.42880206973126345, ""max_units"": 64, ""momentum"": 0.4987042769044421, ""num_layers"": 5, ""weight_decay"": 0.062240759779845764}","{""time"": 5.427421569824219, ""val_accuracy"": 1.6752599477767944, ""val_cross_entropy"": 1.896970510482788, ""val_balanced_accuracy"": 0.0916466936469078, ""test_cross_entropy"": 1.8602901697158813, ""test_balanced_accuracy"": 0.09464085847139359}"
2026-04-06T21:16:34.634889,cats,lcbench,146212,2,158,26.995697021484375,"{""OpenML_task_id"": ""167201"", ""batch_size"": 64, ""epoch"": 15, ""learning_rate"": 0.00010000000000000009, ""max_dropout"": 0.3362001776278407, ""max_units"": 398, ""momentum"": 0.8957672212273714, ""num_layers"": 1, ""weight_decay"": 0.030327694911267387}","{""time"": 26.995697021484375, ""val_accuracy"": 85.71443176269531, ""val_cross_entropy"": 0.8862356543540955, ""val_balanced_accuracy"": 0.6645268797874451, ""test_cross_entropy"": 1.6566767692565918, ""test_balanced_accuracy"": 0.6659314632415771}"
2026-04-06T21:16:34.635006,cats,lcbench,146212,2,159,32.70465850830078,"{""OpenML_task_id"": ""168329"", ""batch_size"": 167, ""epoch"": 9, ""learning_rate"": 0.010395717595655447, ""max_dropout"": 0.041222890163218104, ""max_units"": 70, ""momentum"": 0.4509930165037149, ""num_layers"": 3, ""weight_decay"": 0.08110211149412604}","{""time"": 32.70465850830078, ""val_accuracy"": 84.9345703125, ""val_cross_entropy"": 0.8122235536575317, ""val_balanced_accuracy"": 0.6591303944587708, ""test_cross_entropy"": 1.6801234483718872, ""test_balanced_accuracy"": 0.6677629947662354}"
2026-04-06T21:16:34.635123,cats,lcbench,146212,2,160,11.674650192260742,"{""OpenML_task_id"": ""168329"", ""batch_size"": 131, ""epoch"": 1, ""learning_rate"": 0.012937827733709224, ""max_dropout"": 0.22231102553622253, ""max_units"": 141, ""momentum"": 0.2848578712116465, ""num_layers"": 4, ""weight_decay"": 0.1}","{""time"": 11.674650192260742, ""val_accuracy"": 1.8505383729934692, ""val_cross_entropy"": 1.9811804294586182, ""val_balanced_accuracy"": 0.08823483437299728, ""test_cross_entropy"": 1.9403040409088135, ""test_balanced_accuracy"": 0.09306559711694717}"
2026-04-06T21:16:34.635246,cats,lcbench,146212,2,161,16.431190490722656,"{""OpenML_task_id"": ""189906"", ""batch_size"": 238, ""epoch"": 5, ""learning_rate"": 0.00642432464640536, ""max_dropout"": 0.013006078522399822, ""max_units"": 172, ""momentum"": 0.940550977024099, ""num_layers"": 1, ""weight_decay"": 0.04317502633304371}","{""time"": 16.431190490722656, ""val_accuracy"": 86.29052734375, ""val_cross_entropy"": 0.7750155329704285, ""val_balanced_accuracy"": 0.7134855389595032, ""test_cross_entropy"": 1.6538965702056885, ""test_balanced_accuracy"": 0.7222002744674683}"
2026-04-06T21:16:34.635374,cats,lcbench,146212,2,162,22.046722412109375,"{""OpenML_task_id"": ""167201"", ""batch_size"": 89, ""epoch"": 11, ""learning_rate"": 0.00010000000000000009, ""max_dropout"": 0.24909121885066116, ""max_units"": 616, ""momentum"": 0.9755541975782351, ""num_layers"": 1, ""weight_decay"": 0.03502106955498976}","{""time"": 22.046722412109375, ""val_accuracy"": 84.99420166015625, ""val_cross_entropy"": 0.9170767068862915, ""val_balanced_accuracy"": 0.6673670411109924, ""test_cross_entropy"": 1.6961227655410767, ""test_balanced_accuracy"": 0.6697707772254944}"
2026-04-06T21:16:34.635494,cats,lcbench,146212,2,163,12.104146957397461,"{""OpenML_task_id"": ""168331"", ""batch_size"": 136, ""epoch"": 3, ""learning_rate"": 0.005810066692458704, ""max_dropout"": 0.48711303051562704, ""max_units"": 278, ""momentum"": 0.8232285756113873, ""num_layers"": 1, ""weight_decay"": 0.07143869658848796}","{""time"": 12.104146957397461, ""val_accuracy"": 84.93164825439453, ""val_cross_entropy"": 0.8818118572235107, ""val_balanced_accuracy"": 0.6745887994766235, ""test_cross_entropy"": 1.6810905933380127, ""test_balanced_accuracy"": 0.6822399497032166}"
2026-04-06T21:16:34.635613,cats,lcbench,146212,2,164,12.738630294799805,"{""OpenML_task_id"": ""189905"", ""batch_size"": 113, ""epoch"": 7, ""learning_rate"": 0.02402048435902473, ""max_dropout"": 0.48458377250333806, ""max_units"": 69, ""momentum"": 0.41747101511601037, ""num_layers"": 4, ""weight_decay"": 0.07626511322147757}","{""time"": 12.738630294799805, ""val_accuracy"": 79.43605041503906, ""val_cross_entropy"": 0.9911566376686096, ""val_balanced_accuracy"": 0.3922043740749359, ""test_cross_entropy"": 1.7196320295333862, ""test_balanced_accuracy"": 0.39332133531570435}"
2026-04-06T21:16:34.635732,cats,lcbench,146212,2,165,14.856831550598145,"{""OpenML_task_id"": ""167201"", ""batch_size"": 16, ""epoch"": 4, ""learning_rate"": 0.013852006510862342, ""max_dropout"": 0.07975576049812619, ""max_units"": 555, ""momentum"": 0.99, ""num_layers"": 1, ""weight_decay"": 0.0238850981872651}","{""time"": 14.856831550598145, ""val_accuracy"": 91.50360870361328, ""val_cross_entropy"": 0.6283394694328308, ""val_balanced_accuracy"": 0.5821844339370728, ""test_cross_entropy"": 1.4859505891799927, ""test_balanced_accuracy"": 0.597882866859436}"
2026-04-06T21:16:34.635850,cats,lcbench,146212,2,166,13.640852928161621,"{""OpenML_task_id"": ""168329"", ""batch_size"": 135, ""epoch"": 1, ""learning_rate"": 0.00508447333369915, ""max_dropout"": 0.20157739228833557, ""max_units"": 170, ""momentum"": 0.45554571735457383, ""num_layers"": 4, ""weight_decay"": 0.09353492814097156}","{""time"": 13.640852928161621, ""val_accuracy"": 1.8124315738677979, ""val_cross_entropy"": 1.9996533393859863, ""val_balanced_accuracy"": 0.0845055803656578, ""test_cross_entropy"": 1.9411890506744385, ""test_balanced_accuracy"": 0.08844832330942154}"
2026-04-06T21:16:34.635969,cats,lcbench,146212,2,167,12.41511344909668,"{""OpenML_task_id"": ""189905"", ""batch_size"": 61, ""epoch"": 1, ""learning_rate"": 0.0015014250630964298, ""max_dropout"": 0.31657687172541665, ""max_units"": 121, ""momentum"": 0.5360852398867677, ""num_layers"": 5, ""weight_decay"": 0.05333999570978862}","{""time"": 12.41511344909668, ""val_accuracy"": 1.4441533088684082, ""val_cross_entropy"": 2.023379325866699, ""val_balanced_accuracy"": 0.07772303372621536, ""test_cross_entropy"": 1.9080971479415894, ""test_balanced_accuracy"": 0.07861551642417908}"
2026-04-06T21:16:34.636088,cats,lcbench,146212,2,168,9.417001724243164,"{""OpenML_task_id"": ""189873"", ""batch_size"": 200, ""epoch"": 2, ""learning_rate"": 0.010406104663168528, ""max_dropout"": 0.15612364500573228, ""max_units"": 232, ""momentum"": 0.99, ""num_layers"": 2, ""weight_decay"": 0.04244890589238235}","{""time"": 9.417001724243164, ""val_accuracy"": 70.57861328125, ""val_cross_entropy"": 1.788740634918213, ""val_balanced_accuracy"": 0.683362603187561, ""test_cross_entropy"": 1.5460336208343506, ""test_balanced_accuracy"": 0.6915154457092285}"
2026-04-06T21:16:34.636222,cats,lcbench,146212,2,169,49.48850631713867,"{""OpenML_task_id"": ""167201"", ""batch_size"": 55, ""epoch"": 6, ""learning_rate"": 0.00010000000000000009, ""max_dropout"": 0.6163697921768367, ""max_units"": 165, ""momentum"": 0.49773915864162555, ""num_layers"": 5, ""weight_decay"": 0.07314163661008377}","{""time"": 49.48850631713867, ""val_accuracy"": 21.1946964263916, ""val_cross_entropy"": 1.6050363779067993, ""val_balanced_accuracy"": 0.21373173594474792, ""test_cross_entropy"": 1.8708034753799438, ""test_balanced_accuracy"": 0.2099202573299408}"
2026-04-06T21:16:34.636343,cats,lcbench,146212,2,170,12.519699096679688,"{""OpenML_task_id"": ""168908"", ""batch_size"": 99, ""epoch"": 4, ""learning_rate"": 0.0827634811052123, ""max_dropout"": 0.13844408156907792, ""max_units"": 191, ""momentum"": 0.4677330707794005, ""num_layers"": 1, ""weight_decay"": 0.026463383494778284}","{""time"": 12.519699096679688, ""val_accuracy"": 88.24388885498047, ""val_cross_entropy"": 0.8401667475700378, ""val_balanced_accuracy"": 0.6708306074142456, ""test_cross_entropy"": 1.551938772201538, ""test_balanced_accuracy"": 0.6831501722335815}"
2026-04-06T21:16:34.636461,cats,lcbench,146212,2,171,20.045658111572266,"{""OpenML_task_id"": ""7593"", ""batch_size"": 41, ""epoch"": 32, ""learning_rate"": 0.05475633229286342, ""max_dropout"": 0.1316858150956514, ""max_units"": 304, ""momentum"": 0.21235901235078591, ""num_layers"": 1, ""weight_decay"": 0.00014865982640283396}","{""time"": 20.045658111572266, ""val_accuracy"": 94.67548370361328, ""val_cross_entropy"": 0.35103729367256165, ""val_balanced_accuracy"": 0.7920147180557251, ""test_cross_entropy"": 1.3097784519195557, ""test_balanced_accuracy"": 0.8001304268836975}"
2026-04-06T21:16:34.636580,cats,lcbench,146212,2,172,18.621902465820312,"{""OpenML_task_id"": ""167201"", ""batch_size"": 45, ""epoch"": 2, ""learning_rate"": 0.004320750546834733, ""max_dropout"": 0.44739714086771465, ""max_units"": 177, ""momentum"": 0.40967986312952737, ""num_layers"": 5, ""weight_decay"": 0.055874987745015176}","{""time"": 18.621902465820312, ""val_accuracy"": 49.257530212402344, ""val_cross_entropy"": 1.2758471965789795, ""val_balanced_accuracy"": 0.23843908309936523, ""test_cross_entropy"": 1.7787944078445435, ""test_balanced_accuracy"": 0.2274511754512787}"
2026-04-06T21:16:34.636698,cats,lcbench,146212,2,173,19.119728088378906,"{""OpenML_task_id"": ""189873"", ""batch_size"": 225, ""epoch"": 2, ""learning_rate"": 0.00010000000000000009, ""max_dropout"": 0.07437524930684936, ""max_units"": 73, ""momentum"": 0.8832175944717803, ""num_layers"": 1, ""weight_decay"": 0.0534003301822604}","{""time"": 19.119728088378906, ""val_accuracy"": 19.027524948120117, ""val_cross_entropy"": 1.8791993856430054, ""val_balanced_accuracy"": 0.050255998969078064, ""test_cross_entropy"": 1.9366458654403687, ""test_balanced_accuracy"": 0.04635419324040413}"
2026-04-06T21:16:34.636817,cats,lcbench,146212,2,174,85.45051574707031,"{""OpenML_task_id"": ""168908"", ""batch_size"": 16, ""epoch"": 8, ""learning_rate"": 0.00010000000000000009, ""max_dropout"": 0.657470644801353, ""max_units"": 236, ""momentum"": 0.4741530375946109, ""num_layers"": 5, ""weight_decay"": 0.057007315518748686}","{""time"": 85.45051574707031, ""val_accuracy"": 59.78731918334961, ""val_cross_entropy"": 1.3958613872528076, ""val_balanced_accuracy"": 0.23918381333351135, ""test_cross_entropy"": 1.7956984043121338, ""test_balanced_accuracy"": 0.226939395070076}"
2026-04-06T21:16:34.636936,cats,lcbench,146212,2,175,20.872577667236328,"{""OpenML_task_id"": ""167201"", ""batch_size"": 16, ""epoch"": 9, ""learning_rate"": 0.004574601728077492, ""max_dropout"": 0.2593433152844772, ""max_units"": 563, ""momentum"": 0.8630644511468186, ""num_layers"": 1, ""weight_decay"": 0.026102214704872582}","{""time"": 20.872577667236328, ""val_accuracy"": 91.70663452148438, ""val_cross_entropy"": 0.5408309698104858, ""val_balanced_accuracy"": 0.6467651724815369, ""test_cross_entropy"": 1.4951905012130737, ""test_balanced_accuracy"": 0.6559198498725891}"
2026-04-06T21:16:34.637065,cats,lcbench,146212,2,176,24.694820404052734,"{""OpenML_task_id"": ""167185"", ""batch_size"": 102, ""epoch"": 10, ""learning_rate"": 0.011437701355053967, ""max_dropout"": 0.46216530565853065, ""max_units"": 223, ""momentum"": 0.8224574614700967, ""num_layers"": 5, ""weight_decay"": 0.1}","{""time"": 24.694820404052734, ""val_accuracy"": 72.67070007324219, ""val_cross_entropy"": 1.100205421447754, ""val_balanced_accuracy"": 0.2251252382993698, ""test_cross_entropy"": 1.7763726711273193, ""test_balanced_accuracy"": 0.22788411378860474}"
2026-04-06T21:16:34.637183,cats,lcbench,146212,2,177,49.53034210205078,"{""OpenML_task_id"": ""167185"", ""batch_size"": 119, ""epoch"": 10, ""learning_rate"": 0.00010000000000000009, ""max_dropout"": 0.5465598902942657, ""max_units"": 193, ""momentum"": 0.9443886858342783, ""num_layers"": 4, ""weight_decay"": 0.07392456755662975}","{""time"": 49.53034210205078, ""val_accuracy"": 58.5418701171875, ""val_cross_entropy"": 1.5327147245407104, ""val_balanced_accuracy"": 0.44992104172706604, ""test_cross_entropy"": 1.888508915901184, ""test_balanced_accuracy"": 0.44483286142349243}"
2026-04-06T21:16:34.637301,cats,lcbench,146212,2,178,64.3521728515625,"{""OpenML_task_id"": ""167201"", ""batch_size"": 16, ""epoch"": 10, ""learning_rate"": 0.00010000000000000009, ""max_dropout"": 0.2855442641567919, ""max_units"": 365, ""momentum"": 0.8697904905638958, ""num_layers"": 2, ""weight_decay"": 0.02485249230447606}","{""time"": 64.3521728515625, ""val_accuracy"": 94.0932846069336, ""val_cross_entropy"": 0.35516923666000366, ""val_balanced_accuracy"": 0.6997562646865845, ""test_cross_entropy"": 1.3830655813217163, ""test_balanced_accuracy"": 0.7035623788833618}"
2026-04-06T21:16:34.637419,cats,lcbench,146212,2,179,10.536761283874512,"{""OpenML_task_id"": ""189865"", ""batch_size"": 164, ""epoch"": 3, ""learning_rate"": 0.01529025485781098, ""max_dropout"": 0.16106008325498056, ""max_units"": 64, ""momentum"": 0.99, ""num_layers"": 1, ""weight_decay"": 0.03942740653761713}","{""time"": 10.536761283874512, ""val_accuracy"": 88.13690948486328, ""val_cross_entropy"": 0.7865419983863831, ""val_balanced_accuracy"": 0.6905216574668884, ""test_cross_entropy"": 1.6236681938171387, ""test_balanced_accuracy"": 0.70273357629776}"
2026-04-06T21:16:34.637536,cats,lcbench,146212,2,180,32.71999740600586,"{""OpenML_task_id"": ""7593"", ""batch_size"": 56, ""epoch"": 13, ""learning_rate"": 0.0013833635913503492, ""max_dropout"": 0.30099713484386, ""max_units"": 64, ""momentum"": 0.8244784307625452, ""num_layers"": 4, ""weight_decay"": 0.09503033617122011}","{""time"": 32.71999740600586, ""val_accuracy"": 90.44860076904297, ""val_cross_entropy"": 0.6403971910476685, ""val_balanced_accuracy"": 0.3721733093261719, ""test_cross_entropy"": 1.5981768369674683, ""test_balanced_accuracy"": 0.3643321394920349}"
2026-04-06T21:16:34.637655,cats,lcbench,146212,2,181,29.664714813232422,"{""OpenML_task_id"": ""167201"", ""batch_size"": 80, ""epoch"": 18, ""learning_rate"": 0.00010000000000000009, ""max_dropout"": 0.15762237320831607, ""max_units"": 361, ""momentum"": 0.8374346382499931, ""num_layers"": 1, ""weight_decay"": 0.021734569379031475}","{""time"": 29.664714813232422, ""val_accuracy"": 83.84903717041016, ""val_cross_entropy"": 1.004919171333313, ""val_balanced_accuracy"": 0.6488286256790161, ""test_cross_entropy"": 1.699940800666809, ""test_balanced_accuracy"": 0.6504468321800232}"
2026-04-06T21:16:34.637773,cats,lcbench,146212,2,182,61.658050537109375,"{""OpenML_task_id"": ""167185"", ""batch_size"": 34, ""epoch"": 11, ""learning_rate"": 0.00010000000000000009, ""max_dropout"": 0.3966439914686351, ""max_units"": 163, ""momentum"": 0.9200722435439481, ""num_layers"": 5, ""weight_decay"": 0.0861046945503186}","{""time"": 61.658050537109375, ""val_accuracy"": 76.9085464477539, ""val_cross_entropy"": 1.0584092140197754, ""val_balanced_accuracy"": 0.2823616862297058, ""test_cross_entropy"": 1.7478888034820557, ""test_balanced_accuracy"": 0.2693908214569092}"
2026-04-06T21:16:34.637901,cats,lcbench,146212,2,183,20.437503814697266,"{""OpenML_task_id"": ""189873"", ""batch_size"": 179, ""epoch"": 8, ""learning_rate"": 0.014860789766925097, ""max_dropout"": 0.018292834010244022, ""max_units"": 131, ""momentum"": 0.87112353732818, ""num_layers"": 1, ""weight_decay"": 0.036493598953943635}","{""time"": 20.437503814697266, ""val_accuracy"": 86.95271301269531, ""val_cross_entropy"": 0.7707006931304932, ""val_balanced_accuracy"": 0.6919416189193726, ""test_cross_entropy"": 1.624936819076538, ""test_balanced_accuracy"": 0.7017544507980347}"
2026-04-06T21:16:34.638018,cats,lcbench,146212,2,184,25.917770385742188,"{""OpenML_task_id"": ""189873"", ""batch_size"": 217, ""epoch"": 10, ""learning_rate"": 0.00010000000000000009, ""max_dropout"": 0.0, ""max_units"": 167, ""momentum"": 0.8676700086993883, ""num_layers"": 1, ""weight_decay"": 0.0617859681049203}","{""time"": 25.917770385742188, ""val_accuracy"": 60.36298751831055, ""val_cross_entropy"": 1.5687830448150635, ""val_balanced_accuracy"": 0.4259912967681885, ""test_cross_entropy"": 1.8773428201675415, ""test_balanced_accuracy"": 0.43012744188308716}"
2026-04-06T21:16:34.638136,cats,lcbench,146212,2,185,40.043758392333984,"{""OpenML_task_id"": ""189905"", ""batch_size"": 16, ""epoch"": 5, ""learning_rate"": 0.014912348601023195, ""max_dropout"": 0.2764190318349774, ""max_units"": 306, ""momentum"": 0.5359351458752369, ""num_layers"": 4, ""weight_decay"": 0.0536102495276237}","{""time"": 40.043758392333984, ""val_accuracy"": 91.03254699707031, ""val_cross_entropy"": 0.3645172119140625, ""val_balanced_accuracy"": 0.4135674834251404, ""test_cross_entropy"": 1.4073542356491089, ""test_balanced_accuracy"": 0.4092938303947449}"
2026-04-06T21:16:34.638257,cats,lcbench,146212,2,186,103.99976348876953,"{""OpenML_task_id"": ""167149"", ""batch_size"": 16, ""epoch"": 6, ""learning_rate"": 0.00010000000000000009, ""max_dropout"": 0.6187692127790996, ""max_units"": 292, ""momentum"": 0.36847167385337365, ""num_layers"": 4, ""weight_decay"": 0.0780856758039726}","{""time"": 103.99976348876953, ""val_accuracy"": 57.556705474853516, ""val_cross_entropy"": 1.4839668273925781, ""val_balanced_accuracy"": 0.22075577080249786, ""test_cross_entropy"": 1.8751555681228638, ""test_balanced_accuracy"": 0.21142145991325378}"
2026-04-06T21:16:34.638374,cats,lcbench,146212,2,187,26.758636474609375,"{""OpenML_task_id"": ""167201"", ""batch_size"": 23, ""epoch"": 1, ""learning_rate"": 0.00010000000000000009, ""max_dropout"": 0.6103846119068458, ""max_units"": 111, ""momentum"": 0.5594001530223451, ""num_layers"": 4, ""weight_decay"": 0.08236026312220868}","{""time"": 26.758636474609375, ""val_accuracy"": 0.7331004738807678, ""val_cross_entropy"": 2.3346188068389893, ""val_balanced_accuracy"": 0.06144869327545166, ""test_cross_entropy"": 2.0005509853363037, ""test_balanced_accuracy"": 0.06102657690644264}"
2026-04-06T21:16:34.638492,cats,lcbench,146212,2,188,12.226860046386719,"{""OpenML_task_id"": ""167185"", ""batch_size"": 74, ""epoch"": 4, ""learning_rate"": 0.011032443179045552, ""max_dropout"": 0.49318512160145056, ""max_units"": 103, ""momentum"": 0.9055514129448778, ""num_layers"": 5, ""weight_decay"": 0.08743762260261406}","{""time"": 12.226860046386719, ""val_accuracy"": 57.36906433105469, ""val_cross_entropy"": 1.1300075054168701, ""val_balanced_accuracy"": 0.17005828022956848, ""test_cross_entropy"": 1.7787504196166992, ""test_balanced_accuracy"": 0.17253150045871735}"
2026-04-06T21:16:34.638610,cats,lcbench,146212,2,189,33.7923469543457,"{""OpenML_task_id"": ""126026"", ""batch_size"": 23, ""epoch"": 34, ""learning_rate"": 0.05866238576586963, ""max_dropout"": 0.36720064709546685, ""max_units"": 220, ""momentum"": 0.46224304264223826, ""num_layers"": 1, ""weight_decay"": 1e-05}","{""time"": 33.7923469543457, ""val_accuracy"": 94.77051544189453, ""val_cross_entropy"": 0.25835591554641724, ""val_balanced_accuracy"": 0.8141425251960754, ""test_cross_entropy"": 1.2591681480407715, ""test_balanced_accuracy"": 0.8154277801513672}"
2026-04-06T21:16:34.638738,cats,lcbench,146212,2,190,22.144332885742188,"{""OpenML_task_id"": ""168908"", ""batch_size"": 76, ""epoch"": 11, ""learning_rate"": 0.09078149633101232, ""max_dropout"": 0.1451858330114972, ""max_units"": 68, ""momentum"": 0.4552068560811246, ""num_layers"": 1, ""weight_decay"": 0.03781481707518166}","{""time"": 22.144332885742188, ""val_accuracy"": 85.82698059082031, ""val_cross_entropy"": 0.8083844780921936, ""val_balanced_accuracy"": 0.6173348426818848, ""test_cross_entropy"": 1.5837700366973877, ""test_balanced_accuracy"": 0.628782331943512}"
2026-04-06T21:16:34.638856,cats,lcbench,146212,2,191,25.56915283203125,"{""OpenML_task_id"": ""167185"", ""batch_size"": 109, ""epoch"": 8, ""learning_rate"": 0.0005167401061415243, ""max_dropout"": 0.35927816065621765, ""max_units"": 64, ""momentum"": 0.833732772319132, ""num_layers"": 5, ""weight_decay"": 0.07613467826545538}","{""time"": 25.56915283203125, ""val_accuracy"": 64.48209381103516, ""val_cross_entropy"": 1.3997713327407837, ""val_balanced_accuracy"": 0.3959112763404846, ""test_cross_entropy"": 1.7798147201538086, ""test_balanced_accuracy"": 0.39194563031196594}"
2026-04-06T21:16:34.638974,cats,lcbench,146212,2,192,41.042198181152344,"{""OpenML_task_id"": ""167185"", ""batch_size"": 107, ""epoch"": 6, ""learning_rate"": 0.00010000000000000009, ""max_dropout"": 0.39374498680436076, ""max_units"": 203, ""momentum"": 0.737996183752232, ""num_layers"": 5, ""weight_decay"": 0.0899903053807035}","{""time"": 41.042198181152344, ""val_accuracy"": 22.3394832611084, ""val_cross_entropy"": 1.6413174867630005, ""val_balanced_accuracy"": 0.26704469323158264, ""test_cross_entropy"": 1.8747438192367554, ""test_balanced_accuracy"": 0.2646579444408417}"
2026-04-06T21:16:34.639091,cats,lcbench,146212,2,193,79.15308380126953,"{""OpenML_task_id"": ""167201"", ""batch_size"": 51, ""epoch"": 8, ""learning_rate"": 0.00010000000000000009, ""max_dropout"": 0.6532823905348278, ""max_units"": 169, ""momentum"": 0.3819060698723627, ""num_layers"": 4, ""weight_decay"": 0.05896051280515088}","{""time"": 79.15308380126953, ""val_accuracy"": 28.826187133789062, ""val_cross_entropy"": 1.758362054824829, ""val_balanced_accuracy"": 0.20241235196590424, ""test_cross_entropy"": 1.9331684112548828, ""test_balanced_accuracy"": 0.19530515372753143}"
2026-04-06T21:16:34.639208,cats,lcbench,146212,2,194,61.48653030395508,"{""OpenML_task_id"": ""167200"", ""batch_size"": 63, ""epoch"": 15, ""learning_rate"": 0.08823743731780065, ""max_dropout"": 0.0, ""max_units"": 64, ""momentum"": 0.4159329357062637, ""num_layers"": 2, ""weight_decay"": 0.020973183669098637}","{""time"": 61.48653030395508, ""val_accuracy"": 70.68558502197266, ""val_cross_entropy"": 4.659876823425293, ""val_balanced_accuracy"": 0.5752229690551758, ""test_cross_entropy"": 1.4286563396453857, ""test_balanced_accuracy"": 0.5741366744041443}"
2026-04-06T21:16:34.639326,cats,lcbench,146212,2,195,23.17205810546875,"{""OpenML_task_id"": ""189873"", ""batch_size"": 237, ""epoch"": 9, ""learning_rate"": 0.00010000000000000009, ""max_dropout"": 0.1427090528645222, ""max_units"": 170, ""momentum"": 0.9639633019829162, ""num_layers"": 1, ""weight_decay"": 0.04654494187980964}","{""time"": 23.17205810546875, ""val_accuracy"": 65.43023681640625, ""val_cross_entropy"": 1.4522390365600586, ""val_balanced_accuracy"": 0.48698660731315613, ""test_cross_entropy"": 1.851662516593933, ""test_balanced_accuracy"": 0.49085476994514465}"
2026-04-06T21:16:34.639443,cats,lcbench,146212,2,196,14.233503341674805,"{""OpenML_task_id"": ""189905"", ""batch_size"": 54, ""epoch"": 7, ""learning_rate"": 0.027432487440242008, ""max_dropout"": 0.5230129919037769, ""max_units"": 127, ""momentum"": 0.5002980265740885, ""num_layers"": 5, ""weight_decay"": 0.06551843077653612}","{""time"": 14.233503341674805, ""val_accuracy"": 79.94799041748047, ""val_cross_entropy"": 0.8607534766197205, ""val_balanced_accuracy"": 0.23133373260498047, ""test_cross_entropy"": 1.6768865585327148, ""test_balanced_accuracy"": 0.23355357348918915}"
2026-04-06T21:16:34.639575,cats,lcbench,146212,2,197,69.42247009277344,"{""OpenML_task_id"": ""126026"", ""batch_size"": 75, ""epoch"": 37, ""learning_rate"": 0.0561341477010754, ""max_dropout"": 0.12714311938819212, ""max_units"": 208, ""momentum"": 0.24706104072919804, ""num_layers"": 2, ""weight_decay"": 0.015009263273619042}","{""time"": 69.42247009277344, ""val_accuracy"": 89.74609375, ""val_cross_entropy"": 0.8223493695259094, ""val_balanced_accuracy"": 0.7374817728996277, ""test_cross_entropy"": 1.3165223598480225, ""test_balanced_accuracy"": 0.739649772644043}"
2026-04-06T21:16:34.639693,cats,lcbench,146212,2,198,18.535446166992188,"{""OpenML_task_id"": ""189873"", ""batch_size"": 115, ""epoch"": 33, ""learning_rate"": 0.06397743379957498, ""max_dropout"": 0.22255314977557356, ""max_units"": 191, ""momentum"": 0.2743625538123992, ""num_layers"": 1, ""weight_decay"": 0.00902276692522996}","{""time"": 18.535446166992188, ""val_accuracy"": 89.97267150878906, ""val_cross_entropy"": 0.5570371150970459, ""val_balanced_accuracy"": 0.7358714938163757, ""test_cross_entropy"": 1.501855492591858, ""test_balanced_accuracy"": 0.7444136738777161}"
2026-04-06T21:16:34.639810,cats,lcbench,146212,2,199,33.88298797607422,"{""OpenML_task_id"": ""168329"", ""batch_size"": 182, ""epoch"": 5, ""learning_rate"": 0.00010000000000000009, ""max_dropout"": 0.05692835102696353, ""max_units"": 154, ""momentum"": 0.3239025109820719, ""num_layers"": 4, ""weight_decay"": 0.08845878373609987}","{""time"": 33.88298797607422, ""val_accuracy"": 7.767583847045898, ""val_cross_entropy"": 1.7919559478759766, ""val_balanced_accuracy"": 0.18138693273067474, ""test_cross_entropy"": 1.9540611505508423, ""test_balanced_accuracy"": 0.18853271007537842}"
