timestamp,optimizer,bench,instance,seed,trial_id,score,cfg_json,out_json
2026-04-06T21:22:25.211652,random,lcbench,168329,0,0,123.63251495361328,"{""OpenML_task_id"": ""168331"", ""batch_size"": 42, ""epoch"": 26, ""learning_rate"": 0.00043440411589111316, ""max_dropout"": 0.14749907640753135, ""max_units"": 103, ""momentum"": 0.35366488139987773, ""num_layers"": 3, ""weight_decay"": 0.029457450644431542}","{""time"": 123.63251495361328, ""val_accuracy"": 4.088196754455566, ""val_cross_entropy"": 4.339564800262451, ""val_balanced_accuracy"": 0.02750357985496521, ""test_cross_entropy"": 4.633282661437988, ""test_balanced_accuracy"": 0.02740732952952385}"
2026-04-06T21:22:25.211893,random,lcbench,168329,0,1,25.47293472290039,"{""OpenML_task_id"": ""189873"", ""batch_size"": 226, ""epoch"": 6, ""learning_rate"": 0.0032858914428101848, ""max_dropout"": 0.34150107087755344, ""max_units"": 73, ""momentum"": 0.933174724145565, ""num_layers"": 2, ""weight_decay"": 0.004510722865027353}","{""time"": 25.47293472290039, ""val_accuracy"": 13.800335884094238, ""val_cross_entropy"": 3.866485357284546, ""val_balanced_accuracy"": 0.09957494586706161, ""test_cross_entropy"": 4.613483905792236, ""test_balanced_accuracy"": 0.09921152889728546}"
2026-04-06T21:22:25.212083,random,lcbench,168329,0,2,205.09886169433594,"{""OpenML_task_id"": ""167161"", ""batch_size"": 31, ""epoch"": 18, ""learning_rate"": 0.0017824122363365585, ""max_dropout"": 0.15454090105485974, ""max_units"": 493, ""momentum"": 0.6612143510528022, ""num_layers"": 5, ""weight_decay"": 0.06607535883295335}","{""time"": 205.09886169433594, ""val_accuracy"": 3.597719430923462, ""val_cross_entropy"": 4.524445533752441, ""val_balanced_accuracy"": 0.009978706948459148, ""test_cross_entropy"": 4.623676300048828, ""test_balanced_accuracy"": 0.010080554522573948}"
2026-04-06T21:22:25.212256,random,lcbench,168329,0,3,103.78640747070312,"{""OpenML_task_id"": ""146212"", ""batch_size"": 64, ""epoch"": 27, ""learning_rate"": 0.00037956432333776817, ""max_dropout"": 0.48668122050175633, ""max_units"": 380, ""momentum"": 0.652394261730211, ""num_layers"": 1, ""weight_decay"": 0.08080664454262255}","{""time"": 103.78640747070312, ""val_accuracy"": 11.351434707641602, ""val_cross_entropy"": 4.099130630493164, ""val_balanced_accuracy"": 0.0909838080406189, ""test_cross_entropy"": 4.627179145812988, ""test_balanced_accuracy"": 0.08764725923538208}"
2026-04-06T21:22:25.212426,random,lcbench,168329,0,4,219.23321533203125,"{""OpenML_task_id"": ""167168"", ""batch_size"": 20, ""epoch"": 32, ""learning_rate"": 0.00013179847852089267, ""max_dropout"": 0.5283374809662817, ""max_units"": 984, ""momentum"": 0.27557792731310393, ""num_layers"": 2, ""weight_decay"": 0.06935375523575123}","{""time"": 219.23321533203125, ""val_accuracy"": 16.412172317504883, ""val_cross_entropy"": 4.064297199249268, ""val_balanced_accuracy"": 0.11885008960962296, ""test_cross_entropy"": 4.645171642303467, ""test_balanced_accuracy"": 0.1178332269191742}"
2026-04-06T21:22:25.212592,random,lcbench,168329,0,5,13.254585266113281,"{""OpenML_task_id"": ""168908"", ""batch_size"": 372, ""epoch"": 3, ""learning_rate"": 0.0004367889941029123, ""max_dropout"": 0.5478952763808859, ""max_units"": 76, ""momentum"": 0.8960479348397256, ""num_layers"": 5, ""weight_decay"": 0.08601098552347673}","{""time"": 13.254585266113281, ""val_accuracy"": 0.3810696303844452, ""val_cross_entropy"": 4.60629940032959, ""val_balanced_accuracy"": 0.009225328452885151, ""test_cross_entropy"": 4.533906936645508, ""test_balanced_accuracy"": 0.009330068714916706}"
2026-04-06T21:22:25.212756,random,lcbench,168329,0,6,127.24140167236328,"{""OpenML_task_id"": ""34539"", ""batch_size"": 26, ""epoch"": 38, ""learning_rate"": 0.0010772714941779797, ""max_dropout"": 0.10305587645850922, ""max_units"": 70, ""momentum"": 0.1095493400016559, ""num_layers"": 5, ""weight_decay"": 0.07085200901129277}","{""time"": 127.24140167236328, ""val_accuracy"": 2.853585720062256, ""val_cross_entropy"": 4.511415004730225, ""val_balanced_accuracy"": 0.010350043885409832, ""test_cross_entropy"": 4.610939979553223, ""test_balanced_accuracy"": 0.010310518555343151}"
2026-04-06T21:22:25.212918,random,lcbench,168329,0,7,490.4075622558594,"{""OpenML_task_id"": ""189354"", ""batch_size"": 39, ""epoch"": 24, ""learning_rate"": 0.04593523632067885, ""max_dropout"": 0.06241569847235828, ""max_units"": 386, ""momentum"": 0.4891222881813455, ""num_layers"": 5, ""weight_decay"": 0.09970058253028757}","{""time"": 490.4075622558594, ""val_accuracy"": 0.5841911435127258, ""val_cross_entropy"": 4.540756702423096, ""val_balanced_accuracy"": 0.00983236264437437, ""test_cross_entropy"": 4.620935916900635, ""test_balanced_accuracy"": 0.009833487682044506}"
2026-04-06T21:22:25.213076,random,lcbench,168329,0,8,23.616897583007812,"{""OpenML_task_id"": ""167190"", ""batch_size"": 51, ""epoch"": 7, ""learning_rate"": 0.017977728461259924, ""max_dropout"": 0.8568293287433004, ""max_units"": 227, ""momentum"": 0.6465262042062615, ""num_layers"": 1, ""weight_decay"": 0.037110419090792296}","{""time"": 23.616897583007812, ""val_accuracy"": 19.3541316986084, ""val_cross_entropy"": 3.7724382877349854, ""val_balanced_accuracy"": 0.148851215839386, ""test_cross_entropy"": 4.629556179046631, ""test_balanced_accuracy"": 0.14526669681072235}"
2026-04-06T21:22:25.213233,random,lcbench,168329,0,9,112.94110870361328,"{""OpenML_task_id"": ""146212"", ""batch_size"": 395, ""epoch"": 47, ""learning_rate"": 0.001785495954689085, ""max_dropout"": 0.671946708501915, ""max_units"": 74, ""momentum"": 0.6509881696647647, ""num_layers"": 3, ""weight_decay"": 0.08005985715948206}","{""time"": 112.94110870361328, ""val_accuracy"": 2.71657657623291, ""val_cross_entropy"": 4.380328178405762, ""val_balanced_accuracy"": 0.02232462540268898, ""test_cross_entropy"": 4.631070137023926, ""test_balanced_accuracy"": 0.02227061428129673}"
2026-04-06T21:22:25.213392,random,lcbench,168329,0,10,168.95140075683594,"{""OpenML_task_id"": ""168330"", ""batch_size"": 201, ""epoch"": 52, ""learning_rate"": 0.005625319539384759, ""max_dropout"": 0.1897944048617901, ""max_units"": 689, ""momentum"": 0.7350604884235048, ""num_layers"": 1, ""weight_decay"": 0.07136210532962148}","{""time"": 168.95140075683594, ""val_accuracy"": 16.530044555664062, ""val_cross_entropy"": 3.954648494720459, ""val_balanced_accuracy"": 0.12848161160945892, ""test_cross_entropy"": 4.624072551727295, ""test_balanced_accuracy"": 0.12472569942474365}"
2026-04-06T21:22:25.213554,random,lcbench,168329,0,11,181.03868103027344,"{""OpenML_task_id"": ""126026"", ""batch_size"": 62, ""epoch"": 37, ""learning_rate"": 0.00039131131007776336, ""max_dropout"": 0.05409882822959855, ""max_units"": 363, ""momentum"": 0.7924651307758197, ""num_layers"": 2, ""weight_decay"": 0.015197133956758192}","{""time"": 181.03868103027344, ""val_accuracy"": 17.720827102661133, ""val_cross_entropy"": 3.7696421146392822, ""val_balanced_accuracy"": 0.13103091716766357, ""test_cross_entropy"": 4.623982906341553, ""test_balanced_accuracy"": 0.1306236833333969}"
2026-04-06T21:22:25.213710,random,lcbench,168329,0,12,60.52853012084961,"{""OpenML_task_id"": ""189909"", ""batch_size"": 361, ""epoch"": 8, ""learning_rate"": 0.00011880758969857028, ""max_dropout"": 0.04667212938844223, ""max_units"": 353, ""momentum"": 0.539006605713901, ""num_layers"": 2, ""weight_decay"": 0.03884642034199871}","{""time"": 60.52853012084961, ""val_accuracy"": 1.3294296264648438, ""val_cross_entropy"": 4.386543273925781, ""val_balanced_accuracy"": 0.012890152633190155, ""test_cross_entropy"": 4.637642860412598, ""test_balanced_accuracy"": 0.012341581284999847}"
2026-04-06T21:22:25.213865,random,lcbench,168329,0,13,13.076092720031738,"{""OpenML_task_id"": ""167190"", ""batch_size"": 259, ""epoch"": 3, ""learning_rate"": 0.037040669530486556, ""max_dropout"": 0.9686751247280823, ""max_units"": 364, ""momentum"": 0.19695712400910242, ""num_layers"": 3, ""weight_decay"": 0.04807363948609016}","{""time"": 13.076092720031738, ""val_accuracy"": 3.994666814804077, ""val_cross_entropy"": 4.342328071594238, ""val_balanced_accuracy"": 0.0331425741314888, ""test_cross_entropy"": 4.655923366546631, ""test_balanced_accuracy"": 0.03306642174720764}"
2026-04-06T21:22:25.214045,random,lcbench,168329,0,14,69.10313415527344,"{""OpenML_task_id"": ""126026"", ""batch_size"": 23, ""epoch"": 15, ""learning_rate"": 0.0006163442739705136, ""max_dropout"": 0.0637847448443879, ""max_units"": 74, ""momentum"": 0.25237634527699004, ""num_layers"": 3, ""weight_decay"": 0.06740021476332689}","{""time"": 69.10313415527344, ""val_accuracy"": 5.229122161865234, ""val_cross_entropy"": 4.317824363708496, ""val_balanced_accuracy"": 0.026537153869867325, ""test_cross_entropy"": 4.642345905303955, ""test_balanced_accuracy"": 0.026566628366708755}"
2026-04-06T21:22:25.214203,random,lcbench,168329,0,15,165.2881317138672,"{""OpenML_task_id"": ""189866"", ""batch_size"": 227, ""epoch"": 32, ""learning_rate"": 0.0023935583006884638, ""max_dropout"": 0.9367124555975995, ""max_units"": 401, ""momentum"": 0.14191260059952368, ""num_layers"": 4, ""weight_decay"": 0.058321438431951714}","{""time"": 165.2881317138672, ""val_accuracy"": 2.8548378944396973, ""val_cross_entropy"": 4.4883575439453125, ""val_balanced_accuracy"": 0.0185259897261858, ""test_cross_entropy"": 4.644610404968262, ""test_balanced_accuracy"": 0.018860310316085815}"
2026-04-06T21:22:25.214356,random,lcbench,168329,0,16,149.61427307128906,"{""OpenML_task_id"": ""126026"", ""batch_size"": 346, ""epoch"": 28, ""learning_rate"": 0.00018664340332368194, ""max_dropout"": 0.6339186348634468, ""max_units"": 938, ""momentum"": 0.31533625708365953, ""num_layers"": 2, ""weight_decay"": 0.05346844404187829}","{""time"": 149.61427307128906, ""val_accuracy"": 4.888014793395996, ""val_cross_entropy"": 4.363371849060059, ""val_balanced_accuracy"": 0.03791980817914009, ""test_cross_entropy"": 4.639177322387695, ""test_balanced_accuracy"": 0.036974549293518066}"
2026-04-06T21:22:25.214511,random,lcbench,168329,0,17,70.16990661621094,"{""OpenML_task_id"": ""167161"", ""batch_size"": 40, ""epoch"": 27, ""learning_rate"": 0.008976961770719886, ""max_dropout"": 0.34736664630905645, ""max_units"": 96, ""momentum"": 0.7677262319620515, ""num_layers"": 2, ""weight_decay"": 0.05422777412379016}","{""time"": 70.16990661621094, ""val_accuracy"": 4.18444299697876, ""val_cross_entropy"": 4.201740264892578, ""val_balanced_accuracy"": 0.027529822662472725, ""test_cross_entropy"": 4.643108367919922, ""test_balanced_accuracy"": 0.026911437511444092}"
2026-04-06T21:22:25.214665,random,lcbench,168329,0,18,160.23316955566406,"{""OpenML_task_id"": ""168331"", ""batch_size"": 17, ""epoch"": 6, ""learning_rate"": 0.018758214752508093, ""max_dropout"": 0.29281332972176244, ""max_units"": 555, ""momentum"": 0.4568522253985663, ""num_layers"": 5, ""weight_decay"": 0.05786774225048232}","{""time"": 160.23316955566406, ""val_accuracy"": 0.9089331030845642, ""val_cross_entropy"": 4.56795597076416, ""val_balanced_accuracy"": 0.010036812163889408, ""test_cross_entropy"": 4.632891654968262, ""test_balanced_accuracy"": 0.010045698843896389}"
2026-04-06T21:22:25.214883,random,lcbench,168329,0,19,22.44414520263672,"{""OpenML_task_id"": ""167201"", ""batch_size"": 150, ""epoch"": 7, ""learning_rate"": 0.022561805604769346, ""max_dropout"": 0.7617278639699009, ""max_units"": 205, ""momentum"": 0.3855412580326639, ""num_layers"": 2, ""weight_decay"": 0.08445160235857752}","{""time"": 22.44414520263672, ""val_accuracy"": 3.603914260864258, ""val_cross_entropy"": 4.297826290130615, ""val_balanced_accuracy"": 0.03207610547542572, ""test_cross_entropy"": 4.64400053024292, ""test_balanced_accuracy"": 0.031154228374361992}"
2026-04-06T21:22:25.215168,random,lcbench,168329,0,20,102.37380981445312,"{""OpenML_task_id"": ""146212"", ""batch_size"": 184, ""epoch"": 25, ""learning_rate"": 0.0014550900958424323, ""max_dropout"": 0.6206996005504699, ""max_units"": 262, ""momentum"": 0.575339985119763, ""num_layers"": 3, ""weight_decay"": 0.09408712975029433}","{""time"": 102.37380981445312, ""val_accuracy"": 4.01022481918335, ""val_cross_entropy"": 4.377975940704346, ""val_balanced_accuracy"": 0.02795807458460331, ""test_cross_entropy"": 4.643711566925049, ""test_balanced_accuracy"": 0.027932222932577133}"
2026-04-06T21:22:25.215392,random,lcbench,168329,0,21,59.20099639892578,"{""OpenML_task_id"": ""167104"", ""batch_size"": 33, ""epoch"": 9, ""learning_rate"": 0.010793937863069113, ""max_dropout"": 0.21372372089972702, ""max_units"": 343, ""momentum"": 0.24342405703351092, ""num_layers"": 3, ""weight_decay"": 0.06529698994135757}","{""time"": 59.20099639892578, ""val_accuracy"": 3.047212600708008, ""val_cross_entropy"": 4.366913318634033, ""val_balanced_accuracy"": 0.014902385883033276, ""test_cross_entropy"": 4.647949695587158, ""test_balanced_accuracy"": 0.01460213866084814}"
2026-04-06T21:22:25.215572,random,lcbench,168329,0,22,73.22100830078125,"{""OpenML_task_id"": ""167181"", ""batch_size"": 25, ""epoch"": 14, ""learning_rate"": 0.0003686258026459387, ""max_dropout"": 0.24423369496320912, ""max_units"": 128, ""momentum"": 0.12914060663397534, ""num_layers"": 5, ""weight_decay"": 0.08735275422600683}","{""time"": 73.22100830078125, ""val_accuracy"": 1.0913710594177246, ""val_cross_entropy"": 4.571648120880127, ""val_balanced_accuracy"": 0.01032742578536272, ""test_cross_entropy"": 4.599945545196533, ""test_balanced_accuracy"": 0.010399316437542439}"
2026-04-06T21:22:25.215741,random,lcbench,168329,0,23,76.92750549316406,"{""OpenML_task_id"": ""167168"", ""batch_size"": 411, ""epoch"": 28, ""learning_rate"": 0.0074329474581036736, ""max_dropout"": 0.4376193936622027, ""max_units"": 181, ""momentum"": 0.41962254053363757, ""num_layers"": 1, ""weight_decay"": 0.0713860948514722}","{""time"": 76.92750549316406, ""val_accuracy"": 14.648550987243652, ""val_cross_entropy"": 4.015561103820801, ""val_balanced_accuracy"": 0.11828020215034485, ""test_cross_entropy"": 4.642936706542969, ""test_balanced_accuracy"": 0.11548361927270889}"
2026-04-06T21:22:25.215946,random,lcbench,168329,0,24,210.55682373046875,"{""OpenML_task_id"": ""168331"", ""batch_size"": 19, ""epoch"": 25, ""learning_rate"": 0.020657309469890184, ""max_dropout"": 0.08938198966364352, ""max_units"": 138, ""momentum"": 0.20547823528478276, ""num_layers"": 4, ""weight_decay"": 0.07771225103956521}","{""time"": 210.55682373046875, ""val_accuracy"": 2.877744436264038, ""val_cross_entropy"": 4.437458038330078, ""val_balanced_accuracy"": 0.010297822766005993, ""test_cross_entropy"": 4.6365532875061035, ""test_balanced_accuracy"": 0.010164327919483185}"
2026-04-06T21:22:25.216141,random,lcbench,168329,0,25,74.450927734375,"{""OpenML_task_id"": ""168330"", ""batch_size"": 20, ""epoch"": 14, ""learning_rate"": 0.00035150240885455255, ""max_dropout"": 0.9436584159147388, ""max_units"": 417, ""momentum"": 0.3688735573212154, ""num_layers"": 2, ""weight_decay"": 0.041693382224862664}","{""time"": 74.450927734375, ""val_accuracy"": 12.821147918701172, ""val_cross_entropy"": 4.132235527038574, ""val_balanced_accuracy"": 0.0896342471241951, ""test_cross_entropy"": 4.635659694671631, ""test_balanced_accuracy"": 0.08823230862617493}"
2026-04-06T21:22:25.216321,random,lcbench,168329,0,26,58.65715026855469,"{""OpenML_task_id"": ""167185"", ""batch_size"": 116, ""epoch"": 20, ""learning_rate"": 0.004748518301897064, ""max_dropout"": 0.9849565758627247, ""max_units"": 93, ""momentum"": 0.21575721470611842, ""num_layers"": 3, ""weight_decay"": 0.055811600699934905}","{""time"": 58.65715026855469, ""val_accuracy"": 4.064622402191162, ""val_cross_entropy"": 4.363661766052246, ""val_balanced_accuracy"": 0.02301567606627941, ""test_cross_entropy"": 4.644212245941162, ""test_balanced_accuracy"": 0.022868996486067772}"
2026-04-06T21:22:25.216528,random,lcbench,168329,0,27,22.494346618652344,"{""OpenML_task_id"": ""167190"", ""batch_size"": 31, ""epoch"": 3, ""learning_rate"": 0.0005321814698141221, ""max_dropout"": 0.2620566246392597, ""max_units"": 318, ""momentum"": 0.36244198648105375, ""num_layers"": 1, ""weight_decay"": 0.013483323507061816}","{""time"": 22.494346618652344, ""val_accuracy"": 1.8067779541015625, ""val_cross_entropy"": 4.396064758300781, ""val_balanced_accuracy"": 0.016208691522479057, ""test_cross_entropy"": 4.6474127769470215, ""test_balanced_accuracy"": 0.014986015856266022}"
2026-04-06T21:22:25.216812,random,lcbench,168329,0,28,149.0090789794922,"{""OpenML_task_id"": ""168331"", ""batch_size"": 24, ""epoch"": 33, ""learning_rate"": 0.002196795908558728, ""max_dropout"": 0.30926631003557237, ""max_units"": 201, ""momentum"": 0.2580975004925578, ""num_layers"": 5, ""weight_decay"": 0.05180390039322646}","{""time"": 149.0090789794922, ""val_accuracy"": 4.640652179718018, ""val_cross_entropy"": 4.50684928894043, ""val_balanced_accuracy"": 0.010453148745000362, ""test_cross_entropy"": 4.620784282684326, ""test_balanced_accuracy"": 0.010493400506675243}"
2026-04-06T21:22:25.217130,random,lcbench,168329,0,29,73.2516860961914,"{""OpenML_task_id"": ""168868"", ""batch_size"": 308, ""epoch"": 11, ""learning_rate"": 0.0004755072491907617, ""max_dropout"": 0.545086251016598, ""max_units"": 349, ""momentum"": 0.793808586109317, ""num_layers"": 5, ""weight_decay"": 0.06055442462553846}","{""time"": 73.2516860961914, ""val_accuracy"": 0.5905398726463318, ""val_cross_entropy"": 4.587544918060303, ""val_balanced_accuracy"": 0.00977428536862135, ""test_cross_entropy"": 4.580954074859619, ""test_balanced_accuracy"": 0.00987971667200327}"
2026-04-06T21:22:25.217312,random,lcbench,168329,0,30,511.066650390625,"{""OpenML_task_id"": ""168335"", ""batch_size"": 19, ""epoch"": 51, ""learning_rate"": 0.0007606434352918593, ""max_dropout"": 0.25952338042441725, ""max_units"": 495, ""momentum"": 0.8039365497736055, ""num_layers"": 4, ""weight_decay"": 0.0060751428517779186}","{""time"": 511.066650390625, ""val_accuracy"": 25.305648803710938, ""val_cross_entropy"": 3.121906280517578, ""val_balanced_accuracy"": 0.17450831830501556, ""test_cross_entropy"": 4.61492395401001, ""test_balanced_accuracy"": 0.17518731951713562}"
2026-04-06T21:22:25.217480,random,lcbench,168329,0,31,71.47234344482422,"{""OpenML_task_id"": ""167161"", ""batch_size"": 406, ""epoch"": 31, ""learning_rate"": 0.04128122137729955, ""max_dropout"": 0.9134752726641733, ""max_units"": 96, ""momentum"": 0.5061346094967517, ""num_layers"": 4, ""weight_decay"": 0.017244326628637063}","{""time"": 71.47234344482422, ""val_accuracy"": 2.4301865100860596, ""val_cross_entropy"": 4.389464855194092, ""val_balanced_accuracy"": 0.014964821748435497, ""test_cross_entropy"": 4.647463798522949, ""test_balanced_accuracy"": 0.015045702457427979}"
2026-04-06T21:22:25.217687,random,lcbench,168329,0,32,221.5843048095703,"{""OpenML_task_id"": ""189354"", ""batch_size"": 19, ""epoch"": 43, ""learning_rate"": 0.00014834136664161138, ""max_dropout"": 0.8299726559273091, ""max_units"": 310, ""momentum"": 0.8130123275307436, ""num_layers"": 3, ""weight_decay"": 0.06334784338058394}","{""time"": 221.5843048095703, ""val_accuracy"": 5.120182991027832, ""val_cross_entropy"": 4.38209867477417, ""val_balanced_accuracy"": 0.02352474443614483, ""test_cross_entropy"": 4.6447834968566895, ""test_balanced_accuracy"": 0.023095006123185158}"
2026-04-06T21:22:25.217869,random,lcbench,168329,0,33,92.97786712646484,"{""OpenML_task_id"": ""34539"", ""batch_size"": 460, ""epoch"": 43, ""learning_rate"": 0.011121641059381137, ""max_dropout"": 0.9372360930086111, ""max_units"": 74, ""momentum"": 0.8602385224694923, ""num_layers"": 1, ""weight_decay"": 0.001988228422326653}","{""time"": 92.97786712646484, ""val_accuracy"": 25.844655990600586, ""val_cross_entropy"": 3.465984344482422, ""val_balanced_accuracy"": 0.20446422696113586, ""test_cross_entropy"": 4.586973667144775, ""test_balanced_accuracy"": 0.20272067189216614}"
2026-04-06T21:22:25.218046,random,lcbench,168329,0,34,66.59587860107422,"{""OpenML_task_id"": ""189908"", ""batch_size"": 64, ""epoch"": 26, ""learning_rate"": 0.013361777017630874, ""max_dropout"": 0.7077428850892641, ""max_units"": 285, ""momentum"": 0.7763238061177408, ""num_layers"": 1, ""weight_decay"": 0.08552827457878655}","{""time"": 66.59587860107422, ""val_accuracy"": 15.484471321105957, ""val_cross_entropy"": 3.949934720993042, ""val_balanced_accuracy"": 0.12112625688314438, ""test_cross_entropy"": 4.6379570960998535, ""test_balanced_accuracy"": 0.11740787327289581}"
2026-04-06T21:22:25.218210,random,lcbench,168329,0,35,166.9517364501953,"{""OpenML_task_id"": ""146212"", ""batch_size"": 390, ""epoch"": 29, ""learning_rate"": 0.0037602866779135723, ""max_dropout"": 0.13371074210330436, ""max_units"": 250, ""momentum"": 0.6750308227737223, ""num_layers"": 5, ""weight_decay"": 0.044882986759653375}","{""time"": 166.9517364501953, ""val_accuracy"": 0.733486533164978, ""val_cross_entropy"": 4.624594688415527, ""val_balanced_accuracy"": 0.009536725468933582, ""test_cross_entropy"": 4.612973690032959, ""test_balanced_accuracy"": 0.009569505229592323}"
2026-04-06T21:22:25.218369,random,lcbench,168329,0,36,253.9220733642578,"{""OpenML_task_id"": ""189354"", ""batch_size"": 27, ""epoch"": 15, ""learning_rate"": 0.023122514410173694, ""max_dropout"": 0.8939740137151616, ""max_units"": 441, ""momentum"": 0.7711850952852534, ""num_layers"": 5, ""weight_decay"": 0.06195448437432561}","{""time"": 253.9220733642578, ""val_accuracy"": 0.3344830572605133, ""val_cross_entropy"": 4.569024562835693, ""val_balanced_accuracy"": 0.009200955741107464, ""test_cross_entropy"": 4.611497402191162, ""test_balanced_accuracy"": 0.009244545362889767}"
2026-04-06T21:22:25.218526,random,lcbench,168329,0,37,100.63629913330078,"{""OpenML_task_id"": ""167149"", ""batch_size"": 396, ""epoch"": 33, ""learning_rate"": 0.016408916702290662, ""max_dropout"": 0.13477977172005406, ""max_units"": 264, ""momentum"": 0.2054605242000184, ""num_layers"": 1, ""weight_decay"": 0.062056935338807774}","{""time"": 100.63629913330078, ""val_accuracy"": 16.3870849609375, ""val_cross_entropy"": 3.943631649017334, ""val_balanced_accuracy"": 0.13108666241168976, ""test_cross_entropy"": 4.639410972595215, ""test_balanced_accuracy"": 0.12888535857200623}"
2026-04-06T21:22:25.218685,random,lcbench,168329,0,38,187.68331909179688,"{""OpenML_task_id"": ""168331"", ""batch_size"": 48, ""epoch"": 48, ""learning_rate"": 0.026963053162658443, ""max_dropout"": 0.7548207565036603, ""max_units"": 422, ""momentum"": 0.6784088126455469, ""num_layers"": 2, ""weight_decay"": 0.0004707352200638939}","{""time"": 187.68331909179688, ""val_accuracy"": 30.301687240600586, ""val_cross_entropy"": 3.0528976917266846, ""val_balanced_accuracy"": 0.24162457883358002, ""test_cross_entropy"": 4.5223846435546875, ""test_balanced_accuracy"": 0.24305470287799835}"
2026-04-06T21:22:25.218843,random,lcbench,168329,0,39,73.2265853881836,"{""OpenML_task_id"": ""126025"", ""batch_size"": 116, ""epoch"": 28, ""learning_rate"": 0.031330350595418784, ""max_dropout"": 0.5754830038344575, ""max_units"": 83, ""momentum"": 0.6290026865170734, ""num_layers"": 4, ""weight_decay"": 0.02383204236214487}","{""time"": 73.2265853881836, ""val_accuracy"": 2.1954152584075928, ""val_cross_entropy"": 4.3924880027771, ""val_balanced_accuracy"": 0.013317834585905075, ""test_cross_entropy"": 4.642972946166992, ""test_balanced_accuracy"": 0.013334889896214008}"
2026-04-06T21:22:25.218998,random,lcbench,168329,0,40,138.7499542236328,"{""OpenML_task_id"": ""168330"", ""batch_size"": 228, ""epoch"": 23, ""learning_rate"": 0.006304035388523531, ""max_dropout"": 0.9254330346439921, ""max_units"": 392, ""momentum"": 0.13867855198912044, ""num_layers"": 5, ""weight_decay"": 0.03132798749424963}","{""time"": 138.7499542236328, ""val_accuracy"": 1.3822615146636963, ""val_cross_entropy"": 4.618420600891113, ""val_balanced_accuracy"": 0.01025636401027441, ""test_cross_entropy"": 4.609817981719971, ""test_balanced_accuracy"": 0.010422668419778347}"
2026-04-06T21:22:25.219154,random,lcbench,168329,0,41,28.28976821899414,"{""OpenML_task_id"": ""3945"", ""batch_size"": 498, ""epoch"": 9, ""learning_rate"": 0.008225510882694121, ""max_dropout"": 0.2631192313619064, ""max_units"": 71, ""momentum"": 0.42908401998357415, ""num_layers"": 2, ""weight_decay"": 0.050557758345784715}","{""time"": 28.28976821899414, ""val_accuracy"": 5.592284202575684, ""val_cross_entropy"": 4.346997261047363, ""val_balanced_accuracy"": 0.046743243932724, ""test_cross_entropy"": 4.632137298583984, ""test_balanced_accuracy"": 0.04634437710046768}"
2026-04-06T21:22:25.219335,random,lcbench,168329,0,42,115.329833984375,"{""OpenML_task_id"": ""3945"", ""batch_size"": 58, ""epoch"": 39, ""learning_rate"": 0.030704472642136223, ""max_dropout"": 0.2178284182256971, ""max_units"": 190, ""momentum"": 0.10933798860569209, ""num_layers"": 2, ""weight_decay"": 0.00813564497714782}","{""time"": 115.329833984375, ""val_accuracy"": 25.597986221313477, ""val_cross_entropy"": 3.3400421142578125, ""val_balanced_accuracy"": 0.19589050114154816, ""test_cross_entropy"": 4.586673259735107, ""test_balanced_accuracy"": 0.1968669891357422}"
2026-04-06T21:22:25.219495,random,lcbench,168329,0,43,171.292724609375,"{""OpenML_task_id"": ""189865"", ""batch_size"": 24, ""epoch"": 42, ""learning_rate"": 0.0012427809906004586, ""max_dropout"": 0.09688491731122673, ""max_units"": 168, ""momentum"": 0.3301369587114215, ""num_layers"": 5, ""weight_decay"": 0.05334104320864216}","{""time"": 171.292724609375, ""val_accuracy"": 4.608641624450684, ""val_cross_entropy"": 4.49883508682251, ""val_balanced_accuracy"": 0.010421296581625938, ""test_cross_entropy"": 4.616351127624512, ""test_balanced_accuracy"": 0.010428773239254951}"
2026-04-06T21:22:25.219652,random,lcbench,168329,0,44,12.950590133666992,"{""OpenML_task_id"": ""146212"", ""batch_size"": 77, ""epoch"": 2, ""learning_rate"": 0.0006596706392018027, ""max_dropout"": 0.7513217280624321, ""max_units"": 208, ""momentum"": 0.5145307213259717, ""num_layers"": 1, ""weight_decay"": 0.0886307650856807}","{""time"": 12.950590133666992, ""val_accuracy"": 1.0265514850616455, ""val_cross_entropy"": 4.484466075897217, ""val_balanced_accuracy"": 0.012427682988345623, ""test_cross_entropy"": 4.64713716506958, ""test_balanced_accuracy"": 0.011248696595430374}"
2026-04-06T21:22:25.219806,random,lcbench,168329,0,45,85.97064971923828,"{""OpenML_task_id"": ""167104"", ""batch_size"": 43, ""epoch"": 20, ""learning_rate"": 0.006497998504546611, ""max_dropout"": 0.11239183592744262, ""max_units"": 344, ""momentum"": 0.7845990642989011, ""num_layers"": 2, ""weight_decay"": 0.06438781799051811}","{""time"": 85.97064971923828, ""val_accuracy"": 4.286355018615723, ""val_cross_entropy"": 4.149784564971924, ""val_balanced_accuracy"": 0.028037535026669502, ""test_cross_entropy"": 4.649110317230225, ""test_balanced_accuracy"": 0.027409054338932037}"
2026-04-06T21:22:25.220008,random,lcbench,168329,0,46,91.51506805419922,"{""OpenML_task_id"": ""189908"", ""batch_size"": 101, ""epoch"": 22, ""learning_rate"": 0.029100525213352314, ""max_dropout"": 0.42703604629360414, ""max_units"": 77, ""momentum"": 0.708517579278721, ""num_layers"": 5, ""weight_decay"": 0.08709321510719023}","{""time"": 91.51506805419922, ""val_accuracy"": 0.4380967617034912, ""val_cross_entropy"": 4.492787837982178, ""val_balanced_accuracy"": 0.010236234404146671, ""test_cross_entropy"": 4.615550518035889, ""test_balanced_accuracy"": 0.010223708115518093}"
2026-04-06T21:22:25.220177,random,lcbench,168329,0,47,56.34233093261719,"{""OpenML_task_id"": ""189873"", ""batch_size"": 103, ""epoch"": 14, ""learning_rate"": 0.00012132810124610158, ""max_dropout"": 0.5627156793595245, ""max_units"": 66, ""momentum"": 0.20216125996681422, ""num_layers"": 2, ""weight_decay"": 0.07052879175393191}","{""time"": 56.34233093261719, ""val_accuracy"": 1.341178297996521, ""val_cross_entropy"": 4.381602764129639, ""val_balanced_accuracy"": 0.013802368193864822, ""test_cross_entropy"": 4.645147800445557, ""test_balanced_accuracy"": 0.013249324634671211}"
2026-04-06T21:22:25.220342,random,lcbench,168329,0,48,76.03504943847656,"{""OpenML_task_id"": ""168330"", ""batch_size"": 107, ""epoch"": 24, ""learning_rate"": 0.014414434296885124, ""max_dropout"": 0.11586396576178914, ""max_units"": 233, ""momentum"": 0.5357311764917209, ""num_layers"": 2, ""weight_decay"": 0.024202657157388313}","{""time"": 76.03504943847656, ""val_accuracy"": 16.289731979370117, ""val_cross_entropy"": 3.6773245334625244, ""val_balanced_accuracy"": 0.1266903281211853, ""test_cross_entropy"": 4.616247177124023, ""test_balanced_accuracy"": 0.12654566764831543}"
2026-04-06T21:22:25.220614,random,lcbench,168329,0,49,66.59587860107422,"{""OpenML_task_id"": ""189909"", ""batch_size"": 18, ""epoch"": 14, ""learning_rate"": 0.00717857994323577, ""max_dropout"": 0.21812649166497677, ""max_units"": 893, ""momentum"": 0.8303524998399754, ""num_layers"": 1, ""weight_decay"": 0.031423316243458975}","{""time"": 66.59587860107422, ""val_accuracy"": 21.150114059448242, ""val_cross_entropy"": 3.662529468536377, ""val_balanced_accuracy"": 0.1606992930173874, ""test_cross_entropy"": 4.612743377685547, ""test_balanced_accuracy"": 0.15851326286792755}"
2026-04-06T21:22:25.220831,random,lcbench,168329,0,50,229.8911590576172,"{""OpenML_task_id"": ""168331"", ""batch_size"": 63, ""epoch"": 36, ""learning_rate"": 0.025352400569539604, ""max_dropout"": 0.7084796242279641, ""max_units"": 303, ""momentum"": 0.21698428151442267, ""num_layers"": 4, ""weight_decay"": 0.05785613190693784}","{""time"": 229.8911590576172, ""val_accuracy"": 3.2858293056488037, ""val_cross_entropy"": 4.494515895843506, ""val_balanced_accuracy"": 0.010338975116610527, ""test_cross_entropy"": 4.651992321014404, ""test_balanced_accuracy"": 0.010276572778820992}"
2026-04-06T21:22:25.221029,random,lcbench,168329,0,51,302.724365234375,"{""OpenML_task_id"": ""167152"", ""batch_size"": 66, ""epoch"": 52, ""learning_rate"": 0.000186920435937621, ""max_dropout"": 0.1507681650238436, ""max_units"": 699, ""momentum"": 0.8223162374377737, ""num_layers"": 2, ""weight_decay"": 0.02943658308558118}","{""time"": 302.724365234375, ""val_accuracy"": 15.682035446166992, ""val_cross_entropy"": 3.99267840385437, ""val_balanced_accuracy"": 0.11610689014196396, ""test_cross_entropy"": 4.645913124084473, ""test_balanced_accuracy"": 0.11447154730558395}"
2026-04-06T21:22:25.221204,random,lcbench,168329,0,52,143.9931640625,"{""OpenML_task_id"": ""167201"", ""batch_size"": 423, ""epoch"": 19, ""learning_rate"": 0.006203697061842515, ""max_dropout"": 0.7180502554736359, ""max_units"": 998, ""momentum"": 0.14756152509292192, ""num_layers"": 3, ""weight_decay"": 0.06389206478741297}","{""time"": 143.9931640625, ""val_accuracy"": 5.530759811401367, ""val_cross_entropy"": 4.276974201202393, ""val_balanced_accuracy"": 0.045431703329086304, ""test_cross_entropy"": 4.636573314666748, ""test_balanced_accuracy"": 0.04470926895737648}"
2026-04-06T21:22:25.221375,random,lcbench,168329,0,53,93.32369232177734,"{""OpenML_task_id"": ""168331"", ""batch_size"": 140, ""epoch"": 35, ""learning_rate"": 0.00017791813072003473, ""max_dropout"": 0.9091264980783267, ""max_units"": 245, ""momentum"": 0.9735392180899751, ""num_layers"": 1, ""weight_decay"": 0.060228763263057546}","{""time"": 93.32369232177734, ""val_accuracy"": 12.47998332977295, ""val_cross_entropy"": 4.109577178955078, ""val_balanced_accuracy"": 0.09929236024618149, ""test_cross_entropy"": 4.648269176483154, ""test_balanced_accuracy"": 0.09521354734897614}"
2026-04-06T21:22:25.221538,random,lcbench,168329,0,54,55.83753204345703,"{""OpenML_task_id"": ""167201"", ""batch_size"": 310, ""epoch"": 19, ""learning_rate"": 0.0024410281434882526, ""max_dropout"": 0.46859078625277506, ""max_units"": 91, ""momentum"": 0.38174738336645575, ""num_layers"": 2, ""weight_decay"": 0.0587720709521063}","{""time"": 55.83753204345703, ""val_accuracy"": 5.405536651611328, ""val_cross_entropy"": 4.325192928314209, ""val_balanced_accuracy"": 0.04459480196237564, ""test_cross_entropy"": 4.634242534637451, ""test_balanced_accuracy"": 0.043779999017715454}"
2026-04-06T21:22:25.221696,random,lcbench,168329,0,55,288.6764831542969,"{""OpenML_task_id"": ""167181"", ""batch_size"": 129, ""epoch"": 36, ""learning_rate"": 0.015734989066619454, ""max_dropout"": 0.19587966092420706, ""max_units"": 221, ""momentum"": 0.7755411237589198, ""num_layers"": 4, ""weight_decay"": 0.08737658005960848}","{""time"": 288.6764831542969, ""val_accuracy"": 1.6498914957046509, ""val_cross_entropy"": 4.474708080291748, ""val_balanced_accuracy"": 0.010329848155379295, ""test_cross_entropy"": 4.648157119750977, ""test_balanced_accuracy"": 0.010179577395319939}"
2026-04-06T21:22:25.221873,random,lcbench,168329,0,56,70.15177917480469,"{""OpenML_task_id"": ""126026"", ""batch_size"": 89, ""epoch"": 16, ""learning_rate"": 0.0012960002803037568, ""max_dropout"": 0.6222869484252758, ""max_units"": 90, ""momentum"": 0.2892737568022838, ""num_layers"": 4, ""weight_decay"": 0.015059475145796607}","{""time"": 70.15177917480469, ""val_accuracy"": 2.0793466567993164, ""val_cross_entropy"": 4.456747055053711, ""val_balanced_accuracy"": 0.016051756218075752, ""test_cross_entropy"": 4.641099452972412, ""test_balanced_accuracy"": 0.015988321974873543}"
2026-04-06T21:22:25.222032,random,lcbench,168329,0,57,301.1374816894531,"{""OpenML_task_id"": ""167104"", ""batch_size"": 426, ""epoch"": 19, ""learning_rate"": 0.00040448437202849106, ""max_dropout"": 0.8595806232322877, ""max_units"": 928, ""momentum"": 0.43860195315051864, ""num_layers"": 5, ""weight_decay"": 0.04630661542307895}","{""time"": 301.1374816894531, ""val_accuracy"": 0.6964314579963684, ""val_cross_entropy"": 4.639251232147217, ""val_balanced_accuracy"": 0.009395482949912548, ""test_cross_entropy"": 4.548859119415283, ""test_balanced_accuracy"": 0.009577229619026184}"
2026-04-06T21:22:25.222193,random,lcbench,168329,0,58,140.32850646972656,"{""OpenML_task_id"": ""3945"", ""batch_size"": 61, ""epoch"": 32, ""learning_rate"": 0.0005964464215610997, ""max_dropout"": 0.9852231895011881, ""max_units"": 266, ""momentum"": 0.4870768278497075, ""num_layers"": 3, ""weight_decay"": 0.007650306449738648}","{""time"": 140.32850646972656, ""val_accuracy"": 5.262179851531982, ""val_cross_entropy"": 4.3066277503967285, ""val_balanced_accuracy"": 0.03544364497065544, ""test_cross_entropy"": 4.64012336730957, ""test_balanced_accuracy"": 0.03509712591767311}"
2026-04-06T21:22:25.222358,random,lcbench,168329,0,59,67.11601257324219,"{""OpenML_task_id"": ""167161"", ""batch_size"": 16, ""epoch"": 13, ""learning_rate"": 0.01563426205862961, ""max_dropout"": 0.9174931153647844, ""max_units"": 495, ""momentum"": 0.43931091094265395, ""num_layers"": 2, ""weight_decay"": 0.08888698716064583}","{""time"": 67.11601257324219, ""val_accuracy"": 3.397700071334839, ""val_cross_entropy"": 4.3342976570129395, ""val_balanced_accuracy"": 0.021274859085679054, ""test_cross_entropy"": 4.641668796539307, ""test_balanced_accuracy"": 0.02036794275045395}"
2026-04-06T21:22:25.222514,random,lcbench,168329,0,60,75.56790161132812,"{""OpenML_task_id"": ""167152"", ""batch_size"": 229, ""epoch"": 30, ""learning_rate"": 0.016051628512655226, ""max_dropout"": 0.5795509887216216, ""max_units"": 205, ""momentum"": 0.9263936170626265, ""num_layers"": 3, ""weight_decay"": 0.021006357789612854}","{""time"": 75.56790161132812, ""val_accuracy"": 7.467833042144775, ""val_cross_entropy"": 3.824247360229492, ""val_balanced_accuracy"": 0.05637365207076073, ""test_cross_entropy"": 4.622857570648193, ""test_balanced_accuracy"": 0.05585978552699089}"
2026-04-06T21:22:25.222669,random,lcbench,168329,0,61,149.85552978515625,"{""OpenML_task_id"": ""189866"", ""batch_size"": 62, ""epoch"": 40, ""learning_rate"": 0.00015103142830133427, ""max_dropout"": 0.6288310183747746, ""max_units"": 104, ""momentum"": 0.4430380395769148, ""num_layers"": 4, ""weight_decay"": 0.0776037165865468}","{""time"": 149.85552978515625, ""val_accuracy"": 0.8358979225158691, ""val_cross_entropy"": 4.519989967346191, ""val_balanced_accuracy"": 0.010565136559307575, ""test_cross_entropy"": 4.657108306884766, ""test_balanced_accuracy"": 0.01046641543507576}"
2026-04-06T21:22:25.222824,random,lcbench,168329,0,62,30.983882904052734,"{""OpenML_task_id"": ""189908"", ""batch_size"": 41, ""epoch"": 7, ""learning_rate"": 0.005251976519120115, ""max_dropout"": 0.476850455675204, ""max_units"": 241, ""momentum"": 0.6969468304947506, ""num_layers"": 2, ""weight_decay"": 0.09374965996733597}","{""time"": 30.983882904052734, ""val_accuracy"": 3.5459368228912354, ""val_cross_entropy"": 4.2853593826293945, ""val_balanced_accuracy"": 0.024934247136116028, ""test_cross_entropy"": 4.64702033996582, ""test_balanced_accuracy"": 0.02416442707180977}"
2026-04-06T21:22:25.222978,random,lcbench,168329,0,63,41.95975875854492,"{""OpenML_task_id"": ""3945"", ""batch_size"": 358, ""epoch"": 5, ""learning_rate"": 0.00023111209201978625, ""max_dropout"": 0.2325224991345104, ""max_units"": 293, ""momentum"": 0.23915147128661027, ""num_layers"": 3, ""weight_decay"": 0.09557322503974607}","{""time"": 41.95975875854492, ""val_accuracy"": 1.0024653673171997, ""val_cross_entropy"": 4.392292499542236, ""val_balanced_accuracy"": 0.010186336003243923, ""test_cross_entropy"": 4.657314300537109, ""test_balanced_accuracy"": 0.0099018644541502}"
2026-04-06T21:22:25.223131,random,lcbench,168329,0,64,68.11585235595703,"{""OpenML_task_id"": ""189905"", ""batch_size"": 44, ""epoch"": 19, ""learning_rate"": 0.007537726477028548, ""max_dropout"": 0.08950300629875485, ""max_units"": 217, ""momentum"": 0.7517883301712369, ""num_layers"": 2, ""weight_decay"": 0.01631256680345719}","{""time"": 68.11585235595703, ""val_accuracy"": 19.777761459350586, ""val_cross_entropy"": 3.5236239433288574, ""val_balanced_accuracy"": 0.14998118579387665, ""test_cross_entropy"": 4.607518672943115, ""test_balanced_accuracy"": 0.15080560743808746}"
2026-04-06T21:22:25.223285,random,lcbench,168329,0,65,33.45488357543945,"{""OpenML_task_id"": ""3945"", ""batch_size"": 40, ""epoch"": 5, ""learning_rate"": 0.0001420176511341331, ""max_dropout"": 0.3505522678484865, ""max_units"": 262, ""momentum"": 0.9899504226703889, ""num_layers"": 2, ""weight_decay"": 0.03993821295867644}","{""time"": 33.45488357543945, ""val_accuracy"": 9.16064167022705, ""val_cross_entropy"": 4.211546897888184, ""val_balanced_accuracy"": 0.06418982148170471, ""test_cross_entropy"": 4.6420416831970215, ""test_balanced_accuracy"": 0.06299151480197906}"
2026-04-06T21:22:25.223438,random,lcbench,168329,0,66,111.62193298339844,"{""OpenML_task_id"": ""146212"", ""batch_size"": 84, ""epoch"": 32, ""learning_rate"": 0.08297289378884232, ""max_dropout"": 0.11095333979072675, ""max_units"": 90, ""momentum"": 0.8508289197962154, ""num_layers"": 2, ""weight_decay"": 0.09400415767291288}","{""time"": 111.62193298339844, ""val_accuracy"": 1.294370174407959, ""val_cross_entropy"": 4.348036289215088, ""val_balanced_accuracy"": 0.018445845693349838, ""test_cross_entropy"": 4.62878942489624, ""test_balanced_accuracy"": 0.01810898818075657}"
2026-04-06T21:22:25.223590,random,lcbench,168329,0,67,44.681766510009766,"{""OpenML_task_id"": ""126026"", ""batch_size"": 396, ""epoch"": 16, ""learning_rate"": 0.05041303401599035, ""max_dropout"": 0.6794150815890212, ""max_units"": 64, ""momentum"": 0.8189187015691297, ""num_layers"": 3, ""weight_decay"": 0.049181497092114806}","{""time"": 44.681766510009766, ""val_accuracy"": 1.1167876720428467, ""val_cross_entropy"": 4.523411750793457, ""val_balanced_accuracy"": 0.013151760213077068, ""test_cross_entropy"": 4.6284661293029785, ""test_balanced_accuracy"": 0.012952307239174843}"
2026-04-06T21:22:25.223741,random,lcbench,168329,0,68,37.9283447265625,"{""OpenML_task_id"": ""168329"", ""batch_size"": 21, ""epoch"": 9, ""learning_rate"": 0.0005300635308133658, ""max_dropout"": 0.7426930428739191, ""max_units"": 269, ""momentum"": 0.20334662631464173, ""num_layers"": 1, ""weight_decay"": 0.03270381331063578}","{""time"": 37.9283447265625, ""val_accuracy"": 8.127419471740723, ""val_cross_entropy"": 4.134188652038574, ""val_balanced_accuracy"": 0.06180190294981003, ""test_cross_entropy"": 4.638696193695068, ""test_balanced_accuracy"": 0.05920327454805374}"
2026-04-06T21:22:25.223893,random,lcbench,168329,0,69,147.4305419921875,"{""OpenML_task_id"": ""168908"", ""batch_size"": 33, ""epoch"": 45, ""learning_rate"": 0.00023473243777551685, ""max_dropout"": 0.2046982272531136, ""max_units"": 73, ""momentum"": 0.42363254575146714, ""num_layers"": 1, ""weight_decay"": 0.02661664385941768}","{""time"": 147.4305419921875, ""val_accuracy"": 9.152276039123535, ""val_cross_entropy"": 4.110376358032227, ""val_balanced_accuracy"": 0.07133845239877701, ""test_cross_entropy"": 4.620999813079834, ""test_balanced_accuracy"": 0.06934646517038345}"
2026-04-06T21:22:25.224061,random,lcbench,168329,0,70,78.44747924804688,"{""OpenML_task_id"": ""168908"", ""batch_size"": 91, ""epoch"": 25, ""learning_rate"": 0.0012035545231479277, ""max_dropout"": 0.25421244996851244, ""max_units"": 90, ""momentum"": 0.793987969786348, ""num_layers"": 5, ""weight_decay"": 0.06199019456193332}","{""time"": 78.44747924804688, ""val_accuracy"": 1.3450595140457153, ""val_cross_entropy"": 4.58612060546875, ""val_balanced_accuracy"": 0.009948414750397205, ""test_cross_entropy"": 4.623140335083008, ""test_balanced_accuracy"": 0.009943387471139431}"
2026-04-06T21:22:25.224215,random,lcbench,168329,0,71,126.36288452148438,"{""OpenML_task_id"": ""189906"", ""batch_size"": 31, ""epoch"": 17, ""learning_rate"": 0.006856694778719575, ""max_dropout"": 0.3359103040496939, ""max_units"": 365, ""momentum"": 0.34841613266115956, ""num_layers"": 5, ""weight_decay"": 0.010483514708082344}","{""time"": 126.36288452148438, ""val_accuracy"": 5.2425642013549805, ""val_cross_entropy"": 4.102896690368652, ""val_balanced_accuracy"": 0.02334955520927906, ""test_cross_entropy"": 4.632915019989014, ""test_balanced_accuracy"": 0.023850217461586}"
2026-04-06T21:22:25.224367,random,lcbench,168329,0,72,230.2830047607422,"{""OpenML_task_id"": ""168330"", ""batch_size"": 136, ""epoch"": 52, ""learning_rate"": 0.008890954634590343, ""max_dropout"": 0.13913693192734577, ""max_units"": 255, ""momentum"": 0.1710874435487206, ""num_layers"": 4, ""weight_decay"": 0.07497787203300448}","{""time"": 230.2830047607422, ""val_accuracy"": 3.9851160049438477, ""val_cross_entropy"": 4.464816570281982, ""val_balanced_accuracy"": 0.01051301322877407, ""test_cross_entropy"": 4.652100086212158, ""test_balanced_accuracy"": 0.010497785173356533}"
2026-04-06T21:22:25.224521,random,lcbench,168329,0,73,72.63811492919922,"{""OpenML_task_id"": ""168868"", ""batch_size"": 160, ""epoch"": 15, ""learning_rate"": 0.0002803215554913241, ""max_dropout"": 0.12718529945373136, ""max_units"": 141, ""momentum"": 0.3700153031356408, ""num_layers"": 1, ""weight_decay"": 0.055441422327098935}","{""time"": 72.63811492919922, ""val_accuracy"": 1.2277731895446777, ""val_cross_entropy"": 4.524633884429932, ""val_balanced_accuracy"": 0.012962613254785538, ""test_cross_entropy"": 4.642901420593262, ""test_balanced_accuracy"": 0.011978012509644032}"
2026-04-06T21:22:25.224673,random,lcbench,168329,0,74,243.36732482910156,"{""OpenML_task_id"": ""168908"", ""batch_size"": 23, ""epoch"": 50, ""learning_rate"": 0.0002041504522479176, ""max_dropout"": 0.9858458102672989, ""max_units"": 335, ""momentum"": 0.5002270907218556, ""num_layers"": 3, ""weight_decay"": 0.030462988615801694}","{""time"": 243.36732482910156, ""val_accuracy"": 5.411715984344482, ""val_cross_entropy"": 4.374927520751953, ""val_balanced_accuracy"": 0.035089895129203796, ""test_cross_entropy"": 4.636439800262451, ""test_balanced_accuracy"": 0.034628868103027344}"
2026-04-06T21:22:25.224898,random,lcbench,168329,0,75,105.6257095336914,"{""OpenML_task_id"": ""167161"", ""batch_size"": 294, ""epoch"": 11, ""learning_rate"": 0.00019890377320171145, ""max_dropout"": 0.26810059713144285, ""max_units"": 605, ""momentum"": 0.8075770073555866, ""num_layers"": 4, ""weight_decay"": 0.06983264155942392}","{""time"": 105.6257095336914, ""val_accuracy"": 1.2889944314956665, ""val_cross_entropy"": 4.413393020629883, ""val_balanced_accuracy"": 0.013394922949373722, ""test_cross_entropy"": 4.648159980773926, ""test_balanced_accuracy"": 0.013366058468818665}"
2026-04-06T21:22:25.225165,random,lcbench,168329,0,76,86.42245483398438,"{""OpenML_task_id"": ""167184"", ""batch_size"": 77, ""epoch"": 24, ""learning_rate"": 0.0004158227888650559, ""max_dropout"": 0.7648831892995847, ""max_units"": 78, ""momentum"": 0.4397612066551345, ""num_layers"": 4, ""weight_decay"": 0.05447906476502286}","{""time"": 86.42245483398438, ""val_accuracy"": 1.011944055557251, ""val_cross_entropy"": 4.4891676902771, ""val_balanced_accuracy"": 0.010950523428618908, ""test_cross_entropy"": 4.649229049682617, ""test_balanced_accuracy"": 0.010837612673640251}"
2026-04-06T21:22:25.225377,random,lcbench,168329,0,77,97.72185516357422,"{""OpenML_task_id"": ""167181"", ""batch_size"": 266, ""epoch"": 43, ""learning_rate"": 0.0012925980431680321, ""max_dropout"": 0.9558340502113786, ""max_units"": 211, ""momentum"": 0.285824205561681, ""num_layers"": 1, ""weight_decay"": 0.07341565897785188}","{""time"": 97.72185516357422, ""val_accuracy"": 7.150990009307861, ""val_cross_entropy"": 4.288524627685547, ""val_balanced_accuracy"": 0.05879815295338631, ""test_cross_entropy"": 4.647426128387451, ""test_balanced_accuracy"": 0.05591990798711777}"
2026-04-06T21:22:25.225567,random,lcbench,168329,0,78,897.0867309570312,"{""OpenML_task_id"": ""167168"", ""batch_size"": 40, ""epoch"": 46, ""learning_rate"": 0.00047132845709407014, ""max_dropout"": 0.4955642188967673, ""max_units"": 852, ""momentum"": 0.814185416029013, ""num_layers"": 5, ""weight_decay"": 0.04986948119737243}","{""time"": 897.0867309570312, ""val_accuracy"": 5.504030227661133, ""val_cross_entropy"": 4.540040493011475, ""val_balanced_accuracy"": 0.009722353890538216, ""test_cross_entropy"": 4.644899368286133, ""test_balanced_accuracy"": 0.009844654239714146}"
2026-04-06T21:22:25.225749,random,lcbench,168329,0,79,107.28931427001953,"{""OpenML_task_id"": ""126026"", ""batch_size"": 197, ""epoch"": 33, ""learning_rate"": 0.00499987890664097, ""max_dropout"": 0.9593293247710548, ""max_units"": 71, ""momentum"": 0.15152826955473347, ""num_layers"": 5, ""weight_decay"": 0.08940273831870452}","{""time"": 107.28931427001953, ""val_accuracy"": 0.46321338415145874, ""val_cross_entropy"": 4.6247639656066895, ""val_balanced_accuracy"": 0.009271545335650444, ""test_cross_entropy"": 4.579667568206787, ""test_balanced_accuracy"": 0.0093555161729455}"
2026-04-06T21:22:25.225923,random,lcbench,168329,0,80,210.44805908203125,"{""OpenML_task_id"": ""189905"", ""batch_size"": 23, ""epoch"": 50, ""learning_rate"": 0.0008196544136100694, ""max_dropout"": 0.14872531979230919, ""max_units"": 853, ""momentum"": 0.2183244262447629, ""num_layers"": 1, ""weight_decay"": 0.09883553508141867}","{""time"": 210.44805908203125, ""val_accuracy"": 16.127857208251953, ""val_cross_entropy"": 4.013110160827637, ""val_balanced_accuracy"": 0.12365739792585373, ""test_cross_entropy"": 4.6343817710876465, ""test_balanced_accuracy"": 0.12072723358869553}"
2026-04-06T21:22:25.226096,random,lcbench,168329,0,81,31.948856353759766,"{""OpenML_task_id"": ""189354"", ""batch_size"": 192, ""epoch"": 11, ""learning_rate"": 0.0021907164947768385, ""max_dropout"": 0.8700989847965656, ""max_units"": 76, ""momentum"": 0.543377085280444, ""num_layers"": 2, ""weight_decay"": 0.04552354161658208}","{""time"": 31.948856353759766, ""val_accuracy"": 5.823402404785156, ""val_cross_entropy"": 4.307856559753418, ""val_balanced_accuracy"": 0.04771565645933151, ""test_cross_entropy"": 4.635162353515625, ""test_balanced_accuracy"": 0.04658668115735054}"
2026-04-06T21:22:25.226263,random,lcbench,168329,0,82,25.093639373779297,"{""OpenML_task_id"": ""126026"", ""batch_size"": 23, ""epoch"": 7, ""learning_rate"": 0.03296774433180907, ""max_dropout"": 0.4870538244489053, ""max_units"": 71, ""momentum"": 0.6742219439161267, ""num_layers"": 2, ""weight_decay"": 0.08592641558098997}","{""time"": 25.093639373779297, ""val_accuracy"": 1.513941764831543, ""val_cross_entropy"": 4.366578102111816, ""val_balanced_accuracy"": 0.01709691621363163, ""test_cross_entropy"": 4.649402141571045, ""test_balanced_accuracy"": 0.016766231507062912}"
2026-04-06T21:22:25.226429,random,lcbench,168329,0,83,110.0977783203125,"{""OpenML_task_id"": ""167152"", ""batch_size"": 175, ""epoch"": 45, ""learning_rate"": 0.005833042406529837, ""max_dropout"": 0.5456087613666727, ""max_units"": 124, ""momentum"": 0.36460549095327877, ""num_layers"": 1, ""weight_decay"": 0.012142360065320037}","{""time"": 110.0977783203125, ""val_accuracy"": 18.2548770904541, ""val_cross_entropy"": 3.8129684925079346, ""val_balanced_accuracy"": 0.13709600269794464, ""test_cross_entropy"": 4.608480453491211, ""test_balanced_accuracy"": 0.13494348526000977}"
2026-04-06T21:22:25.226630,random,lcbench,168329,0,84,192.8721466064453,"{""OpenML_task_id"": ""189862"", ""batch_size"": 19, ""epoch"": 11, ""learning_rate"": 0.0006456235728463218, ""max_dropout"": 0.46464003250934427, ""max_units"": 1000, ""momentum"": 0.21778765941268097, ""num_layers"": 4, ""weight_decay"": 0.02176417180329702}","{""time"": 192.8721466064453, ""val_accuracy"": 5.231506824493408, ""val_cross_entropy"": 4.219607353210449, ""val_balanced_accuracy"": 0.03052159771323204, ""test_cross_entropy"": 4.6292805671691895, ""test_balanced_accuracy"": 0.030504893511533737}"
2026-04-06T21:22:25.226796,random,lcbench,168329,0,85,81.7370376586914,"{""OpenML_task_id"": ""189873"", ""batch_size"": 285, ""epoch"": 18, ""learning_rate"": 0.002305007742861982, ""max_dropout"": 0.4418863212150623, ""max_units"": 803, ""momentum"": 0.3233698167523216, ""num_layers"": 1, ""weight_decay"": 0.02893343563249922}","{""time"": 81.7370376586914, ""val_accuracy"": 6.851758003234863, ""val_cross_entropy"": 4.146409034729004, ""val_balanced_accuracy"": 0.05780404433608055, ""test_cross_entropy"": 4.624515056610107, ""test_balanced_accuracy"": 0.05484438315033913}"
2026-04-06T21:22:25.226957,random,lcbench,168329,0,86,146.14901733398438,"{""OpenML_task_id"": ""168335"", ""batch_size"": 50, ""epoch"": 42, ""learning_rate"": 0.010630698468888302, ""max_dropout"": 0.9802766244850114, ""max_units"": 212, ""momentum"": 0.6621758444396432, ""num_layers"": 5, ""weight_decay"": 0.008859215324283548}","{""time"": 146.14901733398438, ""val_accuracy"": 5.073781490325928, ""val_cross_entropy"": 4.183520317077637, ""val_balanced_accuracy"": 0.020671650767326355, ""test_cross_entropy"": 4.615365028381348, ""test_balanced_accuracy"": 0.021035462617874146}"
2026-04-06T21:22:25.227120,random,lcbench,168329,0,87,46.2756462097168,"{""OpenML_task_id"": ""168330"", ""batch_size"": 279, ""epoch"": 14, ""learning_rate"": 0.0003684787859142271, ""max_dropout"": 0.5537843170976453, ""max_units"": 70, ""momentum"": 0.1696416649622518, ""num_layers"": 1, ""weight_decay"": 0.08482890888334323}","{""time"": 46.2756462097168, ""val_accuracy"": 1.1463700532913208, ""val_cross_entropy"": 4.5455217361450195, ""val_balanced_accuracy"": 0.011432355269789696, ""test_cross_entropy"": 4.6445817947387695, ""test_balanced_accuracy"": 0.010476522147655487}"
2026-04-06T21:22:25.227278,random,lcbench,168329,0,88,135.61936950683594,"{""OpenML_task_id"": ""167190"", ""batch_size"": 20, ""epoch"": 34, ""learning_rate"": 0.01225497601768544, ""max_dropout"": 0.6398710603993722, ""max_units"": 103, ""momentum"": 0.1957206420291433, ""num_layers"": 3, ""weight_decay"": 0.055673761375332}","{""time"": 135.61936950683594, ""val_accuracy"": 4.352202892303467, ""val_cross_entropy"": 4.422430515289307, ""val_balanced_accuracy"": 0.012213092297315598, ""test_cross_entropy"": 4.640931606292725, ""test_balanced_accuracy"": 0.01197714451700449}"
2026-04-06T21:22:25.227434,random,lcbench,168329,0,89,288.6374206542969,"{""OpenML_task_id"": ""126025"", ""batch_size"": 49, ""epoch"": 31, ""learning_rate"": 0.0010632099086153918, ""max_dropout"": 0.09406300501842646, ""max_units"": 757, ""momentum"": 0.6606469297451398, ""num_layers"": 3, ""weight_decay"": 0.08912767493047326}","{""time"": 288.6374206542969, ""val_accuracy"": 4.115524768829346, ""val_cross_entropy"": 4.312846660614014, ""val_balanced_accuracy"": 0.01799059472978115, ""test_cross_entropy"": 4.644502639770508, ""test_balanced_accuracy"": 0.017727255821228027}"
2026-04-06T21:22:25.227589,random,lcbench,168329,0,90,156.68284606933594,"{""OpenML_task_id"": ""167161"", ""batch_size"": 55, ""epoch"": 48, ""learning_rate"": 0.004640535223248719, ""max_dropout"": 0.7508558410034774, ""max_units"": 551, ""momentum"": 0.324060353623372, ""num_layers"": 1, ""weight_decay"": 0.006835635557520053}","{""time"": 156.68284606933594, ""val_accuracy"": 23.04474639892578, ""val_cross_entropy"": 3.6553454399108887, ""val_balanced_accuracy"": 0.16996845602989197, ""test_cross_entropy"": 4.606283187866211, ""test_balanced_accuracy"": 0.16674202680587769}"
2026-04-06T21:22:25.227745,random,lcbench,168329,0,91,112.69288635253906,"{""OpenML_task_id"": ""167149"", ""batch_size"": 413, ""epoch"": 10, ""learning_rate"": 0.0004385501871007096, ""max_dropout"": 0.9873994373469027, ""max_units"": 599, ""momentum"": 0.6943565842956769, ""num_layers"": 5, ""weight_decay"": 0.03149761472712815}","{""time"": 112.69288635253906, ""val_accuracy"": 0.5633305311203003, ""val_cross_entropy"": 4.6640191078186035, ""val_balanced_accuracy"": 0.009223375469446182, ""test_cross_entropy"": 4.567138671875, ""test_balanced_accuracy"": 0.00940401665866375}"
2026-04-06T21:22:25.227898,random,lcbench,168329,0,92,77.42951965332031,"{""OpenML_task_id"": ""189866"", ""batch_size"": 85, ""epoch"": 23, ""learning_rate"": 0.00037166634847841696, ""max_dropout"": 0.6487209763546052, ""max_units"": 87, ""momentum"": 0.8414728937618078, ""num_layers"": 2, ""weight_decay"": 0.04738916701918613}","{""time"": 77.42951965332031, ""val_accuracy"": 6.748066425323486, ""val_cross_entropy"": 4.263199806213379, ""val_balanced_accuracy"": 0.05284462869167328, ""test_cross_entropy"": 4.638762474060059, ""test_balanced_accuracy"": 0.05150718614459038}"
2026-04-06T21:22:25.228055,random,lcbench,168329,0,93,6.88185453414917,"{""OpenML_task_id"": ""189905"", ""batch_size"": 138, ""epoch"": 1, ""learning_rate"": 0.06413841630396803, ""max_dropout"": 0.7218162155529854, ""max_units"": 849, ""momentum"": 0.5178385496143769, ""num_layers"": 3, ""weight_decay"": 0.014329268123638089}","{""time"": 6.88185453414917, ""val_accuracy"": 0.99383544921875, ""val_cross_entropy"": 4.418424129486084, ""val_balanced_accuracy"": 0.011928698047995567, ""test_cross_entropy"": 4.617946147918701, ""test_balanced_accuracy"": 0.011626129038631916}"
2026-04-06T21:22:25.228209,random,lcbench,168329,0,94,178.87306213378906,"{""OpenML_task_id"": ""189866"", ""batch_size"": 25, ""epoch"": 12, ""learning_rate"": 0.006373204566958978, ""max_dropout"": 0.07346761375502897, ""max_units"": 614, ""momentum"": 0.7860927882786009, ""num_layers"": 3, ""weight_decay"": 0.09231947104681985}","{""time"": 178.87306213378906, ""val_accuracy"": 1.9093098640441895, ""val_cross_entropy"": 4.4004740715026855, ""val_balanced_accuracy"": 0.010778448544442654, ""test_cross_entropy"": 4.6438517570495605, ""test_balanced_accuracy"": 0.010649441741406918}"
2026-04-06T21:22:25.228363,random,lcbench,168329,0,95,79.44034576416016,"{""OpenML_task_id"": ""167184"", ""batch_size"": 16, ""epoch"": 8, ""learning_rate"": 0.0001694175490859573, ""max_dropout"": 0.17715465958638021, ""max_units"": 528, ""momentum"": 0.32097927179618424, ""num_layers"": 2, ""weight_decay"": 0.010403057122095667}","{""time"": 79.44034576416016, ""val_accuracy"": 10.621241569519043, ""val_cross_entropy"": 4.168041706085205, ""val_balanced_accuracy"": 0.06585671007633209, ""test_cross_entropy"": 4.635987758636475, ""test_balanced_accuracy"": 0.06535131484270096}"
2026-04-06T21:22:25.228519,random,lcbench,168329,0,96,56.54034423828125,"{""OpenML_task_id"": ""167201"", ""batch_size"": 24, ""epoch"": 9, ""learning_rate"": 0.00013343864593979055, ""max_dropout"": 0.2986379057196745, ""max_units"": 173, ""momentum"": 0.5554099744208183, ""num_layers"": 4, ""weight_decay"": 0.07689461075293434}","{""time"": 56.54034423828125, ""val_accuracy"": 1.6435438394546509, ""val_cross_entropy"": 4.417158126831055, ""val_balanced_accuracy"": 0.012347656302154064, ""test_cross_entropy"": 4.656515598297119, ""test_balanced_accuracy"": 0.012315926142036915}"
2026-04-06T21:22:25.228672,random,lcbench,168329,0,97,10.034751892089844,"{""OpenML_task_id"": ""7593"", ""batch_size"": 100, ""epoch"": 3, ""learning_rate"": 0.031009833898901835, ""max_dropout"": 0.6300016012154586, ""max_units"": 74, ""momentum"": 0.493145925045139, ""num_layers"": 1, ""weight_decay"": 0.08553269378108137}","{""time"": 10.034751892089844, ""val_accuracy"": 14.700359344482422, ""val_cross_entropy"": 4.009063243865967, ""val_balanced_accuracy"": 0.11886142194271088, ""test_cross_entropy"": 4.638673782348633, ""test_balanced_accuracy"": 0.11568997800350189}"
2026-04-06T21:22:25.228847,random,lcbench,168329,0,98,236.68641662597656,"{""OpenML_task_id"": ""167161"", ""batch_size"": 139, ""epoch"": 45, ""learning_rate"": 0.0002826320895229386, ""max_dropout"": 0.029574130594275605, ""max_units"": 904, ""momentum"": 0.14638803744917656, ""num_layers"": 2, ""weight_decay"": 0.08367848481777483}","{""time"": 236.68641662597656, ""val_accuracy"": 8.756380081176758, ""val_cross_entropy"": 4.280575275421143, ""val_balanced_accuracy"": 0.07313612848520279, ""test_cross_entropy"": 4.637454986572266, ""test_balanced_accuracy"": 0.07256463170051575}"
2026-04-06T21:22:25.229006,random,lcbench,168329,0,99,6.580648899078369,"{""OpenML_task_id"": ""167184"", ""batch_size"": 30, ""epoch"": 1, ""learning_rate"": 0.0020146417369449267, ""max_dropout"": 0.7597491963806838, ""max_units"": 791, ""momentum"": 0.47988006560206065, ""num_layers"": 1, ""weight_decay"": 0.040076014805447785}","{""time"": 6.580648899078369, ""val_accuracy"": 0.8219314217567444, ""val_cross_entropy"": 4.612326145172119, ""val_balanced_accuracy"": 0.008432230912148952, ""test_cross_entropy"": 4.638478755950928, ""test_balanced_accuracy"": 0.007571993861347437}"
2026-04-06T21:22:25.229161,random,lcbench,168329,0,100,70.87132263183594,"{""OpenML_task_id"": ""189354"", ""batch_size"": 146, ""epoch"": 22, ""learning_rate"": 0.07572848396939506, ""max_dropout"": 0.1710340794577151, ""max_units"": 67, ""momentum"": 0.2941388445169807, ""num_layers"": 4, ""weight_decay"": 0.038782370005757585}","{""time"": 70.87132263183594, ""val_accuracy"": 1.1893904209136963, ""val_cross_entropy"": 4.508005142211914, ""val_balanced_accuracy"": 0.009908306412398815, ""test_cross_entropy"": 4.641936779022217, ""test_balanced_accuracy"": 0.009819898754358292}"
2026-04-06T21:22:25.229315,random,lcbench,168329,0,101,59.88428497314453,"{""OpenML_task_id"": ""189906"", ""batch_size"": 248, ""epoch"": 25, ""learning_rate"": 0.0033207138886329583, ""max_dropout"": 0.6913817446023561, ""max_units"": 86, ""momentum"": 0.75225454142594, ""num_layers"": 2, ""weight_decay"": 0.023900114081721435}","{""time"": 59.88428497314453, ""val_accuracy"": 10.278587341308594, ""val_cross_entropy"": 3.9587247371673584, ""val_balanced_accuracy"": 0.08259966969490051, ""test_cross_entropy"": 4.623355388641357, ""test_balanced_accuracy"": 0.0814945325255394}"
2026-04-06T21:22:25.229468,random,lcbench,168329,0,102,112.91879272460938,"{""OpenML_task_id"": ""168910"", ""batch_size"": 117, ""epoch"": 29, ""learning_rate"": 0.0002141062502490627, ""max_dropout"": 0.24872669118587543, ""max_units"": 119, ""momentum"": 0.8953470138026419, ""num_layers"": 2, ""weight_decay"": 0.05718059587953625}","{""time"": 112.91879272460938, ""val_accuracy"": 6.4454145431518555, ""val_cross_entropy"": 4.277251720428467, ""val_balanced_accuracy"": 0.049015846103429794, ""test_cross_entropy"": 4.6366286277771, ""test_balanced_accuracy"": 0.048053402453660965}"
2026-04-06T21:22:25.229620,random,lcbench,168329,0,103,11.779234886169434,"{""OpenML_task_id"": ""7593"", ""batch_size"": 120, ""epoch"": 1, ""learning_rate"": 0.00024735805670359065, ""max_dropout"": 0.14400542932883742, ""max_units"": 655, ""momentum"": 0.7458978367907659, ""num_layers"": 5, ""weight_decay"": 0.03213256502263537}","{""time"": 11.779234886169434, ""val_accuracy"": 0.7763788104057312, ""val_cross_entropy"": 4.465383052825928, ""val_balanced_accuracy"": 0.010205277241766453, ""test_cross_entropy"": 4.607860088348389, ""test_balanced_accuracy"": 0.010251005180180073}"
2026-04-06T21:22:25.229774,random,lcbench,168329,0,104,174.8904571533203,"{""OpenML_task_id"": ""168908"", ""batch_size"": 493, ""epoch"": 39, ""learning_rate"": 0.00033087628426023197, ""max_dropout"": 0.9133260904725181, ""max_units"": 128, ""momentum"": 0.44381396229781733, ""num_layers"": 5, ""weight_decay"": 0.05927586636858437}","{""time"": 174.8904571533203, ""val_accuracy"": 0.2650989890098572, ""val_cross_entropy"": 4.765711307525635, ""val_balanced_accuracy"": 0.007648416329175234, ""test_cross_entropy"": 4.489717960357666, ""test_balanced_accuracy"": 0.007838699035346508}"
2026-04-06T21:22:25.229982,random,lcbench,168329,0,105,79.55329895019531,"{""OpenML_task_id"": ""168910"", ""batch_size"": 21, ""epoch"": 13, ""learning_rate"": 0.0003441057825310289, ""max_dropout"": 0.25437599196210636, ""max_units"": 155, ""momentum"": 0.19498880429598198, ""num_layers"": 4, ""weight_decay"": 0.027421512119148304}","{""time"": 79.55329895019531, ""val_accuracy"": 3.182621717453003, ""val_cross_entropy"": 4.383300304412842, ""val_balanced_accuracy"": 0.018620220944285393, ""test_cross_entropy"": 4.64908504486084, ""test_balanced_accuracy"": 0.018652141094207764}"
2026-04-06T21:22:25.230193,random,lcbench,168329,0,106,55.9295654296875,"{""OpenML_task_id"": ""167161"", ""batch_size"": 19, ""epoch"": 16, ""learning_rate"": 0.0005101309572958241, ""max_dropout"": 0.8096567194128518, ""max_units"": 86, ""momentum"": 0.8081315552273998, ""num_layers"": 2, ""weight_decay"": 0.038616283265073006}","{""time"": 55.9295654296875, ""val_accuracy"": 9.51390266418457, ""val_cross_entropy"": 4.062136173248291, ""val_balanced_accuracy"": 0.06412778049707413, ""test_cross_entropy"": 4.63890266418457, ""test_balanced_accuracy"": 0.06282832473516464}"
2026-04-06T21:22:25.230370,random,lcbench,168329,0,107,99.2739028930664,"{""OpenML_task_id"": ""146212"", ""batch_size"": 202, ""epoch"": 18, ""learning_rate"": 0.0008383037134483579, ""max_dropout"": 0.16013355595452994, ""max_units"": 137, ""momentum"": 0.6256310765130483, ""num_layers"": 3, ""weight_decay"": 0.0005459023605701846}","{""time"": 99.2739028930664, ""val_accuracy"": 4.246870040893555, ""val_cross_entropy"": 4.223832607269287, ""val_balanced_accuracy"": 0.03112850897014141, ""test_cross_entropy"": 4.639976978302002, ""test_balanced_accuracy"": 0.031045852228999138}"
2026-04-06T21:22:25.230539,random,lcbench,168329,0,108,36.4794921875,"{""OpenML_task_id"": ""168908"", ""batch_size"": 119, ""epoch"": 6, ""learning_rate"": 0.00011207944733642243, ""max_dropout"": 0.9051149685772802, ""max_units"": 186, ""momentum"": 0.8235421003661293, ""num_layers"": 2, ""weight_decay"": 0.048050311867965594}","{""time"": 36.4794921875, ""val_accuracy"": 1.5810208320617676, ""val_cross_entropy"": 4.3604865074157715, ""val_balanced_accuracy"": 0.015479633584618568, ""test_cross_entropy"": 4.646662712097168, ""test_balanced_accuracy"": 0.014743832871317863}"
2026-04-06T21:22:25.230700,random,lcbench,168329,0,109,69.49637603759766,"{""OpenML_task_id"": ""189905"", ""batch_size"": 484, ""epoch"": 30, ""learning_rate"": 0.026426585778279225, ""max_dropout"": 0.6399401165089625, ""max_units"": 187, ""momentum"": 0.4245689425524719, ""num_layers"": 2, ""weight_decay"": 0.03377074062163349}","{""time"": 69.49637603759766, ""val_accuracy"": 9.973109245300293, ""val_cross_entropy"": 3.861199378967285, ""val_balanced_accuracy"": 0.08388250321149826, ""test_cross_entropy"": 4.636180400848389, ""test_balanced_accuracy"": 0.08322782069444656}"
2026-04-06T21:22:25.230864,random,lcbench,168329,0,110,145.85060119628906,"{""OpenML_task_id"": ""189862"", ""batch_size"": 18, ""epoch"": 51, ""learning_rate"": 0.0004023034515713531, ""max_dropout"": 0.7893009006044397, ""max_units"": 317, ""momentum"": 0.16338761940612603, ""num_layers"": 1, ""weight_decay"": 0.01980413394500324}","{""time"": 145.85060119628906, ""val_accuracy"": 14.4259033203125, ""val_cross_entropy"": 3.960090398788452, ""val_balanced_accuracy"": 0.10665404796600342, ""test_cross_entropy"": 4.6302313804626465, ""test_balanced_accuracy"": 0.10356980562210083}"
2026-04-06T21:22:25.231031,random,lcbench,168329,0,111,65.61835479736328,"{""OpenML_task_id"": ""189865"", ""batch_size"": 447, ""epoch"": 25, ""learning_rate"": 0.00321296873354191, ""max_dropout"": 0.1705871233808175, ""max_units"": 66, ""momentum"": 0.2999418519921883, ""num_layers"": 2, ""weight_decay"": 0.09967767931251557}","{""time"": 65.61835479736328, ""val_accuracy"": 5.100989818572998, ""val_cross_entropy"": 4.321813106536865, ""val_balanced_accuracy"": 0.040036559104919434, ""test_cross_entropy"": 4.634042739868164, ""test_balanced_accuracy"": 0.03979127109050751}"
2026-04-06T21:22:25.231210,random,lcbench,168329,0,112,672.3915405273438,"{""OpenML_task_id"": ""167184"", ""batch_size"": 61, ""epoch"": 43, ""learning_rate"": 0.00024575857614859465, ""max_dropout"": 0.09444587374602953, ""max_units"": 973, ""momentum"": 0.9033583977595517, ""num_layers"": 4, ""weight_decay"": 0.04015176106111634}","{""time"": 672.3915405273438, ""val_accuracy"": 4.845223426818848, ""val_cross_entropy"": 4.3277997970581055, ""val_balanced_accuracy"": 0.02130746841430664, ""test_cross_entropy"": 4.668899059295654, ""test_balanced_accuracy"": 0.0211141686886549}"
2026-04-06T21:22:25.231366,random,lcbench,168329,0,113,146.35540771484375,"{""OpenML_task_id"": ""167181"", ""batch_size"": 105, ""epoch"": 52, ""learning_rate"": 0.000372507793155463, ""max_dropout"": 0.5373419039668503, ""max_units"": 139, ""momentum"": 0.43811675407866013, ""num_layers"": 1, ""weight_decay"": 0.06257677179708898}","{""time"": 146.35540771484375, ""val_accuracy"": 6.55502462387085, ""val_cross_entropy"": 4.300725936889648, ""val_balanced_accuracy"": 0.053535304963588715, ""test_cross_entropy"": 4.634405612945557, ""test_balanced_accuracy"": 0.05111142247915268}"
2026-04-06T21:22:25.231523,random,lcbench,168329,0,114,330.3725280761719,"{""OpenML_task_id"": ""167184"", ""batch_size"": 196, ""epoch"": 43, ""learning_rate"": 0.007652421174923851, ""max_dropout"": 0.09726184650646497, ""max_units"": 383, ""momentum"": 0.6491726893610423, ""num_layers"": 5, ""weight_decay"": 0.04223369209526851}","{""time"": 330.3725280761719, ""val_accuracy"": 2.525336742401123, ""val_cross_entropy"": 4.572407245635986, ""val_balanced_accuracy"": 0.009615795686841011, ""test_cross_entropy"": 4.627793788909912, ""test_balanced_accuracy"": 0.009633492678403854}"
2026-04-06T21:22:25.231683,random,lcbench,168329,0,115,333.9577331542969,"{""OpenML_task_id"": ""168330"", ""batch_size"": 269, ""epoch"": 49, ""learning_rate"": 0.07276355877838778, ""max_dropout"": 0.2528980864833148, ""max_units"": 455, ""momentum"": 0.42328608028101833, ""num_layers"": 4, ""weight_decay"": 0.037662643238432256}","{""time"": 333.9577331542969, ""val_accuracy"": 3.305264711380005, ""val_cross_entropy"": 4.370375156402588, ""val_balanced_accuracy"": 0.011739146895706654, ""test_cross_entropy"": 4.662647724151611, ""test_balanced_accuracy"": 0.011764745227992535}"
2026-04-06T21:22:25.231836,random,lcbench,168329,0,116,129.1615753173828,"{""OpenML_task_id"": ""126025"", ""batch_size"": 66, ""epoch"": 43, ""learning_rate"": 0.0006770492343798267, ""max_dropout"": 0.809046097885574, ""max_units"": 430, ""momentum"": 0.5562770396171394, ""num_layers"": 1, ""weight_decay"": 0.013884207358116398}","{""time"": 129.1615753173828, ""val_accuracy"": 15.280591011047363, ""val_cross_entropy"": 3.897904872894287, ""val_balanced_accuracy"": 0.11486939340829849, ""test_cross_entropy"": 4.621321201324463, ""test_balanced_accuracy"": 0.11152077466249466}"
2026-04-06T21:22:25.231992,random,lcbench,168329,0,117,105.0762939453125,"{""OpenML_task_id"": ""126029"", ""batch_size"": 23, ""epoch"": 29, ""learning_rate"": 0.029437659658404138, ""max_dropout"": 0.1472037428114299, ""max_units"": 336, ""momentum"": 0.24048690577298354, ""num_layers"": 2, ""weight_decay"": 0.03808396802792039}","{""time"": 105.0762939453125, ""val_accuracy"": 10.636872291564941, ""val_cross_entropy"": 3.8746206760406494, ""val_balanced_accuracy"": 0.07034976035356522, ""test_cross_entropy"": 4.625085830688477, ""test_balanced_accuracy"": 0.06916918605566025}"
2026-04-06T21:22:25.232146,random,lcbench,168329,0,118,86.78083801269531,"{""OpenML_task_id"": ""189862"", ""batch_size"": 25, ""epoch"": 17, ""learning_rate"": 0.013088986561497365, ""max_dropout"": 0.6231853245849408, ""max_units"": 615, ""momentum"": 0.11057355151215725, ""num_layers"": 2, ""weight_decay"": 0.009601320193807442}","{""time"": 86.78083801269531, ""val_accuracy"": 23.913387298583984, ""val_cross_entropy"": 3.4352471828460693, ""val_balanced_accuracy"": 0.18044626712799072, ""test_cross_entropy"": 4.600099563598633, ""test_balanced_accuracy"": 0.1802433282136917}"
2026-04-06T21:22:25.232301,random,lcbench,168329,0,119,64.98247528076172,"{""OpenML_task_id"": ""189862"", ""batch_size"": 423, ""epoch"": 22, ""learning_rate"": 0.0580228417534193, ""max_dropout"": 0.14680758409378725, ""max_units"": 190, ""momentum"": 0.4984904722181973, ""num_layers"": 1, ""weight_decay"": 0.014141988216021455}","{""time"": 64.98247528076172, ""val_accuracy"": 22.956567764282227, ""val_cross_entropy"": 3.592155933380127, ""val_balanced_accuracy"": 0.17468349635601044, ""test_cross_entropy"": 4.620670795440674, ""test_balanced_accuracy"": 0.17368678748607635}"
2026-04-06T21:22:25.232456,random,lcbench,168329,0,120,31.225128173828125,"{""OpenML_task_id"": ""168910"", ""batch_size"": 137, ""epoch"": 7, ""learning_rate"": 0.05294666893589338, ""max_dropout"": 0.9641635431110598, ""max_units"": 548, ""momentum"": 0.31778683486882275, ""num_layers"": 1, ""weight_decay"": 0.0071005483463787876}","{""time"": 31.225128173828125, ""val_accuracy"": 22.97540283203125, ""val_cross_entropy"": 3.644198179244995, ""val_balanced_accuracy"": 0.16838186979293823, ""test_cross_entropy"": 4.608362674713135, ""test_balanced_accuracy"": 0.16496074199676514}"
2026-04-06T21:22:25.232609,random,lcbench,168329,0,121,107.33673095703125,"{""OpenML_task_id"": ""7593"", ""batch_size"": 70, ""epoch"": 42, ""learning_rate"": 0.09307548057960481, ""max_dropout"": 0.9935155607102529, ""max_units"": 731, ""momentum"": 0.7429315835772949, ""num_layers"": 2, ""weight_decay"": 0.043723519675647374}","{""time"": 107.33673095703125, ""val_accuracy"": 7.334589004516602, ""val_cross_entropy"": 4.006765842437744, ""val_balanced_accuracy"": 0.0642847791314125, ""test_cross_entropy"": 4.607041835784912, ""test_balanced_accuracy"": 0.06391981244087219}"
2026-04-06T21:22:25.232762,random,lcbench,168329,0,122,85.50768280029297,"{""OpenML_task_id"": ""167152"", ""batch_size"": 60, ""epoch"": 23, ""learning_rate"": 0.00015950455452327453, ""max_dropout"": 0.4196036814645844, ""max_units"": 97, ""momentum"": 0.5419798907971431, ""num_layers"": 1, ""weight_decay"": 0.054690108213729785}","{""time"": 85.50768280029297, ""val_accuracy"": 3.39677357673645, ""val_cross_entropy"": 4.386751651763916, ""val_balanced_accuracy"": 0.028801467269659042, ""test_cross_entropy"": 4.640904426574707, ""test_balanced_accuracy"": 0.027137773111462593}"
2026-04-06T21:22:25.233045,random,lcbench,168329,0,123,116.28225708007812,"{""OpenML_task_id"": ""126026"", ""batch_size"": 359, ""epoch"": 18, ""learning_rate"": 0.0011360024636520019, ""max_dropout"": 0.4725938234292001, ""max_units"": 300, ""momentum"": 0.2099055615042216, ""num_layers"": 4, ""weight_decay"": 0.03816227727033477}","{""time"": 116.28225708007812, ""val_accuracy"": 1.0220599174499512, ""val_cross_entropy"": 4.467834949493408, ""val_balanced_accuracy"": 0.011754740960896015, ""test_cross_entropy"": 4.649494171142578, ""test_balanced_accuracy"": 0.011711593717336655}"
2026-04-06T21:22:25.233335,random,lcbench,168329,0,124,129.40560913085938,"{""OpenML_task_id"": ""167104"", ""batch_size"": 26, ""epoch"": 33, ""learning_rate"": 0.09081140328572175, ""max_dropout"": 0.5124188353411491, ""max_units"": 85, ""momentum"": 0.47916943202525675, ""num_layers"": 5, ""weight_decay"": 0.04850185333030509}","{""time"": 129.40560913085938, ""val_accuracy"": 1.1227294206619263, ""val_cross_entropy"": 4.426723003387451, ""val_balanced_accuracy"": 0.010861140675842762, ""test_cross_entropy"": 4.612459182739258, ""test_balanced_accuracy"": 0.010985060594975948}"
2026-04-06T21:22:25.233566,random,lcbench,168329,0,125,558.3224487304688,"{""OpenML_task_id"": ""34539"", ""batch_size"": 214, ""epoch"": 45, ""learning_rate"": 0.0002705713727930005, ""max_dropout"": 0.8966341109480824, ""max_units"": 829, ""momentum"": 0.731844987161863, ""num_layers"": 5, ""weight_decay"": 0.06470414982006376}","{""time"": 558.3224487304688, ""val_accuracy"": 1.5389741659164429, ""val_cross_entropy"": 4.6337761878967285, ""val_balanced_accuracy"": 0.009712179191410542, ""test_cross_entropy"": 4.597188472747803, ""test_balanced_accuracy"": 0.009869716130197048}"
2026-04-06T21:22:25.233773,random,lcbench,168329,0,126,711.0448608398438,"{""OpenML_task_id"": ""168908"", ""batch_size"": 224, ""epoch"": 28, ""learning_rate"": 0.040221055480485546, ""max_dropout"": 0.3028168887691065, ""max_units"": 482, ""momentum"": 0.8071164188571106, ""num_layers"": 5, ""weight_decay"": 0.06308809829098513}","{""time"": 711.0448608398438, ""val_accuracy"": 0.47536635398864746, ""val_cross_entropy"": 4.680279731750488, ""val_balanced_accuracy"": 0.009448316879570484, ""test_cross_entropy"": 4.60075569152832, ""test_balanced_accuracy"": 0.009389213286340237}"
2026-04-06T21:22:25.233951,random,lcbench,168329,0,127,100.09245300292969,"{""OpenML_task_id"": ""3945"", ""batch_size"": 96, ""epoch"": 20, ""learning_rate"": 0.00010497991908190485, ""max_dropout"": 0.38123244016077007, ""max_units"": 156, ""momentum"": 0.23391516132798318, ""num_layers"": 4, ""weight_decay"": 0.07723199164235169}","{""time"": 100.09245300292969, ""val_accuracy"": 0.742216169834137, ""val_cross_entropy"": 4.4610395431518555, ""val_balanced_accuracy"": 0.01090600062161684, ""test_cross_entropy"": 4.649358749389648, ""test_balanced_accuracy"": 0.010872664861381054}"
2026-04-06T21:22:25.234122,random,lcbench,168329,0,128,80.12223815917969,"{""OpenML_task_id"": ""167149"", ""batch_size"": 20, ""epoch"": 26, ""learning_rate"": 0.0010824839692078828, ""max_dropout"": 0.28746077057535036, ""max_units"": 64, ""momentum"": 0.8845873997348749, ""num_layers"": 1, ""weight_decay"": 0.01821674888255362}","{""time"": 80.12223815917969, ""val_accuracy"": 22.939977645874023, ""val_cross_entropy"": 3.6436269283294678, ""val_balanced_accuracy"": 0.1703176349401474, ""test_cross_entropy"": 4.6156721115112305, ""test_balanced_accuracy"": 0.168374165892601}"
2026-04-06T21:22:25.234288,random,lcbench,168329,0,129,48.537479400634766,"{""OpenML_task_id"": ""168908"", ""batch_size"": 39, ""epoch"": 23, ""learning_rate"": 0.05420307819990443, ""max_dropout"": 0.37192512637717656, ""max_units"": 68, ""momentum"": 0.8473896114557687, ""num_layers"": 1, ""weight_decay"": 0.044906851227880726}","{""time"": 48.537479400634766, ""val_accuracy"": 15.117351531982422, ""val_cross_entropy"": 3.7355549335479736, ""val_balanced_accuracy"": 0.13336549699306488, ""test_cross_entropy"": 4.618729591369629, ""test_balanced_accuracy"": 0.1314825564622879}"
2026-04-06T21:22:25.234456,random,lcbench,168329,0,130,346.7812805175781,"{""OpenML_task_id"": ""167152"", ""batch_size"": 174, ""epoch"": 24, ""learning_rate"": 0.003428514821490598, ""max_dropout"": 0.6201527539132513, ""max_units"": 520, ""momentum"": 0.9392638597181598, ""num_layers"": 5, ""weight_decay"": 0.09795329233287324}","{""time"": 346.7812805175781, ""val_accuracy"": 1.0940659046173096, ""val_cross_entropy"": 4.674263000488281, ""val_balanced_accuracy"": 0.009136791341006756, ""test_cross_entropy"": 4.605454444885254, ""test_balanced_accuracy"": 0.00912312138825655}"
2026-04-06T21:22:25.234973,random,lcbench,168329,0,131,172.13079833984375,"{""OpenML_task_id"": ""167181"", ""batch_size"": 16, ""epoch"": 46, ""learning_rate"": 0.04522493489331256, ""max_dropout"": 0.8246869343274168, ""max_units"": 593, ""momentum"": 0.6562201741726815, ""num_layers"": 2, ""weight_decay"": 0.05914832021952338}","{""time"": 172.13079833984375, ""val_accuracy"": 5.292568206787109, ""val_cross_entropy"": 4.171901226043701, ""val_balanced_accuracy"": 0.03256234526634216, ""test_cross_entropy"": 4.655755043029785, ""test_balanced_accuracy"": 0.03186682239174843}"
2026-04-06T21:22:25.237011,random,lcbench,168329,0,132,36.17967987060547,"{""OpenML_task_id"": ""189909"", ""batch_size"": 38, ""epoch"": 8, ""learning_rate"": 0.0033548465418694637, ""max_dropout"": 0.28521852330804043, ""max_units"": 276, ""momentum"": 0.46859320238893076, ""num_layers"": 1, ""weight_decay"": 0.03505756717651451}","{""time"": 36.17967987060547, ""val_accuracy"": 17.891897201538086, ""val_cross_entropy"": 3.8338727951049805, ""val_balanced_accuracy"": 0.1364024579524994, ""test_cross_entropy"": 4.620351791381836, ""test_balanced_accuracy"": 0.1337343454360962}"
2026-04-06T21:22:25.237569,random,lcbench,168329,0,133,142.4411163330078,"{""OpenML_task_id"": ""168868"", ""batch_size"": 123, ""epoch"": 32, ""learning_rate"": 0.010462914661947783, ""max_dropout"": 0.2773109611961059, ""max_units"": 902, ""momentum"": 0.7777326978953212, ""num_layers"": 2, ""weight_decay"": 0.06349384894888269}","{""time"": 142.4411163330078, ""val_accuracy"": 5.067939281463623, ""val_cross_entropy"": 4.130746364593506, ""val_balanced_accuracy"": 0.035667166113853455, ""test_cross_entropy"": 4.638010501861572, ""test_balanced_accuracy"": 0.034716229885816574}"
2026-04-06T21:22:25.239478,random,lcbench,168329,0,134,199.54330444335938,"{""OpenML_task_id"": ""167104"", ""batch_size"": 81, ""epoch"": 47, ""learning_rate"": 0.00032324998918600265, ""max_dropout"": 0.0030247086931867173, ""max_units"": 400, ""momentum"": 0.348041777982076, ""num_layers"": 2, ""weight_decay"": 0.09357370745933534}","{""time"": 199.54330444335938, ""val_accuracy"": 7.648632049560547, ""val_cross_entropy"": 4.287651062011719, ""val_balanced_accuracy"": 0.058988213539123535, ""test_cross_entropy"": 4.639418601989746, ""test_balanced_accuracy"": 0.05831032246351242}"
2026-04-06T21:22:25.239756,random,lcbench,168329,0,135,104.52826690673828,"{""OpenML_task_id"": ""168908"", ""batch_size"": 231, ""epoch"": 20, ""learning_rate"": 0.00011410777546524118, ""max_dropout"": 0.40999520594929484, ""max_units"": 137, ""momentum"": 0.2656455393456122, ""num_layers"": 5, ""weight_decay"": 0.058050852557306847}","{""time"": 104.52826690673828, ""val_accuracy"": 0.38145285844802856, ""val_cross_entropy"": 4.600439071655273, ""val_balanced_accuracy"": 0.009033169597387314, ""test_cross_entropy"": 4.532616138458252, ""test_balanced_accuracy"": 0.009183404967188835}"
2026-04-06T21:22:25.239953,random,lcbench,168329,0,136,285.0411071777344,"{""OpenML_task_id"": ""167190"", ""batch_size"": 63, ""epoch"": 46, ""learning_rate"": 0.04376637406639625, ""max_dropout"": 0.44585897417843035, ""max_units"": 154, ""momentum"": 0.8270937958866006, ""num_layers"": 4, ""weight_decay"": 0.04127703326709598}","{""time"": 285.0411071777344, ""val_accuracy"": 2.309366464614868, ""val_cross_entropy"": 4.308125972747803, ""val_balanced_accuracy"": 0.011147074401378632, ""test_cross_entropy"": 4.615859031677246, ""test_balanced_accuracy"": 0.011106899008154869}"
2026-04-06T21:22:25.241065,random,lcbench,168329,0,137,128.98727416992188,"{""OpenML_task_id"": ""167190"", ""batch_size"": 23, ""epoch"": 38, ""learning_rate"": 0.00011838674416012867, ""max_dropout"": 0.7834960647191967, ""max_units"": 593, ""momentum"": 0.2753360297616537, ""num_layers"": 1, ""weight_decay"": 0.04507108022255864}","{""time"": 128.98727416992188, ""val_accuracy"": 6.049019813537598, ""val_cross_entropy"": 4.253084182739258, ""val_balanced_accuracy"": 0.046379219740629196, ""test_cross_entropy"": 4.636415004730225, ""test_balanced_accuracy"": 0.043687909841537476}"
2026-04-06T21:22:25.241779,random,lcbench,168329,0,138,162.94680786132812,"{""OpenML_task_id"": ""168868"", ""batch_size"": 49, ""epoch"": 52, ""learning_rate"": 0.017717060785703426, ""max_dropout"": 0.05009959522094665, ""max_units"": 447, ""momentum"": 0.33122696638868887, ""num_layers"": 1, ""weight_decay"": 0.007598804436103866}","{""time"": 162.94680786132812, ""val_accuracy"": 25.995689392089844, ""val_cross_entropy"": 3.5717387199401855, ""val_balanced_accuracy"": 0.1876741647720337, ""test_cross_entropy"": 4.592167854309082, ""test_balanced_accuracy"": 0.18574826419353485}"
2026-04-06T21:22:25.243116,random,lcbench,168329,0,139,123.14862823486328,"{""OpenML_task_id"": ""3945"", ""batch_size"": 331, ""epoch"": 51, ""learning_rate"": 0.0001682700577072395, ""max_dropout"": 0.632678586411249, ""max_units"": 147, ""momentum"": 0.8723442346130272, ""num_layers"": 1, ""weight_decay"": 0.03810149057379477}","{""time"": 123.14862823486328, ""val_accuracy"": 2.748934268951416, ""val_cross_entropy"": 4.469631195068359, ""val_balanced_accuracy"": 0.027242792770266533, ""test_cross_entropy"": 4.647943019866943, ""test_balanced_accuracy"": 0.025271989405155182}"
2026-04-06T21:22:25.244060,random,lcbench,168329,0,140,208.1151123046875,"{""OpenML_task_id"": ""34539"", ""batch_size"": 42, ""epoch"": 35, ""learning_rate"": 0.0002829714933385775, ""max_dropout"": 0.08879804211446818, ""max_units"": 249, ""momentum"": 0.793981876152486, ""num_layers"": 4, ""weight_decay"": 0.04720748390056719}","{""time"": 208.1151123046875, ""val_accuracy"": 4.3049702644348145, ""val_cross_entropy"": 4.416647434234619, ""val_balanced_accuracy"": 0.017644373700022697, ""test_cross_entropy"": 4.646477222442627, ""test_balanced_accuracy"": 0.017796197906136513}"
2026-04-06T21:22:25.244734,random,lcbench,168329,0,141,652.5272827148438,"{""OpenML_task_id"": ""126026"", ""batch_size"": 63, ""epoch"": 18, ""learning_rate"": 0.016756478371687842, ""max_dropout"": 0.7991375703900739, ""max_units"": 813, ""momentum"": 0.6840145356458441, ""num_layers"": 5, ""weight_decay"": 0.08102647666227208}","{""time"": 652.5272827148438, ""val_accuracy"": 0.48214641213417053, ""val_cross_entropy"": 4.622640132904053, ""val_balanced_accuracy"": 0.009230326861143112, ""test_cross_entropy"": 4.591362476348877, ""test_balanced_accuracy"": 0.009260287508368492}"
2026-04-06T21:22:25.245286,random,lcbench,168329,0,142,94.06415557861328,"{""OpenML_task_id"": ""7593"", ""batch_size"": 82, ""epoch"": 26, ""learning_rate"": 0.0014898717147033376, ""max_dropout"": 0.046472662502201834, ""max_units"": 326, ""momentum"": 0.9222797792884623, ""num_layers"": 1, ""weight_decay"": 0.09490025239439975}","{""time"": 94.06415557861328, ""val_accuracy"": 16.467138290405273, ""val_cross_entropy"": 3.9807276725769043, ""val_balanced_accuracy"": 0.131469264626503, ""test_cross_entropy"": 4.635457515716553, ""test_balanced_accuracy"": 0.1282101273536682}"
2026-04-06T21:22:25.245814,random,lcbench,168329,0,143,60.69028854370117,"{""OpenML_task_id"": ""168910"", ""batch_size"": 100, ""epoch"": 9, ""learning_rate"": 0.0018218200342222902, ""max_dropout"": 0.26627948159397186, ""max_units"": 665, ""momentum"": 0.41058109183019764, ""num_layers"": 2, ""weight_decay"": 0.039933444805977804}","{""time"": 60.69028854370117, ""val_accuracy"": 12.009279251098633, ""val_cross_entropy"": 4.041102409362793, ""val_balanced_accuracy"": 0.09485283493995667, ""test_cross_entropy"": 4.628069877624512, ""test_balanced_accuracy"": 0.09356145560741425}"
2026-04-06T21:22:25.246368,random,lcbench,168329,0,144,71.51835632324219,"{""OpenML_task_id"": ""167104"", ""batch_size"": 143, ""epoch"": 14, ""learning_rate"": 0.0029222122883616523, ""max_dropout"": 0.15350274408858944, ""max_units"": 967, ""momentum"": 0.5110986409404233, ""num_layers"": 1, ""weight_decay"": 0.011738861634628082}","{""time"": 71.51835632324219, ""val_accuracy"": 16.03491973876953, ""val_cross_entropy"": 3.818467140197754, ""val_balanced_accuracy"": 0.12116830796003342, ""test_cross_entropy"": 4.613112449645996, ""test_balanced_accuracy"": 0.11824411153793335}"
2026-04-06T21:22:25.246889,random,lcbench,168329,0,145,93.63465881347656,"{""OpenML_task_id"": ""189866"", ""batch_size"": 214, ""epoch"": 24, ""learning_rate"": 0.016461187333037655, ""max_dropout"": 0.1563145631471099, ""max_units"": 638, ""momentum"": 0.6131343281062157, ""num_layers"": 1, ""weight_decay"": 0.05177398825323394}","{""time"": 93.63465881347656, ""val_accuracy"": 17.31560707092285, ""val_cross_entropy"": 3.8356103897094727, ""val_balanced_accuracy"": 0.13817231357097626, ""test_cross_entropy"": 4.625723361968994, ""test_balanced_accuracy"": 0.13502073287963867}"
2026-04-06T21:22:25.247479,random,lcbench,168329,0,146,444.363525390625,"{""OpenML_task_id"": ""168908"", ""batch_size"": 511, ""epoch"": 47, ""learning_rate"": 0.0005727414759813316, ""max_dropout"": 0.2552263464772552, ""max_units"": 563, ""momentum"": 0.16066495729911726, ""num_layers"": 4, ""weight_decay"": 0.08042148684687}","{""time"": 444.363525390625, ""val_accuracy"": 1.010006070137024, ""val_cross_entropy"": 4.529487133026123, ""val_balanced_accuracy"": 0.011238745413720608, ""test_cross_entropy"": 4.637202262878418, ""test_balanced_accuracy"": 0.011394129134714603}"
2026-04-06T21:22:25.247773,random,lcbench,168329,0,147,73.60169982910156,"{""OpenML_task_id"": ""168331"", ""batch_size"": 16, ""epoch"": 8, ""learning_rate"": 0.0011962988748991927, ""max_dropout"": 0.2611735113505247, ""max_units"": 420, ""momentum"": 0.17477497931431135, ""num_layers"": 5, ""weight_decay"": 0.09914348171150424}","{""time"": 73.60169982910156, ""val_accuracy"": 3.2641663551330566, ""val_cross_entropy"": 4.525289535522461, ""val_balanced_accuracy"": 0.01070434506982565, ""test_cross_entropy"": 4.617506504058838, ""test_balanced_accuracy"": 0.010920404456555843}"
2026-04-06T21:22:25.248412,random,lcbench,168329,0,148,38.689727783203125,"{""OpenML_task_id"": ""168329"", ""batch_size"": 20, ""epoch"": 7, ""learning_rate"": 0.00011088130604500135, ""max_dropout"": 0.8223233546654787, ""max_units"": 181, ""momentum"": 0.6315435066143879, ""num_layers"": 2, ""weight_decay"": 0.07898331382377446}","{""time"": 38.689727783203125, ""val_accuracy"": 4.877305030822754, ""val_cross_entropy"": 4.321243762969971, ""val_balanced_accuracy"": 0.035175736993551254, ""test_cross_entropy"": 4.645984649658203, ""test_balanced_accuracy"": 0.03424638882279396}"
2026-04-06T21:22:25.248768,random,lcbench,168329,0,149,144.79080200195312,"{""OpenML_task_id"": ""168910"", ""batch_size"": 350, ""epoch"": 37, ""learning_rate"": 0.0013602208304274218, ""max_dropout"": 0.5637655475947235, ""max_units"": 156, ""momentum"": 0.39016982944549683, ""num_layers"": 5, ""weight_decay"": 0.06887983839634805}","{""time"": 144.79080200195312, ""val_accuracy"": 0.4658084213733673, ""val_cross_entropy"": 4.635187149047852, ""val_balanced_accuracy"": 0.009329250082373619, ""test_cross_entropy"": 4.583963871002197, ""test_balanced_accuracy"": 0.009447992779314518}"
2026-04-06T21:22:25.249328,random,lcbench,168329,0,150,118.81322479248047,"{""OpenML_task_id"": ""189908"", ""batch_size"": 91, ""epoch"": 32, ""learning_rate"": 0.0035855752945998147, ""max_dropout"": 0.90480969262742, ""max_units"": 237, ""momentum"": 0.32352230095713297, ""num_layers"": 3, ""weight_decay"": 0.05811747052197796}","{""time"": 118.81322479248047, ""val_accuracy"": 4.200716495513916, ""val_cross_entropy"": 4.373692035675049, ""val_balanced_accuracy"": 0.021063165739178658, ""test_cross_entropy"": 4.641839504241943, ""test_balanced_accuracy"": 0.020736057311296463}"
2026-04-06T21:22:25.249870,random,lcbench,168329,0,151,32.60425567626953,"{""OpenML_task_id"": ""189866"", ""batch_size"": 53, ""epoch"": 7, ""learning_rate"": 0.040281979842179946, ""max_dropout"": 0.7303250807331236, ""max_units"": 315, ""momentum"": 0.4823681817603357, ""num_layers"": 2, ""weight_decay"": 0.09547832670538522}","{""time"": 32.60425567626953, ""val_accuracy"": 1.9304497241973877, ""val_cross_entropy"": 4.372032642364502, ""val_balanced_accuracy"": 0.018838344141840935, ""test_cross_entropy"": 4.641977787017822, ""test_balanced_accuracy"": 0.018203912302851677}"
2026-04-06T21:22:25.251653,random,lcbench,168329,0,152,268.6839599609375,"{""OpenML_task_id"": ""167149"", ""batch_size"": 401, ""epoch"": 36, ""learning_rate"": 0.003347429922444151, ""max_dropout"": 0.22882664267552688, ""max_units"": 807, ""momentum"": 0.9692984701177783, ""num_layers"": 3, ""weight_decay"": 0.07356456703331486}","{""time"": 268.6839599609375, ""val_accuracy"": 2.454568862915039, ""val_cross_entropy"": 4.306055068969727, ""val_balanced_accuracy"": 0.015235778875648975, ""test_cross_entropy"": 4.6626081466674805, ""test_balanced_accuracy"": 0.014597905799746513}"
2026-04-06T21:22:25.252540,random,lcbench,168329,0,153,148.44711303710938,"{""OpenML_task_id"": ""126025"", ""batch_size"": 33, ""epoch"": 13, ""learning_rate"": 0.0012017046396654025, ""max_dropout"": 0.18947731889830033, ""max_units"": 890, ""momentum"": 0.2960790774332991, ""num_layers"": 3, ""weight_decay"": 0.018438732667441587}","{""time"": 148.44711303710938, ""val_accuracy"": 12.960383415222168, ""val_cross_entropy"": 3.8319458961486816, ""val_balanced_accuracy"": 0.09087488800287247, ""test_cross_entropy"": 4.61903715133667, ""test_balanced_accuracy"": 0.09081632643938065}"
2026-04-06T21:22:25.253105,random,lcbench,168329,0,154,13.081670761108398,"{""OpenML_task_id"": ""189905"", ""batch_size"": 94, ""epoch"": 5, ""learning_rate"": 0.05319944331209205, ""max_dropout"": 0.7323674927815439, ""max_units"": 72, ""momentum"": 0.21247537227558874, ""num_layers"": 2, ""weight_decay"": 0.06119428758056994}","{""time"": 13.081670761108398, ""val_accuracy"": 3.280418872833252, ""val_cross_entropy"": 4.265597820281982, ""val_balanced_accuracy"": 0.03068210929632187, ""test_cross_entropy"": 4.644448757171631, ""test_balanced_accuracy"": 0.030020562931895256}"
2026-04-06T21:22:25.253360,random,lcbench,168329,0,155,199.78732299804688,"{""OpenML_task_id"": ""168910"", ""batch_size"": 134, ""epoch"": 42, ""learning_rate"": 0.09067259999430985, ""max_dropout"": 0.3704599120816786, ""max_units"": 126, ""momentum"": 0.21258952696198702, ""num_layers"": 3, ""weight_decay"": 0.09032841017029491}","{""time"": 199.78732299804688, ""val_accuracy"": 1.4407060146331787, ""val_cross_entropy"": 4.4580841064453125, ""val_balanced_accuracy"": 0.01071870792657137, ""test_cross_entropy"": 4.649803638458252, ""test_balanced_accuracy"": 0.010529167018830776}"
2026-04-06T21:22:25.253580,random,lcbench,168329,0,156,79.57421112060547,"{""OpenML_task_id"": ""167104"", ""batch_size"": 31, ""epoch"": 6, ""learning_rate"": 0.004976884692600032, ""max_dropout"": 0.48588462717810377, ""max_units"": 758, ""momentum"": 0.4561633064256738, ""num_layers"": 4, ""weight_decay"": 0.060633250651229736}","{""time"": 79.57421112060547, ""val_accuracy"": 2.776599168777466, ""val_cross_entropy"": 4.40307092666626, ""val_balanced_accuracy"": 0.01174707617610693, ""test_cross_entropy"": 4.637207508087158, ""test_balanced_accuracy"": 0.011821541003882885}"
2026-04-06T21:22:25.253962,random,lcbench,168329,0,157,51.08099365234375,"{""OpenML_task_id"": ""167201"", ""batch_size"": 44, ""epoch"": 15, ""learning_rate"": 0.0028646839792340418, ""max_dropout"": 0.8935649340198212, ""max_units"": 70, ""momentum"": 0.2747199178461164, ""num_layers"": 3, ""weight_decay"": 0.060374607172793006}","{""time"": 51.08099365234375, ""val_accuracy"": 3.967331647872925, ""val_cross_entropy"": 4.3695244789123535, ""val_balanced_accuracy"": 0.01872892864048481, ""test_cross_entropy"": 4.642801284790039, ""test_balanced_accuracy"": 0.01848839409649372}"
2026-04-06T21:22:25.254194,random,lcbench,168329,0,158,131.2909393310547,"{""OpenML_task_id"": ""189908"", ""batch_size"": 41, ""epoch"": 28, ""learning_rate"": 0.00021792702906392325, ""max_dropout"": 0.5450825028204135, ""max_units"": 385, ""momentum"": 0.8671602397872588, ""num_layers"": 2, ""weight_decay"": 0.020625934727622124}","{""time"": 131.2909393310547, ""val_accuracy"": 15.925314903259277, ""val_cross_entropy"": 3.886979579925537, ""val_balanced_accuracy"": 0.11580124497413635, ""test_cross_entropy"": 4.63248348236084, ""test_balanced_accuracy"": 0.11432666331529617}"
2026-04-06T21:22:25.254384,random,lcbench,168329,0,159,68.01544952392578,"{""OpenML_task_id"": ""167185"", ""batch_size"": 418, ""epoch"": 30, ""learning_rate"": 0.004621285120003141, ""max_dropout"": 0.9976503544484596, ""max_units"": 168, ""momentum"": 0.9707035182443284, ""num_layers"": 1, ""weight_decay"": 0.032908382466367916}","{""time"": 68.01544952392578, ""val_accuracy"": 18.118345260620117, ""val_cross_entropy"": 3.856466293334961, ""val_balanced_accuracy"": 0.14967142045497894, ""test_cross_entropy"": 4.649755001068115, ""test_balanced_accuracy"": 0.1462366282939911}"
2026-04-06T21:22:25.254562,random,lcbench,168329,0,160,29.947792053222656,"{""OpenML_task_id"": ""168910"", ""batch_size"": 170, ""epoch"": 4, ""learning_rate"": 0.004179230997745128, ""max_dropout"": 0.2408807307196147, ""max_units"": 296, ""momentum"": 0.19964063712089578, ""num_layers"": 3, ""weight_decay"": 0.04577262957385256}","{""time"": 29.947792053222656, ""val_accuracy"": 3.104215383529663, ""val_cross_entropy"": 4.380110263824463, ""val_balanced_accuracy"": 0.026784390211105347, ""test_cross_entropy"": 4.642873287200928, ""test_balanced_accuracy"": 0.026602020487189293}"
2026-04-06T21:22:25.254787,random,lcbench,168329,0,161,201.95294189453125,"{""OpenML_task_id"": ""168335"", ""batch_size"": 165, ""epoch"": 22, ""learning_rate"": 0.0015231699456734532, ""max_dropout"": 0.5319305289206069, ""max_units"": 534, ""momentum"": 0.3677450710823874, ""num_layers"": 5, ""weight_decay"": 0.07047594906771401}","{""time"": 201.95294189453125, ""val_accuracy"": 1.1705129146575928, ""val_cross_entropy"": 4.608913421630859, ""val_balanced_accuracy"": 0.010026460513472557, ""test_cross_entropy"": 4.606747150421143, ""test_balanced_accuracy"": 0.010193197056651115}"
2026-04-06T21:22:25.254987,random,lcbench,168329,0,162,40.45512771606445,"{""OpenML_task_id"": ""167149"", ""batch_size"": 29, ""epoch"": 7, ""learning_rate"": 0.0013886801135517249, ""max_dropout"": 0.29366027838422526, ""max_units"": 377, ""momentum"": 0.5334701468673044, ""num_layers"": 2, ""weight_decay"": 0.05696589625449615}","{""time"": 40.45512771606445, ""val_accuracy"": 9.823305130004883, ""val_cross_entropy"": 4.070652961730957, ""val_balanced_accuracy"": 0.07158815860748291, ""test_cross_entropy"": 4.638165473937988, ""test_balanced_accuracy"": 0.07046417891979218}"
2026-04-06T21:22:25.255169,random,lcbench,168329,0,163,152.2958526611328,"{""OpenML_task_id"": ""167185"", ""batch_size"": 179, ""epoch"": 22, ""learning_rate"": 0.00048041508697638404, ""max_dropout"": 0.4854771728607097, ""max_units"": 346, ""momentum"": 0.8487987929780058, ""num_layers"": 5, ""weight_decay"": 0.0861142753374736}","{""time"": 152.2958526611328, ""val_accuracy"": 0.755136251449585, ""val_cross_entropy"": 4.67201566696167, ""val_balanced_accuracy"": 0.00960824266076088, ""test_cross_entropy"": 4.599426746368408, ""test_balanced_accuracy"": 0.009688515216112137}"
2026-04-06T21:22:25.255345,random,lcbench,168329,0,164,32.9500846862793,"{""OpenML_task_id"": ""189866"", ""batch_size"": 52, ""epoch"": 11, ""learning_rate"": 0.014414140649320133, ""max_dropout"": 0.743368641009459, ""max_units"": 64, ""momentum"": 0.5884019484744911, ""num_layers"": 3, ""weight_decay"": 0.04154657893969252}","{""time"": 32.9500846862793, ""val_accuracy"": 2.30533504486084, ""val_cross_entropy"": 4.386477470397949, ""val_balanced_accuracy"": 0.015518507920205593, ""test_cross_entropy"": 4.639551162719727, ""test_balanced_accuracy"": 0.015389081090688705}"
2026-04-06T21:22:25.255513,random,lcbench,168329,0,165,311.6726989746094,"{""OpenML_task_id"": ""168910"", ""batch_size"": 69, ""epoch"": 41, ""learning_rate"": 0.0002612193728139527, ""max_dropout"": 0.39080021648631025, ""max_units"": 592, ""momentum"": 0.6661453805695116, ""num_layers"": 3, ""weight_decay"": 0.013219446015488943}","{""time"": 311.6726989746094, ""val_accuracy"": 7.063608646392822, ""val_cross_entropy"": 4.174938678741455, ""val_balanced_accuracy"": 0.048974353820085526, ""test_cross_entropy"": 4.632566452026367, ""test_balanced_accuracy"": 0.048261817544698715}"
2026-04-06T21:22:25.255747,random,lcbench,168329,0,166,11.277225494384766,"{""OpenML_task_id"": ""168331"", ""batch_size"": 253, ""epoch"": 1, ""learning_rate"": 0.0011446137725010966, ""max_dropout"": 0.6031951954346184, ""max_units"": 627, ""momentum"": 0.4939928516937009, ""num_layers"": 5, ""weight_decay"": 0.02344430576250025}","{""time"": 11.277225494384766, ""val_accuracy"": 0.7264429330825806, ""val_cross_entropy"": 4.501393795013428, ""val_balanced_accuracy"": 0.010440933518111706, ""test_cross_entropy"": 4.589624881744385, ""test_balanced_accuracy"": 0.010430742986500263}"
2026-04-06T21:22:25.256007,random,lcbench,168329,0,167,74.67683410644531,"{""OpenML_task_id"": ""189866"", ""batch_size"": 24, ""epoch"": 23, ""learning_rate"": 0.002392768345501802, ""max_dropout"": 0.9214420373891897, ""max_units"": 72, ""momentum"": 0.29575226459037307, ""num_layers"": 5, ""weight_decay"": 0.07238303575922436}","{""time"": 74.67683410644531, ""val_accuracy"": 2.0642240047454834, ""val_cross_entropy"": 4.44936466217041, ""val_balanced_accuracy"": 0.010177286341786385, ""test_cross_entropy"": 4.616937160491943, ""test_balanced_accuracy"": 0.010225501842796803}"
2026-04-06T21:22:25.256224,random,lcbench,168329,0,168,115.1987533569336,"{""OpenML_task_id"": ""167149"", ""batch_size"": 27, ""epoch"": 46, ""learning_rate"": 0.05922666782689875, ""max_dropout"": 0.0043256692880240255, ""max_units"": 266, ""momentum"": 0.7807022617466706, ""num_layers"": 1, ""weight_decay"": 0.09709230158081356}","{""time"": 115.1987533569336, ""val_accuracy"": 13.695160865783691, ""val_cross_entropy"": 3.9371495246887207, ""val_balanced_accuracy"": 0.10299674421548843, ""test_cross_entropy"": 4.649098873138428, ""test_balanced_accuracy"": 0.10119164735078812}"
2026-04-06T21:22:25.256794,random,lcbench,168329,0,169,135.5384979248047,"{""OpenML_task_id"": ""34539"", ""batch_size"": 435, ""epoch"": 33, ""learning_rate"": 0.0016015933085358005, ""max_dropout"": 0.34835917678994455, ""max_units"": 219, ""momentum"": 0.36171661178501824, ""num_layers"": 3, ""weight_decay"": 0.0612692483388923}","{""time"": 135.5384979248047, ""val_accuracy"": 3.0435068607330322, ""val_cross_entropy"": 4.376016616821289, ""val_balanced_accuracy"": 0.026484161615371704, ""test_cross_entropy"": 4.641847610473633, ""test_balanced_accuracy"": 0.02661811001598835}"
2026-04-06T21:22:25.257650,random,lcbench,168329,0,170,144.4882049560547,"{""OpenML_task_id"": ""189906"", ""batch_size"": 72, ""epoch"": 45, ""learning_rate"": 0.00033474341220702776, ""max_dropout"": 0.5505956487492099, ""max_units"": 84, ""momentum"": 0.6853392963740527, ""num_layers"": 3, ""weight_decay"": 0.06707620347333125}","{""time"": 144.4882049560547, ""val_accuracy"": 3.7922956943511963, ""val_cross_entropy"": 4.3798136711120605, ""val_balanced_accuracy"": 0.02458844520151615, ""test_cross_entropy"": 4.641851425170898, ""test_balanced_accuracy"": 0.024496227502822876}"
2026-04-06T21:22:25.258241,random,lcbench,168329,0,171,257.482177734375,"{""OpenML_task_id"": ""189908"", ""batch_size"": 75, ""epoch"": 41, ""learning_rate"": 0.0019441678833170563, ""max_dropout"": 0.6472788426536722, ""max_units"": 428, ""momentum"": 0.5219221319532438, ""num_layers"": 4, ""weight_decay"": 0.06863483675480964}","{""time"": 257.482177734375, ""val_accuracy"": 3.816000461578369, ""val_cross_entropy"": 4.502754211425781, ""val_balanced_accuracy"": 0.010490518994629383, ""test_cross_entropy"": 4.647160530090332, ""test_balanced_accuracy"": 0.010496723465621471}"
2026-04-06T21:22:25.259126,random,lcbench,168329,0,172,173.98265075683594,"{""OpenML_task_id"": ""189908"", ""batch_size"": 19, ""epoch"": 43, ""learning_rate"": 0.0004812345476304922, ""max_dropout"": 0.3617319914210023, ""max_units"": 82, ""momentum"": 0.9371600181536192, ""num_layers"": 4, ""weight_decay"": 0.06253938754055897}","{""time"": 173.98265075683594, ""val_accuracy"": 5.860138416290283, ""val_cross_entropy"": 4.459089756011963, ""val_balanced_accuracy"": 0.010467094369232655, ""test_cross_entropy"": 4.652066230773926, ""test_balanced_accuracy"": 0.010477481409907341}"
2026-04-06T21:22:25.259903,random,lcbench,168329,0,173,68.38916778564453,"{""OpenML_task_id"": ""168910"", ""batch_size"": 362, ""epoch"": 21, ""learning_rate"": 0.00020560186269137816, ""max_dropout"": 0.5926403628794212, ""max_units"": 504, ""momentum"": 0.1614965603243077, ""num_layers"": 1, ""weight_decay"": 0.01983993140170522}","{""time"": 68.38916778564453, ""val_accuracy"": 1.0238021612167358, ""val_cross_entropy"": 4.67030668258667, ""val_balanced_accuracy"": 0.010131790302693844, ""test_cross_entropy"": 4.642547130584717, ""test_balanced_accuracy"": 0.00915758777409792}"
2026-04-06T21:22:25.260734,random,lcbench,168329,0,174,102.30408477783203,"{""OpenML_task_id"": ""168910"", ""batch_size"": 49, ""epoch"": 30, ""learning_rate"": 0.0014158810898156336, ""max_dropout"": 0.7393852482453884, ""max_units"": 292, ""momentum"": 0.4406753584752926, ""num_layers"": 2, ""weight_decay"": 0.04671326903170288}","{""time"": 102.30408477783203, ""val_accuracy"": 8.413318634033203, ""val_cross_entropy"": 4.113450050354004, ""val_balanced_accuracy"": 0.06259340792894363, ""test_cross_entropy"": 4.6360182762146, ""test_balanced_accuracy"": 0.06109202653169632}"
2026-04-06T21:22:25.261298,random,lcbench,168329,0,175,205.24110412597656,"{""OpenML_task_id"": ""167161"", ""batch_size"": 76, ""epoch"": 45, ""learning_rate"": 0.0002779727837321374, ""max_dropout"": 0.2498191265935954, ""max_units"": 77, ""momentum"": 0.5904587284365571, ""num_layers"": 4, ""weight_decay"": 0.00952050437406146}","{""time"": 205.24110412597656, ""val_accuracy"": 1.605385422706604, ""val_cross_entropy"": 4.461503982543945, ""val_balanced_accuracy"": 0.014815039932727814, ""test_cross_entropy"": 4.637600421905518, ""test_balanced_accuracy"": 0.014632751233875751}"
2026-04-06T21:22:25.261561,random,lcbench,168329,0,176,172.5142822265625,"{""OpenML_task_id"": ""168335"", ""batch_size"": 198, ""epoch"": 45, ""learning_rate"": 0.00010014598875247608, ""max_dropout"": 0.5156873100060612, ""max_units"": 710, ""momentum"": 0.3596292318418436, ""num_layers"": 1, ""weight_decay"": 0.012445926645120231}","{""time"": 172.5142822265625, ""val_accuracy"": 1.0811485052108765, ""val_cross_entropy"": 4.651667594909668, ""val_balanced_accuracy"": 0.011599394492805004, ""test_cross_entropy"": 4.636418342590332, ""test_balanced_accuracy"": 0.010406062006950378}"
2026-04-06T21:22:25.261762,random,lcbench,168329,0,177,191.26014709472656,"{""OpenML_task_id"": ""167152"", ""batch_size"": 198, ""epoch"": 19, ""learning_rate"": 0.00804226913444727, ""max_dropout"": 0.714794714714177, ""max_units"": 904, ""momentum"": 0.4812610776802081, ""num_layers"": 4, ""weight_decay"": 0.054568721245037054}","{""time"": 191.26014709472656, ""val_accuracy"": 2.6576132774353027, ""val_cross_entropy"": 4.418099403381348, ""val_balanced_accuracy"": 0.014196162112057209, ""test_cross_entropy"": 4.643617630004883, ""test_balanced_accuracy"": 0.014169516041874886}"
2026-04-06T21:22:25.261940,random,lcbench,168329,0,178,113.18095397949219,"{""OpenML_task_id"": ""189866"", ""batch_size"": 164, ""epoch"": 46, ""learning_rate"": 0.06972947436041532, ""max_dropout"": 0.9697553422119917, ""max_units"": 448, ""momentum"": 0.2746068828946239, ""num_layers"": 2, ""weight_decay"": 0.052529134757296}","{""time"": 113.18095397949219, ""val_accuracy"": 4.184092044830322, ""val_cross_entropy"": 4.221060276031494, ""val_balanced_accuracy"": 0.032600563019514084, ""test_cross_entropy"": 4.651480674743652, ""test_balanced_accuracy"": 0.03147730603814125}"
2026-04-06T21:22:25.262111,random,lcbench,168329,0,179,47.467918395996094,"{""OpenML_task_id"": ""34539"", ""batch_size"": 155, ""epoch"": 8, ""learning_rate"": 0.00019657976391472637, ""max_dropout"": 0.16416107690781812, ""max_units"": 838, ""momentum"": 0.2761699256843029, ""num_layers"": 1, ""weight_decay"": 0.048652251413641594}","{""time"": 47.467918395996094, ""val_accuracy"": 1.0277405977249146, ""val_cross_entropy"": 4.59891939163208, ""val_balanced_accuracy"": 0.011134536936879158, ""test_cross_entropy"": 4.6239519119262695, ""test_balanced_accuracy"": 0.010048151947557926}"
2026-04-06T21:22:25.262276,random,lcbench,168329,0,180,123.41915893554688,"{""OpenML_task_id"": ""189866"", ""batch_size"": 30, ""epoch"": 7, ""learning_rate"": 0.0106023206669114, ""max_dropout"": 0.16711719612669274, ""max_units"": 943, ""momentum"": 0.7192444230988188, ""num_layers"": 4, ""weight_decay"": 0.0361987562881452}","{""time"": 123.41915893554688, ""val_accuracy"": 2.5794951915740967, ""val_cross_entropy"": 4.140878200531006, ""val_balanced_accuracy"": 0.015189817175269127, ""test_cross_entropy"": 4.624480247497559, ""test_balanced_accuracy"": 0.015367199666798115}"
2026-04-06T21:22:25.262444,random,lcbench,168329,0,181,91.42163848876953,"{""OpenML_task_id"": ""168329"", ""batch_size"": 66, ""epoch"": 46, ""learning_rate"": 0.015632683511131302, ""max_dropout"": 0.4815824749466293, ""max_units"": 101, ""momentum"": 0.8689577228493048, ""num_layers"": 1, ""weight_decay"": 0.08789683320846796}","{""time"": 91.42163848876953, ""val_accuracy"": 16.728818893432617, ""val_cross_entropy"": 3.964948892593384, ""val_balanced_accuracy"": 0.12576964497566223, ""test_cross_entropy"": 4.639339447021484, ""test_balanced_accuracy"": 0.1225021705031395}"
2026-04-06T21:22:25.262692,random,lcbench,168329,0,182,49.42715072631836,"{""OpenML_task_id"": ""34539"", ""batch_size"": 85, ""epoch"": 8, ""learning_rate"": 0.0798907855693255, ""max_dropout"": 0.14780734968059506, ""max_units"": 104, ""momentum"": 0.18930446995625622, ""num_layers"": 3, ""weight_decay"": 0.08717469371411325}","{""time"": 49.42715072631836, ""val_accuracy"": 0.5988163948059082, ""val_cross_entropy"": 4.565496921539307, ""val_balanced_accuracy"": 0.009875929914414883, ""test_cross_entropy"": 4.645556449890137, ""test_balanced_accuracy"": 0.009669499471783638}"
2026-04-06T21:22:25.262919,random,lcbench,168329,0,183,259.55157470703125,"{""OpenML_task_id"": ""167161"", ""batch_size"": 39, ""epoch"": 43, ""learning_rate"": 0.00013884142015686975, ""max_dropout"": 0.8385943635783768, ""max_units"": 502, ""momentum"": 0.8982219019682894, ""num_layers"": 3, ""weight_decay"": 0.05464390509990972}","{""time"": 259.55157470703125, ""val_accuracy"": 4.827852725982666, ""val_cross_entropy"": 4.362847805023193, ""val_balanced_accuracy"": 0.02524809166789055, ""test_cross_entropy"": 4.644197940826416, ""test_balanced_accuracy"": 0.024527598172426224}"
2026-04-06T21:22:25.263102,random,lcbench,168329,0,184,66.7827377319336,"{""OpenML_task_id"": ""3945"", ""batch_size"": 85, ""epoch"": 11, ""learning_rate"": 0.00035009425534521975, ""max_dropout"": 0.5783980151037788, ""max_units"": 220, ""momentum"": 0.2694258318550212, ""num_layers"": 2, ""weight_decay"": 0.00794017288417532}","{""time"": 66.7827377319336, ""val_accuracy"": 3.9393041133880615, ""val_cross_entropy"": 4.349050521850586, ""val_balanced_accuracy"": 0.029088713228702545, ""test_cross_entropy"": 4.636532783508301, ""test_balanced_accuracy"": 0.028371118009090424}"
2026-04-06T21:22:25.263269,random,lcbench,168329,0,185,80.09713745117188,"{""OpenML_task_id"": ""168330"", ""batch_size"": 201, ""epoch"": 14, ""learning_rate"": 0.0017113086594455602, ""max_dropout"": 0.6375887750204472, ""max_units"": 301, ""momentum"": 0.3639595880736616, ""num_layers"": 4, ""weight_decay"": 0.06522415063732612}","{""time"": 80.09713745117188, ""val_accuracy"": 1.9359585046768188, ""val_cross_entropy"": 4.475600242614746, ""val_balanced_accuracy"": 0.017257288098335266, ""test_cross_entropy"": 4.649685382843018, ""test_balanced_accuracy"": 0.01739652082324028}"
2026-04-06T21:22:25.263438,random,lcbench,168329,0,186,124.50823974609375,"{""OpenML_task_id"": ""167185"", ""batch_size"": 206, ""epoch"": 26, ""learning_rate"": 0.00014663574783404536, ""max_dropout"": 0.10210552029865616, ""max_units"": 75, ""momentum"": 0.5007345453530733, ""num_layers"": 3, ""weight_decay"": 0.01891467119168287}","{""time"": 124.50823974609375, ""val_accuracy"": 1.1105554103851318, ""val_cross_entropy"": 4.428101062774658, ""val_balanced_accuracy"": 0.012779745273292065, ""test_cross_entropy"": 4.634012222290039, ""test_balanced_accuracy"": 0.012374462559819221}"
2026-04-06T21:22:25.263606,random,lcbench,168329,0,187,21.027362823486328,"{""OpenML_task_id"": ""167168"", ""batch_size"": 17, ""epoch"": 4, ""learning_rate"": 0.0009671001460842015, ""max_dropout"": 0.7234294765627166, ""max_units"": 142, ""momentum"": 0.4682075110130688, ""num_layers"": 2, ""weight_decay"": 0.02603242976677182}","{""time"": 21.027362823486328, ""val_accuracy"": 9.558610916137695, ""val_cross_entropy"": 4.154195785522461, ""val_balanced_accuracy"": 0.06496245414018631, ""test_cross_entropy"": 4.636181831359863, ""test_balanced_accuracy"": 0.06392310559749603}"
2026-04-06T21:22:25.263769,random,lcbench,168329,0,188,183.1512908935547,"{""OpenML_task_id"": ""167185"", ""batch_size"": 50, ""epoch"": 50, ""learning_rate"": 0.0008553746238281769, ""max_dropout"": 0.5308917978416017, ""max_units"": 341, ""momentum"": 0.10312659160528703, ""num_layers"": 2, ""weight_decay"": 0.005094467315230994}","{""time"": 183.1512908935547, ""val_accuracy"": 15.846293449401855, ""val_cross_entropy"": 3.9184062480926514, ""val_balanced_accuracy"": 0.11530248075723648, ""test_cross_entropy"": 4.620943069458008, ""test_balanced_accuracy"": 0.11508035659790039}"
2026-04-06T21:22:25.263960,random,lcbench,168329,0,189,598.7634887695312,"{""OpenML_task_id"": ""168330"", ""batch_size"": 104, ""epoch"": 50, ""learning_rate"": 0.011926829368558125, ""max_dropout"": 0.5702811359026776, ""max_units"": 888, ""momentum"": 0.8936094410449172, ""num_layers"": 4, ""weight_decay"": 0.0039772063605114}","{""time"": 598.7634887695312, ""val_accuracy"": 26.70592498779297, ""val_cross_entropy"": 2.881848096847534, ""val_balanced_accuracy"": 0.26123106479644775, ""test_cross_entropy"": 4.564101219177246, ""test_balanced_accuracy"": 0.2599789500236511}"
2026-04-06T21:22:25.264183,random,lcbench,168329,0,190,59.58168411254883,"{""OpenML_task_id"": ""146212"", ""batch_size"": 62, ""epoch"": 22, ""learning_rate"": 0.005186765811579406, ""max_dropout"": 0.8962192484809912, ""max_units"": 188, ""momentum"": 0.23890222547865156, ""num_layers"": 2, ""weight_decay"": 0.04906268516528151}","{""time"": 59.58168411254883, ""val_accuracy"": 6.087446212768555, ""val_cross_entropy"": 4.196308612823486, ""val_balanced_accuracy"": 0.043894216418266296, ""test_cross_entropy"": 4.643966197967529, ""test_balanced_accuracy"": 0.04267653077840805}"
2026-04-06T21:22:25.264532,random,lcbench,168329,0,191,131.1305694580078,"{""OpenML_task_id"": ""189873"", ""batch_size"": 230, ""epoch"": 20, ""learning_rate"": 0.0006155516411946946, ""max_dropout"": 0.4878231026574975, ""max_units"": 568, ""momentum"": 0.7430897668516473, ""num_layers"": 3, ""weight_decay"": 0.05647221300687311}","{""time"": 131.1305694580078, ""val_accuracy"": 4.370545387268066, ""val_cross_entropy"": 4.305629730224609, ""val_balanced_accuracy"": 0.03374607488512993, ""test_cross_entropy"": 4.636124610900879, ""test_balanced_accuracy"": 0.03332703933119774}"
2026-04-06T21:22:25.264762,random,lcbench,168329,0,192,305.35992431640625,"{""OpenML_task_id"": ""167149"", ""batch_size"": 103, ""epoch"": 45, ""learning_rate"": 0.0029633834813687513, ""max_dropout"": 0.017873794038594126, ""max_units"": 385, ""momentum"": 0.16312307777434276, ""num_layers"": 4, ""weight_decay"": 0.018178231998516425}","{""time"": 305.35992431640625, ""val_accuracy"": 4.111068248748779, ""val_cross_entropy"": 4.311276435852051, ""val_balanced_accuracy"": 0.024870647117495537, ""test_cross_entropy"": 4.640346050262451, ""test_balanced_accuracy"": 0.024927683174610138}"
2026-04-06T21:22:25.264956,random,lcbench,168329,0,193,48.356197357177734,"{""OpenML_task_id"": ""168331"", ""batch_size"": 23, ""epoch"": 10, ""learning_rate"": 0.0026978246350184785, ""max_dropout"": 0.37148665656845004, ""max_units"": 514, ""momentum"": 0.35039216113276805, ""num_layers"": 1, ""weight_decay"": 0.0964173751553915}","{""time"": 48.356197357177734, ""val_accuracy"": 16.86751937866211, ""val_cross_entropy"": 3.9339795112609863, ""val_balanced_accuracy"": 0.1298498958349228, ""test_cross_entropy"": 4.626411437988281, ""test_balanced_accuracy"": 0.12643709778785706}"
2026-04-06T21:22:25.265134,random,lcbench,168329,0,194,166.4315948486328,"{""OpenML_task_id"": ""168331"", ""batch_size"": 71, ""epoch"": 50, ""learning_rate"": 0.0009487431242668637, ""max_dropout"": 0.6136555309548216, ""max_units"": 326, ""momentum"": 0.4840504040166699, ""num_layers"": 2, ""weight_decay"": 0.09369391804258807}","{""time"": 166.4315948486328, ""val_accuracy"": 5.50370454788208, ""val_cross_entropy"": 4.287504196166992, ""val_balanced_accuracy"": 0.03872557356953621, ""test_cross_entropy"": 4.635745525360107, ""test_balanced_accuracy"": 0.03764897957444191}"
2026-04-06T21:22:25.265304,random,lcbench,168329,0,195,34.59137725830078,"{""OpenML_task_id"": ""189909"", ""batch_size"": 85, ""epoch"": 5, ""learning_rate"": 0.01817649590884421, ""max_dropout"": 0.0646324060741168, ""max_units"": 202, ""momentum"": 0.8743707448299386, ""num_layers"": 3, ""weight_decay"": 0.08094715478189894}","{""time"": 34.59137725830078, ""val_accuracy"": 0.7314091324806213, ""val_cross_entropy"": 4.444310188293457, ""val_balanced_accuracy"": 0.010067892260849476, ""test_cross_entropy"": 4.6561760902404785, ""test_balanced_accuracy"": 0.009910386055707932}"
2026-04-06T21:22:25.265492,random,lcbench,168329,0,196,890.26220703125,"{""OpenML_task_id"": ""7593"", ""batch_size"": 44, ""epoch"": 38, ""learning_rate"": 0.09206118464255318, ""max_dropout"": 0.5507687422479738, ""max_units"": 673, ""momentum"": 0.5699722072142936, ""num_layers"": 4, ""weight_decay"": 0.06302656659327464}","{""time"": 890.26220703125, ""val_accuracy"": 1.3812837600708008, ""val_cross_entropy"": 4.423480033874512, ""val_balanced_accuracy"": 0.010585186071693897, ""test_cross_entropy"": 4.616153717041016, ""test_balanced_accuracy"": 0.01051405631005764}"
2026-04-06T21:22:25.265661,random,lcbench,168329,0,197,61.65386962890625,"{""OpenML_task_id"": ""167161"", ""batch_size"": 317, ""epoch"": 20, ""learning_rate"": 0.0012617332519271479, ""max_dropout"": 0.7215577527298154, ""max_units"": 67, ""momentum"": 0.8302698251814713, ""num_layers"": 3, ""weight_decay"": 0.04303678662857295}","{""time"": 61.65386962890625, ""val_accuracy"": 2.9741439819335938, ""val_cross_entropy"": 4.379340648651123, ""val_balanced_accuracy"": 0.024440644308924675, ""test_cross_entropy"": 4.63194465637207, ""test_balanced_accuracy"": 0.0241265706717968}"
2026-04-06T21:22:25.265823,random,lcbench,168329,0,198,106.84587097167969,"{""OpenML_task_id"": ""168910"", ""batch_size"": 19, ""epoch"": 25, ""learning_rate"": 0.00011635876735581126, ""max_dropout"": 0.7221134402432011, ""max_units"": 93, ""momentum"": 0.30565941666969687, ""num_layers"": 3, ""weight_decay"": 0.06513112339131104}","{""time"": 106.84587097167969, ""val_accuracy"": 2.848207950592041, ""val_cross_entropy"": 4.374368190765381, ""val_balanced_accuracy"": 0.021111028268933296, ""test_cross_entropy"": 4.653440475463867, ""test_balanced_accuracy"": 0.02090335637331009}"
2026-04-06T21:22:25.266064,random,lcbench,168329,0,199,156.35235595703125,"{""OpenML_task_id"": ""168331"", ""batch_size"": 234, ""epoch"": 50, ""learning_rate"": 0.0502108319968447, ""max_dropout"": 0.9752137482938312, ""max_units"": 854, ""momentum"": 0.5111025012652167, ""num_layers"": 2, ""weight_decay"": 0.06567376398835832}","{""time"": 156.35235595703125, ""val_accuracy"": 3.707380771636963, ""val_cross_entropy"": 4.275477409362793, ""val_balanced_accuracy"": 0.028911765664815903, ""test_cross_entropy"": 4.654681205749512, ""test_balanced_accuracy"": 0.027709143236279488}"
