timestamp,optimizer,bench,instance,seed,trial_id,score,cfg_json,out_json
2026-04-06T20:46:05.776403,tpe,lcbench,7593,1,0,315.2355651855469,"{""OpenML_task_id"": ""168335"", ""batch_size"": 359, ""epoch"": 17, ""learning_rate"": 0.06868144267539023, ""max_dropout"": 0.8346256718973729, ""max_units"": 81, ""momentum"": 0.7676284403010211, ""num_layers"": 5, ""weight_decay"": 0.07481908378144014}","{""time"": 315.2355651855469, ""val_accuracy"": 15.577189445495605, ""val_cross_entropy"": 1.5032012462615967, ""val_balanced_accuracy"": 0.20864012837409973, ""test_cross_entropy"": 1.853055477142334, ""test_balanced_accuracy"": 0.21777643263339996}"
2026-04-06T20:46:05.776995,tpe,lcbench,7593,1,1,673.642333984375,"{""OpenML_task_id"": ""189862"", ""batch_size"": 476, ""epoch"": 19, ""learning_rate"": 0.07510612910330196, ""max_dropout"": 0.7259979853504515, ""max_units"": 912, ""momentum"": 0.6550682642794919, ""num_layers"": 4, ""weight_decay"": 0.03489634521436448}","{""time"": 673.642333984375, ""val_accuracy"": 57.47475814819336, ""val_cross_entropy"": 0.8763204216957092, ""val_balanced_accuracy"": 0.6813868880271912, ""test_cross_entropy"": 1.7034434080123901, ""test_balanced_accuracy"": 0.6901003122329712}"
2026-04-06T20:46:05.777853,tpe,lcbench,7593,1,2,69.71112060546875,"{""OpenML_task_id"": ""189354"", ""batch_size"": 369, ""epoch"": 7, ""learning_rate"": 0.00208602537059558, ""max_dropout"": 0.026210986877719278, ""max_units"": 91, ""momentum"": 0.31912785016671086, ""num_layers"": 5, ""weight_decay"": 0.053887718123521874}","{""time"": 69.71112060546875, ""val_accuracy"": 15.414896965026855, ""val_cross_entropy"": 1.7219771146774292, ""val_balanced_accuracy"": 0.32729488611221313, ""test_cross_entropy"": 1.910794734954834, ""test_balanced_accuracy"": 0.34371986985206604}"
2026-04-06T20:46:05.778475,tpe,lcbench,7593,1,3,372.3837585449219,"{""OpenML_task_id"": ""189908"", ""batch_size"": 135, ""epoch"": 26, ""learning_rate"": 0.06203357626629985, ""max_dropout"": 0.8289808995501787, ""max_units"": 214, ""momentum"": 0.11653281993789448, ""num_layers"": 1, ""weight_decay"": 0.04863964764259382}","{""time"": 372.3837585449219, ""val_accuracy"": 54.383113861083984, ""val_cross_entropy"": 1.231386423110962, ""val_balanced_accuracy"": 0.6321360468864441, ""test_cross_entropy"": 1.7687171697616577, ""test_balanced_accuracy"": 0.6441822648048401}"
2026-04-06T20:46:05.779016,tpe,lcbench,7593,1,4,4405.90625,"{""OpenML_task_id"": ""126025"", ""batch_size"": 471, ""epoch"": 34, ""learning_rate"": 0.039061770642710505, ""max_dropout"": 0.48599066709690975, ""max_units"": 644, ""momentum"": 0.5890976501426207, ""num_layers"": 5, ""weight_decay"": 0.09187415622900427}","{""time"": 4405.90625, ""val_accuracy"": 25.88239288330078, ""val_cross_entropy"": 1.6152218580245972, ""val_balanced_accuracy"": 0.3290010392665863, ""test_cross_entropy"": 1.8551392555236816, ""test_balanced_accuracy"": 0.32980021834373474}"
2026-04-06T20:46:05.779687,tpe,lcbench,7593,1,5,374.9830627441406,"{""OpenML_task_id"": ""7593"", ""batch_size"": 407, ""epoch"": 32, ""learning_rate"": 0.005485536280167922, ""max_dropout"": 0.4201936800011322, ""max_units"": 716, ""momentum"": 0.917555582399998, ""num_layers"": 1, ""weight_decay"": 0.09767614731161565}","{""time"": 374.9830627441406, ""val_accuracy"": 52.33226013183594, ""val_cross_entropy"": 1.3834131956100464, ""val_balanced_accuracy"": 0.6404457092285156, ""test_cross_entropy"": 1.8310859203338623, ""test_balanced_accuracy"": 0.6401232481002808}"
2026-04-06T20:46:05.780173,tpe,lcbench,7593,1,6,1008.9135131835938,"{""OpenML_task_id"": ""168868"", ""batch_size"": 278, ""epoch"": 42, ""learning_rate"": 0.057291602867441484, ""max_dropout"": 0.7331425252875111, ""max_units"": 562, ""momentum"": 0.7860866803466803, ""num_layers"": 3, ""weight_decay"": 0.04657633076041218}","{""time"": 1008.9135131835938, ""val_accuracy"": 51.36932373046875, ""val_cross_entropy"": 1.1939246654510498, ""val_balanced_accuracy"": 0.6097808480262756, ""test_cross_entropy"": 1.7928179502487183, ""test_balanced_accuracy"": 0.6161267757415771}"
2026-04-06T20:46:05.780659,tpe,lcbench,7593,1,7,633.102294921875,"{""OpenML_task_id"": ""126026"", ""batch_size"": 286, ""epoch"": 35, ""learning_rate"": 0.014540099458453517, ""max_dropout"": 0.7515278171352439, ""max_units"": 277, ""momentum"": 0.5622231236857694, ""num_layers"": 4, ""weight_decay"": 0.0022428194949007}","{""time"": 633.102294921875, ""val_accuracy"": 63.590126037597656, ""val_cross_entropy"": 0.7622271776199341, ""val_balanced_accuracy"": 0.7399093508720398, ""test_cross_entropy"": 1.6223528385162354, ""test_balanced_accuracy"": 0.7442858815193176}"
2026-04-06T20:46:05.781142,tpe,lcbench,7593,1,8,14.430123329162598,"{""OpenML_task_id"": ""189905"", ""batch_size"": 192, ""epoch"": 2, ""learning_rate"": 0.016123478434012947, ""max_dropout"": 0.7456371927074961, ""max_units"": 93, ""momentum"": 0.42622335654693244, ""num_layers"": 5, ""weight_decay"": 0.06927084497356036}","{""time"": 14.430123329162598, ""val_accuracy"": 15.715271949768066, ""val_cross_entropy"": 1.6196786165237427, ""val_balanced_accuracy"": 0.29314470291137695, ""test_cross_entropy"": 1.8652359247207642, ""test_balanced_accuracy"": 0.3037172853946686}"
2026-04-06T20:46:05.781604,tpe,lcbench,7593,1,9,8036.01171875,"{""OpenML_task_id"": ""126026"", ""batch_size"": 415, ""epoch"": 37, ""learning_rate"": 0.07664451696946949, ""max_dropout"": 0.3424541198435198, ""max_units"": 876, ""momentum"": 0.4816042097495039, ""num_layers"": 5, ""weight_decay"": 0.06265335090084313}","{""time"": 8036.01171875, ""val_accuracy"": 41.68688201904297, ""val_cross_entropy"": 1.2791374921798706, ""val_balanced_accuracy"": 0.5079801678657532, ""test_cross_entropy"": 1.763270378112793, ""test_balanced_accuracy"": 0.5092383623123169}"
2026-04-06T20:46:05.786188,tpe,lcbench,7593,1,10,13.03844165802002,"{""OpenML_task_id"": ""189905"", ""batch_size"": 76, ""epoch"": 1, ""learning_rate"": 0.09876685256029635, ""max_dropout"": 0.9441666761301672, ""max_units"": 380, ""momentum"": 0.3355981232051139, ""num_layers"": 3, ""weight_decay"": 0.023377666396665706}","{""time"": 13.03844165802002, ""val_accuracy"": 8.013955116271973, ""val_cross_entropy"": 1.978699803352356, ""val_balanced_accuracy"": 0.11742445081472397, ""test_cross_entropy"": 1.9671612977981567, ""test_balanced_accuracy"": 0.11488144099712372}"
2026-04-06T20:46:05.790624,tpe,lcbench,7593,1,11,13.723127365112305,"{""OpenML_task_id"": ""189905"", ""batch_size"": 29, ""epoch"": 1, ""learning_rate"": 0.09741349756010731, ""max_dropout"": 0.9876267542805723, ""max_units"": 381, ""momentum"": 0.36804629325096955, ""num_layers"": 3, ""weight_decay"": 0.018680759826723202}","{""time"": 13.723127365112305, ""val_accuracy"": 7.550818920135498, ""val_cross_entropy"": 1.9912312030792236, ""val_balanced_accuracy"": 0.11219368129968643, ""test_cross_entropy"": 1.9688929319381714, ""test_balanced_accuracy"": 0.10926702618598938}"
2026-04-06T20:46:05.794514,tpe,lcbench,7593,1,12,1432.716796875,"{""OpenML_task_id"": ""189905"", ""batch_size"": 18, ""epoch"": 51, ""learning_rate"": 0.09841924796629349, ""max_dropout"": 0.9782564286204352, ""max_units"": 397, ""momentum"": 0.24586045262005252, ""num_layers"": 2, ""weight_decay"": 0.013859411708255099}","{""time"": 1432.716796875, ""val_accuracy"": 59.94947052001953, ""val_cross_entropy"": 0.881646454334259, ""val_balanced_accuracy"": 0.6225576996803284, ""test_cross_entropy"": 1.6829334497451782, ""test_balanced_accuracy"": 0.6339460015296936}"
2026-04-06T20:46:05.798048,tpe,lcbench,7593,1,13,328.1511535644531,"{""OpenML_task_id"": ""189906"", ""batch_size"": 20, ""epoch"": 10, ""learning_rate"": 0.0979092715106841, ""max_dropout"": 0.9939511314143522, ""max_units"": 418, ""momentum"": 0.32731266563043826, ""num_layers"": 3, ""weight_decay"": 0.02377233298011303}","{""time"": 328.1511535644531, ""val_accuracy"": 43.13520431518555, ""val_cross_entropy"": 1.3749181032180786, ""val_balanced_accuracy"": 0.4508513808250427, ""test_cross_entropy"": 1.7813868522644043, ""test_balanced_accuracy"": 0.45891571044921875}"
2026-04-06T20:46:05.802092,tpe,lcbench,7593,1,14,16.26245880126953,"{""OpenML_task_id"": ""189905"", ""batch_size"": 112, ""epoch"": 1, ""learning_rate"": 0.08658596114724679, ""max_dropout"": 0.21287246696775497, ""max_units"": 413, ""momentum"": 0.13672829045037183, ""num_layers"": 2, ""weight_decay"": 0.025793118335986267}","{""time"": 16.26245880126953, ""val_accuracy"": 14.4527006149292, ""val_cross_entropy"": 1.8164352178573608, ""val_balanced_accuracy"": 0.17508843541145325, ""test_cross_entropy"": 1.9534950256347656, ""test_balanced_accuracy"": 0.17497293651103973}"
2026-04-06T20:46:05.806454,tpe,lcbench,7593,1,15,190.25193786621094,"{""OpenML_task_id"": ""168330"", ""batch_size"": 99, ""epoch"": 13, ""learning_rate"": 0.03494512373811188, ""max_dropout"": 0.9262629241888054, ""max_units"": 251, ""momentum"": 0.37496836789625476, ""num_layers"": 2, ""weight_decay"": 0.00047330419991672285}","{""time"": 190.25193786621094, ""val_accuracy"": 65.57328796386719, ""val_cross_entropy"": 0.8302834033966064, ""val_balanced_accuracy"": 0.685006856918335, ""test_cross_entropy"": 1.6297688484191895, ""test_balanced_accuracy"": 0.7017611265182495}"
2026-04-06T20:46:05.810412,tpe,lcbench,7593,1,16,1036.366455078125,"{""OpenML_task_id"": ""189909"", ""batch_size"": 79, ""epoch"": 22, ""learning_rate"": 0.08444628660881426, ""max_dropout"": 0.5922413423123796, ""max_units"": 504, ""momentum"": 0.23723500938936634, ""num_layers"": 4, ""weight_decay"": 0.0349364746503135}","{""time"": 1036.366455078125, ""val_accuracy"": 48.28453826904297, ""val_cross_entropy"": 1.1207510232925415, ""val_balanced_accuracy"": 0.5846592783927917, ""test_cross_entropy"": 1.754441261291504, ""test_balanced_accuracy"": 0.5888897776603699}"
2026-04-06T20:46:05.814020,tpe,lcbench,7593,1,17,167.73402404785156,"{""OpenML_task_id"": ""189866"", ""batch_size"": 205, ""epoch"": 6, ""learning_rate"": 0.0886600647305358, ""max_dropout"": 0.6272273111398208, ""max_units"": 748, ""momentum"": 0.4371253344705596, ""num_layers"": 3, ""weight_decay"": 0.015060316269206814}","{""time"": 167.73402404785156, ""val_accuracy"": 58.89971160888672, ""val_cross_entropy"": 0.985946774482727, ""val_balanced_accuracy"": 0.6685110926628113, ""test_cross_entropy"": 1.6833345890045166, ""test_balanced_accuracy"": 0.6799405813217163}"
2026-04-06T20:46:05.817836,tpe,lcbench,7593,1,18,198.33847045898438,"{""OpenML_task_id"": ""126029"", ""batch_size"": 180, ""epoch"": 12, ""learning_rate"": 0.04447344894191537, ""max_dropout"": 0.8561644928474539, ""max_units"": 339, ""momentum"": 0.22884050357353136, ""num_layers"": 2, ""weight_decay"": 0.013413181095388079}","{""time"": 198.33847045898438, ""val_accuracy"": 57.79983139038086, ""val_cross_entropy"": 1.0346996784210205, ""val_balanced_accuracy"": 0.6391240954399109, ""test_cross_entropy"": 1.7099266052246094, ""test_balanced_accuracy"": 0.651115894317627}"
2026-04-06T20:46:05.822036,tpe,lcbench,7593,1,19,29.93942642211914,"{""OpenML_task_id"": ""167200"", ""batch_size"": 60, ""epoch"": 1, ""learning_rate"": 0.0972523739141858, ""max_dropout"": 0.5770435863952668, ""max_units"": 1020, ""momentum"": 0.5258586949567834, ""num_layers"": 4, ""weight_decay"": 0.03108358920864174}","{""time"": 29.93942642211914, ""val_accuracy"": 5.727336883544922, ""val_cross_entropy"": 1.9163806438446045, ""val_balanced_accuracy"": 0.11808612197637558, ""test_cross_entropy"": 1.9611059427261353, ""test_balanced_accuracy"": 0.11884374171495438}"
2026-04-06T20:46:05.826180,tpe,lcbench,7593,1,20,164.89767456054688,"{""OpenML_task_id"": ""167161"", ""batch_size"": 156, ""epoch"": 7, ""learning_rate"": 0.054625564995549915, ""max_dropout"": 0.8999491982025027, ""max_units"": 567, ""momentum"": 0.6414721588850232, ""num_layers"": 3, ""weight_decay"": 0.042023620431665736}","{""time"": 164.89767456054688, ""val_accuracy"": 46.26469802856445, ""val_cross_entropy"": 1.239127278327942, ""val_balanced_accuracy"": 0.5466248989105225, ""test_cross_entropy"": 1.8051056861877441, ""test_balanced_accuracy"": 0.5560734272003174}"
2026-04-06T20:46:05.830062,tpe,lcbench,7593,1,21,30.21692657470703,"{""OpenML_task_id"": ""189905"", ""batch_size"": 223, ""epoch"": 2, ""learning_rate"": 0.028688027755526438, ""max_dropout"": 0.7757844221495453, ""max_units"": 189, ""momentum"": 0.3976987751110977, ""num_layers"": 3, ""weight_decay"": 0.07177243775039609}","{""time"": 30.21692657470703, ""val_accuracy"": 44.95191955566406, ""val_cross_entropy"": 1.4779380559921265, ""val_balanced_accuracy"": 0.5202121138572693, ""test_cross_entropy"": 1.8775962591171265, ""test_balanced_accuracy"": 0.5229997634887695}"
2026-04-06T20:46:05.834050,tpe,lcbench,7593,1,22,140.13327026367188,"{""OpenML_task_id"": ""189905"", ""batch_size"": 55, ""epoch"": 6, ""learning_rate"": 0.01804090789821916, ""max_dropout"": 0.9918814319918486, ""max_units"": 166, ""momentum"": 0.45872859121799076, ""num_layers"": 4, ""weight_decay"": 0.08261584259195998}","{""time"": 140.13327026367188, ""val_accuracy"": 39.49824142456055, ""val_cross_entropy"": 1.6321555376052856, ""val_balanced_accuracy"": 0.3159569799900055, ""test_cross_entropy"": 1.9192134141921997, ""test_balanced_accuracy"": 0.3183087706565857}"
2026-04-06T20:46:05.838669,tpe,lcbench,7593,1,23,297.4072570800781,"{""OpenML_task_id"": ""3945"", ""batch_size"": 226, ""epoch"": 15, ""learning_rate"": 0.02394739863875186, ""max_dropout"": 0.6662862977492894, ""max_units"": 362, ""momentum"": 0.29483364317344457, ""num_layers"": 3, ""weight_decay"": 0.06142392165150781}","{""time"": 297.4072570800781, ""val_accuracy"": 50.49176025390625, ""val_cross_entropy"": 1.2546294927597046, ""val_balanced_accuracy"": 0.595090925693512, ""test_cross_entropy"": 1.8168038129806519, ""test_balanced_accuracy"": 0.6001232862472534}"
2026-04-06T20:46:05.842945,tpe,lcbench,7593,1,24,47.21412658691406,"{""OpenML_task_id"": ""167152"", ""batch_size"": 148, ""epoch"": 3, ""learning_rate"": 0.07590846674805238, ""max_dropout"": 0.9095776546013714, ""max_units"": 305, ""momentum"": 0.4021769763750355, ""num_layers"": 2, ""weight_decay"": 0.017897036315939602}","{""time"": 47.21412658691406, ""val_accuracy"": 57.20036697387695, ""val_cross_entropy"": 1.1180639266967773, ""val_balanced_accuracy"": 0.6036810874938965, ""test_cross_entropy"": 1.7460300922393799, ""test_balanced_accuracy"": 0.6146208643913269}"
2026-04-06T20:46:05.846960,tpe,lcbench,7593,1,25,493.3526916503906,"{""OpenML_task_id"": ""168910"", ""batch_size"": 53, ""epoch"": 10, ""learning_rate"": 0.09088109047232021, ""max_dropout"": 0.8047337595587469, ""max_units"": 466, ""momentum"": 0.33637615374982066, ""num_layers"": 4, ""weight_decay"": 0.05746859443441567}","{""time"": 493.3526916503906, ""val_accuracy"": 47.8265266418457, ""val_cross_entropy"": 1.436800479888916, ""val_balanced_accuracy"": 0.5218299627304077, ""test_cross_entropy"": 1.8286627531051636, ""test_balanced_accuracy"": 0.5252009630203247}"
2026-04-06T20:46:05.851221,tpe,lcbench,7593,1,26,73.13036346435547,"{""OpenML_task_id"": ""167184"", ""batch_size"": 100, ""epoch"": 5, ""learning_rate"": 0.06384203340344599, ""max_dropout"": 0.6955735762543005, ""max_units"": 127, ""momentum"": 0.18668521959975048, ""num_layers"": 3, ""weight_decay"": 0.06912005405781399}","{""time"": 73.13036346435547, ""val_accuracy"": 45.969764709472656, ""val_cross_entropy"": 1.400426983833313, ""val_balanced_accuracy"": 0.541710376739502, ""test_cross_entropy"": 1.848181128501892, ""test_balanced_accuracy"": 0.5472163558006287}"
2026-04-06T20:46:05.855795,tpe,lcbench,7593,1,27,417.5939025878906,"{""OpenML_task_id"": ""167185"", ""batch_size"": 253, ""epoch"": 23, ""learning_rate"": 0.08259227225677336, ""max_dropout"": 0.9108511428579489, ""max_units"": 479, ""momentum"": 0.4931312087750055, ""num_layers"": 3, ""weight_decay"": 0.004839998935583539}","{""time"": 417.5939025878906, ""val_accuracy"": 59.31605529785156, ""val_cross_entropy"": 0.8867135047912598, ""val_balanced_accuracy"": 0.6577866077423096, ""test_cross_entropy"": 1.6588011980056763, ""test_balanced_accuracy"": 0.673284113407135}"
2026-04-06T20:46:05.860155,tpe,lcbench,7593,1,28,163.9884796142578,"{""OpenML_task_id"": ""167168"", ""batch_size"": 184, ""epoch"": 10, ""learning_rate"": 0.04742267513357155, ""max_dropout"": 0.8602225734990084, ""max_units"": 258, ""momentum"": 0.2727156173442303, ""num_layers"": 4, ""weight_decay"": 0.041898406571726235}","{""time"": 163.9884796142578, ""val_accuracy"": 44.18879318237305, ""val_cross_entropy"": 1.2440000772476196, ""val_balanced_accuracy"": 0.54306560754776, ""test_cross_entropy"": 1.8061952590942383, ""test_balanced_accuracy"": 0.5464768409729004}"
2026-04-06T20:46:05.864520,tpe,lcbench,7593,1,29,334.34539794921875,"{""OpenML_task_id"": ""167181"", ""batch_size"": 300, ""epoch"": 18, ""learning_rate"": 0.06846567824746957, ""max_dropout"": 0.5262442786191921, ""max_units"": 78, ""momentum"": 0.681585066523062, ""num_layers"": 5, ""weight_decay"": 0.08206470705605104}","{""time"": 334.34539794921875, ""val_accuracy"": 13.93382453918457, ""val_cross_entropy"": 1.6577825546264648, ""val_balanced_accuracy"": 0.20537765324115753, ""test_cross_entropy"": 1.8914610147476196, ""test_balanced_accuracy"": 0.21375742554664612}"
2026-04-06T20:46:05.869129,tpe,lcbench,7593,1,30,249.49880981445312,"{""OpenML_task_id"": ""146212"", ""batch_size"": 330, ""epoch"": 14, ""learning_rate"": 0.010708399977156113, ""max_dropout"": 0.8104998040061578, ""max_units"": 623, ""momentum"": 0.7514794914735686, ""num_layers"": 2, ""weight_decay"": 0.021382780747536207}","{""time"": 249.49880981445312, ""val_accuracy"": 58.08773422241211, ""val_cross_entropy"": 1.0440475940704346, ""val_balanced_accuracy"": 0.6642366647720337, ""test_cross_entropy"": 1.7193410396575928, ""test_balanced_accuracy"": 0.6711186170578003}"
2026-04-06T20:46:05.874086,tpe,lcbench,7593,1,31,14.059194564819336,"{""OpenML_task_id"": ""189905"", ""batch_size"": 118, ""epoch"": 1, ""learning_rate"": 0.09143922649517223, ""max_dropout"": 0.17959995834773276, ""max_units"": 423, ""momentum"": 0.1548471811955465, ""num_layers"": 1, ""weight_decay"": 0.02805260096769995}","{""time"": 14.059194564819336, ""val_accuracy"": 18.644344329833984, ""val_cross_entropy"": 1.9064222574234009, ""val_balanced_accuracy"": 0.1933533102273941, ""test_cross_entropy"": 1.9517488479614258, ""test_balanced_accuracy"": 0.1922515630722046}"
2026-04-06T20:46:05.878620,tpe,lcbench,7593,1,32,53.79463195800781,"{""OpenML_task_id"": ""168908"", ""batch_size"": 122, ""epoch"": 4, ""learning_rate"": 0.0997093915618448, ""max_dropout"": 0.20769592929236477, ""max_units"": 346, ""momentum"": 0.17864602010215677, ""num_layers"": 1, ""weight_decay"": 0.030252821037207923}","{""time"": 53.79463195800781, ""val_accuracy"": 58.57157897949219, ""val_cross_entropy"": 1.2073007822036743, ""val_balanced_accuracy"": 0.635179340839386, ""test_cross_entropy"": 1.7511810064315796, ""test_balanced_accuracy"": 0.6445313096046448}"
2026-04-06T20:46:05.883013,tpe,lcbench,7593,1,33,140.78448486328125,"{""OpenML_task_id"": ""167201"", ""batch_size"": 68, ""epoch"": 8, ""learning_rate"": 0.09199454956000966, ""max_dropout"": 0.0909934125368592, ""max_units"": 449, ""momentum"": 0.19511644204475628, ""num_layers"": 1, ""weight_decay"": 0.036534417724546936}","{""time"": 140.78448486328125, ""val_accuracy"": 55.194236755371094, ""val_cross_entropy"": 1.2302355766296387, ""val_balanced_accuracy"": 0.6145892143249512, ""test_cross_entropy"": 1.7534505128860474, ""test_balanced_accuracy"": 0.6242676377296448}"
2026-04-06T20:46:05.887804,tpe,lcbench,7593,1,34,11.829436302185059,"{""OpenML_task_id"": ""168331"", ""batch_size"": 169, ""epoch"": 1, ""learning_rate"": 0.08079721274181735, ""max_dropout"": 0.29324039559262294, ""max_units"": 544, ""momentum"": 0.3685043339358838, ""num_layers"": 5, ""weight_decay"": 0.02868243518477989}","{""time"": 11.829436302185059, ""val_accuracy"": 5.911182880401611, ""val_cross_entropy"": 1.60163414478302, ""val_balanced_accuracy"": 0.13733704388141632, ""test_cross_entropy"": 1.9002028703689575, ""test_balanced_accuracy"": 0.14358852803707123}"
2026-04-06T20:46:05.892633,tpe,lcbench,7593,1,35,13.94484806060791,"{""OpenML_task_id"": ""168331"", ""batch_size"": 158, ""epoch"": 1, ""learning_rate"": 0.08017090311018407, ""max_dropout"": 0.2706206723504563, ""max_units"": 614, ""momentum"": 0.12361250702539789, ""num_layers"": 1, ""weight_decay"": 0.00863485239743376}","{""time"": 13.94484806060791, ""val_accuracy"": 17.22768211364746, ""val_cross_entropy"": 1.9425923824310303, ""val_balanced_accuracy"": 0.18635010719299316, ""test_cross_entropy"": 1.956410527229309, ""test_balanced_accuracy"": 0.18774183094501495}"
2026-04-06T20:46:05.897326,tpe,lcbench,7593,1,36,216.70225524902344,"{""OpenML_task_id"": ""168331"", ""batch_size"": 34, ""epoch"": 8, ""learning_rate"": 0.0797208527518266, ""max_dropout"": 0.3330948866198992, ""max_units"": 642, ""momentum"": 0.37195525003533925, ""num_layers"": 2, ""weight_decay"": 0.007110827970772868}","{""time"": 216.70225524902344, ""val_accuracy"": 60.50996017456055, ""val_cross_entropy"": 0.928088366985321, ""val_balanced_accuracy"": 0.6588878035545349, ""test_cross_entropy"": 1.627678632736206, ""test_balanced_accuracy"": 0.6707794666290283}"
2026-04-06T20:46:05.901977,tpe,lcbench,7593,1,37,224.68560791015625,"{""OpenML_task_id"": ""168331"", ""batch_size"": 152, ""epoch"": 4, ""learning_rate"": 0.07112740815741732, ""max_dropout"": 0.2992108798736781, ""max_units"": 754, ""momentum"": 0.10425546938181796, ""num_layers"": 5, ""weight_decay"": 0.008563424753617002}","{""time"": 224.68560791015625, ""val_accuracy"": 61.87347412109375, ""val_cross_entropy"": 0.6918599009513855, ""val_balanced_accuracy"": 0.7506772875785828, ""test_cross_entropy"": 1.5695769786834717, ""test_balanced_accuracy"": 0.7553912401199341}"
2026-04-06T20:46:05.907193,tpe,lcbench,7593,1,38,741.7078857421875,"{""OpenML_task_id"": ""189865"", ""batch_size"": 93, ""epoch"": 20, ""learning_rate"": 0.0688967958239122, ""max_dropout"": 0.41807334389484635, ""max_units"": 527, ""momentum"": 0.34928069767830533, ""num_layers"": 4, ""weight_decay"": 0.020273369835568187}","{""time"": 741.7078857421875, ""val_accuracy"": 53.70700454711914, ""val_cross_entropy"": 0.9681273102760315, ""val_balanced_accuracy"": 0.6566859483718872, ""test_cross_entropy"": 1.6874544620513916, ""test_balanced_accuracy"": 0.6593265533447266}"
2026-04-06T20:46:05.912003,tpe,lcbench,7593,1,39,440.0950622558594,"{""OpenML_task_id"": ""168329"", ""batch_size"": 167, ""epoch"": 29, ""learning_rate"": 0.09365947363313283, ""max_dropout"": 0.11148004392444102, ""max_units"": 581, ""momentum"": 0.923802293189975, ""num_layers"": 1, ""weight_decay"": 0.011109586479785168}","{""time"": 440.0950622558594, ""val_accuracy"": 55.44980239868164, ""val_cross_entropy"": 1.13082754611969, ""val_balanced_accuracy"": 0.6425134539604187, ""test_cross_entropy"": 1.7364648580551147, ""test_balanced_accuracy"": 0.6519323587417603}"
2026-04-06T20:46:05.916641,tpe,lcbench,7593,1,40,889.4715576171875,"{""OpenML_task_id"": ""189873"", ""batch_size"": 240, ""epoch"": 16, ""learning_rate"": 0.08026537908153433, ""max_dropout"": 0.0072267453638721335, ""max_units"": 849, ""momentum"": 0.29339599891164597, ""num_layers"": 3, ""weight_decay"": 0.03895224645275743}","{""time"": 889.4715576171875, ""val_accuracy"": 55.09074401855469, ""val_cross_entropy"": 1.0974432229995728, ""val_balanced_accuracy"": 0.6469700336456299, ""test_cross_entropy"": 1.750747799873352, ""test_balanced_accuracy"": 0.6548947691917419}"
2026-04-06T20:46:05.921603,tpe,lcbench,7593,1,41,53.94662857055664,"{""OpenML_task_id"": ""34539"", ""batch_size"": 129, ""epoch"": 4, ""learning_rate"": 0.08700220544865199, ""max_dropout"": 0.2528463448740456, ""max_units"": 386, ""momentum"": 0.13931875479658087, ""num_layers"": 1, ""weight_decay"": 0.029706470417143874}","{""time"": 53.94662857055664, ""val_accuracy"": 58.67120361328125, ""val_cross_entropy"": 1.198263168334961, ""val_balanced_accuracy"": 0.6395143270492554, ""test_cross_entropy"": 1.7500401735305786, ""test_balanced_accuracy"": 0.6485539674758911}"
2026-04-06T20:46:05.926443,tpe,lcbench,7593,1,42,15.542911529541016,"{""OpenML_task_id"": ""167149"", ""batch_size"": 81, ""epoch"": 1, ""learning_rate"": 0.0940306724771431, ""max_dropout"": 0.16103432408881932, ""max_units"": 712, ""momentum"": 0.18828936707906005, ""num_layers"": 1, ""weight_decay"": 0.026435666423786017}","{""time"": 15.542911529541016, ""val_accuracy"": 17.84040641784668, ""val_cross_entropy"": 1.9189074039459229, ""val_balanced_accuracy"": 0.19352856278419495, ""test_cross_entropy"": 1.9537601470947266, ""test_balanced_accuracy"": 0.19237370789051056}"
2026-04-06T20:46:05.931252,tpe,lcbench,7593,1,43,164.89907836914062,"{""OpenML_task_id"": ""168335"", ""batch_size"": 43, ""epoch"": 9, ""learning_rate"": 0.09317518428355427, ""max_dropout"": 0.39245759856228885, ""max_units"": 600, ""momentum"": 0.1416150242347096, ""num_layers"": 1, ""weight_decay"": 0.018077886509262956}","{""time"": 164.89907836914062, ""val_accuracy"": 58.74578094482422, ""val_cross_entropy"": 1.125274419784546, ""val_balanced_accuracy"": 0.6289490461349487, ""test_cross_entropy"": 1.719374656677246, ""test_balanced_accuracy"": 0.638474702835083}"
2026-04-06T20:46:05.936091,tpe,lcbench,7593,1,44,15.870612144470215,"{""OpenML_task_id"": ""167190"", ""batch_size"": 134, ""epoch"": 1, ""learning_rate"": 0.07407751475049498, ""max_dropout"": 0.26680769617945943, ""max_units"": 511, ""momentum"": 0.2599286639797789, ""num_layers"": 2, ""weight_decay"": 0.04680944774979948}","{""time"": 15.870612144470215, ""val_accuracy"": 15.20009994506836, ""val_cross_entropy"": 1.8038513660430908, ""val_balanced_accuracy"": 0.1778680682182312, ""test_cross_entropy"": 1.957844614982605, ""test_balanced_accuracy"": 0.1773890107870102}"
2026-04-06T20:46:05.941439,tpe,lcbench,7593,1,45,546.2965087890625,"{""OpenML_task_id"": ""167104"", ""batch_size"": 114, ""epoch"": 47, ""learning_rate"": 0.08486381321945743, ""max_dropout"": 0.10770604164258046, ""max_units"": 439, ""momentum"": 0.21535293299201846, ""num_layers"": 1, ""weight_decay"": 0.02392714275100469}","{""time"": 546.2965087890625, ""val_accuracy"": 57.070899963378906, ""val_cross_entropy"": 1.1118295192718506, ""val_balanced_accuracy"": 0.6565507054328918, ""test_cross_entropy"": 1.7445310354232788, ""test_balanced_accuracy"": 0.6676267385482788}"
2026-04-06T20:46:05.946545,tpe,lcbench,7593,1,46,208.82350158691406,"{""OpenML_task_id"": ""168331"", ""batch_size"": 23, ""epoch"": 5, ""learning_rate"": 0.06419646728053131, ""max_dropout"": 0.47005977354200384, ""max_units"": 301, ""momentum"": 0.3048305825806185, ""num_layers"": 5, ""weight_decay"": 0.05100305596779912}","{""time"": 208.82350158691406, ""val_accuracy"": 47.38207244873047, ""val_cross_entropy"": 1.0788058042526245, ""val_balanced_accuracy"": 0.4165552258491516, ""test_cross_entropy"": 1.7706950902938843, ""test_balanced_accuracy"": 0.41595977544784546}"
2026-04-06T20:46:05.951694,tpe,lcbench,7593,1,47,47.279666900634766,"{""OpenML_task_id"": ""189908"", ""batch_size"": 490, ""epoch"": 3, ""learning_rate"": 0.0786805212250575, ""max_dropout"": 0.36550626260754826, ""max_units"": 667, ""momentum"": 0.535799530570662, ""num_layers"": 1, ""weight_decay"": 0.0094419340921294}","{""time"": 47.279666900634766, ""val_accuracy"": 58.35079574584961, ""val_cross_entropy"": 1.1713433265686035, ""val_balanced_accuracy"": 0.672521710395813, ""test_cross_entropy"": 1.7091152667999268, ""test_balanced_accuracy"": 0.6787731051445007}"
2026-04-06T20:46:05.957535,tpe,lcbench,7593,1,48,208.08583068847656,"{""OpenML_task_id"": ""189862"", ""batch_size"": 200, ""epoch"": 12, ""learning_rate"": 0.09654525534547737, ""max_dropout"": 0.1714102381548121, ""max_units"": 534, ""momentum"": 0.10188153945744835, ""num_layers"": 2, ""weight_decay"": 0.00416459522535239}","{""time"": 208.08583068847656, ""val_accuracy"": 63.022857666015625, ""val_cross_entropy"": 0.8872796893119812, ""val_balanced_accuracy"": 0.7137781977653503, ""test_cross_entropy"": 1.6085973978042603, ""test_balanced_accuracy"": 0.7251029014587402}"
2026-04-06T20:46:05.963245,tpe,lcbench,7593,1,49,1966.7489013671875,"{""OpenML_task_id"": ""7593"", ""batch_size"": 74, ""epoch"": 41, ""learning_rate"": 0.08912523683452497, ""max_dropout"": 0.07289664299000981, ""max_units"": 485, ""momentum"": 0.48744932523763684, ""num_layers"": 3, ""weight_decay"": 0.01592967487639607}","{""time"": 1966.7489013671875, ""val_accuracy"": 61.689056396484375, ""val_cross_entropy"": 0.9457587599754333, ""val_balanced_accuracy"": 0.6815298795700073, ""test_cross_entropy"": 1.6589518785476685, ""test_balanced_accuracy"": 0.6864756941795349}"
2026-04-06T20:46:05.968856,tpe,lcbench,7593,1,50,237.9930419921875,"{""OpenML_task_id"": ""189354"", ""batch_size"": 433, ""epoch"": 7, ""learning_rate"": 0.08256624387341686, ""max_dropout"": 0.9485893782711693, ""max_units"": 684, ""momentum"": 0.15025759374362738, ""num_layers"": 4, ""weight_decay"": 0.027487480861193493}","{""time"": 237.9930419921875, ""val_accuracy"": 44.383663177490234, ""val_cross_entropy"": 1.078094720840454, ""val_balanced_accuracy"": 0.5808590054512024, ""test_cross_entropy"": 1.750011920928955, ""test_balanced_accuracy"": 0.5896889567375183}"
2026-04-06T20:46:05.975057,tpe,lcbench,7593,1,51,28.568660736083984,"{""OpenML_task_id"": ""189905"", ""batch_size"": 180, ""epoch"": 3, ""learning_rate"": 0.03801369413282449, ""max_dropout"": 0.9579766797465036, ""max_units"": 409, ""momentum"": 0.4419478444791803, ""num_layers"": 5, ""weight_decay"": 0.02173053729815248}","{""time"": 28.568660736083984, ""val_accuracy"": 47.92469024658203, ""val_cross_entropy"": 0.8575566411018372, ""val_balanced_accuracy"": 0.5692310333251953, ""test_cross_entropy"": 1.700141191482544, ""test_balanced_accuracy"": 0.5756839513778687}"
2026-04-06T20:46:05.980546,tpe,lcbench,7593,1,52,110.5844497680664,"{""OpenML_task_id"": ""189905"", ""batch_size"": 142, ""epoch"": 2, ""learning_rate"": 0.05790577808481878, ""max_dropout"": 0.23450586646366353, ""max_units"": 804, ""momentum"": 0.43029641688266396, ""num_layers"": 5, ""weight_decay"": 0.03251252558781352}","{""time"": 110.5844497680664, ""val_accuracy"": 53.297183990478516, ""val_cross_entropy"": 0.8539169430732727, ""val_balanced_accuracy"": 0.6696774959564209, ""test_cross_entropy"": 1.6581426858901978, ""test_balanced_accuracy"": 0.6739740371704102}"
2026-04-06T20:46:05.986118,tpe,lcbench,7593,1,53,9.853470802307129,"{""OpenML_task_id"": ""126025"", ""batch_size"": 201, ""epoch"": 1, ""learning_rate"": 0.00047098820865901225, ""max_dropout"": 0.8646158384409363, ""max_units"": 120, ""momentum"": 0.6066035441201748, ""num_layers"": 5, ""weight_decay"": 0.09482860297942726}","{""time"": 9.853470802307129, ""val_accuracy"": 5.264890193939209, ""val_cross_entropy"": 1.652291178703308, ""val_balanced_accuracy"": 0.15113414824008942, ""test_cross_entropy"": 1.8527437448501587, ""test_balanced_accuracy"": 0.15194635093212128}"
2026-04-06T20:46:05.991809,tpe,lcbench,7593,1,54,136.37796020507812,"{""OpenML_task_id"": ""126025"", ""batch_size"": 212, ""epoch"": 6, ""learning_rate"": 0.0960841739852692, ""max_dropout"": 0.8697320303871321, ""max_units"": 216, ""momentum"": 0.6471970917509731, ""num_layers"": 5, ""weight_decay"": 0.09584355064140088}","{""time"": 136.37796020507812, ""val_accuracy"": 14.604640007019043, ""val_cross_entropy"": 1.4760226011276245, ""val_balanced_accuracy"": 0.24187034368515015, ""test_cross_entropy"": 1.8433418273925781, ""test_balanced_accuracy"": 0.2509169578552246}"
2026-04-06T20:46:06.008815,tpe,lcbench,7593,1,55,11.68441104888916,"{""OpenML_task_id"": ""126025"", ""batch_size"": 172, ""epoch"": 1, ""learning_rate"": 0.005126130968749157, ""max_dropout"": 0.3057528421240252, ""max_units"": 320, ""momentum"": 0.7095682650101084, ""num_layers"": 5, ""weight_decay"": 0.013387476370940392}","{""time"": 11.68441104888916, ""val_accuracy"": 7.3091583251953125, ""val_cross_entropy"": 1.7558876276016235, ""val_balanced_accuracy"": 0.13309207558631897, ""test_cross_entropy"": 1.9245108366012573, ""test_balanced_accuracy"": 0.1395506113767624}"
2026-04-06T20:46:06.018297,tpe,lcbench,7593,1,56,161.86610412597656,"{""OpenML_task_id"": ""126025"", ""batch_size"": 168, ""epoch"": 11, ""learning_rate"": 0.0048968889029256625, ""max_dropout"": 0.30058350301557774, ""max_units"": 157, ""momentum"": 0.5945457693663746, ""num_layers"": 5, ""weight_decay"": 0.0001522516421121195}","{""time"": 161.86610412597656, ""val_accuracy"": 67.23236083984375, ""val_cross_entropy"": 0.699026346206665, ""val_balanced_accuracy"": 0.7717267274856567, ""test_cross_entropy"": 1.5445047616958618, ""test_balanced_accuracy"": 0.7678080797195435}"
2026-04-06T20:46:06.024378,tpe,lcbench,7593,1,57,81.0370101928711,"{""OpenML_task_id"": ""126025"", ""batch_size"": 263, ""epoch"": 5, ""learning_rate"": 0.0021908534957599617, ""max_dropout"": 0.46116036237596963, ""max_units"": 217, ""momentum"": 0.8229168842284791, ""num_layers"": 5, ""weight_decay"": 0.012256020767089888}","{""time"": 81.0370101928711, ""val_accuracy"": 51.058982849121094, ""val_cross_entropy"": 1.0045430660247803, ""val_balanced_accuracy"": 0.6547261476516724, ""test_cross_entropy"": 1.7200299501419067, ""test_balanced_accuracy"": 0.6538251638412476}"
2026-04-06T20:46:06.030062,tpe,lcbench,7593,1,58,178.39894104003906,"{""OpenML_task_id"": ""168331"", ""batch_size"": 219, ""epoch"": 8, ""learning_rate"": 0.010751224886108465, ""max_dropout"": 0.991937274607188, ""max_units"": 313, ""momentum"": 0.7302530990233144, ""num_layers"": 4, ""weight_decay"": 0.08851860600565442}","{""time"": 178.39894104003906, ""val_accuracy"": 36.49076461791992, ""val_cross_entropy"": 1.58661687374115, ""val_balanced_accuracy"": 0.3595625162124634, ""test_cross_entropy"": 1.9132810831069946, ""test_balanced_accuracy"": 0.3648543953895569}"
2026-04-06T20:46:06.035746,tpe,lcbench,7593,1,59,35.230045318603516,"{""OpenML_task_id"": ""168868"", ""batch_size"": 197, ""epoch"": 3, ""learning_rate"": 0.02487973484195108, ""max_dropout"": 0.3106255997578258, ""max_units"": 132, ""momentum"": 0.5964356917118986, ""num_layers"": 5, ""weight_decay"": 0.016473839803075988}","{""time"": 35.230045318603516, ""val_accuracy"": 53.53364944458008, ""val_cross_entropy"": 0.8444744348526001, ""val_balanced_accuracy"": 0.6705146431922913, ""test_cross_entropy"": 1.6684339046478271, ""test_balanced_accuracy"": 0.6712914109230042}"
2026-04-06T20:46:06.041984,tpe,lcbench,7593,1,60,18.998409271240234,"{""OpenML_task_id"": ""189906"", ""batch_size"": 168, ""epoch"": 1, ""learning_rate"": 0.010658245123629843, ""max_dropout"": 0.5502670299276271, ""max_units"": 371, ""momentum"": 0.8458576004733567, ""num_layers"": 4, ""weight_decay"": 0.004839911402116655}","{""time"": 18.998409271240234, ""val_accuracy"": 5.4089813232421875, ""val_cross_entropy"": 1.9673572778701782, ""val_balanced_accuracy"": 0.11624427884817123, ""test_cross_entropy"": 1.964243769645691, ""test_balanced_accuracy"": 0.12150133401155472}"
2026-04-06T20:46:06.047918,tpe,lcbench,7593,1,61,20.171157836914062,"{""OpenML_task_id"": ""189866"", ""batch_size"": 95, ""epoch"": 1, ""learning_rate"": 0.08855974704597144, ""max_dropout"": 0.1713378195066374, ""max_units"": 440, ""momentum"": 0.7022308797399687, ""num_layers"": 5, ""weight_decay"": 0.02397456637556182}","{""time"": 20.171157836914062, ""val_accuracy"": 3.634273052215576, ""val_cross_entropy"": 1.5176327228546143, ""val_balanced_accuracy"": 0.1205735057592392, ""test_cross_entropy"": 1.8654558658599854, ""test_balanced_accuracy"": 0.12249235808849335}"
2026-04-06T20:46:06.053716,tpe,lcbench,7593,1,62,162.36392211914062,"{""OpenML_task_id"": ""126029"", ""batch_size"": 111, ""epoch"": 6, ""learning_rate"": 0.0012605463789333439, ""max_dropout"": 0.2014373033363147, ""max_units"": 551, ""momentum"": 0.3940988695475911, ""num_layers"": 5, ""weight_decay"": 0.0340793347702028}","{""time"": 162.36392211914062, ""val_accuracy"": 46.33454895019531, ""val_cross_entropy"": 1.1473758220672607, ""val_balanced_accuracy"": 0.5878416299819946, ""test_cross_entropy"": 1.779528260231018, ""test_balanced_accuracy"": 0.5890448093414307}"
2026-04-06T20:46:06.059570,tpe,lcbench,7593,1,63,79.56027221679688,"{""OpenML_task_id"": ""189905"", ""batch_size"": 139, ""epoch"": 3, ""learning_rate"": 0.09949567460157151, ""max_dropout"": 0.04634446346342566, ""max_units"": 274, ""momentum"": 0.5777712326163275, ""num_layers"": 3, ""weight_decay"": 0.018664072833034805}","{""time"": 79.56027221679688, ""val_accuracy"": 55.619384765625, ""val_cross_entropy"": 1.0412946939468384, ""val_balanced_accuracy"": 0.6553433537483215, ""test_cross_entropy"": 1.6938135623931885, ""test_balanced_accuracy"": 0.6581806540489197}"
2026-04-06T20:46:06.065552,tpe,lcbench,7593,1,64,108.52481842041016,"{""OpenML_task_id"": ""168330"", ""batch_size"": 237, ""epoch"": 5, ""learning_rate"": 0.01865826876860038, ""max_dropout"": 0.9521862873300087, ""max_units"": 351, ""momentum"": 0.7891899443772327, ""num_layers"": 3, ""weight_decay"": 0.012344467986439463}","{""time"": 108.52481842041016, ""val_accuracy"": 54.768577575683594, ""val_cross_entropy"": 1.114537239074707, ""val_balanced_accuracy"": 0.6053633689880371, ""test_cross_entropy"": 1.7586524486541748, ""test_balanced_accuracy"": 0.6119830012321472}"
2026-04-06T20:46:06.071689,tpe,lcbench,7593,1,65,18.26073455810547,"{""OpenML_task_id"": ""167200"", ""batch_size"": 46, ""epoch"": 1, ""learning_rate"": 0.007181294029333079, ""max_dropout"": 0.8783976205499981, ""max_units"": 328, ""momentum"": 0.6238904841414286, ""num_layers"": 2, ""weight_decay"": 0.03840579616254166}","{""time"": 18.26073455810547, ""val_accuracy"": 12.939462661743164, ""val_cross_entropy"": 1.8809092044830322, ""val_balanced_accuracy"": 0.1583612561225891, ""test_cross_entropy"": 1.9493530988693237, ""test_balanced_accuracy"": 0.1594584584236145}"
2026-04-06T20:46:06.077476,tpe,lcbench,7593,1,66,490.0603332519531,"{""OpenML_task_id"": ""189909"", ""batch_size"": 162, ""epoch"": 7, ""learning_rate"": 0.09063702153241911, ""max_dropout"": 0.13178463761356124, ""max_units"": 593, ""momentum"": 0.5164950260386264, ""num_layers"": 4, ""weight_decay"": 0.028162910393309905}","{""time"": 490.0603332519531, ""val_accuracy"": 50.43439483642578, ""val_cross_entropy"": 1.099329948425293, ""val_balanced_accuracy"": 0.6428701281547546, ""test_cross_entropy"": 1.7229936122894287, ""test_balanced_accuracy"": 0.6449260711669922}"
2026-04-06T20:46:06.083313,tpe,lcbench,7593,1,67,44.00544738769531,"{""OpenML_task_id"": ""167161"", ""batch_size"": 87, ""epoch"": 3, ""learning_rate"": 0.08598172283875789, ""max_dropout"": 0.27638356092749045, ""max_units"": 244, ""momentum"": 0.3661418372424043, ""num_layers"": 5, ""weight_decay"": 0.04225877475113047}","{""time"": 44.00544738769531, ""val_accuracy"": 40.80898666381836, ""val_cross_entropy"": 1.0401901006698608, ""val_balanced_accuracy"": 0.5290738940238953, ""test_cross_entropy"": 1.7472947835922241, ""test_balanced_accuracy"": 0.5306696891784668}"
2026-04-06T20:46:06.089681,tpe,lcbench,7593,1,68,48.30599594116211,"{""OpenML_task_id"": ""126025"", ""batch_size"": 112, ""epoch"": 4, ""learning_rate"": 0.03309945497635849, ""max_dropout"": 0.3517346410486529, ""max_units"": 418, ""momentum"": 0.681205289701469, ""num_layers"": 1, ""weight_decay"": 0.0074407798963852904}","{""time"": 48.30599594116211, ""val_accuracy"": 62.12002182006836, ""val_cross_entropy"": 1.0514955520629883, ""val_balanced_accuracy"": 0.6521586775779724, ""test_cross_entropy"": 1.6959229707717896, ""test_balanced_accuracy"": 0.6627307534217834}"
2026-04-06T20:46:06.095726,tpe,lcbench,7593,1,69,712.4853515625,"{""OpenML_task_id"": ""126026"", ""batch_size"": 63, ""epoch"": 31, ""learning_rate"": 0.09523857954330518, ""max_dropout"": 0.9294973809583249, ""max_units"": 393, ""momentum"": 0.32088678432228523, ""num_layers"": 2, ""weight_decay"": 0.015080109093381177}","{""time"": 712.4853515625, ""val_accuracy"": 56.734771728515625, ""val_cross_entropy"": 0.9681057333946228, ""val_balanced_accuracy"": 0.622735857963562, ""test_cross_entropy"": 1.7132699489593506, ""test_balanced_accuracy"": 0.6363422274589539}"
2026-04-06T20:46:06.101798,tpe,lcbench,7593,1,70,339.8033447265625,"{""OpenML_task_id"": ""3945"", ""batch_size"": 190, ""epoch"": 9, ""learning_rate"": 0.05196966203440428, ""max_dropout"": 0.8272360626621208, ""max_units"": 461, ""momentum"": 0.22334461848819742, ""num_layers"": 4, ""weight_decay"": 0.0795134688227779}","{""time"": 339.8033447265625, ""val_accuracy"": 39.42508316040039, ""val_cross_entropy"": 1.525599718093872, ""val_balanced_accuracy"": 0.4713252782821655, ""test_cross_entropy"": 1.8713220357894897, ""test_balanced_accuracy"": 0.4752765893936157}"
2026-04-06T20:46:06.108194,tpe,lcbench,7593,1,71,14.929344177246094,"{""OpenML_task_id"": ""189905"", ""batch_size"": 182, ""epoch"": 2, ""learning_rate"": 0.015823085375359657, ""max_dropout"": 0.7601059854669563, ""max_units"": 65, ""momentum"": 0.41972371525184116, ""num_layers"": 5, ""weight_decay"": 0.08792166889850028}","{""time"": 14.929344177246094, ""val_accuracy"": 12.023810386657715, ""val_cross_entropy"": 1.6688764095306396, ""val_balanced_accuracy"": 0.253423810005188, ""test_cross_entropy"": 1.856055498123169, ""test_balanced_accuracy"": 0.26346880197525024}"
2026-04-06T20:46:06.114322,tpe,lcbench,7593,1,72,5.9712653160095215,"{""OpenML_task_id"": ""189905"", ""batch_size"": 151, ""epoch"": 1, ""learning_rate"": 0.007816499594392002, ""max_dropout"": 0.6913840528443238, ""max_units"": 112, ""momentum"": 0.47289075716974355, ""num_layers"": 5, ""weight_decay"": 0.07407354891574541}","{""time"": 5.9712653160095215, ""val_accuracy"": 5.782957553863525, ""val_cross_entropy"": 1.6929374933242798, ""val_balanced_accuracy"": 0.1412222534418106, ""test_cross_entropy"": 1.8695411682128906, ""test_balanced_accuracy"": 0.1447160840034485}"
2026-04-06T20:46:06.120485,tpe,lcbench,7593,1,73,368.5754699707031,"{""OpenML_task_id"": ""168910"", ""batch_size"": 154, ""epoch"": 25, ""learning_rate"": 0.005822661713112113, ""max_dropout"": 0.7089532811757976, ""max_units"": 120, ""momentum"": 0.5599259791393683, ""num_layers"": 5, ""weight_decay"": 0.07585966547483688}","{""time"": 368.5754699707031, ""val_accuracy"": 29.554336547851562, ""val_cross_entropy"": 1.5554603338241577, ""val_balanced_accuracy"": 0.3118831217288971, ""test_cross_entropy"": 1.8446682691574097, ""test_balanced_accuracy"": 0.3186075985431671}"
2026-04-06T20:46:06.127339,tpe,lcbench,7593,1,74,67.42279815673828,"{""OpenML_task_id"": ""167152"", ""batch_size"": 131, ""epoch"": 5, ""learning_rate"": 0.008756059145497605, ""max_dropout"": 0.6396920149914203, ""max_units"": 159, ""momentum"": 0.45555373670295457, ""num_layers"": 5, ""weight_decay"": 0.09979930712943838}","{""time"": 67.42279815673828, ""val_accuracy"": 19.824176788330078, ""val_cross_entropy"": 1.6638792753219604, ""val_balanced_accuracy"": 0.2623540461063385, ""test_cross_entropy"": 1.8553804159164429, ""test_balanced_accuracy"": 0.2697538137435913}"
2026-04-06T20:46:06.133521,tpe,lcbench,7593,1,75,9.733546257019043,"{""OpenML_task_id"": ""189905"", ""batch_size"": 124, ""epoch"": 1, ""learning_rate"": 0.021275243903559747, ""max_dropout"": 0.7803234117719956, ""max_units"": 498, ""momentum"": 0.5087115750821634, ""num_layers"": 5, ""weight_decay"": 0.062121431523250434}","{""time"": 9.733546257019043, ""val_accuracy"": 5.321914196014404, ""val_cross_entropy"": 1.6054813861846924, ""val_balanced_accuracy"": 0.13976770639419556, ""test_cross_entropy"": 1.8688668012619019, ""test_balanced_accuracy"": 0.14529606699943542}"
2026-04-06T20:46:06.140051,tpe,lcbench,7593,1,76,77.44207000732422,"{""OpenML_task_id"": ""167185"", ""batch_size"": 36, ""epoch"": 2, ""learning_rate"": 0.01418228694337871, ""max_dropout"": 0.7963523045765274, ""max_units"": 620, ""momentum"": 0.508796250335956, ""num_layers"": 5, ""weight_decay"": 0.06132630540836079}","{""time"": 77.44207000732422, ""val_accuracy"": 44.138671875, ""val_cross_entropy"": 1.2305550575256348, ""val_balanced_accuracy"": 0.39735621213912964, ""test_cross_entropy"": 1.7836823463439941, ""test_balanced_accuracy"": 0.4002527892589569}"
2026-04-06T20:46:06.146230,tpe,lcbench,7593,1,77,34.309696197509766,"{""OpenML_task_id"": ""167184"", ""batch_size"": 285, ""epoch"": 4, ""learning_rate"": 0.02381192810558988, ""max_dropout"": 0.8948823390912984, ""max_units"": 104, ""momentum"": 0.4669466811928673, ""num_layers"": 5, ""weight_decay"": 0.05607842482440459}","{""time"": 34.309696197509766, ""val_accuracy"": 20.979639053344727, ""val_cross_entropy"": 1.468752384185791, ""val_balanced_accuracy"": 0.3131360411643982, ""test_cross_entropy"": 1.8464030027389526, ""test_balanced_accuracy"": 0.3246394693851471}"
2026-04-06T20:46:06.152416,tpe,lcbench,7593,1,78,122.10277557373047,"{""OpenML_task_id"": ""167168"", ""batch_size"": 204, ""epoch"": 6, ""learning_rate"": 0.002441441390160067, ""max_dropout"": 0.8286202401630846, ""max_units"": 510, ""momentum"": 0.622868309281149, ""num_layers"": 5, ""weight_decay"": 0.07028908346800046}","{""time"": 122.10277557373047, ""val_accuracy"": 29.08387565612793, ""val_cross_entropy"": 1.54320228099823, ""val_balanced_accuracy"": 0.39130696654319763, ""test_cross_entropy"": 1.8507014513015747, ""test_balanced_accuracy"": 0.39828723669052124}"
2026-04-06T20:46:06.159145,tpe,lcbench,7593,1,79,949.2859497070312,"{""OpenML_task_id"": ""168908"", ""batch_size"": 103, ""epoch"": 37, ""learning_rate"": 0.0456870618702044, ""max_dropout"": 0.9743626400786549, ""max_units"": 201, ""momentum"": 0.35120899597069233, ""num_layers"": 5, ""weight_decay"": 0.06535670094087292}","{""time"": 949.2859497070312, ""val_accuracy"": 51.58296585083008, ""val_cross_entropy"": 1.4065698385238647, ""val_balanced_accuracy"": 0.3378473222255707, ""test_cross_entropy"": 1.7959280014038086, ""test_balanced_accuracy"": 0.3415716588497162}"
2026-04-06T20:46:06.165619,tpe,lcbench,7593,1,80,16.170421600341797,"{""OpenML_task_id"": ""167181"", ""batch_size"": 146, ""epoch"": 1, ""learning_rate"": 0.01970269440673291, ""max_dropout"": 0.7794703722883514, ""max_units"": 487, ""momentum"": 0.9837260624121004, ""num_layers"": 3, ""weight_decay"": 0.051200910363932664}","{""time"": 16.170421600341797, ""val_accuracy"": 7.877379894256592, ""val_cross_entropy"": 1.9724798202514648, ""val_balanced_accuracy"": 0.12091942876577377, ""test_cross_entropy"": 1.9909778833389282, ""test_balanced_accuracy"": 0.1243954673409462}"
2026-04-06T20:46:06.172290,tpe,lcbench,7593,1,81,33.88298797607422,"{""OpenML_task_id"": ""189905"", ""batch_size"": 121, ""epoch"": 2, ""learning_rate"": 0.013344364456007417, ""max_dropout"": 0.7338879896865438, ""max_units"": 547, ""momentum"": 0.5534225844934746, ""num_layers"": 5, ""weight_decay"": 0.06739050442189425}","{""time"": 33.88298797607422, ""val_accuracy"": 31.619665145874023, ""val_cross_entropy"": 1.4457919597625732, ""val_balanced_accuracy"": 0.40837913751602173, ""test_cross_entropy"": 1.8535692691802979, ""test_balanced_accuracy"": 0.41610655188560486}"
2026-04-06T20:46:06.178657,tpe,lcbench,7593,1,82,106.8221664428711,"{""OpenML_task_id"": ""189905"", ""batch_size"": 168, ""epoch"": 4, ""learning_rate"": 0.004546779058017702, ""max_dropout"": 0.8469097687709004, ""max_units"": 431, ""momentum"": 0.2751558127194091, ""num_layers"": 3, ""weight_decay"": 0.07637726217368546}","{""time"": 106.8221664428711, ""val_accuracy"": 44.89682388305664, ""val_cross_entropy"": 1.498682975769043, ""val_balanced_accuracy"": 0.5496044158935547, ""test_cross_entropy"": 1.8640748262405396, ""test_balanced_accuracy"": 0.5561423897743225}"
2026-04-06T20:46:06.185399,tpe,lcbench,7593,1,83,18.46014404296875,"{""OpenML_task_id"": ""168331"", ""batch_size"": 79, ""epoch"": 1, ""learning_rate"": 0.0005800065780910543, ""max_dropout"": 0.23416962928511206, ""max_units"": 467, ""momentum"": 0.1761109925352386, ""num_layers"": 1, ""weight_decay"": 0.021371430545125535}","{""time"": 18.46014404296875, ""val_accuracy"": 17.864242553710938, ""val_cross_entropy"": 1.9897679090499878, ""val_balanced_accuracy"": 0.16395321488380432, ""test_cross_entropy"": 1.9661411046981812, ""test_balanced_accuracy"": 0.16395540535449982}"
2026-04-06T20:46:06.192565,tpe,lcbench,7593,1,84,49.795291900634766,"{""OpenML_task_id"": ""146212"", ""batch_size"": 128, ""epoch"": 3, ""learning_rate"": 0.0821842088311995, ""max_dropout"": 0.9278518331898913, ""max_units"": 370, ""momentum"": 0.15640776771933157, ""num_layers"": 5, ""weight_decay"": 0.07350130334930324}","{""time"": 49.795291900634766, ""val_accuracy"": 29.108905792236328, ""val_cross_entropy"": 1.301129937171936, ""val_balanced_accuracy"": 0.3589218556880951, ""test_cross_entropy"": 1.8382097482681274, ""test_balanced_accuracy"": 0.37035056948661804}"
2026-04-06T20:46:06.199487,tpe,lcbench,7593,1,85,116.58904266357422,"{""OpenML_task_id"": ""167201"", ""batch_size"": 180, ""epoch"": 7, ""learning_rate"": 0.09765496411561644, ""max_dropout"": 0.6756058970620071, ""max_units"": 289, ""momentum"": 0.4022724193595005, ""num_layers"": 5, ""weight_decay"": 0.05931626813074095}","{""time"": 116.58904266357422, ""val_accuracy"": 29.65416717529297, ""val_cross_entropy"": 1.2143797874450684, ""val_balanced_accuracy"": 0.4128628969192505, ""test_cross_entropy"": 1.8152812719345093, ""test_balanced_accuracy"": 0.4207746684551239}"
2026-04-06T20:46:06.206436,tpe,lcbench,7593,1,86,394.67156982421875,"{""OpenML_task_id"": ""189865"", ""batch_size"": 19, ""epoch"": 5, ""learning_rate"": 0.09135374786860967, ""max_dropout"": 0.4179073826331573, ""max_units"": 178, ""momentum"": 0.12377966790677766, ""num_layers"": 4, ""weight_decay"": 0.09137284463189557}","{""time"": 394.67156982421875, ""val_accuracy"": 36.28290557861328, ""val_cross_entropy"": 1.5684255361557007, ""val_balanced_accuracy"": 0.26692095398902893, ""test_cross_entropy"": 1.8985180854797363, ""test_balanced_accuracy"": 0.26516929268836975}"
2026-04-06T20:46:06.212892,tpe,lcbench,7593,1,87,130.49609375,"{""OpenML_task_id"": ""189905"", ""batch_size"": 156, ""epoch"": 9, ""learning_rate"": 0.07699441064847316, ""max_dropout"": 0.37817829162156164, ""max_units"": 578, ""momentum"": 0.4809986180447492, ""num_layers"": 1, ""weight_decay"": 0.025594686518812068}","{""time"": 130.49609375, ""val_accuracy"": 57.05316162109375, ""val_cross_entropy"": 1.1728919744491577, ""val_balanced_accuracy"": 0.637056291103363, ""test_cross_entropy"": 1.7431954145431519, ""test_balanced_accuracy"": 0.6458812952041626}"
2026-04-06T20:46:06.219853,tpe,lcbench,7593,1,88,32.2486686706543,"{""OpenML_task_id"": ""167190"", ""batch_size"": 105, ""epoch"": 2, ""learning_rate"": 0.040350907299639555, ""max_dropout"": 0.19775050636205094, ""max_units"": 237, ""momentum"": 0.24584275498388125, ""num_layers"": 5, ""weight_decay"": 0.010080845834644482}","{""time"": 32.2486686706543, ""val_accuracy"": 58.35858917236328, ""val_cross_entropy"": 0.7293319702148438, ""val_balanced_accuracy"": 0.7040671110153198, ""test_cross_entropy"": 1.6328550577163696, ""test_balanced_accuracy"": 0.7063753008842468}"
2026-04-06T20:46:06.227294,tpe,lcbench,7593,1,89,110.4756851196289,"{""OpenML_task_id"": ""167104"", ""batch_size"": 120, ""epoch"": 4, ""learning_rate"": 0.07362708442852309, ""max_dropout"": 0.8831937706115072, ""max_units"": 525, ""momentum"": 0.5360885185888709, ""num_layers"": 3, ""weight_decay"": 0.08514129466536752}","{""time"": 110.4756851196289, ""val_accuracy"": 42.07389831542969, ""val_cross_entropy"": 1.5692147016525269, ""val_balanced_accuracy"": 0.5236235857009888, ""test_cross_entropy"": 1.8635538816452026, ""test_balanced_accuracy"": 0.5320338010787964}"
2026-04-06T20:46:06.234407,tpe,lcbench,7593,1,90,13.526506423950195,"{""OpenML_task_id"": ""167149"", ""batch_size"": 67, ""epoch"": 1, ""learning_rate"": 0.020835224854382026, ""max_dropout"": 0.28115867199327965, ""max_units"": 399, ""momentum"": 0.20554690084912247, ""num_layers"": 5, ""weight_decay"": 0.019416099116389265}","{""time"": 13.526506423950195, ""val_accuracy"": 5.868896484375, ""val_cross_entropy"": 1.6530823707580566, ""val_balanced_accuracy"": 0.13654588162899017, ""test_cross_entropy"": 1.9181742668151855, ""test_balanced_accuracy"": 0.1424754559993744}"
2026-04-06T20:46:06.241970,tpe,lcbench,7593,1,91,12.790225982666016,"{""OpenML_task_id"": ""167149"", ""batch_size"": 58, ""epoch"": 1, ""learning_rate"": 0.02133079071530807, ""max_dropout"": 0.31906731651433873, ""max_units"": 390, ""momentum"": 0.33696101736848055, ""num_layers"": 5, ""weight_decay"": 0.019365090399282033}","{""time"": 12.790225982666016, ""val_accuracy"": 4.959784030914307, ""val_cross_entropy"": 1.6521565914154053, ""val_balanced_accuracy"": 0.13003255426883698, ""test_cross_entropy"": 1.9115554094314575, ""test_balanced_accuracy"": 0.13491028547286987}"
2026-04-06T20:46:06.249063,tpe,lcbench,7593,1,92,49.24586868286133,"{""OpenML_task_id"": ""167149"", ""batch_size"": 57, ""epoch"": 2, ""learning_rate"": 0.02988030495087162, ""max_dropout"": 0.2893556234971002, ""max_units"": 375, ""momentum"": 0.3823955301710622, ""num_layers"": 5, ""weight_decay"": 0.019146525781235015}","{""time"": 49.24586868286133, ""val_accuracy"": 59.054386138916016, ""val_cross_entropy"": 0.7689157724380493, ""val_balanced_accuracy"": 0.6682038307189941, ""test_cross_entropy"": 1.645662546157837, ""test_balanced_accuracy"": 0.6685773730278015}"
2026-04-06T20:46:06.256381,tpe,lcbench,7593,1,93,78.56043243408203,"{""OpenML_task_id"": ""167149"", ""batch_size"": 69, ""epoch"": 3, ""learning_rate"": 0.020720537332711855, ""max_dropout"": 0.32217147376508815, ""max_units"": 403, ""momentum"": 0.34458603387277653, ""num_layers"": 5, ""weight_decay"": 0.014008593116540263}","{""time"": 78.56043243408203, ""val_accuracy"": 61.036563873291016, ""val_cross_entropy"": 0.7199593782424927, ""val_balanced_accuracy"": 0.7052041292190552, ""test_cross_entropy"": 1.6109498739242554, ""test_balanced_accuracy"": 0.7050588726997375}"
2026-04-06T20:46:06.263686,tpe,lcbench,7593,1,94,13.7747220993042,"{""OpenML_task_id"": ""167149"", ""batch_size"": 46, ""epoch"": 1, ""learning_rate"": 0.008415347683333586, ""max_dropout"": 0.2567610313888173, ""max_units"": 335, ""momentum"": 0.2984420083413099, ""num_layers"": 5, ""weight_decay"": 0.023951058806935575}","{""time"": 13.7747220993042, ""val_accuracy"": 5.567008972167969, ""val_cross_entropy"": 1.7700847387313843, ""val_balanced_accuracy"": 0.12414611130952835, ""test_cross_entropy"": 1.934090495109558, ""test_balanced_accuracy"": 0.12961557507514954}"
2026-04-06T20:46:06.270934,tpe,lcbench,7593,1,95,2586.91748046875,"{""OpenML_task_id"": ""167149"", ""batch_size"": 33, ""epoch"": 52, ""learning_rate"": 0.011771714418651016, ""max_dropout"": 0.24141901962149645, ""max_units"": 329, ""momentum"": 0.31201748080631025, ""num_layers"": 5, ""weight_decay"": 0.02270741051252145}","{""time"": 2586.91748046875, ""val_accuracy"": 73.0436782836914, ""val_cross_entropy"": 0.6549324989318848, ""val_balanced_accuracy"": 0.7281519770622253, ""test_cross_entropy"": 1.5530197620391846, ""test_balanced_accuracy"": 0.722639799118042}"
2026-04-06T20:46:06.278530,tpe,lcbench,7593,1,96,460.2479553222656,"{""OpenML_task_id"": ""167149"", ""batch_size"": 52, ""epoch"": 6, ""learning_rate"": 0.025890345700088274, ""max_dropout"": 0.5947807466179886, ""max_units"": 959, ""momentum"": 0.2797628626692545, ""num_layers"": 5, ""weight_decay"": 0.017108428449209054}","{""time"": 460.2479553222656, ""val_accuracy"": 61.021080017089844, ""val_cross_entropy"": 0.7311754822731018, ""val_balanced_accuracy"": 0.6829183101654053, ""test_cross_entropy"": 1.5999696254730225, ""test_balanced_accuracy"": 0.688042163848877}"
2026-04-06T20:46:06.285946,tpe,lcbench,7593,1,97,55.368988037109375,"{""OpenML_task_id"": ""34539"", ""batch_size"": 29, ""epoch"": 2, ""learning_rate"": 0.007767843500610544, ""max_dropout"": 0.5035915845096708, ""max_units"": 350, ""momentum"": 0.29836087708098913, ""num_layers"": 5, ""weight_decay"": 0.024952724330874892}","{""time"": 55.368988037109375, ""val_accuracy"": 65.1490478515625, ""val_cross_entropy"": 0.8464977145195007, ""val_balanced_accuracy"": 0.6204594969749451, ""test_cross_entropy"": 1.675663709640503, ""test_balanced_accuracy"": 0.6192842721939087}"
2026-04-06T20:46:06.293746,tpe,lcbench,7593,1,98,81.9489974975586,"{""OpenML_task_id"": ""167149"", ""batch_size"": 47, ""epoch"": 4, ""learning_rate"": 0.017502853217580425, ""max_dropout"": 0.3270844790141009, ""max_units"": 262, ""momentum"": 0.31957399651815, ""num_layers"": 5, ""weight_decay"": 0.03153323526886071}","{""time"": 81.9489974975586, ""val_accuracy"": 60.6186637878418, ""val_cross_entropy"": 0.8553473353385925, ""val_balanced_accuracy"": 0.6174396872520447, ""test_cross_entropy"": 1.6714155673980713, ""test_balanced_accuracy"": 0.6145880818367004}"
2026-04-06T20:46:06.300836,tpe,lcbench,7593,1,99,8.48828411102295,"{""OpenML_task_id"": ""168329"", ""batch_size"": 87, ""epoch"": 1, ""learning_rate"": 0.021544128246975273, ""max_dropout"": 0.39823985919582294, ""max_units"": 311, ""momentum"": 0.35960195767115727, ""num_layers"": 5, ""weight_decay"": 0.019889111370103962}","{""time"": 8.48828411102295, ""val_accuracy"": 5.945976734161377, ""val_cross_entropy"": 1.688634991645813, ""val_balanced_accuracy"": 0.1306580752134323, ""test_cross_entropy"": 1.9223893880844116, ""test_balanced_accuracy"": 0.13694049417972565}"
2026-04-06T20:46:06.308563,tpe,lcbench,7593,1,100,122.61036682128906,"{""OpenML_task_id"": ""168329"", ""batch_size"": 90, ""epoch"": 7, ""learning_rate"": 0.0286797723531584, ""max_dropout"": 0.38710432993293287, ""max_units"": 309, ""momentum"": 0.4087844071589939, ""num_layers"": 5, ""weight_decay"": 0.020107125014355073}","{""time"": 122.61036682128906, ""val_accuracy"": 57.58437728881836, ""val_cross_entropy"": 0.7433801889419556, ""val_balanced_accuracy"": 0.6794155836105347, ""test_cross_entropy"": 1.619560956954956, ""test_balanced_accuracy"": 0.6772355437278748}"
2026-04-06T20:46:06.315718,tpe,lcbench,7593,1,101,10.239739418029785,"{""OpenML_task_id"": ""168329"", ""batch_size"": 72, ""epoch"": 1, ""learning_rate"": 0.021810023913338878, ""max_dropout"": 0.43694445898026796, ""max_units"": 389, ""momentum"": 0.3631560788050399, ""num_layers"": 5, ""weight_decay"": 0.021754700311473786}","{""time"": 10.239739418029785, ""val_accuracy"": 5.342519283294678, ""val_cross_entropy"": 1.691200852394104, ""val_balanced_accuracy"": 0.1273684948682785, ""test_cross_entropy"": 1.9200997352600098, ""test_balanced_accuracy"": 0.13322262465953827}"
2026-04-06T20:46:06.323057,tpe,lcbench,7593,1,102,66.80226135253906,"{""OpenML_task_id"": ""168329"", ""batch_size"": 77, ""epoch"": 3, ""learning_rate"": 0.02139540808403905, ""max_dropout"": 0.43214272216707006, ""max_units"": 404, ""momentum"": 0.37786381628569155, ""num_layers"": 5, ""weight_decay"": 0.015543696938867651}","{""time"": 66.80226135253906, ""val_accuracy"": 59.63755416870117, ""val_cross_entropy"": 0.7299742698669434, ""val_balanced_accuracy"": 0.693741500377655, ""test_cross_entropy"": 1.6221985816955566, ""test_balanced_accuracy"": 0.6941186785697937}"
2026-04-06T20:46:06.330528,tpe,lcbench,7593,1,103,11.84338092803955,"{""OpenML_task_id"": ""168329"", ""batch_size"": 86, ""epoch"": 1, ""learning_rate"": 0.02239348691746993, ""max_dropout"": 0.34621620813758586, ""max_units"": 388, ""momentum"": 0.33558546751761725, ""num_layers"": 5, ""weight_decay"": 0.013231949622407594}","{""time"": 11.84338092803955, ""val_accuracy"": 5.671115875244141, ""val_cross_entropy"": 1.6129951477050781, ""val_balanced_accuracy"": 0.1386895477771759, ""test_cross_entropy"": 1.9084434509277344, ""test_balanced_accuracy"": 0.14457841217517853}"
2026-04-06T20:46:06.338044,tpe,lcbench,7593,1,104,28.790382385253906,"{""OpenML_task_id"": ""168329"", ""batch_size"": 66, ""epoch"": 2, ""learning_rate"": 0.026649635258821386, ""max_dropout"": 0.358253691761084, ""max_units"": 283, ""momentum"": 0.3572036325224237, ""num_layers"": 5, ""weight_decay"": 0.05342338573736828}","{""time"": 28.790382385253906, ""val_accuracy"": 36.208587646484375, ""val_cross_entropy"": 1.2893157005310059, ""val_balanced_accuracy"": 0.40820935368537903, ""test_cross_entropy"": 1.8291289806365967, ""test_balanced_accuracy"": 0.41287943720817566}"
2026-04-06T20:46:06.344892,tpe,lcbench,7593,1,105,126.86071014404297,"{""OpenML_task_id"": ""168329"", ""batch_size"": 88, ""epoch"": 5, ""learning_rate"": 0.02285255118585127, ""max_dropout"": 0.45911001852486055, ""max_units"": 445, ""momentum"": 0.43900967078028147, ""num_layers"": 5, ""weight_decay"": 0.013005148542915623}","{""time"": 126.86071014404297, ""val_accuracy"": 58.973567962646484, ""val_cross_entropy"": 0.7078554034233093, ""val_balanced_accuracy"": 0.7059429883956909, ""test_cross_entropy"": 1.60025155544281, ""test_balanced_accuracy"": 0.7058406472206116}"
2026-04-06T20:46:06.352338,tpe,lcbench,7593,1,106,10.13097095489502,"{""OpenML_task_id"": ""168335"", ""batch_size"": 94, ""epoch"": 1, ""learning_rate"": 0.034409576693110774, ""max_dropout"": 0.39941624532845477, ""max_units"": 359, ""momentum"": 0.3348152022770648, ""num_layers"": 5, ""weight_decay"": 0.010831356936261149}","{""time"": 10.13097095489502, ""val_accuracy"": 5.355997085571289, ""val_cross_entropy"": 1.5634735822677612, ""val_balanced_accuracy"": 0.14192324876785278, ""test_cross_entropy"": 1.9002113342285156, ""test_balanced_accuracy"": 0.14751462638378143}"
2026-04-06T20:46:06.359800,tpe,lcbench,7593,1,107,66.0841064453125,"{""OpenML_task_id"": ""189873"", ""batch_size"": 100, ""epoch"": 3, ""learning_rate"": 0.03451408291178272, ""max_dropout"": 0.4262872725346799, ""max_units"": 361, ""momentum"": 0.38557957490830125, ""num_layers"": 5, ""weight_decay"": 0.006379102960174811}","{""time"": 66.0841064453125, ""val_accuracy"": 59.153926849365234, ""val_cross_entropy"": 0.6896650195121765, ""val_balanced_accuracy"": 0.7181357741355896, ""test_cross_entropy"": 1.5849981307983398, ""test_balanced_accuracy"": 0.7197758555412292}"
2026-04-06T20:46:06.367449,tpe,lcbench,7593,1,108,10.347113609313965,"{""OpenML_task_id"": ""168335"", ""batch_size"": 83, ""epoch"": 1, ""learning_rate"": 0.015366537090607497, ""max_dropout"": 0.40430516953054074, ""max_units"": 319, ""momentum"": 0.32943992962198076, ""num_layers"": 5, ""weight_decay"": 0.011860271196897112}","{""time"": 10.347113609313965, ""val_accuracy"": 6.07998514175415, ""val_cross_entropy"": 1.6737431287765503, ""val_balanced_accuracy"": 0.13404640555381775, ""test_cross_entropy"": 1.9219202995300293, ""test_balanced_accuracy"": 0.14070898294448853}"
2026-04-06T20:46:06.376663,tpe,lcbench,7593,1,109,69.54100036621094,"{""OpenML_task_id"": ""168335"", ""batch_size"": 142, ""epoch"": 4, ""learning_rate"": 0.016056182478536074, ""max_dropout"": 0.40715812953802966, ""max_units"": 298, ""momentum"": 0.3350031238848595, ""num_layers"": 5, ""weight_decay"": 0.011909321520659526}","{""time"": 69.54100036621094, ""val_accuracy"": 59.44041061401367, ""val_cross_entropy"": 0.754970371723175, ""val_balanced_accuracy"": 0.7131345272064209, ""test_cross_entropy"": 1.62578284740448, ""test_balanced_accuracy"": 0.7135685682296753}"
2026-04-06T20:46:06.384936,tpe,lcbench,7593,1,110,38.07197570800781,"{""OpenML_task_id"": ""126025"", ""batch_size"": 82, ""epoch"": 2, ""learning_rate"": 0.012885263292911427, ""max_dropout"": 0.34388718282520003, ""max_units"": 319, ""momentum"": 0.4165248904822284, ""num_layers"": 5, ""weight_decay"": 0.010169464446838118}","{""time"": 38.07197570800781, ""val_accuracy"": 60.687843322753906, ""val_cross_entropy"": 0.7653428316116333, ""val_balanced_accuracy"": 0.701101541519165, ""test_cross_entropy"": 1.6482267379760742, ""test_balanced_accuracy"": 0.7025968432426453}"
2026-04-06T20:46:06.393329,tpe,lcbench,7593,1,111,11.957727432250977,"{""OpenML_task_id"": ""168335"", ""batch_size"": 108, ""epoch"": 1, ""learning_rate"": 0.0304441128313837, ""max_dropout"": 0.47822283346803984, ""max_units"": 384, ""momentum"": 0.32954511635772393, ""num_layers"": 5, ""weight_decay"": 0.09489660489475318}","{""time"": 11.957727432250977, ""val_accuracy"": 6.3340606689453125, ""val_cross_entropy"": 1.679863452911377, ""val_balanced_accuracy"": 0.13423855602741241, ""test_cross_entropy"": 1.8805992603302002, ""test_balanced_accuracy"": 0.1397269368171692}"
2026-04-06T20:46:06.401561,tpe,lcbench,7593,1,112,11.326031684875488,"{""OpenML_task_id"": ""168335"", ""batch_size"": 108, ""epoch"": 1, ""learning_rate"": 0.03119780065887811, ""max_dropout"": 0.44583379207647644, ""max_units"": 349, ""momentum"": 0.26417497521448224, ""num_layers"": 5, ""weight_decay"": 0.0938439194695402}","{""time"": 11.326031684875488, ""val_accuracy"": 6.575749397277832, ""val_cross_entropy"": 1.6720609664916992, ""val_balanced_accuracy"": 0.13604804873466492, ""test_cross_entropy"": 1.8820562362670898, ""test_balanced_accuracy"": 0.14161363244056702}"
2026-04-06T20:46:06.409479,tpe,lcbench,7593,1,113,60.58849334716797,"{""OpenML_task_id"": ""168335"", ""batch_size"": 105, ""epoch"": 3, ""learning_rate"": 0.030020608823981356, ""max_dropout"": 0.4825191597841668, ""max_units"": 233, ""momentum"": 0.24946095508459057, ""num_layers"": 5, ""weight_decay"": 0.0939456158287666}","{""time"": 60.58849334716797, ""val_accuracy"": 20.883901596069336, ""val_cross_entropy"": 1.6414984464645386, ""val_balanced_accuracy"": 0.2643900215625763, ""test_cross_entropy"": 1.8740683794021606, ""test_balanced_accuracy"": 0.2731840908527374}"
2026-04-06T20:46:06.417113,tpe,lcbench,7593,1,114,73.50827026367188,"{""OpenML_task_id"": ""168335"", ""batch_size"": 129, ""epoch"": 5, ""learning_rate"": 0.03173219062940887, ""max_dropout"": 0.44423287176893816, ""max_units"": 88, ""momentum"": 0.2623960720155819, ""num_layers"": 5, ""weight_decay"": 0.09643137021010352}","{""time"": 73.50827026367188, ""val_accuracy"": 16.593032836914062, ""val_cross_entropy"": 1.659522294998169, ""val_balanced_accuracy"": 0.23065610229969025, ""test_cross_entropy"": 1.8765205144882202, ""test_balanced_accuracy"": 0.23977351188659668}"
2026-04-06T20:46:06.425051,tpe,lcbench,7593,1,115,8.619364738464355,"{""OpenML_task_id"": ""168335"", ""batch_size"": 308, ""epoch"": 1, ""learning_rate"": 0.03814081145667866, ""max_dropout"": 0.49895740710343495, ""max_units"": 270, ""momentum"": 0.3228192628569652, ""num_layers"": 5, ""weight_decay"": 0.09115776321126702}","{""time"": 8.619364738464355, ""val_accuracy"": 6.487769603729248, ""val_cross_entropy"": 1.6943390369415283, ""val_balanced_accuracy"": 0.14055420458316803, ""test_cross_entropy"": 1.8873162269592285, ""test_balanced_accuracy"": 0.14723747968673706}"
2026-04-06T20:46:06.432906,tpe,lcbench,7593,1,116,29.900379180908203,"{""OpenML_task_id"": ""168335"", ""batch_size"": 329, ""epoch"": 2, ""learning_rate"": 0.04052369083283782, ""max_dropout"": 0.3978354609951805, ""max_units"": 263, ""momentum"": 0.2841412706105047, ""num_layers"": 5, ""weight_decay"": 0.0916933885515915}","{""time"": 29.900379180908203, ""val_accuracy"": 12.420687675476074, ""val_cross_entropy"": 1.7301875352859497, ""val_balanced_accuracy"": 0.27574872970581055, ""test_cross_entropy"": 1.9054944515228271, ""test_balanced_accuracy"": 0.28950849175453186}"
2026-04-06T20:46:06.440670,tpe,lcbench,7593,1,117,107.87638854980469,"{""OpenML_task_id"": ""168335"", ""batch_size"": 360, ""epoch"": 4, ""learning_rate"": 0.03715342101701337, ""max_dropout"": 0.5161463303538687, ""max_units"": 351, ""momentum"": 0.35822576486229574, ""num_layers"": 5, ""weight_decay"": 0.0033245464133618546}","{""time"": 107.87638854980469, ""val_accuracy"": 59.47953796386719, ""val_cross_entropy"": 0.6846832633018494, ""val_balanced_accuracy"": 0.7408187985420227, ""test_cross_entropy"": 1.5818586349487305, ""test_balanced_accuracy"": 0.7420887351036072}"
2026-04-06T20:46:06.448515,tpe,lcbench,7593,1,118,41.049171447753906,"{""OpenML_task_id"": ""168329"", ""batch_size"": 330, ""epoch"": 3, ""learning_rate"": 0.027627439853816507, ""max_dropout"": 0.5564498400475243, ""max_units"": 138, ""momentum"": 0.664613438488818, ""num_layers"": 5, ""weight_decay"": 0.0991034684821725}","{""time"": 41.049171447753906, ""val_accuracy"": 12.55109691619873, ""val_cross_entropy"": 1.7212382555007935, ""val_balanced_accuracy"": 0.24274568259716034, ""test_cross_entropy"": 1.8800655603408813, ""test_balanced_accuracy"": 0.25360947847366333}"
2026-04-06T20:46:06.456918,tpe,lcbench,7593,1,119,1101.153564453125,"{""OpenML_task_id"": ""189908"", ""batch_size"": 303, ""epoch"": 20, ""learning_rate"": 0.03591751658571362, ""max_dropout"": 0.37541681780211883, ""max_units"": 321, ""momentum"": 0.49624440383957497, ""num_layers"": 5, ""weight_decay"": 0.0886582781553971}","{""time"": 1101.153564453125, ""val_accuracy"": 23.194631576538086, ""val_cross_entropy"": 1.5866457223892212, ""val_balanced_accuracy"": 0.30902957916259766, ""test_cross_entropy"": 1.854461431503296, ""test_balanced_accuracy"": 0.3144407868385315}"
2026-04-06T20:46:06.465377,tpe,lcbench,7593,1,120,4717.96533203125,"{""OpenML_task_id"": ""189354"", ""batch_size"": 96, ""epoch"": 47, ""learning_rate"": 0.017725343960990653, ""max_dropout"": 0.4486596540309089, ""max_units"": 287, ""momentum"": 0.5779768126891047, ""num_layers"": 5, ""weight_decay"": 0.08447635723751082}","{""time"": 4717.96533203125, ""val_accuracy"": 39.374656677246094, ""val_cross_entropy"": 1.439837098121643, ""val_balanced_accuracy"": 0.3214655816555023, ""test_cross_entropy"": 1.8404946327209473, ""test_balanced_accuracy"": 0.32273852825164795}"
2026-04-06T20:46:06.473833,tpe,lcbench,7593,1,121,10.786372184753418,"{""OpenML_task_id"": ""168335"", ""batch_size"": 110, ""epoch"": 1, ""learning_rate"": 0.03169534351142303, ""max_dropout"": 0.4856691814866352, ""max_units"": 340, ""momentum"": 0.32335411423220084, ""num_layers"": 5, ""weight_decay"": 0.09470122800436975}","{""time"": 10.786372184753418, ""val_accuracy"": 6.17204475402832, ""val_cross_entropy"": 1.6877429485321045, ""val_balanced_accuracy"": 0.1328650712966919, ""test_cross_entropy"": 1.8813352584838867, ""test_balanced_accuracy"": 0.13826246559619904}"
2026-04-06T20:46:06.482070,tpe,lcbench,7593,1,122,31.442665100097656,"{""OpenML_task_id"": ""168335"", ""batch_size"": 391, ""epoch"": 2, ""learning_rate"": 0.043025289911274946, ""max_dropout"": 0.506264016897277, ""max_units"": 340, ""momentum"": 0.3678304856184786, ""num_layers"": 5, ""weight_decay"": 0.09237462119618534}","{""time"": 31.442665100097656, ""val_accuracy"": 12.98099136352539, ""val_cross_entropy"": 1.7156081199645996, ""val_balanced_accuracy"": 0.29877597093582153, ""test_cross_entropy"": 1.8949726819992065, ""test_balanced_accuracy"": 0.3128262162208557}"
2026-04-06T20:46:06.490000,tpe,lcbench,7593,1,123,10.487955093383789,"{""OpenML_task_id"": ""168868"", ""batch_size"": 138, ""epoch"": 1, ""learning_rate"": 0.0035427721748627077, ""max_dropout"": 0.5262698006932972, ""max_units"": 361, ""momentum"": 0.7367124863097891, ""num_layers"": 5, ""weight_decay"": 0.09707070985257993}","{""time"": 10.487955093383789, ""val_accuracy"": 6.4070868492126465, ""val_cross_entropy"": 1.6844629049301147, ""val_balanced_accuracy"": 0.1405450999736786, ""test_cross_entropy"": 1.872941493988037, ""test_balanced_accuracy"": 0.14516836404800415}"
2026-04-06T20:46:06.497690,tpe,lcbench,7593,1,124,34.735008239746094,"{""OpenML_task_id"": ""168868"", ""batch_size"": 138, ""epoch"": 3, ""learning_rate"": 0.004619463479008948, ""max_dropout"": 0.5962115956216768, ""max_units"": 197, ""momentum"": 0.6166439781874093, ""num_layers"": 5, ""weight_decay"": 0.0985017088420027}","{""time"": 34.735008239746094, ""val_accuracy"": 18.459354400634766, ""val_cross_entropy"": 1.7177311182022095, ""val_balanced_accuracy"": 0.2829919755458832, ""test_cross_entropy"": 1.8608149290084839, ""test_balanced_accuracy"": 0.2904609441757202}"
2026-04-06T20:46:06.505860,tpe,lcbench,7593,1,125,94.28588104248047,"{""OpenML_task_id"": ""168868"", ""batch_size"": 150, ""epoch"": 6, ""learning_rate"": 0.0329149741852776, ""max_dropout"": 0.4403304934973436, ""max_units"": 111, ""momentum"": 0.7405324181007418, ""num_layers"": 5, ""weight_decay"": 0.09719232650814838}","{""time"": 94.28588104248047, ""val_accuracy"": 14.482502937316895, ""val_cross_entropy"": 1.68352472782135, ""val_balanced_accuracy"": 0.20717723667621613, ""test_cross_entropy"": 1.8759939670562744, ""test_balanced_accuracy"": 0.2130690962076187}"
2026-04-06T20:46:06.513582,tpe,lcbench,7593,1,126,10.030569076538086,"{""OpenML_task_id"": ""168335"", ""batch_size"": 118, ""epoch"": 1, ""learning_rate"": 0.003452700839844855, ""max_dropout"": 0.48986548504231064, ""max_units"": 306, ""momentum"": 0.7740995908670077, ""num_layers"": 5, ""weight_decay"": 0.09375177076405924}","{""time"": 10.030569076538086, ""val_accuracy"": 6.1815290451049805, ""val_cross_entropy"": 1.7133649587631226, ""val_balanced_accuracy"": 0.13564538955688477, ""test_cross_entropy"": 1.8757610321044922, ""test_balanced_accuracy"": 0.14004282653331757}"
2026-04-06T20:46:06.521977,tpe,lcbench,7593,1,127,9.535531997680664,"{""OpenML_task_id"": ""168335"", ""batch_size"": 117, ""epoch"": 1, ""learning_rate"": 0.0032254659574297855, ""max_dropout"": 0.5405280863799318, ""max_units"": 302, ""momentum"": 0.7124995369546865, ""num_layers"": 5, ""weight_decay"": 0.09002926682070064}","{""time"": 9.535531997680664, ""val_accuracy"": 6.332768440246582, ""val_cross_entropy"": 1.700145959854126, ""val_balanced_accuracy"": 0.13931524753570557, ""test_cross_entropy"": 1.876376748085022, ""test_balanced_accuracy"": 0.1435808539390564}"
2026-04-06T20:46:06.529876,tpe,lcbench,7593,1,128,73.43854522705078,"{""OpenML_task_id"": ""168335"", ""batch_size"": 129, ""epoch"": 4, ""learning_rate"": 0.006535670297890061, ""max_dropout"": 0.5367125255084636, ""max_units"": 273, ""momentum"": 0.7847722396484381, ""num_layers"": 5, ""weight_decay"": 0.08925318852355243}","{""time"": 73.43854522705078, ""val_accuracy"": 23.776718139648438, ""val_cross_entropy"": 1.655362606048584, ""val_balanced_accuracy"": 0.29474592208862305, ""test_cross_entropy"": 1.8590383529663086, ""test_balanced_accuracy"": 0.3005707561969757}"
2026-04-06T20:46:06.538519,tpe,lcbench,7593,1,129,23.612712860107422,"{""OpenML_task_id"": ""168335"", ""batch_size"": 120, ""epoch"": 2, ""learning_rate"": 0.00037349035081112654, ""max_dropout"": 0.5760386973892211, ""max_units"": 222, ""momentum"": 0.794069292089985, ""num_layers"": 5, ""weight_decay"": 0.08682903826048499}","{""time"": 23.612712860107422, ""val_accuracy"": 9.899557113647461, ""val_cross_entropy"": 1.839892029762268, ""val_balanced_accuracy"": 0.25613880157470703, ""test_cross_entropy"": 1.8880707025527954, ""test_balanced_accuracy"": 0.26377400755882263}"
2026-04-06T20:46:06.546693,tpe,lcbench,7593,1,130,9.457441329956055,"{""OpenML_task_id"": ""168335"", ""batch_size"": 114, ""epoch"": 1, ""learning_rate"": 0.002895494991201149, ""max_dropout"": 0.4968133474365174, ""max_units"": 247, ""momentum"": 0.8206301407963615, ""num_layers"": 5, ""weight_decay"": 0.09370496484406048}","{""time"": 9.457441329956055, ""val_accuracy"": 5.918267250061035, ""val_cross_entropy"": 1.726198434829712, ""val_balanced_accuracy"": 0.13351337611675262, ""test_cross_entropy"": 1.8749078512191772, ""test_balanced_accuracy"": 0.13764044642448425}"
2026-04-06T20:46:06.554886,tpe,lcbench,7593,1,131,9.825581550598145,"{""OpenML_task_id"": ""168335"", ""batch_size"": 109, ""epoch"": 1, ""learning_rate"": 0.003278613472663037, ""max_dropout"": 0.4917582429722015, ""max_units"": 297, ""momentum"": 0.7138683187879441, ""num_layers"": 5, ""weight_decay"": 0.09411363790646406}","{""time"": 9.825581550598145, ""val_accuracy"": 6.417189121246338, ""val_cross_entropy"": 1.7127103805541992, ""val_balanced_accuracy"": 0.13751186430454254, ""test_cross_entropy"": 1.8781217336654663, ""test_balanced_accuracy"": 0.14177551865577698}"
2026-04-06T20:46:06.563161,tpe,lcbench,7593,1,132,9.238509178161621,"{""OpenML_task_id"": ""7593"", ""batch_size"": 117, ""epoch"": 1, ""learning_rate"": 0.009843981634727057, ""max_dropout"": 0.4873830010660744, ""max_units"": 260, ""momentum"": 0.7664305566286687, ""num_layers"": 5, ""weight_decay"": 0.09034633976895}","{""time"": 9.238509178161621, ""val_accuracy"": 5.193854808807373, ""val_cross_entropy"": 1.7627878189086914, ""val_balanced_accuracy"": 0.12453030794858932, ""test_cross_entropy"": 1.878028154373169, ""test_balanced_accuracy"": 0.12875021994113922}"
2026-04-06T20:46:06.571519,tpe,lcbench,7593,1,133,46.841800689697266,"{""OpenML_task_id"": ""7593"", ""batch_size"": 303, ""epoch"": 3, ""learning_rate"": 0.0036610976916313246, ""max_dropout"": 0.4959372805058258, ""max_units"": 252, ""momentum"": 0.8363474776638764, ""num_layers"": 5, ""weight_decay"": 0.09063144753568525}","{""time"": 46.841800689697266, ""val_accuracy"": 16.626422882080078, ""val_cross_entropy"": 1.8283131122589111, ""val_balanced_accuracy"": 0.29879194498062134, ""test_cross_entropy"": 1.8914647102355957, ""test_balanced_accuracy"": 0.30809733271598816}"
2026-04-06T20:46:06.579193,tpe,lcbench,7593,1,134,28.583999633789062,"{""OpenML_task_id"": ""189862"", ""batch_size"": 124, ""epoch"": 2, ""learning_rate"": 0.009268421342731897, ""max_dropout"": 0.5277101280809318, ""max_units"": 305, ""momentum"": 0.710613625294482, ""num_layers"": 5, ""weight_decay"": 0.0852729549314444}","{""time"": 28.583999633789062, ""val_accuracy"": 22.542194366455078, ""val_cross_entropy"": 1.666652798652649, ""val_balanced_accuracy"": 0.31520578265190125, ""test_cross_entropy"": 1.8696229457855225, ""test_balanced_accuracy"": 0.3226628303527832}"
2026-04-06T20:46:06.587558,tpe,lcbench,7593,1,135,41.733856201171875,"{""OpenML_task_id"": ""7593"", ""batch_size"": 96, ""epoch"": 3, ""learning_rate"": 0.010258915313939488, ""max_dropout"": 0.5541014521090866, ""max_units"": 180, ""momentum"": 0.7581955761428759, ""num_layers"": 5, ""weight_decay"": 0.08018546873847088}","{""time"": 41.733856201171875, ""val_accuracy"": 23.98341178894043, ""val_cross_entropy"": 1.5751264095306396, ""val_balanced_accuracy"": 0.2799987196922302, ""test_cross_entropy"": 1.8588286638259888, ""test_balanced_accuracy"": 0.28589341044425964}"
2026-04-06T20:46:06.595716,tpe,lcbench,7593,1,136,89.65345001220703,"{""OpenML_task_id"": ""168330"", ""batch_size"": 116, ""epoch"": 5, ""learning_rate"": 0.0031459627934489255, ""max_dropout"": 0.46614411150880175, ""max_units"": 282, ""momentum"": 0.77029607569566, ""num_layers"": 5, ""weight_decay"": 0.09020907214281298}","{""time"": 89.65345001220703, ""val_accuracy"": 26.293542861938477, ""val_cross_entropy"": 1.6722911596298218, ""val_balanced_accuracy"": 0.29810771346092224, ""test_cross_entropy"": 1.8665040731430054, ""test_balanced_accuracy"": 0.3034827411174774}"
2026-04-06T20:46:06.604545,tpe,lcbench,7593,1,137,8.783912658691406,"{""OpenML_task_id"": ""126029"", ""batch_size"": 136, ""epoch"": 1, ""learning_rate"": 0.00630804351707713, ""max_dropout"": 0.619752443014659, ""max_units"": 247, ""momentum"": 0.8185030549871973, ""num_layers"": 5, ""weight_decay"": 0.0933926121885499}","{""time"": 8.783912658691406, ""val_accuracy"": 5.023534774780273, ""val_cross_entropy"": 1.7258727550506592, ""val_balanced_accuracy"": 0.1305362582206726, ""test_cross_entropy"": 1.8645662069320679, ""test_balanced_accuracy"": 0.13444533944129944}"
2026-04-06T20:46:06.612896,tpe,lcbench,7593,1,138,88.94087219238281,"{""OpenML_task_id"": ""126026"", ""batch_size"": 77, ""epoch"": 4, ""learning_rate"": 0.007098887427654194, ""max_dropout"": 0.4973597372482445, ""max_units"": 234, ""momentum"": 0.8997195998066391, ""num_layers"": 5, ""weight_decay"": 0.08255253431093669}","{""time"": 88.94087219238281, ""val_accuracy"": 24.783790588378906, ""val_cross_entropy"": 1.5736929178237915, ""val_balanced_accuracy"": 0.24529296159744263, ""test_cross_entropy"": 1.855671763420105, ""test_balanced_accuracy"": 0.24889974296092987}"
2026-04-06T20:46:06.621517,tpe,lcbench,7593,1,139,30.09421157836914,"{""OpenML_task_id"": ""126029"", ""batch_size"": 93, ""epoch"": 2, ""learning_rate"": 0.015237703852927548, ""max_dropout"": 0.6132469029419761, ""max_units"": 210, ""momentum"": 0.8055055033820233, ""num_layers"": 5, ""weight_decay"": 0.0925694363894747}","{""time"": 30.09421157836914, ""val_accuracy"": 18.381986618041992, ""val_cross_entropy"": 1.6198737621307373, ""val_balanced_accuracy"": 0.24730359017848969, ""test_cross_entropy"": 1.8546762466430664, ""test_balanced_accuracy"": 0.2534542381763458}"
2026-04-06T20:46:06.629828,tpe,lcbench,7593,1,140,44.88954162597656,"{""OpenML_task_id"": ""126029"", ""batch_size"": 512, ""epoch"": 4, ""learning_rate"": 0.001375466980531826, ""max_dropout"": 0.5721304681231865, ""max_units"": 252, ""momentum"": 0.8894480940090445, ""num_layers"": 5, ""weight_decay"": 0.08753739254466647}","{""time"": 44.88954162597656, ""val_accuracy"": 11.238847732543945, ""val_cross_entropy"": 1.9135023355484009, ""val_balanced_accuracy"": 0.3218342959880829, ""test_cross_entropy"": 1.9029006958007812, ""test_balanced_accuracy"": 0.3360472023487091}"
2026-04-06T20:46:06.638203,tpe,lcbench,7593,1,141,9.436524391174316,"{""OpenML_task_id"": ""167200"", ""batch_size"": 139, ""epoch"": 1, ""learning_rate"": 0.002669156668234424, ""max_dropout"": 0.6281096290078061, ""max_units"": 295, ""momentum"": 0.726053466406681, ""num_layers"": 5, ""weight_decay"": 0.09630329950292565}","{""time"": 9.436524391174316, ""val_accuracy"": 6.137261867523193, ""val_cross_entropy"": 1.6660516262054443, ""val_balanced_accuracy"": 0.14418599009513855, ""test_cross_entropy"": 1.8660014867782593, ""test_balanced_accuracy"": 0.14820699393749237}"
2026-04-06T20:46:06.646268,tpe,lcbench,7593,1,142,8.93730354309082,"{""OpenML_task_id"": ""189909"", ""batch_size"": 135, ""epoch"": 1, ""learning_rate"": 0.011729680782191394, ""max_dropout"": 0.6529641421215946, ""max_units"": 301, ""momentum"": 0.6867033375845631, ""num_layers"": 5, ""weight_decay"": 0.09326150576352564}","{""time"": 8.93730354309082, ""val_accuracy"": 5.092221260070801, ""val_cross_entropy"": 1.7095978260040283, ""val_balanced_accuracy"": 0.13196821510791779, ""test_cross_entropy"": 1.864993691444397, ""test_balanced_accuracy"": 0.13608203828334808}"
2026-04-06T20:46:06.654215,tpe,lcbench,7593,1,143,23.834434509277344,"{""OpenML_task_id"": ""189909"", ""batch_size"": 145, ""epoch"": 2, ""learning_rate"": 0.006531416274922236, ""max_dropout"": 0.6543979056269444, ""max_units"": 262, ""momentum"": 0.7006643826508443, ""num_layers"": 5, ""weight_decay"": 0.093374581870326}","{""time"": 23.834434509277344, ""val_accuracy"": 18.87250328063965, ""val_cross_entropy"": 1.7039008140563965, ""val_balanced_accuracy"": 0.30374565720558167, ""test_cross_entropy"": 1.8601433038711548, ""test_balanced_accuracy"": 0.3112674355506897}"
2026-04-06T20:46:06.662506,tpe,lcbench,7593,1,144,11.123833656311035,"{""OpenML_task_id"": ""167200"", ""batch_size"": 133, ""epoch"": 1, ""learning_rate"": 0.00021906319690772962, ""max_dropout"": 0.6872597531905859, ""max_units"": 292, ""momentum"": 0.7672283359442997, ""num_layers"": 5, ""weight_decay"": 0.09556875751224822}","{""time"": 11.123833656311035, ""val_accuracy"": 6.915883541107178, ""val_cross_entropy"": 1.6480029821395874, ""val_balanced_accuracy"": 0.15205217897891998, ""test_cross_entropy"": 1.8711965084075928, ""test_balanced_accuracy"": 0.15489891171455383}"
2026-04-06T20:46:06.670853,tpe,lcbench,7593,1,145,30.288043975830078,"{""OpenML_task_id"": ""189909"", ""batch_size"": 158, ""epoch"": 3, ""learning_rate"": 0.002659611415643137, ""max_dropout"": 0.627476383958935, ""max_units"": 152, ""momentum"": 0.8226233636878315, ""num_layers"": 5, ""weight_decay"": 0.09011593664955599}","{""time"": 30.288043975830078, ""val_accuracy"": 18.320873260498047, ""val_cross_entropy"": 1.722490906715393, ""val_balanced_accuracy"": 0.28746435046195984, ""test_cross_entropy"": 1.8590790033340454, ""test_balanced_accuracy"": 0.29454249143600464}"
2026-04-06T20:46:06.679182,tpe,lcbench,7593,1,146,9.234326362609863,"{""OpenML_task_id"": ""167200"", ""batch_size"": 116, ""epoch"": 1, ""learning_rate"": 0.012178434769211143, ""max_dropout"": 0.7222302411420016, ""max_units"": 274, ""momentum"": 0.7214809309066901, ""num_layers"": 5, ""weight_decay"": 0.09834355986413107}","{""time"": 9.234326362609863, ""val_accuracy"": 4.533782482147217, ""val_cross_entropy"": 1.7263145446777344, ""val_balanced_accuracy"": 0.1280563920736313, ""test_cross_entropy"": 1.8565170764923096, ""test_balanced_accuracy"": 0.1311676949262619}"
2026-04-06T20:46:06.687859,tpe,lcbench,7593,1,147,124.72159576416016,"{""OpenML_task_id"": ""167200"", ""batch_size"": 119, ""epoch"": 5, ""learning_rate"": 0.012027774442342218, ""max_dropout"": 0.7052389847716627, ""max_units"": 272, ""momentum"": 0.7140164360915008, ""num_layers"": 5, ""weight_decay"": 0.0983297446630953}","{""time"": 124.72159576416016, ""val_accuracy"": 22.341527938842773, ""val_cross_entropy"": 1.621778964996338, ""val_balanced_accuracy"": 0.2708214819431305, ""test_cross_entropy"": 1.8446894884109497, ""test_balanced_accuracy"": 0.2761871814727783}"
2026-04-06T20:46:06.696067,tpe,lcbench,7593,1,148,25.45201873779297,"{""OpenML_task_id"": ""189906"", ""batch_size"": 147, ""epoch"": 2, ""learning_rate"": 0.009286912355715172, ""max_dropout"": 0.6608941013713322, ""max_units"": 246, ""momentum"": 0.7259047835784398, ""num_layers"": 5, ""weight_decay"": 0.09653255442783348}","{""time"": 25.45201873779297, ""val_accuracy"": 17.817792892456055, ""val_cross_entropy"": 1.6884962320327759, ""val_balanced_accuracy"": 0.28897833824157715, ""test_cross_entropy"": 1.856754183769226, ""test_balanced_accuracy"": 0.2965323030948639}"
2026-04-06T20:46:06.704446,tpe,lcbench,7593,1,149,51.555110931396484,"{""OpenML_task_id"": ""167200"", ""batch_size"": 116, ""epoch"": 3, ""learning_rate"": 0.005437861225313563, ""max_dropout"": 0.7314541958918555, ""max_units"": 300, ""momentum"": 0.668310034722913, ""num_layers"": 5, ""weight_decay"": 0.09978037999263933}","{""time"": 51.555110931396484, ""val_accuracy"": 22.909587860107422, ""val_cross_entropy"": 1.657228708267212, ""val_balanced_accuracy"": 0.2999030351638794, ""test_cross_entropy"": 1.8446792364120483, ""test_balanced_accuracy"": 0.30603572726249695}"
2026-04-06T20:46:06.712761,tpe,lcbench,7593,1,150,8.502228736877441,"{""OpenML_task_id"": ""167161"", ""batch_size"": 130, ""epoch"": 1, ""learning_rate"": 0.008380699860150146, ""max_dropout"": 0.755209192718008, ""max_units"": 226, ""momentum"": 0.8557650463290957, ""num_layers"": 5, ""weight_decay"": 0.09268366307534298}","{""time"": 8.502228736877441, ""val_accuracy"": 4.138485908508301, ""val_cross_entropy"": 1.7153255939483643, ""val_balanced_accuracy"": 0.12664176523685455, ""test_cross_entropy"": 1.852368712425232, ""test_balanced_accuracy"": 0.12974022328853607}"
2026-04-06T20:46:06.721666,tpe,lcbench,7593,1,151,8.609603881835938,"{""OpenML_task_id"": ""167161"", ""batch_size"": 133, ""epoch"": 1, ""learning_rate"": 0.00819132198874625, ""max_dropout"": 0.7597110265909967, ""max_units"": 232, ""momentum"": 0.8622814786848829, ""num_layers"": 5, ""weight_decay"": 0.09229073810563536}","{""time"": 8.609603881835938, ""val_accuracy"": 4.125072956085205, ""val_cross_entropy"": 1.7109336853027344, ""val_balanced_accuracy"": 0.12694843113422394, ""test_cross_entropy"": 1.8517425060272217, ""test_balanced_accuracy"": 0.1300710141658783}"
2026-04-06T20:46:06.729750,tpe,lcbench,7593,1,152,7.9946417808532715,"{""OpenML_task_id"": ""167161"", ""batch_size"": 132, ""epoch"": 1, ""learning_rate"": 0.007615775211177882, ""max_dropout"": 0.7909887223284073, ""max_units"": 199, ""momentum"": 0.8482388381774054, ""num_layers"": 5, ""weight_decay"": 0.09249730423805468}","{""time"": 7.9946417808532715, ""val_accuracy"": 4.106734275817871, ""val_cross_entropy"": 1.704694151878357, ""val_balanced_accuracy"": 0.1282646656036377, ""test_cross_entropy"": 1.8475463390350342, ""test_balanced_accuracy"": 0.1310761719942093}"
2026-04-06T20:46:06.738690,tpe,lcbench,7593,1,153,25.453414916992188,"{""OpenML_task_id"": ""167161"", ""batch_size"": 133, ""epoch"": 2, ""learning_rate"": 0.008520075483686825, ""max_dropout"": 0.7721610658086122, ""max_units"": 217, ""momentum"": 0.816091189313424, ""num_layers"": 5, ""weight_decay"": 0.09152284254545189}","{""time"": 25.453414916992188, ""val_accuracy"": 19.198314666748047, ""val_cross_entropy"": 1.617476463317871, ""val_balanced_accuracy"": 0.2859332263469696, ""test_cross_entropy"": 1.8365185260772705, ""test_balanced_accuracy"": 0.29271337389945984}"
2026-04-06T20:46:06.746706,tpe,lcbench,7593,1,154,52.469886779785156,"{""OpenML_task_id"": ""167161"", ""batch_size"": 161, ""epoch"": 3, ""learning_rate"": 0.011212158975522154, ""max_dropout"": 0.7575760730196663, ""max_units"": 227, ""momentum"": 0.8824894464399499, ""num_layers"": 5, ""weight_decay"": 0.09611785793789249}","{""time"": 52.469886779785156, ""val_accuracy"": 18.34136199951172, ""val_cross_entropy"": 1.6095527410507202, ""val_balanced_accuracy"": 0.26669397950172424, ""test_cross_entropy"": 1.8366432189941406, ""test_balanced_accuracy"": 0.2730252146720886}"
2026-04-06T20:46:06.755081,tpe,lcbench,7593,1,155,7.792443752288818,"{""OpenML_task_id"": ""167161"", ""batch_size"": 138, ""epoch"": 1, ""learning_rate"": 0.00697574496622957, ""max_dropout"": 0.7930838055353122, ""max_units"": 196, ""momentum"": 0.8546951949768553, ""num_layers"": 5, ""weight_decay"": 0.08695340006906953}","{""time"": 7.792443752288818, ""val_accuracy"": 4.114763259887695, ""val_cross_entropy"": 1.698636531829834, ""val_balanced_accuracy"": 0.1286066472530365, ""test_cross_entropy"": 1.8490415811538696, ""test_balanced_accuracy"": 0.13153322041034698}"
2026-04-06T20:46:06.762716,tpe,lcbench,7593,1,156,68.03218078613281,"{""OpenML_task_id"": ""189866"", ""batch_size"": 139, ""epoch"": 4, ""learning_rate"": 0.013506434734101586, ""max_dropout"": 0.7191992123764638, ""max_units"": 180, ""momentum"": 0.8724157324680694, ""num_layers"": 5, ""weight_decay"": 0.08925040584033173}","{""time"": 68.03218078613281, ""val_accuracy"": 19.58641815185547, ""val_cross_entropy"": 1.5861637592315674, ""val_balanced_accuracy"": 0.2561818063259125, ""test_cross_entropy"": 1.840990424156189, ""test_balanced_accuracy"": 0.26188409328460693}"
2026-04-06T20:46:06.771670,tpe,lcbench,7593,1,157,21.773406982421875,"{""OpenML_task_id"": ""167161"", ""batch_size"": 151, ""epoch"": 2, ""learning_rate"": 0.006492914573055788, ""max_dropout"": 0.7982907025291454, ""max_units"": 191, ""momentum"": 0.8535545990247163, ""num_layers"": 5, ""weight_decay"": 0.08443525671586283}","{""time"": 21.773406982421875, ""val_accuracy"": 19.94139862060547, ""val_cross_entropy"": 1.6054691076278687, ""val_balanced_accuracy"": 0.2966098189353943, ""test_cross_entropy"": 1.8359675407409668, ""test_balanced_accuracy"": 0.30376768112182617}"
2026-04-06T20:46:06.780103,tpe,lcbench,7593,1,158,1041.146728515625,"{""OpenML_task_id"": ""167161"", ""batch_size"": 127, ""epoch"": 28, ""learning_rate"": 0.00958758207916023, ""max_dropout"": 0.8156450630534683, ""max_units"": 211, ""momentum"": 0.8611789066082706, ""num_layers"": 5, ""weight_decay"": 0.0866680250203213}","{""time"": 1041.146728515625, ""val_accuracy"": 32.479957580566406, ""val_cross_entropy"": 1.4778342247009277, ""val_balanced_accuracy"": 0.27724701166152954, ""test_cross_entropy"": 1.8374568223953247, ""test_balanced_accuracy"": 0.28121259808540344}"
2026-04-06T20:46:06.788356,tpe,lcbench,7593,1,159,10.057064056396484,"{""OpenML_task_id"": ""167161"", ""batch_size"": 107, ""epoch"": 1, ""learning_rate"": 0.0053213998846318045, ""max_dropout"": 0.7493030387326542, ""max_units"": 260, ""momentum"": 0.9293852811683542, ""num_layers"": 5, ""weight_decay"": 0.09178216249613366}","{""time"": 10.057064056396484, ""val_accuracy"": 3.9731550216674805, ""val_cross_entropy"": 1.7427200078964233, ""val_balanced_accuracy"": 0.12261811643838882, ""test_cross_entropy"": 1.856934666633606, ""test_balanced_accuracy"": 0.1254115253686905}"
2026-04-06T20:46:06.796371,tpe,lcbench,7593,1,160,103.82963562011719,"{""OpenML_task_id"": ""167161"", ""batch_size"": 126, ""epoch"": 6, ""learning_rate"": 0.007626898552016684, ""max_dropout"": 0.7845550343586369, ""max_units"": 147, ""momentum"": 0.8336932543527011, ""num_layers"": 5, ""weight_decay"": 0.09337082219599972}","{""time"": 103.82963562011719, ""val_accuracy"": 21.26633071899414, ""val_cross_entropy"": 1.5783828496932983, ""val_balanced_accuracy"": 0.24626803398132324, ""test_cross_entropy"": 1.8370224237442017, ""test_balanced_accuracy"": 0.2510610520839691}"
2026-04-06T20:46:06.805252,tpe,lcbench,7593,1,161,9.729363441467285,"{""OpenML_task_id"": ""3945"", ""batch_size"": 270, ""epoch"": 1, ""learning_rate"": 0.002149094576108886, ""max_dropout"": 0.6831626214172087, ""max_units"": 167, ""momentum"": 0.6870285526253246, ""num_layers"": 5, ""weight_decay"": 0.09494013243402005}","{""time"": 9.729363441467285, ""val_accuracy"": 5.875942230224609, ""val_cross_entropy"": 1.6497365236282349, ""val_balanced_accuracy"": 0.14993342757225037, ""test_cross_entropy"": 1.8646233081817627, ""test_balanced_accuracy"": 0.15416763722896576}"
2026-04-06T20:46:06.813332,tpe,lcbench,7593,1,162,22.873641967773438,"{""OpenML_task_id"": ""3945"", ""batch_size"": 264, ""epoch"": 2, ""learning_rate"": 0.01293174519867215, ""max_dropout"": 0.6830998374992151, ""max_units"": 174, ""momentum"": 0.6943956107879617, ""num_layers"": 5, ""weight_decay"": 0.0951462544150493}","{""time"": 22.873641967773438, ""val_accuracy"": 13.069409370422363, ""val_cross_entropy"": 1.7148178815841675, ""val_balanced_accuracy"": 0.27277225255966187, ""test_cross_entropy"": 1.8668124675750732, ""test_balanced_accuracy"": 0.2831874489784241}"
2026-04-06T20:46:06.821633,tpe,lcbench,7593,1,163,46.21150207519531,"{""OpenML_task_id"": ""167152"", ""batch_size"": 315, ""epoch"": 3, ""learning_rate"": 0.010631826264762162, ""max_dropout"": 0.6431201384291207, ""max_units"": 237, ""momentum"": 0.7478099621366106, ""num_layers"": 5, ""weight_decay"": 0.09088855777265505}","{""time"": 46.21150207519531, ""val_accuracy"": 16.130441665649414, ""val_cross_entropy"": 1.7175164222717285, ""val_balanced_accuracy"": 0.2884139120578766, ""test_cross_entropy"": 1.874842882156372, ""test_balanced_accuracy"": 0.29839327931404114}"
2026-04-06T20:46:06.829459,tpe,lcbench,7593,1,164,10.645530700683594,"{""OpenML_task_id"": ""168910"", ""batch_size"": 271, ""epoch"": 1, ""learning_rate"": 0.0022155193837197808, ""max_dropout"": 0.7420145931596498, ""max_units"": 199, ""momentum"": 0.9113660918236033, ""num_layers"": 5, ""weight_decay"": 0.06574722005091842}","{""time"": 10.645530700683594, ""val_accuracy"": 5.472834587097168, ""val_cross_entropy"": 1.6766984462738037, ""val_balanced_accuracy"": 0.14092734456062317, ""test_cross_entropy"": 1.8754732608795166, ""test_balanced_accuracy"": 0.1451149433851242}"
2026-04-06T20:46:06.837493,tpe,lcbench,7593,1,165,29.059513092041016,"{""OpenML_task_id"": ""167168"", ""batch_size"": 139, ""epoch"": 3, ""learning_rate"": 0.004875980432975689, ""max_dropout"": 0.7195085959469155, ""max_units"": 164, ""momentum"": 0.6447865935671644, ""num_layers"": 5, ""weight_decay"": 0.07794665522508536}","{""time"": 29.059513092041016, ""val_accuracy"": 22.06903076171875, ""val_cross_entropy"": 1.6294313669204712, ""val_balanced_accuracy"": 0.31215688586235046, ""test_cross_entropy"": 1.8520276546478271, ""test_balanced_accuracy"": 0.3194985091686249}"
2026-04-06T20:46:06.845701,tpe,lcbench,7593,1,166,9.351461410522461,"{""OpenML_task_id"": ""3945"", ""batch_size"": 102, ""epoch"": 1, ""learning_rate"": 0.008538010165623158, ""max_dropout"": 0.6953926778438937, ""max_units"": 275, ""momentum"": 0.6869228578302692, ""num_layers"": 5, ""weight_decay"": 0.09788466099127761}","{""time"": 9.351461410522461, ""val_accuracy"": 4.9312214851379395, ""val_cross_entropy"": 1.7309099435806274, ""val_balanced_accuracy"": 0.1307944655418396, ""test_cross_entropy"": 1.862365961074829, ""test_balanced_accuracy"": 0.13385683298110962}"
2026-04-06T20:46:06.854515,tpe,lcbench,7593,1,167,29.688419342041016,"{""OpenML_task_id"": ""3945"", ""batch_size"": 247, ""epoch"": 2, ""learning_rate"": 0.007649790258437843, ""max_dropout"": 0.7031240145689827, ""max_units"": 274, ""momentum"": 0.8045895476041103, ""num_layers"": 5, ""weight_decay"": 0.09783584963804726}","{""time"": 29.688419342041016, ""val_accuracy"": 15.530346870422363, ""val_cross_entropy"": 1.7233027219772339, ""val_balanced_accuracy"": 0.2955656051635742, ""test_cross_entropy"": 1.8616005182266235, ""test_balanced_accuracy"": 0.30472227931022644}"
2026-04-06T20:46:06.862965,tpe,lcbench,7593,1,168,92.49956512451172,"{""OpenML_task_id"": ""3945"", ""batch_size"": 171, ""epoch"": 5, ""learning_rate"": 0.011612102362356361, ""max_dropout"": 0.6635478365483426, ""max_units"": 219, ""momentum"": 0.6785388372244509, ""num_layers"": 5, ""weight_decay"": 0.09997302628739806}","{""time"": 92.49956512451172, ""val_accuracy"": 18.738784790039062, ""val_cross_entropy"": 1.6686432361602783, ""val_balanced_accuracy"": 0.26792222261428833, ""test_cross_entropy"": 1.8525432348251343, ""test_balanced_accuracy"": 0.2747124433517456}"
2026-04-06T20:46:06.871812,tpe,lcbench,7593,1,169,1355.38232421875,"{""OpenML_task_id"": ""167185"", ""batch_size"": 152, ""epoch"": 36, ""learning_rate"": 0.008864330683707618, ""max_dropout"": 0.7679738338882416, ""max_units"": 189, ""momentum"": 0.8709225312915019, ""num_layers"": 5, ""weight_decay"": 0.0883150345289345}","{""time"": 1355.38232421875, ""val_accuracy"": 31.633296966552734, ""val_cross_entropy"": 1.5253263711929321, ""val_balanced_accuracy"": 0.27939537167549133, ""test_cross_entropy"": 1.841888666152954, ""test_balanced_accuracy"": 0.2829552888870239}"
2026-04-06T20:46:06.880781,tpe,lcbench,7593,1,170,2317.780517578125,"{""OpenML_task_id"": ""167184"", ""batch_size"": 132, ""epoch"": 40, ""learning_rate"": 0.014224828425114616, ""max_dropout"": 0.6264900477323624, ""max_units"": 244, ""momentum"": 0.8414241413617422, ""num_layers"": 5, ""weight_decay"": 0.09731250240954567}","{""time"": 2317.780517578125, ""val_accuracy"": 29.69248390197754, ""val_cross_entropy"": 1.5575145483016968, ""val_balanced_accuracy"": 0.25619012117385864, ""test_cross_entropy"": 1.8610596656799316, ""test_balanced_accuracy"": 0.25982874631881714}"
2026-04-06T20:46:06.889924,tpe,lcbench,7593,1,171,8.86758041381836,"{""OpenML_task_id"": ""167200"", ""batch_size"": 113, ""epoch"": 1, ""learning_rate"": 0.005114532379603957, ""max_dropout"": 0.6870442352689041, ""max_units"": 275, ""momentum"": 0.7242821183809665, ""num_layers"": 5, ""weight_decay"": 0.09275313818763978}","{""time"": 8.86758041381836, ""val_accuracy"": 5.322025775909424, ""val_cross_entropy"": 1.70542573928833, ""val_balanced_accuracy"": 0.13594947755336761, ""test_cross_entropy"": 1.863307237625122, ""test_balanced_accuracy"": 0.13938036561012268}"
2026-04-06T20:46:06.898294,tpe,lcbench,7593,1,172,10.457277297973633,"{""OpenML_task_id"": ""167200"", ""batch_size"": 101, ""epoch"": 1, ""learning_rate"": 0.006063416941939948, ""max_dropout"": 0.6919163730632364, ""max_units"": 258, ""momentum"": 0.939054545091255, ""num_layers"": 5, ""weight_decay"": 0.09299098144441344}","{""time"": 10.457277297973633, ""val_accuracy"": 3.9352338314056396, ""val_cross_entropy"": 1.7726927995681763, ""val_balanced_accuracy"": 0.11898254603147507, ""test_cross_entropy"": 1.8622987270355225, ""test_balanced_accuracy"": 0.1218843162059784}"
2026-04-06T20:46:06.906709,tpe,lcbench,7593,1,173,22.4525146484375,"{""OpenML_task_id"": ""167200"", ""batch_size"": 120, ""epoch"": 2, ""learning_rate"": 0.004656464128981869, ""max_dropout"": 0.6728914157697508, ""max_units"": 238, ""momentum"": 0.6890753600206159, ""num_layers"": 5, ""weight_decay"": 0.09021229997125471}","{""time"": 22.4525146484375, ""val_accuracy"": 20.038814544677734, ""val_cross_entropy"": 1.6926230192184448, ""val_balanced_accuracy"": 0.30065733194351196, ""test_cross_entropy"": 1.8581434488296509, ""test_balanced_accuracy"": 0.30737242102622986}"
2026-04-06T20:46:06.915102,tpe,lcbench,7593,1,174,541.4144897460938,"{""OpenML_task_id"": ""167181"", ""batch_size"": 279, ""epoch"": 17, ""learning_rate"": 0.007944185049426728, ""max_dropout"": 0.7321636337604699, ""max_units"": 277, ""momentum"": 0.7276405242774291, ""num_layers"": 5, ""weight_decay"": 0.09522062818038708}","{""time"": 541.4144897460938, ""val_accuracy"": 21.135072708129883, ""val_cross_entropy"": 1.678890347480774, ""val_balanced_accuracy"": 0.2764691710472107, ""test_cross_entropy"": 1.8556264638900757, ""test_balanced_accuracy"": 0.28267961740493774}"
2026-04-06T20:46:06.923878,tpe,lcbench,7593,1,175,7.827305316925049,"{""OpenML_task_id"": ""3945"", ""batch_size"": 124, ""epoch"": 1, ""learning_rate"": 0.00977155295917781, ""max_dropout"": 0.6146734112073636, ""max_units"": 224, ""momentum"": 0.8561553621700079, ""num_layers"": 5, ""weight_decay"": 0.07262864261067685}","{""time"": 7.827305316925049, ""val_accuracy"": 4.370753765106201, ""val_cross_entropy"": 1.7549915313720703, ""val_balanced_accuracy"": 0.12099394202232361, ""test_cross_entropy"": 1.8774305582046509, ""test_balanced_accuracy"": 0.12503129243850708}"
2026-04-06T20:46:06.932161,tpe,lcbench,7593,1,176,47.5989990234375,"{""OpenML_task_id"": ""3945"", ""batch_size"": 113, ""epoch"": 3, ""learning_rate"": 0.010224517937177394, ""max_dropout"": 0.6139149458584863, ""max_units"": 212, ""momentum"": 0.8547551314917541, ""num_layers"": 5, ""weight_decay"": 0.08688500344860668}","{""time"": 47.5989990234375, ""val_accuracy"": 21.587099075317383, ""val_cross_entropy"": 1.6044691801071167, ""val_balanced_accuracy"": 0.2707977294921875, ""test_cross_entropy"": 1.853743553161621, ""test_balanced_accuracy"": 0.27640166878700256}"
2026-04-06T20:46:06.940690,tpe,lcbench,7593,1,177,8.941487312316895,"{""OpenML_task_id"": ""3945"", ""batch_size"": 141, ""epoch"": 1, ""learning_rate"": 0.002334871738361342, ""max_dropout"": 0.6423122064752934, ""max_units"": 233, ""momentum"": 0.8118483120133313, ""num_layers"": 5, ""weight_decay"": 0.0917611443551835}","{""time"": 8.941487312316895, ""val_accuracy"": 5.653059005737305, ""val_cross_entropy"": 1.6813770532608032, ""val_balanced_accuracy"": 0.14019329845905304, ""test_cross_entropy"": 1.8644709587097168, ""test_balanced_accuracy"": 0.14394664764404297}"
2026-04-06T20:46:06.949056,tpe,lcbench,7593,1,178,26.391891479492188,"{""OpenML_task_id"": ""146212"", ""batch_size"": 144, ""epoch"": 2, ""learning_rate"": 0.006304656722705743, ""max_dropout"": 0.5964660045142728, ""max_units"": 247, ""momentum"": 0.8110222143920024, ""num_layers"": 5, ""weight_decay"": 0.0915175833854657}","{""time"": 26.391891479492188, ""val_accuracy"": 19.306678771972656, ""val_cross_entropy"": 1.702704668045044, ""val_balanced_accuracy"": 0.29666808247566223, ""test_cross_entropy"": 1.861664891242981, ""test_balanced_accuracy"": 0.3037572503089905}"
2026-04-06T20:46:06.958011,tpe,lcbench,7593,1,179,73.36602783203125,"{""OpenML_task_id"": ""7593"", ""batch_size"": 125, ""epoch"": 4, ""learning_rate"": 0.012406167772511596, ""max_dropout"": 0.6542593548388784, ""max_units"": 285, ""momentum"": 0.7937519050891246, ""num_layers"": 5, ""weight_decay"": 0.07376719408550107}","{""time"": 73.36602783203125, ""val_accuracy"": 27.494285583496094, ""val_cross_entropy"": 1.4958417415618896, ""val_balanced_accuracy"": 0.33291858434677124, ""test_cross_entropy"": 1.846457600593567, ""test_balanced_accuracy"": 0.33867573738098145}"
2026-04-06T20:46:06.966731,tpe,lcbench,7593,1,180,8.570558547973633,"{""OpenML_task_id"": ""167201"", ""batch_size"": 136, ""epoch"": 1, ""learning_rate"": 0.009445583636155164, ""max_dropout"": 0.6366328925957326, ""max_units"": 230, ""momentum"": 0.8303859727369942, ""num_layers"": 5, ""weight_decay"": 0.09285629685581949}","{""time"": 8.570558547973633, ""val_accuracy"": 4.556982517242432, ""val_cross_entropy"": 1.7401901483535767, ""val_balanced_accuracy"": 0.1259838044643402, ""test_cross_entropy"": 1.8629772663116455, ""test_balanced_accuracy"": 0.12977388501167297}"
2026-04-06T20:46:06.975238,tpe,lcbench,7593,1,181,8.532907485961914,"{""OpenML_task_id"": ""167201"", ""batch_size"": 136, ""epoch"": 1, ""learning_rate"": 0.00946101534186989, ""max_dropout"": 0.6191643270467392, ""max_units"": 223, ""momentum"": 0.8380819579349092, ""num_layers"": 5, ""weight_decay"": 0.09255839456153417}","{""time"": 8.532907485961914, ""val_accuracy"": 4.55388069152832, ""val_cross_entropy"": 1.7464245557785034, ""val_balanced_accuracy"": 0.12519237399101257, ""test_cross_entropy"": 1.8642388582229614, ""test_balanced_accuracy"": 0.12902531027793884}"
2026-04-06T20:46:06.983619,tpe,lcbench,7593,1,182,42.80202102661133,"{""OpenML_task_id"": ""167201"", ""batch_size"": 135, ""epoch"": 3, ""learning_rate"": 0.007871355207148469, ""max_dropout"": 0.6528322137498944, ""max_units"": 195, ""momentum"": 0.8297103525685664, ""num_layers"": 5, ""weight_decay"": 0.0928245178758986}","{""time"": 42.80202102661133, ""val_accuracy"": 19.55219078063965, ""val_cross_entropy"": 1.6552022695541382, ""val_balanced_accuracy"": 0.27040132880210876, ""test_cross_entropy"": 1.853419542312622, ""test_balanced_accuracy"": 0.27639323472976685}"
2026-04-06T20:46:06.992417,tpe,lcbench,7593,1,183,8.881525039672852,"{""OpenML_task_id"": ""167161"", ""batch_size"": 158, ""epoch"": 1, ""learning_rate"": 0.010192616395144505, ""max_dropout"": 0.6262723567035963, ""max_units"": 230, ""momentum"": 0.8526827169311021, ""num_layers"": 5, ""weight_decay"": 0.09703063627606856}","{""time"": 8.881525039672852, ""val_accuracy"": 4.461492538452148, ""val_cross_entropy"": 1.7330976724624634, ""val_balanced_accuracy"": 0.12644699215888977, ""test_cross_entropy"": 1.860054612159729, ""test_balanced_accuracy"": 0.13043323159217834}"
2026-04-06T20:46:07.001306,tpe,lcbench,7593,1,184,27.649703979492188,"{""OpenML_task_id"": ""167201"", ""batch_size"": 156, ""epoch"": 2, ""learning_rate"": 0.010570717574996006, ""max_dropout"": 0.6272484548969905, ""max_units"": 225, ""momentum"": 0.8494008682721345, ""num_layers"": 5, ""weight_decay"": 0.0980973712661335}","{""time"": 27.649703979492188, ""val_accuracy"": 16.69917106628418, ""val_cross_entropy"": 1.689782738685608, ""val_balanced_accuracy"": 0.26829758286476135, ""test_cross_entropy"": 1.8571559190750122, ""test_balanced_accuracy"": 0.2756020128726959}"
2026-04-06T20:46:07.009731,tpe,lcbench,7593,1,185,29.34259033203125,"{""OpenML_task_id"": ""167201"", ""batch_size"": 145, ""epoch"": 2, ""learning_rate"": 0.01715212082837512, ""max_dropout"": 0.6021303718109555, ""max_units"": 232, ""momentum"": 0.8673093225276061, ""num_layers"": 5, ""weight_decay"": 0.09657275968086056}","{""time"": 29.34259033203125, ""val_accuracy"": 16.811311721801758, ""val_cross_entropy"": 1.658202886581421, ""val_balanced_accuracy"": 0.25926339626312256, ""test_cross_entropy"": 1.8569982051849365, ""test_balanced_accuracy"": 0.2667575776576996}"
2026-04-06T20:46:07.018329,tpe,lcbench,7593,1,186,9.097667694091797,"{""OpenML_task_id"": ""167161"", ""batch_size"": 139, ""epoch"": 1, ""learning_rate"": 0.01402376977315405, ""max_dropout"": 0.6335994859089011, ""max_units"": 263, ""momentum"": 0.8906020376915653, ""num_layers"": 5, ""weight_decay"": 0.08572209900397466}","{""time"": 9.097667694091797, ""val_accuracy"": 4.014763355255127, ""val_cross_entropy"": 1.7453240156173706, ""val_balanced_accuracy"": 0.11982177197933197, ""test_cross_entropy"": 1.866471767425537, ""test_balanced_accuracy"": 0.12386488914489746}"
2026-04-06T20:46:07.026975,tpe,lcbench,7593,1,187,67.0950927734375,"{""OpenML_task_id"": ""167161"", ""batch_size"": 161, ""epoch"": 4, ""learning_rate"": 0.012240537610308947, ""max_dropout"": 0.5731639946446699, ""max_units"": 208, ""momentum"": 0.9080186565582479, ""num_layers"": 5, ""weight_decay"": 0.0853685359974579}","{""time"": 67.0950927734375, ""val_accuracy"": 21.139305114746094, ""val_cross_entropy"": 1.6080719232559204, ""val_balanced_accuracy"": 0.2687067687511444, ""test_cross_entropy"": 1.8558298349380493, ""test_balanced_accuracy"": 0.27478110790252686}"
2026-04-06T20:46:07.035314,tpe,lcbench,7593,1,188,52.16310119628906,"{""OpenML_task_id"": ""167161"", ""batch_size"": 175, ""epoch"": 3, ""learning_rate"": 0.014698826397453953, ""max_dropout"": 0.701759326766383, ""max_units"": 272, ""momentum"": 0.887302584744944, ""num_layers"": 5, ""weight_decay"": 0.08100271062080201}","{""time"": 52.16310119628906, ""val_accuracy"": 22.301380157470703, ""val_cross_entropy"": 1.545569896697998, ""val_balanced_accuracy"": 0.3043278753757477, ""test_cross_entropy"": 1.8470617532730103, ""test_balanced_accuracy"": 0.3116298019886017}"
2026-04-06T20:46:07.043854,tpe,lcbench,7593,1,189,9.019577980041504,"{""OpenML_task_id"": ""167161"", ""batch_size"": 131, ""epoch"": 1, ""learning_rate"": 0.009640463269554702, ""max_dropout"": 0.6416330961859807, ""max_units"": 263, ""momentum"": 0.8436015038872116, ""num_layers"": 5, ""weight_decay"": 0.08858220726731611}","{""time"": 9.019577980041504, ""val_accuracy"": 4.497342109680176, ""val_cross_entropy"": 1.7381134033203125, ""val_balanced_accuracy"": 0.12504225969314575, ""test_cross_entropy"": 1.8654766082763672, ""test_balanced_accuracy"": 0.1289042979478836}"
2026-04-06T20:46:07.052227,tpe,lcbench,7593,1,190,9.047467231750488,"{""OpenML_task_id"": ""167161"", ""batch_size"": 152, ""epoch"": 1, ""learning_rate"": 0.009925308511509103, ""max_dropout"": 0.6477226111818155, ""max_units"": 257, ""momentum"": 0.8765248951340462, ""num_layers"": 5, ""weight_decay"": 0.08929698519343984}","{""time"": 9.047467231750488, ""val_accuracy"": 4.36047887802124, ""val_cross_entropy"": 1.7262673377990723, ""val_balanced_accuracy"": 0.12561094760894775, ""test_cross_entropy"": 1.862321376800537, ""test_balanced_accuracy"": 0.12965364754199982}"
2026-04-06T20:46:07.060738,tpe,lcbench,7593,1,191,8.781123161315918,"{""OpenML_task_id"": ""167161"", ""batch_size"": 151, ""epoch"": 1, ""learning_rate"": 0.009956925422093046, ""max_dropout"": 0.6374762721098026, ""max_units"": 257, ""momentum"": 0.8417354510002575, ""num_layers"": 5, ""weight_decay"": 0.08840686706191533}","{""time"": 8.781123161315918, ""val_accuracy"": 4.562322616577148, ""val_cross_entropy"": 1.724495768547058, ""val_balanced_accuracy"": 0.12697505950927734, ""test_cross_entropy"": 1.8644261360168457, ""test_balanced_accuracy"": 0.13110792636871338}"
2026-04-06T20:46:07.069124,tpe,lcbench,7593,1,192,25.81039810180664,"{""OpenML_task_id"": ""167161"", ""batch_size"": 150, ""epoch"": 2, ""learning_rate"": 0.01367116500561001, ""max_dropout"": 0.6294985610741919, ""max_units"": 226, ""momentum"": 0.8426700529006652, ""num_layers"": 5, ""weight_decay"": 0.08394114603946173}","{""time"": 25.81039810180664, ""val_accuracy"": 19.44745445251465, ""val_cross_entropy"": 1.6217420101165771, ""val_balanced_accuracy"": 0.29280605912208557, ""test_cross_entropy"": 1.8588931560516357, ""test_balanced_accuracy"": 0.30048877000808716}"
2026-04-06T20:46:07.078038,tpe,lcbench,7593,1,193,9.442102432250977,"{""OpenML_task_id"": ""167161"", ""batch_size"": 163, ""epoch"": 1, ""learning_rate"": 0.010956282479793059, ""max_dropout"": 0.6413315466095949, ""max_units"": 251, ""momentum"": 0.9478056586668318, ""num_layers"": 5, ""weight_decay"": 0.0877995251960214}","{""time"": 9.442102432250977, ""val_accuracy"": 3.9445295333862305, ""val_cross_entropy"": 1.7364630699157715, ""val_balanced_accuracy"": 0.1213419958949089, ""test_cross_entropy"": 1.862336277961731, ""test_balanced_accuracy"": 0.12538713216781616}"
2026-04-06T20:46:07.086906,tpe,lcbench,7593,1,194,45.30928039550781,"{""OpenML_task_id"": ""167161"", ""batch_size"": 134, ""epoch"": 3, ""learning_rate"": 0.011940695136037724, ""max_dropout"": 0.6059761367311517, ""max_units"": 201, ""momentum"": 0.8780296016248442, ""num_layers"": 5, ""weight_decay"": 0.08836383690228332}","{""time"": 45.30928039550781, ""val_accuracy"": 20.155805587768555, ""val_cross_entropy"": 1.6175801753997803, ""val_balanced_accuracy"": 0.26709768176078796, ""test_cross_entropy"": 1.8549014329910278, ""test_balanced_accuracy"": 0.2732012867927551}"
2026-04-06T20:46:07.095514,tpe,lcbench,7593,1,195,26.57177734375,"{""OpenML_task_id"": ""167161"", ""batch_size"": 146, ""epoch"": 2, ""learning_rate"": 0.009502445339354985, ""max_dropout"": 0.6659232186799918, ""max_units"": 232, ""momentum"": 0.89504593953764, ""num_layers"": 5, ""weight_decay"": 0.08577943118385378}","{""time"": 26.57177734375, ""val_accuracy"": 19.8204345703125, ""val_cross_entropy"": 1.6253036260604858, ""val_balanced_accuracy"": 0.29166898131370544, ""test_cross_entropy"": 1.8542245626449585, ""test_balanced_accuracy"": 0.2987600266933441}"
2026-04-06T20:46:07.104686,tpe,lcbench,7593,1,196,8.665382385253906,"{""OpenML_task_id"": ""167161"", ""batch_size"": 161, ""epoch"": 1, ""learning_rate"": 0.01605409131192581, ""max_dropout"": 0.6441297486086036, ""max_units"": 266, ""momentum"": 0.8576757465487892, ""num_layers"": 5, ""weight_decay"": 0.0828600100836771}","{""time"": 8.665382385253906, ""val_accuracy"": 4.1423163414001465, ""val_cross_entropy"": 1.7197904586791992, ""val_balanced_accuracy"": 0.1231851652264595, ""test_cross_entropy"": 1.8664909601211548, ""test_balanced_accuracy"": 0.1276097148656845}"
2026-04-06T20:46:07.113703,tpe,lcbench,7593,1,197,73.91824340820312,"{""OpenML_task_id"": ""167161"", ""batch_size"": 189, ""epoch"": 4, ""learning_rate"": 0.016193139545489645, ""max_dropout"": 0.64678111219312, ""max_units"": 251, ""momentum"": 0.8590904089966189, ""num_layers"": 5, ""weight_decay"": 0.08235275028787464}","{""time"": 73.91824340820312, ""val_accuracy"": 21.731731414794922, ""val_cross_entropy"": 1.5791802406311035, ""val_balanced_accuracy"": 0.29116761684417725, ""test_cross_entropy"": 1.854811429977417, ""test_balanced_accuracy"": 0.2980576753616333}"
2026-04-06T20:46:07.122520,tpe,lcbench,7593,1,198,43.35702133178711,"{""OpenML_task_id"": ""167161"", ""batch_size"": 165, ""epoch"": 3, ""learning_rate"": 0.007500894356434161, ""max_dropout"": 0.613292478537495, ""max_units"": 215, ""momentum"": 0.8343374721893629, ""num_layers"": 5, ""weight_decay"": 0.08909509081527153}","{""time"": 43.35702133178711, ""val_accuracy"": 19.650705337524414, ""val_cross_entropy"": 1.6659190654754639, ""val_balanced_accuracy"": 0.2853328585624695, ""test_cross_entropy"": 1.8589311838150024, ""test_balanced_accuracy"": 0.2921026647090912}"
2026-04-06T20:46:07.131419,tpe,lcbench,7593,1,199,8.05878734588623,"{""OpenML_task_id"": ""167161"", ""batch_size"": 156, ""epoch"": 1, ""learning_rate"": 0.019344075571280716, ""max_dropout"": 0.6714415839260776, ""max_units"": 231, ""momentum"": 0.8698143840133941, ""num_layers"": 5, ""weight_decay"": 0.083434743170723}","{""time"": 8.05878734588623, ""val_accuracy"": 3.8234682083129883, ""val_cross_entropy"": 1.7225987911224365, ""val_balanced_accuracy"": 0.12041469663381577, ""test_cross_entropy"": 1.8632506132125854, ""test_balanced_accuracy"": 0.12453719228506088}"
