timestamp,optimizer,bench,instance,seed,trial_id,score,cfg_json,out_json
2026-04-06T22:26:01.765541,tpe,lcbench,34539,1,0,27.535358428955078,"{""OpenML_task_id"": ""168335"", ""batch_size"": 359, ""epoch"": 17, ""learning_rate"": 0.06868144267539023, ""max_dropout"": 0.8346256718973729, ""max_units"": 81, ""momentum"": 0.7676284403010211, ""num_layers"": 5, ""weight_decay"": 0.07481908378144014}","{""time"": 27.535358428955078, ""val_accuracy"": 89.70604705810547, ""val_cross_entropy"": 0.4913864731788635, ""val_balanced_accuracy"": 0.5622109770774841, ""test_cross_entropy"": 0.67354416847229, ""test_balanced_accuracy"": 0.5628750920295715}"
2026-04-06T22:26:01.771146,tpe,lcbench,34539,1,1,107.628173828125,"{""OpenML_task_id"": ""189862"", ""batch_size"": 476, ""epoch"": 19, ""learning_rate"": 0.07510612910330196, ""max_dropout"": 0.7259979853504515, ""max_units"": 912, ""momentum"": 0.6550682642794919, ""num_layers"": 4, ""weight_decay"": 0.03489634521436448}","{""time"": 107.628173828125, ""val_accuracy"": 70.99229431152344, ""val_cross_entropy"": 0.6264888048171997, ""val_balanced_accuracy"": 0.5171778202056885, ""test_cross_entropy"": 0.6865588426589966, ""test_balanced_accuracy"": 0.5183362364768982}"
2026-04-06T22:26:01.775269,tpe,lcbench,34539,1,2,19.966171264648438,"{""OpenML_task_id"": ""189354"", ""batch_size"": 369, ""epoch"": 7, ""learning_rate"": 0.00208602537059558, ""max_dropout"": 0.026210986877719278, ""max_units"": 91, ""momentum"": 0.31912785016671086, ""num_layers"": 5, ""weight_decay"": 0.053887718123521874}","{""time"": 19.966171264648438, ""val_accuracy"": 44.11855697631836, ""val_cross_entropy"": 0.5398938655853271, ""val_balanced_accuracy"": 0.5637282133102417, ""test_cross_entropy"": 0.6784307956695557, ""test_balanced_accuracy"": 0.5560808777809143}"
2026-04-06T22:26:01.778733,tpe,lcbench,34539,1,3,57.333797454833984,"{""OpenML_task_id"": ""189908"", ""batch_size"": 135, ""epoch"": 26, ""learning_rate"": 0.06203357626629985, ""max_dropout"": 0.8289808995501787, ""max_units"": 214, ""momentum"": 0.11653281993789448, ""num_layers"": 1, ""weight_decay"": 0.04863964764259382}","{""time"": 57.333797454833984, ""val_accuracy"": 62.85551071166992, ""val_cross_entropy"": 0.6400190591812134, ""val_balanced_accuracy"": 0.5457310676574707, ""test_cross_entropy"": 0.6836509704589844, ""test_balanced_accuracy"": 0.5477635860443115}"
2026-04-06T22:26:01.783837,tpe,lcbench,34539,1,4,146.01654052734375,"{""OpenML_task_id"": ""126025"", ""batch_size"": 471, ""epoch"": 34, ""learning_rate"": 0.039061770642710505, ""max_dropout"": 0.48599066709690975, ""max_units"": 644, ""momentum"": 0.5890976501426207, ""num_layers"": 5, ""weight_decay"": 0.09187415622900427}","{""time"": 146.01654052734375, ""val_accuracy"": 85.2253646850586, ""val_cross_entropy"": 0.5750877261161804, ""val_balanced_accuracy"": 0.5020716190338135, ""test_cross_entropy"": 0.6942843198776245, ""test_balanced_accuracy"": 0.5116519331932068}"
2026-04-06T22:26:01.789354,tpe,lcbench,34539,1,5,62.73597717285156,"{""OpenML_task_id"": ""7593"", ""batch_size"": 407, ""epoch"": 32, ""learning_rate"": 0.005485536280167922, ""max_dropout"": 0.4201936800011322, ""max_units"": 716, ""momentum"": 0.917555582399998, ""num_layers"": 1, ""weight_decay"": 0.09767614731161565}","{""time"": 62.73597717285156, ""val_accuracy"": 59.72600173950195, ""val_cross_entropy"": 0.6905240416526794, ""val_balanced_accuracy"": 0.5416638851165771, ""test_cross_entropy"": 0.700564980506897, ""test_balanced_accuracy"": 0.5544562339782715}"
2026-04-06T22:26:01.795933,tpe,lcbench,34539,1,6,107.44549560546875,"{""OpenML_task_id"": ""168868"", ""batch_size"": 278, ""epoch"": 42, ""learning_rate"": 0.057291602867441484, ""max_dropout"": 0.7331425252875111, ""max_units"": 562, ""momentum"": 0.7860866803466803, ""num_layers"": 3, ""weight_decay"": 0.04657633076041218}","{""time"": 107.44549560546875, ""val_accuracy"": 78.77143859863281, ""val_cross_entropy"": 0.619659423828125, ""val_balanced_accuracy"": 0.5085075497627258, ""test_cross_entropy"": 0.6957235336303711, ""test_balanced_accuracy"": 0.5138916373252869}"
2026-04-06T22:26:01.798623,tpe,lcbench,34539,1,7,88.7372817993164,"{""OpenML_task_id"": ""126026"", ""batch_size"": 286, ""epoch"": 35, ""learning_rate"": 0.014540099458453517, ""max_dropout"": 0.7515278171352439, ""max_units"": 277, ""momentum"": 0.5622231236857694, ""num_layers"": 4, ""weight_decay"": 0.0022428194949007}","{""time"": 88.7372817993164, ""val_accuracy"": 70.80189514160156, ""val_cross_entropy"": 0.603253960609436, ""val_balanced_accuracy"": 0.5389576554298401, ""test_cross_entropy"": 0.6735862493515015, ""test_balanced_accuracy"": 0.5454626083374023}"
2026-04-06T22:26:01.798623,tpe,lcbench,34539,1,8,5.890385627746582,"{""OpenML_task_id"": ""189905"", ""batch_size"": 192, ""epoch"": 2, ""learning_rate"": 0.016123478434012947, ""max_dropout"": 0.7456371927074961, ""max_units"": 93, ""momentum"": 0.42622335654693244, ""num_layers"": 5, ""weight_decay"": 0.06927084497356036}","{""time"": 5.890385627746582, ""val_accuracy"": 76.87100219726562, ""val_cross_entropy"": 0.4981233477592468, ""val_balanced_accuracy"": 0.581493079662323, ""test_cross_entropy"": 0.6685842275619507, ""test_balanced_accuracy"": 0.577031672000885}"
2026-04-06T22:26:01.810217,tpe,lcbench,34539,1,9,267.8472595214844,"{""OpenML_task_id"": ""126026"", ""batch_size"": 415, ""epoch"": 37, ""learning_rate"": 0.07664451696946949, ""max_dropout"": 0.3424541198435198, ""max_units"": 876, ""momentum"": 0.4816042097495039, ""num_layers"": 5, ""weight_decay"": 0.06265335090084313}","{""time"": 267.8472595214844, ""val_accuracy"": 86.08110046386719, ""val_cross_entropy"": 0.6157875061035156, ""val_balanced_accuracy"": 0.4946630895137787, ""test_cross_entropy"": 0.6983312368392944, ""test_balanced_accuracy"": 0.5049315094947815}"
2026-04-06T22:26:01.838303,tpe,lcbench,34539,1,10,4.477787017822266,"{""OpenML_task_id"": ""189905"", ""batch_size"": 76, ""epoch"": 1, ""learning_rate"": 0.09876685256029641, ""max_dropout"": 0.9441666761301676, ""max_units"": 380, ""momentum"": 0.3355981232051136, ""num_layers"": 3, ""weight_decay"": 0.023377666396665706}","{""time"": 4.477787017822266, ""val_accuracy"": 42.92566680908203, ""val_cross_entropy"": 0.7311241030693054, ""val_balanced_accuracy"": 0.46267738938331604, ""test_cross_entropy"": 0.7090386748313904, ""test_balanced_accuracy"": 0.4658937156200409}"
2026-04-06T22:26:01.859007,tpe,lcbench,34539,1,11,6.635033130645752,"{""OpenML_task_id"": ""189905"", ""batch_size"": 29, ""epoch"": 1, ""learning_rate"": 0.09741349756010734, ""max_dropout"": 0.9876267542805721, ""max_units"": 381, ""momentum"": 0.36804629325096955, ""num_layers"": 3, ""weight_decay"": 0.0186807598267232}","{""time"": 6.635033130645752, ""val_accuracy"": 40.966285705566406, ""val_cross_entropy"": 0.8123756051063538, ""val_balanced_accuracy"": 0.44343340396881104, ""test_cross_entropy"": 0.7023153305053711, ""test_balanced_accuracy"": 0.44235214591026306}"
2026-04-06T22:26:01.876175,tpe,lcbench,34539,1,12,73.63934326171875,"{""OpenML_task_id"": ""189905"", ""batch_size"": 142, ""epoch"": 51, ""learning_rate"": 0.031211626728150324, ""max_dropout"": 0.9695472419740667, ""max_units"": 378, ""momentum"": 0.22913856439256522, ""num_layers"": 2, ""weight_decay"": 0.02388475935005424}","{""time"": 73.63934326171875, ""val_accuracy"": 74.41134643554688, ""val_cross_entropy"": 0.598081111907959, ""val_balanced_accuracy"": 0.5556185841560364, ""test_cross_entropy"": 0.690290629863739, ""test_balanced_accuracy"": 0.5588922500610352}"
2026-04-06T22:26:01.892318,tpe,lcbench,34539,1,13,19.85601043701172,"{""OpenML_task_id"": ""189906"", ""batch_size"": 139, ""epoch"": 8, ""learning_rate"": 0.09630066127916065, ""max_dropout"": 0.6136107411920779, ""max_units"": 425, ""momentum"": 0.4293805683642977, ""num_layers"": 2, ""weight_decay"": 0.07690984418474557}","{""time"": 19.85601043701172, ""val_accuracy"": 72.42536163330078, ""val_cross_entropy"": 0.6614556312561035, ""val_balanced_accuracy"": 0.49923551082611084, ""test_cross_entropy"": 0.6920143365859985, ""test_balanced_accuracy"": 0.5080867409706116}"
2026-04-06T22:26:01.916025,tpe,lcbench,34539,1,14,13.066330909729004,"{""OpenML_task_id"": ""189905"", ""batch_size"": 18, ""epoch"": 2, ""learning_rate"": 0.025219386210037522, ""max_dropout"": 0.21287246696775497, ""max_units"": 233, ""momentum"": 0.24486962658728517, ""num_layers"": 4, ""weight_decay"": 0.0004018659407875706}","{""time"": 13.066330909729004, ""val_accuracy"": 73.58329772949219, ""val_cross_entropy"": 0.5253750085830688, ""val_balanced_accuracy"": 0.5292545557022095, ""test_cross_entropy"": 0.6310846209526062, ""test_balanced_accuracy"": 0.5397271513938904}"
2026-04-06T22:26:01.941558,tpe,lcbench,34539,1,15,32.5219841003418,"{""OpenML_task_id"": ""168330"", ""batch_size"": 202, ""epoch"": 15, ""learning_rate"": 0.04186713895030428, ""max_dropout"": 0.6368381753531993, ""max_units"": 514, ""momentum"": 0.1399165865874572, ""num_layers"": 2, ""weight_decay"": 0.02845799165731058}","{""time"": 32.5219841003418, ""val_accuracy"": 67.9563980102539, ""val_cross_entropy"": 0.6505354046821594, ""val_balanced_accuracy"": 0.5571297407150269, ""test_cross_entropy"": 0.681625485420227, ""test_balanced_accuracy"": 0.5606817603111267}"
2026-04-06T22:26:01.961728,tpe,lcbench,34539,1,16,25.86199188232422,"{""OpenML_task_id"": ""189909"", ""batch_size"": 72, ""epoch"": 10, ""learning_rate"": 0.019514468185913125, ""max_dropout"": 0.8960312224545308, ""max_units"": 193, ""momentum"": 0.45761239969053036, ""num_layers"": 3, ""weight_decay"": 0.06999952041334451}","{""time"": 25.86199188232422, ""val_accuracy"": 86.29974365234375, ""val_cross_entropy"": 0.6408226490020752, ""val_balanced_accuracy"": 0.4817888140678406, ""test_cross_entropy"": 0.6700806617736816, ""test_balanced_accuracy"": 0.4836790859699249}"
2026-04-06T22:26:01.981060,tpe,lcbench,34539,1,17,134.6306915283203,"{""OpenML_task_id"": ""189866"", ""batch_size"": 234, ""epoch"": 23, ""learning_rate"": 0.08713590980120683, ""max_dropout"": 0.5998972007159549, ""max_units"": 748, ""momentum"": 0.34972591323333785, ""num_layers"": 4, ""weight_decay"": 0.013334646078813555}","{""time"": 134.6306915283203, ""val_accuracy"": 71.86023712158203, ""val_cross_entropy"": 0.6252166628837585, ""val_balanced_accuracy"": 0.5480112433433533, ""test_cross_entropy"": 0.6665802001953125, ""test_balanced_accuracy"": 0.5427001118659973}"
2026-04-06T22:26:02.009426,tpe,lcbench,34539,1,18,26.389102935791016,"{""OpenML_task_id"": ""126029"", ""batch_size"": 100, ""epoch"": 12, ""learning_rate"": 0.05056330141542129, ""max_dropout"": 0.9011346237458641, ""max_units"": 328, ""momentum"": 0.24918164602511347, ""num_layers"": 2, ""weight_decay"": 0.03388140292814468}","{""time"": 26.389102935791016, ""val_accuracy"": 73.77582550048828, ""val_cross_entropy"": 0.6327375769615173, ""val_balanced_accuracy"": 0.5218846797943115, ""test_cross_entropy"": 0.686508297920227, ""test_balanced_accuracy"": 0.5234957933425903}"
2026-04-06T22:26:02.028735,tpe,lcbench,34539,1,19,47.14440155029297,"{""OpenML_task_id"": ""167200"", ""batch_size"": 203, ""epoch"": 4, ""learning_rate"": 0.03642934713488486, ""max_dropout"": 0.7793640030195559, ""max_units"": 1020, ""momentum"": 0.6789344444646859, ""num_layers"": 4, ""weight_decay"": 0.04046579974428482}","{""time"": 47.14440155029297, ""val_accuracy"": 71.31298065185547, ""val_cross_entropy"": 0.607711672782898, ""val_balanced_accuracy"": 0.49405017495155334, ""test_cross_entropy"": 0.683059573173523, ""test_balanced_accuracy"": 0.4964381456375122}"
2026-04-06T22:26:02.063127,tpe,lcbench,34539,1,20,66.71858978271484,"{""OpenML_task_id"": ""167161"", ""batch_size"": 183, ""epoch"": 21, ""learning_rate"": 0.085068676440728, ""max_dropout"": 0.6503075486786268, ""max_units"": 459, ""momentum"": 0.49208085776787547, ""num_layers"": 3, ""weight_decay"": 0.08625797054229807}","{""time"": 66.71858978271484, ""val_accuracy"": 81.24943542480469, ""val_cross_entropy"": 0.6298469305038452, ""val_balanced_accuracy"": 0.4890623688697815, ""test_cross_entropy"": 0.6873887777328491, ""test_balanced_accuracy"": 0.49327149987220764}"
2026-04-06T22:26:02.074713,tpe,lcbench,34539,1,21,8.146638870239258,"{""OpenML_task_id"": ""189905"", ""batch_size"": 45, ""epoch"": 2, ""learning_rate"": 0.09798757597998353, ""max_dropout"": 0.9781864438487204, ""max_units"": 341, ""momentum"": 0.3722818189171189, ""num_layers"": 3, ""weight_decay"": 0.017869591336813533}","{""time"": 8.146638870239258, ""val_accuracy"": 68.74027252197266, ""val_cross_entropy"": 0.8373213410377502, ""val_balanced_accuracy"": 0.4755368232727051, ""test_cross_entropy"": 0.675356388092041, ""test_balanced_accuracy"": 0.48266443610191345}"
2026-04-06T22:26:02.110211,tpe,lcbench,34539,1,22,15.32816219329834,"{""OpenML_task_id"": ""189905"", ""batch_size"": 86, ""epoch"": 6, ""learning_rate"": 0.08835752671212777, ""max_dropout"": 0.9918814319918486, ""max_units"": 166, ""momentum"": 0.40482274771999627, ""num_layers"": 3, ""weight_decay"": 0.009959814592558033}","{""time"": 15.32816219329834, ""val_accuracy"": 74.7376480102539, ""val_cross_entropy"": 0.7578938603401184, ""val_balanced_accuracy"": 0.5064747929573059, ""test_cross_entropy"": 0.6900346279144287, ""test_balanced_accuracy"": 0.5113075375556946}"
2026-04-06T22:26:02.130817,tpe,lcbench,34539,1,23,6.339405536651611,"{""OpenML_task_id"": ""3945"", ""batch_size"": 31, ""epoch"": 1, ""learning_rate"": 0.09903909763667233, ""max_dropout"": 0.8899777058610179, ""max_units"": 555, ""momentum"": 0.2948336431734444, ""num_layers"": 3, ""weight_decay"": 0.06142392165150781}","{""time"": 6.339405536651611, ""val_accuracy"": 47.112083435058594, ""val_cross_entropy"": 0.7669582366943359, ""val_balanced_accuracy"": 0.4505419135093689, ""test_cross_entropy"": 0.706091046333313, ""test_balanced_accuracy"": 0.44819602370262146}"
2026-04-06T22:26:02.153478,tpe,lcbench,34539,1,24,33.06303787231445,"{""OpenML_task_id"": ""3945"", ""batch_size"": 113, ""epoch"": 12, ""learning_rate"": 0.07590846674805238, ""max_dropout"": 0.8792618008845589, ""max_units"": 613, ""momentum"": 0.2800945834496628, ""num_layers"": 2, ""weight_decay"": 0.05454412681838086}","{""time"": 33.06303787231445, ""val_accuracy"": 74.3863754272461, ""val_cross_entropy"": 0.6460962295532227, ""val_balanced_accuracy"": 0.5112178325653076, ""test_cross_entropy"": 0.6858171224594116, ""test_balanced_accuracy"": 0.5151693820953369}"
2026-04-06T22:26:02.175458,tpe,lcbench,34539,1,25,5.87365198135376,"{""OpenML_task_id"": ""168910"", ""batch_size"": 65, ""epoch"": 1, ""learning_rate"": 0.011006431404458922, ""max_dropout"": 0.8086363216188988, ""max_units"": 481, ""momentum"": 0.18627217380086042, ""num_layers"": 4, ""weight_decay"": 0.06673981005681566}","{""time"": 5.87365198135376, ""val_accuracy"": 45.9077262878418, ""val_cross_entropy"": 0.6582443714141846, ""val_balanced_accuracy"": 0.4774490296840668, ""test_cross_entropy"": 0.6933330297470093, ""test_balanced_accuracy"": 0.4722125232219696}"
2026-04-06T22:26:02.186528,tpe,lcbench,34539,1,26,46.37604904174805,"{""OpenML_task_id"": ""167184"", ""batch_size"": 172, ""epoch"": 14, ""learning_rate"": 0.015354692811658851, ""max_dropout"": 0.552719867452753, ""max_units"": 469, ""momentum"": 0.1866852195997507, ""num_layers"": 5, ""weight_decay"": 0.08118550429725821}","{""time"": 46.37604904174805, ""val_accuracy"": 90.95513916015625, ""val_cross_entropy"": 0.5285821557044983, ""val_balanced_accuracy"": 0.5561667680740356, ""test_cross_entropy"": 0.6700845956802368, ""test_balanced_accuracy"": 0.5604133605957031}"
2026-04-06T22:26:02.217936,tpe,lcbench,34539,1,27,20.312000274658203,"{""OpenML_task_id"": ""168910"", ""batch_size"": 250, ""epoch"": 6, ""learning_rate"": 0.008977204661049086, ""max_dropout"": 0.8192290914970809, ""max_units"": 280, ""momentum"": 0.17785498338291233, ""num_layers"": 4, ""weight_decay"": 0.06697324845232869}","{""time"": 20.312000274658203, ""val_accuracy"": 74.27932739257812, ""val_cross_entropy"": 0.6276407241821289, ""val_balanced_accuracy"": 0.5101317763328552, ""test_cross_entropy"": 0.6822105050086975, ""test_balanced_accuracy"": 0.5141435861587524}"
2026-04-06T22:26:02.241040,tpe,lcbench,34539,1,28,27.883975982666016,"{""OpenML_task_id"": ""167168"", ""batch_size"": 64, ""epoch"": 10, ""learning_rate"": 0.021331583999260027, ""max_dropout"": 0.6884634673118655, ""max_units"": 158, ""momentum"": 0.5023975894925539, ""num_layers"": 4, ""weight_decay"": 0.06217701359704499}","{""time"": 27.883975982666016, ""val_accuracy"": 90.62059020996094, ""val_cross_entropy"": 0.5921251773834229, ""val_balanced_accuracy"": 0.5054981112480164, ""test_cross_entropy"": 0.6636443138122559, ""test_balanced_accuracy"": 0.5091723203659058}"
2026-04-06T22:26:02.263480,tpe,lcbench,34539,1,29,28.317657470703125,"{""OpenML_task_id"": ""167152"", ""batch_size"": 312, ""epoch"": 18, ""learning_rate"": 0.030229175067374263, ""max_dropout"": 0.8263732477861365, ""max_units"": 78, ""momentum"": 0.18748178574521274, ""num_layers"": 5, ""weight_decay"": 0.07657170331840193}","{""time"": 28.317657470703125, ""val_accuracy"": 89.68722534179688, ""val_cross_entropy"": 0.4878042936325073, ""val_balanced_accuracy"": 0.5620758533477783, ""test_cross_entropy"": 0.6698359251022339, ""test_balanced_accuracy"": 0.5605887174606323}"
2026-04-06T22:26:02.267883,tpe,lcbench,34539,1,30,30.612953186035156,"{""OpenML_task_id"": ""146212"", ""batch_size"": 117, ""epoch"": 5, ""learning_rate"": 0.050429880729608224, ""max_dropout"": 0.5223479591694875, ""max_units"": 707, ""momentum"": 0.10506702568240128, ""num_layers"": 5, ""weight_decay"": 0.042538913692317895}","{""time"": 30.612953186035156, ""val_accuracy"": 87.74943542480469, ""val_cross_entropy"": 0.5070520639419556, ""val_balanced_accuracy"": 0.5633208155632019, ""test_cross_entropy"": 0.6623514294624329, ""test_balanced_accuracy"": 0.5696122050285339}"
2026-04-06T22:26:02.310044,tpe,lcbench,34539,1,31,4.967246055603027,"{""OpenML_task_id"": ""167190"", ""batch_size"": 53, ""epoch"": 1, ""learning_rate"": 0.06818160860974669, ""max_dropout"": 0.9071287752841638, ""max_units"": 541, ""momentum"": 0.28875554506655116, ""num_layers"": 3, ""weight_decay"": 0.058669061711304836}","{""time"": 4.967246055603027, ""val_accuracy"": 47.309104919433594, ""val_cross_entropy"": 0.7407906651496887, ""val_balanced_accuracy"": 0.4645175039768219, ""test_cross_entropy"": 0.7104796171188354, ""test_balanced_accuracy"": 0.46465837955474854}"
2026-04-06T22:26:02.319874,tpe,lcbench,34539,1,32,24.662750244140625,"{""OpenML_task_id"": ""168908"", ""batch_size"": 160, ""epoch"": 4, ""learning_rate"": 0.0670034873721185, ""max_dropout"": 0.935184698354887, ""max_units"": 497, ""momentum"": 0.30317032622155726, ""num_layers"": 4, ""weight_decay"": 0.07033621821244204}","{""time"": 24.662750244140625, ""val_accuracy"": 78.2370376586914, ""val_cross_entropy"": 0.6207394599914551, ""val_balanced_accuracy"": 0.5085929036140442, ""test_cross_entropy"": 0.6742919683456421, ""test_balanced_accuracy"": 0.5103108286857605}"
2026-04-06T22:26:02.342596,tpe,lcbench,34539,1,33,54.434696197509766,"{""OpenML_task_id"": ""167190"", ""batch_size"": 61, ""epoch"": 8, ""learning_rate"": 0.04452860114707049, ""max_dropout"": 0.7825857149598798, ""max_units"": 616, ""momentum"": 0.4058776250756991, ""num_layers"": 3, ""weight_decay"": 0.05560952253395602}","{""time"": 54.434696197509766, ""val_accuracy"": 85.44445037841797, ""val_cross_entropy"": 0.6475101709365845, ""val_balanced_accuracy"": 0.48571109771728516, ""test_cross_entropy"": 0.6733949184417725, ""test_balanced_accuracy"": 0.4954723119735718}"
2026-04-06T22:26:02.371014,tpe,lcbench,34539,1,34,6.583437442779541,"{""OpenML_task_id"": ""168331"", ""batch_size"": 89, ""epoch"": 1, ""learning_rate"": 0.00029246204607149585, ""max_dropout"": 0.6999642524356254, ""max_units"": 780, ""momentum"": 0.3303629974908854, ""num_layers"": 4, ""weight_decay"": 0.05787762502108826}","{""time"": 6.583437442779541, ""val_accuracy"": 41.108665466308594, ""val_cross_entropy"": 0.6051190495491028, ""val_balanced_accuracy"": 0.4988205134868622, ""test_cross_entropy"": 0.675849437713623, ""test_balanced_accuracy"": 0.49855321645736694}"
2026-04-06T22:26:02.392145,tpe,lcbench,34539,1,35,54.325923919677734,"{""OpenML_task_id"": ""34539"", ""batch_size"": 53, ""epoch"": 9, ""learning_rate"": 0.059959045627175765, ""max_dropout"": 0.8496905986670307, ""max_units"": 398, ""momentum"": 0.6136024581884465, ""num_layers"": 5, ""weight_decay"": 0.08335052821362704}","{""time"": 54.325923919677734, ""val_accuracy"": 94.59065246582031, ""val_cross_entropy"": 0.48802727460861206, ""val_balanced_accuracy"": 0.5718438029289246, ""test_cross_entropy"": 0.6449730396270752, ""test_balanced_accuracy"": 0.5693515539169312}"
2026-04-06T22:26:02.411154,tpe,lcbench,34539,1,36,9.601072311401367,"{""OpenML_task_id"": ""189865"", ""batch_size"": 120, ""epoch"": 4, ""learning_rate"": 0.008882085802378523, ""max_dropout"": 0.04639953694524346, ""max_units"": 111, ""momentum"": 0.2329901603154653, ""num_layers"": 3, ""weight_decay"": 0.049093475842614684}","{""time"": 9.601072311401367, ""val_accuracy"": 75.6219482421875, ""val_cross_entropy"": 0.6145646572113037, ""val_balanced_accuracy"": 0.5207908749580383, ""test_cross_entropy"": 0.6819889545440674, ""test_balanced_accuracy"": 0.5281160473823547}"
2026-04-06T22:26:02.424244,tpe,lcbench,34539,1,37,132.1931610107422,"{""OpenML_task_id"": ""167104"", ""batch_size"": 234, ""epoch"": 27, ""learning_rate"": 0.07020146722065748, ""max_dropout"": 0.932516504716228, ""max_units"": 647, ""momentum"": 0.16255837126031575, ""num_layers"": 4, ""weight_decay"": 0.07125779074947843}","{""time"": 132.1931610107422, ""val_accuracy"": 83.58971405029297, ""val_cross_entropy"": 0.6659389734268188, ""val_balanced_accuracy"": 0.4901213049888611, ""test_cross_entropy"": 0.6860299110412598, ""test_balanced_accuracy"": 0.4959573447704315}"
2026-04-06T22:26:02.452261,tpe,lcbench,34539,1,38,76.33206939697266,"{""OpenML_task_id"": ""168329"", ""batch_size"": 335, ""epoch"": 16, ""learning_rate"": 0.05360317212575318, ""max_dropout"": 0.7914320071649207, ""max_units"": 570, ""momentum"": 0.9225593899351516, ""num_layers"": 5, ""weight_decay"": 0.09055475271139185}","{""time"": 76.33206939697266, ""val_accuracy"": 87.51776123046875, ""val_cross_entropy"": 0.5288863182067871, ""val_balanced_accuracy"": 0.5334523320198059, ""test_cross_entropy"": 0.6831332445144653, ""test_balanced_accuracy"": 0.5387037992477417}"
2026-04-06T22:26:02.477580,tpe,lcbench,34539,1,39,34.01546096801758,"{""OpenML_task_id"": ""168910"", ""batch_size"": 85, ""epoch"": 13, ""learning_rate"": 0.09138929979873, ""max_dropout"": 0.44934036503343155, ""max_units"": 294, ""momentum"": 0.5416738977538227, ""num_layers"": 1, ""weight_decay"": 0.03890703548294713}","{""time"": 34.01546096801758, ""val_accuracy"": 65.31128692626953, ""val_cross_entropy"": 0.6773842573165894, ""val_balanced_accuracy"": 0.5279901623725891, ""test_cross_entropy"": 0.6757593154907227, ""test_balanced_accuracy"": 0.5304794311523438}"
2026-04-06T22:26:02.494258,tpe,lcbench,34539,1,40,105.422119140625,"{""OpenML_task_id"": ""167185"", ""batch_size"": 153, ""epoch"": 47, ""learning_rate"": 0.08000067165245074, ""max_dropout"": 0.7420433033974788, ""max_units"": 453, ""momentum"": 0.7047061464612653, ""num_layers"": 3, ""weight_decay"": 0.06567152844279571}","{""time"": 105.422119140625, ""val_accuracy"": 83.26891326904297, ""val_cross_entropy"": 0.6020157337188721, ""val_balanced_accuracy"": 0.5111905336380005, ""test_cross_entropy"": 0.6916048526763916, ""test_balanced_accuracy"": 0.5226916074752808}"
2026-04-06T22:26:02.518969,tpe,lcbench,34539,1,41,5.893174648284912,"{""OpenML_task_id"": ""189873"", ""batch_size"": 33, ""epoch"": 1, ""learning_rate"": 0.08165430497136501, ""max_dropout"": 0.8841587089628644, ""max_units"": 564, ""momentum"": 0.2794021420975871, ""num_layers"": 3, ""weight_decay"": 0.059695431275136844}","{""time"": 5.893174648284912, ""val_accuracy"": 47.50894546508789, ""val_cross_entropy"": 0.7586953639984131, ""val_balanced_accuracy"": 0.4544238746166229, ""test_cross_entropy"": 0.7060690522193909, ""test_balanced_accuracy"": 0.452667772769928}"
2026-04-06T22:26:02.541555,tpe,lcbench,34539,1,42,32.26679611206055,"{""OpenML_task_id"": ""189873"", ""batch_size"": 17, ""epoch"": 4, ""learning_rate"": 0.06904149195634644, ""max_dropout"": 0.9355821885840967, ""max_units"": 525, ""momentum"": 0.2761074036429467, ""num_layers"": 3, ""weight_decay"": 0.051686152644214486}","{""time"": 32.26679611206055, ""val_accuracy"": 87.58856964111328, ""val_cross_entropy"": 0.6841797232627869, ""val_balanced_accuracy"": 0.48249322175979614, ""test_cross_entropy"": 0.6423085927963257, ""test_balanced_accuracy"": 0.4895644783973694}"
2026-04-06T22:26:02.562661,tpe,lcbench,34539,1,43,26.19945526123047,"{""OpenML_task_id"": ""167149"", ""batch_size"": 45, ""epoch"": 7, ""learning_rate"": 0.0826533920476887, ""max_dropout"": 0.8535395011434526, ""max_units"": 664, ""momentum"": 0.3542491170473756, ""num_layers"": 2, ""weight_decay"": 0.058898403377512606}","{""time"": 26.19945526123047, ""val_accuracy"": 82.49430084228516, ""val_cross_entropy"": 0.6720069050788879, ""val_balanced_accuracy"": 0.4859974682331085, ""test_cross_entropy"": 0.6635450124740601, ""test_balanced_accuracy"": 0.4938740134239197}"
2026-04-06T22:26:02.587538,tpe,lcbench,34539,1,44,3.611820936203003,"{""OpenML_task_id"": ""167201"", ""batch_size"": 106, ""epoch"": 1, ""learning_rate"": 0.09066964824509346, ""max_dropout"": 0.9401667112469223, ""max_units"": 414, ""momentum"": 0.21197711253576218, ""num_layers"": 3, ""weight_decay"": 0.04405378389860275}","{""time"": 3.611820936203003, ""val_accuracy"": 46.02239990234375, ""val_cross_entropy"": 0.6898776888847351, ""val_balanced_accuracy"": 0.4713468551635742, ""test_cross_entropy"": 0.7082175016403198, ""test_balanced_accuracy"": 0.4755096137523651}"
2026-04-06T22:26:02.610661,tpe,lcbench,34539,1,45,15.383941650390625,"{""OpenML_task_id"": ""167201"", ""batch_size"": 121, ""epoch"": 3, ""learning_rate"": 0.09175533735760305, ""max_dropout"": 0.9411148989476514, ""max_units"": 417, ""momentum"": 0.21612237438113838, ""num_layers"": 4, ""weight_decay"": 0.04598212801916395}","{""time"": 15.383941650390625, ""val_accuracy"": 75.06967163085938, ""val_cross_entropy"": 0.6372887492179871, ""val_balanced_accuracy"": 0.4980950951576233, ""test_cross_entropy"": 0.6774537563323975, ""test_balanced_accuracy"": 0.5004376769065857}"
2026-04-06T22:26:02.625535,tpe,lcbench,34539,1,46,62.843353271484375,"{""OpenML_task_id"": ""167181"", ""batch_size"": 200, ""epoch"": 30, ""learning_rate"": 0.06419646728053131, ""max_dropout"": 0.8185380307832371, ""max_units"": 345, ""momentum"": 0.1364508419577641, ""num_layers"": 3, ""weight_decay"": 0.07426033380794407}","{""time"": 62.843353271484375, ""val_accuracy"": 81.40082550048828, ""val_cross_entropy"": 0.6566146612167358, ""val_balanced_accuracy"": 0.4902297556400299, ""test_cross_entropy"": 0.6845008730888367, ""test_balanced_accuracy"": 0.4963557720184326}"
2026-04-06T22:26:02.661331,tpe,lcbench,34539,1,47,27.87142562866211,"{""OpenML_task_id"": ""168335"", ""batch_size"": 490, ""epoch"": 10, ""learning_rate"": 0.0924799821526272, ""max_dropout"": 0.3535020414193114, ""max_units"": 491, ""momentum"": 0.43902957631468653, ""num_layers"": 2, ""weight_decay"": 0.03430616448349307}","{""time"": 27.87142562866211, ""val_accuracy"": 66.09426879882812, ""val_cross_entropy"": 0.6851970553398132, ""val_balanced_accuracy"": 0.5489967465400696, ""test_cross_entropy"": 0.680355429649353, ""test_balanced_accuracy"": 0.5602530837059021}"
2026-04-06T22:26:02.675645,tpe,lcbench,34539,1,48,53.701202392578125,"{""OpenML_task_id"": ""167190"", ""batch_size"": 75, ""epoch"": 6, ""learning_rate"": 0.005243482486987711, ""max_dropout"": 0.9996529336396618, ""max_units"": 816, ""momentum"": 0.3301844252835947, ""num_layers"": 4, ""weight_decay"": 0.06578261973251984}","{""time"": 53.701202392578125, ""val_accuracy"": 85.417724609375, ""val_cross_entropy"": 0.6064282059669495, ""val_balanced_accuracy"": 0.5014762878417969, ""test_cross_entropy"": 0.6709846258163452, ""test_balanced_accuracy"": 0.5018178820610046}"
2026-04-06T22:26:02.709040,tpe,lcbench,34539,1,49,78.6036605834961,"{""OpenML_task_id"": ""167201"", ""batch_size"": 135, ""epoch"": 41, ""learning_rate"": 0.013781812849383327, ""max_dropout"": 0.7070406844242789, ""max_units"": 370, ""momentum"": 0.3931329706728729, ""num_layers"": 3, ""weight_decay"": 0.026869316569086747}","{""time"": 78.6036605834961, ""val_accuracy"": 79.9925308227539, ""val_cross_entropy"": 0.6703288555145264, ""val_balanced_accuracy"": 0.5362424254417419, ""test_cross_entropy"": 0.683132529258728, ""test_balanced_accuracy"": 0.5374855399131775}"
2026-04-06T22:26:02.725955,tpe,lcbench,34539,1,50,7.693436145782471,"{""OpenML_task_id"": ""189354"", ""batch_size"": 100, ""epoch"": 3, ""learning_rate"": 0.0729183299939125, ""max_dropout"": 0.7532350593371826, ""max_units"": 240, ""momentum"": 0.8830197803916451, ""num_layers"": 2, ""weight_decay"": 0.006102052402858757}","{""time"": 7.693436145782471, ""val_accuracy"": 70.66644287109375, ""val_cross_entropy"": 0.6348739266395569, ""val_balanced_accuracy"": 0.5490166544914246, ""test_cross_entropy"": 0.6575709581375122, ""test_balanced_accuracy"": 0.5597286224365234}"
2026-04-06T22:26:02.753120,tpe,lcbench,34539,1,51,10.430782318115234,"{""OpenML_task_id"": ""189873"", ""batch_size"": 34, ""epoch"": 2, ""learning_rate"": 0.08043341611985814, ""max_dropout"": 0.8762624910139636, ""max_units"": 581, ""momentum"": 0.2593491342320729, ""num_layers"": 3, ""weight_decay"": 0.052029220299635213}","{""time"": 10.430782318115234, ""val_accuracy"": 77.3950424194336, ""val_cross_entropy"": 0.6818974614143372, ""val_balanced_accuracy"": 0.4744007885456085, ""test_cross_entropy"": 0.6650205850601196, ""test_balanced_accuracy"": 0.4817851483821869}"
2026-04-06T22:26:02.775918,tpe,lcbench,34539,1,52,43.934329986572266,"{""OpenML_task_id"": ""189908"", ""batch_size"": 56, ""epoch"": 7, ""learning_rate"": 0.09434402099286361, ""max_dropout"": 0.9283147945497092, ""max_units"": 532, ""momentum"": 0.21273495000276152, ""num_layers"": 3, ""weight_decay"": 0.046062093367192775}","{""time"": 43.934329986572266, ""val_accuracy"": 84.48765563964844, ""val_cross_entropy"": 0.8069561123847961, ""val_balanced_accuracy"": 0.4837639629840851, ""test_cross_entropy"": 0.675385594367981, ""test_balanced_accuracy"": 0.49705779552459717}"
2026-04-06T22:26:02.794114,tpe,lcbench,34539,1,53,4.147297382354736,"{""OpenML_task_id"": ""189862"", ""batch_size"": 103, ""epoch"": 1, ""learning_rate"": 0.0880608756382461, ""max_dropout"": 0.8528969833911509, ""max_units"": 448, ""momentum"": 0.31446726135700964, ""num_layers"": 3, ""weight_decay"": 0.059185799883743825}","{""time"": 4.147297382354736, ""val_accuracy"": 46.796749114990234, ""val_cross_entropy"": 0.6909042596817017, ""val_balanced_accuracy"": 0.46916282176971436, ""test_cross_entropy"": 0.7106505632400513, ""test_balanced_accuracy"": 0.47443699836730957}"
2026-04-06T22:26:02.831970,tpe,lcbench,34539,1,54,6.349166393280029,"{""OpenML_task_id"": ""189862"", ""batch_size"": 103, ""epoch"": 1, ""learning_rate"": 0.08730375876196365, ""max_dropout"": 0.795776546528682, ""max_units"": 442, ""momentum"": 0.31299578033677095, ""num_layers"": 4, ""weight_decay"": 0.0213050702908892}","{""time"": 6.349166393280029, ""val_accuracy"": 39.728538513183594, ""val_cross_entropy"": 0.6503545641899109, ""val_balanced_accuracy"": 0.45852723717689514, ""test_cross_entropy"": 0.7058625221252441, ""test_balanced_accuracy"": 0.46185916662216187}"
2026-04-06T22:26:02.854896,tpe,lcbench,34539,1,55,16.712871551513672,"{""OpenML_task_id"": ""7593"", ""batch_size"": 138, ""epoch"": 5, ""learning_rate"": 0.09998914508790807, ""max_dropout"": 0.9615240795429537, ""max_units"": 320, ""momentum"": 0.4555614614832663, ""num_layers"": 3, ""weight_decay"": 0.029356003890953903}","{""time"": 16.712871551513672, ""val_accuracy"": 73.62203979492188, ""val_cross_entropy"": 0.7189779877662659, ""val_balanced_accuracy"": 0.502229630947113, ""test_cross_entropy"": 0.6951886415481567, ""test_balanced_accuracy"": 0.5066129565238953}"
2026-04-06T22:26:02.881467,tpe,lcbench,34539,1,56,11.793179512023926,"{""OpenML_task_id"": ""189862"", ""batch_size"": 77, ""epoch"": 3, ""learning_rate"": 0.02692632921822045, ""max_dropout"": 0.8534849951976514, ""max_units"": 385, ""momentum"": 0.3735995469266475, ""num_layers"": 3, ""weight_decay"": 0.0643603348653609}","{""time"": 11.793179512023926, ""val_accuracy"": 79.0464096069336, ""val_cross_entropy"": 0.6402790546417236, ""val_balanced_accuracy"": 0.48120197653770447, ""test_cross_entropy"": 0.6811162233352661, ""test_balanced_accuracy"": 0.48750612139701843}"
2026-04-06T22:26:02.903675,tpe,lcbench,34539,1,57,35.96353530883789,"{""OpenML_task_id"": ""168868"", ""batch_size"": 450, ""epoch"": 11, ""learning_rate"": 0.08972998713762795, ""max_dropout"": 0.90688779112707, ""max_units"": 490, ""momentum"": 0.9892319154944255, ""num_layers"": 3, ""weight_decay"": 0.0796855511850972}","{""time"": 35.96353530883789, ""val_accuracy"": 76.63442993164062, ""val_cross_entropy"": 0.563827395439148, ""val_balanced_accuracy"": 0.51878821849823, ""test_cross_entropy"": 0.6721903085708618, ""test_balanced_accuracy"": 0.5211614966392517}"
2026-04-06T22:26:02.926931,tpe,lcbench,34539,1,58,19.988483428955078,"{""OpenML_task_id"": ""126025"", ""batch_size"": 178, ""epoch"": 9, ""learning_rate"": 0.07740496802734703, ""max_dropout"": 0.6579572281463234, ""max_units"": 420, ""momentum"": 0.1405759839559401, ""num_layers"": 2, ""weight_decay"": 0.07424995955253587}","{""time"": 19.988483428955078, ""val_accuracy"": 69.9500732421875, ""val_cross_entropy"": 0.6692190170288086, ""val_balanced_accuracy"": 0.5175103545188904, ""test_cross_entropy"": 0.6977329850196838, ""test_balanced_accuracy"": 0.5218478441238403}"
2026-04-06T22:26:02.961004,tpe,lcbench,34539,1,59,18.33742904663086,"{""OpenML_task_id"": ""189905"", ""batch_size"": 151, ""epoch"": 6, ""learning_rate"": 0.08470658351365751, ""max_dropout"": 0.5788058328856325, ""max_units"": 245, ""momentum"": 0.20980287996851904, ""num_layers"": 4, ""weight_decay"": 0.05549715692867085}","{""time"": 18.33742904663086, ""val_accuracy"": 82.04302215576172, ""val_cross_entropy"": 0.6302117705345154, ""val_balanced_accuracy"": 0.5049372911453247, ""test_cross_entropy"": 0.675993800163269, ""test_balanced_accuracy"": 0.511156439781189}"
2026-04-06T22:26:02.990682,tpe,lcbench,34539,1,60,96.76524353027344,"{""OpenML_task_id"": ""189906"", ""batch_size"": 215, ""epoch"": 20, ""learning_rate"": 0.09526882083732842, ""max_dropout"": 0.7570574442926029, ""max_units"": 601, ""momentum"": 0.3338460396824512, ""num_layers"": 4, ""weight_decay"": 0.06900307298035659}","{""time"": 96.76524353027344, ""val_accuracy"": 83.10041046142578, ""val_cross_entropy"": 0.6793192028999329, ""val_balanced_accuracy"": 0.4874066412448883, ""test_cross_entropy"": 0.6921298503875732, ""test_balanced_accuracy"": 0.49208182096481323}"
2026-04-06T22:26:03.012015,tpe,lcbench,34539,1,61,5.636591911315918,"{""OpenML_task_id"": ""189866"", ""batch_size"": 37, ""epoch"": 1, ""learning_rate"": 0.08348454197085689, ""max_dropout"": 0.8771693534319912, ""max_units"": 545, ""momentum"": 0.27321643814124874, ""num_layers"": 3, ""weight_decay"": 0.05936712684400397}","{""time"": 5.636591911315918, ""val_accuracy"": 47.39888381958008, ""val_cross_entropy"": 0.7531823515892029, ""val_balanced_accuracy"": 0.4565436542034149, ""test_cross_entropy"": 0.7074946165084839, ""test_balanced_accuracy"": 0.4552410840988159}"
2026-04-06T22:26:03.042927,tpe,lcbench,34539,1,62,5.823451042175293,"{""OpenML_task_id"": ""189866"", ""batch_size"": 48, ""epoch"": 1, ""learning_rate"": 0.0956575103289909, ""max_dropout"": 0.9705497043331845, ""max_units"": 693, ""momentum"": 0.25386941324638146, ""num_layers"": 3, ""weight_decay"": 0.062091889105267674}","{""time"": 5.823451042175293, ""val_accuracy"": 47.46302795410156, ""val_cross_entropy"": 0.7916357517242432, ""val_balanced_accuracy"": 0.46039915084838867, ""test_cross_entropy"": 0.7079943418502808, ""test_balanced_accuracy"": 0.45878008008003235}"
2026-04-06T22:26:03.069982,tpe,lcbench,34539,1,63,4.990952491760254,"{""OpenML_task_id"": ""189866"", ""batch_size"": 45, ""epoch"": 1, ""learning_rate"": 0.09556429292776548, ""max_dropout"": 0.9651000821817588, ""max_units"": 478, ""momentum"": 0.26335520275482405, ""num_layers"": 3, ""weight_decay"": 0.06214309106843269}","{""time"": 4.990952491760254, ""val_accuracy"": 47.0961799621582, ""val_cross_entropy"": 0.7450736165046692, ""val_balanced_accuracy"": 0.46369779109954834, ""test_cross_entropy"": 0.7081877589225769, ""test_balanced_accuracy"": 0.4616231322288513}"
2026-04-06T22:26:03.097040,tpe,lcbench,34539,1,64,22.915477752685547,"{""OpenML_task_id"": ""189866"", ""batch_size"": 42, ""epoch"": 3, ""learning_rate"": 0.09615905931674851, ""max_dropout"": 0.9805010076402322, ""max_units"": 682, ""momentum"": 0.23917176999373185, ""num_layers"": 3, ""weight_decay"": 0.05731938911747583}","{""time"": 22.915477752685547, ""val_accuracy"": 82.14385986328125, ""val_cross_entropy"": 0.7768394947052002, ""val_balanced_accuracy"": 0.4767746925354004, ""test_cross_entropy"": 0.6660970449447632, ""test_balanced_accuracy"": 0.485596239566803}"
2026-04-06T22:26:03.124781,tpe,lcbench,34539,1,65,39.354888916015625,"{""OpenML_task_id"": ""189866"", ""batch_size"": 17, ""epoch"": 5, ""learning_rate"": 0.08881262493125648, ""max_dropout"": 0.9126707909022244, ""max_units"": 524, ""momentum"": 0.26100748448797584, ""num_layers"": 3, ""weight_decay"": 0.0626693174982003}","{""time"": 39.354888916015625, ""val_accuracy"": 88.82783508300781, ""val_cross_entropy"": 0.6740846633911133, ""val_balanced_accuracy"": 0.47798845171928406, ""test_cross_entropy"": 0.6447539329528809, ""test_balanced_accuracy"": 0.48449161648750305}"
2026-04-06T22:26:03.153839,tpe,lcbench,34539,1,66,65.86517333984375,"{""OpenML_task_id"": ""189866"", ""batch_size"": 100, ""epoch"": 8, ""learning_rate"": 0.09340690925191002, ""max_dropout"": 0.8583861985111232, ""max_units"": 914, ""momentum"": 0.28745727890721146, ""num_layers"": 3, ""weight_decay"": 0.05248004293230933}","{""time"": 65.86517333984375, ""val_accuracy"": 80.77413940429688, ""val_cross_entropy"": 0.7063519954681396, ""val_balanced_accuracy"": 0.5063782334327698, ""test_cross_entropy"": 0.6810346841812134, ""test_balanced_accuracy"": 0.5187436938285828}"
2026-04-06T22:26:03.176305,tpe,lcbench,34539,1,67,4.437347412109375,"{""OpenML_task_id"": ""189866"", ""batch_size"": 64, ""epoch"": 1, ""learning_rate"": 0.08416944590434312, ""max_dropout"": 0.9623548289081308, ""max_units"": 438, ""momentum"": 0.3065973972544252, ""num_layers"": 3, ""weight_decay"": 0.04876280881785592}","{""time"": 4.437347412109375, ""val_accuracy"": 46.091976165771484, ""val_cross_entropy"": 0.722342312335968, ""val_balanced_accuracy"": 0.46399417519569397, ""test_cross_entropy"": 0.7097485661506653, ""test_balanced_accuracy"": 0.46505916118621826}"
2026-04-06T22:26:03.201420,tpe,lcbench,34539,1,68,8.202418327331543,"{""OpenML_task_id"": ""168330"", ""batch_size"": 71, ""epoch"": 3, ""learning_rate"": 0.08536008054157848, ""max_dropout"": 0.9460309116363472, ""max_units"": 433, ""momentum"": 0.30695051793339045, ""num_layers"": 2, ""weight_decay"": 0.04163308549824851}","{""time"": 8.202418327331543, ""val_accuracy"": 73.87002563476562, ""val_cross_entropy"": 0.669134795665741, ""val_balanced_accuracy"": 0.5170782208442688, ""test_cross_entropy"": 0.6801387667655945, ""test_balanced_accuracy"": 0.5267549753189087}"
2026-04-06T22:26:03.226256,tpe,lcbench,34539,1,69,17.956741333007812,"{""OpenML_task_id"": ""126026"", ""batch_size"": 81, ""epoch"": 5, ""learning_rate"": 0.07791655859905433, ""max_dropout"": 0.9043720755126192, ""max_units"": 356, ""momentum"": 0.3641748005206913, ""num_layers"": 3, ""weight_decay"": 0.03829095674975175}","{""time"": 17.956741333007812, ""val_accuracy"": 79.58436584472656, ""val_cross_entropy"": 0.7233288288116455, ""val_balanced_accuracy"": 0.4848614037036896, ""test_cross_entropy"": 0.6875826120376587, ""test_balanced_accuracy"": 0.4924001097679138}"
2026-04-06T22:26:03.244270,tpe,lcbench,34539,1,70,13.116532325744629,"{""OpenML_task_id"": ""167200"", ""batch_size"": 400, ""epoch"": 3, ""learning_rate"": 0.08548416704307642, ""max_dropout"": 0.9986295408781635, ""max_units"": 309, ""momentum"": 0.4000807499407572, ""num_layers"": 3, ""weight_decay"": 0.04954360756178933}","{""time"": 13.116532325744629, ""val_accuracy"": 71.80241394042969, ""val_cross_entropy"": 0.6546077728271484, ""val_balanced_accuracy"": 0.5101755857467651, ""test_cross_entropy"": 0.6875929832458496, ""test_balanced_accuracy"": 0.5132147669792175}"
2026-04-06T22:26:03.274939,tpe,lcbench,34539,1,71,4.342523574829102,"{""OpenML_task_id"": ""189866"", ""batch_size"": 56, ""epoch"": 1, ""learning_rate"": 0.09814092769808741, ""max_dropout"": 0.9612863681646359, ""max_units"": 399, ""momentum"": 0.2558784630956423, ""num_layers"": 3, ""weight_decay"": 0.04508784013365577}","{""time"": 4.342523574829102, ""val_accuracy"": 45.66094207763672, ""val_cross_entropy"": 0.7283968925476074, ""val_balanced_accuracy"": 0.46259886026382446, ""test_cross_entropy"": 0.7092832326889038, ""test_balanced_accuracy"": 0.4628177285194397}"
2026-04-06T22:26:03.303462,tpe,lcbench,34539,1,72,4.254671573638916,"{""OpenML_task_id"": ""189866"", ""batch_size"": 63, ""epoch"": 1, ""learning_rate"": 0.07257690240973214, ""max_dropout"": 0.9634510263158454, ""max_units"": 462, ""momentum"": 0.2228394557899322, ""num_layers"": 3, ""weight_decay"": 0.04466320256795063}","{""time"": 4.254671573638916, ""val_accuracy"": 46.539772033691406, ""val_cross_entropy"": 0.7296135425567627, ""val_balanced_accuracy"": 0.4659896790981293, ""test_cross_entropy"": 0.7083370685577393, ""test_balanced_accuracy"": 0.4669354557991028}"
2026-04-06T22:26:03.325568,tpe,lcbench,34539,1,73,31.834510803222656,"{""OpenML_task_id"": ""189866"", ""batch_size"": 60, ""epoch"": 7, ""learning_rate"": 0.07335930121577453, ""max_dropout"": 0.9595513169467071, ""max_units"": 397, ""momentum"": 0.17299682759955315, ""num_layers"": 3, ""weight_decay"": 0.04317221266927627}","{""time"": 31.834510803222656, ""val_accuracy"": 83.95722198486328, ""val_cross_entropy"": 0.7566720247268677, ""val_balanced_accuracy"": 0.4862273931503296, ""test_cross_entropy"": 0.676814615726471, ""test_balanced_accuracy"": 0.4963766038417816}"
2026-04-06T22:26:03.353901,tpe,lcbench,34539,1,74,16.0811767578125,"{""OpenML_task_id"": ""167201"", ""batch_size"": 97, ""epoch"": 4, ""learning_rate"": 0.09975928572315965, ""max_dropout"": 0.9172295769527445, ""max_units"": 474, ""momentum"": 0.19528364092758052, ""num_layers"": 3, ""weight_decay"": 0.03124840920636823}","{""time"": 16.0811767578125, ""val_accuracy"": 74.6544418334961, ""val_cross_entropy"": 0.7541421055793762, ""val_balanced_accuracy"": 0.4950698912143707, ""test_cross_entropy"": 0.6918751001358032, ""test_balanced_accuracy"": 0.503088653087616}"
2026-04-06T22:26:03.378942,tpe,lcbench,34539,1,75,7.124492168426514,"{""OpenML_task_id"": ""126029"", ""batch_size"": 124, ""epoch"": 2, ""learning_rate"": 0.08959028990636315, ""max_dropout"": 0.9594189634485935, ""max_units"": 443, ""momentum"": 0.23205334409152253, ""num_layers"": 3, ""weight_decay"": 0.048011383086092325}","{""time"": 7.124492168426514, ""val_accuracy"": 64.67633819580078, ""val_cross_entropy"": 0.7294419407844543, ""val_balanced_accuracy"": 0.47484710812568665, ""test_cross_entropy"": 0.6939404010772705, ""test_balanced_accuracy"": 0.4812414348125458}"
2026-04-06T22:26:03.404352,tpe,lcbench,34539,1,76,23.027034759521484,"{""OpenML_task_id"": ""189909"", ""batch_size"": 109, ""epoch"": 5, ""learning_rate"": 0.09733328614674436, ""max_dropout"": 0.9748505141221467, ""max_units"": 506, ""momentum"": 0.15928326091046027, ""num_layers"": 3, ""weight_decay"": 0.04421336127596924}","{""time"": 23.027034759521484, ""val_accuracy"": 76.3856201171875, ""val_cross_entropy"": 0.7448527216911316, ""val_balanced_accuracy"": 0.49937835335731506, ""test_cross_entropy"": 0.692001223564148, ""test_balanced_accuracy"": 0.5083252191543579}"
2026-04-06T22:26:03.432865,tpe,lcbench,34539,1,77,4.161242485046387,"{""OpenML_task_id"": ""167190"", ""batch_size"": 69, ""epoch"": 1, ""learning_rate"": 0.058615109878257306, ""max_dropout"": 0.8422144226628557, ""max_units"": 407, ""momentum"": 0.3000979044377607, ""num_layers"": 3, ""weight_decay"": 0.03774378899934552}","{""time"": 4.161242485046387, ""val_accuracy"": 45.460723876953125, ""val_cross_entropy"": 0.7044252753257751, ""val_balanced_accuracy"": 0.4695683717727661, ""test_cross_entropy"": 0.7113480567932129, ""test_balanced_accuracy"": 0.47297781705856323}"
2026-04-06T22:26:03.456244,tpe,lcbench,34539,1,78,4.561455249786377,"{""OpenML_task_id"": ""167190"", ""batch_size"": 89, ""epoch"": 2, ""learning_rate"": 0.05487901673356199, ""max_dropout"": 0.13932153602459663, ""max_units"": 411, ""momentum"": 0.31855792874474603, ""num_layers"": 2, ""weight_decay"": 0.03865606640890023}","{""time"": 4.561455249786377, ""val_accuracy"": 66.34915161132812, ""val_cross_entropy"": 0.6646894216537476, ""val_balanced_accuracy"": 0.5084425806999207, ""test_cross_entropy"": 0.6746120452880859, ""test_balanced_accuracy"": 0.5199254155158997}"
2026-04-06T22:26:03.480528,tpe,lcbench,34539,1,79,39.674224853515625,"{""OpenML_task_id"": ""167190"", ""batch_size"": 86, ""epoch"": 23, ""learning_rate"": 0.05632555550308864, ""max_dropout"": 0.35371254343431624, ""max_units"": 402, ""momentum"": 0.33611243752398606, ""num_layers"": 2, ""weight_decay"": 0.03633974891724648}","{""time"": 39.674224853515625, ""val_accuracy"": 78.05013275146484, ""val_cross_entropy"": 0.6271741986274719, ""val_balanced_accuracy"": 0.5384962558746338, ""test_cross_entropy"": 0.6679092049598694, ""test_balanced_accuracy"": 0.5436770915985107}"
2026-04-06T22:26:03.504941,tpe,lcbench,34539,1,80,26.366790771484375,"{""OpenML_task_id"": ""167161"", ""batch_size"": 132, ""epoch"": 8, ""learning_rate"": 0.05992309195631867, ""max_dropout"": 0.10499179316776852, ""max_units"": 352, ""momentum"": 0.3865347949340383, ""num_layers"": 1, ""weight_decay"": 0.025056607166486056}","{""time"": 26.366790771484375, ""val_accuracy"": 63.200653076171875, ""val_cross_entropy"": 0.6558141708374023, ""val_balanced_accuracy"": 0.5509688854217529, ""test_cross_entropy"": 0.6822996139526367, ""test_balanced_accuracy"": 0.5545291900634766}"
2026-04-06T22:26:03.527853,tpe,lcbench,34539,1,81,4.604683876037598,"{""OpenML_task_id"": ""167190"", ""batch_size"": 67, ""epoch"": 2, ""learning_rate"": 0.065106585613186, ""max_dropout"": 0.1817233969080376, ""max_units"": 372, ""momentum"": 0.3118266134438311, ""num_layers"": 2, ""weight_decay"": 0.032054503112765004}","{""time"": 4.604683876037598, ""val_accuracy"": 68.51826477050781, ""val_cross_entropy"": 0.6615460515022278, ""val_balanced_accuracy"": 0.506744384765625, ""test_cross_entropy"": 0.6649020314216614, ""test_balanced_accuracy"": 0.5173978209495544}"
2026-04-06T22:26:03.555267,tpe,lcbench,34539,1,82,7.871928691864014,"{""OpenML_task_id"": ""167190"", ""batch_size"": 63, ""epoch"": 3, ""learning_rate"": 0.047491908520673747, ""max_dropout"": 0.15708740493930232, ""max_units"": 412, ""momentum"": 0.35616687590549, ""num_layers"": 2, ""weight_decay"": 0.03315789881258797}","{""time"": 7.871928691864014, ""val_accuracy"": 76.18962097167969, ""val_cross_entropy"": 0.6087710857391357, ""val_balanced_accuracy"": 0.5312348008155823, ""test_cross_entropy"": 0.652191162109375, ""test_balanced_accuracy"": 0.5416204929351807}"
2026-04-06T22:26:03.575604,tpe,lcbench,34539,1,83,4.290927886962891,"{""OpenML_task_id"": ""167184"", ""batch_size"": 91, ""epoch"": 2, ""learning_rate"": 0.06501901506483063, ""max_dropout"": 0.20693465475148198, ""max_units"": 368, ""momentum"": 0.30754404555552745, ""num_layers"": 2, ""weight_decay"": 0.03916467269739521}","{""time"": 4.290927886962891, ""val_accuracy"": 65.74385833740234, ""val_cross_entropy"": 0.6714509725570679, ""val_balanced_accuracy"": 0.5089499950408936, ""test_cross_entropy"": 0.6771451234817505, ""test_balanced_accuracy"": 0.5198777914047241}"
2026-04-06T22:26:03.593288,tpe,lcbench,34539,1,84,25.164756774902344,"{""OpenML_task_id"": ""167184"", ""batch_size"": 92, ""epoch"": 6, ""learning_rate"": 0.05464358925873275, ""max_dropout"": 0.2763159495885503, ""max_units"": 457, ""momentum"": 0.42553352358248553, ""num_layers"": 1, ""weight_decay"": 0.03612108198321557}","{""time"": 25.164756774902344, ""val_accuracy"": 64.56343841552734, ""val_cross_entropy"": 0.6588475704193115, ""val_balanced_accuracy"": 0.5434044599533081, ""test_cross_entropy"": 0.676666259765625, ""test_balanced_accuracy"": 0.5458154082298279}"
2026-04-06T22:26:03.662335,tpe,lcbench,34539,1,85,11.217263221740723,"{""OpenML_task_id"": ""167168"", ""batch_size"": 27, ""epoch"": 4, ""learning_rate"": 0.060845065006067484, ""max_dropout"": 0.08215273669317566, ""max_units"": 331, ""momentum"": 0.2053581896560299, ""num_layers"": 2, ""weight_decay"": 0.0401215903600983}","{""time"": 11.217263221740723, ""val_accuracy"": 83.37030029296875, ""val_cross_entropy"": 0.5546531081199646, ""val_balanced_accuracy"": 0.5157435536384583, ""test_cross_entropy"": 0.6319403648376465, ""test_balanced_accuracy"": 0.5230296850204468}"
2026-04-06T22:26:03.726751,tpe,lcbench,34539,1,86,4.0245842933654785,"{""OpenML_task_id"": ""167152"", ""batch_size"": 107, ""epoch"": 2, ""learning_rate"": 0.05235995323508498, ""max_dropout"": 0.25383548848830595, ""max_units"": 299, ""momentum"": 0.3026138937229955, ""num_layers"": 2, ""weight_decay"": 0.044820027025034764}","{""time"": 4.0245842933654785, ""val_accuracy"": 63.60795593261719, ""val_cross_entropy"": 0.6726974248886108, ""val_balanced_accuracy"": 0.5081294178962708, ""test_cross_entropy"": 0.6833792924880981, ""test_balanced_accuracy"": 0.5192277431488037}"
2026-04-06T22:26:03.752924,tpe,lcbench,34539,1,87,9.058623313903809,"{""OpenML_task_id"": ""167152"", ""batch_size"": 165, ""epoch"": 4, ""learning_rate"": 0.05225979219701824, ""max_dropout"": 0.39666339532242145, ""max_units"": 264, ""momentum"": 0.2310217013811754, ""num_layers"": 2, ""weight_decay"": 0.044894003302463605}","{""time"": 9.058623313903809, ""val_accuracy"": 68.69963836669922, ""val_cross_entropy"": 0.6604424118995667, ""val_balanced_accuracy"": 0.5340346693992615, ""test_cross_entropy"": 0.6819059252738953, ""test_balanced_accuracy"": 0.5435951948165894}"
2026-04-06T22:26:03.778097,tpe,lcbench,34539,1,88,16.452106475830078,"{""OpenML_task_id"": ""167152"", ""batch_size"": 113, ""epoch"": 7, ""learning_rate"": 0.05791567277260227, ""max_dropout"": 0.2569088545190247, ""max_units"": 285, ""momentum"": 0.28861905604590327, ""num_layers"": 3, ""weight_decay"": 0.04751823115935962}","{""time"": 16.452106475830078, ""val_accuracy"": 79.11036682128906, ""val_cross_entropy"": 0.6342039108276367, ""val_balanced_accuracy"": 0.5095152854919434, ""test_cross_entropy"": 0.687158465385437, ""test_balanced_accuracy"": 0.5111992955207825}"
2026-04-06T22:26:03.805420,tpe,lcbench,34539,1,89,61.411231994628906,"{""OpenML_task_id"": ""167104"", ""batch_size"": 77, ""epoch"": 36, ""learning_rate"": 0.07130189788384728, ""max_dropout"": 0.002258077043130635, ""max_units"": 210, ""momentum"": 0.3000970632365598, ""num_layers"": 1, ""weight_decay"": 0.015640213485058625}","{""time"": 61.411231994628906, ""val_accuracy"": 69.88246154785156, ""val_cross_entropy"": 0.6226456165313721, ""val_balanced_accuracy"": 0.549936830997467, ""test_cross_entropy"": 0.6608508229255676, ""test_balanced_accuracy"": 0.5516334176063538}"
2026-04-06T22:26:03.830528,tpe,lcbench,34539,1,90,6.312910556793213,"{""OpenML_task_id"": ""167184"", ""batch_size"": 113, ""epoch"": 2, ""learning_rate"": 0.04797756686407737, ""max_dropout"": 0.29728092505100456, ""max_units"": 306, ""momentum"": 0.33592091416967623, ""num_layers"": 3, ""weight_decay"": 0.05087603365557822}","{""time"": 6.312910556793213, ""val_accuracy"": 66.68536376953125, ""val_cross_entropy"": 0.6564923524856567, ""val_balanced_accuracy"": 0.5012114644050598, ""test_cross_entropy"": 0.6905717253684998, ""test_balanced_accuracy"": 0.5101979374885559}"
2026-04-06T22:26:03.861350,tpe,lcbench,34539,1,91,6.007521152496338,"{""OpenML_task_id"": ""146212"", ""batch_size"": 283, ""epoch"": 2, ""learning_rate"": 0.06254581959719506, ""max_dropout"": 0.13397226354745506, ""max_units"": 379, ""momentum"": 0.31488412935973853, ""num_layers"": 2, ""weight_decay"": 0.03820336514884202}","{""time"": 6.007521152496338, ""val_accuracy"": 61.265869140625, ""val_cross_entropy"": 0.7014545202255249, ""val_balanced_accuracy"": 0.5175389647483826, ""test_cross_entropy"": 0.6815434694290161, ""test_balanced_accuracy"": 0.5302861928939819}"
2026-04-06T22:26:03.887918,tpe,lcbench,34539,1,92,3.9785666465759277,"{""OpenML_task_id"": ""34539"", ""batch_size"": 87, ""epoch"": 1, ""learning_rate"": 0.03964757061990769, ""max_dropout"": 0.18074323651640678, ""max_units"": 427, ""momentum"": 0.2553229241622066, ""num_layers"": 2, ""weight_decay"": 0.04178571604504738}","{""time"": 3.9785666465759277, ""val_accuracy"": 46.379642486572266, ""val_cross_entropy"": 0.7086465954780579, ""val_balanced_accuracy"": 0.4837510585784912, ""test_cross_entropy"": 0.7032988667488098, ""test_balanced_accuracy"": 0.4919804632663727}"
2026-04-06T22:26:03.916553,tpe,lcbench,34539,1,93,12.088807106018066,"{""OpenML_task_id"": ""34539"", ""batch_size"": 147, ""epoch"": 5, ""learning_rate"": 0.035389807211640145, ""max_dropout"": 0.2021551851237937, ""max_units"": 360, ""momentum"": 0.23951673147136338, ""num_layers"": 2, ""weight_decay"": 0.042007261355378474}","{""time"": 12.088807106018066, ""val_accuracy"": 69.96261596679688, ""val_cross_entropy"": 0.6622602343559265, ""val_balanced_accuracy"": 0.5344106554985046, ""test_cross_entropy"": 0.6772255301475525, ""test_balanced_accuracy"": 0.5430179834365845}"
2026-04-06T22:26:03.944501,tpe,lcbench,34539,1,94,3.416594982147217,"{""OpenML_task_id"": ""189862"", ""batch_size"": 129, ""epoch"": 1, ""learning_rate"": 0.04237475993658144, ""max_dropout"": 0.23976985870773548, ""max_units"": 433, ""momentum"": 0.13199968993381256, ""num_layers"": 2, ""weight_decay"": 0.05342154530100868}","{""time"": 3.416594982147217, ""val_accuracy"": 47.355690002441406, ""val_cross_entropy"": 0.711890697479248, ""val_balanced_accuracy"": 0.48690393567085266, ""test_cross_entropy"": 0.7031148076057434, ""test_balanced_accuracy"": 0.49591195583343506}"
2026-04-06T22:26:03.973094,tpe,lcbench,34539,1,95,74.13856506347656,"{""OpenML_task_id"": ""34539"", ""batch_size"": 122, ""epoch"": 52, ""learning_rate"": 0.041836863329606455, ""max_dropout"": 0.21618897396101272, ""max_units"": 445, ""momentum"": 0.13543493912303456, ""num_layers"": 2, ""weight_decay"": 0.04702407688898457}","{""time"": 74.13856506347656, ""val_accuracy"": 77.02584838867188, ""val_cross_entropy"": 0.6459410786628723, ""val_balanced_accuracy"": 0.5522798299789429, ""test_cross_entropy"": 0.6774965524673462, ""test_balanced_accuracy"": 0.5571414232254028}"
2026-04-06T22:26:03.995058,tpe,lcbench,34539,1,96,3.3998613357543945,"{""OpenML_task_id"": ""189862"", ""batch_size"": 105, ""epoch"": 1, ""learning_rate"": 0.03827220612430097, ""max_dropout"": 0.24236399208820353, ""max_units"": 462, ""momentum"": 0.11786164891775289, ""num_layers"": 2, ""weight_decay"": 0.05448417498760284}","{""time"": 3.3998613357543945, ""val_accuracy"": 47.36111068725586, ""val_cross_entropy"": 0.715535581111908, ""val_balanced_accuracy"": 0.486054927110672, ""test_cross_entropy"": 0.7040561437606812, ""test_balanced_accuracy"": 0.49478480219841003}"
2026-04-06T22:26:04.024854,tpe,lcbench,34539,1,97,10.38058090209961,"{""OpenML_task_id"": ""189862"", ""batch_size"": 99, ""epoch"": 4, ""learning_rate"": 0.04093467615061372, ""max_dropout"": 0.3227316916091493, ""max_units"": 506, ""momentum"": 0.11099931023775685, ""num_layers"": 2, ""weight_decay"": 0.052558105947185546}","{""time"": 10.38058090209961, ""val_accuracy"": 73.0408935546875, ""val_cross_entropy"": 0.6398351192474365, ""val_balanced_accuracy"": 0.5411806106567383, ""test_cross_entropy"": 0.6700528860092163, ""test_balanced_accuracy"": 0.548194169998169}"
2026-04-06T22:26:04.065803,tpe,lcbench,34539,1,98,6.569492816925049,"{""OpenML_task_id"": ""189862"", ""batch_size"": 110, ""epoch"": 3, ""learning_rate"": 0.03601033984442439, ""max_dropout"": 0.2312415537423789, ""max_units"": 465, ""momentum"": 0.10303082308176248, ""num_layers"": 2, ""weight_decay"": 0.055761810723059586}","{""time"": 6.569492816925049, ""val_accuracy"": 70.53218841552734, ""val_cross_entropy"": 0.6458290815353394, ""val_balanced_accuracy"": 0.5365882515907288, ""test_cross_entropy"": 0.6740961670875549, ""test_balanced_accuracy"": 0.5463142991065979}"
2026-04-06T22:26:04.092304,tpe,lcbench,34539,1,99,52.557735443115234,"{""OpenML_task_id"": ""189862"", ""batch_size"": 126, ""epoch"": 39, ""learning_rate"": 0.03275145843046584, ""max_dropout"": 0.25528853764634696, ""max_units"": 390, ""momentum"": 0.14247141730638013, ""num_layers"": 2, ""weight_decay"": 0.044378447826608075}","{""time"": 52.557735443115234, ""val_accuracy"": 75.7635726928711, ""val_cross_entropy"": 0.6526244878768921, ""val_balanced_accuracy"": 0.5501004457473755, ""test_cross_entropy"": 0.6797106266021729, ""test_balanced_accuracy"": 0.5539657473564148}"
2026-04-06T22:26:04.129166,tpe,lcbench,34539,1,100,45.27999496459961,"{""OpenML_task_id"": ""189908"", ""batch_size"": 80, ""epoch"": 33, ""learning_rate"": 0.04470043496700104, ""max_dropout"": 0.17208624552428659, ""max_units"": 326, ""momentum"": 0.15706716441101196, ""num_layers"": 2, ""weight_decay"": 0.05415024380650606}","{""time"": 45.27999496459961, ""val_accuracy"": 80.80865478515625, ""val_cross_entropy"": 0.6634388566017151, ""val_balanced_accuracy"": 0.5234408378601074, ""test_cross_entropy"": 0.6715338230133057, ""test_balanced_accuracy"": 0.5281150937080383}"
2026-04-06T22:26:04.157812,tpe,lcbench,34539,1,101,3.748478889465332,"{""OpenML_task_id"": ""189865"", ""batch_size"": 52, ""epoch"": 1, ""learning_rate"": 0.038061092992339604, ""max_dropout"": 0.24397424121886335, ""max_units"": 431, ""momentum"": 0.1823204937643887, ""num_layers"": 2, ""weight_decay"": 0.04960721529141312}","{""time"": 3.748478889465332, ""val_accuracy"": 46.492393493652344, ""val_cross_entropy"": 0.7132214307785034, ""val_balanced_accuracy"": 0.4796808063983917, ""test_cross_entropy"": 0.7012948989868164, ""test_balanced_accuracy"": 0.4857880175113678}"
2026-04-06T22:26:04.184828,tpe,lcbench,34539,1,102,3.556041955947876,"{""OpenML_task_id"": ""189865"", ""batch_size"": 51, ""epoch"": 1, ""learning_rate"": 0.039836335805639646, ""max_dropout"": 0.23924934976596163, ""max_units"": 423, ""momentum"": 0.12352726934514385, ""num_layers"": 2, ""weight_decay"": 0.05043279103873298}","{""time"": 3.556041955947876, ""val_accuracy"": 46.92617416381836, ""val_cross_entropy"": 0.7143179178237915, ""val_balanced_accuracy"": 0.4808964431285858, ""test_cross_entropy"": 0.7003051042556763, ""test_balanced_accuracy"": 0.4869680404663086}"
2026-04-06T22:26:04.213791,tpe,lcbench,34539,1,103,4.208654403686523,"{""OpenML_task_id"": ""189865"", ""batch_size"": 92, ""epoch"": 2, ""learning_rate"": 0.03888714539701303, ""max_dropout"": 0.23539287050953933, ""max_units"": 422, ""momentum"": 0.12170655537643159, ""num_layers"": 2, ""weight_decay"": 0.04150125024693017}","{""time"": 4.208654403686523, ""val_accuracy"": 65.4834213256836, ""val_cross_entropy"": 0.6737301349639893, ""val_balanced_accuracy"": 0.5071495175361633, ""test_cross_entropy"": 0.6780078411102295, ""test_balanced_accuracy"": 0.5194555521011353}"
2026-04-06T22:26:04.242701,tpe,lcbench,34539,1,104,13.642248153686523,"{""OpenML_task_id"": ""189865"", ""batch_size"": 133, ""epoch"": 6, ""learning_rate"": 0.037926343049384775, ""max_dropout"": 0.23720767921828312, ""max_units"": 418, ""momentum"": 0.12497413437474836, ""num_layers"": 2, ""weight_decay"": 0.050202624287037464}","{""time"": 13.642248153686523, ""val_accuracy"": 71.12457275390625, ""val_cross_entropy"": 0.6568787097930908, ""val_balanced_accuracy"": 0.5405451059341431, ""test_cross_entropy"": 0.6775588989257812, ""test_balanced_accuracy"": 0.5462340712547302}"
2026-04-06T22:26:04.268184,tpe,lcbench,34539,1,105,10.655291557312012,"{""OpenML_task_id"": ""189865"", ""batch_size"": 27, ""epoch"": 3, ""learning_rate"": 0.04452190823878942, ""max_dropout"": 0.31248151881442554, ""max_units"": 485, ""momentum"": 0.17256044429420148, ""num_layers"": 2, ""weight_decay"": 0.04188523919287773}","{""time"": 10.655291557312012, ""val_accuracy"": 80.53385162353516, ""val_cross_entropy"": 0.5726770162582397, ""val_balanced_accuracy"": 0.5125378370285034, ""test_cross_entropy"": 0.6319780349731445, ""test_balanced_accuracy"": 0.5225061774253845}"
2026-04-06T22:26:04.303783,tpe,lcbench,34539,1,106,3.3287434577941895,"{""OpenML_task_id"": ""189865"", ""batch_size"": 74, ""epoch"": 1, ""learning_rate"": 0.03974311044641789, ""max_dropout"": 0.379827629660371, ""max_units"": 464, ""momentum"": 0.11674140828775502, ""num_layers"": 2, ""weight_decay"": 0.053312789502613145}","{""time"": 3.3287434577941895, ""val_accuracy"": 46.924739837646484, ""val_cross_entropy"": 0.73199862241745, ""val_balanced_accuracy"": 0.4843595027923584, ""test_cross_entropy"": 0.7030996084213257, ""test_balanced_accuracy"": 0.49100178480148315}"
2026-04-06T22:26:04.325958,tpe,lcbench,34539,1,107,9.53134822845459,"{""OpenML_task_id"": ""189865"", ""batch_size"": 105, ""epoch"": 4, ""learning_rate"": 0.039526342380809674, ""max_dropout"": 0.28846799093399456, ""max_units"": 425, ""momentum"": 0.14936152905046124, ""num_layers"": 2, ""weight_decay"": 0.05723123439452761}","{""time"": 9.53134822845459, ""val_accuracy"": 72.65559387207031, ""val_cross_entropy"": 0.6481184959411621, ""val_balanced_accuracy"": 0.5376209020614624, ""test_cross_entropy"": 0.6753829717636108, ""test_balanced_accuracy"": 0.5454251170158386}"
2026-04-06T22:26:04.355268,tpe,lcbench,34539,1,108,85.28736114501953,"{""OpenML_task_id"": ""189865"", ""batch_size"": 72, ""epoch"": 46, ""learning_rate"": 0.03016217870854876, ""max_dropout"": 0.40430516953054074, ""max_units"": 515, ""momentum"": 0.1913751430839657, ""num_layers"": 2, ""weight_decay"": 0.05359244401114728}","{""time"": 85.28736114501953, ""val_accuracy"": 81.62222290039062, ""val_cross_entropy"": 0.6214525699615479, ""val_balanced_accuracy"": 0.5264395475387573, ""test_cross_entropy"": 0.6650665998458862, ""test_balanced_accuracy"": 0.5331065058708191}"
2026-04-06T22:26:04.378207,tpe,lcbench,34539,1,109,5.004897117614746,"{""OpenML_task_id"": ""189865"", ""batch_size"": 84, ""epoch"": 1, ""learning_rate"": 0.03341892738451915, ""max_dropout"": 0.2482507280285451, ""max_units"": 438, ""momentum"": 0.11934833394005205, ""num_layers"": 1, ""weight_decay"": 0.0601796452984682}","{""time"": 5.004897117614746, ""val_accuracy"": 39.75886154174805, ""val_cross_entropy"": 0.7751398682594299, ""val_balanced_accuracy"": 0.44621285796165466, ""test_cross_entropy"": 0.735350489616394, ""test_balanced_accuracy"": 0.44640952348709106}"
2026-04-06T22:26:04.404759,tpe,lcbench,34539,1,110,4.183553695678711,"{""OpenML_task_id"": ""168331"", ""batch_size"": 146, ""epoch"": 2, ""learning_rate"": 0.04369580153212978, ""max_dropout"": 0.4845479346497241, ""max_units"": 342, ""momentum"": 0.10230833661211418, ""num_layers"": 2, ""weight_decay"": 0.050918821742395634}","{""time"": 4.183553695678711, ""val_accuracy"": 62.21986770629883, ""val_cross_entropy"": 0.6610240340232849, ""val_balanced_accuracy"": 0.5187931656837463, ""test_cross_entropy"": 0.6867591142654419, ""test_balanced_accuracy"": 0.5307121872901917}"
2026-04-06T22:26:04.432451,tpe,lcbench,34539,1,111,3.754056930541992,"{""OpenML_task_id"": ""168329"", ""batch_size"": 51, ""epoch"": 2, ""learning_rate"": 0.0434848095099604, ""max_dropout"": 0.5049245098431077, ""max_units"": 349, ""momentum"": 0.12287741934180015, ""num_layers"": 2, ""weight_decay"": 0.09843023330918194}","{""time"": 3.754056930541992, ""val_accuracy"": 73.0987319946289, ""val_cross_entropy"": 0.615410327911377, ""val_balanced_accuracy"": 0.49709001183509827, ""test_cross_entropy"": 0.6727048754692078, ""test_balanced_accuracy"": 0.5089325308799744}"
2026-04-06T22:26:04.462139,tpe,lcbench,34539,1,112,10.024991035461426,"{""OpenML_task_id"": ""168331"", ""batch_size"": 48, ""epoch"": 4, ""learning_rate"": 0.0436509236614191, ""max_dropout"": 0.49918011323039124, ""max_units"": 345, ""momentum"": 0.10665933277859728, ""num_layers"": 2, ""weight_decay"": 0.04972728239098885}","{""time"": 10.024991035461426, ""val_accuracy"": 78.94365692138672, ""val_cross_entropy"": 0.6084957122802734, ""val_balanced_accuracy"": 0.5127471089363098, ""test_cross_entropy"": 0.6576579809188843, ""test_balanced_accuracy"": 0.5212002992630005}"
2026-04-06T22:26:04.492473,tpe,lcbench,34539,1,113,12.139008522033691,"{""OpenML_task_id"": ""168329"", ""batch_size"": 267, ""epoch"": 5, ""learning_rate"": 0.04714262981287509, ""max_dropout"": 0.5479464005396819, ""max_units"": 306, ""momentum"": 0.16187530674032052, ""num_layers"": 2, ""weight_decay"": 0.09551793460114516}","{""time"": 12.139008522033691, ""val_accuracy"": 68.0627670288086, ""val_cross_entropy"": 0.6808431148529053, ""val_balanced_accuracy"": 0.5225231647491455, ""test_cross_entropy"": 0.6910109519958496, ""test_balanced_accuracy"": 0.5326440334320068}"
2026-04-06T22:26:04.521072,tpe,lcbench,34539,1,114,5.547346115112305,"{""OpenML_task_id"": ""168331"", ""batch_size"": 53, ""epoch"": 3, ""learning_rate"": 0.04274609987431054, ""max_dropout"": 0.4347161188510795, ""max_units"": 257, ""momentum"": 0.1307439715489003, ""num_layers"": 2, ""weight_decay"": 0.054657558381698626}","{""time"": 5.547346115112305, ""val_accuracy"": 77.50110626220703, ""val_cross_entropy"": 0.6029518842697144, ""val_balanced_accuracy"": 0.519802451133728, ""test_cross_entropy"": 0.6595233678817749, ""test_balanced_accuracy"": 0.530041515827179}"
2026-04-06T22:26:04.551543,tpe,lcbench,34539,1,115,3.052638292312622,"{""OpenML_task_id"": ""168908"", ""batch_size"": 163, ""epoch"": 1, ""learning_rate"": 0.037341787538990395, ""max_dropout"": 0.19184521672480423, ""max_units"": 385, ""momentum"": 0.10026042672172295, ""num_layers"": 2, ""weight_decay"": 0.08556312322533748}","{""time"": 3.052638292312622, ""val_accuracy"": 48.48554229736328, ""val_cross_entropy"": 0.7120448350906372, ""val_balanced_accuracy"": 0.48739174008369446, ""test_cross_entropy"": 0.7017706632614136, ""test_balanced_accuracy"": 0.4964390695095062}"
2026-04-06T22:26:04.579031,tpe,lcbench,34539,1,116,3.2827258110046387,"{""OpenML_task_id"": ""168329"", ""batch_size"": 160, ""epoch"": 1, ""learning_rate"": 0.049553659594714326, ""max_dropout"": 0.2756408080283719, ""max_units"": 381, ""momentum"": 0.18492719526505155, ""num_layers"": 2, ""weight_decay"": 0.08508959197880821}","{""time"": 3.2827258110046387, ""val_accuracy"": 47.770912170410156, ""val_cross_entropy"": 0.7243461608886719, ""val_balanced_accuracy"": 0.4835822284221649, ""test_cross_entropy"": 0.7038527727127075, ""test_balanced_accuracy"": 0.4923447072505951}"
2026-04-06T22:26:04.613713,tpe,lcbench,34539,1,117,39.28795623779297,"{""OpenML_task_id"": ""168908"", ""batch_size"": 170, ""epoch"": 29, ""learning_rate"": 0.028262362672715223, ""max_dropout"": 0.2720513496353476, ""max_units"": 392, ""momentum"": 0.16686717897303982, ""num_layers"": 2, ""weight_decay"": 0.09792905612510437}","{""time"": 39.28795623779297, ""val_accuracy"": 75.0241470336914, ""val_cross_entropy"": 0.6885387301445007, ""val_balanced_accuracy"": 0.5185073018074036, ""test_cross_entropy"": 0.6942806839942932, ""test_balanced_accuracy"": 0.526544988155365}"
2026-04-06T22:26:04.646683,tpe,lcbench,34539,1,118,3.2799367904663086,"{""OpenML_task_id"": ""168329"", ""batch_size"": 183, ""epoch"": 1, ""learning_rate"": 0.03438630217964622, ""max_dropout"": 0.18433559310234648, ""max_units"": 458, ""momentum"": 0.18689368376593257, ""num_layers"": 2, ""weight_decay"": 0.08567422918252751}","{""time"": 3.2799367904663086, ""val_accuracy"": 48.306556701660156, ""val_cross_entropy"": 0.7214257121086121, ""val_balanced_accuracy"": 0.4843881130218506, ""test_cross_entropy"": 0.7018556594848633, ""test_balanced_accuracy"": 0.49392110109329224}"
2026-04-06T22:26:04.680516,tpe,lcbench,34539,1,119,6.7953972816467285,"{""OpenML_task_id"": ""168329"", ""batch_size"": 176, ""epoch"": 3, ""learning_rate"": 0.034417117469865546, ""max_dropout"": 0.17726631157417722, ""max_units"": 477, ""momentum"": 0.19686400582854405, ""num_layers"": 2, ""weight_decay"": 0.09106433139414359}","{""time"": 6.7953972816467285, ""val_accuracy"": 68.38861846923828, ""val_cross_entropy"": 0.6686497330665588, ""val_balanced_accuracy"": 0.5217881202697754, ""test_cross_entropy"": 0.6839237809181213, ""test_balanced_accuracy"": 0.5319830775260925}"
2026-04-06T22:26:04.711839,tpe,lcbench,34539,1,120,12.258933067321777,"{""OpenML_task_id"": ""168329"", ""batch_size"": 161, ""epoch"": 6, ""learning_rate"": 0.023959104106477492, ""max_dropout"": 0.19923135305201845, ""max_units"": 371, ""momentum"": 0.17944499354045038, ""num_layers"": 2, ""weight_decay"": 0.08353705465948698}","{""time"": 12.258933067321777, ""val_accuracy"": 70.52788543701172, ""val_cross_entropy"": 0.6773318648338318, ""val_balanced_accuracy"": 0.52628093957901, ""test_cross_entropy"": 0.6862987875938416, ""test_balanced_accuracy"": 0.532979428768158}"
2026-04-06T22:26:04.742899,tpe,lcbench,34539,1,121,2.9703643321990967,"{""OpenML_task_id"": ""168329"", ""batch_size"": 191, ""epoch"": 1, ""learning_rate"": 0.037461352617979636, ""max_dropout"": 0.3360594161863135, ""max_units"": 456, ""momentum"": 0.13831331023132992, ""num_layers"": 2, ""weight_decay"": 0.09291603592991261}","{""time"": 2.9703643321990967, ""val_accuracy"": 48.34333419799805, ""val_cross_entropy"": 0.7292354106903076, ""val_balanced_accuracy"": 0.4879721999168396, ""test_cross_entropy"": 0.7030263543128967, ""test_balanced_accuracy"": 0.49648168683052063}"
2026-04-06T22:26:04.774356,tpe,lcbench,34539,1,122,2.984309196472168,"{""OpenML_task_id"": ""168329"", ""batch_size"": 183, ""epoch"": 1, ""learning_rate"": 0.03799183963549268, ""max_dropout"": 0.3360718498054115, ""max_units"": 460, ""momentum"": 0.143345890287846, ""num_layers"": 2, ""weight_decay"": 0.09403854990771512}","{""time"": 2.984309196472168, ""val_accuracy"": 48.280487060546875, ""val_cross_entropy"": 0.730259895324707, ""val_balanced_accuracy"": 0.4871835708618164, ""test_cross_entropy"": 0.703442394733429, ""test_balanced_accuracy"": 0.495808869600296}"
2026-04-06T22:26:04.803479,tpe,lcbench,34539,1,123,2.9633920192718506,"{""OpenML_task_id"": ""168329"", ""batch_size"": 218, ""epoch"": 1, ""learning_rate"": 0.037661706682774694, ""max_dropout"": 0.3486937233678411, ""max_units"": 460, ""momentum"": 0.1470928778283609, ""num_layers"": 2, ""weight_decay"": 0.09458506888663382}","{""time"": 2.9633920192718506, ""val_accuracy"": 48.49497604370117, ""val_cross_entropy"": 0.7302373051643372, ""val_balanced_accuracy"": 0.49053654074668884, ""test_cross_entropy"": 0.7026953101158142, ""test_balanced_accuracy"": 0.4984571933746338}"
2026-04-06T22:26:04.834350,tpe,lcbench,34539,1,124,6.821892261505127,"{""OpenML_task_id"": ""168329"", ""batch_size"": 193, ""epoch"": 3, ""learning_rate"": 0.0367433664128957, ""max_dropout"": 0.3616490735595074, ""max_units"": 543, ""momentum"": 0.15402766009424088, ""num_layers"": 2, ""weight_decay"": 0.08825306888597571}","{""time"": 6.821892261505127, ""val_accuracy"": 67.62590789794922, ""val_cross_entropy"": 0.6666890978813171, ""val_balanced_accuracy"": 0.5337474942207336, ""test_cross_entropy"": 0.6818788051605225, ""test_balanced_accuracy"": 0.5434095859527588}"
2026-04-06T22:26:04.861510,tpe,lcbench,34539,1,125,2.936897039413452,"{""OpenML_task_id"": ""168329"", ""batch_size"": 212, ""epoch"": 1, ""learning_rate"": 0.037669753655228594, ""max_dropout"": 0.337467590022858, ""max_units"": 494, ""momentum"": 0.1311869555058465, ""num_layers"": 2, ""weight_decay"": 0.09450584884501975}","{""time"": 2.936897039413452, ""val_accuracy"": 48.545318603515625, ""val_cross_entropy"": 0.7322606444358826, ""val_balanced_accuracy"": 0.48960554599761963, ""test_cross_entropy"": 0.7028681039810181, ""test_balanced_accuracy"": 0.4977740943431854}"
2026-04-06T22:26:04.891795,tpe,lcbench,34539,1,126,2.9592087268829346,"{""OpenML_task_id"": ""168329"", ""batch_size"": 244, ""epoch"": 1, ""learning_rate"": 0.031854276974554244, ""max_dropout"": 0.38009112140519, ""max_units"": 491, ""momentum"": 0.14098479965893793, ""num_layers"": 2, ""weight_decay"": 0.0929675353558046}","{""time"": 2.9592087268829346, ""val_accuracy"": 48.69620132446289, ""val_cross_entropy"": 0.7278861999511719, ""val_balanced_accuracy"": 0.4958079159259796, ""test_cross_entropy"": 0.7024037837982178, ""test_balanced_accuracy"": 0.5029783248901367}"
2026-04-06T22:26:04.923877,tpe,lcbench,34539,1,127,12.079046249389648,"{""OpenML_task_id"": ""168329"", ""batch_size"": 215, ""epoch"": 5, ""learning_rate"": 0.032017387128417694, ""max_dropout"": 0.37920533796982747, ""max_units"": 504, ""momentum"": 0.10064827425668331, ""num_layers"": 2, ""weight_decay"": 0.09428661282627906}","{""time"": 12.079046249389648, ""val_accuracy"": 68.14876556396484, ""val_cross_entropy"": 0.6727570295333862, ""val_balanced_accuracy"": 0.5324957370758057, ""test_cross_entropy"": 0.6856973767280579, ""test_balanced_accuracy"": 0.540817379951477}"
2026-04-06T22:26:04.953542,tpe,lcbench,34539,1,128,10.061246871948242,"{""OpenML_task_id"": ""168329"", ""batch_size"": 219, ""epoch"": 4, ""learning_rate"": 0.02834420400900671, ""max_dropout"": 0.32331055115477064, ""max_units"": 584, ""momentum"": 0.1410064787357742, ""num_layers"": 2, ""weight_decay"": 0.08768079916654163}","{""time"": 10.061246871948242, ""val_accuracy"": 67.4449234008789, ""val_cross_entropy"": 0.6670066714286804, ""val_balanced_accuracy"": 0.5341110825538635, ""test_cross_entropy"": 0.6817618608474731, ""test_balanced_accuracy"": 0.5432002544403076}"
2026-04-06T22:26:04.977628,tpe,lcbench,34539,1,129,3.0149874687194824,"{""OpenML_task_id"": ""168908"", ""batch_size"": 231, ""epoch"": 1, ""learning_rate"": 0.04048659041181283, ""max_dropout"": 0.33061971274179736, ""max_units"": 462, ""momentum"": 0.14398833078303383, ""num_layers"": 2, ""weight_decay"": 0.09288605942468414}","{""time"": 3.0149874687194824, ""val_accuracy"": 48.617225646972656, ""val_cross_entropy"": 0.730276346206665, ""val_balanced_accuracy"": 0.49160245060920715, ""test_cross_entropy"": 0.7025494575500488, ""test_balanced_accuracy"": 0.4993240535259247}"
2026-04-06T22:26:05.008532,tpe,lcbench,34539,1,130,7.379680156707764,"{""OpenML_task_id"": ""168908"", ""batch_size"": 241, ""epoch"": 3, ""learning_rate"": 0.04076578942155857, ""max_dropout"": 0.3425173194655668, ""max_units"": 493, ""momentum"": 0.14596840338566044, ""num_layers"": 2, ""weight_decay"": 0.09386532319065473}","{""time"": 7.379680156707764, ""val_accuracy"": 66.34092712402344, ""val_cross_entropy"": 0.6794322729110718, ""val_balanced_accuracy"": 0.5299575924873352, ""test_cross_entropy"": 0.6827465891838074, ""test_balanced_accuracy"": 0.5402647852897644}"
2026-04-06T22:26:05.037118,tpe,lcbench,34539,1,131,2.85044002532959,"{""OpenML_task_id"": ""168329"", ""batch_size"": 187, ""epoch"": 1, ""learning_rate"": 0.030636877234136165, ""max_dropout"": 0.3796509854875997, ""max_units"": 462, ""momentum"": 0.12532913082330102, ""num_layers"": 2, ""weight_decay"": 0.09262971931361844}","{""time"": 2.85044002532959, ""val_accuracy"": 48.39167404174805, ""val_cross_entropy"": 0.7252935767173767, ""val_balanced_accuracy"": 0.49050286412239075, ""test_cross_entropy"": 0.7029078006744385, ""test_balanced_accuracy"": 0.498822420835495}"
2026-04-06T22:26:05.075330,tpe,lcbench,34539,1,132,2.8392841815948486,"{""OpenML_task_id"": ""168329"", ""batch_size"": 184, ""epoch"": 1, ""learning_rate"": 0.031203746788511122, ""max_dropout"": 0.367902932640215, ""max_units"": 461, ""momentum"": 0.1195108046890873, ""num_layers"": 2, ""weight_decay"": 0.09965426742431834}","{""time"": 2.8392841815948486, ""val_accuracy"": 48.47074508666992, ""val_cross_entropy"": 0.725618302822113, ""val_balanced_accuracy"": 0.4897008240222931, ""test_cross_entropy"": 0.7027269005775452, ""test_balanced_accuracy"": 0.49790701270103455}"
2026-04-06T22:26:05.102326,tpe,lcbench,34539,1,133,4.3383402824401855,"{""OpenML_task_id"": ""168329"", ""batch_size"": 185, ""epoch"": 2, ""learning_rate"": 0.034583285967267306, ""max_dropout"": 0.30060318749111736, ""max_units"": 526, ""momentum"": 0.13242345907142292, ""num_layers"": 2, ""weight_decay"": 0.09984980470436405}","{""time"": 4.3383402824401855, ""val_accuracy"": 61.18937683105469, ""val_cross_entropy"": 0.6952324509620667, ""val_balanced_accuracy"": 0.5068197846412659, ""test_cross_entropy"": 0.6888445615768433, ""test_balanced_accuracy"": 0.5171117186546326}"
2026-04-06T22:26:05.125884,tpe,lcbench,34539,1,134,3.003831624984741,"{""OpenML_task_id"": ""168329"", ""batch_size"": 227, ""epoch"": 1, ""learning_rate"": 0.029615479668141098, ""max_dropout"": 0.37016136472615485, ""max_units"": 458, ""momentum"": 0.16814495348348465, ""num_layers"": 2, ""weight_decay"": 0.09558111987461314}","{""time"": 3.003831624984741, ""val_accuracy"": 48.511627197265625, ""val_cross_entropy"": 0.7250418066978455, ""val_balanced_accuracy"": 0.49287649989128113, ""test_cross_entropy"": 0.7022730112075806, ""test_balanced_accuracy"": 0.5003260374069214}"
2026-04-06T22:26:05.158436,tpe,lcbench,34539,1,135,7.1732988357543945,"{""OpenML_task_id"": ""168329"", ""batch_size"": 223, ""epoch"": 3, ""learning_rate"": 0.02258105432769837, ""max_dropout"": 0.37951130394732924, ""max_units"": 459, ""momentum"": 0.16750424900114824, ""num_layers"": 2, ""weight_decay"": 0.09247772791726529}","{""time"": 7.1732988357543945, ""val_accuracy"": 65.64762115478516, ""val_cross_entropy"": 0.673535943031311, ""val_balanced_accuracy"": 0.5312327742576599, ""test_cross_entropy"": 0.6825281381607056, ""test_balanced_accuracy"": 0.5400689840316772}"
2026-04-06T22:26:05.185237,tpe,lcbench,34539,1,136,4.352284908294678,"{""OpenML_task_id"": ""168329"", ""batch_size"": 206, ""epoch"": 2, ""learning_rate"": 0.030047985733205523, ""max_dropout"": 0.41650329710443623, ""max_units"": 480, ""momentum"": 0.15618875423137896, ""num_layers"": 2, ""weight_decay"": 0.09616954987944784}","{""time"": 4.352284908294678, ""val_accuracy"": 60.96466064453125, ""val_cross_entropy"": 0.6879735589027405, ""val_balanced_accuracy"": 0.5107218027114868, ""test_cross_entropy"": 0.6899759769439697, ""test_balanced_accuracy"": 0.5206726789474487}"
2026-04-06T22:26:05.216193,tpe,lcbench,34539,1,137,12.756758689880371,"{""OpenML_task_id"": ""168908"", ""batch_size"": 235, ""epoch"": 5, ""learning_rate"": 0.026133928406957295, ""max_dropout"": 0.45787821699971143, ""max_units"": 463, ""momentum"": 0.18462584376878316, ""num_layers"": 2, ""weight_decay"": 0.08984282485032995}","{""time"": 12.756758689880371, ""val_accuracy"": 67.56505584716797, ""val_cross_entropy"": 0.6770390272140503, ""val_balanced_accuracy"": 0.531819760799408, ""test_cross_entropy"": 0.6878517866134644, ""test_balanced_accuracy"": 0.5406997799873352}"
2026-04-06T22:26:05.244619,tpe,lcbench,34539,1,138,12.728869438171387,"{""OpenML_task_id"": ""168329"", ""batch_size"": 248, ""epoch"": 4, ""learning_rate"": 0.03163457166942739, ""max_dropout"": 0.37787966895905895, ""max_units"": 551, ""momentum"": 0.746943118628113, ""num_layers"": 2, ""weight_decay"": 0.09320694936949167}","{""time"": 12.728869438171387, ""val_accuracy"": 70.30868530273438, ""val_cross_entropy"": 0.6432220339775085, ""val_balanced_accuracy"": 0.5218827128410339, ""test_cross_entropy"": 0.6814470291137695, ""test_balanced_accuracy"": 0.5315043926239014}"
2026-04-06T22:26:05.277436,tpe,lcbench,34539,1,139,2.9090077877044678,"{""OpenML_task_id"": ""167149"", ""batch_size"": 203, ""epoch"": 1, ""learning_rate"": 0.03708748849517882, ""max_dropout"": 0.3397140824417458, ""max_units"": 498, ""momentum"": 0.10023921789822318, ""num_layers"": 2, ""weight_decay"": 0.0842368300711718}","{""time"": 2.9090077877044678, ""val_accuracy"": 48.47148513793945, ""val_cross_entropy"": 0.7287514209747314, ""val_balanced_accuracy"": 0.4905608892440796, ""test_cross_entropy"": 0.7026185989379883, ""test_balanced_accuracy"": 0.4987795948982239}"
2026-04-06T22:26:05.305209,tpe,lcbench,34539,1,140,7.019906997680664,"{""OpenML_task_id"": ""167181"", ""batch_size"": 202, ""epoch"": 3, ""learning_rate"": 0.03581854441354311, ""max_dropout"": 0.3343959913068747, ""max_units"": 517, ""momentum"": 0.15267643506531248, ""num_layers"": 2, ""weight_decay"": 0.08140921620520246}","{""time"": 7.019906997680664, ""val_accuracy"": 67.06240844726562, ""val_cross_entropy"": 0.6717181205749512, ""val_balanced_accuracy"": 0.5324622392654419, ""test_cross_entropy"": 0.6811709403991699, ""test_balanced_accuracy"": 0.5422148108482361}"
2026-04-06T22:26:05.328122,tpe,lcbench,34539,1,141,2.9048242568969727,"{""OpenML_task_id"": ""167149"", ""batch_size"": 190, ""epoch"": 1, ""learning_rate"": 0.037478498852378306, ""max_dropout"": 0.3624195836989593, ""max_units"": 490, ""momentum"": 0.11474733657696601, ""num_layers"": 2, ""weight_decay"": 0.0856781047207642}","{""time"": 2.9048242568969727, ""val_accuracy"": 48.26538848876953, ""val_cross_entropy"": 0.7310994267463684, ""val_balanced_accuracy"": 0.4891304671764374, ""test_cross_entropy"": 0.703444242477417, ""test_balanced_accuracy"": 0.4977569878101349}"
2026-04-06T22:26:05.361830,tpe,lcbench,34539,1,142,4.37180757522583,"{""OpenML_task_id"": ""167149"", ""batch_size"": 188, ""epoch"": 2, ""learning_rate"": 0.017867209237666642, ""max_dropout"": 0.365614274150059, ""max_units"": 496, ""momentum"": 0.10377821708139204, ""num_layers"": 2, ""weight_decay"": 0.08501969411353931}","{""time"": 4.37180757522583, ""val_accuracy"": 59.49394607543945, ""val_cross_entropy"": 0.7018028497695923, ""val_balanced_accuracy"": 0.5145841240882874, ""test_cross_entropy"": 0.690612256526947, ""test_balanced_accuracy"": 0.5228022933006287}"
2026-04-06T22:26:05.389379,tpe,lcbench,34539,1,143,3.040087938308716,"{""OpenML_task_id"": ""167149"", ""batch_size"": 227, ""epoch"": 1, ""learning_rate"": 0.028413167516852467, ""max_dropout"": 0.33983105544878484, ""max_units"": 533, ""momentum"": 0.14087037789917312, ""num_layers"": 2, ""weight_decay"": 0.09023448874703895}","{""time"": 3.040087938308716, ""val_accuracy"": 48.56754684448242, ""val_cross_entropy"": 0.7237727642059326, ""val_balanced_accuracy"": 0.4926932156085968, ""test_cross_entropy"": 0.701259970664978, ""test_balanced_accuracy"": 0.5002458691596985}"
2026-04-06T22:26:05.415093,tpe,lcbench,34539,1,144,4.685563087463379,"{""OpenML_task_id"": ""167149"", ""batch_size"": 226, ""epoch"": 2, ""learning_rate"": 0.02788592490504739, ""max_dropout"": 0.33229410413039284, ""max_units"": 569, ""momentum"": 0.2059009917283038, ""num_layers"": 2, ""weight_decay"": 0.08914679786598492}","{""time"": 4.685563087463379, ""val_accuracy"": 60.11676025390625, ""val_cross_entropy"": 0.7020885348320007, ""val_balanced_accuracy"": 0.5135722160339355, ""test_cross_entropy"": 0.6877866387367249, ""test_balanced_accuracy"": 0.5228999853134155}"
2026-04-06T22:26:05.437167,tpe,lcbench,34539,1,145,2.8936686515808105,"{""OpenML_task_id"": ""167149"", ""batch_size"": 209, ""epoch"": 1, ""learning_rate"": 0.029921522351436313, ""max_dropout"": 0.40003502140495223, ""max_units"": 527, ""momentum"": 0.14073039040691035, ""num_layers"": 2, ""weight_decay"": 0.08599360391242812}","{""time"": 2.8936686515808105, ""val_accuracy"": 48.30379104614258, ""val_cross_entropy"": 0.7311693429946899, ""val_balanced_accuracy"": 0.491958886384964, ""test_cross_entropy"": 0.7033287882804871, ""test_balanced_accuracy"": 0.5002668499946594}"
2026-04-06T22:26:05.468701,tpe,lcbench,34539,1,146,10.757087707519531,"{""OpenML_task_id"": ""167149"", ""batch_size"": 268, ""epoch"": 4, ""learning_rate"": 0.033063873719903276, ""max_dropout"": 0.40053738948851647, ""max_units"": 527, ""momentum"": 0.14030227508540236, ""num_layers"": 2, ""weight_decay"": 0.0960367816271474}","{""time"": 10.757087707519531, ""val_accuracy"": 66.41765594482422, ""val_cross_entropy"": 0.681331217288971, ""val_balanced_accuracy"": 0.5327619314193726, ""test_cross_entropy"": 0.6846524477005005, ""test_balanced_accuracy"": 0.5426762700080872}"
2026-04-06T22:26:05.495002,tpe,lcbench,34539,1,147,2.7848997116088867,"{""OpenML_task_id"": ""167149"", ""batch_size"": 210, ""epoch"": 1, ""learning_rate"": 0.029482030309888562, ""max_dropout"": 0.435701274115901, ""max_units"": 602, ""momentum"": 0.16868382044521962, ""num_layers"": 2, ""weight_decay"": 0.09185510520439624}","{""time"": 2.7848997116088867, ""val_accuracy"": 47.95962142944336, ""val_cross_entropy"": 0.7416651248931885, ""val_balanced_accuracy"": 0.4902980327606201, ""test_cross_entropy"": 0.705072283744812, ""test_balanced_accuracy"": 0.4990355670452118}"
2026-04-06T22:26:05.526413,tpe,lcbench,34539,1,148,6.840020179748535,"{""OpenML_task_id"": ""167149"", ""batch_size"": 208, ""epoch"": 3, ""learning_rate"": 0.024355625216260352, ""max_dropout"": 0.4308458299125503, ""max_units"": 587, ""momentum"": 0.1412124829585774, ""num_layers"": 2, ""weight_decay"": 0.0923755101839397}","{""time"": 6.840020179748535, ""val_accuracy"": 66.53595733642578, ""val_cross_entropy"": 0.6630997657775879, ""val_balanced_accuracy"": 0.5382868051528931, ""test_cross_entropy"": 0.6812567710876465, ""test_balanced_accuracy"": 0.547190248966217}"
2026-04-06T22:26:05.555473,tpe,lcbench,34539,1,149,5.396743297576904,"{""OpenML_task_id"": ""167149"", ""batch_size"": 197, ""epoch"": 2, ""learning_rate"": 0.03042804530718284, ""max_dropout"": 0.4663746515292414, ""max_units"": 623, ""momentum"": 0.6111516269413775, ""num_layers"": 2, ""weight_decay"": 0.09128133995277415}","{""time"": 5.396743297576904, ""val_accuracy"": 62.68621826171875, ""val_cross_entropy"": 0.6740250587463379, ""val_balanced_accuracy"": 0.5007995963096619, ""test_cross_entropy"": 0.6901298761367798, ""test_balanced_accuracy"": 0.5140131711959839}"
2026-04-06T22:26:05.582626,tpe,lcbench,34539,1,150,4.554482936859131,"{""OpenML_task_id"": ""167185"", ""batch_size"": 230, ""epoch"": 1, ""learning_rate"": 0.020765311274206152, ""max_dropout"": 0.34864484530874207, ""max_units"": 552, ""momentum"": 0.1637942034172738, ""num_layers"": 1, ""weight_decay"": 0.08792671305866878}","{""time"": 4.554482936859131, ""val_accuracy"": 36.365631103515625, ""val_cross_entropy"": 0.8226967453956604, ""val_balanced_accuracy"": 0.45008841156959534, ""test_cross_entropy"": 0.7403401136398315, ""test_balanced_accuracy"": 0.4480755031108856}"
2026-04-06T22:26:05.615771,tpe,lcbench,34539,1,151,3.059610605239868,"{""OpenML_task_id"": ""167149"", ""batch_size"": 259, ""epoch"": 1, ""learning_rate"": 0.034289479848715776, ""max_dropout"": 0.30773507092310126, ""max_units"": 487, ""momentum"": 0.12239920325459858, ""num_layers"": 2, ""weight_decay"": 0.09530922919504238}","{""time"": 3.059610605239868, ""val_accuracy"": 49.013771057128906, ""val_cross_entropy"": 0.7219549417495728, ""val_balanced_accuracy"": 0.4960188567638397, ""test_cross_entropy"": 0.7006844282150269, ""test_balanced_accuracy"": 0.5027289390563965}"
2026-04-06T22:26:05.644560,tpe,lcbench,34539,1,152,4.732975006103516,"{""OpenML_task_id"": ""167149"", ""batch_size"": 243, ""epoch"": 2, ""learning_rate"": 0.02919783345014439, ""max_dropout"": 0.3151676455192381, ""max_units"": 504, ""momentum"": 0.12508409374111826, ""num_layers"": 2, ""weight_decay"": 0.09491931181257068}","{""time"": 4.732975006103516, ""val_accuracy"": 59.71780014038086, ""val_cross_entropy"": 0.706693172454834, ""val_balanced_accuracy"": 0.5118276476860046, ""test_cross_entropy"": 0.6894950866699219, ""test_balanced_accuracy"": 0.520940899848938}"
2026-04-06T22:26:05.671852,tpe,lcbench,34539,1,153,11.144750595092773,"{""OpenML_task_id"": ""167149"", ""batch_size"": 299, ""epoch"": 4, ""learning_rate"": 0.02668688564885476, ""max_dropout"": 0.41663863130252154, ""max_units"": 536, ""momentum"": 0.10217433863538733, ""num_layers"": 2, ""weight_decay"": 0.09950708018348799}","{""time"": 11.144750595092773, ""val_accuracy"": 65.43023681640625, ""val_cross_entropy"": 0.6842321157455444, ""val_balanced_accuracy"": 0.5362485647201538, ""test_cross_entropy"": 0.6831351518630981, ""test_balanced_accuracy"": 0.545924723148346}"
2026-04-06T22:26:05.703782,tpe,lcbench,34539,1,154,2.932713747024536,"{""OpenML_task_id"": ""3945"", ""batch_size"": 258, ""epoch"": 1, ""learning_rate"": 0.036674677780758336, ""max_dropout"": 0.39307067898480824, ""max_units"": 482, ""momentum"": 0.1443715331075848, ""num_layers"": 2, ""weight_decay"": 0.09697433886093716}","{""time"": 2.932713747024536, ""val_accuracy"": 48.7461051940918, ""val_cross_entropy"": 0.7351214289665222, ""val_balanced_accuracy"": 0.49690231680870056, ""test_cross_entropy"": 0.7036378383636475, ""test_balanced_accuracy"": 0.5040404796600342}"
2026-04-06T22:26:05.728280,tpe,lcbench,34539,1,155,6.979467391967773,"{""OpenML_task_id"": ""3945"", ""batch_size"": 215, ""epoch"": 3, ""learning_rate"": 0.03141618446589354, ""max_dropout"": 0.3948132080922082, ""max_units"": 513, ""momentum"": 0.16937733476682862, ""num_layers"": 2, ""weight_decay"": 0.09745610662622133}","{""time"": 6.979467391967773, ""val_accuracy"": 66.89186096191406, ""val_cross_entropy"": 0.6727272272109985, ""val_balanced_accuracy"": 0.5312783718109131, ""test_cross_entropy"": 0.683316707611084, ""test_balanced_accuracy"": 0.5407781600952148}"
2026-04-06T22:26:05.762462,tpe,lcbench,34539,1,156,2.921557903289795,"{""OpenML_task_id"": ""126025"", ""batch_size"": 253, ""epoch"": 1, ""learning_rate"": 0.03745967559237499, ""max_dropout"": 0.3545169930450541, ""max_units"": 633, ""momentum"": 0.15044364089867499, ""num_layers"": 2, ""weight_decay"": 0.090269828066841}","{""time"": 2.921557903289795, ""val_accuracy"": 48.131717681884766, ""val_cross_entropy"": 0.7363956570625305, ""val_balanced_accuracy"": 0.492912232875824, ""test_cross_entropy"": 0.7035796642303467, ""test_balanced_accuracy"": 0.5007146000862122}"
2026-04-06T22:26:05.794537,tpe,lcbench,34539,1,157,7.534466743469238,"{""OpenML_task_id"": ""3945"", ""batch_size"": 255, ""epoch"": 3, ""learning_rate"": 0.036925317242429166, ""max_dropout"": 0.3542698475058508, ""max_units"": 563, ""momentum"": 0.14327760510027893, ""num_layers"": 2, ""weight_decay"": 0.09031237616875738}","{""time"": 7.534466743469238, ""val_accuracy"": 65.7989273071289, ""val_cross_entropy"": 0.6771273612976074, ""val_balanced_accuracy"": 0.5351623892784119, ""test_cross_entropy"": 0.6808767318725586, ""test_balanced_accuracy"": 0.5453647971153259}"
2026-04-06T22:26:05.822147,tpe,lcbench,34539,1,158,4.385752201080322,"{""OpenML_task_id"": ""126025"", ""batch_size"": 235, ""epoch"": 2, ""learning_rate"": 0.02466448061371927, ""max_dropout"": 0.43998316716100827, ""max_units"": 634, ""momentum"": 0.15606140119542344, ""num_layers"": 2, ""weight_decay"": 0.097258039239498}","{""time"": 4.385752201080322, ""val_accuracy"": 60.74968719482422, ""val_cross_entropy"": 0.6898345351219177, ""val_balanced_accuracy"": 0.5231234431266785, ""test_cross_entropy"": 0.6874324679374695, ""test_balanced_accuracy"": 0.5318288803100586}"
2026-04-06T22:26:05.843091,tpe,lcbench,34539,1,159,12.567111015319824,"{""OpenML_task_id"": ""189906"", ""batch_size"": 208, ""epoch"": 5, ""learning_rate"": 0.03177309336310218, ""max_dropout"": 0.3749036145780319, ""max_units"": 598, ""momentum"": 0.20463020865080495, ""num_layers"": 2, ""weight_decay"": 0.09243090023696027}","{""time"": 12.567111015319824, ""val_accuracy"": 69.11627960205078, ""val_cross_entropy"": 0.6622447967529297, ""val_balanced_accuracy"": 0.5348113775253296, ""test_cross_entropy"": 0.6837838888168335, ""test_balanced_accuracy"": 0.543547511100769}"
2026-04-06T22:26:05.876216,tpe,lcbench,34539,1,160,3.041482448577881,"{""OpenML_task_id"": ""168335"", ""batch_size"": 197, ""epoch"": 1, ""learning_rate"": 0.03590363729637438, ""max_dropout"": 0.33677760807688223, ""max_units"": 478, ""momentum"": 0.17163121829327052, ""num_layers"": 2, ""weight_decay"": 0.09364883958587139}","{""time"": 3.041482448577881, ""val_accuracy"": 48.21662139892578, ""val_cross_entropy"": 0.7318351864814758, ""val_balanced_accuracy"": 0.48709529638290405, ""test_cross_entropy"": 0.7033241391181946, ""test_balanced_accuracy"": 0.49568405747413635}"
2026-04-06T22:26:05.905900,tpe,lcbench,34539,1,161,2.8950629234313965,"{""OpenML_task_id"": ""168335"", ""batch_size"": 200, ""epoch"": 1, ""learning_rate"": 0.03576978958522761, ""max_dropout"": 0.34069459641819166, ""max_units"": 660, ""momentum"": 0.13407044050311515, ""num_layers"": 2, ""weight_decay"": 0.08706368425858683}","{""time"": 2.8950629234313965, ""val_accuracy"": 47.68943405151367, ""val_cross_entropy"": 0.7402676343917847, ""val_balanced_accuracy"": 0.4855758547782898, ""test_cross_entropy"": 0.704322099685669, ""test_balanced_accuracy"": 0.49418213963508606}"
2026-04-06T22:26:05.943700,tpe,lcbench,34539,1,162,4.317422866821289,"{""OpenML_task_id"": ""189354"", ""batch_size"": 224, ""epoch"": 2, ""learning_rate"": 0.0325373291314857, ""max_dropout"": 0.394704290935139, ""max_units"": 681, ""momentum"": 0.13402518658072982, ""num_layers"": 2, ""weight_decay"": 0.08938008080650447}","{""time"": 4.317422866821289, ""val_accuracy"": 61.34807586669922, ""val_cross_entropy"": 0.6882705688476562, ""val_balanced_accuracy"": 0.5247724056243896, ""test_cross_entropy"": 0.6850956678390503, ""test_balanced_accuracy"": 0.5335632562637329}"
2026-04-06T22:26:05.977323,tpe,lcbench,34539,1,163,2.980125665664673,"{""OpenML_task_id"": ""168335"", ""batch_size"": 276, ""epoch"": 1, ""learning_rate"": 0.02859671107595269, ""max_dropout"": 0.3636274875080486, ""max_units"": 653, ""momentum"": 0.1506964614558714, ""num_layers"": 2, ""weight_decay"": 0.08727829472379149}","{""time"": 2.980125665664673, ""val_accuracy"": 48.2104606628418, ""val_cross_entropy"": 0.7263129353523254, ""val_balanced_accuracy"": 0.4981454610824585, ""test_cross_entropy"": 0.7021026611328125, ""test_balanced_accuracy"": 0.505089521408081}"
2026-04-06T22:26:06.012804,tpe,lcbench,34539,1,164,8.095044136047363,"{""OpenML_task_id"": ""168335"", ""batch_size"": 294, ""epoch"": 3, ""learning_rate"": 0.037209432987614074, ""max_dropout"": 0.36227982225335686, ""max_units"": 660, ""momentum"": 0.11659802279618862, ""num_layers"": 2, ""weight_decay"": 0.07891309337030768}","{""time"": 8.095044136047363, ""val_accuracy"": 64.76422882080078, ""val_cross_entropy"": 0.6808164119720459, ""val_balanced_accuracy"": 0.545158863067627, ""test_cross_entropy"": 0.676343560218811, ""test_balanced_accuracy"": 0.5556238889694214}"
2026-04-06T22:26:06.041660,tpe,lcbench,34539,1,165,4.601894855499268,"{""OpenML_task_id"": ""168335"", ""batch_size"": 273, ""epoch"": 2, ""learning_rate"": 0.0351325663183154, ""max_dropout"": 0.41426590947011316, ""max_units"": 747, ""momentum"": 0.14960433129271605, ""num_layers"": 2, ""weight_decay"": 0.08247825189400546}","{""time"": 4.601894855499268, ""val_accuracy"": 61.31438446044922, ""val_cross_entropy"": 0.6904367208480835, ""val_balanced_accuracy"": 0.5337963700294495, ""test_cross_entropy"": 0.6827282309532166, ""test_balanced_accuracy"": 0.5428077578544617}"
2026-04-06T22:26:06.078256,tpe,lcbench,34539,1,166,2.8406786918640137,"{""OpenML_task_id"": ""168330"", ""batch_size"": 191, ""epoch"": 1, ""learning_rate"": 0.030519745001402712, ""max_dropout"": 0.3910021561378095, ""max_units"": 714, ""momentum"": 0.16979087198048856, ""num_layers"": 2, ""weight_decay"": 0.08668662467752396}","{""time"": 2.8406786918640137, ""val_accuracy"": 47.25517654418945, ""val_cross_entropy"": 0.7419363856315613, ""val_balanced_accuracy"": 0.4857611358165741, ""test_cross_entropy"": 0.7049522399902344, ""test_balanced_accuracy"": 0.4944291412830353}"
2026-04-06T22:26:06.107233,tpe,lcbench,34539,1,167,9.867415428161621,"{""OpenML_task_id"": ""168330"", ""batch_size"": 178, ""epoch"": 4, ""learning_rate"": 0.030447801805335555, ""max_dropout"": 0.39018572634385096, ""max_units"": 643, ""momentum"": 0.17469797253817645, ""num_layers"": 2, ""weight_decay"": 0.08811126650915327}","{""time"": 9.867415428161621, ""val_accuracy"": 69.4034652709961, ""val_cross_entropy"": 0.6509197354316711, ""val_balanced_accuracy"": 0.5396787524223328, ""test_cross_entropy"": 0.6809691786766052, ""test_balanced_accuracy"": 0.5484504103660583}"
2026-04-06T22:26:06.137530,tpe,lcbench,34539,1,168,34.64994430541992,"{""OpenML_task_id"": ""126025"", ""batch_size"": 193, ""epoch"": 18, ""learning_rate"": 0.033282701371019734, ""max_dropout"": 0.35657582334135807, ""max_units"": 710, ""momentum"": 0.19630515041479418, ""num_layers"": 2, ""weight_decay"": 0.08408872290030975}","{""time"": 34.64994430541992, ""val_accuracy"": 72.13612365722656, ""val_cross_entropy"": 0.647918164730072, ""val_balanced_accuracy"": 0.5321221351623535, ""test_cross_entropy"": 0.6858572959899902, ""test_balanced_accuracy"": 0.5383021831512451}"
2026-04-06T22:26:06.182006,tpe,lcbench,34539,1,169,8.334892272949219,"{""OpenML_task_id"": ""168868"", ""batch_size"": 212, ""epoch"": 3, ""learning_rate"": 0.02668415238127583, ""max_dropout"": 0.42130131158813205, ""max_units"": 690, ""momentum"": 0.5378009070337556, ""num_layers"": 2, ""weight_decay"": 0.08637561368627801}","{""time"": 8.334892272949219, ""val_accuracy"": 68.88885498046875, ""val_cross_entropy"": 0.6490340828895569, ""val_balanced_accuracy"": 0.5348879098892212, ""test_cross_entropy"": 0.6798280477523804, ""test_balanced_accuracy"": 0.5454927682876587}"
2026-04-06T22:26:06.226717,tpe,lcbench,34539,1,170,2.92295241355896,"{""OpenML_task_id"": ""168330"", ""batch_size"": 186, ""epoch"": 1, ""learning_rate"": 0.022534976337327827, ""max_dropout"": 0.29256743136578595, ""max_units"": 652, ""momentum"": 0.11944539268928406, ""num_layers"": 2, ""weight_decay"": 0.09674189979078408}","{""time"": 2.92295241355896, ""val_accuracy"": 48.214874267578125, ""val_cross_entropy"": 0.7255330085754395, ""val_balanced_accuracy"": 0.4875330626964569, ""test_cross_entropy"": 0.7011763453483582, ""test_balanced_accuracy"": 0.496309369802475}"
2026-04-06T22:26:06.268002,tpe,lcbench,34539,1,171,42.325111389160156,"{""OpenML_task_id"": ""168330"", ""batch_size"": 188, ""epoch"": 24, ""learning_rate"": 0.02177465106457803, ""max_dropout"": 0.28966502008374806, ""max_units"": 660, ""momentum"": 0.12023622473808751, ""num_layers"": 2, ""weight_decay"": 0.09549994635591173}","{""time"": 42.325111389160156, ""val_accuracy"": 72.32099914550781, ""val_cross_entropy"": 0.6702404618263245, ""val_balanced_accuracy"": 0.5290385484695435, ""test_cross_entropy"": 0.6895462274551392, ""test_balanced_accuracy"": 0.5361718535423279}"
2026-04-06T22:26:06.311297,tpe,lcbench,34539,1,172,2.9452638626098633,"{""OpenML_task_id"": ""168330"", ""batch_size"": 174, ""epoch"": 1, ""learning_rate"": 0.018635120455840197, ""max_dropout"": 0.314119955903663, ""max_units"": 731, ""momentum"": 0.1597256460675115, ""num_layers"": 2, ""weight_decay"": 0.09776437133052765}","{""time"": 2.9452638626098633, ""val_accuracy"": 47.58893585205078, ""val_cross_entropy"": 0.7278995513916016, ""val_balanced_accuracy"": 0.4855656921863556, ""test_cross_entropy"": 0.7018032073974609, ""test_balanced_accuracy"": 0.49437350034713745}"
2026-04-06T22:26:06.353457,tpe,lcbench,34539,1,173,2.8839073181152344,"{""OpenML_task_id"": ""168330"", ""batch_size"": 172, ""epoch"": 1, ""learning_rate"": 0.01905887153398815, ""max_dropout"": 0.31269825918310146, ""max_units"": 759, ""momentum"": 0.12928963179980163, ""num_layers"": 2, ""weight_decay"": 0.09996928944985045}","{""time"": 2.8839073181152344, ""val_accuracy"": 47.611907958984375, ""val_cross_entropy"": 0.7298396229743958, ""val_balanced_accuracy"": 0.48552122712135315, ""test_cross_entropy"": 0.7019597887992859, ""test_balanced_accuracy"": 0.4943980276584625}"
2026-04-06T22:26:06.397657,tpe,lcbench,34539,1,174,4.129169464111328,"{""OpenML_task_id"": ""168910"", ""batch_size"": 201, ""epoch"": 2, ""learning_rate"": 0.015819992566919166, ""max_dropout"": 0.3089617476367149, ""max_units"": 727, ""momentum"": 0.12318055397627255, ""num_layers"": 2, ""weight_decay"": 0.0997950287472475}","{""time"": 4.129169464111328, ""val_accuracy"": 59.606849670410156, ""val_cross_entropy"": 0.7035343647003174, ""val_balanced_accuracy"": 0.5221724510192871, ""test_cross_entropy"": 0.6874111294746399, ""test_balanced_accuracy"": 0.529687762260437}"
2026-04-06T22:26:06.442390,tpe,lcbench,34539,1,175,2.871356964111328,"{""OpenML_task_id"": ""168330"", ""batch_size"": 174, ""epoch"": 1, ""learning_rate"": 0.017757346699714703, ""max_dropout"": 0.2898885873884844, ""max_units"": 799, ""momentum"": 0.11639856922834224, ""num_layers"": 2, ""weight_decay"": 0.0977494105679868}","{""time"": 2.871356964111328, ""val_accuracy"": 47.52272415161133, ""val_cross_entropy"": 0.7265801429748535, ""val_balanced_accuracy"": 0.48608922958374023, ""test_cross_entropy"": 0.7014878988265991, ""test_balanced_accuracy"": 0.4949537515640259}"
2026-04-06T22:26:06.486798,tpe,lcbench,34539,1,176,4.002272605895996,"{""OpenML_task_id"": ""168330"", ""batch_size"": 177, ""epoch"": 2, ""learning_rate"": 0.014190241252424286, ""max_dropout"": 0.2807287630584295, ""max_units"": 803, ""momentum"": 0.12341040841721826, ""num_layers"": 2, ""weight_decay"": 0.09748230087961711}","{""time"": 4.002272605895996, ""val_accuracy"": 60.205230712890625, ""val_cross_entropy"": 0.7001998424530029, ""val_balanced_accuracy"": 0.5242481827735901, ""test_cross_entropy"": 0.6868558526039124, ""test_balanced_accuracy"": 0.5323200821876526}"
2026-04-06T22:26:06.529217,tpe,lcbench,34539,1,177,9.460230827331543,"{""OpenML_task_id"": ""168330"", ""batch_size"": 168, ""epoch"": 4, ""learning_rate"": 0.017347409374075973, ""max_dropout"": 0.30595004667743003, ""max_units"": 786, ""momentum"": 0.10029262408195505, ""num_layers"": 2, ""weight_decay"": 0.09795269167731221}","{""time"": 9.460230827331543, ""val_accuracy"": 68.732666015625, ""val_cross_entropy"": 0.6425654292106628, ""val_balanced_accuracy"": 0.5441854596138, ""test_cross_entropy"": 0.6773123741149902, ""test_balanced_accuracy"": 0.5515955686569214}"
2026-04-06T22:26:06.570079,tpe,lcbench,34539,1,178,6.573676586151123,"{""OpenML_task_id"": ""168330"", ""batch_size"": 194, ""epoch"": 3, ""learning_rate"": 0.019728614734547786, ""max_dropout"": 0.318738053571663, ""max_units"": 722, ""momentum"": 0.11615356466434819, ""num_layers"": 2, ""weight_decay"": 0.09985253272898592}","{""time"": 6.573676586151123, ""val_accuracy"": 66.45934295654297, ""val_cross_entropy"": 0.6585187315940857, ""val_balanced_accuracy"": 0.5388137698173523, ""test_cross_entropy"": 0.6784936189651489, ""test_balanced_accuracy"": 0.547205924987793}"
2026-04-06T22:26:06.617843,tpe,lcbench,34539,1,179,2.865779161453247,"{""OpenML_task_id"": ""168330"", ""batch_size"": 156, ""epoch"": 1, ""learning_rate"": 0.010092873643891704, ""max_dropout"": 0.38781144951485524, ""max_units"": 833, ""momentum"": 0.1331527626370501, ""num_layers"": 2, ""weight_decay"": 0.09200751280623258}","{""time"": 2.865779161453247, ""val_accuracy"": 47.20914077758789, ""val_cross_entropy"": 0.716331958770752, ""val_balanced_accuracy"": 0.4885421395301819, ""test_cross_entropy"": 0.7013379335403442, ""test_balanced_accuracy"": 0.4967440664768219}"
2026-04-06T22:26:06.662666,tpe,lcbench,34539,1,180,4.017611980438232,"{""OpenML_task_id"": ""168330"", ""batch_size"": 160, ""epoch"": 2, ""learning_rate"": 0.009453479754955058, ""max_dropout"": 0.4010150809424921, ""max_units"": 882, ""momentum"": 0.16083210248329252, ""num_layers"": 2, ""weight_decay"": 0.09653502516021976}","{""time"": 4.017611980438232, ""val_accuracy"": 59.789485931396484, ""val_cross_entropy"": 0.7073477506637573, ""val_balanced_accuracy"": 0.5298211574554443, ""test_cross_entropy"": 0.6871793270111084, ""test_balanced_accuracy"": 0.5368359684944153}"
2026-04-06T22:26:06.713731,tpe,lcbench,34539,1,181,2.8239450454711914,"{""OpenML_task_id"": ""168330"", ""batch_size"": 153, ""epoch"": 1, ""learning_rate"": 0.004011338160945858, ""max_dropout"": 0.34857083819203294, ""max_units"": 837, ""momentum"": 0.1375559357919653, ""num_layers"": 2, ""weight_decay"": 0.09137137908595444}","{""time"": 2.8239450454711914, ""val_accuracy"": 47.30946731567383, ""val_cross_entropy"": 0.6899476051330566, ""val_balanced_accuracy"": 0.4887937903404236, ""test_cross_entropy"": 0.696750283241272, ""test_balanced_accuracy"": 0.49715733528137207}"
2026-04-06T22:26:06.762350,tpe,lcbench,34539,1,182,2.674736738204956,"{""OpenML_task_id"": ""168330"", ""batch_size"": 151, ""epoch"": 1, ""learning_rate"": 0.0025478308146455004, ""max_dropout"": 0.38790662563493694, ""max_units"": 868, ""momentum"": 0.13229414659369124, ""num_layers"": 2, ""weight_decay"": 0.091026708549812}","{""time"": 2.674736738204956, ""val_accuracy"": 47.62244415283203, ""val_cross_entropy"": 0.6778662204742432, ""val_balanced_accuracy"": 0.4912593960762024, ""test_cross_entropy"": 0.6958575248718262, ""test_balanced_accuracy"": 0.4989261329174042}"
2026-04-06T22:26:06.810193,tpe,lcbench,34539,1,183,6.531842231750488,"{""OpenML_task_id"": ""168330"", ""batch_size"": 153, ""epoch"": 3, ""learning_rate"": 0.005233141507333309, ""max_dropout"": 0.3856637235321704, ""max_units"": 876, ""momentum"": 0.1252791829208626, ""num_layers"": 2, ""weight_decay"": 0.09156573037890015}","{""time"": 6.531842231750488, ""val_accuracy"": 64.3684310913086, ""val_cross_entropy"": 0.66477370262146, ""val_balanced_accuracy"": 0.5505465865135193, ""test_cross_entropy"": 0.6770048141479492, ""test_balanced_accuracy"": 0.5587419867515564}"
2026-04-06T22:26:06.857782,tpe,lcbench,34539,1,184,2.4516212940216064,"{""OpenML_task_id"": ""168330"", ""batch_size"": 172, ""epoch"": 1, ""learning_rate"": 0.0017933218980811356, ""max_dropout"": 0.448655564847214, ""max_units"": 847, ""momentum"": 0.11312578285095798, ""num_layers"": 2, ""weight_decay"": 0.0904792142761779}","{""time"": 2.4516212940216064, ""val_accuracy"": 48.30618667602539, ""val_cross_entropy"": 0.6613795757293701, ""val_balanced_accuracy"": 0.4928285479545593, ""test_cross_entropy"": 0.6933417916297913, ""test_balanced_accuracy"": 0.4995422065258026}"
2026-04-06T22:26:06.909477,tpe,lcbench,34539,1,185,28.85871124267578,"{""OpenML_task_id"": ""168330"", ""batch_size"": 171, ""epoch"": 15, ""learning_rate"": 0.002528357102530194, ""max_dropout"": 0.4506040244078624, ""max_units"": 843, ""momentum"": 0.10061117648803831, ""num_layers"": 2, ""weight_decay"": 0.09016024790656887}","{""time"": 28.85871124267578, ""val_accuracy"": 68.3412857055664, ""val_cross_entropy"": 0.6578723788261414, ""val_balanced_accuracy"": 0.5639464855194092, ""test_cross_entropy"": 0.6739132404327393, ""test_balanced_accuracy"": 0.5710623264312744}"
2026-04-06T22:26:06.956653,tpe,lcbench,34539,1,186,4.056656837463379,"{""OpenML_task_id"": ""168330"", ""batch_size"": 152, ""epoch"": 2, ""learning_rate"": 0.011841238889942032, ""max_dropout"": 0.43647497487936476, ""max_units"": 829, ""momentum"": 0.11609152210755275, ""num_layers"": 2, ""weight_decay"": 0.08676545173318134}","{""time"": 4.056656837463379, ""val_accuracy"": 60.56815719604492, ""val_cross_entropy"": 0.6955808401107788, ""val_balanced_accuracy"": 0.5302832126617432, ""test_cross_entropy"": 0.6854785680770874, ""test_balanced_accuracy"": 0.5373543500900269}"
2026-04-06T22:26:07.007744,tpe,lcbench,34539,1,187,2.687286853790283,"{""OpenML_task_id"": ""168330"", ""batch_size"": 141, ""epoch"": 1, ""learning_rate"": 0.0021889402233430683, ""max_dropout"": 0.41445441787397896, ""max_units"": 845, ""momentum"": 0.129742601560385, ""num_layers"": 2, ""weight_decay"": 0.0798523177938502}","{""time"": 2.687286853790283, ""val_accuracy"": 47.61290740966797, ""val_cross_entropy"": 0.6771427989006042, ""val_balanced_accuracy"": 0.4914112091064453, ""test_cross_entropy"": 0.6963074207305908, ""test_balanced_accuracy"": 0.4989042282104492}"
2026-04-06T22:26:07.058504,tpe,lcbench,34539,1,188,5.893174648284912,"{""OpenML_task_id"": ""7593"", ""batch_size"": 149, ""epoch"": 3, ""learning_rate"": 0.0003764057316858649, ""max_dropout"": 0.4682269001344895, ""max_units"": 918, ""momentum"": 0.12512207334186456, ""num_layers"": 2, ""weight_decay"": 0.08340945474415898}","{""time"": 5.893174648284912, ""val_accuracy"": 53.2537956237793, ""val_cross_entropy"": 0.7113050222396851, ""val_balanced_accuracy"": 0.5310372114181519, ""test_cross_entropy"": 0.69679856300354, ""test_balanced_accuracy"": 0.5381358861923218}"
2026-04-06T22:26:07.108065,tpe,lcbench,34539,1,189,9.570393562316895,"{""OpenML_task_id"": ""168330"", ""batch_size"": 166, ""epoch"": 4, ""learning_rate"": 0.0033531949278630476, ""max_dropout"": 0.412296743996393, ""max_units"": 860, ""momentum"": 0.11349678367942394, ""num_layers"": 2, ""weight_decay"": 0.08113529187304401}","{""time"": 9.570393562316895, ""val_accuracy"": 64.22237396240234, ""val_cross_entropy"": 0.6630432605743408, ""val_balanced_accuracy"": 0.5562463402748108, ""test_cross_entropy"": 0.6771033406257629, ""test_balanced_accuracy"": 0.5639723539352417}"
2026-04-06T22:26:07.156852,tpe,lcbench,34539,1,190,4.332762241363525,"{""OpenML_task_id"": ""126026"", ""batch_size"": 136, ""epoch"": 2, ""learning_rate"": 0.0043318083566595035, ""max_dropout"": 0.42497777155763267, ""max_units"": 778, ""momentum"": 0.13315201215335012, ""num_layers"": 2, ""weight_decay"": 0.08924388694967728}","{""time"": 4.332762241363525, ""val_accuracy"": 57.73614501953125, ""val_cross_entropy"": 0.7199162244796753, ""val_balanced_accuracy"": 0.5257431864738464, ""test_cross_entropy"": 0.6919633746147156, ""test_balanced_accuracy"": 0.5329011678695679}"
2026-04-06T22:26:07.194433,tpe,lcbench,34539,1,191,2.047224998474121,"{""OpenML_task_id"": ""168330"", ""batch_size"": 180, ""epoch"": 1, ""learning_rate"": 0.0002553187498753656, ""max_dropout"": 0.3983548555025074, ""max_units"": 758, ""momentum"": 0.1595409086926453, ""num_layers"": 2, ""weight_decay"": 0.07774129180010425}","{""time"": 2.047224998474121, ""val_accuracy"": 46.1645622253418, ""val_cross_entropy"": 0.6246525049209595, ""val_balanced_accuracy"": 0.4769175052642822, ""test_cross_entropy"": 0.6881575584411621, ""test_balanced_accuracy"": 0.48241132497787476}"
2026-04-06T22:26:07.242053,tpe,lcbench,34539,1,192,2.932713747024536,"{""OpenML_task_id"": ""168330"", ""batch_size"": 182, ""epoch"": 1, ""learning_rate"": 0.007585986179769327, ""max_dropout"": 0.399429426476028, ""max_units"": 770, ""momentum"": 0.17637991075286258, ""num_layers"": 2, ""weight_decay"": 0.08037382856623733}","{""time"": 2.932713747024536, ""val_accuracy"": 47.3265266418457, ""val_cross_entropy"": 0.6999871134757996, ""val_balanced_accuracy"": 0.4896186292171478, ""test_cross_entropy"": 0.699397623538971, ""test_balanced_accuracy"": 0.4969629943370819}"
2026-04-06T22:26:07.286021,tpe,lcbench,34539,1,193,2.935502767562866,"{""OpenML_task_id"": ""168330"", ""batch_size"": 182, ""epoch"": 1, ""learning_rate"": 0.006185578400721773, ""max_dropout"": 0.40385960375690877, ""max_units"": 802, ""momentum"": 0.18159703513516653, ""num_layers"": 2, ""weight_decay"": 0.07808199106583327}","{""time"": 2.935502767562866, ""val_accuracy"": 47.14750289916992, ""val_cross_entropy"": 0.6951420307159424, ""val_balanced_accuracy"": 0.489798903465271, ""test_cross_entropy"": 0.69864821434021, ""test_balanced_accuracy"": 0.4969591796398163}"
2026-04-06T22:26:07.327272,tpe,lcbench,34539,1,194,4.391329765319824,"{""OpenML_task_id"": ""168330"", ""batch_size"": 141, ""epoch"": 2, ""learning_rate"": 0.006886201094389852, ""max_dropout"": 0.4432788008786785, ""max_units"": 768, ""momentum"": 0.16357162269149836, ""num_layers"": 2, ""weight_decay"": 0.07642010966401185}","{""time"": 4.391329765319824, ""val_accuracy"": 58.867366790771484, ""val_cross_entropy"": 0.7090473771095276, ""val_balanced_accuracy"": 0.5258354544639587, ""test_cross_entropy"": 0.6884045600891113, ""test_balanced_accuracy"": 0.5333292484283447}"
2026-04-06T22:26:07.416042,tpe,lcbench,34539,1,195,2.2563955783843994,"{""OpenML_task_id"": ""168330"", ""batch_size"": 158, ""epoch"": 1, ""learning_rate"": 0.0003397743125388552, ""max_dropout"": 0.4771524007931578, ""max_units"": 838, ""momentum"": 0.1786595809968936, ""num_layers"": 2, ""weight_decay"": 0.08119806488816057}","{""time"": 2.2563955783843994, ""val_accuracy"": 46.316349029541016, ""val_cross_entropy"": 0.6300206184387207, ""val_balanced_accuracy"": 0.47673195600509644, ""test_cross_entropy"": 0.6930856704711914, ""test_balanced_accuracy"": 0.4828384518623352}"
2026-04-06T22:26:07.488081,tpe,lcbench,34539,1,196,4.274194240570068,"{""OpenML_task_id"": ""167161"", ""batch_size"": 162, ""epoch"": 2, ""learning_rate"": 0.0012986497111112352, ""max_dropout"": 0.4857327702702323, ""max_units"": 895, ""momentum"": 0.1530208326470295, ""num_layers"": 2, ""weight_decay"": 0.08271094739454657}","{""time"": 4.274194240570068, ""val_accuracy"": 53.90106201171875, ""val_cross_entropy"": 0.7170400023460388, ""val_balanced_accuracy"": 0.5226317644119263, ""test_cross_entropy"": 0.699920654296875, ""test_balanced_accuracy"": 0.5284415483474731}"
2026-04-06T22:26:07.520649,tpe,lcbench,34539,1,197,6.469090938568115,"{""OpenML_task_id"": ""126029"", ""batch_size"": 175, ""epoch"": 3, ""learning_rate"": 0.0029276264417038944, ""max_dropout"": 0.46923074761949035, ""max_units"": 840, ""momentum"": 0.10096777718098912, ""num_layers"": 2, ""weight_decay"": 0.08575356484772437}","{""time"": 6.469090938568115, ""val_accuracy"": 60.8454704284668, ""val_cross_entropy"": 0.6872593760490417, ""val_balanced_accuracy"": 0.5453169345855713, ""test_cross_entropy"": 0.6834943294525146, ""test_balanced_accuracy"": 0.5517986416816711}"
2026-04-06T22:26:07.569375,tpe,lcbench,34539,1,198,2.354008436203003,"{""OpenML_task_id"": ""167200"", ""batch_size"": 146, ""epoch"": 1, ""learning_rate"": 0.0015063333259757675, ""max_dropout"": 0.5332029896935425, ""max_units"": 816, ""momentum"": 0.13370276288471195, ""num_layers"": 2, ""weight_decay"": 0.09111117096754859}","{""time"": 2.354008436203003, ""val_accuracy"": 48.40468978881836, ""val_cross_entropy"": 0.6632487773895264, ""val_balanced_accuracy"": 0.4960141181945801, ""test_cross_entropy"": 0.6965093612670898, ""test_balanced_accuracy"": 0.5028555393218994}"
2026-04-06T22:26:07.621755,tpe,lcbench,34539,1,199,5.982420921325684,"{""OpenML_task_id"": ""168330"", ""batch_size"": 143, ""epoch"": 3, ""learning_rate"": 0.0007504083744252271, ""max_dropout"": 0.5345965278330096, ""max_units"": 814, ""momentum"": 0.11594633841039405, ""num_layers"": 2, ""weight_decay"": 0.08702929243260264}","{""time"": 5.982420921325684, ""val_accuracy"": 56.793670654296875, ""val_cross_entropy"": 0.710208535194397, ""val_balanced_accuracy"": 0.5397940278053284, ""test_cross_entropy"": 0.6926205158233643, ""test_balanced_accuracy"": 0.545276403427124}"
