timestamp,optimizer,bench,instance,seed,trial_id,score,cfg_json,out_json
2026-04-17T23:37:21.157945,cats,lcbench,126025,2,0,78.67338562011719,"{""OpenML_task_id"": ""7593"", ""batch_size"": 74, ""epoch"": 24, ""learning_rate"": 0.005865048293680262, ""max_dropout"": 0.7894933793161025, ""max_units"": 315, ""momentum"": 0.9217810024070308, ""num_layers"": 5, ""weight_decay"": 0.00687944575901906}","{""time"": 78.67338562011719, ""val_accuracy"": 81.9482421875, ""val_cross_entropy"": 0.26198431849479675, ""val_balanced_accuracy"": 0.8100224137306213, ""test_cross_entropy"": 0.47735103964805603, ""test_balanced_accuracy"": 0.7831727862358093}"
2026-04-17T23:37:21.159948,cats,lcbench,126025,2,1,56.64493179321289,"{""OpenML_task_id"": ""167181"", ""batch_size"": 206, ""epoch"": 33, ""learning_rate"": 0.00038556578382350966, ""max_dropout"": 0.13681463485910494, ""max_units"": 352, ""momentum"": 0.240603959824014, ""num_layers"": 1, ""weight_decay"": 0.008704150579438092}","{""time"": 56.64493179321289, ""val_accuracy"": 73.89102172851562, ""val_cross_entropy"": 0.5373844504356384, ""val_balanced_accuracy"": 0.7198197245597839, ""test_cross_entropy"": 0.6120660305023193, ""test_balanced_accuracy"": 0.7177591919898987}"
2026-04-17T23:37:21.159948,cats,lcbench,126025,2,2,28.270244598388672,"{""OpenML_task_id"": ""168910"", ""batch_size"": 390, ""epoch"": 10, ""learning_rate"": 0.00675231889693394, ""max_dropout"": 0.2044096810331505, ""max_units"": 91, ""momentum"": 0.6832248924761508, ""num_layers"": 1, ""weight_decay"": 0.0269454519138669}","{""time"": 28.270244598388672, ""val_accuracy"": 79.80081939697266, ""val_cross_entropy"": 0.45493581891059875, ""val_balanced_accuracy"": 0.7966462969779968, ""test_cross_entropy"": 0.5611687898635864, ""test_balanced_accuracy"": 0.7950994372367859}"
2026-04-17T23:37:21.161449,cats,lcbench,126025,2,3,75.82029724121094,"{""OpenML_task_id"": ""189909"", ""batch_size"": 208, ""epoch"": 45, ""learning_rate"": 0.0069098421769671625, ""max_dropout"": 0.7883095738583964, ""max_units"": 320, ""momentum"": 0.864218833457918, ""num_layers"": 1, ""weight_decay"": 0.003975845218033023}","{""time"": 75.82029724121094, ""val_accuracy"": 78.84162902832031, ""val_cross_entropy"": 0.4241235554218292, ""val_balanced_accuracy"": 0.8052286505699158, ""test_cross_entropy"": 0.533185601234436, ""test_balanced_accuracy"": 0.8067890405654907}"
2026-04-17T23:37:21.161951,cats,lcbench,126025,2,4,29.837627410888672,"{""OpenML_task_id"": ""168331"", ""batch_size"": 226, ""epoch"": 9, ""learning_rate"": 0.018334872598087765, ""max_dropout"": 0.4348379200243466, ""max_units"": 484, ""momentum"": 0.8637761085102931, ""num_layers"": 2, ""weight_decay"": 0.05881107411329744}","{""time"": 29.837627410888672, ""val_accuracy"": 79.0973892211914, ""val_cross_entropy"": 0.4443023204803467, ""val_balanced_accuracy"": 0.8174365758895874, ""test_cross_entropy"": 0.5517759323120117, ""test_balanced_accuracy"": 0.8122239112854004}"
2026-04-17T23:37:21.162953,cats,lcbench,126025,2,5,61.63853073120117,"{""OpenML_task_id"": ""189905"", ""batch_size"": 453, ""epoch"": 40, ""learning_rate"": 0.01761931308559528, ""max_dropout"": 0.6264528127056512, ""max_units"": 94, ""momentum"": 0.19710817584417556, ""num_layers"": 2, ""weight_decay"": 0.09906666738267382}","{""time"": 61.63853073120117, ""val_accuracy"": 78.02825164794922, ""val_cross_entropy"": 0.5010478496551514, ""val_balanced_accuracy"": 0.7930381298065186, ""test_cross_entropy"": 0.5740435719490051, ""test_balanced_accuracy"": 0.7907905578613281}"
2026-04-17T23:37:21.164455,cats,lcbench,126025,2,6,91.84416198730469,"{""OpenML_task_id"": ""167181"", ""batch_size"": 504, ""epoch"": 17, ""learning_rate"": 0.00019300296485006633, ""max_dropout"": 0.738794756489657, ""max_units"": 536, ""momentum"": 0.40167826775367277, ""num_layers"": 5, ""weight_decay"": 0.0502679801763854}","{""time"": 91.84416198730469, ""val_accuracy"": 38.269065856933594, ""val_cross_entropy"": 0.6103638410568237, ""val_balanced_accuracy"": 0.5620051026344299, ""test_cross_entropy"": 0.6919931173324585, ""test_balanced_accuracy"": 0.5549164414405823}"
2026-04-17T23:37:21.165458,cats,lcbench,126025,2,7,14.975361824035645,"{""OpenML_task_id"": ""146212"", ""batch_size"": 283, ""epoch"": 3, ""learning_rate"": 0.0006141396889545864, ""max_dropout"": 0.31992798133069, ""max_units"": 89, ""momentum"": 0.6956464607131679, ""num_layers"": 2, ""weight_decay"": 0.05918034528540997}","{""time"": 14.975361824035645, ""val_accuracy"": 64.39740753173828, ""val_cross_entropy"": 0.613850474357605, ""val_balanced_accuracy"": 0.6577991247177124, ""test_cross_entropy"": 0.6687781810760498, ""test_balanced_accuracy"": 0.6631568670272827}"
2026-04-17T23:37:21.166458,cats,lcbench,126025,2,8,845.701904296875,"{""OpenML_task_id"": ""167185"", ""batch_size"": 45, ""epoch"": 45, ""learning_rate"": 0.062418401715567826, ""max_dropout"": 0.7260473804655659, ""max_units"": 514, ""momentum"": 0.6376280408220804, ""num_layers"": 4, ""weight_decay"": 0.08570902971241236}","{""time"": 845.701904296875, ""val_accuracy"": 76.32750701904297, ""val_cross_entropy"": 0.472989559173584, ""val_balanced_accuracy"": 0.7392153739929199, ""test_cross_entropy"": 0.6138920783996582, ""test_balanced_accuracy"": 0.7322605848312378}"
2026-04-17T23:37:21.166960,cats,lcbench,126025,2,9,86.3973617553711,"{""OpenML_task_id"": ""168908"", ""batch_size"": 311, ""epoch"": 33, ""learning_rate"": 0.0019239226619983745, ""max_dropout"": 0.3122939360378799, ""max_units"": 146, ""momentum"": 0.4138608904710198, ""num_layers"": 4, ""weight_decay"": 0.04272390448493666}","{""time"": 86.3973617553711, ""val_accuracy"": 74.43675994873047, ""val_cross_entropy"": 0.613392174243927, ""val_balanced_accuracy"": 0.7497000098228455, ""test_cross_entropy"": 0.6720335483551025, ""test_balanced_accuracy"": 0.752828061580658}"
2026-04-17T23:37:21.167962,cats,lcbench,126025,2,10,69.91610717773438,"{""OpenML_task_id"": ""167104"", ""batch_size"": 41, ""epoch"": 38, ""learning_rate"": 0.0006800247830259601, ""max_dropout"": 0.8332303478957153, ""max_units"": 337, ""momentum"": 0.12002753718734717, ""num_layers"": 1, ""weight_decay"": 0.05867136189761876}","{""time"": 69.91610717773438, ""val_accuracy"": 78.33379364013672, ""val_cross_entropy"": 0.45930513739585876, ""val_balanced_accuracy"": 0.7886471152305603, ""test_cross_entropy"": 0.5667307376861572, ""test_balanced_accuracy"": 0.7817341089248657}"
2026-04-17T23:37:21.168962,cats,lcbench,126025,2,11,65.12191772460938,"{""OpenML_task_id"": ""167181"", ""batch_size"": 108, ""epoch"": 47, ""learning_rate"": 0.014765860817774559, ""max_dropout"": 0.5139866849242356, ""max_units"": 670, ""momentum"": 0.2407728124627116, ""num_layers"": 2, ""weight_decay"": 0.06144764692253374}","{""time"": 65.12191772460938, ""val_accuracy"": 79.02742004394531, ""val_cross_entropy"": 0.42075100541114807, ""val_balanced_accuracy"": 0.8219690322875977, ""test_cross_entropy"": 0.5495467782020569, ""test_balanced_accuracy"": 0.813734233379364}"
2026-04-17T23:37:21.169963,cats,lcbench,126025,2,12,45.53797149658203,"{""OpenML_task_id"": ""167190"", ""batch_size"": 208, ""epoch"": 20, ""learning_rate"": 0.0029071726768189776, ""max_dropout"": 0.02888408520500574, ""max_units"": 283, ""momentum"": 0.9580695039337949, ""num_layers"": 1, ""weight_decay"": 0.04767558766259219}","{""time"": 45.53797149658203, ""val_accuracy"": 79.22633361816406, ""val_cross_entropy"": 0.46318531036376953, ""val_balanced_accuracy"": 0.800571620464325, ""test_cross_entropy"": 0.5539888739585876, ""test_balanced_accuracy"": 0.797893226146698}"
2026-04-17T23:37:21.169963,cats,lcbench,126025,2,13,31.828933715820312,"{""OpenML_task_id"": ""189905"", ""batch_size"": 451, ""epoch"": 12, ""learning_rate"": 0.0076261627921865435, ""max_dropout"": 0.896656343530642, ""max_units"": 86, ""momentum"": 0.7560434011427234, ""num_layers"": 5, ""weight_decay"": 0.08169901290843638}","{""time"": 31.828933715820312, ""val_accuracy"": 61.93251037597656, ""val_cross_entropy"": 0.5180215835571289, ""val_balanced_accuracy"": 0.5946518182754517, ""test_cross_entropy"": 0.6727890372276306, ""test_balanced_accuracy"": 0.5906615257263184}"
2026-04-17T23:37:21.171974,cats,lcbench,126025,2,14,83.55821228027344,"{""OpenML_task_id"": ""146212"", ""batch_size"": 170, ""epoch"": 19, ""learning_rate"": 0.0007637173038787629, ""max_dropout"": 0.6172487313888874, ""max_units"": 625, ""momentum"": 0.49910164689106973, ""num_layers"": 3, ""weight_decay"": 0.08272588399191476}","{""time"": 83.55821228027344, ""val_accuracy"": 77.70922088623047, ""val_cross_entropy"": 0.4894823431968689, ""val_balanced_accuracy"": 0.8103933334350586, ""test_cross_entropy"": 0.5852468013763428, ""test_balanced_accuracy"": 0.8062567710876465}"
2026-04-17T23:37:21.171974,cats,lcbench,126025,2,15,40.91948699951172,"{""OpenML_task_id"": ""167168"", ""batch_size"": 60, ""epoch"": 8, ""learning_rate"": 0.0013290069632617173, ""max_dropout"": 0.3217820402062418, ""max_units"": 329, ""momentum"": 0.7144237702471686, ""num_layers"": 4, ""weight_decay"": 0.01325691408684516}","{""time"": 40.91948699951172, ""val_accuracy"": 81.18963623046875, ""val_cross_entropy"": 0.40138712525367737, ""val_balanced_accuracy"": 0.8285027146339417, ""test_cross_entropy"": 0.5360987186431885, ""test_balanced_accuracy"": 0.8180714249610901}"
2026-04-17T23:37:21.172977,cats,lcbench,126025,2,16,29.984046936035156,"{""OpenML_task_id"": ""167181"", ""batch_size"": 43, ""epoch"": 10, ""learning_rate"": 0.00045687386275193803, ""max_dropout"": 0.8142501351241413, ""max_units"": 120, ""momentum"": 0.2658509621361941, ""num_layers"": 1, ""weight_decay"": 0.026724887618131073}","{""time"": 29.984046936035156, ""val_accuracy"": 78.0063705444336, ""val_cross_entropy"": 0.45837002992630005, ""val_balanced_accuracy"": 0.7673395872116089, ""test_cross_entropy"": 0.5830832719802856, ""test_balanced_accuracy"": 0.7619245052337646}"
2026-04-17T23:37:21.174482,cats,lcbench,126025,2,17,144.51609802246094,"{""OpenML_task_id"": ""167190"", ""batch_size"": 263, ""epoch"": 44, ""learning_rate"": 0.000227759880882629, ""max_dropout"": 0.617686407877847, ""max_units"": 372, ""momentum"": 0.8172320947912635, ""num_layers"": 5, ""weight_decay"": 0.05181173814391811}","{""time"": 144.51609802246094, ""val_accuracy"": 68.10770416259766, ""val_cross_entropy"": 0.6567420363426208, ""val_balanced_accuracy"": 0.7023155093193054, ""test_cross_entropy"": 0.6934704184532166, ""test_balanced_accuracy"": 0.7002502083778381}"
2026-04-17T23:37:21.174996,cats,lcbench,126025,2,18,83.57355499267578,"{""OpenML_task_id"": ""126029"", ""batch_size"": 460, ""epoch"": 28, ""learning_rate"": 0.0017358337300149185, ""max_dropout"": 0.9492007512138302, ""max_units"": 171, ""momentum"": 0.892984818574356, ""num_layers"": 5, ""weight_decay"": 0.02235070387144579}","{""time"": 83.57355499267578, ""val_accuracy"": 68.05589294433594, ""val_cross_entropy"": 0.5855239629745483, ""val_balanced_accuracy"": 0.6639833450317383, ""test_cross_entropy"": 0.6562334299087524, ""test_balanced_accuracy"": 0.6589619517326355}"
2026-04-17T23:37:21.176000,cats,lcbench,126025,2,19,23.58761215209961,"{""OpenML_task_id"": ""189908"", ""batch_size"": 23, ""epoch"": 15, ""learning_rate"": 0.00465157423394659, ""max_dropout"": 0.7352933102373589, ""max_units"": 87, ""momentum"": 0.5279640437652496, ""num_layers"": 5, ""weight_decay"": 0.04860398242700865}","{""time"": 23.58761215209961, ""val_accuracy"": 87.286376953125, ""val_cross_entropy"": 0.542409360408783, ""val_balanced_accuracy"": 0.6091368794441223, ""test_cross_entropy"": 0.6577532291412354, ""test_balanced_accuracy"": 0.6062611937522888}"
2026-04-17T23:37:21.176000,cats,lcbench,126025,2,20,31.814987182617188,"{""OpenML_task_id"": ""189906"", ""batch_size"": 111, ""epoch"": 8, ""learning_rate"": 0.0026542547502374004, ""max_dropout"": 0.04563236193455056, ""max_units"": 312, ""momentum"": 0.4448678206414233, ""num_layers"": 3, ""weight_decay"": 0.08896944651345551}","{""time"": 31.814987182617188, ""val_accuracy"": 77.7623062133789, ""val_cross_entropy"": 0.4842282831668854, ""val_balanced_accuracy"": 0.7965976595878601, ""test_cross_entropy"": 0.5848636627197266, ""test_balanced_accuracy"": 0.7916462421417236}"
2026-04-17T23:37:21.177002,cats,lcbench,126025,2,21,40.99199676513672,"{""OpenML_task_id"": ""189905"", ""batch_size"": 17, ""epoch"": 24, ""learning_rate"": 0.030737586185342766, ""max_dropout"": 0.6719836831593076, ""max_units"": 666, ""momentum"": 0.5908286184909239, ""num_layers"": 1, ""weight_decay"": 0.03974805119516824}","{""time"": 40.99199676513672, ""val_accuracy"": 76.53700256347656, ""val_cross_entropy"": 0.43024182319641113, ""val_balanced_accuracy"": 0.7893845438957214, ""test_cross_entropy"": 0.5520018339157104, ""test_balanced_accuracy"": 0.7783775329589844}"
2026-04-17T23:37:21.178000,cats,lcbench,126025,2,22,157.7928466796875,"{""OpenML_task_id"": ""168329"", ""batch_size"": 126, ""epoch"": 43, ""learning_rate"": 0.015083461225183158, ""max_dropout"": 0.09563052055391719, ""max_units"": 747, ""momentum"": 0.5636539017729508, ""num_layers"": 3, ""weight_decay"": 0.0218331940010979}","{""time"": 157.7928466796875, ""val_accuracy"": 81.4502182006836, ""val_cross_entropy"": 0.3548969030380249, ""val_balanced_accuracy"": 0.8275204300880432, ""test_cross_entropy"": 0.5175632834434509, ""test_balanced_accuracy"": 0.8194863200187683}"
2026-04-17T23:37:21.178999,cats,lcbench,126025,2,23,28.16844940185547,"{""OpenML_task_id"": ""168335"", ""batch_size"": 128, ""epoch"": 7, ""learning_rate"": 0.003367866796822785, ""max_dropout"": 0.6836815619377893, ""max_units"": 153, ""momentum"": 0.5731234825612332, ""num_layers"": 3, ""weight_decay"": 0.01044651664505143}","{""time"": 28.16844940185547, ""val_accuracy"": 77.5138168334961, ""val_cross_entropy"": 0.5127469897270203, ""val_balanced_accuracy"": 0.8038889765739441, ""test_cross_entropy"": 0.579627513885498, ""test_balanced_accuracy"": 0.8022913336753845}"
2026-04-17T23:37:21.179999,cats,lcbench,126025,2,24,71.66756439208984,"{""OpenML_task_id"": ""167185"", ""batch_size"": 177, ""epoch"": 39, ""learning_rate"": 0.0006256664491436766, ""max_dropout"": 0.3022106483241178, ""max_units"": 326, ""momentum"": 0.42518456323682574, ""num_layers"": 2, ""weight_decay"": 0.030930253508589974}","{""time"": 71.66756439208984, ""val_accuracy"": 77.9839096069336, ""val_cross_entropy"": 0.4322548806667328, ""val_balanced_accuracy"": 0.7952814102172852, ""test_cross_entropy"": 0.5586749315261841, ""test_balanced_accuracy"": 0.7918606996536255}"
2026-04-17T23:37:21.180999,cats,lcbench,126025,2,25,39.02021789550781,"{""OpenML_task_id"": ""168329"", ""batch_size"": 39, ""epoch"": 17, ""learning_rate"": 0.006433649885730832, ""max_dropout"": 0.6867013242372577, ""max_units"": 109, ""momentum"": 0.8112940187482701, ""num_layers"": 4, ""weight_decay"": 0.0807713142196352}","{""time"": 39.02021789550781, ""val_accuracy"": 65.70700073242188, ""val_cross_entropy"": 0.6582927107810974, ""val_balanced_accuracy"": 0.4967564046382904, ""test_cross_entropy"": 0.6941743493080139, ""test_balanced_accuracy"": 0.498304158449173}"
2026-04-17T23:37:21.180999,cats,lcbench,126025,2,26,31.572349548339844,"{""OpenML_task_id"": ""167201"", ""batch_size"": 26, ""epoch"": 25, ""learning_rate"": 0.0025612152763647773, ""max_dropout"": 0.3836785452433298, ""max_units"": 80, ""momentum"": 0.2143457061838295, ""num_layers"": 5, ""weight_decay"": 0.0691436968325063}","{""time"": 31.572349548339844, ""val_accuracy"": 85.54261779785156, ""val_cross_entropy"": 0.5799400210380554, ""val_balanced_accuracy"": 0.5570150017738342, ""test_cross_entropy"": 0.6843404769897461, ""test_balanced_accuracy"": 0.553130567073822}"
2026-04-17T23:37:21.182500,cats,lcbench,126025,2,27,10.034751892089844,"{""OpenML_task_id"": ""168868"", ""batch_size"": 283, ""epoch"": 1, ""learning_rate"": 0.07553262326981651, ""max_dropout"": 0.5166997638379935, ""max_units"": 107, ""momentum"": 0.4083635662913446, ""num_layers"": 1, ""weight_decay"": 0.007248955091918795}","{""time"": 10.034751892089844, ""val_accuracy"": 52.58119201660156, ""val_cross_entropy"": 0.6964902281761169, ""val_balanced_accuracy"": 0.5176485776901245, ""test_cross_entropy"": 0.665054202079773, ""test_balanced_accuracy"": 0.5250347256660461}"
2026-04-17T23:37:21.182500,cats,lcbench,126025,2,28,16.836978912353516,"{""OpenML_task_id"": ""168329"", ""batch_size"": 65, ""epoch"": 16, ""learning_rate"": 0.05830235105750456, ""max_dropout"": 0.04115912122859278, ""max_units"": 90, ""momentum"": 0.4403027225992092, ""num_layers"": 3, ""weight_decay"": 0.03355450647959098}","{""time"": 16.836978912353516, ""val_accuracy"": 80.12812805175781, ""val_cross_entropy"": 0.380340039730072, ""val_balanced_accuracy"": 0.8212716579437256, ""test_cross_entropy"": 0.5341929793357849, ""test_balanced_accuracy"": 0.8076959252357483}"
2026-04-17T23:37:21.184004,cats,lcbench,126025,2,29,88.99944305419922,"{""OpenML_task_id"": ""167184"", ""batch_size"": 46, ""epoch"": 22, ""learning_rate"": 0.00045226361464243726, ""max_dropout"": 0.9033815606210076, ""max_units"": 429, ""momentum"": 0.26847045959418664, ""num_layers"": 5, ""weight_decay"": 0.023588698538293727}","{""time"": 88.99944305419922, ""val_accuracy"": 82.82855224609375, ""val_cross_entropy"": 0.5734055638313293, ""val_balanced_accuracy"": 0.7417038679122925, ""test_cross_entropy"": 0.6580885648727417, ""test_balanced_accuracy"": 0.7350466847419739}"
2026-04-17T23:37:21.185007,cats,lcbench,126025,2,30,39.23357009887695,"{""OpenML_task_id"": ""168331"", ""batch_size"": 29, ""epoch"": 8, ""learning_rate"": 0.00016492037350698173, ""max_dropout"": 0.5443771372320381, ""max_units"": 206, ""momentum"": 0.14200167553123796, ""num_layers"": 1, ""weight_decay"": 0.02384286271649104}","{""time"": 39.23357009887695, ""val_accuracy"": 73.1243896484375, ""val_cross_entropy"": 0.5385507941246033, ""val_balanced_accuracy"": 0.701837420463562, ""test_cross_entropy"": 0.618057370185852, ""test_balanced_accuracy"": 0.7005000710487366}"
2026-04-17T23:37:21.185007,cats,lcbench,126025,2,31,115.9252700805664,"{""OpenML_task_id"": ""126026"", ""batch_size"": 27, ""epoch"": 44, ""learning_rate"": 0.002383981026295952, ""max_dropout"": 0.4353922261426365, ""max_units"": 278, ""momentum"": 0.2432313202244546, ""num_layers"": 3, ""weight_decay"": 0.08275213373383035}","{""time"": 115.9252700805664, ""val_accuracy"": 79.2178726196289, ""val_cross_entropy"": 0.46995097398757935, ""val_balanced_accuracy"": 0.7793327569961548, ""test_cross_entropy"": 0.5629730224609375, ""test_balanced_accuracy"": 0.7748417854309082}"
2026-04-17T23:37:21.186509,cats,lcbench,126025,2,32,136.19668579101562,"{""OpenML_task_id"": ""189906"", ""batch_size"": 99, ""epoch"": 15, ""learning_rate"": 0.0014167539915652405, ""max_dropout"": 0.6656299091857774, ""max_units"": 944, ""momentum"": 0.3597601829112991, ""num_layers"": 4, ""weight_decay"": 0.030988050395482646}","{""time"": 136.19668579101562, ""val_accuracy"": 76.73096466064453, ""val_cross_entropy"": 0.4730357825756073, ""val_balanced_accuracy"": 0.8248320817947388, ""test_cross_entropy"": 0.5658080577850342, ""test_balanced_accuracy"": 0.8144500851631165}"
2026-04-17T23:37:21.186509,cats,lcbench,126025,2,33,20.8753662109375,"{""OpenML_task_id"": ""168908"", ""batch_size"": 114, ""epoch"": 3, ""learning_rate"": 0.004392470569018384, ""max_dropout"": 0.8636144596705221, ""max_units"": 510, ""momentum"": 0.38559897627154305, ""num_layers"": 3, ""weight_decay"": 0.004479192205151333}","{""time"": 20.8753662109375, ""val_accuracy"": 77.79864501953125, ""val_cross_entropy"": 0.5234739780426025, ""val_balanced_accuracy"": 0.7843597531318665, ""test_cross_entropy"": 0.6098141670227051, ""test_balanced_accuracy"": 0.7866055369377136}"
2026-04-17T23:37:21.187512,cats,lcbench,126025,2,34,56.434364318847656,"{""OpenML_task_id"": ""168868"", ""batch_size"": 16, ""epoch"": 35, ""learning_rate"": 0.0034432174447292197, ""max_dropout"": 0.8742664963095591, ""max_units"": 105, ""momentum"": 0.1199176561087145, ""num_layers"": 5, ""weight_decay"": 0.055368590045213655}","{""time"": 56.434364318847656, ""val_accuracy"": 88.5071792602539, ""val_cross_entropy"": 0.528265655040741, ""val_balanced_accuracy"": 0.5853901505470276, ""test_cross_entropy"": 0.6472207307815552, ""test_balanced_accuracy"": 0.5802820920944214}"
2026-04-17T23:37:21.188511,cats,lcbench,126025,2,35,35.30116271972656,"{""OpenML_task_id"": ""189354"", ""batch_size"": 107, ""epoch"": 21, ""learning_rate"": 0.004132051752223688, ""max_dropout"": 0.13837940478176536, ""max_units"": 69, ""momentum"": 0.5552116303175354, ""num_layers"": 1, ""weight_decay"": 0.005422172555543982}","{""time"": 35.30116271972656, ""val_accuracy"": 80.15747833251953, ""val_cross_entropy"": 0.42985135316848755, ""val_balanced_accuracy"": 0.8062782883644104, ""test_cross_entropy"": 0.5455322265625, ""test_balanced_accuracy"": 0.8026494383811951}"
2026-04-17T23:37:21.189511,cats,lcbench,126025,2,36,163.82533264160156,"{""OpenML_task_id"": ""167200"", ""batch_size"": 192, ""epoch"": 22, ""learning_rate"": 0.015464480877420882, ""max_dropout"": 0.3613736225416856, ""max_units"": 993, ""momentum"": 0.2080431620362635, ""num_layers"": 4, ""weight_decay"": 0.06257303768708201}","{""time"": 163.82533264160156, ""val_accuracy"": 78.6246337890625, ""val_cross_entropy"": 0.43293821811676025, ""val_balanced_accuracy"": 0.8289121389389038, ""test_cross_entropy"": 0.5450049638748169, ""test_balanced_accuracy"": 0.8193487524986267}"
2026-04-17T23:37:21.190013,cats,lcbench,126025,2,37,96.6536865234375,"{""OpenML_task_id"": ""167168"", ""batch_size"": 132, ""epoch"": 41, ""learning_rate"": 0.00038076358551977134, ""max_dropout"": 0.021429749612781768, ""max_units"": 193, ""momentum"": 0.5985608964928237, ""num_layers"": 3, ""weight_decay"": 0.008927928863215496}","{""time"": 96.6536865234375, ""val_accuracy"": 79.14024353027344, ""val_cross_entropy"": 0.4791108965873718, ""val_balanced_accuracy"": 0.7957578897476196, ""test_cross_entropy"": 0.5809730291366577, ""test_balanced_accuracy"": 0.7963667511940002}"
2026-04-17T23:37:21.191589,cats,lcbench,126025,2,38,27.313636779785156,"{""OpenML_task_id"": ""168331"", ""batch_size"": 67, ""epoch"": 10, ""learning_rate"": 0.011446611431862706, ""max_dropout"": 0.3287611690981854, ""max_units"": 99, ""momentum"": 0.6460840758606177, ""num_layers"": 2, ""weight_decay"": 0.057322757066698475}","{""time"": 27.313636779785156, ""val_accuracy"": 80.12751770019531, ""val_cross_entropy"": 0.4130646288394928, ""val_balanced_accuracy"": 0.8015173673629761, ""test_cross_entropy"": 0.5515698790550232, ""test_balanced_accuracy"": 0.7913865447044373}"
2026-04-17T23:37:21.191589,cats,lcbench,126025,2,39,197.71653747558594,"{""OpenML_task_id"": ""189906"", ""batch_size"": 422, ""epoch"": 35, ""learning_rate"": 0.0003195698306696574, ""max_dropout"": 0.9753405169845089, ""max_units"": 597, ""momentum"": 0.6502316023853375, ""num_layers"": 4, ""weight_decay"": 0.060208670911082306}","{""time"": 197.71653747558594, ""val_accuracy"": 64.41989135742188, ""val_cross_entropy"": 0.6541319489479065, ""val_balanced_accuracy"": 0.6712018251419067, ""test_cross_entropy"": 0.6879879236221313, ""test_balanced_accuracy"": 0.6690046787261963}"
2026-04-17T23:37:21.192690,cats,lcbench,126025,2,40,52.22027587890625,"{""OpenML_task_id"": ""3945"", ""batch_size"": 58, ""epoch"": 5, ""learning_rate"": 0.03560002432071912, ""max_dropout"": 0.0760786625615506, ""max_units"": 867, ""momentum"": 0.49859391317934065, ""num_layers"": 4, ""weight_decay"": 0.03647598240411071}","{""time"": 52.22027587890625, ""val_accuracy"": 76.95755767822266, ""val_cross_entropy"": 0.4270285665988922, ""val_balanced_accuracy"": 0.8235901594161987, ""test_cross_entropy"": 0.5356889367103577, ""test_balanced_accuracy"": 0.8103299140930176}"
2026-04-17T23:37:21.193596,cats,lcbench,126025,2,41,73.50129699707031,"{""OpenML_task_id"": ""168868"", ""batch_size"": 197, ""epoch"": 50, ""learning_rate"": 0.0015804310448069778, ""max_dropout"": 0.8322741848520169, ""max_units"": 127, ""momentum"": 0.33600449233281293, ""num_layers"": 1, ""weight_decay"": 0.01771725571341459}","{""time"": 73.50129699707031, ""val_accuracy"": 78.29181671142578, ""val_cross_entropy"": 0.47147899866104126, ""val_balanced_accuracy"": 0.7887810468673706, ""test_cross_entropy"": 0.5634077191352844, ""test_balanced_accuracy"": 0.7863745093345642}"
2026-04-17T23:37:21.195186,cats,lcbench,126025,2,42,62.26325225830078,"{""OpenML_task_id"": ""126025"", ""batch_size"": 79, ""epoch"": 39, ""learning_rate"": 0.0008861404352082642, ""max_dropout"": 0.1544627758029269, ""max_units"": 221, ""momentum"": 0.3340727410985005, ""num_layers"": 1, ""weight_decay"": 0.06286451540483855}","{""time"": 62.26325225830078, ""val_accuracy"": 78.53081512451172, ""val_cross_entropy"": 0.48830267786979675, ""val_balanced_accuracy"": 0.7861510515213013, ""test_cross_entropy"": 0.5694881677627563, ""test_balanced_accuracy"": 0.7823680639266968}"
2026-04-17T23:37:21.195186,cats,lcbench,126025,2,43,356.4686584472656,"{""OpenML_task_id"": ""189908"", ""batch_size"": 19, ""epoch"": 40, ""learning_rate"": 0.0013068418628356293, ""max_dropout"": 0.33344925514636736, ""max_units"": 840, ""momentum"": 0.7468586630926676, ""num_layers"": 5, ""weight_decay"": 0.07287675543890194}","{""time"": 356.4686584472656, ""val_accuracy"": 85.9124755859375, ""val_cross_entropy"": 0.43501293659210205, ""val_balanced_accuracy"": 0.8017497658729553, ""test_cross_entropy"": 0.5668145418167114, ""test_balanced_accuracy"": 0.7994866967201233}"
2026-04-17T23:37:21.196744,cats,lcbench,126025,2,44,328.2878112792969,"{""OpenML_task_id"": ""189909"", ""batch_size"": 183, ""epoch"": 40, ""learning_rate"": 0.000592217848194563, ""max_dropout"": 0.018961788278384906, ""max_units"": 661, ""momentum"": 0.4217122043439814, ""num_layers"": 4, ""weight_decay"": 0.02783396643519036}","{""time"": 328.2878112792969, ""val_accuracy"": 75.97296905517578, ""val_cross_entropy"": 0.5074795484542847, ""val_balanced_accuracy"": 0.8002907037734985, ""test_cross_entropy"": 0.5891243815422058, ""test_balanced_accuracy"": 0.7929231524467468}"
2026-04-17T23:37:21.196744,cats,lcbench,126025,2,45,73.49710845947266,"{""OpenML_task_id"": ""189905"", ""batch_size"": 199, ""epoch"": 43, ""learning_rate"": 0.00042277625548755617, ""max_dropout"": 0.4082246216876434, ""max_units"": 264, ""momentum"": 0.22184255514131074, ""num_layers"": 2, ""weight_decay"": 0.004992012278539917}","{""time"": 73.49710845947266, ""val_accuracy"": 76.63179779052734, ""val_cross_entropy"": 0.46989959478378296, ""val_balanced_accuracy"": 0.7796271443367004, ""test_cross_entropy"": 0.5788195729255676, ""test_balanced_accuracy"": 0.7768409848213196}"
2026-04-17T23:37:21.198251,cats,lcbench,126025,2,46,180.28704833984375,"{""OpenML_task_id"": ""168908"", ""batch_size"": 22, ""epoch"": 36, ""learning_rate"": 0.036438628641412334, ""max_dropout"": 0.817452063166913, ""max_units"": 585, ""momentum"": 0.8854783856834058, ""num_layers"": 3, ""weight_decay"": 0.06443355319452347}","{""time"": 180.28704833984375, ""val_accuracy"": 78.4360580444336, ""val_cross_entropy"": 0.5944978594779968, ""val_balanced_accuracy"": 0.8025683164596558, ""test_cross_entropy"": 0.5810397863388062, ""test_balanced_accuracy"": 0.7986575961112976}"
2026-04-17T23:37:21.198762,cats,lcbench,126025,2,47,27.547908782958984,"{""OpenML_task_id"": ""189906"", ""batch_size"": 147, ""epoch"": 18, ""learning_rate"": 0.06138730674530338, ""max_dropout"": 0.43011137204573535, ""max_units"": 214, ""momentum"": 0.28265659470436744, ""num_layers"": 4, ""weight_decay"": 0.03464670939856724}","{""time"": 27.547908782958984, ""val_accuracy"": 78.5991439819336, ""val_cross_entropy"": 0.37837013602256775, ""val_balanced_accuracy"": 0.8202744722366333, ""test_cross_entropy"": 0.5249125361442566, ""test_balanced_accuracy"": 0.8063613772392273}"
2026-04-17T23:37:21.199277,cats,lcbench,126025,2,48,38.633949279785156,"{""OpenML_task_id"": ""168910"", ""batch_size"": 184, ""epoch"": 16, ""learning_rate"": 0.006765855910899616, ""max_dropout"": 0.5430290980419922, ""max_units"": 116, ""momentum"": 0.1529821364039886, ""num_layers"": 2, ""weight_decay"": 0.0720004839807428}","{""time"": 38.633949279785156, ""val_accuracy"": 77.08036804199219, ""val_cross_entropy"": 0.47902870178222656, ""val_balanced_accuracy"": 0.7898634672164917, ""test_cross_entropy"": 0.5718647241592407, ""test_balanced_accuracy"": 0.7840052843093872}"
2026-04-17T23:37:21.199277,cats,lcbench,126025,2,49,11.636999130249023,"{""OpenML_task_id"": ""126026"", ""batch_size"": 17, ""epoch"": 6, ""learning_rate"": 0.02340249920752655, ""max_dropout"": 0.8753261398930369, ""max_units"": 83, ""momentum"": 0.7483555484962576, ""num_layers"": 2, ""weight_decay"": 0.02581532116266161}","{""time"": 11.636999130249023, ""val_accuracy"": 81.10111236572266, ""val_cross_entropy"": 0.44741591811180115, ""val_balanced_accuracy"": 0.8093722462654114, ""test_cross_entropy"": 0.544964075088501, ""test_balanced_accuracy"": 0.798215925693512}"
2026-04-17T23:37:21.200799,cats,lcbench,126025,2,50,52.380638122558594,"{""OpenML_task_id"": ""126029"", ""batch_size"": 462, ""epoch"": 41, ""learning_rate"": 0.022255088328354225, ""max_dropout"": 0.5912805126066191, ""max_units"": 246, ""momentum"": 0.9579458504448913, ""num_layers"": 3, ""weight_decay"": 0.08280535919541376}","{""time"": 52.380638122558594, ""val_accuracy"": 77.99967956542969, ""val_cross_entropy"": 0.44021356105804443, ""val_balanced_accuracy"": 0.7920434474945068, ""test_cross_entropy"": 0.55721116065979, ""test_balanced_accuracy"": 0.7912175059318542}"
2026-04-17T23:37:21.201805,cats,lcbench,126025,2,51,400.0068359375,"{""OpenML_task_id"": ""167184"", ""batch_size"": 88, ""epoch"": 31, ""learning_rate"": 0.034480976532937656, ""max_dropout"": 0.23893121323791244, ""max_units"": 1019, ""momentum"": 0.6448301195026643, ""num_layers"": 4, ""weight_decay"": 0.04430401292700912}","{""time"": 400.0068359375, ""val_accuracy"": 76.9092788696289, ""val_cross_entropy"": 0.39863523840904236, ""val_balanced_accuracy"": 0.8264257311820984, ""test_cross_entropy"": 0.5430172085762024, ""test_balanced_accuracy"": 0.8094849586486816}"
2026-04-17T23:37:21.202844,cats,lcbench,126025,2,52,33.74633026123047,"{""OpenML_task_id"": ""168330"", ""batch_size"": 28, ""epoch"": 2, ""learning_rate"": 0.00020481166166490174, ""max_dropout"": 0.04812367504054205, ""max_units"": 994, ""momentum"": 0.48533065830465405, ""num_layers"": 5, ""weight_decay"": 0.05882487643940567}","{""time"": 33.74633026123047, ""val_accuracy"": 56.598697662353516, ""val_cross_entropy"": 0.5729174613952637, ""val_balanced_accuracy"": 0.6028031706809998, ""test_cross_entropy"": 0.6841627359390259, ""test_balanced_accuracy"": 0.5997331142425537}"
2026-04-17T23:37:21.202844,cats,lcbench,126025,2,53,56.58357238769531,"{""OpenML_task_id"": ""34539"", ""batch_size"": 173, ""epoch"": 51, ""learning_rate"": 0.02587858173102956, ""max_dropout"": 0.5317852880256224, ""max_units"": 92, ""momentum"": 0.8892748382625585, ""num_layers"": 2, ""weight_decay"": 0.026694145574649938}","{""time"": 56.58357238769531, ""val_accuracy"": 82.16861724853516, ""val_cross_entropy"": 0.36053839325904846, ""val_balanced_accuracy"": 0.8406866192817688, ""test_cross_entropy"": 0.5326513648033142, ""test_balanced_accuracy"": 0.8329821228981018}"
2026-04-17T23:37:21.204361,cats,lcbench,126025,2,54,60.45183563232422,"{""OpenML_task_id"": ""168330"", ""batch_size"": 169, ""epoch"": 29, ""learning_rate"": 0.0020927364897789275, ""max_dropout"": 0.457394411982333, ""max_units"": 133, ""momentum"": 0.8026841162773752, ""num_layers"": 4, ""weight_decay"": 0.018092527754751463}","{""time"": 60.45183563232422, ""val_accuracy"": 80.01296997070312, ""val_cross_entropy"": 0.39004868268966675, ""val_balanced_accuracy"": 0.8288520574569702, ""test_cross_entropy"": 0.5307549238204956, ""test_balanced_accuracy"": 0.8182883262634277}"
2026-04-17T23:37:21.204361,cats,lcbench,126025,2,55,61.07795333862305,"{""OpenML_task_id"": ""189354"", ""batch_size"": 64, ""epoch"": 48, ""learning_rate"": 0.0014738107105816596, ""max_dropout"": 0.9989942468649701, ""max_units"": 110, ""momentum"": 0.3246511106046901, ""num_layers"": 1, ""weight_decay"": 0.05310853227621947}","{""time"": 61.07795333862305, ""val_accuracy"": 78.64398193359375, ""val_cross_entropy"": 0.476529598236084, ""val_balanced_accuracy"": 0.8003700971603394, ""test_cross_entropy"": 0.5626436471939087, ""test_balanced_accuracy"": 0.7909202575683594}"
2026-04-17T23:37:21.205384,cats,lcbench,126025,2,56,76.8814926147461,"{""OpenML_task_id"": ""126029"", ""batch_size"": 228, ""epoch"": 50, ""learning_rate"": 0.00017284919422958268, ""max_dropout"": 0.01604022348533618, ""max_units"": 358, ""momentum"": 0.40555685629186733, ""num_layers"": 1, ""weight_decay"": 0.035772252615568635}","{""time"": 76.8814926147461, ""val_accuracy"": 71.63922119140625, ""val_cross_entropy"": 0.5510103106498718, ""val_balanced_accuracy"": 0.7006964683532715, ""test_cross_entropy"": 0.626268744468689, ""test_balanced_accuracy"": 0.6999978423118591}"
2026-04-17T23:37:21.205384,cats,lcbench,126025,2,57,181.1237335205078,"{""OpenML_task_id"": ""167200"", ""batch_size"": 252, ""epoch"": 50, ""learning_rate"": 0.0012179739300985342, ""max_dropout"": 0.8708054275067146, ""max_units"": 347, ""momentum"": 0.3956307256335124, ""num_layers"": 5, ""weight_decay"": 0.07279024131911221}","{""time"": 181.1237335205078, ""val_accuracy"": 71.69676971435547, ""val_cross_entropy"": 0.5914366841316223, ""val_balanced_accuracy"": 0.6428186297416687, ""test_cross_entropy"": 0.6750425100326538, ""test_balanced_accuracy"": 0.6421079039573669}"
2026-04-17T23:37:21.206899,cats,lcbench,126025,2,58,31.58489990234375,"{""OpenML_task_id"": ""168330"", ""batch_size"": 147, ""epoch"": 7, ""learning_rate"": 0.00029730710979633366, ""max_dropout"": 0.7714925987451575, ""max_units"": 251, ""momentum"": 0.6960478127992737, ""num_layers"": 2, ""weight_decay"": 0.020996711318950236}","{""time"": 31.58489990234375, ""val_accuracy"": 75.9594955444336, ""val_cross_entropy"": 0.5511089563369751, ""val_balanced_accuracy"": 0.7819712162017822, ""test_cross_entropy"": 0.6179667711257935, ""test_balanced_accuracy"": 0.7811498641967773}"
2026-04-17T23:37:21.207909,cats,lcbench,126025,2,59,40.635013580322266,"{""OpenML_task_id"": ""168908"", ""batch_size"": 348, ""epoch"": 10, ""learning_rate"": 0.014125122428801642, ""max_dropout"": 0.17596849764985134, ""max_units"": 599, ""momentum"": 0.9520504872699841, ""num_layers"": 2, ""weight_decay"": 0.06897475265975526}","{""time"": 40.635013580322266, ""val_accuracy"": 77.18526458740234, ""val_cross_entropy"": 0.48901891708374023, ""val_balanced_accuracy"": 0.8105958104133606, ""test_cross_entropy"": 0.5524808168411255, ""test_balanced_accuracy"": 0.8051410913467407}"
2026-04-17T23:37:21.208945,cats,lcbench,126025,2,60,10.147704124450684,"{""OpenML_task_id"": ""167168"", ""batch_size"": 17, ""epoch"": 3, ""learning_rate"": 0.029368008931914238, ""max_dropout"": 0.580491332662932, ""max_units"": 86, ""momentum"": 0.33866717846212957, ""num_layers"": 2, ""weight_decay"": 0.07904760364376207}","{""time"": 10.147704124450684, ""val_accuracy"": 80.84103393554688, ""val_cross_entropy"": 0.39751309156417847, ""val_balanced_accuracy"": 0.7959370017051697, ""test_cross_entropy"": 0.5621713399887085, ""test_balanced_accuracy"": 0.7901602983474731}"
2026-04-17T23:37:21.208945,cats,lcbench,126025,2,61,35.266300201416016,"{""OpenML_task_id"": ""189865"", ""batch_size"": 135, ""epoch"": 28, ""learning_rate"": 0.004861101044489529, ""max_dropout"": 0.9889522164270232, ""max_units"": 391, ""momentum"": 0.8313802946803863, ""num_layers"": 1, ""weight_decay"": 0.0994722965935369}","{""time"": 35.266300201416016, ""val_accuracy"": 78.16230773925781, ""val_cross_entropy"": 0.48381519317626953, ""val_balanced_accuracy"": 0.8014959692955017, ""test_cross_entropy"": 0.5688780546188354, ""test_balanced_accuracy"": 0.7948598861694336}"
2026-04-17T23:37:21.209944,cats,lcbench,126025,2,62,22.617061614990234,"{""OpenML_task_id"": ""167185"", ""batch_size"": 422, ""epoch"": 5, ""learning_rate"": 0.010433811672405402, ""max_dropout"": 0.14968126781296398, ""max_units"": 536, ""momentum"": 0.7409269817501619, ""num_layers"": 2, ""weight_decay"": 0.04046041781633726}","{""time"": 22.617061614990234, ""val_accuracy"": 79.273193359375, ""val_cross_entropy"": 0.42004093527793884, ""val_balanced_accuracy"": 0.8182103037834167, ""test_cross_entropy"": 0.537373423576355, ""test_balanced_accuracy"": 0.811149537563324}"
2026-04-17T23:37:21.210930,cats,lcbench,126025,2,63,332.43218994140625,"{""OpenML_task_id"": ""167200"", ""batch_size"": 24, ""epoch"": 31, ""learning_rate"": 0.07335740914864146, ""max_dropout"": 0.2517858424749606, ""max_units"": 251, ""momentum"": 0.7164359414590836, ""num_layers"": 4, ""weight_decay"": 0.07366990666190162}","{""time"": 332.43218994140625, ""val_accuracy"": 74.44584655761719, ""val_cross_entropy"": 0.5090938806533813, ""val_balanced_accuracy"": 0.7060291171073914, ""test_cross_entropy"": 0.6230891942977905, ""test_balanced_accuracy"": 0.6926982402801514}"
2026-04-17T23:37:21.211951,cats,lcbench,126025,2,64,77.23150634765625,"{""OpenML_task_id"": ""189906"", ""batch_size"": 192, ""epoch"": 49, ""learning_rate"": 0.00010044026128779546, ""max_dropout"": 0.19734667052773058, ""max_units"": 244, ""momentum"": 0.5443424643979888, ""num_layers"": 2, ""weight_decay"": 0.0706516186511128}","{""time"": 77.23150634765625, ""val_accuracy"": 74.09552001953125, ""val_cross_entropy"": 0.5562222599983215, ""val_balanced_accuracy"": 0.7706441283226013, ""test_cross_entropy"": 0.6249641180038452, ""test_balanced_accuracy"": 0.7727577686309814}"
2026-04-17T23:37:21.211951,cats,lcbench,126025,2,65,31.696456909179688,"{""OpenML_task_id"": ""189908"", ""batch_size"": 148, ""epoch"": 9, ""learning_rate"": 0.0008048970399837231, ""max_dropout"": 0.43014695873276276, ""max_units"": 136, ""momentum"": 0.37466176132706375, ""num_layers"": 3, ""weight_decay"": 0.07701981657060095}","{""time"": 31.696456909179688, ""val_accuracy"": 72.15235900878906, ""val_cross_entropy"": 0.6245589852333069, ""val_balanced_accuracy"": 0.7392082810401917, ""test_cross_entropy"": 0.6665165424346924, ""test_balanced_accuracy"": 0.7398359775543213}"
2026-04-17T23:37:21.213475,cats,lcbench,126025,2,66,54.97993087768555,"{""OpenML_task_id"": ""167190"", ""batch_size"": 90, ""epoch"": 22, ""learning_rate"": 0.00019528130002860995, ""max_dropout"": 0.40634835405752745, ""max_units"": 420, ""momentum"": 0.4517651147218146, ""num_layers"": 1, ""weight_decay"": 0.07419613829974239}","{""time"": 54.97993087768555, ""val_accuracy"": 75.68168640136719, ""val_cross_entropy"": 0.5335597991943359, ""val_balanced_accuracy"": 0.7290900349617004, ""test_cross_entropy"": 0.6058611869812012, ""test_balanced_accuracy"": 0.7282825708389282}"
2026-04-17T23:37:21.213475,cats,lcbench,126025,2,67,57.52065658569336,"{""OpenML_task_id"": ""189865"", ""batch_size"": 322, ""epoch"": 37, ""learning_rate"": 0.03767002094504807, ""max_dropout"": 0.7509370629995126, ""max_units"": 141, ""momentum"": 0.17929891543012588, ""num_layers"": 1, ""weight_decay"": 0.00736595516795025}","{""time"": 57.52065658569336, ""val_accuracy"": 77.71470642089844, ""val_cross_entropy"": 0.43453818559646606, ""val_balanced_accuracy"": 0.8061429858207703, ""test_cross_entropy"": 0.5403989553451538, ""test_balanced_accuracy"": 0.8043276071548462}"
2026-04-17T23:37:21.214484,cats,lcbench,126025,2,68,110.56352996826172,"{""OpenML_task_id"": ""126026"", ""batch_size"": 500, ""epoch"": 43, ""learning_rate"": 0.0007340062555321982, ""max_dropout"": 0.7945656207064272, ""max_units"": 359, ""momentum"": 0.7243587450142772, ""num_layers"": 3, ""weight_decay"": 0.04741728956930946}","{""time"": 110.56352996826172, ""val_accuracy"": 79.7241439819336, ""val_cross_entropy"": 0.5186052918434143, ""val_balanced_accuracy"": 0.7964836955070496, ""test_cross_entropy"": 0.6185258626937866, ""test_balanced_accuracy"": 0.7963241934776306}"
2026-04-17T23:37:21.215484,cats,lcbench,126025,2,69,60.81718444824219,"{""OpenML_task_id"": ""189905"", ""batch_size"": 123, ""epoch"": 29, ""learning_rate"": 0.0012292050612384006, ""max_dropout"": 0.34324608353541775, ""max_units"": 431, ""momentum"": 0.6196995201910741, ""num_layers"": 2, ""weight_decay"": 0.0876046848250296}","{""time"": 60.81718444824219, ""val_accuracy"": 78.272705078125, ""val_cross_entropy"": 0.46498051285743713, ""val_balanced_accuracy"": 0.803354024887085, ""test_cross_entropy"": 0.5603501200675964, ""test_balanced_accuracy"": 0.7959400415420532}"
2026-04-17T23:37:21.216493,cats,lcbench,126025,2,70,21.72320556640625,"{""OpenML_task_id"": ""167184"", ""batch_size"": 25, ""epoch"": 12, ""learning_rate"": 0.004606190981717239, ""max_dropout"": 0.27778055527812506, ""max_units"": 88, ""momentum"": 0.45173883505514256, ""num_layers"": 3, ""weight_decay"": 0.06661404199539415}","{""time"": 21.72320556640625, ""val_accuracy"": 80.52340698242188, ""val_cross_entropy"": 0.4565902352333069, ""val_balanced_accuracy"": 0.795137345790863, ""test_cross_entropy"": 0.5621703863143921, ""test_balanced_accuracy"": 0.7907286882400513}"
2026-04-17T23:37:21.216998,cats,lcbench,126025,2,71,113.26043701171875,"{""OpenML_task_id"": ""168331"", ""batch_size"": 368, ""epoch"": 21, ""learning_rate"": 0.04673889081820375, ""max_dropout"": 0.2541730514893956, ""max_units"": 821, ""momentum"": 0.739602922193843, ""num_layers"": 4, ""weight_decay"": 0.017951955638681235}","{""time"": 113.26043701171875, ""val_accuracy"": 77.68506622314453, ""val_cross_entropy"": 0.3846045136451721, ""val_balanced_accuracy"": 0.8479705452919006, ""test_cross_entropy"": 0.49139803647994995, ""test_balanced_accuracy"": 0.8351122736930847}"
2026-04-17T23:37:21.218018,cats,lcbench,126025,2,72,79.08057403564453,"{""OpenML_task_id"": ""167181"", ""batch_size"": 370, ""epoch"": 13, ""learning_rate"": 0.003148049051961232, ""max_dropout"": 0.24750019512330246, ""max_units"": 734, ""momentum"": 0.16924882068125874, ""num_layers"": 5, ""weight_decay"": 0.050944259930276944}","{""time"": 79.08057403564453, ""val_accuracy"": 76.50751495361328, ""val_cross_entropy"": 0.5984633564949036, ""val_balanced_accuracy"": 0.81343013048172, ""test_cross_entropy"": 0.662889838218689, ""test_balanced_accuracy"": 0.8106777667999268}"
2026-04-17T23:37:21.218018,cats,lcbench,126025,2,73,100.81200408935547,"{""OpenML_task_id"": ""126029"", ""batch_size"": 17, ""epoch"": 18, ""learning_rate"": 0.0032248878807469693, ""max_dropout"": 0.01902735398762745, ""max_units"": 265, ""momentum"": 0.9349298458012847, ""num_layers"": 4, ""weight_decay"": 0.01161642701482423}","{""time"": 100.81200408935547, ""val_accuracy"": 78.62943267822266, ""val_cross_entropy"": 0.44530218839645386, ""val_balanced_accuracy"": 0.7888126373291016, ""test_cross_entropy"": 0.4987310767173767, ""test_balanced_accuracy"": 0.7641993165016174}"
2026-04-17T23:37:21.219021,cats,lcbench,126025,2,74,37.900455474853516,"{""OpenML_task_id"": ""7593"", ""batch_size"": 84, ""epoch"": 22, ""learning_rate"": 0.05133428526040451, ""max_dropout"": 0.32335772756636916, ""max_units"": 90, ""momentum"": 0.9625891647085384, ""num_layers"": 2, ""weight_decay"": 0.045086123039887564}","{""time"": 37.900455474853516, ""val_accuracy"": 79.01626586914062, ""val_cross_entropy"": 0.43696123361587524, ""val_balanced_accuracy"": 0.8092935085296631, ""test_cross_entropy"": 0.5513111352920532, ""test_balanced_accuracy"": 0.7995858192443848}"
2026-04-17T23:37:21.220002,cats,lcbench,126025,2,75,65.37432098388672,"{""OpenML_task_id"": ""167181"", ""batch_size"": 29, ""epoch"": 15, ""learning_rate"": 0.013206416788730215, ""max_dropout"": 0.08744596829958551, ""max_units"": 353, ""momentum"": 0.5030149863452507, ""num_layers"": 3, ""weight_decay"": 0.01330105810971401}","{""time"": 65.37432098388672, ""val_accuracy"": 79.69313049316406, ""val_cross_entropy"": 0.41331538558006287, ""val_balanced_accuracy"": 0.8193753361701965, ""test_cross_entropy"": 0.5151075720787048, ""test_balanced_accuracy"": 0.8070922493934631}"
2026-04-17T23:37:21.221011,cats,lcbench,126025,2,76,53.96196746826172,"{""OpenML_task_id"": ""168331"", ""batch_size"": 49, ""epoch"": 32, ""learning_rate"": 0.0005973694686719619, ""max_dropout"": 0.33777487979982346, ""max_units"": 98, ""momentum"": 0.24218179427922087, ""num_layers"": 3, ""weight_decay"": 0.08240822026243094}","{""time"": 53.96196746826172, ""val_accuracy"": 80.0120620727539, ""val_cross_entropy"": 0.5409646034240723, ""val_balanced_accuracy"": 0.7788646817207336, ""test_cross_entropy"": 0.617289125919342, ""test_balanced_accuracy"": 0.7802920937538147}"
2026-04-17T23:37:21.221011,cats,lcbench,126025,2,77,83.10919952392578,"{""OpenML_task_id"": ""189909"", ""batch_size"": 22, ""epoch"": 37, ""learning_rate"": 0.0007648246342573538, ""max_dropout"": 0.6970769769530634, ""max_units"": 104, ""momentum"": 0.21678874531610237, ""num_layers"": 3, ""weight_decay"": 0.04375800050127505}","{""time"": 83.10919952392578, ""val_accuracy"": 80.30316162109375, ""val_cross_entropy"": 0.48088759183883667, ""val_balanced_accuracy"": 0.7895064949989319, ""test_cross_entropy"": 0.5717763900756836, ""test_balanced_accuracy"": 0.7870347499847412}"
2026-04-17T23:37:21.222003,cats,lcbench,126025,2,78,83.74368286132812,"{""OpenML_task_id"": ""126029"", ""batch_size"": 445, ""epoch"": 17, ""learning_rate"": 0.000641231269456488, ""max_dropout"": 0.08108849635893678, ""max_units"": 276, ""momentum"": 0.3747461918732067, ""num_layers"": 4, ""weight_decay"": 0.0057019867371823334}","{""time"": 83.74368286132812, ""val_accuracy"": 54.667030334472656, ""val_cross_entropy"": 0.6781097650527954, ""val_balanced_accuracy"": 0.6284549832344055, ""test_cross_entropy"": 0.6931767463684082, ""test_balanced_accuracy"": 0.6319709420204163}"
2026-04-17T23:37:21.223134,cats,lcbench,126025,2,79,150.384033203125,"{""OpenML_task_id"": ""168868"", ""batch_size"": 152, ""epoch"": 40, ""learning_rate"": 0.0001039701997331746, ""max_dropout"": 0.25089013847982367, ""max_units"": 450, ""momentum"": 0.38414400245277514, ""num_layers"": 5, ""weight_decay"": 0.0735224778554304}","{""time"": 150.384033203125, ""val_accuracy"": 50.50813293457031, ""val_cross_entropy"": 0.6388702392578125, ""val_balanced_accuracy"": 0.6009411811828613, ""test_cross_entropy"": 0.6833919882774353, ""test_balanced_accuracy"": 0.5965102910995483}"
2026-04-17T23:37:21.224124,cats,lcbench,126025,2,80,133.84420776367188,"{""OpenML_task_id"": ""189908"", ""batch_size"": 33, ""epoch"": 26, ""learning_rate"": 0.001487421752306546, ""max_dropout"": 0.47991978483657216, ""max_units"": 615, ""momentum"": 0.8505696273483829, ""num_layers"": 5, ""weight_decay"": 0.07613218342332115}","{""time"": 133.84420776367188, ""val_accuracy"": 84.6893310546875, ""val_cross_entropy"": 0.45387741923332214, ""val_balanced_accuracy"": 0.7162193059921265, ""test_cross_entropy"": 0.5991489291191101, ""test_balanced_accuracy"": 0.7151914238929749}"
2026-04-17T23:37:21.225166,cats,lcbench,126025,2,81,208.67568969726562,"{""OpenML_task_id"": ""126025"", ""batch_size"": 262, ""epoch"": 46, ""learning_rate"": 0.006173317855581163, ""max_dropout"": 0.10904345707904184, ""max_units"": 775, ""momentum"": 0.9616304816942073, ""num_layers"": 3, ""weight_decay"": 0.009500857911447608}","{""time"": 208.67568969726562, ""val_accuracy"": 81.45860290527344, ""val_cross_entropy"": 0.3626079559326172, ""val_balanced_accuracy"": 0.8323278427124023, ""test_cross_entropy"": 0.5007978677749634, ""test_balanced_accuracy"": 0.8244341611862183}"
2026-04-17T23:37:21.225166,cats,lcbench,126025,2,82,191.82908630371094,"{""OpenML_task_id"": ""189862"", ""batch_size"": 433, ""epoch"": 50, ""learning_rate"": 0.00010727126702596404, ""max_dropout"": 0.35697188822337644, ""max_units"": 724, ""momentum"": 0.13069831582171895, ""num_layers"": 3, ""weight_decay"": 0.07336107792491052}","{""time"": 191.82908630371094, ""val_accuracy"": 68.53277587890625, ""val_cross_entropy"": 0.619659423828125, ""val_balanced_accuracy"": 0.7302340269088745, ""test_cross_entropy"": 0.6779595613479614, ""test_balanced_accuracy"": 0.732549786567688}"
2026-04-17T23:37:21.226195,cats,lcbench,126025,2,83,70.87411499023438,"{""OpenML_task_id"": ""167104"", ""batch_size"": 86, ""epoch"": 35, ""learning_rate"": 0.00025698003603331443, ""max_dropout"": 0.179167886717979, ""max_units"": 119, ""momentum"": 0.3770789300787004, ""num_layers"": 4, ""weight_decay"": 0.0675821788960959}","{""time"": 70.87411499023438, ""val_accuracy"": 68.32733917236328, ""val_cross_entropy"": 0.6358295679092407, ""val_balanced_accuracy"": 0.630500853061676, ""test_cross_entropy"": 0.6821832656860352, ""test_balanced_accuracy"": 0.6353538036346436}"
2026-04-17T23:37:21.227177,cats,lcbench,126025,2,84,6.591804504394531,"{""OpenML_task_id"": ""167201"", ""batch_size"": 30, ""epoch"": 1, ""learning_rate"": 0.012884412982686111, ""max_dropout"": 0.05331757168023721, ""max_units"": 323, ""momentum"": 0.8089119116604814, ""num_layers"": 5, ""weight_decay"": 0.02692466612405004}","{""time"": 6.591804504394531, ""val_accuracy"": 49.177268981933594, ""val_cross_entropy"": 0.6004712581634521, ""val_balanced_accuracy"": 0.5068497657775879, ""test_cross_entropy"": 0.6957930326461792, ""test_balanced_accuracy"": 0.500136137008667}"
2026-04-17T23:37:21.228189,cats,lcbench,126025,2,85,186.3878631591797,"{""OpenML_task_id"": ""167168"", ""batch_size"": 17, ""epoch"": 19, ""learning_rate"": 0.0002386718187514884, ""max_dropout"": 0.2403576576008407, ""max_units"": 860, ""momentum"": 0.9836507583169014, ""num_layers"": 3, ""weight_decay"": 0.029318195282034717}","{""time"": 186.3878631591797, ""val_accuracy"": 80.49115753173828, ""val_cross_entropy"": 0.4129998981952667, ""val_balanced_accuracy"": 0.802392303943634, ""test_cross_entropy"": 0.509090781211853, ""test_balanced_accuracy"": 0.7914484739303589}"
2026-04-17T23:37:21.228189,cats,lcbench,126025,2,86,86.02782440185547,"{""OpenML_task_id"": ""3945"", ""batch_size"": 141, ""epoch"": 39, ""learning_rate"": 0.0388891632022887, ""max_dropout"": 0.9805453534582786, ""max_units"": 136, ""momentum"": 0.6903348501566895, ""num_layers"": 5, ""weight_decay"": 0.021131797730770386}","{""time"": 86.02782440185547, ""val_accuracy"": 87.57487487792969, ""val_cross_entropy"": 0.2667286992073059, ""val_balanced_accuracy"": 0.7978855967521667, ""test_cross_entropy"": 0.5338969826698303, ""test_balanced_accuracy"": 0.7773330807685852}"
2026-04-17T23:37:21.229188,cats,lcbench,126025,2,87,32.31560134887695,"{""OpenML_task_id"": ""189862"", ""batch_size"": 448, ""epoch"": 11, ""learning_rate"": 0.030797001318088626, ""max_dropout"": 0.41436811431283804, ""max_units"": 221, ""momentum"": 0.11098178020236345, ""num_layers"": 3, ""weight_decay"": 0.0707946052140461}","{""time"": 32.31560134887695, ""val_accuracy"": 78.25285339355469, ""val_cross_entropy"": 0.44403207302093506, ""val_balanced_accuracy"": 0.7987306714057922, ""test_cross_entropy"": 0.5604493618011475, ""test_balanced_accuracy"": 0.8012834787368774}"
2026-04-17T23:37:21.230176,cats,lcbench,126025,2,88,123.15281677246094,"{""OpenML_task_id"": ""167168"", ""batch_size"": 64, ""epoch"": 33, ""learning_rate"": 0.09620368159527543, ""max_dropout"": 0.2557545889197196, ""max_units"": 436, ""momentum"": 0.14932824690532054, ""num_layers"": 5, ""weight_decay"": 0.02238023876871657}","{""time"": 123.15281677246094, ""val_accuracy"": 80.09114837646484, ""val_cross_entropy"": 0.3577248454093933, ""val_balanced_accuracy"": 0.8075757622718811, ""test_cross_entropy"": 0.49580955505371094, ""test_balanced_accuracy"": 0.7832504510879517}"
2026-04-17T23:37:21.230176,cats,lcbench,126025,2,89,20.604839324951172,"{""OpenML_task_id"": ""189866"", ""batch_size"": 16, ""epoch"": 14, ""learning_rate"": 0.002786032844006016, ""max_dropout"": 0.9681503347175775, ""max_units"": 90, ""momentum"": 0.5428259760305796, ""num_layers"": 4, ""weight_decay"": 0.012860316073690379}","{""time"": 20.604839324951172, ""val_accuracy"": 81.33719635009766, ""val_cross_entropy"": 0.41613611578941345, ""val_balanced_accuracy"": 0.752708911895752, ""test_cross_entropy"": 0.5746995210647583, ""test_balanced_accuracy"": 0.742305338382721}"
2026-04-17T23:37:21.231679,cats,lcbench,126025,2,90,28.93401336669922,"{""OpenML_task_id"": ""146212"", ""batch_size"": 51, ""epoch"": 9, ""learning_rate"": 0.00358297483961971, ""max_dropout"": 0.0028873929128268028, ""max_units"": 209, ""momentum"": 0.2160249405115195, ""num_layers"": 3, ""weight_decay"": 0.07156610663182943}","{""time"": 28.93401336669922, ""val_accuracy"": 79.30343627929688, ""val_cross_entropy"": 0.4580576419830322, ""val_balanced_accuracy"": 0.7951070070266724, ""test_cross_entropy"": 0.5645084977149963, ""test_balanced_accuracy"": 0.7897369265556335}"
2026-04-17T23:37:21.232191,cats,lcbench,126025,2,91,30.03564453125,"{""OpenML_task_id"": ""167184"", ""batch_size"": 285, ""epoch"": 10, ""learning_rate"": 0.0294407006839874, ""max_dropout"": 0.7754876422030891, ""max_units"": 138, ""momentum"": 0.11024523740590186, ""num_layers"": 1, ""weight_decay"": 0.025154575597892623}","{""time"": 30.03564453125, ""val_accuracy"": 78.36248779296875, ""val_cross_entropy"": 0.43798986077308655, ""val_balanced_accuracy"": 0.8056833744049072, ""test_cross_entropy"": 0.5584837198257446, ""test_balanced_accuracy"": 0.8027857542037964}"
2026-04-17T23:37:21.233196,cats,lcbench,126025,2,92,57.220848083496094,"{""OpenML_task_id"": ""167149"", ""batch_size"": 53, ""epoch"": 34, ""learning_rate"": 0.013210407973014614, ""max_dropout"": 0.18285164979878876, ""max_units"": 109, ""momentum"": 0.5134005821059527, ""num_layers"": 4, ""weight_decay"": 0.06349068220839471}","{""time"": 57.220848083496094, ""val_accuracy"": 80.05144500732422, ""val_cross_entropy"": 0.5051335692405701, ""val_balanced_accuracy"": 0.7237570881843567, ""test_cross_entropy"": 0.6013620495796204, ""test_balanced_accuracy"": 0.717136561870575}"
2026-04-17T23:37:21.234207,cats,lcbench,126025,2,93,85.5578842163086,"{""OpenML_task_id"": ""189866"", ""batch_size"": 420, ""epoch"": 14, ""learning_rate"": 0.0018771743529059294, ""max_dropout"": 0.1763074230022642, ""max_units"": 643, ""momentum"": 0.34550055389718937, ""num_layers"": 5, ""weight_decay"": 0.045250332475886695}","{""time"": 85.5578842163086, ""val_accuracy"": 70.32129669189453, ""val_cross_entropy"": 0.6404404044151306, ""val_balanced_accuracy"": 0.784106969833374, ""test_cross_entropy"": 0.6855472326278687, ""test_balanced_accuracy"": 0.782238245010376}"
2026-04-17T23:37:21.234714,cats,lcbench,126025,2,94,106.3368911743164,"{""OpenML_task_id"": ""126025"", ""batch_size"": 409, ""epoch"": 45, ""learning_rate"": 0.00012386951091482483, ""max_dropout"": 0.5592635556938808, ""max_units"": 203, ""momentum"": 0.5752255275080564, ""num_layers"": 3, ""weight_decay"": 0.005737346474682699}","{""time"": 106.3368911743164, ""val_accuracy"": 59.752777099609375, ""val_cross_entropy"": 0.6520028114318848, ""val_balanced_accuracy"": 0.6613795757293701, ""test_cross_entropy"": 0.6900601387023926, ""test_balanced_accuracy"": 0.6601016521453857}"
2026-04-17T23:37:21.235731,cats,lcbench,126025,2,95,33.80489730834961,"{""OpenML_task_id"": ""167152"", ""batch_size"": 39, ""epoch"": 18, ""learning_rate"": 0.022566091292780553, ""max_dropout"": 0.7821935877474115, ""max_units"": 325, ""momentum"": 0.7405385438062256, ""num_layers"": 1, ""weight_decay"": 0.0659739160518192}","{""time"": 33.80489730834961, ""val_accuracy"": 75.34925079345703, ""val_cross_entropy"": 0.4852805435657501, ""val_balanced_accuracy"": 0.7820801138877869, ""test_cross_entropy"": 0.5688907504081726, ""test_balanced_accuracy"": 0.7692357897758484}"
2026-04-17T23:37:21.235731,cats,lcbench,126025,2,96,43.228729248046875,"{""OpenML_task_id"": ""168329"", ""batch_size"": 270, ""epoch"": 8, ""learning_rate"": 0.0016043742418083713, ""max_dropout"": 0.08349690566436319, ""max_units"": 498, ""momentum"": 0.9857402912262708, ""num_layers"": 2, ""weight_decay"": 0.06587556281434602}","{""time"": 43.228729248046875, ""val_accuracy"": 78.42019653320312, ""val_cross_entropy"": 0.47554001212120056, ""val_balanced_accuracy"": 0.8109638690948486, ""test_cross_entropy"": 0.5391050577163696, ""test_balanced_accuracy"": 0.8019547462463379}"
2026-04-17T23:37:21.237255,cats,lcbench,126025,2,97,66.76879119873047,"{""OpenML_task_id"": ""126029"", ""batch_size"": 122, ""epoch"": 37, ""learning_rate"": 0.00012575657122760404, ""max_dropout"": 0.48574730330826876, ""max_units"": 115, ""momentum"": 0.7150301216380625, ""num_layers"": 1, ""weight_decay"": 0.009650835924271456}","{""time"": 66.76879119873047, ""val_accuracy"": 75.22087860107422, ""val_cross_entropy"": 0.518457293510437, ""val_balanced_accuracy"": 0.7369123101234436, ""test_cross_entropy"": 0.6013595461845398, ""test_balanced_accuracy"": 0.7366551160812378}"
2026-04-17T23:37:21.238254,cats,lcbench,126025,2,98,38.59629821777344,"{""OpenML_task_id"": ""167149"", ""batch_size"": 500, ""epoch"": 21, ""learning_rate"": 0.030084827791976767, ""max_dropout"": 0.373695983080782, ""max_units"": 142, ""momentum"": 0.15513118012386953, ""num_layers"": 4, ""weight_decay"": 0.05607512358567976}","{""time"": 38.59629821777344, ""val_accuracy"": 77.99952697753906, ""val_cross_entropy"": 0.5024135112762451, ""val_balanced_accuracy"": 0.7717075943946838, ""test_cross_entropy"": 0.6068488955497742, ""test_balanced_accuracy"": 0.7734331488609314}"
2026-04-17T23:37:21.239772,cats,lcbench,126025,2,99,70.58963775634766,"{""OpenML_task_id"": ""167201"", ""batch_size"": 95, ""epoch"": 32, ""learning_rate"": 0.0002585345915358189, ""max_dropout"": 0.5799872168981427, ""max_units"": 341, ""momentum"": 0.19472955210612072, ""num_layers"": 1, ""weight_decay"": 0.058816324387614444}","{""time"": 70.58963775634766, ""val_accuracy"": 76.18264770507812, ""val_cross_entropy"": 0.5141866207122803, ""val_balanced_accuracy"": 0.7375521063804626, ""test_cross_entropy"": 0.599202036857605, ""test_balanced_accuracy"": 0.7363109588623047}"
2026-04-17T23:37:21.239772,cats,lcbench,126025,2,100,46.091575622558594,"{""OpenML_task_id"": ""168335"", ""batch_size"": 20, ""epoch"": 12, ""learning_rate"": 0.006340413879927866, ""max_dropout"": 0.7035376547835355, ""max_units"": 157, ""momentum"": 0.8812670498633965, ""num_layers"": 5, ""weight_decay"": 0.08425779843464495}","{""time"": 46.091575622558594, ""val_accuracy"": 79.19430541992188, ""val_cross_entropy"": 0.5865762233734131, ""val_balanced_accuracy"": 0.535077691078186, ""test_cross_entropy"": 0.696513295173645, ""test_balanced_accuracy"": 0.5327944159507751}"
2026-04-17T23:37:21.241294,cats,lcbench,126025,2,101,30.75937271118164,"{""OpenML_task_id"": ""189905"", ""batch_size"": 69, ""epoch"": 15, ""learning_rate"": 0.0717725987439588, ""max_dropout"": 0.45014614167127986, ""max_units"": 68, ""momentum"": 0.4361335060617979, ""num_layers"": 2, ""weight_decay"": 0.006880805320961298}","{""time"": 30.75937271118164, ""val_accuracy"": 81.99076843261719, ""val_cross_entropy"": 0.38930368423461914, ""val_balanced_accuracy"": 0.8169705271720886, ""test_cross_entropy"": 0.5198004245758057, ""test_balanced_accuracy"": 0.8093120455741882}"
2026-04-17T23:37:21.241810,cats,lcbench,126025,2,102,151.8022003173828,"{""OpenML_task_id"": ""189908"", ""batch_size"": 483, ""epoch"": 24, ""learning_rate"": 0.000134969581808322, ""max_dropout"": 0.8017993253461675, ""max_units"": 817, ""momentum"": 0.66737053335106, ""num_layers"": 5, ""weight_decay"": 0.065467084008016}","{""time"": 151.8022003173828, ""val_accuracy"": 33.56074905395508, ""val_cross_entropy"": 0.6520912051200867, ""val_balanced_accuracy"": 0.6031619906425476, ""test_cross_entropy"": 0.7014042139053345, ""test_balanced_accuracy"": 0.5960246920585632}"
2026-04-17T23:37:21.242829,cats,lcbench,126025,2,103,120.5744400024414,"{""OpenML_task_id"": ""167152"", ""batch_size"": 24, ""epoch"": 49, ""learning_rate"": 0.00012144990512011057, ""max_dropout"": 0.18229967973620254, ""max_units"": 532, ""momentum"": 0.24807035020357718, ""num_layers"": 2, ""weight_decay"": 0.04801051242760775}","{""time"": 120.5744400024414, ""val_accuracy"": 80.57994842529297, ""val_cross_entropy"": 0.4040526747703552, ""val_balanced_accuracy"": 0.8047019839286804, ""test_cross_entropy"": 0.542497456073761, ""test_balanced_accuracy"": 0.8001518249511719}"
2026-04-17T23:37:21.242829,cats,lcbench,126025,2,104,122.42908477783203,"{""OpenML_task_id"": ""189909"", ""batch_size"": 56, ""epoch"": 49, ""learning_rate"": 0.0017341470568922168, ""max_dropout"": 0.6315605984907253, ""max_units"": 110, ""momentum"": 0.911224370822415, ""num_layers"": 3, ""weight_decay"": 0.014753514614652411}","{""time"": 122.42908477783203, ""val_accuracy"": 78.41122436523438, ""val_cross_entropy"": 0.4156017601490021, ""val_balanced_accuracy"": 0.8272647261619568, ""test_cross_entropy"": 0.5230426788330078, ""test_balanced_accuracy"": 0.8125540018081665}"
2026-04-17T23:37:21.244345,cats,lcbench,126025,2,105,89.68133544921875,"{""OpenML_task_id"": ""167181"", ""batch_size"": 53, ""epoch"": 36, ""learning_rate"": 0.0008303501279951298, ""max_dropout"": 0.2699432055581552, ""max_units"": 86, ""momentum"": 0.8099325888658137, ""num_layers"": 3, ""weight_decay"": 0.016364157478048272}","{""time"": 89.68133544921875, ""val_accuracy"": 79.91352844238281, ""val_cross_entropy"": 0.4055940806865692, ""val_balanced_accuracy"": 0.8166651725769043, ""test_cross_entropy"": 0.52877277135849, ""test_balanced_accuracy"": 0.8097227215766907}"
2026-04-17T23:37:21.244345,cats,lcbench,126025,2,106,23.031219482421875,"{""OpenML_task_id"": ""189905"", ""batch_size"": 33, ""epoch"": 5, ""learning_rate"": 0.0001514758114260965, ""max_dropout"": 0.6350160495490327, ""max_units"": 105, ""momentum"": 0.6664915389007355, ""num_layers"": 2, ""weight_decay"": 0.07403463505472185}","{""time"": 23.031219482421875, ""val_accuracy"": 76.66761779785156, ""val_cross_entropy"": 0.5188775658607483, ""val_balanced_accuracy"": 0.7694324254989624, ""test_cross_entropy"": 0.6264117956161499, ""test_balanced_accuracy"": 0.7683369517326355}"
2026-04-17T23:37:21.245354,cats,lcbench,126025,2,107,132.5947723388672,"{""OpenML_task_id"": ""167190"", ""batch_size"": 52, ""epoch"": 28, ""learning_rate"": 0.004524657986954694, ""max_dropout"": 0.9989766453527936, ""max_units"": 699, ""momentum"": 0.7852475023364958, ""num_layers"": 3, ""weight_decay"": 0.002615374441506345}","{""time"": 132.5947723388672, ""val_accuracy"": 77.9516372680664, ""val_cross_entropy"": 0.4457502067089081, ""val_balanced_accuracy"": 0.8068506121635437, ""test_cross_entropy"": 0.5158638954162598, ""test_balanced_accuracy"": 0.8036590218544006}"
2026-04-17T23:37:21.246355,cats,lcbench,126025,2,108,62.935386657714844,"{""OpenML_task_id"": ""167149"", ""batch_size"": 64, ""epoch"": 45, ""learning_rate"": 0.045400050494616276, ""max_dropout"": 0.45957328735669367, ""max_units"": 64, ""momentum"": 0.3034434409870065, ""num_layers"": 1, ""weight_decay"": 0.040967053376065765}","{""time"": 62.935386657714844, ""val_accuracy"": 77.08625030517578, ""val_cross_entropy"": 0.4409051239490509, ""val_balanced_accuracy"": 0.7951874136924744, ""test_cross_entropy"": 0.5491666197776794, ""test_balanced_accuracy"": 0.7805615067481995}"
2026-04-17T23:37:21.247379,cats,lcbench,126025,2,109,70.14480590820312,"{""OpenML_task_id"": ""167152"", ""batch_size"": 84, ""epoch"": 42, ""learning_rate"": 0.004224296674587185, ""max_dropout"": 0.06542143399679057, ""max_units"": 211, ""momentum"": 0.7744259516896903, ""num_layers"": 1, ""weight_decay"": 0.07219635188803158}","{""time"": 70.14480590820312, ""val_accuracy"": 76.44406127929688, ""val_cross_entropy"": 0.5063574314117432, ""val_balanced_accuracy"": 0.7973105907440186, ""test_cross_entropy"": 0.5644673109054565, ""test_balanced_accuracy"": 0.7904044985771179}"
2026-04-17T23:37:21.247379,cats,lcbench,126025,2,110,35.234230041503906,"{""OpenML_task_id"": ""167185"", ""batch_size"": 318, ""epoch"": 13, ""learning_rate"": 0.014527482267942432, ""max_dropout"": 0.038402010576345846, ""max_units"": 309, ""momentum"": 0.37392797489432317, ""num_layers"": 5, ""weight_decay"": 0.01735265224746143}","{""time"": 35.234230041503906, ""val_accuracy"": 79.50092315673828, ""val_cross_entropy"": 0.35502639412879944, ""val_balanced_accuracy"": 0.8435006141662598, ""test_cross_entropy"": 0.5299261212348938, ""test_balanced_accuracy"": 0.8357862830162048}"
2026-04-17T23:37:21.248389,cats,lcbench,126025,2,111,171.26065063476562,"{""OpenML_task_id"": ""167184"", ""batch_size"": 65, ""epoch"": 29, ""learning_rate"": 0.013975399566379852, ""max_dropout"": 0.01624549696360844, ""max_units"": 525, ""momentum"": 0.4347360023330751, ""num_layers"": 5, ""weight_decay"": 0.03173820829250614}","{""time"": 171.26065063476562, ""val_accuracy"": 82.49524688720703, ""val_cross_entropy"": 0.36834293603897095, ""val_balanced_accuracy"": 0.819841206073761, ""test_cross_entropy"": 0.506585955619812, ""test_balanced_accuracy"": 0.8103592991828918}"
2026-04-17T23:37:21.249418,cats,lcbench,126025,2,112,81.09000396728516,"{""OpenML_task_id"": ""168335"", ""batch_size"": 27, ""epoch"": 45, ""learning_rate"": 0.00019529886287310952, ""max_dropout"": 0.8888608682189876, ""max_units"": 226, ""momentum"": 0.6918626849872775, ""num_layers"": 1, ""weight_decay"": 0.06561359958058828}","{""time"": 81.09000396728516, ""val_accuracy"": 77.74999237060547, ""val_cross_entropy"": 0.4862135946750641, ""val_balanced_accuracy"": 0.7796092629432678, ""test_cross_entropy"": 0.5695948600769043, ""test_balanced_accuracy"": 0.7754597663879395}"
2026-04-17T23:37:21.249418,cats,lcbench,126025,2,113,29.141788482666016,"{""OpenML_task_id"": ""189865"", ""batch_size"": 20, ""epoch"": 6, ""learning_rate"": 0.000931117225668506, ""max_dropout"": 0.7646326543661995, ""max_units"": 215, ""momentum"": 0.7515052838707045, ""num_layers"": 2, ""weight_decay"": 0.04179275340304564}","{""time"": 29.141788482666016, ""val_accuracy"": 80.36598205566406, ""val_cross_entropy"": 0.4255889058113098, ""val_balanced_accuracy"": 0.8132858276367188, ""test_cross_entropy"": 0.5488722920417786, ""test_balanced_accuracy"": 0.8035808205604553}"
2026-04-17T23:37:21.250965,cats,lcbench,126025,2,114,22.48876953125,"{""OpenML_task_id"": ""126025"", ""batch_size"": 62, ""epoch"": 8, ""learning_rate"": 0.0009061813643424607, ""max_dropout"": 0.172141025337757, ""max_units"": 179, ""momentum"": 0.8276289681118114, ""num_layers"": 1, ""weight_decay"": 0.004078028370351025}","{""time"": 22.48876953125, ""val_accuracy"": 80.93328857421875, ""val_cross_entropy"": 0.42739540338516235, ""val_balanced_accuracy"": 0.7966006994247437, ""test_cross_entropy"": 0.5483638048171997, ""test_balanced_accuracy"": 0.7922292947769165}"
2026-04-17T23:37:21.250965,cats,lcbench,126025,2,115,38.921207427978516,"{""OpenML_task_id"": ""168868"", ""batch_size"": 99, ""epoch"": 24, ""learning_rate"": 0.0019035193122081352, ""max_dropout"": 0.24000186768145726, ""max_units"": 87, ""momentum"": 0.6186687179564561, ""num_layers"": 4, ""weight_decay"": 0.09596138769765171}","{""time"": 38.921207427978516, ""val_accuracy"": 68.9848403930664, ""val_cross_entropy"": 0.6556681990623474, ""val_balanced_accuracy"": 0.5297847986221313, ""test_cross_entropy"": 0.7026832103729248, ""test_balanced_accuracy"": 0.5364071130752563}"
2026-04-17T23:37:21.252515,cats,lcbench,126025,2,116,316.91729736328125,"{""OpenML_task_id"": ""189909"", ""batch_size"": 133, ""epoch"": 45, ""learning_rate"": 0.00023079733545520567, ""max_dropout"": 0.48353022907477516, ""max_units"": 626, ""momentum"": 0.10948407984694422, ""num_layers"": 4, ""weight_decay"": 0.09649168893175969}","{""time"": 316.91729736328125, ""val_accuracy"": 71.00434875488281, ""val_cross_entropy"": 0.6068341135978699, ""val_balanced_accuracy"": 0.7586023807525635, ""test_cross_entropy"": 0.6755777597427368, ""test_balanced_accuracy"": 0.7593811750411987}"
2026-04-17T23:37:21.252515,cats,lcbench,126025,2,117,28.75970458984375,"{""OpenML_task_id"": ""168335"", ""batch_size"": 135, ""epoch"": 7, ""learning_rate"": 0.0016786403899013893, ""max_dropout"": 0.49128212055952536, ""max_units"": 73, ""momentum"": 0.39371471707559247, ""num_layers"": 2, ""weight_decay"": 0.04497642782865976}","{""time"": 28.75970458984375, ""val_accuracy"": 76.12425231933594, ""val_cross_entropy"": 0.49715742468833923, ""val_balanced_accuracy"": 0.7718842625617981, ""test_cross_entropy"": 0.6033188700675964, ""test_balanced_accuracy"": 0.7719563841819763}"
2026-04-17T23:37:21.254037,cats,lcbench,126025,2,118,41.64042663574219,"{""OpenML_task_id"": ""126025"", ""batch_size"": 119, ""epoch"": 13, ""learning_rate"": 0.03432954155375998, ""max_dropout"": 0.5204411122528209, ""max_units"": 483, ""momentum"": 0.602536618660145, ""num_layers"": 3, ""weight_decay"": 0.09464968518049233}","{""time"": 41.64042663574219, ""val_accuracy"": 75.32841491699219, ""val_cross_entropy"": 0.47662514448165894, ""val_balanced_accuracy"": 0.7975873947143555, ""test_cross_entropy"": 0.5790340304374695, ""test_balanced_accuracy"": 0.7942248582839966}"
2026-04-17T23:37:21.254037,cats,lcbench,126025,2,119,56.431575775146484,"{""OpenML_task_id"": ""167185"", ""batch_size"": 16, ""epoch"": 20, ""learning_rate"": 0.0003394448870361203, ""max_dropout"": 0.408487495117583, ""max_units"": 95, ""momentum"": 0.48733883801267386, ""num_layers"": 2, ""weight_decay"": 0.0944335183026907}","{""time"": 56.431575775146484, ""val_accuracy"": 79.30071258544922, ""val_cross_entropy"": 0.4558945596218109, ""val_balanced_accuracy"": 0.7847173810005188, ""test_cross_entropy"": 0.5763648748397827, ""test_balanced_accuracy"": 0.7812303304672241}"
2026-04-17T23:37:21.255042,cats,lcbench,126025,2,120,127.9107437133789,"{""OpenML_task_id"": ""189906"", ""batch_size"": 85, ""epoch"": 20, ""learning_rate"": 0.003928228455393401, ""max_dropout"": 0.08884273329622194, ""max_units"": 970, ""momentum"": 0.1572178538442035, ""num_layers"": 5, ""weight_decay"": 0.09028606309331567}","{""time"": 127.9107437133789, ""val_accuracy"": 85.0749740600586, ""val_cross_entropy"": 0.47601065039634705, ""val_balanced_accuracy"": 0.8294656872749329, ""test_cross_entropy"": 0.6129243969917297, ""test_balanced_accuracy"": 0.826575517654419}"
2026-04-17T23:37:21.256044,cats,lcbench,126025,2,121,58.5107307434082,"{""OpenML_task_id"": ""167185"", ""batch_size"": 29, ""epoch"": 38, ""learning_rate"": 0.0395857973786839, ""max_dropout"": 0.6372068424416345, ""max_units"": 590, ""momentum"": 0.6133272168467991, ""num_layers"": 1, ""weight_decay"": 0.09192334538499032}","{""time"": 58.5107307434082, ""val_accuracy"": 77.17555236816406, ""val_cross_entropy"": 0.46620744466781616, ""val_balanced_accuracy"": 0.7773656845092773, ""test_cross_entropy"": 0.5747195482254028, ""test_balanced_accuracy"": 0.7680204510688782}"
2026-04-17T23:37:21.257057,cats,lcbench,126025,2,122,65.33248901367188,"{""OpenML_task_id"": ""189906"", ""batch_size"": 111, ""epoch"": 25, ""learning_rate"": 0.016210617363456095, ""max_dropout"": 0.9435750264799597, ""max_units"": 371, ""momentum"": 0.14334046755676946, ""num_layers"": 4, ""weight_decay"": 0.06362527156862113}","{""time"": 65.33248901367188, ""val_accuracy"": 78.29435729980469, ""val_cross_entropy"": 0.5047975182533264, ""val_balanced_accuracy"": 0.733661413192749, ""test_cross_entropy"": 0.6033226251602173, ""test_balanced_accuracy"": 0.7312291860580444}"
2026-04-17T23:37:21.257563,cats,lcbench,126025,2,123,20.966007232666016,"{""OpenML_task_id"": ""34539"", ""batch_size"": 69, ""epoch"": 5, ""learning_rate"": 0.00045003228891586135, ""max_dropout"": 0.7835623917758294, ""max_units"": 147, ""momentum"": 0.9474271199604266, ""num_layers"": 1, ""weight_decay"": 0.02915333843019318}","{""time"": 20.966007232666016, ""val_accuracy"": 79.00782775878906, ""val_cross_entropy"": 0.4447627067565918, ""val_balanced_accuracy"": 0.7848296761512756, ""test_cross_entropy"": 0.5639808177947998, ""test_balanced_accuracy"": 0.7806940674781799}"
2026-04-17T23:37:21.258581,cats,lcbench,126025,2,124,79.3636474609375,"{""OpenML_task_id"": ""189862"", ""batch_size"": 210, ""epoch"": 48, ""learning_rate"": 0.044729716291334404, ""max_dropout"": 0.043862252085244524, ""max_units"": 155, ""momentum"": 0.87519557692382, ""num_layers"": 2, ""weight_decay"": 0.0014892791640991135}","{""time"": 79.3636474609375, ""val_accuracy"": 83.73588562011719, ""val_cross_entropy"": 0.35691919922828674, ""val_balanced_accuracy"": 0.8259655833244324, ""test_cross_entropy"": 0.4920194149017334, ""test_balanced_accuracy"": 0.8213672041893005}"
2026-04-17T23:37:21.258581,cats,lcbench,126025,2,125,40.09953689575195,"{""OpenML_task_id"": ""189865"", ""batch_size"": 261, ""epoch"": 25, ""learning_rate"": 0.08290498226124247, ""max_dropout"": 0.8985801795713045, ""max_units"": 570, ""momentum"": 0.4424130114510252, ""num_layers"": 2, ""weight_decay"": 0.005452269774730833}","{""time"": 40.09953689575195, ""val_accuracy"": 81.67610168457031, ""val_cross_entropy"": 0.3728499412536621, ""val_balanced_accuracy"": 0.8162633776664734, ""test_cross_entropy"": 0.5243552923202515, ""test_balanced_accuracy"": 0.8170671463012695}"
2026-04-17T23:37:21.259568,cats,lcbench,126025,2,126,52.53821563720703,"{""OpenML_task_id"": ""34539"", ""batch_size"": 467, ""epoch"": 15, ""learning_rate"": 0.008818952225617668, ""max_dropout"": 0.35234250104634335, ""max_units"": 337, ""momentum"": 0.6252513238481905, ""num_layers"": 3, ""weight_decay"": 0.030657646114353947}","{""time"": 52.53821563720703, ""val_accuracy"": 79.31282043457031, ""val_cross_entropy"": 0.39346441626548767, ""val_balanced_accuracy"": 0.8284584879875183, ""test_cross_entropy"": 0.5348917841911316, ""test_balanced_accuracy"": 0.8241935968399048}"
2026-04-17T23:37:21.260567,cats,lcbench,126025,2,127,178.52723693847656,"{""OpenML_task_id"": ""167185"", ""batch_size"": 21, ""epoch"": 51, ""learning_rate"": 0.00085906521187371, ""max_dropout"": 0.40345427123838207, ""max_units"": 307, ""momentum"": 0.4889494332085612, ""num_layers"": 4, ""weight_decay"": 0.09522559264123309}","{""time"": 178.52723693847656, ""val_accuracy"": 81.20791625976562, ""val_cross_entropy"": 0.5647923350334167, ""val_balanced_accuracy"": 0.6692331433296204, ""test_cross_entropy"": 0.6398352384567261, ""test_balanced_accuracy"": 0.6687291264533997}"
2026-04-17T23:37:21.260567,cats,lcbench,126025,2,128,9.510431289672852,"{""OpenML_task_id"": ""168331"", ""batch_size"": 155, ""epoch"": 5, ""learning_rate"": 0.08742374719046421, ""max_dropout"": 0.12053327534063041, ""max_units"": 176, ""momentum"": 0.3291200567560636, ""num_layers"": 4, ""weight_decay"": 0.06071841214640701}","{""time"": 9.510431289672852, ""val_accuracy"": 76.82659149169922, ""val_cross_entropy"": 0.43982717394828796, ""val_balanced_accuracy"": 0.7781667709350586, ""test_cross_entropy"": 0.5826994776725769, ""test_balanced_accuracy"": 0.773629367351532}"
2026-04-17T23:37:21.261590,cats,lcbench,126025,2,129,72.20164489746094,"{""OpenML_task_id"": ""167190"", ""batch_size"": 371, ""epoch"": 52, ""learning_rate"": 0.08996025875477266, ""max_dropout"": 0.3037524802441215, ""max_units"": 125, ""momentum"": 0.4564262242599967, ""num_layers"": 1, ""weight_decay"": 0.0013490538650075328}","{""time"": 72.20164489746094, ""val_accuracy"": 77.41187286376953, ""val_cross_entropy"": 0.3894023299217224, ""val_balanced_accuracy"": 0.8144951462745667, ""test_cross_entropy"": 0.5178870558738708, ""test_balanced_accuracy"": 0.8147203922271729}"
2026-04-17T23:37:21.262596,cats,lcbench,126025,2,130,293.36468505859375,"{""OpenML_task_id"": ""126029"", ""batch_size"": 256, ""epoch"": 48, ""learning_rate"": 0.0003589335263749512, ""max_dropout"": 0.5246920061284361, ""max_units"": 902, ""momentum"": 0.4810037800923458, ""num_layers"": 3, ""weight_decay"": 0.013439863312400815}","{""time"": 293.36468505859375, ""val_accuracy"": 76.63677215576172, ""val_cross_entropy"": 0.4374503791332245, ""val_balanced_accuracy"": 0.8050950169563293, ""test_cross_entropy"": 0.5730549097061157, ""test_balanced_accuracy"": 0.8041496276855469}"
2026-04-17T23:37:21.263626,cats,lcbench,126025,2,131,25.3599853515625,"{""OpenML_task_id"": ""126029"", ""batch_size"": 246, ""epoch"": 8, ""learning_rate"": 0.01981905615036858, ""max_dropout"": 0.6206826369309942, ""max_units"": 209, ""momentum"": 0.21342550134143884, ""num_layers"": 1, ""weight_decay"": 0.016168702532289456}","{""time"": 25.3599853515625, ""val_accuracy"": 79.65847778320312, ""val_cross_entropy"": 0.4363148808479309, ""val_balanced_accuracy"": 0.8038383722305298, ""test_cross_entropy"": 0.5562217235565186, ""test_balanced_accuracy"": 0.8023586273193359}"
2026-04-17T23:37:21.263626,cats,lcbench,126025,2,132,74.02422332763672,"{""OpenML_task_id"": ""126026"", ""batch_size"": 317, ""epoch"": 39, ""learning_rate"": 0.006169189483678006, ""max_dropout"": 0.2146928112819857, ""max_units"": 127, ""momentum"": 0.8200172326403073, ""num_layers"": 2, ""weight_decay"": 0.012348192595072822}","{""time"": 74.02422332763672, ""val_accuracy"": 79.08109283447266, ""val_cross_entropy"": 0.4311070442199707, ""val_balanced_accuracy"": 0.817556619644165, ""test_cross_entropy"": 0.5231941342353821, ""test_balanced_accuracy"": 0.8099775910377502}"
2026-04-17T23:37:21.264646,cats,lcbench,126025,2,133,150.48582458496094,"{""OpenML_task_id"": ""167161"", ""batch_size"": 124, ""epoch"": 31, ""learning_rate"": 0.019950128555083067, ""max_dropout"": 0.07827353778081025, ""max_units"": 499, ""momentum"": 0.4076826151896189, ""num_layers"": 4, ""weight_decay"": 0.06373129505945341}","{""time"": 150.48582458496094, ""val_accuracy"": 81.49652099609375, ""val_cross_entropy"": 0.43664371967315674, ""val_balanced_accuracy"": 0.8249437808990479, ""test_cross_entropy"": 0.5477843880653381, ""test_balanced_accuracy"": 0.8159318566322327}"
2026-04-17T23:37:21.264646,cats,lcbench,126025,2,134,88.42073822021484,"{""OpenML_task_id"": ""126026"", ""batch_size"": 73, ""epoch"": 52, ""learning_rate"": 0.0003059728961330899, ""max_dropout"": 0.8879982732483158, ""max_units"": 107, ""momentum"": 0.486288869734377, ""num_layers"": 3, ""weight_decay"": 0.01700910453847107}","{""time"": 88.42073822021484, ""val_accuracy"": 74.29080963134766, ""val_cross_entropy"": 0.6084710359573364, ""val_balanced_accuracy"": 0.7489054203033447, ""test_cross_entropy"": 0.6593722105026245, ""test_balanced_accuracy"": 0.746311604976654}"
2026-04-17T23:37:21.266171,cats,lcbench,126025,2,135,38.08592224121094,"{""OpenML_task_id"": ""126025"", ""batch_size"": 156, ""epoch"": 28, ""learning_rate"": 0.010574379647871444, ""max_dropout"": 0.8978094228038443, ""max_units"": 891, ""momentum"": 0.6862427346545874, ""num_layers"": 2, ""weight_decay"": 0.08859251464863717}","{""time"": 38.08592224121094, ""val_accuracy"": 80.63683319091797, ""val_cross_entropy"": 0.44498053193092346, ""val_balanced_accuracy"": 0.8146349191665649, ""test_cross_entropy"": 0.563736617565155, ""test_balanced_accuracy"": 0.8106824159622192}"
2026-04-17T23:37:21.267183,cats,lcbench,126025,2,136,149.0188446044922,"{""OpenML_task_id"": ""168910"", ""batch_size"": 330, ""epoch"": 40, ""learning_rate"": 0.00024400840608165456, ""max_dropout"": 0.19488278758407318, ""max_units"": 384, ""momentum"": 0.6461507768440383, ""num_layers"": 5, ""weight_decay"": 0.037492996567820805}","{""time"": 149.0188446044922, ""val_accuracy"": 60.79338455200195, ""val_cross_entropy"": 0.6454529762268066, ""val_balanced_accuracy"": 0.7000138759613037, ""test_cross_entropy"": 0.687944233417511, ""test_balanced_accuracy"": 0.6981777548789978}"
2026-04-17T23:37:21.268198,cats,lcbench,126025,2,137,46.055320739746094,"{""OpenML_task_id"": ""168908"", ""batch_size"": 324, ""epoch"": 27, ""learning_rate"": 0.013653062604454928, ""max_dropout"": 0.8887737747295511, ""max_units"": 116, ""momentum"": 0.47152936439791926, ""num_layers"": 1, ""weight_decay"": 0.06842863952101015}","{""time"": 46.055320739746094, ""val_accuracy"": 77.9761734008789, ""val_cross_entropy"": 0.4624320864677429, ""val_balanced_accuracy"": 0.7973470687866211, ""test_cross_entropy"": 0.5647757053375244, ""test_balanced_accuracy"": 0.7960599660873413}"
2026-04-17T23:37:21.268198,cats,lcbench,126025,2,138,166.49853515625,"{""OpenML_task_id"": ""167200"", ""batch_size"": 446, ""epoch"": 36, ""learning_rate"": 0.00011849660838426045, ""max_dropout"": 0.5669309311058459, ""max_units"": 374, ""momentum"": 0.33450689038350356, ""num_layers"": 4, ""weight_decay"": 0.018999908831107207}","{""time"": 166.49853515625, ""val_accuracy"": 36.138004302978516, ""val_cross_entropy"": 0.6652710437774658, ""val_balanced_accuracy"": 0.5139906406402588, ""test_cross_entropy"": 0.6996697783470154, ""test_balanced_accuracy"": 0.5209458470344543}"
2026-04-17T23:37:21.269184,cats,lcbench,126025,2,139,234.57379150390625,"{""OpenML_task_id"": ""189865"", ""batch_size"": 480, ""epoch"": 48, ""learning_rate"": 0.00024712763403099685, ""max_dropout"": 0.07595402772272408, ""max_units"": 386, ""momentum"": 0.3886601736620229, ""num_layers"": 4, ""weight_decay"": 0.02989434571002405}","{""time"": 234.57379150390625, ""val_accuracy"": 50.771820068359375, ""val_cross_entropy"": 0.6726779341697693, ""val_balanced_accuracy"": 0.6303529739379883, ""test_cross_entropy"": 0.6993210315704346, ""test_balanced_accuracy"": 0.6316828727722168}"
2026-04-17T23:37:21.270183,cats,lcbench,126025,2,140,37.99946594238281,"{""OpenML_task_id"": ""167149"", ""batch_size"": 446, ""epoch"": 25, ""learning_rate"": 0.0008134148005924521, ""max_dropout"": 0.5590436517198927, ""max_units"": 385, ""momentum"": 0.2726343156940447, ""num_layers"": 2, ""weight_decay"": 0.09096351899288871}","{""time"": 37.99946594238281, ""val_accuracy"": 77.9413833618164, ""val_cross_entropy"": 0.47004857659339905, ""val_balanced_accuracy"": 0.7853118181228638, ""test_cross_entropy"": 0.5926555395126343, ""test_balanced_accuracy"": 0.7836001515388489}"
2026-04-17T23:37:21.270183,cats,lcbench,126025,2,141,31.462188720703125,"{""OpenML_task_id"": ""126025"", ""batch_size"": 147, ""epoch"": 25, ""learning_rate"": 0.014213859203700338, ""max_dropout"": 0.826372815536002, ""max_units"": 795, ""momentum"": 0.6659228751916915, ""num_layers"": 1, ""weight_decay"": 0.041803905683660846}","{""time"": 31.462188720703125, ""val_accuracy"": 77.04127502441406, ""val_cross_entropy"": 0.44440919160842896, ""val_balanced_accuracy"": 0.7946218848228455, ""test_cross_entropy"": 0.5541821718215942, ""test_balanced_accuracy"": 0.7917127013206482}"
2026-04-17T23:37:21.271687,cats,lcbench,126025,2,142,95.2996597290039,"{""OpenML_task_id"": ""167161"", ""batch_size"": 45, ""epoch"": 9, ""learning_rate"": 0.042383430868654905, ""max_dropout"": 0.2795531906809271, ""max_units"": 870, ""momentum"": 0.3310252457087684, ""num_layers"": 4, ""weight_decay"": 0.0284130201758796}","{""time"": 95.2996597290039, ""val_accuracy"": 74.46217346191406, ""val_cross_entropy"": 0.46064409613609314, ""val_balanced_accuracy"": 0.807200014591217, ""test_cross_entropy"": 0.5323714017868042, ""test_balanced_accuracy"": 0.7880576848983765}"
2026-04-17T23:37:21.272701,cats,lcbench,126025,2,143,36.07230758666992,"{""OpenML_task_id"": ""167181"", ""batch_size"": 27, ""epoch"": 19, ""learning_rate"": 0.005600378259811585, ""max_dropout"": 0.7693363112385299, ""max_units"": 614, ""momentum"": 0.17284692545848002, ""num_layers"": 1, ""weight_decay"": 0.07310018457699215}","{""time"": 36.07230758666992, ""val_accuracy"": 77.27718353271484, ""val_cross_entropy"": 0.45494920015335083, ""val_balanced_accuracy"": 0.7973713874816895, ""test_cross_entropy"": 0.5604472160339355, ""test_balanced_accuracy"": 0.7886862754821777}"
2026-04-17T23:37:21.272701,cats,lcbench,126025,2,144,67.29450225830078,"{""OpenML_task_id"": ""167185"", ""batch_size"": 134, ""epoch"": 40, ""learning_rate"": 0.0007139508312670269, ""max_dropout"": 0.7813062457864829, ""max_units"": 361, ""momentum"": 0.37666224665495573, ""num_layers"": 1, ""weight_decay"": 0.03327930085239538}","{""time"": 67.29450225830078, ""val_accuracy"": 77.74480438232422, ""val_cross_entropy"": 0.4786587655544281, ""val_balanced_accuracy"": 0.7733298540115356, ""test_cross_entropy"": 0.572990894317627, ""test_balanced_accuracy"": 0.7709734439849854}"
2026-04-17T23:37:21.274208,cats,lcbench,126025,2,145,48.77174758911133,"{""OpenML_task_id"": ""167185"", ""batch_size"": 86, ""epoch"": 34, ""learning_rate"": 0.008233968327291513, ""max_dropout"": 0.7174586799985075, ""max_units"": 217, ""momentum"": 0.9170168717817513, ""num_layers"": 2, ""weight_decay"": 0.04847533481963051}","{""time"": 48.77174758911133, ""val_accuracy"": 80.251708984375, ""val_cross_entropy"": 0.40818360447883606, ""val_balanced_accuracy"": 0.8317549228668213, ""test_cross_entropy"": 0.5447748899459839, ""test_balanced_accuracy"": 0.8212466239929199}"
2026-04-17T23:37:21.274718,cats,lcbench,126025,2,146,154.05287170410156,"{""OpenML_task_id"": ""189873"", ""batch_size"": 45, ""epoch"": 42, ""learning_rate"": 0.00038694186868087644, ""max_dropout"": 0.41477685928088803, ""max_units"": 517, ""momentum"": 0.3688821910212644, ""num_layers"": 5, ""weight_decay"": 0.08920013210202393}","{""time"": 154.05287170410156, ""val_accuracy"": 83.05604553222656, ""val_cross_entropy"": 0.6629877686500549, ""val_balanced_accuracy"": 0.7020891308784485, ""test_cross_entropy"": 0.6951428651809692, ""test_balanced_accuracy"": 0.7006550431251526}"
2026-04-17T23:37:21.275228,cats,lcbench,126025,2,147,210.58192443847656,"{""OpenML_task_id"": ""168331"", ""batch_size"": 21, ""epoch"": 45, ""learning_rate"": 0.0016220825295665852, ""max_dropout"": 0.32944438430568845, ""max_units"": 523, ""momentum"": 0.8467332699151747, ""num_layers"": 3, ""weight_decay"": 0.04386730958879375}","{""time"": 210.58192443847656, ""val_accuracy"": 77.49903869628906, ""val_cross_entropy"": 0.4332845211029053, ""val_balanced_accuracy"": 0.8012712597846985, ""test_cross_entropy"": 0.5390651822090149, ""test_balanced_accuracy"": 0.7888442277908325}"
2026-04-17T23:37:21.276233,cats,lcbench,126025,2,148,289.3430480957031,"{""OpenML_task_id"": ""167200"", ""batch_size"": 136, ""epoch"": 26, ""learning_rate"": 0.00029697860074901324, ""max_dropout"": 0.1515993552876832, ""max_units"": 828, ""momentum"": 0.21027163095470192, ""num_layers"": 5, ""weight_decay"": 0.0005119062837594321}","{""time"": 289.3430480957031, ""val_accuracy"": 70.55465698242188, ""val_cross_entropy"": 0.6580080389976501, ""val_balanced_accuracy"": 0.7133222818374634, ""test_cross_entropy"": 0.6879169344902039, ""test_balanced_accuracy"": 0.7130365967750549}"
2026-04-17T23:37:21.277246,cats,lcbench,126025,2,149,86.59397888183594,"{""OpenML_task_id"": ""167201"", ""batch_size"": 102, ""epoch"": 18, ""learning_rate"": 0.006893109986704409, ""max_dropout"": 0.5476761455929177, ""max_units"": 958, ""momentum"": 0.7877715235255534, ""num_layers"": 3, ""weight_decay"": 0.04435608036461234}","{""time"": 86.59397888183594, ""val_accuracy"": 77.56765747070312, ""val_cross_entropy"": 0.44570499658584595, ""val_balanced_accuracy"": 0.8198630809783936, ""test_cross_entropy"": 0.5446937084197998, ""test_balanced_accuracy"": 0.8081350922584534}"
2026-04-17T23:37:21.277246,cats,lcbench,126025,2,150,32.063201904296875,"{""OpenML_task_id"": ""189354"", ""batch_size"": 207, ""epoch"": 16, ""learning_rate"": 0.0001682492431796084, ""max_dropout"": 0.2627401900147187, ""max_units"": 90, ""momentum"": 0.2410687016080121, ""num_layers"": 1, ""weight_decay"": 0.01645597257178973}","{""time"": 32.063201904296875, ""val_accuracy"": 63.93539810180664, ""val_cross_entropy"": 0.6342964172363281, ""val_balanced_accuracy"": 0.5956553220748901, ""test_cross_entropy"": 0.6602342128753662, ""test_balanced_accuracy"": 0.5952032804489136}"
2026-04-17T23:37:21.278762,cats,lcbench,126025,2,151,35.55077362060547,"{""OpenML_task_id"": ""3945"", ""batch_size"": 147, ""epoch"": 5, ""learning_rate"": 0.0005184475530470809, ""max_dropout"": 0.8067181407249554, ""max_units"": 605, ""momentum"": 0.4118819664766582, ""num_layers"": 3, ""weight_decay"": 0.09618148151116347}","{""time"": 35.55077362060547, ""val_accuracy"": 73.67823028564453, ""val_cross_entropy"": 0.6321908831596375, ""val_balanced_accuracy"": 0.772007942199707, ""test_cross_entropy"": 0.6692408323287964, ""test_balanced_accuracy"": 0.7697274684906006}"
2026-04-17T23:37:21.278762,cats,lcbench,126025,2,152,201.88461303710938,"{""OpenML_task_id"": ""167181"", ""batch_size"": 33, ""epoch"": 22, ""learning_rate"": 0.00017500904891236505, ""max_dropout"": 0.2887714339345514, ""max_units"": 626, ""momentum"": 0.5868824798867551, ""num_layers"": 4, ""weight_decay"": 0.03320756892538758}","{""time"": 201.88461303710938, ""val_accuracy"": 79.04912567138672, ""val_cross_entropy"": 0.4844348430633545, ""val_balanced_accuracy"": 0.8066567182540894, ""test_cross_entropy"": 0.5723139643669128, ""test_balanced_accuracy"": 0.796869695186615}"
2026-04-17T23:37:21.279771,cats,lcbench,126025,2,153,58.52328109741211,"{""OpenML_task_id"": ""167201"", ""batch_size"": 17, ""epoch"": 34, ""learning_rate"": 0.07652000083614516, ""max_dropout"": 0.545261936241239, ""max_units"": 106, ""momentum"": 0.31327237399667063, ""num_layers"": 1, ""weight_decay"": 0.060736216684905336}","{""time"": 58.52328109741211, ""val_accuracy"": 77.48942565917969, ""val_cross_entropy"": 0.4421166479587555, ""val_balanced_accuracy"": 0.7807968258857727, ""test_cross_entropy"": 0.5557147264480591, ""test_balanced_accuracy"": 0.7630763649940491}"
2026-04-17T23:37:21.280783,cats,lcbench,126025,2,154,28.280006408691406,"{""OpenML_task_id"": ""167149"", ""batch_size"": 82, ""epoch"": 10, ""learning_rate"": 0.018790594247785897, ""max_dropout"": 0.25775726388457165, ""max_units"": 187, ""momentum"": 0.8663999143144305, ""num_layers"": 2, ""weight_decay"": 0.053023553635715474}","{""time"": 28.280006408691406, ""val_accuracy"": 80.89532470703125, ""val_cross_entropy"": 0.42326346039772034, ""val_balanced_accuracy"": 0.8094432353973389, ""test_cross_entropy"": 0.5471978783607483, ""test_balanced_accuracy"": 0.8007166981697083}"
2026-04-17T23:37:21.280783,cats,lcbench,126025,2,155,150.67547607421875,"{""OpenML_task_id"": ""167185"", ""batch_size"": 68, ""epoch"": 39, ""learning_rate"": 0.06060914343820611, ""max_dropout"": 0.4711416373582139, ""max_units"": 623, ""momentum"": 0.19715792602336213, ""num_layers"": 5, ""weight_decay"": 0.0027359955919663407}","{""time"": 150.67547607421875, ""val_accuracy"": 90.07225799560547, ""val_cross_entropy"": 0.2535211145877838, ""val_balanced_accuracy"": 0.8836405277252197, ""test_cross_entropy"": 0.474147766828537, ""test_balanced_accuracy"": 0.8560912013053894}"
2026-04-17T23:37:21.282313,cats,lcbench,126025,2,156,63.44437026977539,"{""OpenML_task_id"": ""189906"", ""batch_size"": 136, ""epoch"": 33, ""learning_rate"": 0.00013037733497544662, ""max_dropout"": 0.8211082793658102, ""max_units"": 74, ""momentum"": 0.30423065141039357, ""num_layers"": 5, ""weight_decay"": 0.09287172167336318}","{""time"": 63.44437026977539, ""val_accuracy"": 57.35342025756836, ""val_cross_entropy"": 0.5735381245613098, ""val_balanced_accuracy"": 0.5722725987434387, ""test_cross_entropy"": 0.681229293346405, ""test_balanced_accuracy"": 0.5617843270301819}"
2026-04-17T23:37:21.282313,cats,lcbench,126025,2,157,37.63271713256836,"{""OpenML_task_id"": ""189908"", ""batch_size"": 49, ""epoch"": 33, ""learning_rate"": 0.005975496547334594, ""max_dropout"": 0.3478596594735487, ""max_units"": 82, ""momentum"": 0.3717641423855068, ""num_layers"": 5, ""weight_decay"": 0.015206032785402392}","{""time"": 37.63271713256836, ""val_accuracy"": 85.71377563476562, ""val_cross_entropy"": 0.3181811571121216, ""val_balanced_accuracy"": 0.8086408376693726, ""test_cross_entropy"": 0.5107870101928711, ""test_balanced_accuracy"": 0.7978627681732178}"
2026-04-17T23:37:21.283832,cats,lcbench,126025,2,158,17.68621063232422,"{""OpenML_task_id"": ""146212"", ""batch_size"": 108, ""epoch"": 4, ""learning_rate"": 0.09652032484262013, ""max_dropout"": 0.3508138388093289, ""max_units"": 566, ""momentum"": 0.3971796013700444, ""num_layers"": 2, ""weight_decay"": 0.022496905173419686}","{""time"": 17.68621063232422, ""val_accuracy"": 82.40277862548828, ""val_cross_entropy"": 0.3756614029407501, ""val_balanced_accuracy"": 0.8133882284164429, ""test_cross_entropy"": 0.5263420343399048, ""test_balanced_accuracy"": 0.8087518811225891}"
2026-04-17T23:37:21.283832,cats,lcbench,126025,2,159,3.5183913707733154,"{""OpenML_task_id"": ""34539"", ""batch_size"": 26, ""epoch"": 1, ""learning_rate"": 0.0018191831613648944, ""max_dropout"": 0.6560061758376076, ""max_units"": 147, ""momentum"": 0.1392909578945731, ""num_layers"": 5, ""weight_decay"": 0.0912703804625554}","{""time"": 3.5183913707733154, ""val_accuracy"": 60.47765350341797, ""val_cross_entropy"": 0.5607662200927734, ""val_balanced_accuracy"": 0.5713422894477844, ""test_cross_entropy"": 0.6738835573196411, ""test_balanced_accuracy"": 0.5593550801277161}"
2026-04-17T23:37:21.284842,cats,lcbench,126025,2,160,61.08771514892578,"{""OpenML_task_id"": ""189866"", ""batch_size"": 360, ""epoch"": 52, ""learning_rate"": 0.0686543447785103, ""max_dropout"": 0.723834193144617, ""max_units"": 353, ""momentum"": 0.5491839603369955, ""num_layers"": 2, ""weight_decay"": 0.07153540808759709}","{""time"": 61.08771514892578, ""val_accuracy"": 78.7938232421875, ""val_cross_entropy"": 0.4589424133300781, ""val_balanced_accuracy"": 0.8194175362586975, ""test_cross_entropy"": 0.5674493312835693, ""test_balanced_accuracy"": 0.8174740076065063}"
2026-04-17T23:37:21.284842,cats,lcbench,126025,2,161,223.78338623046875,"{""OpenML_task_id"": ""189866"", ""batch_size"": 318, ""epoch"": 45, ""learning_rate"": 0.024331585801061303, ""max_dropout"": 0.9391351002084107, ""max_units"": 586, ""momentum"": 0.6643030255562152, ""num_layers"": 5, ""weight_decay"": 0.013467626459074908}","{""time"": 223.78338623046875, ""val_accuracy"": 78.54369354248047, ""val_cross_entropy"": 0.24883529543876648, ""val_balanced_accuracy"": 0.8451045751571655, ""test_cross_entropy"": 0.47753608226776123, ""test_balanced_accuracy"": 0.8235697150230408}"
2026-04-17T23:37:21.286363,cats,lcbench,126025,2,162,66.90823364257812,"{""OpenML_task_id"": ""34539"", ""batch_size"": 327, ""epoch"": 49, ""learning_rate"": 0.00023360492631897494, ""max_dropout"": 0.9419152145416426, ""max_units"": 151, ""momentum"": 0.11988603805795323, ""num_layers"": 3, ""weight_decay"": 0.0553637165181465}","{""time"": 66.90823364257812, ""val_accuracy"": 55.526851654052734, ""val_cross_entropy"": 0.6578497886657715, ""val_balanced_accuracy"": 0.5760650634765625, ""test_cross_entropy"": 0.6815776824951172, ""test_balanced_accuracy"": 0.5803695321083069}"
2026-04-17T23:37:21.287370,cats,lcbench,126025,2,163,64.79421997070312,"{""OpenML_task_id"": ""126026"", ""batch_size"": 40, ""epoch"": 37, ""learning_rate"": 0.09021521302037235, ""max_dropout"": 0.21505538224212695, ""max_units"": 267, ""momentum"": 0.601950778592686, ""num_layers"": 2, ""weight_decay"": 0.00229327401363636}","{""time"": 64.79421997070312, ""val_accuracy"": 84.07933044433594, ""val_cross_entropy"": 0.3799813985824585, ""val_balanced_accuracy"": 0.81479811668396, ""test_cross_entropy"": 0.506199836730957, ""test_balanced_accuracy"": 0.8058247566223145}"
2026-04-17T23:37:21.288372,cats,lcbench,126025,2,164,72.50982666015625,"{""OpenML_task_id"": ""168910"", ""batch_size"": 218, ""epoch"": 22, ""learning_rate"": 0.0006655404651577281, ""max_dropout"": 0.17127396721114585, ""max_units"": 319, ""momentum"": 0.4177598008701424, ""num_layers"": 3, ""weight_decay"": 0.06523634230554672}","{""time"": 72.50982666015625, ""val_accuracy"": 77.25375366210938, ""val_cross_entropy"": 0.526671826839447, ""val_balanced_accuracy"": 0.799848198890686, ""test_cross_entropy"": 0.6090371608734131, ""test_balanced_accuracy"": 0.799738347530365}"
2026-04-17T23:37:21.288372,cats,lcbench,126025,2,165,50.82162094116211,"{""OpenML_task_id"": ""34539"", ""batch_size"": 281, ""epoch"": 29, ""learning_rate"": 0.013324839221124842, ""max_dropout"": 0.036781937068638304, ""max_units"": 153, ""momentum"": 0.6943453332590441, ""num_layers"": 1, ""weight_decay"": 0.013124943127104934}","{""time"": 50.82162094116211, ""val_accuracy"": 79.5494613647461, ""val_cross_entropy"": 0.4354650676250458, ""val_balanced_accuracy"": 0.8096408843994141, ""test_cross_entropy"": 0.5437138080596924, ""test_balanced_accuracy"": 0.8090126514434814}"
2026-04-17T23:37:21.289903,cats,lcbench,126025,2,166,89.14446258544922,"{""OpenML_task_id"": ""126026"", ""batch_size"": 50, ""epoch"": 41, ""learning_rate"": 0.00012802438408157312, ""max_dropout"": 0.6974263214158871, ""max_units"": 548, ""momentum"": 0.5885901453292092, ""num_layers"": 1, ""weight_decay"": 0.04791731433775124}","{""time"": 89.14446258544922, ""val_accuracy"": 76.93231964111328, ""val_cross_entropy"": 0.49559035897254944, ""val_balanced_accuracy"": 0.7543977499008179, ""test_cross_entropy"": 0.58302241563797, ""test_balanced_accuracy"": 0.7525510191917419}"
2026-04-17T23:37:21.289903,cats,lcbench,126025,2,167,69.77247619628906,"{""OpenML_task_id"": ""189866"", ""batch_size"": 442, ""epoch"": 16, ""learning_rate"": 0.03576002844823808, ""max_dropout"": 0.3125226657035055, ""max_units"": 819, ""momentum"": 0.9595499740460084, ""num_layers"": 4, ""weight_decay"": 0.07757421533559829}","{""time"": 69.77247619628906, ""val_accuracy"": 77.92815399169922, ""val_cross_entropy"": 0.45968225598335266, ""val_balanced_accuracy"": 0.8065890073776245, ""test_cross_entropy"": 0.5435046553611755, ""test_balanced_accuracy"": 0.8016610741615295}"
2026-04-17T23:37:21.291432,cats,lcbench,126025,2,168,75.81751251220703,"{""OpenML_task_id"": ""167161"", ""batch_size"": 71, ""epoch"": 31, ""learning_rate"": 0.0014464619706805566, ""max_dropout"": 0.8860547725841114, ""max_units"": 255, ""momentum"": 0.3508743342975751, ""num_layers"": 4, ""weight_decay"": 0.030087136738799494}","{""time"": 75.81751251220703, ""val_accuracy"": 81.65087127685547, ""val_cross_entropy"": 0.5159325003623962, ""val_balanced_accuracy"": 0.7767994999885559, ""test_cross_entropy"": 0.6267623901367188, ""test_balanced_accuracy"": 0.7695865631103516}"
2026-04-17T23:37:21.291953,cats,lcbench,126025,2,169,34.41009521484375,"{""OpenML_task_id"": ""168331"", ""batch_size"": 53, ""epoch"": 11, ""learning_rate"": 0.00015799264902972477, ""max_dropout"": 0.6900696300073863, ""max_units"": 69, ""momentum"": 0.7590322348120744, ""num_layers"": 1, ""weight_decay"": 0.06468579764320595}","{""time"": 34.41009521484375, ""val_accuracy"": 76.00151824951172, ""val_cross_entropy"": 0.49717795848846436, ""val_balanced_accuracy"": 0.7509709000587463, ""test_cross_entropy"": 0.5945289134979248, ""test_balanced_accuracy"": 0.7480902075767517}"
2026-04-17T23:37:21.292967,cats,lcbench,126025,2,170,50.68077850341797,"{""OpenML_task_id"": ""126026"", ""batch_size"": 97, ""epoch"": 9, ""learning_rate"": 0.0010661408464097521, ""max_dropout"": 0.45054673906187037, ""max_units"": 420, ""momentum"": 0.8779474120926318, ""num_layers"": 3, ""weight_decay"": 0.08613369938270354}","{""time"": 50.68077850341797, ""val_accuracy"": 79.19430541992188, ""val_cross_entropy"": 0.43476012349128723, ""val_balanced_accuracy"": 0.8142403960227966, ""test_cross_entropy"": 0.5582431554794312, ""test_balanced_accuracy"": 0.8074756264686584}"
2026-04-17T23:37:21.292967,cats,lcbench,126025,2,171,63.50293731689453,"{""OpenML_task_id"": ""167149"", ""batch_size"": 89, ""epoch"": 28, ""learning_rate"": 0.000801442108354778, ""max_dropout"": 0.31140602128352346, ""max_units"": 122, ""momentum"": 0.8053121000971304, ""num_layers"": 2, ""weight_decay"": 0.06952125192741074}","{""time"": 63.50293731689453, ""val_accuracy"": 78.43201446533203, ""val_cross_entropy"": 0.4618957042694092, ""val_balanced_accuracy"": 0.8022576570510864, ""test_cross_entropy"": 0.56258225440979, ""test_balanced_accuracy"": 0.7946006655693054}"
2026-04-17T23:37:21.294469,cats,lcbench,126025,2,172,70.88247680664062,"{""OpenML_task_id"": ""167190"", ""batch_size"": 29, ""epoch"": 38, ""learning_rate"": 0.001693722649348786, ""max_dropout"": 0.5336874610577963, ""max_units"": 194, ""momentum"": 0.980417378506501, ""num_layers"": 1, ""weight_decay"": 0.028588442956766057}","{""time"": 70.88247680664062, ""val_accuracy"": 79.44090270996094, ""val_cross_entropy"": 0.45082956552505493, ""val_balanced_accuracy"": 0.8087935447692871, ""test_cross_entropy"": 0.541234016418457, ""test_balanced_accuracy"": 0.8031150102615356}"
2026-04-17T23:37:21.294469,cats,lcbench,126025,2,173,52.40852737426758,"{""OpenML_task_id"": ""168335"", ""batch_size"": 23, ""epoch"": 5, ""learning_rate"": 0.00013336755327444634, ""max_dropout"": 0.16847843041404753, ""max_units"": 626, ""momentum"": 0.6425438434924432, ""num_layers"": 3, ""weight_decay"": 0.08293826739783948}","{""time"": 52.40852737426758, ""val_accuracy"": 78.95329284667969, ""val_cross_entropy"": 0.5120245814323425, ""val_balanced_accuracy"": 0.7926948070526123, ""test_cross_entropy"": 0.6033228635787964, ""test_balanced_accuracy"": 0.7857537865638733}"
2026-04-17T23:37:21.295478,cats,lcbench,126025,2,174,23.951568603515625,"{""OpenML_task_id"": ""167185"", ""batch_size"": 206, ""epoch"": 13, ""learning_rate"": 0.00013283250388376866, ""max_dropout"": 0.44453469536239554, ""max_units"": 148, ""momentum"": 0.1605584917866332, ""num_layers"": 5, ""weight_decay"": 0.06847588651582114}","{""time"": 23.951568603515625, ""val_accuracy"": 58.67903518676758, ""val_cross_entropy"": 0.5519639253616333, ""val_balanced_accuracy"": 0.5770294666290283, ""test_cross_entropy"": 0.6756991147994995, ""test_balanced_accuracy"": 0.568450927734375}"
2026-04-17T23:37:21.296476,cats,lcbench,126025,2,175,259.504150390625,"{""OpenML_task_id"": ""168868"", ""batch_size"": 223, ""epoch"": 37, ""learning_rate"": 0.0065750717686892, ""max_dropout"": 0.3126507066488541, ""max_units"": 788, ""momentum"": 0.8934890874494655, ""num_layers"": 5, ""weight_decay"": 0.023956149135623342}","{""time"": 259.504150390625, ""val_accuracy"": 79.31190490722656, ""val_cross_entropy"": 0.31222420930862427, ""val_balanced_accuracy"": 0.8146427273750305, ""test_cross_entropy"": 0.48392608761787415, ""test_balanced_accuracy"": 0.7951206564903259}"
2026-04-17T23:37:21.296476,cats,lcbench,126025,2,176,74.61408233642578,"{""OpenML_task_id"": ""7593"", ""batch_size"": 237, ""epoch"": 50, ""learning_rate"": 0.0021088416698437774, ""max_dropout"": 0.06196806689868661, ""max_units"": 121, ""momentum"": 0.6638363527203524, ""num_layers"": 1, ""weight_decay"": 0.036476894065866426}","{""time"": 74.61408233642578, ""val_accuracy"": 78.09793090820312, ""val_cross_entropy"": 0.49073806405067444, ""val_balanced_accuracy"": 0.7938568592071533, ""test_cross_entropy"": 0.5635942220687866, ""test_balanced_accuracy"": 0.7941536903381348}"
2026-04-17T23:37:21.298027,cats,lcbench,126025,2,177,98.08441925048828,"{""OpenML_task_id"": ""189873"", ""batch_size"": 198, ""epoch"": 34, ""learning_rate"": 0.017869119612716998, ""max_dropout"": 0.7386313017928915, ""max_units"": 284, ""momentum"": 0.10014637644912817, ""num_layers"": 3, ""weight_decay"": 0.011475970752483737}","{""time"": 98.08441925048828, ""val_accuracy"": 76.71940612792969, ""val_cross_entropy"": 0.4306364059448242, ""val_balanced_accuracy"": 0.8218075633049011, ""test_cross_entropy"": 0.5286869406700134, ""test_balanced_accuracy"": 0.8128159642219543}"
2026-04-17T23:37:21.298027,cats,lcbench,126025,2,178,38.39828109741211,"{""OpenML_task_id"": ""167181"", ""batch_size"": 365, ""epoch"": 20, ""learning_rate"": 0.015415061274911629, ""max_dropout"": 0.46675264990361665, ""max_units"": 223, ""momentum"": 0.78367781564101, ""num_layers"": 5, ""weight_decay"": 0.06412750485162799}","{""time"": 38.39828109741211, ""val_accuracy"": 72.077392578125, ""val_cross_entropy"": 0.5494617223739624, ""val_balanced_accuracy"": 0.6134883165359497, ""test_cross_entropy"": 0.6744306683540344, ""test_balanced_accuracy"": 0.6174384951591492}"
2026-04-17T23:37:21.299578,cats,lcbench,126025,2,179,110.64022827148438,"{""OpenML_task_id"": ""189909"", ""batch_size"": 172, ""epoch"": 35, ""learning_rate"": 0.0071880930798975135, ""max_dropout"": 0.2916268954556813, ""max_units"": 384, ""momentum"": 0.32411387069080677, ""num_layers"": 4, ""weight_decay"": 0.08385503904587567}","{""time"": 110.64022827148438, ""val_accuracy"": 80.95613861083984, ""val_cross_entropy"": 0.4964524805545807, ""val_balanced_accuracy"": 0.7774205803871155, ""test_cross_entropy"": 0.5947906374931335, ""test_balanced_accuracy"": 0.7759376764297485}"
2026-04-17T23:37:21.299578,cats,lcbench,126025,2,180,33.97502136230469,"{""OpenML_task_id"": ""167200"", ""batch_size"": 28, ""epoch"": 18, ""learning_rate"": 0.006258261501986267, ""max_dropout"": 0.10424764908393447, ""max_units"": 243, ""momentum"": 0.2989894148101736, ""num_layers"": 5, ""weight_decay"": 0.053687723481843114}","{""time"": 33.97502136230469, ""val_accuracy"": 88.01998138427734, ""val_cross_entropy"": 0.4477303624153137, ""val_balanced_accuracy"": 0.741838276386261, ""test_cross_entropy"": 0.5869320631027222, ""test_balanced_accuracy"": 0.7384459376335144}"
2026-04-17T23:37:21.301098,cats,lcbench,126025,2,181,113.86703491210938,"{""OpenML_task_id"": ""34539"", ""batch_size"": 264, ""epoch"": 30, ""learning_rate"": 0.0003895935744269742, ""max_dropout"": 0.7041190280366159, ""max_units"": 536, ""momentum"": 0.8773470471042504, ""num_layers"": 5, ""weight_decay"": 0.07242637156100433}","{""time"": 113.86703491210938, ""val_accuracy"": 75.20925903320312, ""val_cross_entropy"": 0.6205277442932129, ""val_balanced_accuracy"": 0.7237364053726196, ""test_cross_entropy"": 0.6880853176116943, ""test_balanced_accuracy"": 0.7210977673530579}"
2026-04-17T23:37:21.301613,cats,lcbench,126025,2,182,47.2071533203125,"{""OpenML_task_id"": ""168910"", ""batch_size"": 143, ""epoch"": 13, ""learning_rate"": 0.0016902912408504498, ""max_dropout"": 0.9331250817259436, ""max_units"": 460, ""momentum"": 0.279734191620949, ""num_layers"": 5, ""weight_decay"": 0.04649980130038633}","{""time"": 47.2071533203125, ""val_accuracy"": 76.01920318603516, ""val_cross_entropy"": 0.5714706182479858, ""val_balanced_accuracy"": 0.69581538438797, ""test_cross_entropy"": 0.6639540195465088, ""test_balanced_accuracy"": 0.6914904117584229}"
2026-04-17T23:37:21.302126,cats,lcbench,126025,2,183,219.3433837890625,"{""OpenML_task_id"": ""189865"", ""batch_size"": 158, ""epoch"": 27, ""learning_rate"": 0.05011148192587653, ""max_dropout"": 0.8290011311973805, ""max_units"": 939, ""momentum"": 0.3838078666397633, ""num_layers"": 5, ""weight_decay"": 0.02030589448076372}","{""time"": 219.3433837890625, ""val_accuracy"": 78.517333984375, ""val_cross_entropy"": 0.32832446694374084, ""val_balanced_accuracy"": 0.844832181930542, ""test_cross_entropy"": 0.4960522949695587, ""test_balanced_accuracy"": 0.822144627571106}"
2026-04-17T23:37:21.303130,cats,lcbench,126025,2,184,45.192142486572266,"{""OpenML_task_id"": ""167184"", ""batch_size"": 56, ""epoch"": 37, ""learning_rate"": 0.01462371115709389, ""max_dropout"": 0.40864026548526533, ""max_units"": 109, ""momentum"": 0.29258007902071637, ""num_layers"": 4, ""weight_decay"": 0.03575130362362876}","{""time"": 45.192142486572266, ""val_accuracy"": 81.84452056884766, ""val_cross_entropy"": 0.3948269784450531, ""val_balanced_accuracy"": 0.8115487694740295, ""test_cross_entropy"": 0.5334309935569763, ""test_balanced_accuracy"": 0.7970049381256104}"
2026-04-17T23:37:21.303130,cats,lcbench,126025,2,185,63.02881622314453,"{""OpenML_task_id"": ""189865"", ""batch_size"": 98, ""epoch"": 32, ""learning_rate"": 0.006839465063524451, ""max_dropout"": 0.05976947021661205, ""max_units"": 251, ""momentum"": 0.2938590166563312, ""num_layers"": 2, ""weight_decay"": 0.00897172649741978}","{""time"": 63.02881622314453, ""val_accuracy"": 79.60957336425781, ""val_cross_entropy"": 0.40567320585250854, ""val_balanced_accuracy"": 0.8088305592536926, ""test_cross_entropy"": 0.5176188349723816, ""test_balanced_accuracy"": 0.8009275197982788}"
2026-04-17T23:37:21.304140,cats,lcbench,126025,2,186,73.10247802734375,"{""OpenML_task_id"": ""3945"", ""batch_size"": 360, ""epoch"": 5, ""learning_rate"": 0.0024479835324623983, ""max_dropout"": 0.7559299936198975, ""max_units"": 929, ""momentum"": 0.2901953702935194, ""num_layers"": 4, ""weight_decay"": 0.020348512496363644}","{""time"": 73.10247802734375, ""val_accuracy"": 69.51488494873047, ""val_cross_entropy"": 0.6326584219932556, ""val_balanced_accuracy"": 0.7498859167098999, ""test_cross_entropy"": 0.6675398349761963, ""test_balanced_accuracy"": 0.7486811876296997}"
2026-04-17T23:37:21.305187,cats,lcbench,126025,2,187,71.86418914794922,"{""OpenML_task_id"": ""167149"", ""batch_size"": 126, ""epoch"": 12, ""learning_rate"": 0.0012724740364257695, ""max_dropout"": 0.7144615916256087, ""max_units"": 965, ""momentum"": 0.320205939459007, ""num_layers"": 3, ""weight_decay"": 0.07217627399671771}","{""time"": 71.86418914794922, ""val_accuracy"": 78.10269927978516, ""val_cross_entropy"": 0.4619552791118622, ""val_balanced_accuracy"": 0.8145759105682373, ""test_cross_entropy"": 0.5768306255340576, ""test_balanced_accuracy"": 0.8072862029075623}"
2026-04-17T23:37:21.306204,cats,lcbench,126025,2,188,41.93605422973633,"{""OpenML_task_id"": ""189862"", ""batch_size"": 183, ""epoch"": 20, ""learning_rate"": 0.00403020758281175, ""max_dropout"": 0.19249653168397485, ""max_units"": 200, ""momentum"": 0.8904034251673698, ""num_layers"": 5, ""weight_decay"": 0.05525325396292021}","{""time"": 41.93605422973633, ""val_accuracy"": 80.19662475585938, ""val_cross_entropy"": 0.48544391989707947, ""val_balanced_accuracy"": 0.6729027628898621, ""test_cross_entropy"": 0.6331331729888916, ""test_balanced_accuracy"": 0.6719101071357727}"
2026-04-17T23:37:21.306204,cats,lcbench,126025,2,189,48.537479400634766,"{""OpenML_task_id"": ""167168"", ""batch_size"": 345, ""epoch"": 23, ""learning_rate"": 0.0026707314349914907, ""max_dropout"": 0.6813934038889768, ""max_units"": 226, ""momentum"": 0.1867346283450455, ""num_layers"": 2, ""weight_decay"": 0.0015133831225078377}","{""time"": 48.537479400634766, ""val_accuracy"": 76.20328521728516, ""val_cross_entropy"": 0.45286935567855835, ""val_balanced_accuracy"": 0.7774176001548767, ""test_cross_entropy"": 0.556799590587616, ""test_balanced_accuracy"": 0.7720064520835876}"
2026-04-17T23:37:21.307718,cats,lcbench,126025,2,190,36.720733642578125,"{""OpenML_task_id"": ""3945"", ""batch_size"": 32, ""epoch"": 6, ""learning_rate"": 0.00011176039596965817, ""max_dropout"": 0.7114335723247858, ""max_units"": 209, ""momentum"": 0.9574867798581994, ""num_layers"": 3, ""weight_decay"": 0.06514278809628905}","{""time"": 36.720733642578125, ""val_accuracy"": 79.94249725341797, ""val_cross_entropy"": 0.5166723728179932, ""val_balanced_accuracy"": 0.7788735628128052, ""test_cross_entropy"": 0.609175443649292, ""test_balanced_accuracy"": 0.7741031646728516}"
2026-04-17T23:37:21.307718,cats,lcbench,126025,2,191,64.78864288330078,"{""OpenML_task_id"": ""146212"", ""batch_size"": 102, ""epoch"": 47, ""learning_rate"": 0.035667395905872076, ""max_dropout"": 0.6106438405320723, ""max_units"": 278, ""momentum"": 0.22672474051356065, ""num_layers"": 1, ""weight_decay"": 0.09742201519049924}","{""time"": 64.78864288330078, ""val_accuracy"": 77.22384643554688, ""val_cross_entropy"": 0.47689953446388245, ""val_balanced_accuracy"": 0.7947310209274292, ""test_cross_entropy"": 0.5696141719818115, ""test_balanced_accuracy"": 0.7833461165428162}"
2026-04-17T23:37:21.309253,cats,lcbench,126025,2,192,40.987815856933594,"{""OpenML_task_id"": ""167161"", ""batch_size"": 121, ""epoch"": 27, ""learning_rate"": 0.08166721053669901, ""max_dropout"": 0.16973256723875518, ""max_units"": 435, ""momentum"": 0.5072650290353049, ""num_layers"": 2, ""weight_decay"": 0.040668558782144}","{""time"": 40.987815856933594, ""val_accuracy"": 79.70650482177734, ""val_cross_entropy"": 0.36312174797058105, ""val_balanced_accuracy"": 0.8253734707832336, ""test_cross_entropy"": 0.5390572547912598, ""test_balanced_accuracy"": 0.8163163065910339}"
2026-04-17T23:37:21.309253,cats,lcbench,126025,2,193,18.705570220947266,"{""OpenML_task_id"": ""168329"", ""batch_size"": 123, ""epoch"": 7, ""learning_rate"": 0.0328300259880476, ""max_dropout"": 0.22600084737842763, ""max_units"": 157, ""momentum"": 0.3083588506164167, ""num_layers"": 4, ""weight_decay"": 0.08832347273570756}","{""time"": 18.705570220947266, ""val_accuracy"": 67.46435546875, ""val_cross_entropy"": 0.6140508651733398, ""val_balanced_accuracy"": 0.6037202477455139, ""test_cross_entropy"": 0.6680346727371216, ""test_balanced_accuracy"": 0.6052871346473694}"
2026-04-17T23:37:21.309253,cats,lcbench,126025,2,194,29.763721466064453,"{""OpenML_task_id"": ""168910"", ""batch_size"": 475, ""epoch"": 13, ""learning_rate"": 0.004075609530558892, ""max_dropout"": 0.7720345716507306, ""max_units"": 661, ""momentum"": 0.5018940772764188, ""num_layers"": 2, ""weight_decay"": 0.026805920856574586}","{""time"": 29.763721466064453, ""val_accuracy"": 78.02914428710938, ""val_cross_entropy"": 0.43915411829948425, ""val_balanced_accuracy"": 0.8052132725715637, ""test_cross_entropy"": 0.5468928217887878, ""test_balanced_accuracy"": 0.796547532081604}"
2026-04-17T23:37:21.310781,cats,lcbench,126025,2,195,55.38572311401367,"{""OpenML_task_id"": ""126029"", ""batch_size"": 86, ""epoch"": 50, ""learning_rate"": 0.09267016952667208, ""max_dropout"": 0.8159857920572027, ""max_units"": 390, ""momentum"": 0.8079818750038233, ""num_layers"": 2, ""weight_decay"": 0.05052242934119461}","{""time"": 55.38572311401367, ""val_accuracy"": 78.21495056152344, ""val_cross_entropy"": 0.33830854296684265, ""val_balanced_accuracy"": 0.8185724020004272, ""test_cross_entropy"": 0.550086498260498, ""test_balanced_accuracy"": 0.8072385191917419}"
2026-04-17T23:37:21.311790,cats,lcbench,126025,2,196,511.48638916015625,"{""OpenML_task_id"": ""168908"", ""batch_size"": 60, ""epoch"": 49, ""learning_rate"": 0.00020508268096131402, ""max_dropout"": 0.03862390379147562, ""max_units"": 784, ""momentum"": 0.3086672208759306, ""num_layers"": 4, ""weight_decay"": 0.0848937649376428}","{""time"": 511.48638916015625, ""val_accuracy"": 78.18899536132812, ""val_cross_entropy"": 0.5369025468826294, ""val_balanced_accuracy"": 0.802830159664154, ""test_cross_entropy"": 0.6254876255989075, ""test_balanced_accuracy"": 0.7975980639457703}"
2026-04-17T23:37:21.312306,cats,lcbench,126025,2,197,45.489166259765625,"{""OpenML_task_id"": ""168329"", ""batch_size"": 297, ""epoch"": 23, ""learning_rate"": 0.06660925003127431, ""max_dropout"": 0.3736900697554171, ""max_units"": 113, ""momentum"": 0.5431227591811738, ""num_layers"": 1, ""weight_decay"": 0.0631442350989081}","{""time"": 45.489166259765625, ""val_accuracy"": 77.26715850830078, ""val_cross_entropy"": 0.4730275571346283, ""val_balanced_accuracy"": 0.7927855253219604, ""test_cross_entropy"": 0.5611610412597656, ""test_balanced_accuracy"": 0.7910304069519043}"
2026-04-17T23:37:21.312306,cats,lcbench,126025,2,198,283.67449951171875,"{""OpenML_task_id"": ""146212"", ""batch_size"": 16, ""epoch"": 28, ""learning_rate"": 0.0100789380111448, ""max_dropout"": 0.4800666892809179, ""max_units"": 862, ""momentum"": 0.9463892110519464, ""num_layers"": 4, ""weight_decay"": 0.021111093949310492}","{""time"": 283.67449951171875, ""val_accuracy"": 79.66941833496094, ""val_cross_entropy"": 0.4412606656551361, ""val_balanced_accuracy"": 0.8224990963935852, ""test_cross_entropy"": 0.5327930450439453, ""test_balanced_accuracy"": 0.7971569895744324}"
2026-04-17T23:37:21.313825,cats,lcbench,126025,2,199,100.86917114257812,"{""OpenML_task_id"": ""167190"", ""batch_size"": 473, ""epoch"": 43, ""learning_rate"": 0.005917843911928647, ""max_dropout"": 0.8711662715105032, ""max_units"": 236, ""momentum"": 0.23929342317189545, ""num_layers"": 3, ""weight_decay"": 0.03789182401683948}","{""time"": 100.86917114257812, ""val_accuracy"": 78.37384033203125, ""val_cross_entropy"": 0.4962325990200043, ""val_balanced_accuracy"": 0.8002357482910156, ""test_cross_entropy"": 0.6029808521270752, ""test_balanced_accuracy"": 0.7993860244750977}"
2026-04-17T23:37:21.314837,cats,lcbench,126025,2,200,82.46495056152344,"{""OpenML_task_id"": ""167152"", ""batch_size"": 248, ""epoch"": 9, ""learning_rate"": 0.04255002849271531, ""max_dropout"": 0.19530978611720162, ""max_units"": 1022, ""momentum"": 0.20641382840405786, ""num_layers"": 4, ""weight_decay"": 0.09789120175556501}","{""time"": 82.46495056152344, ""val_accuracy"": 79.94036102294922, ""val_cross_entropy"": 0.44802427291870117, ""val_balanced_accuracy"": 0.8211620450019836, ""test_cross_entropy"": 0.5651781558990479, ""test_balanced_accuracy"": 0.8191252946853638}"
2026-04-17T23:37:21.314837,cats,lcbench,126025,2,201,26.722381591796875,"{""OpenML_task_id"": ""168868"", ""batch_size"": 71, ""epoch"": 18, ""learning_rate"": 0.005663557021819893, ""max_dropout"": 0.30357594774235375, ""max_units"": 95, ""momentum"": 0.7930121073380754, ""num_layers"": 5, ""weight_decay"": 0.031189007125611116}","{""time"": 26.722381591796875, ""val_accuracy"": 85.78050231933594, ""val_cross_entropy"": 0.3950890302658081, ""val_balanced_accuracy"": 0.76946622133255, ""test_cross_entropy"": 0.5579184293746948, ""test_balanced_accuracy"": 0.7623155117034912}"
2026-04-17T23:37:21.316343,cats,lcbench,126025,2,202,40.54437255859375,"{""OpenML_task_id"": ""168331"", ""batch_size"": 479, ""epoch"": 26, ""learning_rate"": 0.06829156345583805, ""max_dropout"": 0.7974650501522077, ""max_units"": 119, ""momentum"": 0.9828306756109384, ""num_layers"": 3, ""weight_decay"": 0.023226107508083578}","{""time"": 40.54437255859375, ""val_accuracy"": 83.88134765625, ""val_cross_entropy"": 0.3988078534603119, ""val_balanced_accuracy"": 0.8748513460159302, ""test_cross_entropy"": 0.516797661781311, ""test_balanced_accuracy"": 0.87050861120224}"
2026-04-17T23:37:21.317359,cats,lcbench,126025,2,203,653.6539916992188,"{""OpenML_task_id"": ""167185"", ""batch_size"": 18, ""epoch"": 31, ""learning_rate"": 0.018371525536862485, ""max_dropout"": 0.252439846495387, ""max_units"": 801, ""momentum"": 0.597563162550762, ""num_layers"": 4, ""weight_decay"": 0.07122326933345648}","{""time"": 653.6539916992188, ""val_accuracy"": 80.87310791015625, ""val_cross_entropy"": 0.4631822407245636, ""val_balanced_accuracy"": 0.8198302388191223, ""test_cross_entropy"": 0.5678718090057373, ""test_balanced_accuracy"": 0.8043367862701416}"
2026-04-17T23:37:21.317359,cats,lcbench,126025,2,204,68.04193878173828,"{""OpenML_task_id"": ""167201"", ""batch_size"": 25, ""epoch"": 23, ""learning_rate"": 0.0012802754805351744, ""max_dropout"": 0.7539704447817257, ""max_units"": 360, ""momentum"": 0.10439315544231097, ""num_layers"": 5, ""weight_decay"": 0.050711795484684755}","{""time"": 68.04193878173828, ""val_accuracy"": 89.42041778564453, ""val_cross_entropy"": 0.5261303186416626, ""val_balanced_accuracy"": 0.7708470225334167, ""test_cross_entropy"": 0.6354175806045532, ""test_balanced_accuracy"": 0.7673893570899963}"
2026-04-17T23:37:21.318363,cats,lcbench,126025,2,205,366.9787902832031,"{""OpenML_task_id"": ""167161"", ""batch_size"": 36, ""epoch"": 42, ""learning_rate"": 0.00021617132422437532, ""max_dropout"": 0.935172795923454, ""max_units"": 886, ""momentum"": 0.2559572594576243, ""num_layers"": 3, ""weight_decay"": 0.029574868387349386}","{""time"": 366.9787902832031, ""val_accuracy"": 77.21765899658203, ""val_cross_entropy"": 0.46704185009002686, ""val_balanced_accuracy"": 0.7855949401855469, ""test_cross_entropy"": 0.591242790222168, ""test_balanced_accuracy"": 0.7794799208641052}"
2026-04-17T23:37:21.319348,cats,lcbench,126025,2,206,68.45610046386719,"{""OpenML_task_id"": ""189909"", ""batch_size"": 41, ""epoch"": 45, ""learning_rate"": 0.01587339027851937, ""max_dropout"": 0.3781257464578408, ""max_units"": 299, ""momentum"": 0.5667251352804868, ""num_layers"": 1, ""weight_decay"": 0.03372772269547565}","{""time"": 68.45610046386719, ""val_accuracy"": 76.96430969238281, ""val_cross_entropy"": 0.4455004930496216, ""val_balanced_accuracy"": 0.7988266944885254, ""test_cross_entropy"": 0.5491079092025757, ""test_balanced_accuracy"": 0.7891993522644043}"
2026-04-17T23:37:21.320358,cats,lcbench,126025,2,207,27.20207977294922,"{""OpenML_task_id"": ""168908"", ""batch_size"": 221, ""epoch"": 10, ""learning_rate"": 0.004324532377892276, ""max_dropout"": 0.8409992884250215, ""max_units"": 156, ""momentum"": 0.570045612191932, ""num_layers"": 4, ""weight_decay"": 0.06556489780365522}","{""time"": 27.20207977294922, ""val_accuracy"": 68.85338592529297, ""val_cross_entropy"": 0.6375641822814941, ""val_balanced_accuracy"": 0.632146954536438, ""test_cross_entropy"": 0.6916212439537048, ""test_balanced_accuracy"": 0.6331037878990173}"
2026-04-17T23:37:21.320358,cats,lcbench,126025,2,208,27.282958984375,"{""OpenML_task_id"": ""167181"", ""batch_size"": 197, ""epoch"": 31, ""learning_rate"": 0.07614262451111106, ""max_dropout"": 0.7641340977071108, ""max_units"": 149, ""momentum"": 0.3542399882238909, ""num_layers"": 3, ""weight_decay"": 0.08486475559178278}","{""time"": 27.282958984375, ""val_accuracy"": 76.66571807861328, ""val_cross_entropy"": 0.47478678822517395, ""val_balanced_accuracy"": 0.7849029898643494, ""test_cross_entropy"": 0.5824980735778809, ""test_balanced_accuracy"": 0.7846096158027649}"
2026-04-17T23:37:21.321878,cats,lcbench,126025,2,209,56.00765609741211,"{""OpenML_task_id"": ""189354"", ""batch_size"": 222, ""epoch"": 23, ""learning_rate"": 0.0024703323246654395, ""max_dropout"": 0.4928290096313144, ""max_units"": 105, ""momentum"": 0.696933977894875, ""num_layers"": 4, ""weight_decay"": 0.0052578147599934046}","{""time"": 56.00765609741211, ""val_accuracy"": 76.98589324951172, ""val_cross_entropy"": 0.43929797410964966, ""val_balanced_accuracy"": 0.8122177124023438, ""test_cross_entropy"": 0.5590988993644714, ""test_balanced_accuracy"": 0.8049138188362122}"
2026-04-17T23:37:21.321878,cats,lcbench,126025,2,210,50.6779899597168,"{""OpenML_task_id"": ""167168"", ""batch_size"": 57, ""epoch"": 20, ""learning_rate"": 0.0015774302275712829, ""max_dropout"": 0.10038080797019244, ""max_units"": 452, ""momentum"": 0.7042080365085208, ""num_layers"": 2, ""weight_decay"": 0.035367548141736656}","{""time"": 50.6779899597168, ""val_accuracy"": 80.0090103149414, ""val_cross_entropy"": 0.4157713055610657, ""val_balanced_accuracy"": 0.8164502382278442, ""test_cross_entropy"": 0.5322428941726685, ""test_balanced_accuracy"": 0.8071491718292236}"
2026-04-17T23:37:21.322885,cats,lcbench,126025,2,211,24.378276824951172,"{""OpenML_task_id"": ""146212"", ""batch_size"": 23, ""epoch"": 7, ""learning_rate"": 0.0017343084410725025, ""max_dropout"": 0.9408898120868227, ""max_units"": 133, ""momentum"": 0.6005553421773989, ""num_layers"": 1, ""weight_decay"": 0.07030396178124802}","{""time"": 24.378276824951172, ""val_accuracy"": 79.86903381347656, ""val_cross_entropy"": 0.4374760687351227, ""val_balanced_accuracy"": 0.8008785843849182, ""test_cross_entropy"": 0.5601880550384521, ""test_balanced_accuracy"": 0.7950615286827087}"
2026-04-17T23:37:21.323886,cats,lcbench,126025,2,212,85.96367645263672,"{""OpenML_task_id"": ""167200"", ""batch_size"": 16, ""epoch"": 20, ""learning_rate"": 0.031112844539999775, ""max_dropout"": 0.8406780302907605, ""max_units"": 105, ""momentum"": 0.963720738296019, ""num_layers"": 4, ""weight_decay"": 0.09799504227116208}","{""time"": 85.96367645263672, ""val_accuracy"": 54.09922790527344, ""val_cross_entropy"": 0.6467374563217163, ""val_balanced_accuracy"": 0.49251657724380493, ""test_cross_entropy"": 0.6995836496353149, ""test_balanced_accuracy"": 0.4898110330104828}"
2026-04-17T23:37:21.324919,cats,lcbench,126025,2,213,157.34661865234375,"{""OpenML_task_id"": ""168908"", ""batch_size"": 100, ""epoch"": 35, ""learning_rate"": 0.00010727911394885557, ""max_dropout"": 0.681313415407361, ""max_units"": 538, ""momentum"": 0.13984486735587565, ""num_layers"": 3, ""weight_decay"": 0.04880039964463107}","{""time"": 157.34661865234375, ""val_accuracy"": 74.37814331054688, ""val_cross_entropy"": 0.6091728806495667, ""val_balanced_accuracy"": 0.7830398678779602, ""test_cross_entropy"": 0.6501132845878601, ""test_balanced_accuracy"": 0.781863808631897}"
2026-04-17T23:37:21.324919,cats,lcbench,126025,2,214,405.12591552734375,"{""OpenML_task_id"": ""126029"", ""batch_size"": 28, ""epoch"": 50, ""learning_rate"": 0.04107450805734405, ""max_dropout"": 0.08725608949873509, ""max_units"": 348, ""momentum"": 0.4360241317219403, ""num_layers"": 4, ""weight_decay"": 0.06855862150392895}","{""time"": 405.12591552734375, ""val_accuracy"": 83.5591049194336, ""val_cross_entropy"": 0.4530491828918457, ""val_balanced_accuracy"": 0.8011749982833862, ""test_cross_entropy"": 0.5732356309890747, ""test_balanced_accuracy"": 0.790075957775116}"
2026-04-17T23:37:21.325927,cats,lcbench,126025,2,215,174.74124145507812,"{""OpenML_task_id"": ""3945"", ""batch_size"": 137, ""epoch"": 23, ""learning_rate"": 0.0004893012010192656, ""max_dropout"": 0.5601709208977287, ""max_units"": 910, ""momentum"": 0.6778071362709395, ""num_layers"": 5, ""weight_decay"": 0.061116973045755606}","{""time"": 174.74124145507812, ""val_accuracy"": 82.4046630859375, ""val_cross_entropy"": 0.5464292764663696, ""val_balanced_accuracy"": 0.839310348033905, ""test_cross_entropy"": 0.652265191078186, ""test_balanced_accuracy"": 0.8348240256309509}"
2026-04-17T23:37:21.326928,cats,lcbench,126025,2,216,81.25733947753906,"{""OpenML_task_id"": ""167181"", ""batch_size"": 86, ""epoch"": 19, ""learning_rate"": 0.006486512770902552, ""max_dropout"": 0.4319645667293449, ""max_units"": 572, ""momentum"": 0.2839808750840398, ""num_layers"": 4, ""weight_decay"": 0.0845791764939226}","{""time"": 81.25733947753906, ""val_accuracy"": 81.31144714355469, ""val_cross_entropy"": 0.47613292932510376, ""val_balanced_accuracy"": 0.8184241056442261, ""test_cross_entropy"": 0.5767499804496765, ""test_balanced_accuracy"": 0.8112175464630127}"
2026-04-17T23:37:21.327935,cats,lcbench,126025,2,217,84.34469604492188,"{""OpenML_task_id"": ""167201"", ""batch_size"": 469, ""epoch"": 15, ""learning_rate"": 0.0005064170009003174, ""max_dropout"": 0.3535196840386291, ""max_units"": 363, ""momentum"": 0.16862244471529342, ""num_layers"": 4, ""weight_decay"": 0.012666520440471906}","{""time"": 84.34469604492188, ""val_accuracy"": 44.44313049316406, ""val_cross_entropy"": 0.6921106576919556, ""val_balanced_accuracy"": 0.5660403370857239, ""test_cross_entropy"": 0.6940013766288757, ""test_balanced_accuracy"": 0.5710764527320862}"
2026-04-17T23:37:21.327935,cats,lcbench,126025,2,218,55.35643768310547,"{""OpenML_task_id"": ""167161"", ""batch_size"": 20, ""epoch"": 12, ""learning_rate"": 0.00026479772613355513, ""max_dropout"": 0.881128950585726, ""max_units"": 333, ""momentum"": 0.28560703217684613, ""num_layers"": 3, ""weight_decay"": 0.08904825485896278}","{""time"": 55.35643768310547, ""val_accuracy"": 79.92420196533203, ""val_cross_entropy"": 0.5839753746986389, ""val_balanced_accuracy"": 0.7627649307250977, ""test_cross_entropy"": 0.635124921798706, ""test_balanced_accuracy"": 0.7597202062606812}"
2026-04-17T23:37:21.328927,cats,lcbench,126025,2,219,18.746009826660156,"{""OpenML_task_id"": ""167184"", ""batch_size"": 470, ""epoch"": 2, ""learning_rate"": 0.05768740046766364, ""max_dropout"": 0.25063050268500864, ""max_units"": 65, ""momentum"": 0.1813269321861038, ""num_layers"": 1, ""weight_decay"": 0.03036502049865263}","{""time"": 18.746009826660156, ""val_accuracy"": 78.30078125, ""val_cross_entropy"": 0.49080485105514526, ""val_balanced_accuracy"": 0.7680497765541077, ""test_cross_entropy"": 0.5784708261489868, ""test_balanced_accuracy"": 0.7691609859466553}"
2026-04-17T23:37:21.329930,cats,lcbench,126025,2,220,74.37144470214844,"{""OpenML_task_id"": ""3945"", ""batch_size"": 40, ""epoch"": 34, ""learning_rate"": 0.000997992562878585, ""max_dropout"": 0.27333158930732415, ""max_units"": 747, ""momentum"": 0.49111706855187254, ""num_layers"": 2, ""weight_decay"": 0.04905138447175032}","{""time"": 74.37144470214844, ""val_accuracy"": 79.31100463867188, ""val_cross_entropy"": 0.41527602076530457, ""val_balanced_accuracy"": 0.8078345656394958, ""test_cross_entropy"": 0.5412075519561768, ""test_balanced_accuracy"": 0.8000831604003906}"
2026-04-17T23:37:21.330942,cats,lcbench,126025,2,221,43.320762634277344,"{""OpenML_task_id"": ""189905"", ""batch_size"": 46, ""epoch"": 17, ""learning_rate"": 0.006628232155942131, ""max_dropout"": 0.13084286393746425, ""max_units"": 341, ""momentum"": 0.19127302548676345, ""num_layers"": 2, ""weight_decay"": 0.031792722461280266}","{""time"": 43.320762634277344, ""val_accuracy"": 79.37789154052734, ""val_cross_entropy"": 0.42473599314689636, ""val_balanced_accuracy"": 0.8056188225746155, ""test_cross_entropy"": 0.5336228013038635, ""test_balanced_accuracy"": 0.7957684993743896}"
2026-04-17T23:37:21.331940,cats,lcbench,126025,2,222,7.404780864715576,"{""OpenML_task_id"": ""168329"", ""batch_size"": 147, ""epoch"": 2, ""learning_rate"": 0.00011370298932851758, ""max_dropout"": 0.6545219186407715, ""max_units"": 67, ""momentum"": 0.17760413252254714, ""num_layers"": 2, ""weight_decay"": 0.023500291297907202}","{""time"": 7.404780864715576, ""val_accuracy"": 48.02690124511719, ""val_cross_entropy"": 0.6610836386680603, ""val_balanced_accuracy"": 0.48694759607315063, ""test_cross_entropy"": 0.6870743036270142, ""test_balanced_accuracy"": 0.48974940180778503}"
2026-04-17T23:37:21.331940,cats,lcbench,126025,2,223,75.83424377441406,"{""OpenML_task_id"": ""189873"", ""batch_size"": 23, ""epoch"": 33, ""learning_rate"": 0.047631534125293924, ""max_dropout"": 0.15490815704021088, ""max_units"": 329, ""momentum"": 0.9706284937811772, ""num_layers"": 2, ""weight_decay"": 0.026517842493063982}","{""time"": 75.83424377441406, ""val_accuracy"": 82.11127471923828, ""val_cross_entropy"": 0.43912842869758606, ""val_balanced_accuracy"": 0.8121991753578186, ""test_cross_entropy"": 0.5412368178367615, ""test_balanced_accuracy"": 0.7967207431793213}"
2026-04-17T23:37:21.333101,cats,lcbench,126025,2,224,37.964603424072266,"{""OpenML_task_id"": ""126029"", ""batch_size"": 61, ""epoch"": 19, ""learning_rate"": 0.00032198126138148443, ""max_dropout"": 0.09207150934976416, ""max_units"": 246, ""momentum"": 0.5107755701060037, ""num_layers"": 5, ""weight_decay"": 0.06959913377284405}","{""time"": 37.964603424072266, ""val_accuracy"": 76.50167846679688, ""val_cross_entropy"": 0.6000458598136902, ""val_balanced_accuracy"": 0.6477503776550293, ""test_cross_entropy"": 0.6769605875015259, ""test_balanced_accuracy"": 0.6474637985229492}"
2026-04-17T23:37:21.334109,cats,lcbench,126025,2,225,59.316734313964844,"{""OpenML_task_id"": ""167161"", ""batch_size"": 32, ""epoch"": 37, ""learning_rate"": 0.0039017659772571664, ""max_dropout"": 0.7831530933759451, ""max_units"": 90, ""momentum"": 0.29690809053033945, ""num_layers"": 4, ""weight_decay"": 0.0983155359033137}","{""time"": 59.316734313964844, ""val_accuracy"": 73.69032287597656, ""val_cross_entropy"": 0.6381046772003174, ""val_balanced_accuracy"": 0.4999959468841553, ""test_cross_entropy"": 0.6990829706192017, ""test_balanced_accuracy"": 0.5024356245994568}"
2026-04-17T23:37:21.334614,cats,lcbench,126025,2,226,23.151142120361328,"{""OpenML_task_id"": ""168908"", ""batch_size"": 74, ""epoch"": 6, ""learning_rate"": 0.055194494337876196, ""max_dropout"": 0.44246587661252623, ""max_units"": 820, ""momentum"": 0.6865919088232977, ""num_layers"": 2, ""weight_decay"": 0.02055698414872826}","{""time"": 23.151142120361328, ""val_accuracy"": 82.61585998535156, ""val_cross_entropy"": 0.41915926337242126, ""val_balanced_accuracy"": 0.8196769952774048, ""test_cross_entropy"": 0.5340160131454468, ""test_balanced_accuracy"": 0.8113150596618652}"
2026-04-17T23:37:21.335628,cats,lcbench,126025,2,227,641.24462890625,"{""OpenML_task_id"": ""168335"", ""batch_size"": 31, ""epoch"": 45, ""learning_rate"": 0.0419920981680681, ""max_dropout"": 0.2804188365009762, ""max_units"": 607, ""momentum"": 0.25269628240096464, ""num_layers"": 4, ""weight_decay"": 0.0605440408229052}","{""time"": 641.24462890625, ""val_accuracy"": 80.53630828857422, ""val_cross_entropy"": 0.4519599378108978, ""val_balanced_accuracy"": 0.8224896788597107, ""test_cross_entropy"": 0.5565510988235474, ""test_balanced_accuracy"": 0.8060691952705383}"
2026-04-17T23:37:21.335628,cats,lcbench,126025,2,228,63.020450592041016,"{""OpenML_task_id"": ""34539"", ""batch_size"": 38, ""epoch"": 8, ""learning_rate"": 0.0027621289665364364, ""max_dropout"": 0.8588315067055433, ""max_units"": 724, ""momentum"": 0.4283575240811437, ""num_layers"": 5, ""weight_decay"": 0.046610959193056016}","{""time"": 63.020450592041016, ""val_accuracy"": 87.5110855102539, ""val_cross_entropy"": 0.41818100214004517, ""val_balanced_accuracy"": 0.8295526504516602, ""test_cross_entropy"": 0.5887822508811951, ""test_balanced_accuracy"": 0.822820782661438}"
2026-04-17T23:37:21.337145,cats,lcbench,126025,2,229,91.33099365234375,"{""OpenML_task_id"": ""189909"", ""batch_size"": 494, ""epoch"": 23, ""learning_rate"": 0.0005704724244175457, ""max_dropout"": 0.5058392383199841, ""max_units"": 405, ""momentum"": 0.8439794148977026, ""num_layers"": 3, ""weight_decay"": 0.007191531698986614}","{""time"": 91.33099365234375, ""val_accuracy"": 79.84405517578125, ""val_cross_entropy"": 0.44965505599975586, ""val_balanced_accuracy"": 0.8111773729324341, ""test_cross_entropy"": 0.5751116275787354, ""test_balanced_accuracy"": 0.808799684047699}"
2026-04-17T23:37:21.337145,cats,lcbench,126025,2,230,46.1208610534668,"{""OpenML_task_id"": ""168330"", ""batch_size"": 27, ""epoch"": 25, ""learning_rate"": 0.020818507334186546, ""max_dropout"": 0.42287016749347084, ""max_units"": 128, ""momentum"": 0.6763858593103345, ""num_layers"": 2, ""weight_decay"": 0.0911364675530655}","{""time"": 46.1208610534668, ""val_accuracy"": 79.2559585571289, ""val_cross_entropy"": 0.4153551459312439, ""val_balanced_accuracy"": 0.7869626879692078, ""test_cross_entropy"": 0.5758742094039917, ""test_balanced_accuracy"": 0.779374361038208}"
2026-04-17T23:37:21.338143,cats,lcbench,126025,2,231,48.438472747802734,"{""OpenML_task_id"": ""189906"", ""batch_size"": 79, ""epoch"": 34, ""learning_rate"": 0.005084173398702524, ""max_dropout"": 0.340078922819286, ""max_units"": 662, ""momentum"": 0.5908421363312485, ""num_layers"": 1, ""weight_decay"": 0.06503809614325727}","{""time"": 48.438472747802734, ""val_accuracy"": 76.95374298095703, ""val_cross_entropy"": 0.464597225189209, ""val_balanced_accuracy"": 0.798500657081604, ""test_cross_entropy"": 0.5629425644874573, ""test_balanced_accuracy"": 0.7923985719680786}"
2026-04-17T23:37:21.338143,cats,lcbench,126025,2,232,285.3646240234375,"{""OpenML_task_id"": ""167201"", ""batch_size"": 134, ""epoch"": 34, ""learning_rate"": 0.0025977312659391993, ""max_dropout"": 0.3710526657121912, ""max_units"": 979, ""momentum"": 0.8960351566415035, ""num_layers"": 4, ""weight_decay"": 0.0652824725838729}","{""time"": 285.3646240234375, ""val_accuracy"": 77.38883972167969, ""val_cross_entropy"": 0.4189589023590088, ""val_balanced_accuracy"": 0.8222355842590332, ""test_cross_entropy"": 0.5416606068611145, ""test_balanced_accuracy"": 0.8082213997840881}"
2026-04-17T23:37:21.340165,cats,lcbench,126025,2,233,24.934669494628906,"{""OpenML_task_id"": ""189909"", ""batch_size"": 16, ""epoch"": 4, ""learning_rate"": 0.001255664447628761, ""max_dropout"": 0.04033739587536067, ""max_units"": 344, ""momentum"": 0.2669342044357187, ""num_layers"": 2, ""weight_decay"": 0.07024441366441861}","{""time"": 24.934669494628906, ""val_accuracy"": 81.86575317382812, ""val_cross_entropy"": 0.44209712743759155, ""val_balanced_accuracy"": 0.8021918535232544, ""test_cross_entropy"": 0.5463932752609253, ""test_balanced_accuracy"": 0.7941036820411682}"
2026-04-17T23:37:21.340165,cats,lcbench,126025,2,234,18.29977798461914,"{""OpenML_task_id"": ""167190"", ""batch_size"": 62, ""epoch"": 9, ""learning_rate"": 0.00174125305704266, ""max_dropout"": 0.6913148548192994, ""max_units"": 64, ""momentum"": 0.7335398018769624, ""num_layers"": 5, ""weight_decay"": 0.07069960374622265}","{""time"": 18.29977798461914, ""val_accuracy"": 81.41697692871094, ""val_cross_entropy"": 0.5767555236816406, ""val_balanced_accuracy"": 0.6035130023956299, ""test_cross_entropy"": 0.6880854368209839, ""test_balanced_accuracy"": 0.5996610522270203}"
2026-04-17T23:37:21.341685,cats,lcbench,126025,2,235,86.16448211669922,"{""OpenML_task_id"": ""189905"", ""batch_size"": 25, ""epoch"": 8, ""learning_rate"": 0.00016259168042897774, ""max_dropout"": 0.8533477752365345, ""max_units"": 855, ""momentum"": 0.7938053858301319, ""num_layers"": 5, ""weight_decay"": 0.06888361063177201}","{""time"": 86.16448211669922, ""val_accuracy"": 83.14702606201172, ""val_cross_entropy"": 0.5826261639595032, ""val_balanced_accuracy"": 0.7391505241394043, ""test_cross_entropy"": 0.6742488145828247, ""test_balanced_accuracy"": 0.7327370047569275}"
2026-04-17T23:37:21.341685,cats,lcbench,126025,2,236,59.3934326171875,"{""OpenML_task_id"": ""189865"", ""batch_size"": 317, ""epoch"": 31, ""learning_rate"": 0.00018031595552304484, ""max_dropout"": 0.4166428193207633, ""max_units"": 226, ""momentum"": 0.7667922274704041, ""num_layers"": 2, ""weight_decay"": 0.0688983881212385}","{""time"": 59.3934326171875, ""val_accuracy"": 77.15656280517578, ""val_cross_entropy"": 0.4885513484477997, ""val_balanced_accuracy"": 0.7867375612258911, ""test_cross_entropy"": 0.5981706380844116, ""test_balanced_accuracy"": 0.7878562808036804}"
2026-04-17T23:37:21.342695,cats,lcbench,126025,2,237,129.1002197265625,"{""OpenML_task_id"": ""167152"", ""batch_size"": 44, ""epoch"": 32, ""learning_rate"": 0.0027960907213120975, ""max_dropout"": 0.5016183666514624, ""max_units"": 426, ""momentum"": 0.9820410111979616, ""num_layers"": 4, ""weight_decay"": 0.0732818596250522}","{""time"": 129.1002197265625, ""val_accuracy"": 80.66452026367188, ""val_cross_entropy"": 0.4604395925998688, ""val_balanced_accuracy"": 0.7603899240493774, ""test_cross_entropy"": 0.5645344257354736, ""test_balanced_accuracy"": 0.753175675868988}"
2026-04-17T23:37:21.343693,cats,lcbench,126025,2,238,49.89708709716797,"{""OpenML_task_id"": ""167161"", ""batch_size"": 181, ""epoch"": 12, ""learning_rate"": 0.0004170464396588424, ""max_dropout"": 0.08638179461299078, ""max_units"": 501, ""momentum"": 0.9794360645671669, ""num_layers"": 2, ""weight_decay"": 0.024812372752609464}","{""time"": 49.89708709716797, ""val_accuracy"": 80.28600311279297, ""val_cross_entropy"": 0.41604670882225037, ""val_balanced_accuracy"": 0.8190690875053406, ""test_cross_entropy"": 0.5298396348953247, ""test_balanced_accuracy"": 0.8114141225814819}"
2026-04-17T23:37:21.343693,cats,lcbench,126025,2,239,28.08617401123047,"{""OpenML_task_id"": ""7593"", ""batch_size"": 303, ""epoch"": 11, ""learning_rate"": 0.002108629448086692, ""max_dropout"": 0.29375539161146547, ""max_units"": 932, ""momentum"": 0.7289674215551929, ""num_layers"": 1, ""weight_decay"": 0.08079596923263647}","{""time"": 28.08617401123047, ""val_accuracy"": 76.4643325805664, ""val_cross_entropy"": 0.5083643198013306, ""val_balanced_accuracy"": 0.7612083554267883, ""test_cross_entropy"": 0.580267071723938, ""test_balanced_accuracy"": 0.7598665356636047}"
2026-04-17T23:37:21.345229,cats,lcbench,126025,2,240,127.48683166503906,"{""OpenML_task_id"": ""168329"", ""batch_size"": 21, ""epoch"": 11, ""learning_rate"": 0.025020423690245264, ""max_dropout"": 0.044238231224980606, ""max_units"": 663, ""momentum"": 0.24358713175769994, ""num_layers"": 5, ""weight_decay"": 0.0911854136836945}","{""time"": 127.48683166503906, ""val_accuracy"": 84.6583251953125, ""val_cross_entropy"": 0.49624595046043396, ""val_balanced_accuracy"": 0.7365146279335022, ""test_cross_entropy"": 0.61299729347229, ""test_balanced_accuracy"": 0.734180748462677}"
2026-04-17T23:37:21.346237,cats,lcbench,126025,2,241,16.88299560546875,"{""OpenML_task_id"": ""189873"", ""batch_size"": 26, ""epoch"": 13, ""learning_rate"": 0.027073116270226207, ""max_dropout"": 0.9936825688900577, ""max_units"": 135, ""momentum"": 0.9116472446535011, ""num_layers"": 2, ""weight_decay"": 0.07713736603202932}","{""time"": 16.88299560546875, ""val_accuracy"": 76.78030395507812, ""val_cross_entropy"": 1.052547812461853, ""val_balanced_accuracy"": 0.7704148888587952, ""test_cross_entropy"": 0.6009109616279602, ""test_balanced_accuracy"": 0.7624114751815796}"
2026-04-17T23:37:21.347255,cats,lcbench,126025,2,242,78.66083526611328,"{""OpenML_task_id"": ""189906"", ""batch_size"": 143, ""epoch"": 18, ""learning_rate"": 0.04032399981035141, ""max_dropout"": 0.37684519488612733, ""max_units"": 703, ""momentum"": 0.7250879315344724, ""num_layers"": 3, ""weight_decay"": 0.06598182014574042}","{""time"": 78.66083526611328, ""val_accuracy"": 76.22814178466797, ""val_cross_entropy"": 0.476139098405838, ""val_balanced_accuracy"": 0.8066736459732056, ""test_cross_entropy"": 0.5668436288833618, ""test_balanced_accuracy"": 0.7989089488983154}"
2026-04-17T23:37:21.348243,cats,lcbench,126025,2,243,1.916144609451294,"{""OpenML_task_id"": ""189873"", ""batch_size"": 33, ""epoch"": 1, ""learning_rate"": 0.0848782162960456, ""max_dropout"": 0.09529415303393385, ""max_units"": 140, ""momentum"": 0.36887033250384826, ""num_layers"": 5, ""weight_decay"": 0.059861526835655994}","{""time"": 1.916144609451294, ""val_accuracy"": 54.56015396118164, ""val_cross_entropy"": 0.6110544204711914, ""val_balanced_accuracy"": 0.53519606590271, ""test_cross_entropy"": 0.6901727318763733, ""test_balanced_accuracy"": 0.5272836685180664}"
2026-04-17T23:37:21.348746,cats,lcbench,126025,2,244,118.19686126708984,"{""OpenML_task_id"": ""168331"", ""batch_size"": 38, ""epoch"": 39, ""learning_rate"": 0.0002430913890116038, ""max_dropout"": 0.5641080994507658, ""max_units"": 225, ""momentum"": 0.10620602133925931, ""num_layers"": 5, ""weight_decay"": 0.014144481438386135}","{""time"": 118.19686126708984, ""val_accuracy"": 79.5218505859375, ""val_cross_entropy"": 0.620464026927948, ""val_balanced_accuracy"": 0.7358027100563049, ""test_cross_entropy"": 0.6833511590957642, ""test_balanced_accuracy"": 0.7321349382400513}"
2026-04-17T23:37:21.349278,cats,lcbench,126025,2,245,86.75155639648438,"{""OpenML_task_id"": ""126026"", ""batch_size"": 297, ""epoch"": 22, ""learning_rate"": 0.010466534148382521, ""max_dropout"": 0.7916353383664787, ""max_units"": 771, ""momentum"": 0.5530970198739513, ""num_layers"": 3, ""weight_decay"": 0.04268284981627271}","{""time"": 86.75155639648438, ""val_accuracy"": 76.96651458740234, ""val_cross_entropy"": 0.4323381185531616, ""val_balanced_accuracy"": 0.8247109651565552, ""test_cross_entropy"": 0.5434155464172363, ""test_balanced_accuracy"": 0.8175114393234253}"
2026-04-17T23:37:21.350295,cats,lcbench,126025,2,246,67.0100326538086,"{""OpenML_task_id"": ""168330"", ""batch_size"": 499, ""epoch"": 46, ""learning_rate"": 0.08230344504441256, ""max_dropout"": 0.157879055553377, ""max_units"": 96, ""momentum"": 0.7531038456941079, ""num_layers"": 2, ""weight_decay"": 0.035369093503818276}","{""time"": 67.0100326538086, ""val_accuracy"": 80.48501586914062, ""val_cross_entropy"": 0.4354506731033325, ""val_balanced_accuracy"": 0.8391647338867188, ""test_cross_entropy"": 0.5437541604042053, ""test_balanced_accuracy"": 0.8339359760284424}"
2026-04-17T23:37:21.351795,cats,lcbench,126025,2,247,227.78271484375,"{""OpenML_task_id"": ""168908"", ""batch_size"": 318, ""epoch"": 51, ""learning_rate"": 0.0004999294713527936, ""max_dropout"": 0.6775126482688206, ""max_units"": 333, ""momentum"": 0.24351174174118909, ""num_layers"": 4, ""weight_decay"": 0.02036804050820389}","{""time"": 227.78271484375, ""val_accuracy"": 61.30046844482422, ""val_cross_entropy"": 0.6672697067260742, ""val_balanced_accuracy"": 0.6930590271949768, ""test_cross_entropy"": 0.6891334652900696, ""test_balanced_accuracy"": 0.6949108242988586}"
2026-04-17T23:37:21.351795,cats,lcbench,126025,2,248,62.669044494628906,"{""OpenML_task_id"": ""167185"", ""batch_size"": 39, ""epoch"": 34, ""learning_rate"": 0.00022326298466455167, ""max_dropout"": 0.7442812953139823, ""max_units"": 104, ""momentum"": 0.20154040438182486, ""num_layers"": 5, ""weight_decay"": 0.03487406935442404}","{""time"": 62.669044494628906, ""val_accuracy"": 73.24136352539062, ""val_cross_entropy"": 0.602908730506897, ""val_balanced_accuracy"": 0.5900411009788513, ""test_cross_entropy"": 0.6774616241455078, ""test_balanced_accuracy"": 0.5816650390625}"
2026-04-17T23:37:21.352815,cats,lcbench,126025,2,249,23.024246215820312,"{""OpenML_task_id"": ""189354"", ""batch_size"": 336, ""epoch"": 10, ""learning_rate"": 0.01768812085787309, ""max_dropout"": 0.7510062521327977, ""max_units"": 77, ""momentum"": 0.16732851999188753, ""num_layers"": 3, ""weight_decay"": 0.07650779861165923}","{""time"": 23.024246215820312, ""val_accuracy"": 76.1011734008789, ""val_cross_entropy"": 0.5426148772239685, ""val_balanced_accuracy"": 0.7710984945297241, ""test_cross_entropy"": 0.6225643157958984, ""test_balanced_accuracy"": 0.7756595015525818}"
2026-04-17T23:37:21.354314,cats,lcbench,126025,2,250,178.03916931152344,"{""OpenML_task_id"": ""126029"", ""batch_size"": 49, ""epoch"": 31, ""learning_rate"": 0.00013234498735137392, ""max_dropout"": 0.36444213386700064, ""max_units"": 410, ""momentum"": 0.35380406385853913, ""num_layers"": 4, ""weight_decay"": 0.07533644014322012}","{""time"": 178.03916931152344, ""val_accuracy"": 76.0283432006836, ""val_cross_entropy"": 0.6101470589637756, ""val_balanced_accuracy"": 0.7469752430915833, ""test_cross_entropy"": 0.672930896282196, ""test_balanced_accuracy"": 0.7477278709411621}"
2026-04-17T23:37:21.354314,cats,lcbench,126025,2,251,36.879703521728516,"{""OpenML_task_id"": ""189905"", ""batch_size"": 399, ""epoch"": 18, ""learning_rate"": 0.01207746031932617, ""max_dropout"": 0.18576832661068576, ""max_units"": 554, ""momentum"": 0.4375591971585322, ""num_layers"": 1, ""weight_decay"": 0.04550068321938261}","{""time"": 36.879703521728516, ""val_accuracy"": 78.25524139404297, ""val_cross_entropy"": 0.47945719957351685, ""val_balanced_accuracy"": 0.7875468134880066, ""test_cross_entropy"": 0.5624086260795593, ""test_balanced_accuracy"": 0.7869176864624023}"
2026-04-17T23:37:21.355325,cats,lcbench,126025,2,252,44.23971939086914,"{""OpenML_task_id"": ""168331"", ""batch_size"": 88, ""epoch"": 39, ""learning_rate"": 0.07335121232723424, ""max_dropout"": 0.5275015017080711, ""max_units"": 168, ""momentum"": 0.8185980222432011, ""num_layers"": 3, ""weight_decay"": 0.0725298599557448}","{""time"": 44.23971939086914, ""val_accuracy"": 79.3188705444336, ""val_cross_entropy"": 0.3968030512332916, ""val_balanced_accuracy"": 0.813818097114563, ""test_cross_entropy"": 0.5865530967712402, ""test_balanced_accuracy"": 0.8054928183555603}"
2026-04-17T23:37:21.355847,cats,lcbench,126025,2,253,84.76583099365234,"{""OpenML_task_id"": ""168331"", ""batch_size"": 64, ""epoch"": 49, ""learning_rate"": 0.002325173031036848, ""max_dropout"": 0.3908358081244636, ""max_units"": 143, ""momentum"": 0.11199787694163853, ""num_layers"": 5, ""weight_decay"": 0.002574087828135024}","{""time"": 84.76583099365234, ""val_accuracy"": 85.25853729248047, ""val_cross_entropy"": 0.3421383798122406, ""val_balanced_accuracy"": 0.8292425870895386, ""test_cross_entropy"": 0.5358121395111084, ""test_balanced_accuracy"": 0.8210006952285767}"
2026-04-17T23:37:21.356854,cats,lcbench,126025,2,254,50.27638244628906,"{""OpenML_task_id"": ""168868"", ""batch_size"": 93, ""epoch"": 21, ""learning_rate"": 0.00033409366676837504, ""max_dropout"": 0.5146818422163942, ""max_units"": 934, ""momentum"": 0.7756683732355857, ""num_layers"": 2, ""weight_decay"": 0.08258465337481015}","{""time"": 50.27638244628906, ""val_accuracy"": 79.83187866210938, ""val_cross_entropy"": 0.42179402709007263, ""val_balanced_accuracy"": 0.8134812712669373, ""test_cross_entropy"": 0.5524408221244812, ""test_balanced_accuracy"": 0.8058093786239624}"
2026-04-17T23:37:21.357863,cats,lcbench,126025,2,255,21.283946990966797,"{""OpenML_task_id"": ""167161"", ""batch_size"": 166, ""epoch"": 11, ""learning_rate"": 0.018967542390830112, ""max_dropout"": 0.23071215374486753, ""max_units"": 127, ""momentum"": 0.17588135548790063, ""num_layers"": 4, ""weight_decay"": 0.062024244674066656}","{""time"": 21.283946990966797, ""val_accuracy"": 77.52801513671875, ""val_cross_entropy"": 0.5055291652679443, ""val_balanced_accuracy"": 0.7411452531814575, ""test_cross_entropy"": 0.6178964376449585, ""test_balanced_accuracy"": 0.7395171523094177}"
2026-04-17T23:37:21.358374,cats,lcbench,126025,2,256,110.96514129638672,"{""OpenML_task_id"": ""168331"", ""batch_size"": 63, ""epoch"": 33, ""learning_rate"": 0.009790484310505235, ""max_dropout"": 0.11691631600933483, ""max_units"": 379, ""momentum"": 0.36082514385394193, ""num_layers"": 4, ""weight_decay"": 0.08752030061522237}","{""time"": 110.96514129638672, ""val_accuracy"": 81.4579849243164, ""val_cross_entropy"": 0.5169878005981445, ""val_balanced_accuracy"": 0.7635844945907593, ""test_cross_entropy"": 0.596545398235321, ""test_balanced_accuracy"": 0.7587050795555115}"
2026-04-17T23:37:21.359379,cats,lcbench,126025,2,257,27.18255615234375,"{""OpenML_task_id"": ""126029"", ""batch_size"": 448, ""epoch"": 19, ""learning_rate"": 0.013277675855766053, ""max_dropout"": 0.49158469814571504, ""max_units"": 141, ""momentum"": 0.5216464143956542, ""num_layers"": 3, ""weight_decay"": 0.08689749452349892}","{""time"": 27.18255615234375, ""val_accuracy"": 79.33369445800781, ""val_cross_entropy"": 0.4733995497226715, ""val_balanced_accuracy"": 0.8000022768974304, ""test_cross_entropy"": 0.5846481919288635, ""test_balanced_accuracy"": 0.8020709753036499}"
2026-04-17T23:37:21.359379,cats,lcbench,126025,2,258,74.82882690429688,"{""OpenML_task_id"": ""189908"", ""batch_size"": 90, ""epoch"": 41, ""learning_rate"": 0.005806391336472455, ""max_dropout"": 0.015543486693320063, ""max_units"": 225, ""momentum"": 0.21194793334093864, ""num_layers"": 2, ""weight_decay"": 0.014718290404176226}","{""time"": 74.82882690429688, ""val_accuracy"": 79.76277923583984, ""val_cross_entropy"": 0.4119928777217865, ""val_balanced_accuracy"": 0.8060645461082458, ""test_cross_entropy"": 0.5236740112304688, ""test_balanced_accuracy"": 0.7982814311981201}"
2026-04-17T23:37:21.360884,cats,lcbench,126025,2,259,64.1248779296875,"{""OpenML_task_id"": ""167185"", ""batch_size"": 30, ""epoch"": 39, ""learning_rate"": 0.015422203860586257, ""max_dropout"": 0.3984323153061258, ""max_units"": 103, ""momentum"": 0.7931936114346845, ""num_layers"": 1, ""weight_decay"": 0.09163937485306109}","{""time"": 64.1248779296875, ""val_accuracy"": 75.46776580810547, ""val_cross_entropy"": 0.5224330425262451, ""val_balanced_accuracy"": 0.7752054333686829, ""test_cross_entropy"": 0.5716156959533691, ""test_balanced_accuracy"": 0.764057993888855}"
2026-04-17T23:37:21.361904,cats,lcbench,126025,2,260,136.22596740722656,"{""OpenML_task_id"": ""167190"", ""batch_size"": 56, ""epoch"": 48, ""learning_rate"": 0.012107366767726313, ""max_dropout"": 0.6819661784075264, ""max_units"": 196, ""momentum"": 0.8840720240600755, ""num_layers"": 4, ""weight_decay"": 0.07565758209994972}","{""time"": 136.22596740722656, ""val_accuracy"": 71.01219940185547, ""val_cross_entropy"": 0.5649680495262146, ""val_balanced_accuracy"": 0.582091212272644, ""test_cross_entropy"": 0.6462120413780212, ""test_balanced_accuracy"": 0.5802809596061707}"
2026-04-17T23:37:21.362418,cats,lcbench,126025,2,261,181.65782165527344,"{""OpenML_task_id"": ""189873"", ""batch_size"": 20, ""epoch"": 20, ""learning_rate"": 0.0001869244046193948, ""max_dropout"": 0.29176875612755815, ""max_units"": 962, ""momentum"": 0.9167900133322443, ""num_layers"": 3, ""weight_decay"": 0.05246622463275776}","{""time"": 181.65782165527344, ""val_accuracy"": 78.35635375976562, ""val_cross_entropy"": 0.39198365807533264, ""val_balanced_accuracy"": 0.798930287361145, ""test_cross_entropy"": 0.5265424251556396, ""test_balanced_accuracy"": 0.7887975573539734}"
2026-04-17T23:37:21.362418,cats,lcbench,126025,2,262,97.22960662841797,"{""OpenML_task_id"": ""167184"", ""batch_size"": 34, ""epoch"": 36, ""learning_rate"": 0.046620996272389414, ""max_dropout"": 0.4290672313558873, ""max_units"": 244, ""momentum"": 0.5510582442823608, ""num_layers"": 5, ""weight_decay"": 0.028973518386336806}","{""time"": 97.22960662841797, ""val_accuracy"": 84.490234375, ""val_cross_entropy"": 0.3499634563922882, ""val_balanced_accuracy"": 0.7923078536987305, ""test_cross_entropy"": 0.5199968218803406, ""test_balanced_accuracy"": 0.7775866389274597}"
2026-04-17T23:37:21.363922,cats,lcbench,126025,2,263,166.8792266845703,"{""OpenML_task_id"": ""189865"", ""batch_size"": 61, ""epoch"": 38, ""learning_rate"": 0.00010501894565711672, ""max_dropout"": 0.8278418359196499, ""max_units"": 523, ""momentum"": 0.6169790921021374, ""num_layers"": 3, ""weight_decay"": 0.06552960541150966}","{""time"": 166.8792266845703, ""val_accuracy"": 77.92874908447266, ""val_cross_entropy"": 0.5453647375106812, ""val_balanced_accuracy"": 0.8004662990570068, ""test_cross_entropy"": 0.6262147426605225, ""test_balanced_accuracy"": 0.7969183325767517}"
2026-04-17T23:37:21.364929,cats,lcbench,126025,2,264,69.79199981689453,"{""OpenML_task_id"": ""189905"", ""batch_size"": 18, ""epoch"": 21, ""learning_rate"": 0.0028229164593148322, ""max_dropout"": 0.19177528350518736, ""max_units"": 168, ""momentum"": 0.7656854284348655, ""num_layers"": 3, ""weight_decay"": 0.016392650640885624}","{""time"": 69.79199981689453, ""val_accuracy"": 80.67898559570312, ""val_cross_entropy"": 0.39687395095825195, ""val_balanced_accuracy"": 0.8218436241149902, ""test_cross_entropy"": 0.5111587047576904, ""test_balanced_accuracy"": 0.8100687861442566}"
2026-04-17T23:37:21.365938,cats,lcbench,126025,2,265,41.141204833984375,"{""OpenML_task_id"": ""126029"", ""batch_size"": 31, ""epoch"": 25, ""learning_rate"": 0.01001803461997514, ""max_dropout"": 0.578769711543422, ""max_units"": 192, ""momentum"": 0.8446024753462086, ""num_layers"": 1, ""weight_decay"": 0.014729400038973196}","{""time"": 41.141204833984375, ""val_accuracy"": 79.30374145507812, ""val_cross_entropy"": 0.43776071071624756, ""val_balanced_accuracy"": 0.8108555674552917, ""test_cross_entropy"": 0.5371842384338379, ""test_balanced_accuracy"": 0.8020419478416443}"
2026-04-17T23:37:21.365938,cats,lcbench,126025,2,266,34.66249465942383,"{""OpenML_task_id"": ""189354"", ""batch_size"": 75, ""epoch"": 16, ""learning_rate"": 0.001162882421914218, ""max_dropout"": 0.7139948278127389, ""max_units"": 81, ""momentum"": 0.3583323867334286, ""num_layers"": 4, ""weight_decay"": 0.02650915083537552}","{""time"": 34.66249465942383, ""val_accuracy"": 75.23236083984375, ""val_cross_entropy"": 0.6414669156074524, ""val_balanced_accuracy"": 0.7136543393135071, ""test_cross_entropy"": 0.6840348839759827, ""test_balanced_accuracy"": 0.7140941023826599}"
2026-04-17T23:37:21.367054,cats,lcbench,126025,2,267,151.68507385253906,"{""OpenML_task_id"": ""167168"", ""batch_size"": 20, ""epoch"": 35, ""learning_rate"": 0.014696979793816121, ""max_dropout"": 0.7506766144037244, ""max_units"": 589, ""momentum"": 0.720568863453623, ""num_layers"": 3, ""weight_decay"": 0.06448649362572402}","{""time"": 151.68507385253906, ""val_accuracy"": 77.08110046386719, ""val_cross_entropy"": 0.4881577789783478, ""val_balanced_accuracy"": 0.799108624458313, ""test_cross_entropy"": 0.5671015977859497, ""test_balanced_accuracy"": 0.790047287940979}"
2026-04-17T23:37:21.368043,cats,lcbench,126025,2,268,51.88978576660156,"{""OpenML_task_id"": ""168329"", ""batch_size"": 81, ""epoch"": 25, ""learning_rate"": 0.006315810746362576, ""max_dropout"": 0.10224777331115342, ""max_units"": 169, ""momentum"": 0.6049690886585792, ""num_layers"": 4, ""weight_decay"": 0.08153295007981148}","{""time"": 51.88978576660156, ""val_accuracy"": 74.47908020019531, ""val_cross_entropy"": 0.5898357033729553, ""val_balanced_accuracy"": 0.6500859260559082, ""test_cross_entropy"": 0.6430562138557434, ""test_balanced_accuracy"": 0.6499854922294617}"
2026-04-17T23:37:21.369056,cats,lcbench,126025,2,269,195.6764373779297,"{""OpenML_task_id"": ""167184"", ""batch_size"": 202, ""epoch"": 48, ""learning_rate"": 0.0017510008037062022, ""max_dropout"": 0.6902944717056222, ""max_units"": 620, ""momentum"": 0.8361353221717722, ""num_layers"": 3, ""weight_decay"": 0.03505755591812764}","{""time"": 195.6764373779297, ""val_accuracy"": 76.69511413574219, ""val_cross_entropy"": 0.42264485359191895, ""val_balanced_accuracy"": 0.8182805180549622, ""test_cross_entropy"": 0.5338076949119568, ""test_balanced_accuracy"": 0.808512806892395}"
2026-04-17T23:37:21.369056,cats,lcbench,126025,2,270,58.07426071166992,"{""OpenML_task_id"": ""167184"", ""batch_size"": 464, ""epoch"": 33, ""learning_rate"": 0.034396631785305144, ""max_dropout"": 0.8622896811269127, ""max_units"": 88, ""momentum"": 0.3801345191920582, ""num_layers"": 5, ""weight_decay"": 0.0700977731511077}","{""time"": 58.07426071166992, ""val_accuracy"": 68.8931884765625, ""val_cross_entropy"": 0.5055158138275146, ""val_balanced_accuracy"": 0.5886707901954651, ""test_cross_entropy"": 0.6618765592575073, ""test_balanced_accuracy"": 0.586079478263855}"
2026-04-17T23:37:21.370053,cats,lcbench,126025,2,271,67.39769744873047,"{""OpenML_task_id"": ""168335"", ""batch_size"": 53, ""epoch"": 29, ""learning_rate"": 0.0020252739387678423, ""max_dropout"": 0.172914075617985, ""max_units"": 67, ""momentum"": 0.3823713556892193, ""num_layers"": 2, ""weight_decay"": 0.006180473458147142}","{""time"": 67.39769744873047, ""val_accuracy"": 78.52002716064453, ""val_cross_entropy"": 0.41173699498176575, ""val_balanced_accuracy"": 0.7998573184013367, ""test_cross_entropy"": 0.5308099389076233, ""test_balanced_accuracy"": 0.793516218662262}"
2026-04-17T23:37:21.371043,cats,lcbench,126025,2,272,33.34611511230469,"{""OpenML_task_id"": ""7593"", ""batch_size"": 188, ""epoch"": 13, ""learning_rate"": 0.011821760451810282, ""max_dropout"": 0.38706940110813126, ""max_units"": 298, ""momentum"": 0.5197303476552726, ""num_layers"": 2, ""weight_decay"": 0.05243406487830882}","{""time"": 33.34611511230469, ""val_accuracy"": 78.89955139160156, ""val_cross_entropy"": 0.4451901614665985, ""val_balanced_accuracy"": 0.8073724508285522, ""test_cross_entropy"": 0.549932062625885, ""test_balanced_accuracy"": 0.7996742725372314}"
2026-04-17T23:37:21.371549,cats,lcbench,126025,2,273,44.3359375,"{""OpenML_task_id"": ""189865"", ""batch_size"": 50, ""epoch"": 10, ""learning_rate"": 0.0008183626046054633, ""max_dropout"": 0.44255986516296963, ""max_units"": 482, ""momentum"": 0.5488767653757364, ""num_layers"": 2, ""weight_decay"": 0.028086057783691568}","{""time"": 44.3359375, ""val_accuracy"": 78.87532043457031, ""val_cross_entropy"": 0.42243728041648865, ""val_balanced_accuracy"": 0.807700514793396, ""test_cross_entropy"": 0.544098973274231, ""test_balanced_accuracy"": 0.8008953928947449}"
2026-04-17T23:37:21.372555,cats,lcbench,126025,2,274,34.12980651855469,"{""OpenML_task_id"": ""167181"", ""batch_size"": 130, ""epoch"": 16, ""learning_rate"": 0.011189740705195777, ""max_dropout"": 0.4500910156165001, ""max_units"": 69, ""momentum"": 0.13045554674001295, ""num_layers"": 1, ""weight_decay"": 0.018050204310192768}","{""time"": 34.12980651855469, ""val_accuracy"": 80.03067779541016, ""val_cross_entropy"": 0.43400177359580994, ""val_balanced_accuracy"": 0.8081335425376892, ""test_cross_entropy"": 0.5505685210227966, ""test_balanced_accuracy"": 0.8039886355400085}"
2026-04-17T23:37:21.372555,cats,lcbench,126025,2,275,56.48038101196289,"{""OpenML_task_id"": ""167104"", ""batch_size"": 144, ""epoch"": 27, ""learning_rate"": 0.0001756619317947137, ""max_dropout"": 0.46331891701602335, ""max_units"": 236, ""momentum"": 0.8898216807351195, ""num_layers"": 5, ""weight_decay"": 0.07796853083303558}","{""time"": 56.48038101196289, ""val_accuracy"": 71.62610626220703, ""val_cross_entropy"": 0.5862350463867188, ""val_balanced_accuracy"": 0.6523079872131348, ""test_cross_entropy"": 0.6783157587051392, ""test_balanced_accuracy"": 0.6514326930046082}"
2026-04-17T23:37:21.374597,cats,lcbench,126025,2,276,41.29599380493164,"{""OpenML_task_id"": ""126026"", ""batch_size"": 19, ""epoch"": 35, ""learning_rate"": 0.04395033724306776, ""max_dropout"": 0.969645212518091, ""max_units"": 297, ""momentum"": 0.28977353630446673, ""num_layers"": 1, ""weight_decay"": 0.011401406372508898}","{""time"": 41.29599380493164, ""val_accuracy"": 77.118896484375, ""val_cross_entropy"": 0.3959450125694275, ""val_balanced_accuracy"": 0.7961966395378113, ""test_cross_entropy"": 0.5343022346496582, ""test_balanced_accuracy"": 0.7808578610420227}"
2026-04-17T23:37:21.375113,cats,lcbench,126025,2,277,71.42353057861328,"{""OpenML_task_id"": ""167201"", ""batch_size"": 121, ""epoch"": 40, ""learning_rate"": 0.006810575469750562, ""max_dropout"": 0.4054655958996325, ""max_units"": 448, ""momentum"": 0.9864759140440048, ""num_layers"": 2, ""weight_decay"": 0.039919626855006864}","{""time"": 71.42353057861328, ""val_accuracy"": 78.95751190185547, ""val_cross_entropy"": 0.4168112277984619, ""val_balanced_accuracy"": 0.832783579826355, ""test_cross_entropy"": 0.5359594821929932, ""test_balanced_accuracy"": 0.8255119919776917}"
2026-04-17T23:37:21.376118,cats,lcbench,126025,2,278,50.32658386230469,"{""OpenML_task_id"": ""168908"", ""batch_size"": 51, ""epoch"": 17, ""learning_rate"": 0.003614040841096616, ""max_dropout"": 0.21975043521959936, ""max_units"": 264, ""momentum"": 0.24869253942641123, ""num_layers"": 2, ""weight_decay"": 0.022984077140546122}","{""time"": 50.32658386230469, ""val_accuracy"": 79.03706359863281, ""val_cross_entropy"": 0.4236960709095001, ""val_balanced_accuracy"": 0.8038552403450012, ""test_cross_entropy"": 0.5339940786361694, ""test_balanced_accuracy"": 0.7953117489814758}"
2026-04-17T23:37:21.377118,cats,lcbench,126025,2,279,62.22281265258789,"{""OpenML_task_id"": ""189909"", ""batch_size"": 465, ""epoch"": 28, ""learning_rate"": 0.08013964017033748, ""max_dropout"": 0.12571160500830947, ""max_units"": 293, ""momentum"": 0.7946586590575705, ""num_layers"": 1, ""weight_decay"": 0.034423196804035064}","{""time"": 62.22281265258789, ""val_accuracy"": 77.28706359863281, ""val_cross_entropy"": 0.45843786001205444, ""val_balanced_accuracy"": 0.8013522624969482, ""test_cross_entropy"": 0.5489438772201538, ""test_balanced_accuracy"": 0.801511287689209}"
2026-04-17T23:37:21.378131,cats,lcbench,126025,2,280,68.1953353881836,"{""OpenML_task_id"": ""168910"", ""batch_size"": 68, ""epoch"": 45, ""learning_rate"": 0.001651328759240758, ""max_dropout"": 0.46640466501510247, ""max_units"": 86, ""momentum"": 0.5245371820154169, ""num_layers"": 5, ""weight_decay"": 0.09117559959197724}","{""time"": 68.1953353881836, ""val_accuracy"": 84.4412612915039, ""val_cross_entropy"": 0.6019684672355652, ""val_balanced_accuracy"": 0.5437558889389038, ""test_cross_entropy"": 0.709587812423706, ""test_balanced_accuracy"": 0.5401442050933838}"
2026-04-17T23:37:21.379136,cats,lcbench,126025,2,281,56.83597183227539,"{""OpenML_task_id"": ""167184"", ""batch_size"": 162, ""epoch"": 38, ""learning_rate"": 0.006223702672250405, ""max_dropout"": 0.8267106815237222, ""max_units"": 217, ""momentum"": 0.5968751466817356, ""num_layers"": 1, ""weight_decay"": 0.0759417058463601}","{""time"": 56.83597183227539, ""val_accuracy"": 77.01820373535156, ""val_cross_entropy"": 0.48564738035202026, ""val_balanced_accuracy"": 0.7996330857276917, ""test_cross_entropy"": 0.5649658441543579, ""test_balanced_accuracy"": 0.7952980995178223}"
2026-04-17T23:37:21.379136,cats,lcbench,126025,2,282,49.91800308227539,"{""OpenML_task_id"": ""167104"", ""batch_size"": 63, ""epoch"": 21, ""learning_rate"": 0.0009753149238303248, ""max_dropout"": 0.6096639434093973, ""max_units"": 144, ""momentum"": 0.46610667800389793, ""num_layers"": 4, ""weight_decay"": 0.026707945634100696}","{""time"": 49.91800308227539, ""val_accuracy"": 79.78803253173828, ""val_cross_entropy"": 0.5293363928794861, ""val_balanced_accuracy"": 0.7887193560600281, ""test_cross_entropy"": 0.6227389574050903, ""test_balanced_accuracy"": 0.7838736772537231}"
2026-04-17T23:37:21.380135,cats,lcbench,126025,2,283,195.62344360351562,"{""OpenML_task_id"": ""189862"", ""batch_size"": 488, ""epoch"": 51, ""learning_rate"": 0.0008845257739882407, ""max_dropout"": 0.031223081333876523, ""max_units"": 674, ""momentum"": 0.4897339958544268, ""num_layers"": 3, ""weight_decay"": 0.051297679900224734}","{""time"": 195.62344360351562, ""val_accuracy"": 80.5283203125, ""val_cross_entropy"": 0.40575435757637024, ""val_balanced_accuracy"": 0.8042524456977844, ""test_cross_entropy"": 0.5648122429847717, ""test_balanced_accuracy"": 0.801402747631073}"
2026-04-17T23:37:21.380135,cats,lcbench,126025,2,284,64.11093139648438,"{""OpenML_task_id"": ""146212"", ""batch_size"": 101, ""epoch"": 47, ""learning_rate"": 0.001268860804792637, ""max_dropout"": 0.9805959623092895, ""max_units"": 235, ""momentum"": 0.41814130707927444, ""num_layers"": 1, ""weight_decay"": 0.02690977077317219}","{""time"": 64.11093139648438, ""val_accuracy"": 78.22957611083984, ""val_cross_entropy"": 0.4687497019767761, ""val_balanced_accuracy"": 0.7961663007736206, ""test_cross_entropy"": 0.5632002353668213, ""test_balanced_accuracy"": 0.7898665070533752}"
2026-04-17T23:37:21.381640,cats,lcbench,126025,2,285,45.921451568603516,"{""OpenML_task_id"": ""189865"", ""batch_size"": 29, ""epoch"": 10, ""learning_rate"": 0.0003662565643936358, ""max_dropout"": 0.0034779386671814905, ""max_units"": 734, ""momentum"": 0.8329788227517997, ""num_layers"": 2, ""weight_decay"": 0.06794606962177835}","{""time"": 45.921451568603516, ""val_accuracy"": 79.93822479248047, ""val_cross_entropy"": 0.42577385902404785, ""val_balanced_accuracy"": 0.8024902939796448, ""test_cross_entropy"": 0.538872241973877, ""test_balanced_accuracy"": 0.7928475737571716}"
2026-04-17T23:37:21.382647,cats,lcbench,126025,2,286,17.952556610107422,"{""OpenML_task_id"": ""167104"", ""batch_size"": 156, ""epoch"": 4, ""learning_rate"": 0.005051803303995766, ""max_dropout"": 0.8382618020959799, ""max_units"": 284, ""momentum"": 0.22648104881456016, ""num_layers"": 2, ""weight_decay"": 0.029638449589271774}","{""time"": 17.952556610107422, ""val_accuracy"": 79.43180847167969, ""val_cross_entropy"": 0.44417181611061096, ""val_balanced_accuracy"": 0.7991253733634949, ""test_cross_entropy"": 0.5805548429489136, ""test_balanced_accuracy"": 0.7958155870437622}"
2026-04-17T23:37:21.382647,cats,lcbench,126025,2,287,71.28548431396484,"{""OpenML_task_id"": ""189866"", ""batch_size"": 23, ""epoch"": 33, ""learning_rate"": 0.00022370092269214536, ""max_dropout"": 0.4218821885000892, ""max_units"": 433, ""momentum"": 0.43076452926404174, ""num_layers"": 1, ""weight_decay"": 0.05708632234931331}","{""time"": 71.28548431396484, ""val_accuracy"": 79.40181732177734, ""val_cross_entropy"": 0.4668270945549011, ""val_balanced_accuracy"": 0.7731986045837402, ""test_cross_entropy"": 0.5669242143630981, ""test_balanced_accuracy"": 0.7720948457717896}"
2026-04-17T23:37:21.384150,cats,lcbench,126025,2,288,5.317258358001709,"{""OpenML_task_id"": ""168908"", ""batch_size"": 30, ""epoch"": 3, ""learning_rate"": 0.016957645180569754, ""max_dropout"": 0.37476649505590554, ""max_units"": 139, ""momentum"": 0.5330949512619532, ""num_layers"": 4, ""weight_decay"": 0.043850183432633305}","{""time"": 5.317258358001709, ""val_accuracy"": 78.93959045410156, ""val_cross_entropy"": 0.42881450057029724, ""val_balanced_accuracy"": 0.7811528444290161, ""test_cross_entropy"": 0.5801213979721069, ""test_balanced_accuracy"": 0.7754346132278442}"
2026-04-17T23:37:21.385157,cats,lcbench,126025,2,289,47.38564682006836,"{""OpenML_task_id"": ""168868"", ""batch_size"": 96, ""epoch"": 19, ""learning_rate"": 0.0003027838426928475, ""max_dropout"": 0.3724467817393795, ""max_units"": 92, ""momentum"": 0.31619463701409767, ""num_layers"": 4, ""weight_decay"": 0.0387170684512757}","{""time"": 47.38564682006836, ""val_accuracy"": 57.240638732910156, ""val_cross_entropy"": 0.6597251296043396, ""val_balanced_accuracy"": 0.5832291841506958, ""test_cross_entropy"": 0.6863080263137817, ""test_balanced_accuracy"": 0.5872297883033752}"
2026-04-17T23:37:21.385157,cats,lcbench,126025,2,290,360.0231628417969,"{""OpenML_task_id"": ""167184"", ""batch_size"": 40, ""epoch"": 33, ""learning_rate"": 0.0021111169736007687, ""max_dropout"": 0.02909898192680438, ""max_units"": 881, ""momentum"": 0.2849541677404709, ""num_layers"": 4, ""weight_decay"": 0.026346466070621157}","{""time"": 360.0231628417969, ""val_accuracy"": 76.94361877441406, ""val_cross_entropy"": 0.36382049322128296, ""val_balanced_accuracy"": 0.8110814094543457, ""test_cross_entropy"": 0.5163857936859131, ""test_balanced_accuracy"": 0.7975417375564575}"
2026-04-17T23:37:21.386682,cats,lcbench,126025,2,291,5.169444561004639,"{""OpenML_task_id"": ""3945"", ""batch_size"": 30, ""epoch"": 3, ""learning_rate"": 0.07414693719869732, ""max_dropout"": 0.41900734368540926, ""max_units"": 192, ""momentum"": 0.9857756787982832, ""num_layers"": 3, ""weight_decay"": 0.009982696267603489}","{""time"": 5.169444561004639, ""val_accuracy"": 81.0027847290039, ""val_cross_entropy"": 0.48503804206848145, ""val_balanced_accuracy"": 0.8076296448707581, ""test_cross_entropy"": 0.5300906896591187, ""test_balanced_accuracy"": 0.7917307615280151}"
2026-04-17T23:37:21.386682,cats,lcbench,126025,2,292,27.881187438964844,"{""OpenML_task_id"": ""126025"", ""batch_size"": 45, ""epoch"": 23, ""learning_rate"": 0.014004683930094863, ""max_dropout"": 0.5188570441888457, ""max_units"": 136, ""momentum"": 0.7761587377614129, ""num_layers"": 3, ""weight_decay"": 0.06312971445491704}","{""time"": 27.881187438964844, ""val_accuracy"": 78.48499298095703, ""val_cross_entropy"": 0.42434757947921753, ""val_balanced_accuracy"": 0.8089138865470886, ""test_cross_entropy"": 0.5544388294219971, ""test_balanced_accuracy"": 0.8000496029853821}"
2026-04-17T23:37:21.387708,cats,lcbench,126025,2,293,20.419376373291016,"{""OpenML_task_id"": ""189908"", ""batch_size"": 82, ""epoch"": 4, ""learning_rate"": 0.002794007259458452, ""max_dropout"": 0.924334592482047, ""max_units"": 70, ""momentum"": 0.18494267462719022, ""num_layers"": 1, ""weight_decay"": 0.09034803048065387}","{""time"": 20.419376373291016, ""val_accuracy"": 76.93451690673828, ""val_cross_entropy"": 0.46328189969062805, ""val_balanced_accuracy"": 0.7659314870834351, ""test_cross_entropy"": 0.5922527313232422, ""test_balanced_accuracy"": 0.7608556747436523}"
2026-04-17T23:37:21.388693,cats,lcbench,126025,2,294,41.205352783203125,"{""OpenML_task_id"": ""126026"", ""batch_size"": 349, ""epoch"": 26, ""learning_rate"": 0.012953363881630904, ""max_dropout"": 0.5426063681852782, ""max_units"": 98, ""momentum"": 0.7111829206052486, ""num_layers"": 5, ""weight_decay"": 0.0020648724807846622}","{""time"": 41.205352783203125, ""val_accuracy"": 77.35873413085938, ""val_cross_entropy"": 0.2935148775577545, ""val_balanced_accuracy"": 0.8310540318489075, ""test_cross_entropy"": 0.4939431846141815, ""test_balanced_accuracy"": 0.8187879323959351}"
2026-04-17T23:37:21.389694,cats,lcbench,126025,2,295,70.1434097290039,"{""OpenML_task_id"": ""34539"", ""batch_size"": 33, ""epoch"": 29, ""learning_rate"": 0.0003519473949749479, ""max_dropout"": 0.7775028700463643, ""max_units"": 158, ""momentum"": 0.9529537204168851, ""num_layers"": 5, ""weight_decay"": 0.0635508926217445}","{""time"": 70.1434097290039, ""val_accuracy"": 85.50868225097656, ""val_cross_entropy"": 0.5574615001678467, ""val_balanced_accuracy"": 0.5737754106521606, ""test_cross_entropy"": 0.668578565120697, ""test_balanced_accuracy"": 0.5701143741607666}"
2026-04-17T23:37:21.390202,cats,lcbench,126025,2,296,37.53928756713867,"{""OpenML_task_id"": ""189909"", ""batch_size"": 19, ""epoch"": 10, ""learning_rate"": 0.00019680310307239335, ""max_dropout"": 0.20481834608908567, ""max_units"": 71, ""momentum"": 0.5207884718527342, ""num_layers"": 3, ""weight_decay"": 0.06529460772494332}","{""time"": 37.53928756713867, ""val_accuracy"": 78.31810760498047, ""val_cross_entropy"": 0.568101167678833, ""val_balanced_accuracy"": 0.7472873330116272, ""test_cross_entropy"": 0.6398631930351257, ""test_balanced_accuracy"": 0.746076762676239}"
2026-04-17T23:37:21.391205,cats,lcbench,126025,2,297,42.949832916259766,"{""OpenML_task_id"": ""168908"", ""batch_size"": 18, ""epoch"": 24, ""learning_rate"": 0.009847620607663312, ""max_dropout"": 0.09249582190121908, ""max_units"": 946, ""momentum"": 0.5513727752428588, ""num_layers"": 1, ""weight_decay"": 0.052359109826840604}","{""time"": 42.949832916259766, ""val_accuracy"": 77.28765106201172, ""val_cross_entropy"": 0.4330666661262512, ""val_balanced_accuracy"": 0.7996407151222229, ""test_cross_entropy"": 0.5543358325958252, ""test_balanced_accuracy"": 0.7921627759933472}"
2026-04-17T23:37:21.391730,cats,lcbench,126025,2,298,263.25946044921875,"{""OpenML_task_id"": ""168329"", ""batch_size"": 211, ""epoch"": 50, ""learning_rate"": 0.0007618189127873081, ""max_dropout"": 0.41873549367601204, ""max_units"": 684, ""momentum"": 0.28648691241783497, ""num_layers"": 5, ""weight_decay"": 0.08138387479295867}","{""time"": 263.25946044921875, ""val_accuracy"": 76.55261993408203, ""val_cross_entropy"": 0.6545882225036621, ""val_balanced_accuracy"": 0.7696114778518677, ""test_cross_entropy"": 0.703109860420227, ""test_balanced_accuracy"": 0.7667266130447388}"
2026-04-17T23:37:21.392736,cats,lcbench,126025,2,299,20.240882873535156,"{""OpenML_task_id"": ""168335"", ""batch_size"": 286, ""epoch"": 3, ""learning_rate"": 0.0009433874440897108, ""max_dropout"": 0.06667736135416724, ""max_units"": 462, ""momentum"": 0.9199566448193847, ""num_layers"": 1, ""weight_decay"": 0.0411488920736091}","{""time"": 20.240882873535156, ""val_accuracy"": 74.08294677734375, ""val_cross_entropy"": 0.5642620921134949, ""val_balanced_accuracy"": 0.7280033826828003, ""test_cross_entropy"": 0.6100866794586182, ""test_balanced_accuracy"": 0.7282130718231201}"
2026-04-17T23:37:21.392736,cats,lcbench,126025,2,300,23.243179321289062,"{""OpenML_task_id"": ""146212"", ""batch_size"": 132, ""epoch"": 8, ""learning_rate"": 0.0007381251339145243, ""max_dropout"": 0.4533935590596466, ""max_units"": 80, ""momentum"": 0.554878490671192, ""num_layers"": 4, ""weight_decay"": 0.08093815946986707}","{""time"": 23.243179321289062, ""val_accuracy"": 56.13457489013672, ""val_cross_entropy"": 0.6522175669670105, ""val_balanced_accuracy"": 0.5537914037704468, ""test_cross_entropy"": 0.6883771419525146, ""test_balanced_accuracy"": 0.5570022463798523}"
2026-04-17T23:37:21.394251,cats,lcbench,126025,2,301,24.35736083984375,"{""OpenML_task_id"": ""168330"", ""batch_size"": 375, ""epoch"": 9, ""learning_rate"": 0.0008683156168916745, ""max_dropout"": 0.9803011631579208, ""max_units"": 221, ""momentum"": 0.6408253967846275, ""num_layers"": 1, ""weight_decay"": 0.07274088508963167}","{""time"": 24.35736083984375, ""val_accuracy"": 73.52983856201172, ""val_cross_entropy"": 0.5561801195144653, ""val_balanced_accuracy"": 0.7197661995887756, ""test_cross_entropy"": 0.6170729994773865, ""test_balanced_accuracy"": 0.715269148349762}"
2026-04-17T23:37:21.394251,cats,lcbench,126025,2,302,235.25848388671875,"{""OpenML_task_id"": ""167152"", ""batch_size"": 36, ""epoch"": 47, ""learning_rate"": 0.06814915317683319, ""max_dropout"": 0.07162755813591304, ""max_units"": 298, ""momentum"": 0.3144696921471323, ""num_layers"": 5, ""weight_decay"": 0.055441727038635744}","{""time"": 235.25848388671875, ""val_accuracy"": 89.157470703125, ""val_cross_entropy"": 0.3861253559589386, ""val_balanced_accuracy"": 0.7794011235237122, ""test_cross_entropy"": 0.583545446395874, ""test_balanced_accuracy"": 0.7779975533485413}"
2026-04-17T23:37:21.395261,cats,lcbench,126025,2,303,124.53194427490234,"{""OpenML_task_id"": ""167168"", ""batch_size"": 22, ""epoch"": 21, ""learning_rate"": 0.0088600936552846, ""max_dropout"": 0.858295010335043, ""max_units"": 409, ""momentum"": 0.7543634930750602, ""num_layers"": 5, ""weight_decay"": 0.01673283334838267}","{""time"": 124.53194427490234, ""val_accuracy"": 82.43673706054688, ""val_cross_entropy"": 0.26658895611763, ""val_balanced_accuracy"": 0.8106359839439392, ""test_cross_entropy"": 0.488447904586792, ""test_balanced_accuracy"": 0.7871187925338745}"
2026-04-17T23:37:21.396262,cats,lcbench,126025,2,304,71.02332305908203,"{""OpenML_task_id"": ""189906"", ""batch_size"": 103, ""epoch"": 32, ""learning_rate"": 0.0001017426387865038, ""max_dropout"": 0.39362440450613134, ""max_units"": 503, ""momentum"": 0.31406099199923065, ""num_layers"": 2, ""weight_decay"": 0.013208182566440484}","{""time"": 71.02332305908203, ""val_accuracy"": 77.68032836914062, ""val_cross_entropy"": 0.4845057427883148, ""val_balanced_accuracy"": 0.7854406237602234, ""test_cross_entropy"": 0.592602014541626, ""test_balanced_accuracy"": 0.7848251461982727}"
2026-04-17T23:37:21.396765,cats,lcbench,126025,2,305,51.832611083984375,"{""OpenML_task_id"": ""189909"", ""batch_size"": 119, ""epoch"": 19, ""learning_rate"": 0.00018669178208869373, ""max_dropout"": 0.6505103871408543, ""max_units"": 64, ""momentum"": 0.9661517536963686, ""num_layers"": 4, ""weight_decay"": 0.0011799536557474458}","{""time"": 51.832611083984375, ""val_accuracy"": 71.54459381103516, ""val_cross_entropy"": 0.5924098491668701, ""val_balanced_accuracy"": 0.725648045539856, ""test_cross_entropy"": 0.6675371527671814, ""test_balanced_accuracy"": 0.7262684106826782}"
2026-04-17T23:37:21.396765,cats,lcbench,126025,2,306,67.38793182373047,"{""OpenML_task_id"": ""7593"", ""batch_size"": 17, ""epoch"": 31, ""learning_rate"": 0.0003778189262796141, ""max_dropout"": 0.26608406400532936, ""max_units"": 462, ""momentum"": 0.5348653931867529, ""num_layers"": 1, ""weight_decay"": 0.0794290375076837}","{""time"": 67.38793182373047, ""val_accuracy"": 79.50092315673828, ""val_cross_entropy"": 0.48027926683425903, ""val_balanced_accuracy"": 0.7817609310150146, ""test_cross_entropy"": 0.5648006796836853, ""test_balanced_accuracy"": 0.7796747088432312}"
2026-04-17T23:37:21.398273,cats,lcbench,126025,2,307,23.459320068359375,"{""OpenML_task_id"": ""167104"", ""batch_size"": 246, ""epoch"": 4, ""learning_rate"": 0.0034063963475448504, ""max_dropout"": 0.26551797440940583, ""max_units"": 166, ""momentum"": 0.18429681951791244, ""num_layers"": 4, ""weight_decay"": 0.055229033517734866}","{""time"": 23.459320068359375, ""val_accuracy"": 52.643409729003906, ""val_cross_entropy"": 0.6848970055580139, ""val_balanced_accuracy"": 0.5792614221572876, ""test_cross_entropy"": 0.6878622174263, ""test_balanced_accuracy"": 0.5844541192054749}"
2026-04-17T23:37:21.399317,cats,lcbench,126025,2,308,70.203369140625,"{""OpenML_task_id"": ""167149"", ""batch_size"": 37, ""epoch"": 25, ""learning_rate"": 0.0004865060703409587, ""max_dropout"": 0.4958208387743469, ""max_units"": 415, ""momentum"": 0.40014995940232534, ""num_layers"": 2, ""weight_decay"": 0.04922345296549611}","{""time"": 70.203369140625, ""val_accuracy"": 79.14929962158203, ""val_cross_entropy"": 0.4265753924846649, ""val_balanced_accuracy"": 0.8053883910179138, ""test_cross_entropy"": 0.5464127659797668, ""test_balanced_accuracy"": 0.7987291812896729}"
2026-04-17T23:37:21.399317,cats,lcbench,126025,2,309,274.9939270019531,"{""OpenML_task_id"": ""189873"", ""batch_size"": 21, ""epoch"": 28, ""learning_rate"": 0.0012351234900194017, ""max_dropout"": 0.5229519284299241, ""max_units"": 690, ""momentum"": 0.11594553150160984, ""num_layers"": 5, ""weight_decay"": 0.01806639940766923}","{""time"": 274.9939270019531, ""val_accuracy"": 82.9499740600586, ""val_cross_entropy"": 0.3351949453353882, ""val_balanced_accuracy"": 0.8367337584495544, ""test_cross_entropy"": 0.5131272673606873, ""test_balanced_accuracy"": 0.8215474486351013}"
2026-04-17T23:37:21.400841,cats,lcbench,126025,2,310,76.00018310546875,"{""OpenML_task_id"": ""168330"", ""batch_size"": 24, ""epoch"": 43, ""learning_rate"": 0.021983677934302916, ""max_dropout"": 0.07286070500779618, ""max_units"": 65, ""momentum"": 0.4842725948059169, ""num_layers"": 1, ""weight_decay"": 0.08583637479755135}","{""time"": 76.00018310546875, ""val_accuracy"": 76.7917251586914, ""val_cross_entropy"": 0.5082440972328186, ""val_balanced_accuracy"": 0.7819488644599915, ""test_cross_entropy"": 0.5628485083580017, ""test_balanced_accuracy"": 0.7700652480125427}"
2026-04-17T23:37:21.400841,cats,lcbench,126025,2,311,30.402389526367188,"{""OpenML_task_id"": ""167190"", ""batch_size"": 413, ""epoch"": 16, ""learning_rate"": 0.005221418373557586, ""max_dropout"": 0.8953253236871392, ""max_units"": 103, ""momentum"": 0.20982172668174395, ""num_layers"": 2, ""weight_decay"": 0.055004901815753134}","{""time"": 30.402389526367188, ""val_accuracy"": 77.98465728759766, ""val_cross_entropy"": 0.4807386100292206, ""val_balanced_accuracy"": 0.7908720374107361, ""test_cross_entropy"": 0.6031979918479919, ""test_balanced_accuracy"": 0.7859216928482056}"
2026-04-17T23:37:21.401864,cats,lcbench,126025,2,312,189.5100860595703,"{""OpenML_task_id"": ""7593"", ""batch_size"": 32, ""epoch"": 41, ""learning_rate"": 0.003657026234202169, ""max_dropout"": 0.7942859269381283, ""max_units"": 795, ""momentum"": 0.6031356536270773, ""num_layers"": 3, ""weight_decay"": 0.047524235685732906}","{""time"": 189.5100860595703, ""val_accuracy"": 77.09874725341797, ""val_cross_entropy"": 0.4329074025154114, ""val_balanced_accuracy"": 0.8194253444671631, ""test_cross_entropy"": 0.5470848083496094, ""test_balanced_accuracy"": 0.8068613409996033}"
2026-04-17T23:37:21.402926,cats,lcbench,126025,2,313,67.51622772216797,"{""OpenML_task_id"": ""167104"", ""batch_size"": 157, ""epoch"": 10, ""learning_rate"": 0.00013302298826492866, ""max_dropout"": 0.2520343772067082, ""max_units"": 416, ""momentum"": 0.9668459081198755, ""num_layers"": 4, ""weight_decay"": 0.004547802490995236}","{""time"": 67.51622772216797, ""val_accuracy"": 76.48635864257812, ""val_cross_entropy"": 0.5849865078926086, ""val_balanced_accuracy"": 0.7752305269241333, ""test_cross_entropy"": 0.6557018160820007, ""test_balanced_accuracy"": 0.7739555239677429}"
2026-04-17T23:37:21.403933,cats,lcbench,126025,2,314,24.835662841796875,"{""OpenML_task_id"": ""189908"", ""batch_size"": 122, ""epoch"": 8, ""learning_rate"": 0.01073570717456005, ""max_dropout"": 0.28470953184620873, ""max_units"": 496, ""momentum"": 0.2631991908532147, ""num_layers"": 1, ""weight_decay"": 0.02031699351986731}","{""time"": 24.835662841796875, ""val_accuracy"": 79.44029235839844, ""val_cross_entropy"": 0.4315561056137085, ""val_balanced_accuracy"": 0.795689582824707, ""test_cross_entropy"": 0.5516183376312256, ""test_balanced_accuracy"": 0.7921462059020996}"
2026-04-17T23:37:21.404448,cats,lcbench,126025,2,315,17.168865203857422,"{""OpenML_task_id"": ""7593"", ""batch_size"": 168, ""epoch"": 3, ""learning_rate"": 0.08350005440791854, ""max_dropout"": 0.3520556028391749, ""max_units"": 523, ""momentum"": 0.9738478507348803, ""num_layers"": 1, ""weight_decay"": 0.054298106761388104}","{""time"": 17.168865203857422, ""val_accuracy"": 78.13414001464844, ""val_cross_entropy"": 0.5227978229522705, ""val_balanced_accuracy"": 0.7814627885818481, ""test_cross_entropy"": 0.55535489320755, ""test_balanced_accuracy"": 0.7833147048950195}"
2026-04-17T23:37:21.405466,cats,lcbench,126025,2,316,72.60883331298828,"{""OpenML_task_id"": ""168908"", ""batch_size"": 25, ""epoch"": 40, ""learning_rate"": 0.0009423213130999236, ""max_dropout"": 0.7702928274216576, ""max_units"": 65, ""momentum"": 0.8604904545666033, ""num_layers"": 4, ""weight_decay"": 0.08074736538753055}","{""time"": 72.60883331298828, ""val_accuracy"": 74.69175720214844, ""val_cross_entropy"": 0.6499435305595398, ""val_balanced_accuracy"": 0.46477892994880676, ""test_cross_entropy"": 0.7029809951782227, ""test_balanced_accuracy"": 0.4718460738658905}"
2026-04-17T23:37:21.405466,cats,lcbench,126025,2,317,128.19381713867188,"{""OpenML_task_id"": ""189908"", ""batch_size"": 86, ""epoch"": 14, ""learning_rate"": 0.0876031619652697, ""max_dropout"": 0.34904863099574435, ""max_units"": 608, ""momentum"": 0.189881291008257, ""num_layers"": 5, ""weight_decay"": 0.08401728317951775}","{""time"": 128.19381713867188, ""val_accuracy"": 81.1072998046875, ""val_cross_entropy"": 0.4949450194835663, ""val_balanced_accuracy"": 0.7467772364616394, ""test_cross_entropy"": 0.6163120269775391, ""test_balanced_accuracy"": 0.7500461339950562}"
2026-04-17T23:37:21.405466,cats,lcbench,126025,2,318,119.90927124023438,"{""OpenML_task_id"": ""168335"", ""batch_size"": 24, ""epoch"": 52, ""learning_rate"": 0.0005958718535770878, ""max_dropout"": 0.6352905927551786, ""max_units"": 520, ""momentum"": 0.11543591218244036, ""num_layers"": 1, ""weight_decay"": 0.0015574379732908397}","{""time"": 119.90927124023438, ""val_accuracy"": 78.91881561279297, ""val_cross_entropy"": 0.4349481761455536, ""val_balanced_accuracy"": 0.784602165222168, ""test_cross_entropy"": 0.5525473356246948, ""test_balanced_accuracy"": 0.7768068909645081}"
2026-04-17T23:37:21.406989,cats,lcbench,126025,2,319,68.0921401977539,"{""OpenML_task_id"": ""168329"", ""batch_size"": 386, ""epoch"": 47, ""learning_rate"": 0.08792683913795964, ""max_dropout"": 0.21376027574795564, ""max_units"": 85, ""momentum"": 0.20824414596619556, ""num_layers"": 1, ""weight_decay"": 0.05422218672746234}","{""time"": 68.0921401977539, ""val_accuracy"": 77.41305541992188, ""val_cross_entropy"": 0.4689696133136749, ""val_balanced_accuracy"": 0.7977349758148193, ""test_cross_entropy"": 0.5596076846122742, ""test_balanced_accuracy"": 0.7965870499610901}"
2026-04-17T23:37:21.408076,cats,lcbench,126025,2,320,116.73127746582031,"{""OpenML_task_id"": ""189909"", ""batch_size"": 172, ""epoch"": 23, ""learning_rate"": 0.0005706185000290135, ""max_dropout"": 0.30913548517794, ""max_units"": 612, ""momentum"": 0.42774269536839593, ""num_layers"": 5, ""weight_decay"": 0.04434704738114673}","{""time"": 116.73127746582031, ""val_accuracy"": 77.04200744628906, ""val_cross_entropy"": 0.6192576289176941, ""val_balanced_accuracy"": 0.8044641613960266, ""test_cross_entropy"": 0.6764639019966125, ""test_balanced_accuracy"": 0.8014730215072632}"
2026-04-17T23:37:21.409081,cats,lcbench,126025,2,321,65.56954193115234,"{""OpenML_task_id"": ""189866"", ""batch_size"": 136, ""epoch"": 39, ""learning_rate"": 0.0018144228585065592, ""max_dropout"": 0.8165831576115667, ""max_units"": 85, ""momentum"": 0.784962232460383, ""num_layers"": 2, ""weight_decay"": 0.027482746356875632}","{""time"": 65.56954193115234, ""val_accuracy"": 78.541748046875, ""val_cross_entropy"": 0.4366663098335266, ""val_balanced_accuracy"": 0.8085991740226746, ""test_cross_entropy"": 0.5577345490455627, ""test_balanced_accuracy"": 0.7991360425949097}"
2026-04-17T23:37:21.409081,cats,lcbench,126025,2,322,108.02977752685547,"{""OpenML_task_id"": ""168910"", ""batch_size"": 316, ""epoch"": 41, ""learning_rate"": 0.0024312640092114847, ""max_dropout"": 0.22923000269584404, ""max_units"": 264, ""momentum"": 0.19783835741264494, ""num_layers"": 5, ""weight_decay"": 0.06414673884766768}","{""time"": 108.02977752685547, ""val_accuracy"": 74.80609893798828, ""val_cross_entropy"": 0.6110934615135193, ""val_balanced_accuracy"": 0.7087830305099487, ""test_cross_entropy"": 0.6861056089401245, ""test_balanced_accuracy"": 0.7109208703041077}"
2026-04-17T23:37:21.410586,cats,lcbench,126025,2,323,55.838924407958984,"{""OpenML_task_id"": ""167161"", ""batch_size"": 473, ""epoch"": 17, ""learning_rate"": 0.03856505308200645, ""max_dropout"": 0.6271782459571852, ""max_units"": 684, ""momentum"": 0.7491235067242226, ""num_layers"": 4, ""weight_decay"": 0.040389838053091646}","{""time"": 55.838924407958984, ""val_accuracy"": 80.81913757324219, ""val_cross_entropy"": 0.35202789306640625, ""val_balanced_accuracy"": 0.8582951426506042, ""test_cross_entropy"": 0.504013180732727, ""test_balanced_accuracy"": 0.8510183095932007}"
2026-04-17T23:37:21.410586,cats,lcbench,126025,2,324,92.31130981445312,"{""OpenML_task_id"": ""7593"", ""batch_size"": 35, ""epoch"": 48, ""learning_rate"": 0.055083583355553, ""max_dropout"": 0.7271407331190038, ""max_units"": 262, ""momentum"": 0.3244008816737496, ""num_layers"": 3, ""weight_decay"": 0.015540473338656298}","{""time"": 92.31130981445312, ""val_accuracy"": 85.16329193115234, ""val_cross_entropy"": 0.3676297664642334, ""val_balanced_accuracy"": 0.8526560664176941, ""test_cross_entropy"": 0.5322343111038208, ""test_balanced_accuracy"": 0.8333222270011902}"
2026-04-17T23:37:21.412124,cats,lcbench,126025,2,325,37.077720642089844,"{""OpenML_task_id"": ""34539"", ""batch_size"": 40, ""epoch"": 9, ""learning_rate"": 0.016778210849089346, ""max_dropout"": 0.9753406894131217, ""max_units"": 452, ""momentum"": 0.21464918408537503, ""num_layers"": 5, ""weight_decay"": 0.027053647380870356}","{""time"": 37.077720642089844, ""val_accuracy"": 85.48030853271484, ""val_cross_entropy"": 0.28076764941215515, ""val_balanced_accuracy"": 0.8105416893959045, ""test_cross_entropy"": 0.5241540670394897, ""test_balanced_accuracy"": 0.7974793910980225}"
2026-04-17T23:37:21.412124,cats,lcbench,126025,2,326,60.92874526977539,"{""OpenML_task_id"": ""126029"", ""batch_size"": 295, ""epoch"": 33, ""learning_rate"": 0.006063381081908725, ""max_dropout"": 0.6707401918706634, ""max_units"": 130, ""momentum"": 0.7953101391004083, ""num_layers"": 1, ""weight_decay"": 0.007658594892054913}","{""time"": 60.92874526977539, ""val_accuracy"": 79.51912689208984, ""val_cross_entropy"": 0.43885302543640137, ""val_balanced_accuracy"": 0.809403121471405, ""test_cross_entropy"": 0.542829692363739, ""test_balanced_accuracy"": 0.8098123073577881}"
2026-04-17T23:37:21.413641,cats,lcbench,126025,2,327,36.16434097290039,"{""OpenML_task_id"": ""126025"", ""batch_size"": 166, ""epoch"": 19, ""learning_rate"": 0.01265533265443723, ""max_dropout"": 0.4114730585664437, ""max_units"": 835, ""momentum"": 0.8081003460089938, ""num_layers"": 2, ""weight_decay"": 0.08915522024838393}","{""time"": 36.16434097290039, ""val_accuracy"": 78.60049438476562, ""val_cross_entropy"": 0.46669554710388184, ""val_balanced_accuracy"": 0.8120782971382141, ""test_cross_entropy"": 0.567364513874054, ""test_balanced_accuracy"": 0.8065259456634521}"
2026-04-17T23:37:21.413641,cats,lcbench,126025,2,328,77.10460662841797,"{""OpenML_task_id"": ""189866"", ""batch_size"": 89, ""epoch"": 44, ""learning_rate"": 0.00024564955168816994, ""max_dropout"": 0.4983590038500011, ""max_units"": 540, ""momentum"": 0.9213821200624489, ""num_layers"": 1, ""weight_decay"": 0.07795262888880472}","{""time"": 77.10460662841797, ""val_accuracy"": 78.46283721923828, ""val_cross_entropy"": 0.49124056100845337, ""val_balanced_accuracy"": 0.7833072543144226, ""test_cross_entropy"": 0.5667402744293213, ""test_balanced_accuracy"": 0.7814642786979675}"
2026-04-17T23:37:21.414660,cats,lcbench,126025,2,329,201.19017028808594,"{""OpenML_task_id"": ""7593"", ""batch_size"": 122, ""epoch"": 40, ""learning_rate"": 0.000871062912624441, ""max_dropout"": 0.584018213823091, ""max_units"": 728, ""momentum"": 0.2005730454740825, ""num_layers"": 5, ""weight_decay"": 0.08909920835548486}","{""time"": 201.19017028808594, ""val_accuracy"": 81.1921157836914, ""val_cross_entropy"": 0.642526388168335, ""val_balanced_accuracy"": 0.7763521671295166, ""test_cross_entropy"": 0.6987543702125549, ""test_balanced_accuracy"": 0.7744088768959045}"
2026-04-17T23:37:21.414660,cats,lcbench,126025,2,330,39.87084197998047,"{""OpenML_task_id"": ""3945"", ""batch_size"": 317, ""epoch"": 19, ""learning_rate"": 0.006049977554413219, ""max_dropout"": 0.8595635978279302, ""max_units"": 92, ""momentum"": 0.10673189866860143, ""num_layers"": 1, ""weight_decay"": 0.0653887208348562}","{""time"": 39.87084197998047, ""val_accuracy"": 78.29346466064453, ""val_cross_entropy"": 0.4556828737258911, ""val_balanced_accuracy"": 0.7912537455558777, ""test_cross_entropy"": 0.5733094215393066, ""test_balanced_accuracy"": 0.7868696451187134}"
2026-04-17T23:37:21.416178,cats,lcbench,126025,2,331,37.69407653808594,"{""OpenML_task_id"": ""189908"", ""batch_size"": 65, ""epoch"": 16, ""learning_rate"": 0.001161509631754845, ""max_dropout"": 0.35024284047853704, ""max_units"": 80, ""momentum"": 0.49860995709666545, ""num_layers"": 1, ""weight_decay"": 0.07416645265534742}","{""time"": 37.69407653808594, ""val_accuracy"": 78.68944549560547, ""val_cross_entropy"": 0.46710145473480225, ""val_balanced_accuracy"": 0.7828502058982849, ""test_cross_entropy"": 0.5695156455039978, ""test_balanced_accuracy"": 0.7801626324653625}"
2026-04-17T23:37:21.417186,cats,lcbench,126025,2,332,231.9521942138672,"{""OpenML_task_id"": ""189905"", ""batch_size"": 28, ""epoch"": 31, ""learning_rate"": 0.0012080162327809119, ""max_dropout"": 0.9332656926405388, ""max_units"": 949, ""momentum"": 0.1444981311616732, ""num_layers"": 3, ""weight_decay"": 0.06544257642702561}","{""time"": 231.9521942138672, ""val_accuracy"": 78.45310974121094, ""val_cross_entropy"": 0.4517030417919159, ""val_balanced_accuracy"": 0.8013874292373657, ""test_cross_entropy"": 0.5645116567611694, ""test_balanced_accuracy"": 0.7923743724822998}"
2026-04-17T23:37:21.417691,cats,lcbench,126025,2,333,47.50278091430664,"{""OpenML_task_id"": ""168868"", ""batch_size"": 22, ""epoch"": 22, ""learning_rate"": 0.018146446862533985, ""max_dropout"": 0.7496431934950166, ""max_units"": 286, ""momentum"": 0.6375461197755723, ""num_layers"": 3, ""weight_decay"": 0.06619250888855689}","{""time"": 47.50278091430664, ""val_accuracy"": 78.00935363769531, ""val_cross_entropy"": 0.45651111006736755, ""val_balanced_accuracy"": 0.8019669651985168, ""test_cross_entropy"": 0.5610965490341187, ""test_balanced_accuracy"": 0.7940537333488464}"
2026-04-17T23:37:21.418693,cats,lcbench,126025,2,334,69.2160873413086,"{""OpenML_task_id"": ""167201"", ""batch_size"": 38, ""epoch"": 40, ""learning_rate"": 0.004035025195085141, ""max_dropout"": 0.5685830419595856, ""max_units"": 150, ""momentum"": 0.47197534175981504, ""num_layers"": 5, ""weight_decay"": 0.07317071049968009}","{""time"": 69.2160873413086, ""val_accuracy"": 86.29151153564453, ""val_cross_entropy"": 0.5986339449882507, ""val_balanced_accuracy"": 0.5338289141654968, ""test_cross_entropy"": 0.7082335948944092, ""test_balanced_accuracy"": 0.5336843729019165}"
2026-04-17T23:37:21.419694,cats,lcbench,126025,2,335,245.79649353027344,"{""OpenML_task_id"": ""189905"", ""batch_size"": 32, ""epoch"": 41, ""learning_rate"": 0.0044679631990403364, ""max_dropout"": 0.1807286268469449, ""max_units"": 909, ""momentum"": 0.38159805779069833, ""num_layers"": 3, ""weight_decay"": 0.0347258810939739}","{""time"": 245.79649353027344, ""val_accuracy"": 77.9449462890625, ""val_cross_entropy"": 0.34688276052474976, ""val_balanced_accuracy"": 0.8097984194755554, ""test_cross_entropy"": 0.5261163115501404, ""test_balanced_accuracy"": 0.8014256358146667}"
2026-04-17T23:37:21.419694,cats,lcbench,126025,2,336,41.241607666015625,"{""OpenML_task_id"": ""167181"", ""batch_size"": 25, ""epoch"": 20, ""learning_rate"": 0.0025207124678723256, ""max_dropout"": 0.22017585176922072, ""max_units"": 140, ""momentum"": 0.5114481730963812, ""num_layers"": 4, ""weight_decay"": 0.03304664246142889}","{""time"": 41.241607666015625, ""val_accuracy"": 83.67361450195312, ""val_cross_entropy"": 0.38560232520103455, ""val_balanced_accuracy"": 0.8145650029182434, ""test_cross_entropy"": 0.529723584651947, ""test_balanced_accuracy"": 0.803895115852356}"
2026-04-17T23:37:21.420695,cats,lcbench,126025,2,337,31.391067504882812,"{""OpenML_task_id"": ""167104"", ""batch_size"": 55, ""epoch"": 13, ""learning_rate"": 0.02724867129789574, ""max_dropout"": 0.5158567416008008, ""max_units"": 224, ""momentum"": 0.3118572225781036, ""num_layers"": 1, ""weight_decay"": 0.06440393487043883}","{""time"": 31.391067504882812, ""val_accuracy"": 77.24019622802734, ""val_cross_entropy"": 0.46638214588165283, ""val_balanced_accuracy"": 0.7956592440605164, ""test_cross_entropy"": 0.5610100626945496, ""test_balanced_accuracy"": 0.7858227491378784}"
2026-04-17T23:37:21.421694,cats,lcbench,126025,2,338,326.0538635253906,"{""OpenML_task_id"": ""168330"", ""batch_size"": 29, ""epoch"": 46, ""learning_rate"": 0.0006607394184473822, ""max_dropout"": 0.03283387306366903, ""max_units"": 611, ""momentum"": 0.13827406662655378, ""num_layers"": 4, ""weight_decay"": 0.07220134004563639}","{""time"": 326.0538635253906, ""val_accuracy"": 80.72054290771484, ""val_cross_entropy"": 0.4680262804031372, ""val_balanced_accuracy"": 0.7939174175262451, ""test_cross_entropy"": 0.5624013543128967, ""test_balanced_accuracy"": 0.7834028601646423}"
2026-04-17T23:37:21.422205,cats,lcbench,126025,2,339,66.68093872070312,"{""OpenML_task_id"": ""167168"", ""batch_size"": 30, ""epoch"": 32, ""learning_rate"": 0.00018891036403918395, ""max_dropout"": 0.3779736246429293, ""max_units"": 244, ""momentum"": 0.5239182528431784, ""num_layers"": 1, ""weight_decay"": 0.04261092865377843}","{""time"": 66.68093872070312, ""val_accuracy"": 79.49758911132812, ""val_cross_entropy"": 0.4677765965461731, ""val_balanced_accuracy"": 0.7770899534225464, ""test_cross_entropy"": 0.5688132047653198, ""test_balanced_accuracy"": 0.7756535410881042}"
2026-04-17T23:37:21.423215,cats,lcbench,126025,2,340,41.5469970703125,"{""OpenML_task_id"": ""189909"", ""batch_size"": 43, ""epoch"": 13, ""learning_rate"": 0.000691847601218643, ""max_dropout"": 0.24503807620375162, ""max_units"": 279, ""momentum"": 0.10655389662371967, ""num_layers"": 1, ""weight_decay"": 0.08007744106069659}","{""time"": 41.5469970703125, ""val_accuracy"": 77.78929901123047, ""val_cross_entropy"": 0.479256808757782, ""val_balanced_accuracy"": 0.7666125297546387, ""test_cross_entropy"": 0.5778517723083496, ""test_balanced_accuracy"": 0.7622631788253784}"
2026-04-17T23:37:21.424211,cats,lcbench,126025,2,341,65.40220642089844,"{""OpenML_task_id"": ""168908"", ""batch_size"": 36, ""epoch"": 38, ""learning_rate"": 0.04388826582384632, ""max_dropout"": 0.7540928724271081, ""max_units"": 889, ""momentum"": 0.2615774230199208, ""num_layers"": 2, ""weight_decay"": 0.07463362794039258}","{""time"": 65.40220642089844, ""val_accuracy"": 77.73116302490234, ""val_cross_entropy"": 0.40772733092308044, ""val_balanced_accuracy"": 0.8129182457923889, ""test_cross_entropy"": 0.5596533417701721, ""test_balanced_accuracy"": 0.802842378616333}"
2026-04-17T23:37:21.425241,cats,lcbench,126025,2,342,45.51287078857422,"{""OpenML_task_id"": ""126025"", ""batch_size"": 104, ""epoch"": 15, ""learning_rate"": 0.02164499623189854, ""max_dropout"": 0.6328570948491785, ""max_units"": 235, ""momentum"": 0.645559928086362, ""num_layers"": 5, ""weight_decay"": 0.08952705035741614}","{""time"": 45.51287078857422, ""val_accuracy"": 74.69132995605469, ""val_cross_entropy"": 0.58018559217453, ""val_balanced_accuracy"": 0.5413695573806763, ""test_cross_entropy"": 0.7082819938659668, ""test_balanced_accuracy"": 0.5452212691307068}"
2026-04-17T23:37:21.425241,cats,lcbench,126025,2,343,96.19908905029297,"{""OpenML_task_id"": ""167181"", ""batch_size"": 18, ""epoch"": 43, ""learning_rate"": 0.0010494911840819552, ""max_dropout"": 0.3524193665623335, ""max_units"": 159, ""momentum"": 0.1357241317397799, ""num_layers"": 2, ""weight_decay"": 0.06977298601064505}","{""time"": 96.19908905029297, ""val_accuracy"": 79.78468322753906, ""val_cross_entropy"": 0.45115017890930176, ""val_balanced_accuracy"": 0.7838542461395264, ""test_cross_entropy"": 0.5546018481254578, ""test_balanced_accuracy"": 0.7777527570724487}"
2026-04-17T23:37:21.426251,cats,lcbench,126025,2,344,85.35847473144531,"{""OpenML_task_id"": ""189862"", ""batch_size"": 477, ""epoch"": 37, ""learning_rate"": 0.00015479861609767593, ""max_dropout"": 0.49901733970491613, ""max_units"": 126, ""momentum"": 0.8539662299256097, ""num_layers"": 4, ""weight_decay"": 0.06824697204637413}","{""time"": 85.35847473144531, ""val_accuracy"": 50.42919921875, ""val_cross_entropy"": 0.6597395539283752, ""val_balanced_accuracy"": 0.5625777840614319, ""test_cross_entropy"": 0.6972706317901611, ""test_balanced_accuracy"": 0.568196177482605}"
2026-04-17T23:37:21.427251,cats,lcbench,126025,2,345,64.41632080078125,"{""OpenML_task_id"": ""167200"", ""batch_size"": 83, ""epoch"": 37, ""learning_rate"": 0.007764563698837916, ""max_dropout"": 0.5410417858398274, ""max_units"": 307, ""momentum"": 0.13064925762724197, ""num_layers"": 2, ""weight_decay"": 0.024703325124676198}","{""time"": 64.41632080078125, ""val_accuracy"": 80.72639465332031, ""val_cross_entropy"": 0.42731934785842896, ""val_balanced_accuracy"": 0.8106592297554016, ""test_cross_entropy"": 0.537074625492096, ""test_balanced_accuracy"": 0.8008190393447876}"
2026-04-17T23:37:21.428251,cats,lcbench,126025,2,346,131.8431396484375,"{""OpenML_task_id"": ""167161"", ""batch_size"": 332, ""epoch"": 42, ""learning_rate"": 0.0617400504770657, ""max_dropout"": 0.7555666367127816, ""max_units"": 899, ""momentum"": 0.7471153029960922, ""num_layers"": 3, ""weight_decay"": 0.055441538695014274}","{""time"": 131.8431396484375, ""val_accuracy"": 80.76612854003906, ""val_cross_entropy"": 0.4655610918998718, ""val_balanced_accuracy"": 0.8256852030754089, ""test_cross_entropy"": 0.5571658611297607, ""test_balanced_accuracy"": 0.8254128098487854}"
2026-04-17T23:37:21.428251,cats,lcbench,126025,2,347,121.05552673339844,"{""OpenML_task_id"": ""167161"", ""batch_size"": 46, ""epoch"": 34, ""learning_rate"": 0.00021296650344105393, ""max_dropout"": 0.33245662530909703, ""max_units"": 270, ""momentum"": 0.6547431045533019, ""num_layers"": 4, ""weight_decay"": 0.06030450387844474}","{""time"": 121.05552673339844, ""val_accuracy"": 82.45372009277344, ""val_cross_entropy"": 0.5237175226211548, ""val_balanced_accuracy"": 0.778866171836853, ""test_cross_entropy"": 0.6293834447860718, ""test_balanced_accuracy"": 0.7782944440841675}"
2026-04-17T23:37:21.429258,cats,lcbench,126025,2,348,22.17361831665039,"{""OpenML_task_id"": ""189905"", ""batch_size"": 252, ""epoch"": 7, ""learning_rate"": 0.00014603423596183952, ""max_dropout"": 0.6682776188476777, ""max_units"": 141, ""momentum"": 0.16077687370515628, ""num_layers"": 3, ""weight_decay"": 0.07864654338691823}","{""time"": 22.17361831665039, ""val_accuracy"": 47.863121032714844, ""val_cross_entropy"": 0.6387879848480225, ""val_balanced_accuracy"": 0.5290042757987976, ""test_cross_entropy"": 0.6762487888336182, ""test_balanced_accuracy"": 0.5364674925804138}"
2026-04-17T23:37:21.430252,cats,lcbench,126025,2,349,37.87675094604492,"{""OpenML_task_id"": ""167185"", ""batch_size"": 76, ""epoch"": 6, ""learning_rate"": 0.006394298010355215, ""max_dropout"": 0.8464075686955346, ""max_units"": 447, ""momentum"": 0.1516123553359354, ""num_layers"": 3, ""weight_decay"": 0.06414516181788106}","{""time"": 37.87675094604492, ""val_accuracy"": 76.76756286621094, ""val_cross_entropy"": 0.4866657257080078, ""val_balanced_accuracy"": 0.7965688109397888, ""test_cross_entropy"": 0.577378511428833, ""test_balanced_accuracy"": 0.789749026298523}"
2026-04-17T23:37:21.430252,cats,lcbench,126025,2,350,65.50540161132812,"{""OpenML_task_id"": ""167181"", ""batch_size"": 210, ""epoch"": 52, ""learning_rate"": 0.0045373604467634785, ""max_dropout"": 0.21957558773531227, ""max_units"": 110, ""momentum"": 0.1633491762055531, ""num_layers"": 1, ""weight_decay"": 0.02153032371353757}","{""time"": 65.50540161132812, ""val_accuracy"": 78.74334716796875, ""val_cross_entropy"": 0.46550458669662476, ""val_balanced_accuracy"": 0.7997795343399048, ""test_cross_entropy"": 0.5593151450157166, ""test_balanced_accuracy"": 0.7980713248252869}"
2026-04-17T23:37:21.431760,cats,lcbench,126025,2,351,31.17353057861328,"{""OpenML_task_id"": ""167184"", ""batch_size"": 135, ""epoch"": 16, ""learning_rate"": 0.024824135187169683, ""max_dropout"": 0.5023025094146887, ""max_units"": 541, ""momentum"": 0.8012079499099258, ""num_layers"": 2, ""weight_decay"": 0.09385626048643109}","{""time"": 31.17353057861328, ""val_accuracy"": 78.4745101928711, ""val_cross_entropy"": 0.452419251203537, ""val_balanced_accuracy"": 0.803231418132782, ""test_cross_entropy"": 0.5765465497970581, ""test_balanced_accuracy"": 0.7981976866722107}"
2026-04-17T23:37:21.432770,cats,lcbench,126025,2,352,246.41424560546875,"{""OpenML_task_id"": ""168868"", ""batch_size"": 20, ""epoch"": 45, ""learning_rate"": 0.0009126363695049069, ""max_dropout"": 0.010631962998053468, ""max_units"": 446, ""momentum"": 0.7062249435058348, ""num_layers"": 3, ""weight_decay"": 0.010337278294531144}","{""time"": 246.41424560546875, ""val_accuracy"": 81.44306945800781, ""val_cross_entropy"": 0.3676092326641083, ""val_balanced_accuracy"": 0.81409752368927, ""test_cross_entropy"": 0.5058917999267578, ""test_balanced_accuracy"": 0.8052516579627991}"
2026-04-17T23:37:21.432770,cats,lcbench,126025,2,353,71.62712860107422,"{""OpenML_task_id"": ""189862"", ""batch_size"": 246, ""epoch"": 34, ""learning_rate"": 0.005044526944253625, ""max_dropout"": 0.14387950352125567, ""max_units"": 80, ""momentum"": 0.9569151196699077, ""num_layers"": 1, ""weight_decay"": 0.09316958640508573}","{""time"": 71.62712860107422, ""val_accuracy"": 76.88728332519531, ""val_cross_entropy"": 0.5201815962791443, ""val_balanced_accuracy"": 0.7881554365158081, ""test_cross_entropy"": 0.5678293704986572, ""test_balanced_accuracy"": 0.7861256003379822}"
2026-04-17T23:37:21.434282,cats,lcbench,126025,2,354,286.9180603027344,"{""OpenML_task_id"": ""167185"", ""batch_size"": 18, ""epoch"": 27, ""learning_rate"": 0.007080148844383984, ""max_dropout"": 0.16120922846377117, ""max_units"": 802, ""momentum"": 0.7599971982039602, ""num_layers"": 4, ""weight_decay"": 0.03304349623531569}","{""time"": 286.9180603027344, ""val_accuracy"": 75.77961730957031, ""val_cross_entropy"": 0.4100784659385681, ""val_balanced_accuracy"": 0.8025560975074768, ""test_cross_entropy"": 0.5351148247718811, ""test_balanced_accuracy"": 0.781899631023407}"
2026-04-17T23:37:21.434282,cats,lcbench,126025,2,355,43.98174285888672,"{""OpenML_task_id"": ""126026"", ""batch_size"": 31, ""epoch"": 6, ""learning_rate"": 0.0005421989646318667, ""max_dropout"": 0.655155540309019, ""max_units"": 354, ""momentum"": 0.27624861048153476, ""num_layers"": 4, ""weight_decay"": 0.04727095648029554}","{""time"": 43.98174285888672, ""val_accuracy"": 78.47631072998047, ""val_cross_entropy"": 0.6237841844558716, ""val_balanced_accuracy"": 0.7464425563812256, ""test_cross_entropy"": 0.6746206879615784, ""test_balanced_accuracy"": 0.7462589144706726}"
2026-04-17T23:37:21.435287,cats,lcbench,126025,2,356,41.61811447143555,"{""OpenML_task_id"": ""189905"", ""batch_size"": 316, ""epoch"": 15, ""learning_rate"": 0.00030880313938400306, ""max_dropout"": 0.5025838446073023, ""max_units"": 179, ""momentum"": 0.8819511769847488, ""num_layers"": 2, ""weight_decay"": 0.05340386804863961}","{""time"": 41.61811447143555, ""val_accuracy"": 78.1350326538086, ""val_cross_entropy"": 0.44603997468948364, ""val_balanced_accuracy"": 0.798512876033783, ""test_cross_entropy"": 0.5829089879989624, ""test_balanced_accuracy"": 0.7964092493057251}"
2026-04-17T23:37:21.436288,cats,lcbench,126025,2,357,159.8538818359375,"{""OpenML_task_id"": ""168335"", ""batch_size"": 396, ""epoch"": 46, ""learning_rate"": 0.0010344698672421716, ""max_dropout"": 0.9885061657280602, ""max_units"": 422, ""momentum"": 0.37968082844690365, ""num_layers"": 4, ""weight_decay"": 0.07037204250621648}","{""time"": 159.8538818359375, ""val_accuracy"": 67.03311920166016, ""val_cross_entropy"": 0.6692128777503967, ""val_balanced_accuracy"": 0.6564542651176453, ""test_cross_entropy"": 0.6872654557228088, ""test_balanced_accuracy"": 0.6559610962867737}"
2026-04-17T23:37:21.436798,cats,lcbench,126025,2,358,12.377463340759277,"{""OpenML_task_id"": ""167190"", ""batch_size"": 272, ""epoch"": 2, ""learning_rate"": 0.00029015357479616967, ""max_dropout"": 0.6707631274125699, ""max_units"": 72, ""momentum"": 0.6971839085988634, ""num_layers"": 1, ""weight_decay"": 0.045995323751453085}","{""time"": 12.377463340759277, ""val_accuracy"": 53.806358337402344, ""val_cross_entropy"": 0.6633854508399963, ""val_balanced_accuracy"": 0.4652232825756073, ""test_cross_entropy"": 0.6876804828643799, ""test_balanced_accuracy"": 0.465458482503891}"
2026-04-17T23:37:21.437801,cats,lcbench,126025,2,359,14.135890007019043,"{""OpenML_task_id"": ""146212"", ""batch_size"": 451, ""epoch"": 2, ""learning_rate"": 0.0005294052597108396, ""max_dropout"": 0.782725643557188, ""max_units"": 398, ""momentum"": 0.7862430887192654, ""num_layers"": 5, ""weight_decay"": 0.07213665030593504}","{""time"": 14.135890007019043, ""val_accuracy"": 48.938663482666016, ""val_cross_entropy"": 0.5522074699401855, ""val_balanced_accuracy"": 0.5680434107780457, ""test_cross_entropy"": 0.6725444793701172, ""test_balanced_accuracy"": 0.5600201487541199}"
2026-04-17T23:37:21.437801,cats,lcbench,126025,2,360,27.573009490966797,"{""OpenML_task_id"": ""126029"", ""batch_size"": 233, ""epoch"": 9, ""learning_rate"": 0.00503731669116352, ""max_dropout"": 0.8466122246458488, ""max_units"": 151, ""momentum"": 0.3500160810881231, ""num_layers"": 2, ""weight_decay"": 0.027061549689895138}","{""time"": 27.573009490966797, ""val_accuracy"": 77.10169219970703, ""val_cross_entropy"": 0.4647030532360077, ""val_balanced_accuracy"": 0.7911978960037231, ""test_cross_entropy"": 0.5811302661895752, ""test_balanced_accuracy"": 0.7856369018554688}"
2026-04-17T23:37:21.439310,cats,lcbench,126025,2,361,46.58243179321289,"{""OpenML_task_id"": ""167185"", ""batch_size"": 72, ""epoch"": 34, ""learning_rate"": 0.002206658439407963, ""max_dropout"": 0.882668218199941, ""max_units"": 86, ""momentum"": 0.26162335040655377, ""num_layers"": 4, ""weight_decay"": 0.05582698972102888}","{""time"": 46.58243179321289, ""val_accuracy"": 77.30460357666016, ""val_cross_entropy"": 0.638148844242096, ""val_balanced_accuracy"": 0.6118791699409485, ""test_cross_entropy"": 0.6880004405975342, ""test_balanced_accuracy"": 0.6123403310775757}"
2026-04-17T23:37:21.440320,cats,lcbench,126025,2,362,29.700969696044922,"{""OpenML_task_id"": ""168908"", ""batch_size"": 393, ""epoch"": 5, ""learning_rate"": 0.061323417495584384, ""max_dropout"": 0.3311639280307157, ""max_units"": 552, ""momentum"": 0.6184286575303708, ""num_layers"": 3, ""weight_decay"": 0.014480625094762346}","{""time"": 29.700969696044922, ""val_accuracy"": 79.6873550415039, ""val_cross_entropy"": 0.39093345403671265, ""val_balanced_accuracy"": 0.8458447456359863, ""test_cross_entropy"": 0.509340763092041, ""test_balanced_accuracy"": 0.8400775194168091}"
2026-04-17T23:37:21.441321,cats,lcbench,126025,2,363,49.11897277832031,"{""OpenML_task_id"": ""168908"", ""batch_size"": 142, ""epoch"": 26, ""learning_rate"": 0.0014671205870287179, ""max_dropout"": 0.7149562446131351, ""max_units"": 123, ""momentum"": 0.7519027189727684, ""num_layers"": 3, ""weight_decay"": 0.03597521052739461}","{""time"": 49.11897277832031, ""val_accuracy"": 78.21316528320312, ""val_cross_entropy"": 0.46753406524658203, ""val_balanced_accuracy"": 0.812812864780426, ""test_cross_entropy"": 0.5640398859977722, ""test_balanced_accuracy"": 0.8079932928085327}"
2026-04-17T23:37:21.441826,cats,lcbench,126025,2,364,33.58317565917969,"{""OpenML_task_id"": ""167181"", ""batch_size"": 63, ""epoch"": 21, ""learning_rate"": 0.001170976122254512, ""max_dropout"": 0.6788863889349003, ""max_units"": 108, ""momentum"": 0.38030977731599247, ""num_layers"": 5, ""weight_decay"": 0.08632006148426592}","{""time"": 33.58317565917969, ""val_accuracy"": 79.91719055175781, ""val_cross_entropy"": 0.5606398582458496, ""val_balanced_accuracy"": 0.5809764266014099, ""test_cross_entropy"": 0.6817008852958679, ""test_balanced_accuracy"": 0.575385332107544}"
2026-04-17T23:37:21.442835,cats,lcbench,126025,2,365,74.99058532714844,"{""OpenML_task_id"": ""146212"", ""batch_size"": 46, ""epoch"": 31, ""learning_rate"": 0.04666373618921264, ""max_dropout"": 0.6521594316027339, ""max_units"": 256, ""momentum"": 0.2995590781790468, ""num_layers"": 3, ""weight_decay"": 0.02940939680404127}","{""time"": 74.99058532714844, ""val_accuracy"": 78.97528076171875, ""val_cross_entropy"": 0.44319871068000793, ""val_balanced_accuracy"": 0.8142901062965393, ""test_cross_entropy"": 0.5414284467697144, ""test_balanced_accuracy"": 0.7944990992546082}"
2026-04-17T23:37:21.442835,cats,lcbench,126025,2,366,25.744857788085938,"{""OpenML_task_id"": ""189905"", ""batch_size"": 28, ""epoch"": 9, ""learning_rate"": 0.0027708985339982934, ""max_dropout"": 0.5109575254559229, ""max_units"": 92, ""momentum"": 0.7784066003278602, ""num_layers"": 4, ""weight_decay"": 0.09654619219484263}","{""time"": 25.744857788085938, ""val_accuracy"": 67.5331039428711, ""val_cross_entropy"": 0.6649144887924194, ""val_balanced_accuracy"": 0.4856805205345154, ""test_cross_entropy"": 0.7044187784194946, ""test_balanced_accuracy"": 0.4884685277938843}"
2026-04-17T23:37:21.444342,cats,lcbench,126025,2,367,53.25776290893555,"{""OpenML_task_id"": ""189909"", ""batch_size"": 260, ""epoch"": 30, ""learning_rate"": 0.0005422552375166481, ""max_dropout"": 0.08332698727662602, ""max_units"": 214, ""momentum"": 0.7143834121032264, ""num_layers"": 1, ""weight_decay"": 0.04561772721515617}","{""time"": 53.25776290893555, ""val_accuracy"": 77.7093734741211, ""val_cross_entropy"": 0.5060974359512329, ""val_balanced_accuracy"": 0.7695366740226746, ""test_cross_entropy"": 0.5824282765388489, ""test_balanced_accuracy"": 0.7690979242324829}"
2026-04-17T23:37:21.445354,cats,lcbench,126025,2,368,40.81071853637695,"{""OpenML_task_id"": ""167149"", ""batch_size"": 19, ""epoch"": 7, ""learning_rate"": 0.0004394722723328754, ""max_dropout"": 0.7366078539480463, ""max_units"": 287, ""momentum"": 0.8139506481160479, ""num_layers"": 2, ""weight_decay"": 0.05240331495673357}","{""time"": 40.81071853637695, ""val_accuracy"": 80.10489654541016, ""val_cross_entropy"": 0.4349481761455536, ""val_balanced_accuracy"": 0.810546338558197, ""test_cross_entropy"": 0.5481404066085815, ""test_balanced_accuracy"": 0.8007594347000122}"
2026-04-17T23:37:21.445354,cats,lcbench,126025,2,369,35.01948165893555,"{""OpenML_task_id"": ""167201"", ""batch_size"": 188, ""epoch"": 12, ""learning_rate"": 0.00023458475898168523, ""max_dropout"": 0.27909908957444063, ""max_units"": 143, ""momentum"": 0.18967273396771156, ""num_layers"": 1, ""weight_decay"": 0.08699293965020913}","{""time"": 35.01948165893555, ""val_accuracy"": 67.1591796875, ""val_cross_entropy"": 0.598216712474823, ""val_balanced_accuracy"": 0.6294278502464294, ""test_cross_entropy"": 0.6477402448654175, ""test_balanced_accuracy"": 0.6285712718963623}"
2026-04-17T23:37:21.446863,cats,lcbench,126025,2,370,56.5389518737793,"{""OpenML_task_id"": ""168330"", ""batch_size"": 63, ""epoch"": 24, ""learning_rate"": 0.00025666361909517163, ""max_dropout"": 0.3912339666597964, ""max_units"": 94, ""momentum"": 0.41095898509409934, ""num_layers"": 2, ""weight_decay"": 0.029865686834378652}","{""time"": 56.5389518737793, ""val_accuracy"": 77.40360260009766, ""val_cross_entropy"": 0.4804847836494446, ""val_balanced_accuracy"": 0.7851530909538269, ""test_cross_entropy"": 0.5920284986495972, ""test_balanced_accuracy"": 0.7847877144813538}"
2026-04-17T23:37:21.446863,cats,lcbench,126025,2,371,197.91177368164062,"{""OpenML_task_id"": ""126025"", ""batch_size"": 45, ""epoch"": 47, ""learning_rate"": 0.00013237752230888875, ""max_dropout"": 0.7608210453076097, ""max_units"": 455, ""momentum"": 0.942842988738183, ""num_layers"": 4, ""weight_decay"": 0.0850384532771033}","{""time"": 197.91177368164062, ""val_accuracy"": 82.7205581665039, ""val_cross_entropy"": 0.4994715452194214, ""val_balanced_accuracy"": 0.744619607925415, ""test_cross_entropy"": 0.6245236396789551, ""test_balanced_accuracy"": 0.7421396970748901}"
2026-04-17T23:37:21.448383,cats,lcbench,126025,2,372,85.4379653930664,"{""OpenML_task_id"": ""189873"", ""batch_size"": 45, ""epoch"": 37, ""learning_rate"": 0.011531587044279064, ""max_dropout"": 0.03702950259419202, ""max_units"": 81, ""momentum"": 0.9390438309608674, ""num_layers"": 5, ""weight_decay"": 0.05770863408234961}","{""time"": 85.4379653930664, ""val_accuracy"": 84.02162170410156, ""val_cross_entropy"": 0.5025676488876343, ""val_balanced_accuracy"": 0.5579560399055481, ""test_cross_entropy"": 0.6599066257476807, ""test_balanced_accuracy"": 0.5555921196937561}"
2026-04-17T23:37:21.448902,cats,lcbench,126025,2,373,118.546875,"{""OpenML_task_id"": ""168908"", ""batch_size"": 27, ""epoch"": 44, ""learning_rate"": 0.00023531548260533023, ""max_dropout"": 0.17984877554368595, ""max_units"": 221, ""momentum"": 0.18338252897115873, ""num_layers"": 5, ""weight_decay"": 0.031312109697167745}","{""time"": 118.546875, ""val_accuracy"": 84.36334228515625, ""val_cross_entropy"": 0.587942898273468, ""val_balanced_accuracy"": 0.7515928149223328, ""test_cross_entropy"": 0.6641072034835815, ""test_balanced_accuracy"": 0.7492097020149231}"
2026-04-17T23:37:21.449419,cats,lcbench,126025,2,374,305.81732177734375,"{""OpenML_task_id"": ""168868"", ""batch_size"": 18, ""epoch"": 52, ""learning_rate"": 0.0008276617817891168, ""max_dropout"": 0.041025173331309284, ""max_units"": 569, ""momentum"": 0.9803732428138521, ""num_layers"": 3, ""weight_decay"": 0.045796615087239666}","{""time"": 305.81732177734375, ""val_accuracy"": 76.46578979492188, ""val_cross_entropy"": 0.428503155708313, ""val_balanced_accuracy"": 0.7763477563858032, ""test_cross_entropy"": 0.5398992300033569, ""test_balanced_accuracy"": 0.7673586010932922}"
2026-04-17T23:37:21.449419,cats,lcbench,126025,2,375,47.338233947753906,"{""OpenML_task_id"": ""167152"", ""batch_size"": 18, ""epoch"": 25, ""learning_rate"": 0.0019076581517988268, ""max_dropout"": 0.4429837602173119, ""max_units"": 66, ""momentum"": 0.5331141236331878, ""num_layers"": 1, ""weight_decay"": 0.03608610669801813}","{""time"": 47.338233947753906, ""val_accuracy"": 80.59439086914062, ""val_cross_entropy"": 0.4449363648891449, ""val_balanced_accuracy"": 0.8051656484603882, ""test_cross_entropy"": 0.5496478080749512, ""test_balanced_accuracy"": 0.8016350865364075}"
2026-04-17T23:37:21.450936,cats,lcbench,126025,2,376,56.05228042602539,"{""OpenML_task_id"": ""146212"", ""batch_size"": 36, ""epoch"": 21, ""learning_rate"": 0.00047250968981499795, ""max_dropout"": 0.5089800259721937, ""max_units"": 67, ""momentum"": 0.912813394143121, ""num_layers"": 4, ""weight_decay"": 0.0004500231077412239}","{""time"": 56.05228042602539, ""val_accuracy"": 81.76713562011719, ""val_cross_entropy"": 0.3639756739139557, ""val_balanced_accuracy"": 0.8025591373443604, ""test_cross_entropy"": 0.5223139524459839, ""test_balanced_accuracy"": 0.7958368062973022}"
2026-04-17T23:37:21.452458,cats,lcbench,126025,2,377,42.98190689086914,"{""OpenML_task_id"": ""189906"", ""batch_size"": 242, ""epoch"": 24, ""learning_rate"": 0.00023725647873061616, ""max_dropout"": 0.2252808900787543, ""max_units"": 116, ""momentum"": 0.38509193910109185, ""num_layers"": 1, ""weight_decay"": 0.023674617992286727}","{""time"": 42.98190689086914, ""val_accuracy"": 70.76017761230469, ""val_cross_entropy"": 0.5765880346298218, ""val_balanced_accuracy"": 0.673460066318512, ""test_cross_entropy"": 0.6310133337974548, ""test_balanced_accuracy"": 0.6732956171035767}"
2026-04-17T23:37:21.452458,cats,lcbench,126025,2,378,124.95865631103516,"{""OpenML_task_id"": ""189873"", ""batch_size"": 20, ""epoch"": 31, ""learning_rate"": 0.0002292856857000618, ""max_dropout"": 0.8169823007894335, ""max_units"": 321, ""momentum"": 0.7458387556403118, ""num_layers"": 3, ""weight_decay"": 0.043432144376822926}","{""time"": 124.95865631103516, ""val_accuracy"": 79.99374389648438, ""val_cross_entropy"": 0.44106337428092957, ""val_balanced_accuracy"": 0.8024030327796936, ""test_cross_entropy"": 0.5548431277275085, ""test_balanced_accuracy"": 0.7949508428573608}"
2026-04-17T23:37:21.453966,cats,lcbench,126025,2,379,152.15919494628906,"{""OpenML_task_id"": ""146212"", ""batch_size"": 78, ""epoch"": 47, ""learning_rate"": 0.0003645312439061765, ""max_dropout"": 0.599032831105398, ""max_units"": 896, ""momentum"": 0.6476376251387956, ""num_layers"": 2, ""weight_decay"": 0.003390491084150306}","{""time"": 152.15919494628906, ""val_accuracy"": 78.62898254394531, ""val_cross_entropy"": 0.39232173562049866, ""val_balanced_accuracy"": 0.7968620657920837, ""test_cross_entropy"": 0.5332534313201904, ""test_balanced_accuracy"": 0.7912371158599854}"
2026-04-17T23:37:21.454490,cats,lcbench,126025,2,380,18.29977798461914,"{""OpenML_task_id"": ""167200"", ""batch_size"": 296, ""epoch"": 4, ""learning_rate"": 0.005626435476446713, ""max_dropout"": 0.719573965082594, ""max_units"": 70, ""momentum"": 0.13073402384358354, ""num_layers"": 3, ""weight_decay"": 0.06607873190136504}","{""time"": 18.29977798461914, ""val_accuracy"": 66.7845230102539, ""val_cross_entropy"": 0.6644890308380127, ""val_balanced_accuracy"": 0.6888391971588135, ""test_cross_entropy"": 0.6856801509857178, ""test_balanced_accuracy"": 0.689964771270752}"
2026-04-17T23:37:21.455500,cats,lcbench,126025,2,381,38.69530487060547,"{""OpenML_task_id"": ""168910"", ""batch_size"": 29, ""epoch"": 7, ""learning_rate"": 0.00012268178930583564, ""max_dropout"": 0.41881197605364173, ""max_units"": 632, ""momentum"": 0.2984182759212721, ""num_layers"": 2, ""weight_decay"": 0.022884317703243614}","{""time"": 38.69530487060547, ""val_accuracy"": 79.37850189208984, ""val_cross_entropy"": 0.44564127922058105, ""val_balanced_accuracy"": 0.7887750267982483, ""test_cross_entropy"": 0.5771737694740295, ""test_balanced_accuracy"": 0.7870061993598938}"
2026-04-17T23:37:21.455500,cats,lcbench,126025,2,382,62.00806427001953,"{""OpenML_task_id"": ""189873"", ""batch_size"": 452, ""epoch"": 15, ""learning_rate"": 0.07104733260829629, ""max_dropout"": 0.0291263685270029, ""max_units"": 406, ""momentum"": 0.6858670963968659, ""num_layers"": 5, ""weight_decay"": 0.02029572881051966}","{""time"": 62.00806427001953, ""val_accuracy"": 77.76007843017578, ""val_cross_entropy"": 0.3021281361579895, ""val_balanced_accuracy"": 0.8423318266868591, ""test_cross_entropy"": 0.479026734828949, ""test_balanced_accuracy"": 0.8299800157546997}"
2026-04-17T23:37:21.457009,cats,lcbench,126025,2,383,15.897106170654297,"{""OpenML_task_id"": ""126026"", ""batch_size"": 64, ""epoch"": 3, ""learning_rate"": 0.00021736458062936002, ""max_dropout"": 0.3398328675783885, ""max_units"": 72, ""momentum"": 0.2274671765929465, ""num_layers"": 3, ""weight_decay"": 0.05153098717355412}","{""time"": 15.897106170654297, ""val_accuracy"": 50.12836456298828, ""val_cross_entropy"": 0.638221800327301, ""val_balanced_accuracy"": 0.5241152048110962, ""test_cross_entropy"": 0.682489275932312, ""test_balanced_accuracy"": 0.5301203727722168}"
2026-04-17T23:37:21.457527,cats,lcbench,126025,2,384,34.45890426635742,"{""OpenML_task_id"": ""3945"", ""batch_size"": 165, ""epoch"": 14, ""learning_rate"": 0.009783462082315252, ""max_dropout"": 0.30453905933056524, ""max_units"": 735, ""momentum"": 0.8795374424546035, ""num_layers"": 2, ""weight_decay"": 0.08933560286466986}","{""time"": 34.45890426635742, ""val_accuracy"": 78.37025451660156, ""val_cross_entropy"": 0.46828317642211914, ""val_balanced_accuracy"": 0.8091021180152893, ""test_cross_entropy"": 0.5667123794555664, ""test_balanced_accuracy"": 0.8026938438415527}"
2026-04-17T23:37:21.458537,cats,lcbench,126025,2,385,681.2993774414062,"{""OpenML_task_id"": ""167104"", ""batch_size"": 24, ""epoch"": 40, ""learning_rate"": 0.00528655663921067, ""max_dropout"": 0.04657265056889848, ""max_units"": 1011, ""momentum"": 0.3071556567816029, ""num_layers"": 5, ""weight_decay"": 0.0008517164704293904}","{""time"": 681.2993774414062, ""val_accuracy"": 85.37667846679688, ""val_cross_entropy"": 0.2674696147441864, ""val_balanced_accuracy"": 0.8413090109825134, ""test_cross_entropy"": 0.4668572247028351, ""test_balanced_accuracy"": 0.826337456703186}"
2026-04-17T23:37:21.458537,cats,lcbench,126025,2,386,45.04014587402344,"{""OpenML_task_id"": ""167185"", ""batch_size"": 183, ""epoch"": 4, ""learning_rate"": 0.0004556872187286244, ""max_dropout"": 0.7548580593461012, ""max_units"": 658, ""momentum"": 0.5181820223323054, ""num_layers"": 4, ""weight_decay"": 0.02671976569388198}","{""time"": 45.04014587402344, ""val_accuracy"": 51.14543914794922, ""val_cross_entropy"": 0.6697482466697693, ""val_balanced_accuracy"": 0.6084274053573608, ""test_cross_entropy"": 0.6938884258270264, ""test_balanced_accuracy"": 0.6085805892944336}"
2026-04-17T23:37:21.459537,cats,lcbench,126025,2,387,73.91127014160156,"{""OpenML_task_id"": ""7593"", ""batch_size"": 23, ""epoch"": 11, ""learning_rate"": 0.04255541459320796, ""max_dropout"": 0.8009143344249587, ""max_units"": 505, ""momentum"": 0.1606829032234243, ""num_layers"": 4, ""weight_decay"": 0.018795367489600943}","{""time"": 73.91127014160156, ""val_accuracy"": 77.10272216796875, ""val_cross_entropy"": 0.43154993653297424, ""val_balanced_accuracy"": 0.8203542232513428, ""test_cross_entropy"": 0.5190931558609009, ""test_balanced_accuracy"": 0.8000312447547913}"
2026-04-17T23:37:21.460538,cats,lcbench,126025,2,388,31.52214813232422,"{""OpenML_task_id"": ""167185"", ""batch_size"": 22, ""epoch"": 23, ""learning_rate"": 0.008325346292037038, ""max_dropout"": 0.8902257710645942, ""max_units"": 1003, ""momentum"": 0.4130916518833885, ""num_layers"": 1, ""weight_decay"": 0.010857427620790715}","{""time"": 31.52214813232422, ""val_accuracy"": 77.76630401611328, ""val_cross_entropy"": 0.41637861728668213, ""val_balanced_accuracy"": 0.7922323346138, ""test_cross_entropy"": 0.5413631200790405, ""test_balanced_accuracy"": 0.7881358861923218}"
2026-04-17T23:37:21.461557,cats,lcbench,126025,2,389,106.9769515991211,"{""OpenML_task_id"": ""168331"", ""batch_size"": 232, ""epoch"": 51, ""learning_rate"": 0.03789178409124519, ""max_dropout"": 0.25822010621221403, ""max_units"": 277, ""momentum"": 0.42990333738922004, ""num_layers"": 4, ""weight_decay"": 0.057380970089125675}","{""time"": 106.9769515991211, ""val_accuracy"": 81.90511322021484, ""val_cross_entropy"": 0.4370095431804657, ""val_balanced_accuracy"": 0.8033570647239685, ""test_cross_entropy"": 0.5517029762268066, ""test_balanced_accuracy"": 0.7971858978271484}"
2026-04-17T23:37:21.462075,cats,lcbench,126025,2,390,1041.8564453125,"{""OpenML_task_id"": ""167149"", ""batch_size"": 138, ""epoch"": 46, ""learning_rate"": 0.09643835969429675, ""max_dropout"": 0.9850300811727849, ""max_units"": 860, ""momentum"": 0.8514715720037865, ""num_layers"": 4, ""weight_decay"": 0.08870373601636299}","{""time"": 1041.8564453125, ""val_accuracy"": 80.9663314819336, ""val_cross_entropy"": 0.32638540863990784, ""val_balanced_accuracy"": 0.8008144497871399, ""test_cross_entropy"": 0.5846924781799316, ""test_balanced_accuracy"": 0.7990583181381226}"
2026-04-17T23:37:21.462075,cats,lcbench,126025,2,391,199.38851928710938,"{""OpenML_task_id"": ""167161"", ""batch_size"": 138, ""epoch"": 45, ""learning_rate"": 0.0015041201385261774, ""max_dropout"": 0.47603785890737393, ""max_units"": 571, ""momentum"": 0.7157168408695788, ""num_layers"": 4, ""weight_decay"": 0.07170172629543868}","{""time"": 199.38851928710938, ""val_accuracy"": 80.95799255371094, ""val_cross_entropy"": 0.4672186076641083, ""val_balanced_accuracy"": 0.81387859582901, ""test_cross_entropy"": 0.5670933723449707, ""test_balanced_accuracy"": 0.8050904273986816}"
2026-04-17T23:37:21.463600,cats,lcbench,126025,2,392,21.501483917236328,"{""OpenML_task_id"": ""189354"", ""batch_size"": 191, ""epoch"": 5, ""learning_rate"": 0.0015218322450758865, ""max_dropout"": 0.539613062812086, ""max_units"": 68, ""momentum"": 0.2606624488726881, ""num_layers"": 2, ""weight_decay"": 0.09218496428343265}","{""time"": 21.501483917236328, ""val_accuracy"": 71.85063934326172, ""val_cross_entropy"": 0.5956025123596191, ""val_balanced_accuracy"": 0.7235832214355469, ""test_cross_entropy"": 0.6451611518859863, ""test_balanced_accuracy"": 0.7273205518722534}"
2026-04-17T23:37:21.463600,cats,lcbench,126025,2,393,2.5143725872039795,"{""OpenML_task_id"": ""3945"", ""batch_size"": 121, ""epoch"": 2, ""learning_rate"": 0.05056005994088812, ""max_dropout"": 0.9639397714916506, ""max_units"": 112, ""momentum"": 0.5273158029989808, ""num_layers"": 5, ""weight_decay"": 0.01776250768879907}","{""time"": 2.5143725872039795, ""val_accuracy"": 65.46631622314453, ""val_cross_entropy"": 0.482938677072525, ""val_balanced_accuracy"": 0.6404322385787964, ""test_cross_entropy"": 0.6638816595077515, ""test_balanced_accuracy"": 0.6288962364196777}"
2026-04-17T23:37:21.464611,cats,lcbench,126025,2,394,14.990700721740723,"{""OpenML_task_id"": ""168331"", ""batch_size"": 50, ""epoch"": 14, ""learning_rate"": 0.007369676174859544, ""max_dropout"": 0.8519144552692106, ""max_units"": 72, ""momentum"": 0.79569766346591, ""num_layers"": 3, ""weight_decay"": 0.06073091685853658}","{""time"": 14.990700721740723, ""val_accuracy"": 77.02584838867188, ""val_cross_entropy"": 0.4974307715892792, ""val_balanced_accuracy"": 0.7803888320922852, ""test_cross_entropy"": 0.579677939414978, ""test_balanced_accuracy"": 0.7726119160652161}"
2026-04-17T23:37:21.464611,cats,lcbench,126025,2,395,105.9087905883789,"{""OpenML_task_id"": ""189909"", ""batch_size"": 21, ""epoch"": 34, ""learning_rate"": 0.0002268253838742103, ""max_dropout"": 0.4948973275499724, ""max_units"": 256, ""momentum"": 0.4704693801616968, ""num_layers"": 3, ""weight_decay"": 0.08301574142241237}","{""time"": 105.9087905883789, ""val_accuracy"": 79.56888580322266, ""val_cross_entropy"": 0.5068044066429138, ""val_balanced_accuracy"": 0.7845796942710876, ""test_cross_entropy"": 0.5840325355529785, ""test_balanced_accuracy"": 0.7833147048950195}"
2026-04-17T23:37:21.466120,cats,lcbench,126025,2,396,33.935977935791016,"{""OpenML_task_id"": ""168910"", ""batch_size"": 288, ""epoch"": 13, ""learning_rate"": 0.0001960630537993229, ""max_dropout"": 0.9966183055536282, ""max_units"": 74, ""momentum"": 0.9599595210499766, ""num_layers"": 2, ""weight_decay"": 0.08874492791160203}","{""time"": 33.935977935791016, ""val_accuracy"": 78.43126678466797, ""val_cross_entropy"": 0.571191132068634, ""val_balanced_accuracy"": 0.7674654722213745, ""test_cross_entropy"": 0.6476240158081055, ""test_balanced_accuracy"": 0.7682607173919678}"
2026-04-17T23:37:21.467130,cats,lcbench,126025,2,397,31.554222106933594,"{""OpenML_task_id"": ""189354"", ""batch_size"": 259, ""epoch"": 11, ""learning_rate"": 0.0031116235857249525, ""max_dropout"": 0.22209220864202317, ""max_units"": 160, ""momentum"": 0.2836339523005751, ""num_layers"": 1, ""weight_decay"": 0.031900223874647464}","{""time"": 31.554222106933594, ""val_accuracy"": 77.30755615234375, ""val_cross_entropy"": 0.48320379853248596, ""val_balanced_accuracy"": 0.7667338848114014, ""test_cross_entropy"": 0.5801063776016235, ""test_balanced_accuracy"": 0.7651254534721375}"
2026-04-17T23:37:21.468130,cats,lcbench,126025,2,398,112.42654418945312,"{""OpenML_task_id"": ""7593"", ""batch_size"": 18, ""epoch"": 14, ""learning_rate"": 0.00023787250396952928, ""max_dropout"": 0.8412433313690689, ""max_units"": 973, ""momentum"": 0.1321862657757885, ""num_layers"": 3, ""weight_decay"": 0.09811261180485308}","{""time"": 112.42654418945312, ""val_accuracy"": 79.08773040771484, ""val_cross_entropy"": 0.4586680233478546, ""val_balanced_accuracy"": 0.7868951559066772, ""test_cross_entropy"": 0.5896202921867371, ""test_balanced_accuracy"": 0.7799275517463684}"
2026-04-17T23:37:21.469131,cats,lcbench,126025,2,399,341.2201232910156,"{""OpenML_task_id"": ""167181"", ""batch_size"": 99, ""epoch"": 39, ""learning_rate"": 0.010130616356419053, ""max_dropout"": 0.022762242453108872, ""max_units"": 753, ""momentum"": 0.48123885430104163, ""num_layers"": 4, ""weight_decay"": 0.08278020985762348}","{""time"": 341.2201232910156, ""val_accuracy"": 80.35923767089844, ""val_cross_entropy"": 0.48322948813438416, ""val_balanced_accuracy"": 0.8210241794586182, ""test_cross_entropy"": 0.572268009185791, ""test_balanced_accuracy"": 0.8118103742599487}"
2026-04-17T23:37:21.469131,cats,lcbench,126025,2,400,63.14734649658203,"{""OpenML_task_id"": ""3945"", ""batch_size"": 152, ""epoch"": 42, ""learning_rate"": 0.020304776297677816, ""max_dropout"": 0.28895023956119925, ""max_units"": 102, ""momentum"": 0.8833023380105219, ""num_layers"": 4, ""weight_decay"": 0.049175387863460505}","{""time"": 63.14734649658203, ""val_accuracy"": 78.9426040649414, ""val_cross_entropy"": 0.44042935967445374, ""val_balanced_accuracy"": 0.769822895526886, ""test_cross_entropy"": 0.5559642314910889, ""test_balanced_accuracy"": 0.7611415982246399}"
2026-04-17T23:37:21.470130,cats,lcbench,126025,2,401,17.408714294433594,"{""OpenML_task_id"": ""189862"", ""batch_size"": 284, ""epoch"": 4, ""learning_rate"": 0.04667436136800501, ""max_dropout"": 0.15879402375678509, ""max_units"": 73, ""momentum"": 0.13191497979207073, ""num_layers"": 2, ""weight_decay"": 0.07949836086933285}","{""time"": 17.408714294433594, ""val_accuracy"": 79.161376953125, ""val_cross_entropy"": 0.4403337836265564, ""val_balanced_accuracy"": 0.8013797998428345, ""test_cross_entropy"": 0.5617419481277466, ""test_balanced_accuracy"": 0.7994424700737}"
2026-04-17T23:37:21.470130,cats,lcbench,126025,2,402,22.70351791381836,"{""OpenML_task_id"": ""167200"", ""batch_size"": 122, ""epoch"": 11, ""learning_rate"": 0.011879341349944773, ""max_dropout"": 0.7555832138391475, ""max_units"": 99, ""momentum"": 0.30324605690272044, ""num_layers"": 4, ""weight_decay"": 0.08016986884534943}","{""time"": 22.70351791381836, ""val_accuracy"": 64.93356323242188, ""val_cross_entropy"": 0.6545584201812744, ""val_balanced_accuracy"": 0.5318755507469177, ""test_cross_entropy"": 0.6962631344795227, ""test_balanced_accuracy"": 0.5340937376022339}"
2026-04-17T23:37:21.471640,cats,lcbench,126025,2,403,89.40522766113281,"{""OpenML_task_id"": ""167190"", ""batch_size"": 26, ""epoch"": 27, ""learning_rate"": 0.00011466700704335988, ""max_dropout"": 0.5969769327461695, ""max_units"": 414, ""momentum"": 0.9023318586212522, ""num_layers"": 2, ""weight_decay"": 0.07298403721483528}","{""time"": 89.40522766113281, ""val_accuracy"": 79.65817260742188, ""val_cross_entropy"": 0.4323083162307739, ""val_balanced_accuracy"": 0.8073940277099609, ""test_cross_entropy"": 0.548255205154419, ""test_balanced_accuracy"": 0.7993540167808533}"
2026-04-17T23:37:21.472650,cats,lcbench,126025,2,404,54.42074966430664,"{""OpenML_task_id"": ""3945"", ""batch_size"": 55, ""epoch"": 32, ""learning_rate"": 0.0017141221207605992, ""max_dropout"": 0.5450622266379315, ""max_units"": 168, ""momentum"": 0.5110844240067358, ""num_layers"": 2, ""weight_decay"": 0.09992597109727551}","{""time"": 54.42074966430664, ""val_accuracy"": 79.13843536376953, ""val_cross_entropy"": 0.476054847240448, ""val_balanced_accuracy"": 0.791711151599884, ""test_cross_entropy"": 0.576825737953186, ""test_balanced_accuracy"": 0.7840112447738647}"
2026-04-17T23:37:21.472650,cats,lcbench,126025,2,405,49.21379470825195,"{""OpenML_task_id"": ""167190"", ""batch_size"": 54, ""epoch"": 47, ""learning_rate"": 0.0033303854542287175, ""max_dropout"": 0.12530458316310622, ""max_units"": 78, ""momentum"": 0.7707626296923952, ""num_layers"": 3, ""weight_decay"": 0.09229017528462644}","{""time"": 49.21379470825195, ""val_accuracy"": 80.61284637451172, ""val_cross_entropy"": 0.5001343488693237, ""val_balanced_accuracy"": 0.766559898853302, ""test_cross_entropy"": 0.5867491960525513, ""test_balanced_accuracy"": 0.7663055658340454}"
2026-04-17T23:37:21.474159,cats,lcbench,126025,2,406,61.06819152832031,"{""OpenML_task_id"": ""168908"", ""batch_size"": 269, ""epoch"": 36, ""learning_rate"": 0.0002059209332892036, ""max_dropout"": 0.22855577112161063, ""max_units"": 175, ""momentum"": 0.8913589964488513, ""num_layers"": 1, ""weight_decay"": 0.028581835953051447}","{""time"": 61.06819152832031, ""val_accuracy"": 78.45580291748047, ""val_cross_entropy"": 0.5057840347290039, ""val_balanced_accuracy"": 0.767755389213562, ""test_cross_entropy"": 0.5842998027801514, ""test_balanced_accuracy"": 0.768234372138977}"
2026-04-17T23:37:21.475201,cats,lcbench,126025,2,407,33.258262634277344,"{""OpenML_task_id"": ""167181"", ""batch_size"": 39, ""epoch"": 8, ""learning_rate"": 0.0019052944040022636, ""max_dropout"": 0.4371487544550188, ""max_units"": 111, ""momentum"": 0.379712994152159, ""num_layers"": 3, ""weight_decay"": 0.02093193183517073}","{""time"": 33.258262634277344, ""val_accuracy"": 79.76155853271484, ""val_cross_entropy"": 0.4762192666530609, ""val_balanced_accuracy"": 0.8013599514961243, ""test_cross_entropy"": 0.5644770860671997, ""test_balanced_accuracy"": 0.7990689873695374}"
2026-04-17T23:37:21.476211,cats,lcbench,126025,2,408,73.00347137451172,"{""OpenML_task_id"": ""189862"", ""batch_size"": 55, ""epoch"": 38, ""learning_rate"": 0.0011020181570885218, ""max_dropout"": 0.2296716908739712, ""max_units"": 266, ""momentum"": 0.7357771722856984, ""num_layers"": 2, ""weight_decay"": 0.05525002028774356}","{""time"": 73.00347137451172, ""val_accuracy"": 79.20850372314453, ""val_cross_entropy"": 0.4391356110572815, ""val_balanced_accuracy"": 0.8083293437957764, ""test_cross_entropy"": 0.5474129915237427, ""test_balanced_accuracy"": 0.799993097782135}"
2026-04-17T23:37:21.476211,cats,lcbench,126025,2,409,27.25646209716797,"{""OpenML_task_id"": ""189905"", ""batch_size"": 52, ""epoch"": 10, ""learning_rate"": 0.0038886270122031824, ""max_dropout"": 0.7694881872205325, ""max_units"": 746, ""momentum"": 0.5982321764459131, ""num_layers"": 2, ""weight_decay"": 0.04112067875871353}","{""time"": 27.25646209716797, ""val_accuracy"": 80.97807312011719, ""val_cross_entropy"": 0.40935710072517395, ""val_balanced_accuracy"": 0.8149473071098328, ""test_cross_entropy"": 0.541864812374115, ""test_balanced_accuracy"": 0.8049644827842712}"
2026-04-17T23:37:21.477723,cats,lcbench,126025,2,410,76.26234436035156,"{""OpenML_task_id"": ""167184"", ""batch_size"": 102, ""epoch"": 45, ""learning_rate"": 0.0005897778970726739, ""max_dropout"": 0.22855793827216664, ""max_units"": 536, ""momentum"": 0.47167888975226346, ""num_layers"": 1, ""weight_decay"": 0.05469944272827294}","{""time"": 76.26234436035156, ""val_accuracy"": 77.32864379882812, ""val_cross_entropy"": 0.4889521300792694, ""val_balanced_accuracy"": 0.7748018503189087, ""test_cross_entropy"": 0.5739506483078003, ""test_balanced_accuracy"": 0.7730069160461426}"
2026-04-17T23:37:21.477723,cats,lcbench,126025,2,411,85.28736114501953,"{""OpenML_task_id"": ""189905"", ""batch_size"": 57, ""epoch"": 50, ""learning_rate"": 0.014370172919919273, ""max_dropout"": 0.05654475305058726, ""max_units"": 113, ""momentum"": 0.39467512093924817, ""num_layers"": 4, ""weight_decay"": 0.012428313106918595}","{""time"": 85.28736114501953, ""val_accuracy"": 78.92679595947266, ""val_cross_entropy"": 0.38154950737953186, ""val_balanced_accuracy"": 0.8056111335754395, ""test_cross_entropy"": 0.5062061548233032, ""test_balanced_accuracy"": 0.7874476909637451}"
2026-04-17T23:37:21.478727,cats,lcbench,126025,2,412,71.67871856689453,"{""OpenML_task_id"": ""126025"", ""batch_size"": 20, ""epoch"": 36, ""learning_rate"": 0.06937295251112185, ""max_dropout"": 0.6511226625273702, ""max_units"": 910, ""momentum"": 0.39976211887679924, ""num_layers"": 2, ""weight_decay"": 0.031176168562577555}","{""time"": 71.67871856689453, ""val_accuracy"": 80.15044403076172, ""val_cross_entropy"": 0.3666391670703888, ""val_balanced_accuracy"": 0.8193721771240234, ""test_cross_entropy"": 0.5385276079177856, ""test_balanced_accuracy"": 0.8069537281990051}"
2026-04-17T23:37:21.479728,cats,lcbench,126025,2,413,747.79052734375,"{""OpenML_task_id"": ""189905"", ""batch_size"": 121, ""epoch"": 46, ""learning_rate"": 0.03132639399365303, ""max_dropout"": 0.3052752101874918, ""max_units"": 875, ""momentum"": 0.6583301137954602, ""num_layers"": 4, ""weight_decay"": 0.07040309520011732}","{""time"": 747.79052734375, ""val_accuracy"": 77.75948333740234, ""val_cross_entropy"": 0.453731507062912, ""val_balanced_accuracy"": 0.8291319012641907, ""test_cross_entropy"": 0.5603007078170776, ""test_balanced_accuracy"": 0.8165405988693237}"
2026-04-17T23:37:21.480728,cats,lcbench,126025,2,414,31.416168212890625,"{""OpenML_task_id"": ""168329"", ""batch_size"": 50, ""epoch"": 9, ""learning_rate"": 0.0014457264453584839, ""max_dropout"": 0.5824720458450562, ""max_units"": 319, ""momentum"": 0.773565749896847, ""num_layers"": 5, ""weight_decay"": 0.08988320539610135}","{""time"": 31.416168212890625, ""val_accuracy"": 82.0189208984375, ""val_cross_entropy"": 0.5995515584945679, ""val_balanced_accuracy"": 0.6182422041893005, ""test_cross_entropy"": 0.684685230255127, ""test_balanced_accuracy"": 0.6202287673950195}"
2026-04-17T23:37:21.480728,cats,lcbench,126025,2,415,23.060501098632812,"{""OpenML_task_id"": ""167104"", ""batch_size"": 149, ""epoch"": 4, ""learning_rate"": 0.007124055634421046, ""max_dropout"": 0.3277282108682007, ""max_units"": 454, ""momentum"": 0.29473495681856776, ""num_layers"": 1, ""weight_decay"": 0.0583619815828523}","{""time"": 23.060501098632812, ""val_accuracy"": 78.84358978271484, ""val_cross_entropy"": 0.46413788199424744, ""val_balanced_accuracy"": 0.775527834892273, ""test_cross_entropy"": 0.5723202228546143, ""test_balanced_accuracy"": 0.7745905518531799}"
2026-04-17T23:37:21.482240,cats,lcbench,126025,2,416,321.58319091796875,"{""OpenML_task_id"": ""7593"", ""batch_size"": 63, ""epoch"": 52, ""learning_rate"": 0.0017361323796278505, ""max_dropout"": 0.6877060587921301, ""max_units"": 617, ""momentum"": 0.12480985776647935, ""num_layers"": 4, ""weight_decay"": 0.06232364013479051}","{""time"": 321.58319091796875, ""val_accuracy"": 80.29151916503906, ""val_cross_entropy"": 0.4715673625469208, ""val_balanced_accuracy"": 0.8197989463806152, ""test_cross_entropy"": 0.5714645385742188, ""test_balanced_accuracy"": 0.808866024017334}"
2026-04-17T23:37:21.482240,cats,lcbench,126025,2,417,38.14867401123047,"{""OpenML_task_id"": ""167190"", ""batch_size"": 29, ""epoch"": 8, ""learning_rate"": 0.0001685771386267981, ""max_dropout"": 0.9746429854520163, ""max_units"": 182, ""momentum"": 0.8103946114864166, ""num_layers"": 4, ""weight_decay"": 0.04251759219302114}","{""time"": 38.14867401123047, ""val_accuracy"": 75.28675842285156, ""val_cross_entropy"": 0.5962098240852356, ""val_balanced_accuracy"": 0.5984190702438354, ""test_cross_entropy"": 0.6893386840820312, ""test_balanced_accuracy"": 0.5975340008735657}"
2026-04-17T23:37:21.483748,cats,lcbench,126025,2,418,80.54197692871094,"{""OpenML_task_id"": ""167152"", ""batch_size"": 115, ""epoch"": 29, ""learning_rate"": 0.006374532412590221, ""max_dropout"": 0.44709225284831544, ""max_units"": 279, ""momentum"": 0.2950565828163872, ""num_layers"": 3, ""weight_decay"": 0.02085362507926678}","{""time"": 80.54197692871094, ""val_accuracy"": 77.96294403076172, ""val_cross_entropy"": 0.4118921756744385, ""val_balanced_accuracy"": 0.8189519047737122, ""test_cross_entropy"": 0.5296076536178589, ""test_balanced_accuracy"": 0.8107056021690369}"
2026-04-17T23:37:21.484759,cats,lcbench,126025,2,419,94.78091430664062,"{""OpenML_task_id"": ""167161"", ""batch_size"": 46, ""epoch"": 43, ""learning_rate"": 0.014899955038084958, ""max_dropout"": 0.329537644819209, ""max_units"": 132, ""momentum"": 0.1278075077530027, ""num_layers"": 3, ""weight_decay"": 0.022702233090182492}","{""time"": 94.78091430664062, ""val_accuracy"": 78.81216430664062, ""val_cross_entropy"": 0.40545329451560974, ""val_balanced_accuracy"": 0.8173149824142456, ""test_cross_entropy"": 0.5248790979385376, ""test_balanced_accuracy"": 0.8033432960510254}"
2026-04-17T23:37:21.484759,cats,lcbench,126025,2,420,317.0288391113281,"{""OpenML_task_id"": ""189862"", ""batch_size"": 26, ""epoch"": 33, ""learning_rate"": 0.019635425681323503, ""max_dropout"": 0.4722680619155242, ""max_units"": 808, ""momentum"": 0.11522660225312194, ""num_layers"": 5, ""weight_decay"": 0.028334792991380926}","{""time"": 317.0288391113281, ""val_accuracy"": 80.12354278564453, ""val_cross_entropy"": 0.3428977429866791, ""val_balanced_accuracy"": 0.8352587819099426, ""test_cross_entropy"": 0.49176958203315735, ""test_balanced_accuracy"": 0.8148929476737976}"
2026-04-17T23:37:21.486267,cats,lcbench,126025,2,421,62.46684646606445,"{""OpenML_task_id"": ""168329"", ""batch_size"": 202, ""epoch"": 15, ""learning_rate"": 0.0002821208273925468, ""max_dropout"": 0.4658939806785509, ""max_units"": 594, ""momentum"": 0.1276276077607049, ""num_layers"": 3, ""weight_decay"": 0.0010927079492972773}","{""time"": 62.46684646606445, ""val_accuracy"": 78.62448120117188, ""val_cross_entropy"": 0.5948277115821838, ""val_balanced_accuracy"": 0.789581835269928, ""test_cross_entropy"": 0.6472919583320618, ""test_balanced_accuracy"": 0.7887223362922668}"
2026-04-17T23:37:21.486267,cats,lcbench,126025,2,422,85.72383117675781,"{""OpenML_task_id"": ""167104"", ""batch_size"": 22, ""epoch"": 49, ""learning_rate"": 0.002860450659030273, ""max_dropout"": 0.5884524283011338, ""max_units"": 69, ""momentum"": 0.4060100521788479, ""num_layers"": 1, ""weight_decay"": 0.07327658896965653}","{""time"": 85.72383117675781, ""val_accuracy"": 77.0936050415039, ""val_cross_entropy"": 0.488554447889328, ""val_balanced_accuracy"": 0.7960174679756165, ""test_cross_entropy"": 0.55983966588974, ""test_balanced_accuracy"": 0.7901784181594849}"
2026-04-17T23:37:21.487277,cats,lcbench,126025,2,423,22.704910278320312,"{""OpenML_task_id"": ""168329"", ""batch_size"": 39, ""epoch"": 8, ""learning_rate"": 0.014988804639586099, ""max_dropout"": 0.23496124919258077, ""max_units"": 904, ""momentum"": 0.39265392018611567, ""num_layers"": 1, ""weight_decay"": 0.024020285737694744}","{""time"": 22.704910278320312, ""val_accuracy"": 78.9009017944336, ""val_cross_entropy"": 0.41282418370246887, ""val_balanced_accuracy"": 0.8070799112319946, ""test_cross_entropy"": 0.5400748252868652, ""test_balanced_accuracy"": 0.8020954728126526}"
2026-04-17T23:37:21.488277,cats,lcbench,126025,2,424,32.76601791381836,"{""OpenML_task_id"": ""167184"", ""batch_size"": 157, ""epoch"": 28, ""learning_rate"": 0.046521080464508105, ""max_dropout"": 0.5588903466518081, ""max_units"": 145, ""momentum"": 0.3322670169074501, ""num_layers"": 4, ""weight_decay"": 0.026588838766870477}","{""time"": 32.76601791381836, ""val_accuracy"": 77.5673599243164, ""val_cross_entropy"": 0.37593063712120056, ""val_balanced_accuracy"": 0.8181743621826172, ""test_cross_entropy"": 0.518875241279602, ""test_balanced_accuracy"": 0.8021138310432434}"
2026-04-17T23:37:21.489277,cats,lcbench,126025,2,425,48.18328094482422,"{""OpenML_task_id"": ""167184"", ""batch_size"": 445, ""epoch"": 40, ""learning_rate"": 0.022874038199181615, ""max_dropout"": 0.491515693278613, ""max_units"": 731, ""momentum"": 0.32437714092712533, ""num_layers"": 1, ""weight_decay"": 0.039008917197524494}","{""time"": 48.18328094482422, ""val_accuracy"": 78.70670318603516, ""val_cross_entropy"": 0.4752296805381775, ""val_balanced_accuracy"": 0.7903984785079956, ""test_cross_entropy"": 0.5614019632339478, ""test_balanced_accuracy"": 0.7914559841156006}"
2026-04-17T23:37:21.489789,cats,lcbench,126025,2,426,23.862323760986328,"{""OpenML_task_id"": ""126029"", ""batch_size"": 94, ""epoch"": 14, ""learning_rate"": 0.0010092348022867777, ""max_dropout"": 0.4645069516558029, ""max_units"": 137, ""momentum"": 0.7548729838655753, ""num_layers"": 5, ""weight_decay"": 0.05427334947358751}","{""time"": 23.862323760986328, ""val_accuracy"": 80.44480895996094, ""val_cross_entropy"": 0.6074660420417786, ""val_balanced_accuracy"": 0.668804407119751, ""test_cross_entropy"": 0.6843990087509155, ""test_balanced_accuracy"": 0.6693773865699768}"
2026-04-17T23:37:21.489789,cats,lcbench,126025,2,427,45.963287353515625,"{""OpenML_task_id"": ""126026"", ""batch_size"": 74, ""epoch"": 9, ""learning_rate"": 0.010731354764050184, ""max_dropout"": 0.332538591230525, ""max_units"": 495, ""momentum"": 0.2566438267995772, ""num_layers"": 3, ""weight_decay"": 0.05581501977186852}","{""time"": 45.963287353515625, ""val_accuracy"": 77.85253143310547, ""val_cross_entropy"": 0.43287038803100586, ""val_balanced_accuracy"": 0.8136954307556152, ""test_cross_entropy"": 0.5472532510757446, ""test_balanced_accuracy"": 0.8041726350784302}"
2026-04-17T23:37:21.491297,cats,lcbench,126025,2,428,49.067378997802734,"{""OpenML_task_id"": ""189354"", ""batch_size"": 419, ""epoch"": 39, ""learning_rate"": 0.05802058110182327, ""max_dropout"": 0.9829858492462715, ""max_units"": 468, ""momentum"": 0.31118962093434405, ""num_layers"": 2, ""weight_decay"": 0.016695431085728067}","{""time"": 49.067378997802734, ""val_accuracy"": 81.89917755126953, ""val_cross_entropy"": 0.40943416953086853, ""val_balanced_accuracy"": 0.8258001804351807, ""test_cross_entropy"": 0.5430641174316406, ""test_balanced_accuracy"": 0.8243256211280823}"
2026-04-17T23:37:21.491838,cats,lcbench,126025,2,429,105.77631378173828,"{""OpenML_task_id"": ""168329"", ""batch_size"": 19, ""epoch"": 19, ""learning_rate"": 0.000348016352555926, ""max_dropout"": 0.9432209892936663, ""max_units"": 509, ""momentum"": 0.7655282955574414, ""num_layers"": 3, ""weight_decay"": 0.06331920617943991}","{""time"": 105.77631378173828, ""val_accuracy"": 78.98341369628906, ""val_cross_entropy"": 0.4595065414905548, ""val_balanced_accuracy"": 0.7766157984733582, ""test_cross_entropy"": 0.5665903091430664, ""test_balanced_accuracy"": 0.7686110138893127}"
2026-04-17T23:37:21.492848,cats,lcbench,126025,2,430,34.087974548339844,"{""OpenML_task_id"": ""126029"", ""batch_size"": 24, ""epoch"": 11, ""learning_rate"": 0.07540546799740173, ""max_dropout"": 0.3169199058708343, ""max_units"": 108, ""momentum"": 0.967326121978029, ""num_layers"": 5, ""weight_decay"": 0.04765576358000753}","{""time"": 34.087974548339844, ""val_accuracy"": 72.01953887939453, ""val_cross_entropy"": 0.49986204504966736, ""val_balanced_accuracy"": 0.6190563440322876, ""test_cross_entropy"": 0.6219218969345093, ""test_balanced_accuracy"": 0.5991979837417603}"
2026-04-17T23:37:21.492848,cats,lcbench,126025,2,431,23.502548217773438,"{""OpenML_task_id"": ""189905"", ""batch_size"": 19, ""epoch"": 3, ""learning_rate"": 0.00033901356323193206, ""max_dropout"": 0.17781206071224154, ""max_units"": 673, ""momentum"": 0.4962827290912879, ""num_layers"": 5, ""weight_decay"": 0.0936903773627037}","{""time"": 23.502548217773438, ""val_accuracy"": 70.98687744140625, ""val_cross_entropy"": 0.6021842360496521, ""val_balanced_accuracy"": 0.6389205455780029, ""test_cross_entropy"": 0.6735913753509521, ""test_balanced_accuracy"": 0.6363070607185364}"
2026-04-17T23:37:21.494357,cats,lcbench,126025,2,432,18.46432876586914,"{""OpenML_task_id"": ""168335"", ""batch_size"": 320, ""epoch"": 5, ""learning_rate"": 0.0012966623342693946, ""max_dropout"": 0.7166072425419711, ""max_units"": 91, ""momentum"": 0.48452209382834865, ""num_layers"": 5, ""weight_decay"": 0.008327712916545183}","{""time"": 18.46432876586914, ""val_accuracy"": 51.24728775024414, ""val_cross_entropy"": 0.6199060678482056, ""val_balanced_accuracy"": 0.5597136616706848, ""test_cross_entropy"": 0.6945134997367859, ""test_balanced_accuracy"": 0.5540449619293213}"
2026-04-17T23:37:21.494357,cats,lcbench,126025,2,433,39.87223815917969,"{""OpenML_task_id"": ""167190"", ""batch_size"": 123, ""epoch"": 4, ""learning_rate"": 0.0006775124313548789, ""max_dropout"": 0.922209978994917, ""max_units"": 901, ""momentum"": 0.5440669082650804, ""num_layers"": 5, ""weight_decay"": 0.08306810420108733}","{""time"": 39.87223815917969, ""val_accuracy"": 57.21444320678711, ""val_cross_entropy"": 0.6167102456092834, ""val_balanced_accuracy"": 0.6463249325752258, ""test_cross_entropy"": 0.682416558265686, ""test_balanced_accuracy"": 0.6429363489151001}"
2026-04-17T23:37:21.495368,cats,lcbench,126025,2,434,64.707763671875,"{""OpenML_task_id"": ""168910"", ""batch_size"": 22, ""epoch"": 42, ""learning_rate"": 0.013974929150059002, ""max_dropout"": 0.6158366433605887, ""max_units"": 435, ""momentum"": 0.7430090283622923, ""num_layers"": 1, ""weight_decay"": 0.003717522106935884}","{""time"": 64.707763671875, ""val_accuracy"": 77.31787872314453, ""val_cross_entropy"": 0.42910224199295044, ""val_balanced_accuracy"": 0.7961298227310181, ""test_cross_entropy"": 0.5321855545043945, ""test_balanced_accuracy"": 0.7883448600769043}"
2026-04-17T23:37:21.496876,cats,lcbench,126025,2,435,46.664703369140625,"{""OpenML_task_id"": ""167190"", ""batch_size"": 127, ""epoch"": 29, ""learning_rate"": 0.0009583365380989398, ""max_dropout"": 0.5397702912872042, ""max_units"": 599, ""momentum"": 0.8715475690913949, ""num_layers"": 1, ""weight_decay"": 0.02990275354520249}","{""time"": 46.664703369140625, ""val_accuracy"": 79.55189514160156, ""val_cross_entropy"": 0.46654656529426575, ""val_balanced_accuracy"": 0.7966022491455078, ""test_cross_entropy"": 0.555077075958252, ""test_balanced_accuracy"": 0.7942112684249878}"
2026-04-17T23:37:21.496876,cats,lcbench,126025,2,436,26.145069122314453,"{""OpenML_task_id"": ""126026"", ""batch_size"": 26, ""epoch"": 12, ""learning_rate"": 0.010986490655860926, ""max_dropout"": 0.9710753676370404, ""max_units"": 131, ""momentum"": 0.18049436386911766, ""num_layers"": 2, ""weight_decay"": 0.026372776246324958}","{""time"": 26.145069122314453, ""val_accuracy"": 79.7992935180664, ""val_cross_entropy"": 0.43868348002433777, ""val_balanced_accuracy"": 0.8065151572227478, ""test_cross_entropy"": 0.5594644546508789, ""test_balanced_accuracy"": 0.7953921556472778}"
2026-04-17T23:37:21.498384,cats,lcbench,126025,2,437,163.881103515625,"{""OpenML_task_id"": ""167161"", ""batch_size"": 21, ""epoch"": 34, ""learning_rate"": 0.010102672639713725, ""max_dropout"": 0.3447629009800659, ""max_units"": 328, ""momentum"": 0.10302633960200672, ""num_layers"": 4, ""weight_decay"": 0.013280032020593182}","{""time"": 163.881103515625, ""val_accuracy"": 78.4525146484375, ""val_cross_entropy"": 0.3714267313480377, ""val_balanced_accuracy"": 0.8245694041252136, ""test_cross_entropy"": 0.49394601583480835, ""test_balanced_accuracy"": 0.8058478236198425}"
2026-04-17T23:37:21.498966,cats,lcbench,126025,2,438,69.2049331665039,"{""OpenML_task_id"": ""167185"", ""batch_size"": 73, ""epoch"": 46, ""learning_rate"": 0.018499999575484625, ""max_dropout"": 0.5748846252178864, ""max_units"": 571, ""momentum"": 0.6942097892237864, ""num_layers"": 2, ""weight_decay"": 0.09142947567779014}","{""time"": 69.2049331665039, ""val_accuracy"": 76.99661254882812, ""val_cross_entropy"": 0.45548662543296814, ""val_balanced_accuracy"": 0.8091005682945251, ""test_cross_entropy"": 0.5731040239334106, ""test_balanced_accuracy"": 0.8015892505645752}"
2026-04-17T23:37:21.499483,cats,lcbench,126025,2,439,34.46308517456055,"{""OpenML_task_id"": ""189866"", ""batch_size"": 116, ""epoch"": 21, ""learning_rate"": 0.012897525197437554, ""max_dropout"": 0.8977420726967499, ""max_units"": 129, ""momentum"": 0.7522087649045992, ""num_layers"": 1, ""weight_decay"": 0.0349863395363453}","{""time"": 34.46308517456055, ""val_accuracy"": 78.68794250488281, ""val_cross_entropy"": 0.45285701751708984, ""val_balanced_accuracy"": 0.8079994320869446, ""test_cross_entropy"": 0.5545555353164673, ""test_balanced_accuracy"": 0.7993616461753845}"
2026-04-17T23:37:21.499483,cats,lcbench,126025,2,440,197.30377197265625,"{""OpenML_task_id"": ""189906"", ""batch_size"": 29, ""epoch"": 29, ""learning_rate"": 0.0005828458673731234, ""max_dropout"": 0.2773084809315568, ""max_units"": 855, ""momentum"": 0.4093659209277377, ""num_layers"": 3, ""weight_decay"": 0.06811114997347814}","{""time"": 197.30377197265625, ""val_accuracy"": 79.30162048339844, ""val_cross_entropy"": 0.3842952251434326, ""val_balanced_accuracy"": 0.8018247485160828, ""test_cross_entropy"": 0.5444661974906921, ""test_balanced_accuracy"": 0.7950994372367859}"
2026-04-17T23:37:21.501520,cats,lcbench,126025,2,441,17.800559997558594,"{""OpenML_task_id"": ""34539"", ""batch_size"": 16, ""epoch"": 4, ""learning_rate"": 0.00239750266751966, ""max_dropout"": 0.762345400014328, ""max_units"": 259, ""momentum"": 0.7263949363354991, ""num_layers"": 3, ""weight_decay"": 0.08138913179674806}","{""time"": 17.800559997558594, ""val_accuracy"": 81.22650146484375, ""val_cross_entropy"": 0.47915610671043396, ""val_balanced_accuracy"": 0.7901437282562256, ""test_cross_entropy"": 0.575404942035675, ""test_balanced_accuracy"": 0.7860491275787354}"
2026-04-17T23:37:21.502038,cats,lcbench,126025,2,442,49.17196273803711,"{""OpenML_task_id"": ""189865"", ""batch_size"": 180, ""epoch"": 36, ""learning_rate"": 0.006237248810306396, ""max_dropout"": 0.2651092498012678, ""max_units"": 105, ""momentum"": 0.3123955063526119, ""num_layers"": 4, ""weight_decay"": 0.09045030458971517}","{""time"": 49.17196273803711, ""val_accuracy"": 71.1144027709961, ""val_cross_entropy"": 0.6331825256347656, ""val_balanced_accuracy"": 0.5588826537132263, ""test_cross_entropy"": 0.6925655603408813, ""test_balanced_accuracy"": 0.5657208561897278}"
2026-04-17T23:37:21.503048,cats,lcbench,126025,2,443,67.4018783569336,"{""OpenML_task_id"": ""126025"", ""batch_size"": 37, ""epoch"": 46, ""learning_rate"": 0.007971619524046963, ""max_dropout"": 0.21667885620739824, ""max_units"": 372, ""momentum"": 0.23421149657234314, ""num_layers"": 2, ""weight_decay"": 0.05471274342503083}","{""time"": 67.4018783569336, ""val_accuracy"": 80.06060028076172, ""val_cross_entropy"": 0.41460809111595154, ""val_balanced_accuracy"": 0.8157077431678772, ""test_cross_entropy"": 0.546644926071167, ""test_balanced_accuracy"": 0.8062429428100586}"
2026-04-17T23:37:21.503048,cats,lcbench,126025,2,444,78.97459411621094,"{""OpenML_task_id"": ""189908"", ""batch_size"": 68, ""epoch"": 51, ""learning_rate"": 0.00621169438382429, ""max_dropout"": 0.5068276562550862, ""max_units"": 226, ""momentum"": 0.6356956355848197, ""num_layers"": 1, ""weight_decay"": 0.046646218895417195}","{""time"": 78.97459411621094, ""val_accuracy"": 76.59088897705078, ""val_cross_entropy"": 0.4697793424129486, ""val_balanced_accuracy"": 0.8014088273048401, ""test_cross_entropy"": 0.5551186203956604, ""test_balanced_accuracy"": 0.7950751781463623}"
2026-04-17T23:37:21.504561,cats,lcbench,126025,2,445,217.22657775878906,"{""OpenML_task_id"": ""167185"", ""batch_size"": 66, ""epoch"": 50, ""learning_rate"": 0.02431143406288188, ""max_dropout"": 0.4200928444198577, ""max_units"": 469, ""momentum"": 0.1391272963859405, ""num_layers"": 5, ""weight_decay"": 0.0346976255285311}","{""time"": 217.22657775878906, ""val_accuracy"": 85.36983489990234, ""val_cross_entropy"": 0.32799771428108215, ""val_balanced_accuracy"": 0.8361960649490356, ""test_cross_entropy"": 0.5014172792434692, ""test_balanced_accuracy"": 0.8264241814613342}"
2026-04-17T23:37:21.504561,cats,lcbench,126025,2,446,111.45459747314453,"{""OpenML_task_id"": ""126025"", ""batch_size"": 195, ""epoch"": 37, ""learning_rate"": 0.01565772714085047, ""max_dropout"": 0.9206698784413302, ""max_units"": 497, ""momentum"": 0.6867988259248925, ""num_layers"": 4, ""weight_decay"": 0.03556391447249663}","{""time"": 111.45459747314453, ""val_accuracy"": 80.19111633300781, ""val_cross_entropy"": 0.3333010971546173, ""val_balanced_accuracy"": 0.8249815702438354, ""test_cross_entropy"": 0.5248237252235413, ""test_balanced_accuracy"": 0.8151292204856873}"
2026-04-17T23:37:21.505566,cats,lcbench,126025,2,447,32.06599044799805,"{""OpenML_task_id"": ""146212"", ""batch_size"": 38, ""epoch"": 15, ""learning_rate"": 0.01765665867568836, ""max_dropout"": 0.6428725330766804, ""max_units"": 110, ""momentum"": 0.5287657889769075, ""num_layers"": 1, ""weight_decay"": 0.02564248882567165}","{""time"": 32.06599044799805, ""val_accuracy"": 78.43201446533203, ""val_cross_entropy"": 0.44823595881462097, ""val_balanced_accuracy"": 0.8043413758277893, ""test_cross_entropy"": 0.5482975244522095, ""test_balanced_accuracy"": 0.7951434254646301}"
2026-04-17T23:37:21.505566,cats,lcbench,126025,2,448,59.088043212890625,"{""OpenML_task_id"": ""167185"", ""batch_size"": 158, ""epoch"": 43, ""learning_rate"": 0.0026405065743515506, ""max_dropout"": 0.33020056260675046, ""max_units"": 796, ""momentum"": 0.5407074606748239, ""num_layers"": 1, ""weight_decay"": 0.035197039750336695}","{""time"": 59.088043212890625, ""val_accuracy"": 77.714111328125, ""val_cross_entropy"": 0.4629407525062561, ""val_balanced_accuracy"": 0.7904015183448792, ""test_cross_entropy"": 0.560621976852417, ""test_balanced_accuracy"": 0.787947952747345}"
2026-04-17T23:37:21.507593,cats,lcbench,126025,2,449,99.09262084960938,"{""OpenML_task_id"": ""126029"", ""batch_size"": 105, ""epoch"": 12, ""learning_rate"": 0.018864768793641275, ""max_dropout"": 0.45308544497442127, ""max_units"": 669, ""momentum"": 0.7125881846977062, ""num_layers"": 5, ""weight_decay"": 0.09415512518301723}","{""time"": 99.09262084960938, ""val_accuracy"": 74.67424011230469, ""val_cross_entropy"": 0.5890968441963196, ""val_balanced_accuracy"": 0.6518142223358154, ""test_cross_entropy"": 0.6586889624595642, ""test_balanced_accuracy"": 0.6561313271522522}"
2026-04-17T23:37:21.508604,cats,lcbench,126025,2,450,63.10411834716797,"{""OpenML_task_id"": ""167104"", ""batch_size"": 114, ""epoch"": 49, ""learning_rate"": 0.022004465159230584, ""max_dropout"": 0.22203022713201936, ""max_units"": 677, ""momentum"": 0.3074009144720634, ""num_layers"": 2, ""weight_decay"": 0.048642306545017784}","{""time"": 63.10411834716797, ""val_accuracy"": 78.92152404785156, ""val_cross_entropy"": 0.3848377764225006, ""val_balanced_accuracy"": 0.8296017050743103, ""test_cross_entropy"": 0.5413006544113159, ""test_balanced_accuracy"": 0.8217809200286865}"
2026-04-17T23:37:21.509114,cats,lcbench,126025,2,451,58.795204162597656,"{""OpenML_task_id"": ""168910"", ""batch_size"": 208, ""epoch"": 33, ""learning_rate"": 0.00047499030413468245, ""max_dropout"": 0.7546212671652902, ""max_units"": 336, ""momentum"": 0.5384282058507546, ""num_layers"": 2, ""weight_decay"": 0.05912627871973286}","{""time"": 58.795204162597656, ""val_accuracy"": 78.67473602294922, ""val_cross_entropy"": 0.43796107172966003, ""val_balanced_accuracy"": 0.8029649257659912, ""test_cross_entropy"": 0.5744191408157349, ""test_balanced_accuracy"": 0.800244927406311}"
2026-04-17T23:37:21.509114,cats,lcbench,126025,2,452,61.52000045776367,"{""OpenML_task_id"": ""189909"", ""batch_size"": 50, ""epoch"": 42, ""learning_rate"": 0.008606403938244156, ""max_dropout"": 0.7882864243208866, ""max_units"": 478, ""momentum"": 0.5133561646340165, ""num_layers"": 1, ""weight_decay"": 0.08365054155233685}","{""time"": 61.52000045776367, ""val_accuracy"": 75.93993377685547, ""val_cross_entropy"": 0.4804128408432007, ""val_balanced_accuracy"": 0.7909218072891235, ""test_cross_entropy"": 0.5674582719802856, ""test_balanced_accuracy"": 0.7808265686035156}"
2026-04-17T23:37:21.510623,cats,lcbench,126025,2,453,46.36210250854492,"{""OpenML_task_id"": ""189909"", ""batch_size"": 60, ""epoch"": 19, ""learning_rate"": 0.0002027280956902343, ""max_dropout"": 0.48614111658477543, ""max_units"": 483, ""momentum"": 0.30574584392048465, ""num_layers"": 1, ""weight_decay"": 0.007026883892523811}","{""time"": 46.36210250854492, ""val_accuracy"": 76.10175323486328, ""val_cross_entropy"": 0.4987625181674957, ""val_balanced_accuracy"": 0.7317747473716736, ""test_cross_entropy"": 0.5962384939193726, ""test_balanced_accuracy"": 0.7282755970954895}"
2026-04-17T23:37:21.511635,cats,lcbench,126025,2,454,151.1007843017578,"{""OpenML_task_id"": ""126029"", ""batch_size"": 18, ""epoch"": 40, ""learning_rate"": 0.001222078044910405, ""max_dropout"": 0.5964356257907115, ""max_units"": 208, ""momentum"": 0.8113947968570411, ""num_layers"": 4, ""weight_decay"": 0.02250148965910513}","{""time"": 151.1007843017578, ""val_accuracy"": 82.66030883789062, ""val_cross_entropy"": 0.36369308829307556, ""val_balanced_accuracy"": 0.815547525882721, ""test_cross_entropy"": 0.5110722184181213, ""test_balanced_accuracy"": 0.7969639301300049}"
2026-04-17T23:37:21.512147,cats,lcbench,126025,2,455,54.67733383178711,"{""OpenML_task_id"": ""189909"", ""batch_size"": 164, ""epoch"": 33, ""learning_rate"": 0.010715105240406217, ""max_dropout"": 0.7908726113543614, ""max_units"": 80, ""momentum"": 0.4736618862501959, ""num_layers"": 1, ""weight_decay"": 0.007517817936318803}","{""time"": 54.67733383178711, ""val_accuracy"": 78.48753356933594, ""val_cross_entropy"": 0.43843069672584534, ""val_balanced_accuracy"": 0.8069198131561279, ""test_cross_entropy"": 0.5434393286705017, ""test_balanced_accuracy"": 0.8035639524459839}"
2026-04-17T23:37:21.512147,cats,lcbench,126025,2,456,7.254178047180176,"{""OpenML_task_id"": ""189865"", ""batch_size"": 136, ""epoch"": 2, ""learning_rate"": 0.0048963704889685685, ""max_dropout"": 0.1788901858803088, ""max_units"": 223, ""momentum"": 0.8093410429291881, ""num_layers"": 3, ""weight_decay"": 0.09732709156996865}","{""time"": 7.254178047180176, ""val_accuracy"": 71.8603744506836, ""val_cross_entropy"": 0.5882111191749573, ""val_balanced_accuracy"": 0.7298539280891418, ""test_cross_entropy"": 0.6448023319244385, ""test_balanced_accuracy"": 0.730714738368988}"
2026-04-17T23:37:21.513655,cats,lcbench,126025,2,457,57.594566345214844,"{""OpenML_task_id"": ""168908"", ""batch_size"": 115, ""epoch"": 32, ""learning_rate"": 0.0007389844082690821, ""max_dropout"": 0.6605607442021139, ""max_units"": 102, ""momentum"": 0.7112395933551464, ""num_layers"": 1, ""weight_decay"": 0.08606423828315062}","{""time"": 57.594566345214844, ""val_accuracy"": 78.01872253417969, ""val_cross_entropy"": 0.4909846782684326, ""val_balanced_accuracy"": 0.788383960723877, ""test_cross_entropy"": 0.5707345008850098, ""test_balanced_accuracy"": 0.7876955270767212}"
2026-04-17T23:37:21.514666,cats,lcbench,126025,2,458,299.5059509277344,"{""OpenML_task_id"": ""189908"", ""batch_size"": 273, ""epoch"": 39, ""learning_rate"": 0.00018214404830817386, ""max_dropout"": 0.01123714020071409, ""max_units"": 621, ""momentum"": 0.6482281898516506, ""num_layers"": 4, ""weight_decay"": 0.005070669594899764}","{""time"": 299.5059509277344, ""val_accuracy"": 74.82836151123047, ""val_cross_entropy"": 0.5742862224578857, ""val_balanced_accuracy"": 0.7748018503189087, ""test_cross_entropy"": 0.659000813961029, ""test_balanced_accuracy"": 0.774036705493927}"
2026-04-17T23:37:21.514666,cats,lcbench,126025,2,459,43.12553787231445,"{""OpenML_task_id"": ""167168"", ""batch_size"": 37, ""epoch"": 17, ""learning_rate"": 0.0063096355865809115, ""max_dropout"": 0.6730420561169749, ""max_units"": 66, ""momentum"": 0.968996053319066, ""num_layers"": 4, ""weight_decay"": 0.09513754082197792}","{""time"": 43.12553787231445, ""val_accuracy"": 61.44222640991211, ""val_cross_entropy"": 0.7071555852890015, ""val_balanced_accuracy"": 0.4565793573856354, ""test_cross_entropy"": 0.7099367380142212, ""test_balanced_accuracy"": 0.458722323179245}"
2026-04-17T23:37:21.516174,cats,lcbench,126025,2,460,39.39811706542969,"{""OpenML_task_id"": ""189865"", ""batch_size"": 86, ""epoch"": 13, ""learning_rate"": 0.05213958628401686, ""max_dropout"": 0.11824441153222764, ""max_units"": 520, ""momentum"": 0.9668799626602813, ""num_layers"": 2, ""weight_decay"": 0.014669537861689154}","{""time"": 39.39811706542969, ""val_accuracy"": 82.76790618896484, ""val_cross_entropy"": 0.4835624098777771, ""val_balanced_accuracy"": 0.8190206289291382, ""test_cross_entropy"": 0.5290110111236572, ""test_balanced_accuracy"": 0.808586835861206}"
2026-04-17T23:37:21.517189,cats,lcbench,126025,2,461,110.16610717773438,"{""OpenML_task_id"": ""126026"", ""batch_size"": 66, ""epoch"": 48, ""learning_rate"": 0.0005171706511272904, ""max_dropout"": 0.612944983428206, ""max_units"": 357, ""momentum"": 0.2089118169061313, ""num_layers"": 2, ""weight_decay"": 0.0071651264857593485}","{""time"": 110.16610717773438, ""val_accuracy"": 78.5438461303711, ""val_cross_entropy"": 0.41574355959892273, ""val_balanced_accuracy"": 0.7987505197525024, ""test_cross_entropy"": 0.5388768315315247, ""test_balanced_accuracy"": 0.7919422388076782}"
2026-04-17T23:37:21.517189,cats,lcbench,126025,2,462,83.0882797241211,"{""OpenML_task_id"": ""7593"", ""batch_size"": 28, ""epoch"": 24, ""learning_rate"": 0.0002389487581290612, ""max_dropout"": 0.29404198939585, ""max_units"": 573, ""momentum"": 0.7224290842710094, ""num_layers"": 2, ""weight_decay"": 0.021590845431291864}","{""time"": 83.0882797241211, ""val_accuracy"": 81.4443130493164, ""val_cross_entropy"": 0.38534438610076904, ""val_balanced_accuracy"": 0.812890350818634, ""test_cross_entropy"": 0.5232319831848145, ""test_balanced_accuracy"": 0.8068228960037231}"
2026-04-17T23:37:21.518184,cats,lcbench,126025,2,463,464.85528564453125,"{""OpenML_task_id"": ""189862"", ""batch_size"": 28, ""epoch"": 43, ""learning_rate"": 0.0028888114091309824, ""max_dropout"": 0.8701990664150174, ""max_units"": 862, ""momentum"": 0.4434745930351217, ""num_layers"": 5, ""weight_decay"": 0.0797450519654584}","{""time"": 464.85528564453125, ""val_accuracy"": 85.57818603515625, ""val_cross_entropy"": 0.4950888752937317, ""val_balanced_accuracy"": 0.7531152963638306, ""test_cross_entropy"": 0.6306180953979492, ""test_balanced_accuracy"": 0.7515454888343811}"
2026-04-17T23:37:21.519184,cats,lcbench,126025,2,464,39.57661056518555,"{""OpenML_task_id"": ""168868"", ""batch_size"": 20, ""epoch"": 32, ""learning_rate"": 0.06343016585583267, ""max_dropout"": 0.9034111543371037, ""max_units"": 97, ""momentum"": 0.6189728986551108, ""num_layers"": 2, ""weight_decay"": 0.08158897835810866}","{""time"": 39.57661056518555, ""val_accuracy"": 76.03820037841797, ""val_cross_entropy"": 0.47144815325737, ""val_balanced_accuracy"": 0.7797133922576904, ""test_cross_entropy"": 0.5811052322387695, ""test_balanced_accuracy"": 0.7702518105506897}"
2026-04-17T23:37:21.520184,cats,lcbench,126025,2,465,170.85067749023438,"{""OpenML_task_id"": ""167200"", ""batch_size"": 55, ""epoch"": 17, ""learning_rate"": 0.0001732063963138497, ""max_dropout"": 0.4507544868759866, ""max_units"": 770, ""momentum"": 0.8470779954666828, ""num_layers"": 4, ""weight_decay"": 0.02946188101219645}","{""time"": 170.85067749023438, ""val_accuracy"": 79.59195709228516, ""val_cross_entropy"": 0.4358925521373749, ""val_balanced_accuracy"": 0.8224238157272339, ""test_cross_entropy"": 0.552314817905426, ""test_balanced_accuracy"": 0.8102511167526245}"
2026-04-17T23:37:21.520184,cats,lcbench,126025,2,466,92.71151733398438,"{""OpenML_task_id"": ""167200"", ""batch_size"": 421, ""epoch"": 51, ""learning_rate"": 0.0012033614789664047, ""max_dropout"": 0.17463154060028607, ""max_units"": 84, ""momentum"": 0.8981540464089608, ""num_layers"": 2, ""weight_decay"": 0.029029012814012073}","{""time"": 92.71151733398438, ""val_accuracy"": 78.53005981445312, ""val_cross_entropy"": 0.4321397840976715, ""val_balanced_accuracy"": 0.810886561870575, ""test_cross_entropy"": 0.5467646718025208, ""test_balanced_accuracy"": 0.8045684695243835}"
2026-04-17T23:37:21.521693,cats,lcbench,126025,2,467,30.97970199584961,"{""OpenML_task_id"": ""189354"", ""batch_size"": 106, ""epoch"": 7, ""learning_rate"": 0.000313950967710717, ""max_dropout"": 0.4363862445909247, ""max_units"": 106, ""momentum"": 0.6519915029215169, ""num_layers"": 1, ""weight_decay"": 0.08597781853005933}","{""time"": 30.97970199584961, ""val_accuracy"": 73.50923156738281, ""val_cross_entropy"": 0.5554237961769104, ""val_balanced_accuracy"": 0.7163354754447937, ""test_cross_entropy"": 0.6180588603019714, ""test_balanced_accuracy"": 0.7159215807914734}"
2026-04-17T23:37:21.522704,cats,lcbench,126025,2,468,68.8130874633789,"{""OpenML_task_id"": ""167201"", ""batch_size"": 436, ""epoch"": 41, ""learning_rate"": 0.0001107230794856381, ""max_dropout"": 0.4058690524680102, ""max_units"": 193, ""momentum"": 0.8873198992985247, ""num_layers"": 1, ""weight_decay"": 0.052792178621736914}","{""time"": 68.8130874633789, ""val_accuracy"": 73.30341339111328, ""val_cross_entropy"": 0.5743489265441895, ""val_balanced_accuracy"": 0.6979860067367554, ""test_cross_entropy"": 0.6225061416625977, ""test_balanced_accuracy"": 0.7024266719818115}"
2026-04-17T23:37:21.522704,cats,lcbench,126025,2,469,63.09575271606445,"{""OpenML_task_id"": ""167181"", ""batch_size"": 310, ""epoch"": 17, ""learning_rate"": 0.008464235419759025, ""max_dropout"": 0.7908832633561942, ""max_units"": 660, ""momentum"": 0.9275315789221733, ""num_layers"": 3, ""weight_decay"": 0.073005935162844}","{""time"": 63.09575271606445, ""val_accuracy"": 77.24520874023438, ""val_cross_entropy"": 0.4266740381717682, ""val_balanced_accuracy"": 0.8137156367301941, ""test_cross_entropy"": 0.549519956111908, ""test_balanced_accuracy"": 0.8110907077789307}"
2026-04-17T23:37:21.524213,cats,lcbench,126025,2,470,109.5511474609375,"{""OpenML_task_id"": ""167181"", ""batch_size"": 17, ""epoch"": 43, ""learning_rate"": 0.0003805416963245167, ""max_dropout"": 0.5490399835999937, ""max_units"": 222, ""momentum"": 0.4568987465210992, ""num_layers"": 5, ""weight_decay"": 0.08453923460882122}","{""time"": 109.5511474609375, ""val_accuracy"": 84.99842071533203, ""val_cross_entropy"": 0.6031522154808044, ""val_balanced_accuracy"": 0.5777144432067871, ""test_cross_entropy"": 0.6918702721595764, ""test_balanced_accuracy"": 0.5739384889602661}"
2026-04-17T23:37:21.524734,cats,lcbench,126025,2,471,102.21483612060547,"{""OpenML_task_id"": ""167161"", ""batch_size"": 96, ""epoch"": 30, ""learning_rate"": 0.0001068954215983056, ""max_dropout"": 0.9075770044007008, ""max_units"": 359, ""momentum"": 0.2839391289124428, ""num_layers"": 4, ""weight_decay"": 0.07803663854890555}","{""time"": 102.21483612060547, ""val_accuracy"": 52.542293548583984, ""val_cross_entropy"": 0.6437183618545532, ""val_balanced_accuracy"": 0.5474544167518616, ""test_cross_entropy"": 0.687768280506134, ""test_balanced_accuracy"": 0.5498937964439392}"
2026-04-17T23:37:21.525257,cats,lcbench,126025,2,472,36.387454986572266,"{""OpenML_task_id"": ""168910"", ""batch_size"": 39, ""epoch"": 21, ""learning_rate"": 0.07051611208033928, ""max_dropout"": 0.11169560509654364, ""max_units"": 461, ""momentum"": 0.7156686910216256, ""num_layers"": 1, ""weight_decay"": 0.07182734933044324}","{""time"": 36.387454986572266, ""val_accuracy"": 77.45027160644531, ""val_cross_entropy"": 0.47392773628234863, ""val_balanced_accuracy"": 0.7804409861564636, ""test_cross_entropy"": 0.5677944421768188, ""test_balanced_accuracy"": 0.7677861452102661}"
2026-04-17T23:37:21.526267,cats,lcbench,126025,2,473,61.7249870300293,"{""OpenML_task_id"": ""167161"", ""batch_size"": 22, ""epoch"": 22, ""learning_rate"": 0.0001933516060507913, ""max_dropout"": 0.3390791591713759, ""max_units"": 104, ""momentum"": 0.9790235699858023, ""num_layers"": 3, ""weight_decay"": 0.08257995038893524}","{""time"": 61.7249870300293, ""val_accuracy"": 81.31889343261719, ""val_cross_entropy"": 0.4225626587867737, ""val_balanced_accuracy"": 0.7799929976463318, ""test_cross_entropy"": 0.55135577917099, ""test_balanced_accuracy"": 0.776817262172699}"
2026-04-17T23:37:21.527267,cats,lcbench,126025,2,474,53.4669303894043,"{""OpenML_task_id"": ""167104"", ""batch_size"": 163, ""epoch"": 28, ""learning_rate"": 0.0025539069027142695, ""max_dropout"": 0.44871978799057144, ""max_units"": 95, ""momentum"": 0.9238423906699826, ""num_layers"": 1, ""weight_decay"": 0.04317685445220626}","{""time"": 53.4669303894043, ""val_accuracy"": 79.58011627197266, ""val_cross_entropy"": 0.4650586247444153, ""val_balanced_accuracy"": 0.8051426410675049, ""test_cross_entropy"": 0.5521215200424194, ""test_balanced_accuracy"": 0.8029986023902893}"
2026-04-17T23:37:21.527267,cats,lcbench,126025,2,475,44.7807731628418,"{""OpenML_task_id"": ""168330"", ""batch_size"": 66, ""epoch"": 25, ""learning_rate"": 0.04331132008264499, ""max_dropout"": 0.06817124759938886, ""max_units"": 90, ""momentum"": 0.6678199084850454, ""num_layers"": 5, ""weight_decay"": 0.0386790904741035}","{""time"": 44.7807731628418, ""val_accuracy"": 85.42000579833984, ""val_cross_entropy"": 0.4106333553791046, ""val_balanced_accuracy"": 0.729080319404602, ""test_cross_entropy"": 0.5812661647796631, ""test_balanced_accuracy"": 0.7182549238204956}"
2026-04-17T23:37:21.528267,cats,lcbench,126025,2,476,77.1338882446289,"{""OpenML_task_id"": ""126025"", ""batch_size"": 53, ""epoch"": 35, ""learning_rate"": 0.004238616216445287, ""max_dropout"": 0.5067282476424493, ""max_units"": 351, ""momentum"": 0.34328200046593327, ""num_layers"": 5, ""weight_decay"": 0.06367634205156258}","{""time"": 77.1338882446289, ""val_accuracy"": 88.0273666381836, ""val_cross_entropy"": 0.5037904977798462, ""val_balanced_accuracy"": 0.736701488494873, ""test_cross_entropy"": 0.6335067749023438, ""test_balanced_accuracy"": 0.737180769443512}"
2026-04-17T23:37:21.529267,cats,lcbench,126025,2,477,27.982982635498047,"{""OpenML_task_id"": ""189866"", ""batch_size"": 59, ""epoch"": 18, ""learning_rate"": 0.0017444275414484744, ""max_dropout"": 0.11409475022016224, ""max_units"": 87, ""momentum"": 0.7516388449938486, ""num_layers"": 4, ""weight_decay"": 0.046035805514208786}","{""time"": 27.982982635498047, ""val_accuracy"": 82.44711303710938, ""val_cross_entropy"": 0.43844300508499146, ""val_balanced_accuracy"": 0.7833954095840454, ""test_cross_entropy"": 0.5735934972763062, ""test_balanced_accuracy"": 0.7789493203163147}"
2026-04-17T23:37:21.530268,cats,lcbench,126025,2,478,30.658973693847656,"{""OpenML_task_id"": ""7593"", ""batch_size"": 52, ""epoch"": 5, ""learning_rate"": 0.00015916705544168956, ""max_dropout"": 0.2813930471242775, ""max_units"": 294, ""momentum"": 0.7711341823428609, ""num_layers"": 1, ""weight_decay"": 0.032614233199648755}","{""time"": 30.658973693847656, ""val_accuracy"": 74.8572006225586, ""val_cross_entropy"": 0.5424289107322693, ""val_balanced_accuracy"": 0.726664662361145, ""test_cross_entropy"": 0.6065118908882141, ""test_balanced_accuracy"": 0.7264664769172668}"
2026-04-17T23:37:21.530268,cats,lcbench,126025,2,479,56.87362289428711,"{""OpenML_task_id"": ""167181"", ""batch_size"": 364, ""epoch"": 28, ""learning_rate"": 0.0007649883950103447, ""max_dropout"": 0.22492800162779036, ""max_units"": 127, ""momentum"": 0.34975054398122907, ""num_layers"": 5, ""weight_decay"": 0.044995213530479375}","{""time"": 56.87362289428711, ""val_accuracy"": 50.91340255737305, ""val_cross_entropy"": 0.6159405708312988, ""val_balanced_accuracy"": 0.6003878116607666, ""test_cross_entropy"": 0.6844387054443359, ""test_balanced_accuracy"": 0.596780002117157}"
2026-04-17T23:37:21.531773,cats,lcbench,126025,2,480,13.981103897094727,"{""OpenML_task_id"": ""126025"", ""batch_size"": 52, ""epoch"": 11, ""learning_rate"": 0.002486306889199282, ""max_dropout"": 0.016044321194648492, ""max_units"": 68, ""momentum"": 0.6857377370070733, ""num_layers"": 5, ""weight_decay"": 0.019756014118773705}","{""time"": 13.981103897094727, ""val_accuracy"": 86.61404418945312, ""val_cross_entropy"": 0.403121680021286, ""val_balanced_accuracy"": 0.799078106880188, ""test_cross_entropy"": 0.5624788999557495, ""test_balanced_accuracy"": 0.7903547883033752}"
2026-04-17T23:37:21.532784,cats,lcbench,126025,2,481,131.02459716796875,"{""OpenML_task_id"": ""34539"", ""batch_size"": 277, ""epoch"": 35, ""learning_rate"": 0.005613473677963645, ""max_dropout"": 0.6235135688944989, ""max_units"": 310, ""momentum"": 0.43654208330886657, ""num_layers"": 4, ""weight_decay"": 0.004901352822137487}","{""time"": 131.02459716796875, ""val_accuracy"": 75.05692291259766, ""val_cross_entropy"": 0.42434242367744446, ""val_balanced_accuracy"": 0.8107287883758545, ""test_cross_entropy"": 0.528496265411377, ""test_balanced_accuracy"": 0.8025545477867126}"
2026-04-17T23:37:21.533784,cats,lcbench,126025,2,482,40.690792083740234,"{""OpenML_task_id"": ""168908"", ""batch_size"": 386, ""epoch"": 19, ""learning_rate"": 0.04875037684128464, ""max_dropout"": 0.6489681686503831, ""max_units"": 157, ""momentum"": 0.5103808168697782, ""num_layers"": 3, ""weight_decay"": 0.0216856463049929}","{""time"": 40.690792083740234, ""val_accuracy"": 78.80720520019531, ""val_cross_entropy"": 0.4010182023048401, ""val_balanced_accuracy"": 0.8402922749519348, ""test_cross_entropy"": 0.5287011861801147, ""test_balanced_accuracy"": 0.8332427740097046}"
2026-04-17T23:37:21.534296,cats,lcbench,126025,2,483,10.302490234375,"{""OpenML_task_id"": ""126025"", ""batch_size"": 47, ""epoch"": 3, ""learning_rate"": 0.004151959950347195, ""max_dropout"": 0.8655815216928544, ""max_units"": 253, ""momentum"": 0.46920584020009337, ""num_layers"": 5, ""weight_decay"": 0.007929839602471426}","{""time"": 10.302490234375, ""val_accuracy"": 77.69825744628906, ""val_cross_entropy"": 0.5225912928581238, ""val_balanced_accuracy"": 0.7331787943840027, ""test_cross_entropy"": 0.652660608291626, ""test_balanced_accuracy"": 0.7284103631973267}"
2026-04-17T23:37:21.535301,cats,lcbench,126025,2,484,155.04434204101562,"{""OpenML_task_id"": ""146212"", ""batch_size"": 117, ""epoch"": 45, ""learning_rate"": 0.02204753767949707, ""max_dropout"": 0.00760008701547632, ""max_units"": 483, ""momentum"": 0.49500341351519483, ""num_layers"": 5, ""weight_decay"": 0.0018953191408730547}","{""time"": 155.04434204101562, ""val_accuracy"": 84.31314849853516, ""val_cross_entropy"": 0.28670504689216614, ""val_balanced_accuracy"": 0.8368439078330994, ""test_cross_entropy"": 0.4682275056838989, ""test_balanced_accuracy"": 0.8109066486358643}"
2026-04-17T23:37:21.535301,cats,lcbench,126025,2,485,27.95370101928711,"{""OpenML_task_id"": ""167190"", ""batch_size"": 16, ""epoch"": 6, ""learning_rate"": 0.0066840679778768786, ""max_dropout"": 0.11810338044964253, ""max_units"": 546, ""momentum"": 0.12853774457644124, ""num_layers"": 1, ""weight_decay"": 0.04631735559761882}","{""time"": 27.95370101928711, ""val_accuracy"": 80.24559020996094, ""val_cross_entropy"": 0.4240608811378479, ""val_balanced_accuracy"": 0.8002128601074219, ""test_cross_entropy"": 0.5452952980995178, ""test_balanced_accuracy"": 0.7952951192855835}"
2026-04-17T23:37:21.536813,cats,lcbench,126025,2,486,174.54043579101562,"{""OpenML_task_id"": ""126026"", ""batch_size"": 363, ""epoch"": 52, ""learning_rate"": 0.002655772114500096, ""max_dropout"": 0.5406179029246934, ""max_units"": 358, ""momentum"": 0.4826638517279589, ""num_layers"": 4, ""weight_decay"": 0.04793227302035924}","{""time"": 174.54043579101562, ""val_accuracy"": 78.50430297851562, ""val_cross_entropy"": 0.5296528935432434, ""val_balanced_accuracy"": 0.8004250526428223, ""test_cross_entropy"": 0.6071391105651855, ""test_balanced_accuracy"": 0.798257052898407}"
2026-04-17T23:37:21.536813,cats,lcbench,126025,2,487,88.33009338378906,"{""OpenML_task_id"": ""126025"", ""batch_size"": 18, ""epoch"": 28, ""learning_rate"": 0.0005923159523759947, ""max_dropout"": 0.16499078998782457, ""max_units"": 142, ""momentum"": 0.5984457661112065, ""num_layers"": 4, ""weight_decay"": 0.02233108480336817}","{""time"": 88.33009338378906, ""val_accuracy"": 84.87432098388672, ""val_cross_entropy"": 0.3676431477069855, ""val_balanced_accuracy"": 0.818812906742096, ""test_cross_entropy"": 0.523438572883606, ""test_balanced_accuracy"": 0.8102000951766968}"
2026-04-17T23:37:21.537819,cats,lcbench,126025,2,488,100.64466094970703,"{""OpenML_task_id"": ""168330"", ""batch_size"": 81, ""epoch"": 25, ""learning_rate"": 0.0024170498724085947, ""max_dropout"": 0.0028794277551907888, ""max_units"": 470, ""momentum"": 0.9882918510448692, ""num_layers"": 3, ""weight_decay"": 0.07165394041052409}","{""time"": 100.64466094970703, ""val_accuracy"": 76.22406768798828, ""val_cross_entropy"": 0.45032915472984314, ""val_balanced_accuracy"": 0.7968119382858276, ""test_cross_entropy"": 0.5548975467681885, ""test_balanced_accuracy"": 0.7885764241218567}"
2026-04-17T23:37:21.537819,cats,lcbench,126025,2,489,37.34127426147461,"{""OpenML_task_id"": ""126025"", ""batch_size"": 167, ""epoch"": 9, ""learning_rate"": 0.0012529983494428514, ""max_dropout"": 0.5358962952838846, ""max_units"": 159, ""momentum"": 0.8741030151019059, ""num_layers"": 2, ""weight_decay"": 0.05802387212009646}","{""time"": 37.34127426147461, ""val_accuracy"": 77.74124145507812, ""val_cross_entropy"": 0.4645407199859619, ""val_balanced_accuracy"": 0.8062952160835266, ""test_cross_entropy"": 0.5657660365104675, ""test_balanced_accuracy"": 0.7986758351325989}"
2026-04-17T23:37:21.539327,cats,lcbench,126025,2,490,56.77740478515625,"{""OpenML_task_id"": ""168331"", ""batch_size"": 439, ""epoch"": 32, ""learning_rate"": 0.0008339548077110324, ""max_dropout"": 0.7400345349882613, ""max_units"": 518, ""momentum"": 0.40269886841681424, ""num_layers"": 1, ""weight_decay"": 0.0473685343020189}","{""time"": 56.77740478515625, ""val_accuracy"": 75.2938003540039, ""val_cross_entropy"": 0.5410334467887878, ""val_balanced_accuracy"": 0.7318403124809265, ""test_cross_entropy"": 0.6030423641204834, ""test_balanced_accuracy"": 0.7312054634094238}"
2026-04-17T23:37:21.540337,cats,lcbench,126025,2,491,76.15078735351562,"{""OpenML_task_id"": ""189908"", ""batch_size"": 441, ""epoch"": 50, ""learning_rate"": 0.0038786783509323682, ""max_dropout"": 0.013523741626071506, ""max_units"": 124, ""momentum"": 0.328188113897225, ""num_layers"": 1, ""weight_decay"": 0.05659546265810836}","{""time"": 76.15078735351562, ""val_accuracy"": 77.62966918945312, ""val_cross_entropy"": 0.5055528283119202, ""val_balanced_accuracy"": 0.7818489074707031, ""test_cross_entropy"": 0.5768559575080872, ""test_balanced_accuracy"": 0.7827486991882324}"
2026-04-17T23:37:21.541337,cats,lcbench,126025,2,492,28.358097076416016,"{""OpenML_task_id"": ""189905"", ""batch_size"": 147, ""epoch"": 16, ""learning_rate"": 0.051421717910164685, ""max_dropout"": 0.8457243463367662, ""max_units"": 187, ""momentum"": 0.1634414000456571, ""num_layers"": 3, ""weight_decay"": 0.05761700757410386}","{""time"": 28.358097076416016, ""val_accuracy"": 73.92316436767578, ""val_cross_entropy"": 0.5235602855682373, ""val_balanced_accuracy"": 0.7919679284095764, ""test_cross_entropy"": 0.5625171065330505, ""test_balanced_accuracy"": 0.7865530252456665}"
2026-04-17T23:37:21.541846,cats,lcbench,126025,2,493,120.34574127197266,"{""OpenML_task_id"": ""189909"", ""batch_size"": 85, ""epoch"": 19, ""learning_rate"": 0.0012499841777531204, ""max_dropout"": 0.043375924829547774, ""max_units"": 761, ""momentum"": 0.20934197580246064, ""num_layers"": 4, ""weight_decay"": 0.08624790412564357}","{""time"": 120.34574127197266, ""val_accuracy"": 80.54920959472656, ""val_cross_entropy"": 0.5044255256652832, ""val_balanced_accuracy"": 0.8182336688041687, ""test_cross_entropy"": 0.5948185920715332, ""test_balanced_accuracy"": 0.8114759922027588}"
2026-04-17T23:37:21.542856,cats,lcbench,126025,2,494,59.82571792602539,"{""OpenML_task_id"": ""167200"", ""batch_size"": 243, ""epoch"": 46, ""learning_rate"": 0.012000549776668472, ""max_dropout"": 0.3761243259644874, ""max_units"": 473, ""momentum"": 0.18451079457364641, ""num_layers"": 1, ""weight_decay"": 0.03231902814553893}","{""time"": 59.82571792602539, ""val_accuracy"": 78.60049438476562, ""val_cross_entropy"": 0.4639580547809601, ""val_balanced_accuracy"": 0.795700192451477, ""test_cross_entropy"": 0.5585541725158691, ""test_balanced_accuracy"": 0.7950114607810974}"
2026-04-17T23:37:21.542856,cats,lcbench,126025,2,495,69.0501480102539,"{""OpenML_task_id"": ""189862"", ""batch_size"": 28, ""epoch"": 14, ""learning_rate"": 0.015700740903691626, ""max_dropout"": 0.04750328098378598, ""max_units"": 361, ""momentum"": 0.5961715192025157, ""num_layers"": 4, ""weight_decay"": 0.012314681482729127}","{""time"": 69.0501480102539, ""val_accuracy"": 76.99954986572266, ""val_cross_entropy"": 0.4388335049152374, ""val_balanced_accuracy"": 0.8078916072845459, ""test_cross_entropy"": 0.513813853263855, ""test_balanced_accuracy"": 0.7877030372619629}"
2026-04-17T23:37:21.544365,cats,lcbench,126025,2,496,30.847225189208984,"{""OpenML_task_id"": ""168331"", ""batch_size"": 16, ""epoch"": 10, ""learning_rate"": 0.012032168694991036, ""max_dropout"": 0.30168751785679193, ""max_units"": 686, ""momentum"": 0.251092615965086, ""num_layers"": 2, ""weight_decay"": 0.08813145097598066}","{""time"": 30.847225189208984, ""val_accuracy"": 79.0213851928711, ""val_cross_entropy"": 0.4264777600765228, ""val_balanced_accuracy"": 0.8012972474098206, ""test_cross_entropy"": 0.5559255480766296, ""test_balanced_accuracy"": 0.7933195233345032}"
2026-04-17T23:37:21.545375,cats,lcbench,126025,2,497,152.04344177246094,"{""OpenML_task_id"": ""167149"", ""batch_size"": 70, ""epoch"": 32, ""learning_rate"": 0.009421478125563017, ""max_dropout"": 0.9855012509934612, ""max_units"": 876, ""momentum"": 0.24188380746301988, ""num_layers"": 3, ""weight_decay"": 0.022560911170424868}","{""time"": 152.04344177246094, ""val_accuracy"": 78.3982162475586, ""val_cross_entropy"": 0.4889644384384155, ""val_balanced_accuracy"": 0.8229573369026184, ""test_cross_entropy"": 0.5417654514312744, ""test_balanced_accuracy"": 0.8117546439170837}"
2026-04-17T23:37:21.545375,cats,lcbench,126025,2,498,96.78755950927734,"{""OpenML_task_id"": ""168910"", ""batch_size"": 158, ""epoch"": 23, ""learning_rate"": 0.012769937836617054, ""max_dropout"": 0.903119689658988, ""max_units"": 513, ""momentum"": 0.47430509392167763, ""num_layers"": 4, ""weight_decay"": 0.08197790209213099}","{""time"": 96.78755950927734, ""val_accuracy"": 76.22974395751953, ""val_cross_entropy"": 0.4933049976825714, ""val_balanced_accuracy"": 0.7228769063949585, ""test_cross_entropy"": 0.6176770925521851, ""test_balanced_accuracy"": 0.7226439714431763}"
2026-04-17T23:37:21.546375,cats,lcbench,126025,2,499,23.45095443725586,"{""OpenML_task_id"": ""126029"", ""batch_size"": 64, ""epoch"": 10, ""learning_rate"": 0.00426459609865152, ""max_dropout"": 0.5749947100324596, ""max_units"": 988, ""momentum"": 0.28318155638631304, ""num_layers"": 1, ""weight_decay"": 0.016374309119238234}","{""time"": 23.45095443725586, ""val_accuracy"": 78.94034576416016, ""val_cross_entropy"": 0.42994073033332825, ""val_balanced_accuracy"": 0.7951236963272095, ""test_cross_entropy"": 0.5539844036102295, ""test_balanced_accuracy"": 0.7911964058876038}"
2026-04-17T23:37:21.547412,cats,lcbench,126025,2,500,90.40646362304688,"{""OpenML_task_id"": ""189908"", ""batch_size"": 67, ""epoch"": 48, ""learning_rate"": 0.06756871974040243, ""max_dropout"": 0.945086526442145, ""max_units"": 67, ""momentum"": 0.8297901765328131, ""num_layers"": 5, ""weight_decay"": 0.033026312368838254}","{""time"": 90.40646362304688, ""val_accuracy"": 86.70958709716797, ""val_cross_entropy"": 0.3233006000518799, ""val_balanced_accuracy"": 0.7152827978134155, ""test_cross_entropy"": 0.6068829298019409, ""test_balanced_accuracy"": 0.6930656433105469}"
2026-04-17T23:37:21.548413,cats,lcbench,126025,2,501,47.42469024658203,"{""OpenML_task_id"": ""189908"", ""batch_size"": 16, ""epoch"": 26, ""learning_rate"": 0.008313371500427427, ""max_dropout"": 0.6180454275481838, ""max_units"": 227, ""momentum"": 0.2683878645226395, ""num_layers"": 5, ""weight_decay"": 0.053756068444404094}","{""time"": 47.42469024658203, ""val_accuracy"": 87.63636016845703, ""val_cross_entropy"": 0.45177188515663147, ""val_balanced_accuracy"": 0.6747496724128723, ""test_cross_entropy"": 0.6160467863082886, ""test_balanced_accuracy"": 0.6711275577545166}"
2026-04-17T23:37:21.548922,cats,lcbench,126025,2,502,28.17123794555664,"{""OpenML_task_id"": ""189873"", ""batch_size"": 70, ""epoch"": 28, ""learning_rate"": 0.04531082013446326, ""max_dropout"": 0.6370257104909933, ""max_units"": 111, ""momentum"": 0.19179566580223345, ""num_layers"": 5, ""weight_decay"": 0.02950252242332179}","{""time"": 28.17123794555664, ""val_accuracy"": 86.57936096191406, ""val_cross_entropy"": 0.31513741612434387, ""val_balanced_accuracy"": 0.794967532157898, ""test_cross_entropy"": 0.5322971343994141, ""test_balanced_accuracy"": 0.7864090204238892}"
2026-04-17T23:37:21.549441,cats,lcbench,126025,2,503,50.619422912597656,"{""OpenML_task_id"": ""167201"", ""batch_size"": 248, ""epoch"": 24, ""learning_rate"": 0.07122586229070273, ""max_dropout"": 0.82063715962458, ""max_units"": 244, ""momentum"": 0.4917932248337029, ""num_layers"": 3, ""weight_decay"": 0.019078593068424455}","{""time"": 50.619422912597656, ""val_accuracy"": 79.67033386230469, ""val_cross_entropy"": 0.42740875482559204, ""val_balanced_accuracy"": 0.8415272831916809, ""test_cross_entropy"": 0.5308628678321838, ""test_balanced_accuracy"": 0.8311554789543152}"
2026-04-17T23:37:21.549441,cats,lcbench,126025,2,504,52.25374221801758,"{""OpenML_task_id"": ""3945"", ""batch_size"": 119, ""epoch"": 13, ""learning_rate"": 0.037177742796135206, ""max_dropout"": 0.6048882693203247, ""max_units"": 568, ""momentum"": 0.7487669242053239, ""num_layers"": 3, ""weight_decay"": 0.04128044311664381}","{""time"": 52.25374221801758, ""val_accuracy"": 77.52446746826172, ""val_cross_entropy"": 0.498310387134552, ""val_balanced_accuracy"": 0.8141239285469055, ""test_cross_entropy"": 0.5468909740447998, ""test_balanced_accuracy"": 0.8017421364784241}"
2026-04-17T23:37:21.550963,cats,lcbench,126025,2,505,49.83712387084961,"{""OpenML_task_id"": ""168908"", ""batch_size"": 67, ""epoch"": 22, ""learning_rate"": 0.00045253060286381055, ""max_dropout"": 0.4093391444916209, ""max_units"": 103, ""momentum"": 0.7937343349869622, ""num_layers"": 4, ""weight_decay"": 0.03243760000024791}","{""time"": 49.83712387084961, ""val_accuracy"": 81.69168090820312, ""val_cross_entropy"": 0.4829366207122803, ""val_balanced_accuracy"": 0.7944445610046387, ""test_cross_entropy"": 0.6057372093200684, ""test_balanced_accuracy"": 0.7916069626808167}"
2026-04-17T23:37:21.551973,cats,lcbench,126025,2,506,113.2660140991211,"{""OpenML_task_id"": ""168910"", ""batch_size"": 272, ""epoch"": 46, ""learning_rate"": 0.05811492794123995, ""max_dropout"": 0.6176042608233585, ""max_units"": 347, ""momentum"": 0.44134649518436564, ""num_layers"": 5, ""weight_decay"": 0.039904976303017155}","{""time"": 113.2660140991211, ""val_accuracy"": 83.416748046875, ""val_cross_entropy"": 0.34245896339416504, ""val_balanced_accuracy"": 0.8098756670951843, ""test_cross_entropy"": 0.5353264808654785, ""test_balanced_accuracy"": 0.8062044978141785}"
2026-04-17T23:37:21.552485,cats,lcbench,126025,2,507,47.46234130859375,"{""OpenML_task_id"": ""167184"", ""batch_size"": 463, ""epoch"": 16, ""learning_rate"": 0.0077656435162669615, ""max_dropout"": 0.15298593538297123, ""max_units"": 214, ""momentum"": 0.7927579380487297, ""num_layers"": 2, ""weight_decay"": 0.03808917330306539}","{""time"": 47.46234130859375, ""val_accuracy"": 78.19019317626953, ""val_cross_entropy"": 0.464343398809433, ""val_balanced_accuracy"": 0.8143087029457092, ""test_cross_entropy"": 0.5361961126327515, ""test_balanced_accuracy"": 0.8051410913467407}"
2026-04-17T23:37:21.553993,cats,lcbench,126025,2,508,109.80215454101562,"{""OpenML_task_id"": ""168330"", ""batch_size"": 40, ""epoch"": 34, ""learning_rate"": 0.0023807476646135746, ""max_dropout"": 0.9879720311820591, ""max_units"": 436, ""momentum"": 0.6315614797481259, ""num_layers"": 3, ""weight_decay"": 0.06390618937548966}","{""time"": 109.80215454101562, ""val_accuracy"": 78.35456085205078, ""val_cross_entropy"": 0.4844687581062317, ""val_balanced_accuracy"": 0.7815566658973694, ""test_cross_entropy"": 0.5789450407028198, ""test_balanced_accuracy"": 0.7761374711990356}"
2026-04-17T23:37:21.553993,cats,lcbench,126025,2,509,43.676353454589844,"{""OpenML_task_id"": ""167201"", ""batch_size"": 24, ""epoch"": 17, ""learning_rate"": 0.00019056086922100956, ""max_dropout"": 0.023095106502069918, ""max_units"": 544, ""momentum"": 0.6489551215433041, ""num_layers"": 1, ""weight_decay"": 0.07384947618026114}","{""time"": 43.676353454589844, ""val_accuracy"": 79.45545196533203, ""val_cross_entropy"": 0.47246649861335754, ""val_balanced_accuracy"": 0.7762396335601807, ""test_cross_entropy"": 0.5691969990730286, ""test_balanced_accuracy"": 0.77326500415802}"
2026-04-17T23:37:21.555515,cats,lcbench,126025,2,510,94.78091430664062,"{""OpenML_task_id"": ""167161"", ""batch_size"": 84, ""epoch"": 42, ""learning_rate"": 0.01089568859342708, ""max_dropout"": 0.5765059428678762, ""max_units"": 272, ""momentum"": 0.6256083856697012, ""num_layers"": 5, ""weight_decay"": 0.03116607899464752}","{""time"": 94.78091430664062, ""val_accuracy"": 85.67389678955078, ""val_cross_entropy"": 0.3288053870201111, ""val_balanced_accuracy"": 0.8083940744400024, ""test_cross_entropy"": 0.5195230841636658, ""test_balanced_accuracy"": 0.8016763925552368}"
2026-04-17T23:37:21.555515,cats,lcbench,126025,2,511,67.85787200927734,"{""OpenML_task_id"": ""34539"", ""batch_size"": 124, ""epoch"": 46, ""learning_rate"": 0.026927533197862917, ""max_dropout"": 0.7974457119488362, ""max_units"": 222, ""momentum"": 0.4448728531175614, ""num_layers"": 4, ""weight_decay"": 0.022382008484576298}","{""time"": 67.85787200927734, ""val_accuracy"": 77.44731903076172, ""val_cross_entropy"": 0.3633396029472351, ""val_balanced_accuracy"": 0.8261294364929199, ""test_cross_entropy"": 0.5139282941818237, ""test_balanced_accuracy"": 0.8079239726066589}"
2026-04-17T23:37:21.557034,cats,lcbench,126025,2,512,74.40351867675781,"{""OpenML_task_id"": ""167185"", ""batch_size"": 75, ""epoch"": 45, ""learning_rate"": 0.09589912288480455, ""max_dropout"": 0.09123308266266372, ""max_units"": 140, ""momentum"": 0.8364773428943553, ""num_layers"": 5, ""weight_decay"": 0.005972920679565257}","{""time"": 74.40351867675781, ""val_accuracy"": 89.91262817382812, ""val_cross_entropy"": 0.31818628311157227, ""val_balanced_accuracy"": 0.8593353033065796, ""test_cross_entropy"": 0.4813027083873749, ""test_balanced_accuracy"": 0.8231064677238464}"
2026-04-17T23:37:21.557553,cats,lcbench,126025,2,513,32.86362838745117,"{""OpenML_task_id"": ""7593"", ""batch_size"": 66, ""epoch"": 16, ""learning_rate"": 0.01035411812031496, ""max_dropout"": 0.5101183712557991, ""max_units"": 882, ""momentum"": 0.8657164914085035, ""num_layers"": 2, ""weight_decay"": 0.07911049034817824}","{""time"": 32.86362838745117, ""val_accuracy"": 79.90530395507812, ""val_cross_entropy"": 0.439715176820755, ""val_balanced_accuracy"": 0.8161637783050537, ""test_cross_entropy"": 0.5662143230438232, ""test_balanced_accuracy"": 0.8080256581306458}"
2026-04-17T23:37:21.558564,cats,lcbench,126025,2,514,54.63270950317383,"{""OpenML_task_id"": ""189908"", ""batch_size"": 27, ""epoch"": 15, ""learning_rate"": 0.0008615428647610257, ""max_dropout"": 0.1596697518951874, ""max_units"": 755, ""momentum"": 0.9354973155660473, ""num_layers"": 2, ""weight_decay"": 0.06773816981691806}","{""time"": 54.63270950317383, ""val_accuracy"": 78.99517059326172, ""val_cross_entropy"": 0.4201406240463257, ""val_balanced_accuracy"": 0.8044426441192627, ""test_cross_entropy"": 0.5430119037628174, ""test_balanced_accuracy"": 0.7957320809364319}"
2026-04-17T23:37:21.558564,cats,lcbench,126025,2,515,16.387958526611328,"{""OpenML_task_id"": ""167190"", ""batch_size"": 93, ""epoch"": 6, ""learning_rate"": 0.0025826621474193986, ""max_dropout"": 0.18080388845602968, ""max_units"": 87, ""momentum"": 0.7194853683226377, ""num_layers"": 3, ""weight_decay"": 0.061655796008167486}","{""time"": 16.387958526611328, ""val_accuracy"": 78.83967590332031, ""val_cross_entropy"": 0.491672158241272, ""val_balanced_accuracy"": 0.7942612171173096, ""test_cross_entropy"": 0.587315559387207, ""test_balanced_accuracy"": 0.790841817855835}"
2026-04-17T23:37:21.559563,cats,lcbench,126025,2,516,92.36848449707031,"{""OpenML_task_id"": ""189873"", ""batch_size"": 118, ""epoch"": 22, ""learning_rate"": 0.00011366119526677078, ""max_dropout"": 0.6909614824933865, ""max_units"": 396, ""momentum"": 0.5184414108531163, ""num_layers"": 4, ""weight_decay"": 0.07114361315926568}","{""time"": 92.36848449707031, ""val_accuracy"": 59.07590103149414, ""val_cross_entropy"": 0.6557391285896301, ""val_balanced_accuracy"": 0.6334661841392517, ""test_cross_entropy"": 0.6880297064781189, ""test_balanced_accuracy"": 0.6356483697891235}"
2026-04-17T23:37:21.560564,cats,lcbench,126025,2,517,42.189849853515625,"{""OpenML_task_id"": ""189354"", ""batch_size"": 78, ""epoch"": 21, ""learning_rate"": 0.003204718409875276, ""max_dropout"": 0.10917303521705235, ""max_units"": 376, ""momentum"": 0.4992222225468437, ""num_layers"": 2, ""weight_decay"": 0.07400180850679056}","{""time"": 42.189849853515625, ""val_accuracy"": 78.06858825683594, ""val_cross_entropy"": 0.4617425799369812, ""val_balanced_accuracy"": 0.8047096729278564, ""test_cross_entropy"": 0.5559060573577881, ""test_balanced_accuracy"": 0.7942718267440796}"
2026-04-17T23:37:21.560564,cats,lcbench,126025,2,518,79.2088623046875,"{""OpenML_task_id"": ""189866"", ""batch_size"": 113, ""epoch"": 51, ""learning_rate"": 0.01767395436493828, ""max_dropout"": 0.1746500288892897, ""max_units"": 90, ""momentum"": 0.7734664852201855, ""num_layers"": 1, ""weight_decay"": 0.0006789159776196407}","{""time"": 79.2088623046875, ""val_accuracy"": 79.11519622802734, ""val_cross_entropy"": 0.3856300711631775, ""val_balanced_accuracy"": 0.8093814849853516, ""test_cross_entropy"": 0.5191247463226318, ""test_balanced_accuracy"": 0.8060153722763062}"
2026-04-17T23:37:21.561857,cats,lcbench,126025,2,519,119.76425170898438,"{""OpenML_task_id"": ""168335"", ""batch_size"": 75, ""epoch"": 51, ""learning_rate"": 0.029808075966998138, ""max_dropout"": 0.8809948649886701, ""max_units"": 589, ""momentum"": 0.24780255258788353, ""num_layers"": 3, ""weight_decay"": 0.005813273215733036}","{""time"": 119.76425170898438, ""val_accuracy"": 85.15484619140625, ""val_cross_entropy"": 0.35484039783477783, ""val_balanced_accuracy"": 0.8563492298126221, ""test_cross_entropy"": 0.5123645067214966, ""test_balanced_accuracy"": 0.8479204177856445}"
2026-04-17T23:37:21.562868,cats,lcbench,126025,2,520,193.79669189453125,"{""OpenML_task_id"": ""168910"", ""batch_size"": 177, ""epoch"": 29, ""learning_rate"": 0.032378414893322986, ""max_dropout"": 0.06387575590635641, ""max_units"": 593, ""momentum"": 0.5937687894465928, ""num_layers"": 5, ""weight_decay"": 0.04412964070779229}","{""time"": 193.79669189453125, ""val_accuracy"": 82.57270050048828, ""val_cross_entropy"": 0.381807416677475, ""val_balanced_accuracy"": 0.8265423774719238, ""test_cross_entropy"": 0.5274588465690613, ""test_balanced_accuracy"": 0.8222481608390808}"
2026-04-17T23:37:21.563865,cats,lcbench,126025,2,521,105.16553497314453,"{""OpenML_task_id"": ""167149"", ""batch_size"": 21, ""epoch"": 49, ""learning_rate"": 0.07055129924040983, ""max_dropout"": 0.905042636992551, ""max_units"": 636, ""momentum"": 0.3197927193453646, ""num_layers"": 3, ""weight_decay"": 0.009536863373539362}","{""time"": 105.16553497314453, ""val_accuracy"": 87.84320831298828, ""val_cross_entropy"": 0.3174556791782379, ""val_balanced_accuracy"": 0.8773880004882812, ""test_cross_entropy"": 0.5112953186035156, ""test_balanced_accuracy"": 0.8627941012382507}"
2026-04-17T23:37:21.564385,cats,lcbench,126025,2,522,26.98733139038086,"{""OpenML_task_id"": ""126026"", ""batch_size"": 45, ""epoch"": 19, ""learning_rate"": 0.01432016506609102, ""max_dropout"": 0.8634048056528377, ""max_units"": 89, ""momentum"": 0.971593995300669, ""num_layers"": 5, ""weight_decay"": 0.002948395076515488}","{""time"": 26.98733139038086, ""val_accuracy"": 88.6142807006836, ""val_cross_entropy"": 0.22424301505088806, ""val_balanced_accuracy"": 0.8511757850646973, ""test_cross_entropy"": 0.4591628909111023, ""test_balanced_accuracy"": 0.8200804591178894}"
2026-04-17T23:37:21.565383,cats,lcbench,126025,2,523,99.1916275024414,"{""OpenML_task_id"": ""167184"", ""batch_size"": 62, ""epoch"": 26, ""learning_rate"": 0.0001682103924220899, ""max_dropout"": 0.7596907154050149, ""max_units"": 404, ""momentum"": 0.33106199741528153, ""num_layers"": 3, ""weight_decay"": 0.009534812687960015}","{""time"": 99.1916275024414, ""val_accuracy"": 78.42603302001953, ""val_cross_entropy"": 0.57110995054245, ""val_balanced_accuracy"": 0.7908056378364563, ""test_cross_entropy"": 0.630306601524353, ""test_balanced_accuracy"": 0.7887704968452454}"
2026-04-17T23:37:21.566397,cats,lcbench,126025,2,524,55.140296936035156,"{""OpenML_task_id"": ""167152"", ""batch_size"": 85, ""epoch"": 35, ""learning_rate"": 0.0003435721901747046, ""max_dropout"": 0.911136135065398, ""max_units"": 228, ""momentum"": 0.4537007227028259, ""num_layers"": 1, ""weight_decay"": 0.017670808413153407}","{""time"": 55.140296936035156, ""val_accuracy"": 77.5794906616211, ""val_cross_entropy"": 0.47591716051101685, ""val_balanced_accuracy"": 0.7720344662666321, ""test_cross_entropy"": 0.5780367851257324, ""test_balanced_accuracy"": 0.7666622400283813}"
2026-04-17T23:37:21.566903,cats,lcbench,126025,2,525,114.77901458740234,"{""OpenML_task_id"": ""167190"", ""batch_size"": 24, ""epoch"": 51, ""learning_rate"": 0.00014470418480405292, ""max_dropout"": 0.024821576848297444, ""max_units"": 134, ""momentum"": 0.6129745335946655, ""num_layers"": 2, ""weight_decay"": 0.05275293924829362}","{""time"": 114.77901458740234, ""val_accuracy"": 79.74573516845703, ""val_cross_entropy"": 0.4406143128871918, ""val_balanced_accuracy"": 0.7970596551895142, ""test_cross_entropy"": 0.5561793446540833, ""test_balanced_accuracy"": 0.7918697595596313}"
2026-04-17T23:37:21.567919,cats,lcbench,126025,2,526,122.75260162353516,"{""OpenML_task_id"": ""167200"", ""batch_size"": 27, ""epoch"": 19, ""learning_rate"": 0.00694155271158555, ""max_dropout"": 0.004874571893006885, ""max_units"": 677, ""momentum"": 0.8711287847283427, ""num_layers"": 3, ""weight_decay"": 0.014997514445232549}","{""time"": 122.75260162353516, ""val_accuracy"": 81.25098419189453, ""val_cross_entropy"": 0.4223376214504242, ""val_balanced_accuracy"": 0.8296175599098206, ""test_cross_entropy"": 0.5134209394454956, ""test_balanced_accuracy"": 0.8181166648864746}"
2026-04-17T23:37:21.568918,cats,lcbench,126025,2,527,137.50469970703125,"{""OpenML_task_id"": ""167184"", ""batch_size"": 66, ""epoch"": 44, ""learning_rate"": 0.009853940832501254, ""max_dropout"": 0.6489086706896434, ""max_units"": 444, ""momentum"": 0.26351239750066086, ""num_layers"": 3, ""weight_decay"": 0.014842248117129309}","{""time"": 137.50469970703125, ""val_accuracy"": 79.25716400146484, ""val_cross_entropy"": 0.4182940423488617, ""val_balanced_accuracy"": 0.8233529925346375, ""test_cross_entropy"": 0.5245409607887268, ""test_balanced_accuracy"": 0.8083632588386536}"
2026-04-17T23:37:21.568918,cats,lcbench,126025,2,528,25.821552276611328,"{""OpenML_task_id"": ""167168"", ""batch_size"": 65, ""epoch"": 6, ""learning_rate"": 0.0007127134338569102, ""max_dropout"": 0.2743109280127196, ""max_units"": 309, ""momentum"": 0.6823460160698642, ""num_layers"": 1, ""weight_decay"": 0.02395781170289485}","{""time"": 25.821552276611328, ""val_accuracy"": 78.24897003173828, ""val_cross_entropy"": 0.4799216687679291, ""val_balanced_accuracy"": 0.7677465677261353, ""test_cross_entropy"": 0.5753939151763916, ""test_balanced_accuracy"": 0.7654626369476318}"
2026-04-17T23:37:21.569909,cats,lcbench,126025,2,529,50.24430847167969,"{""OpenML_task_id"": ""167181"", ""batch_size"": 26, ""epoch"": 30, ""learning_rate"": 0.0001326430513064857, ""max_dropout"": 0.3357252799209437, ""max_units"": 135, ""momentum"": 0.14470320352228006, ""num_layers"": 5, ""weight_decay"": 0.07112584523004198}","{""time"": 50.24430847167969, ""val_accuracy"": 69.33770751953125, ""val_cross_entropy"": 0.6096054911613464, ""val_balanced_accuracy"": 0.5664972066879272, ""test_cross_entropy"": 0.6799019575119019, ""test_balanced_accuracy"": 0.5579273104667664}"
2026-04-17T23:37:21.570909,cats,lcbench,126025,2,530,113.96324920654297,"{""OpenML_task_id"": ""168331"", ""batch_size"": 134, ""epoch"": 20, ""learning_rate"": 0.0001939819754063293, ""max_dropout"": 0.9892527912002732, ""max_units"": 523, ""momentum"": 0.18022577770788806, ""num_layers"": 5, ""weight_decay"": 0.07830899219145243}","{""time"": 113.96324920654297, ""val_accuracy"": 46.46003723144531, ""val_cross_entropy"": 0.5898511409759521, ""val_balanced_accuracy"": 0.6062126159667969, ""test_cross_entropy"": 0.6658614277839661, ""test_balanced_accuracy"": 0.6001713871955872}"
2026-04-17T23:37:21.571928,cats,lcbench,126025,2,531,39.78020477294922,"{""OpenML_task_id"": ""189906"", ""batch_size"": 28, ""epoch"": 21, ""learning_rate"": 0.0023315784477511694, ""max_dropout"": 0.6440516685930583, ""max_units"": 73, ""momentum"": 0.936982613177584, ""num_layers"": 5, ""weight_decay"": 0.046080328140066976}","{""time"": 39.78020477294922, ""val_accuracy"": 84.60924530029297, ""val_cross_entropy"": 0.4720821976661682, ""val_balanced_accuracy"": 0.566132128238678, ""test_cross_entropy"": 0.6391746401786804, ""test_balanced_accuracy"": 0.5604764819145203}"
2026-04-17T23:37:21.571928,cats,lcbench,126025,2,532,71.9325180053711,"{""OpenML_task_id"": ""189862"", ""batch_size"": 59, ""epoch"": 28, ""learning_rate"": 0.0022769241947576996, ""max_dropout"": 0.3674001221165709, ""max_units"": 165, ""momentum"": 0.733195977935213, ""num_layers"": 3, ""weight_decay"": 0.020413233598113433}","{""time"": 71.9325180053711, ""val_accuracy"": 78.88480377197266, ""val_cross_entropy"": 0.40011805295944214, ""val_balanced_accuracy"": 0.8228302001953125, ""test_cross_entropy"": 0.5243630409240723, ""test_balanced_accuracy"": 0.8124858140945435}"
2026-04-17T23:37:21.572938,cats,lcbench,126025,2,533,65.491455078125,"{""OpenML_task_id"": ""167190"", ""batch_size"": 61, ""epoch"": 46, ""learning_rate"": 0.004591356579216298, ""max_dropout"": 0.3612152688624146, ""max_units"": 440, ""momentum"": 0.19254270250756683, ""num_layers"": 1, ""weight_decay"": 0.02123343628113209}","{""time"": 65.491455078125, ""val_accuracy"": 78.35276794433594, ""val_cross_entropy"": 0.4515077769756317, ""val_balanced_accuracy"": 0.805056631565094, ""test_cross_entropy"": 0.5502358078956604, ""test_balanced_accuracy"": 0.7988921999931335}"
2026-04-17T23:37:21.573936,cats,lcbench,126025,2,534,187.4950714111328,"{""OpenML_task_id"": ""189866"", ""batch_size"": 204, ""epoch"": 33, ""learning_rate"": 0.0740697343708329, ""max_dropout"": 0.32813489125656214, ""max_units"": 1001, ""momentum"": 0.8696926806389479, ""num_layers"": 3, ""weight_decay"": 0.06607874434090227}","{""time"": 187.4950714111328, ""val_accuracy"": 77.78841400146484, ""val_cross_entropy"": 0.45052745938301086, ""val_balanced_accuracy"": 0.8117577433586121, ""test_cross_entropy"": 0.5680026412010193, ""test_balanced_accuracy"": 0.8069106340408325}"
2026-04-17T23:37:21.574965,cats,lcbench,126025,2,535,76.64303588867188,"{""OpenML_task_id"": ""167149"", ""batch_size"": 196, ""epoch"": 43, ""learning_rate"": 0.0007551820410047245, ""max_dropout"": 0.7611511016498841, ""max_units"": 107, ""momentum"": 0.3429780787758819, ""num_layers"": 5, ""weight_decay"": 0.05160293054078117}","{""time"": 76.64303588867188, ""val_accuracy"": 65.00022888183594, ""val_cross_entropy"": 0.592415988445282, ""val_balanced_accuracy"": 0.591363787651062, ""test_cross_entropy"": 0.6817772388458252, ""test_balanced_accuracy"": 0.5852628946304321}"
2026-04-17T23:37:21.574965,cats,lcbench,126025,2,536,133.44679260253906,"{""OpenML_task_id"": ""167152"", ""batch_size"": 81, ""epoch"": 25, ""learning_rate"": 0.010153486814333649, ""max_dropout"": 0.3022641623376814, ""max_units"": 585, ""momentum"": 0.20120850917539962, ""num_layers"": 4, ""weight_decay"": 0.001019396298325268}","{""time"": 133.44679260253906, ""val_accuracy"": 79.49576568603516, ""val_cross_entropy"": 0.38510599732398987, ""val_balanced_accuracy"": 0.8264714479446411, ""test_cross_entropy"": 0.4912652373313904, ""test_balanced_accuracy"": 0.8202369213104248}"
2026-04-17T23:37:21.575975,cats,lcbench,126025,2,537,71.35939025878906,"{""OpenML_task_id"": ""167201"", ""batch_size"": 35, ""epoch"": 48, ""learning_rate"": 0.0022889875572885032, ""max_dropout"": 0.2788736911628693, ""max_units"": 790, ""momentum"": 0.5569226402697014, ""num_layers"": 1, ""weight_decay"": 0.06398972553417241}","{""time"": 71.35939025878906, ""val_accuracy"": 77.0208511352539, ""val_cross_entropy"": 0.4650000333786011, ""val_balanced_accuracy"": 0.7995034456253052, ""test_cross_entropy"": 0.5625931620597839, ""test_balanced_accuracy"": 0.7928097248077393}"
2026-04-17T23:37:21.576973,cats,lcbench,126025,2,538,63.1375846862793,"{""OpenML_task_id"": ""189862"", ""batch_size"": 17, ""epoch"": 39, ""learning_rate"": 0.003517282979779684, ""max_dropout"": 0.8473842920015965, ""max_units"": 113, ""momentum"": 0.742418720258135, ""num_layers"": 1, ""weight_decay"": 0.08552550442245792}","{""time"": 63.1375846862793, ""val_accuracy"": 77.10757446289062, ""val_cross_entropy"": 0.4993472099304199, ""val_balanced_accuracy"": 0.7909941673278809, ""test_cross_entropy"": 0.5642945170402527, ""test_balanced_accuracy"": 0.7814151048660278}"
2026-04-17T23:37:21.577976,cats,lcbench,126025,2,539,28.515670776367188,"{""OpenML_task_id"": ""189909"", ""batch_size"": 92, ""epoch"": 17, ""learning_rate"": 0.05213622597369723, ""max_dropout"": 0.04360334811910893, ""max_units"": 68, ""momentum"": 0.9893392563952199, ""num_layers"": 3, ""weight_decay"": 0.01683363817099428}","{""time"": 28.515670776367188, ""val_accuracy"": 81.07543182373047, ""val_cross_entropy"": 0.4811999797821045, ""val_balanced_accuracy"": 0.825833261013031, ""test_cross_entropy"": 0.5355156660079956, ""test_balanced_accuracy"": 0.8047741651535034}"
2026-04-17T23:37:21.578975,cats,lcbench,126025,2,540,48.888885498046875,"{""OpenML_task_id"": ""146212"", ""batch_size"": 273, ""epoch"": 27, ""learning_rate"": 0.00422642386807358, ""max_dropout"": 0.4350336092393644, ""max_units"": 121, ""momentum"": 0.43475179692961874, ""num_layers"": 2, ""weight_decay"": 0.018874342262620147}","{""time"": 48.888885498046875, ""val_accuracy"": 77.31241607666016, ""val_cross_entropy"": 0.4311574101448059, ""val_balanced_accuracy"": 0.7963971495628357, ""test_cross_entropy"": 0.5518912076950073, ""test_balanced_accuracy"": 0.7915993928909302}"
2026-04-17T23:37:21.579975,cats,lcbench,126025,2,541,83.77296447753906,"{""OpenML_task_id"": ""167152"", ""batch_size"": 29, ""epoch"": 41, ""learning_rate"": 0.0002582622021600192, ""max_dropout"": 0.9335629715280699, ""max_units"": 149, ""momentum"": 0.5508129663781612, ""num_layers"": 2, ""weight_decay"": 0.02137642650560687}","{""time"": 83.77296447753906, ""val_accuracy"": 77.81793975830078, ""val_cross_entropy"": 0.46458593010902405, ""val_balanced_accuracy"": 0.7962771058082581, ""test_cross_entropy"": 0.5788043737411499, ""test_balanced_accuracy"": 0.7894342541694641}"
2026-04-17T23:37:21.579975,cats,lcbench,126025,2,542,72.58930969238281,"{""OpenML_task_id"": ""167190"", ""batch_size"": 62, ""epoch"": 30, ""learning_rate"": 0.017084550590585623, ""max_dropout"": 0.6826082796215972, ""max_units"": 124, ""momentum"": 0.6400027254218186, ""num_layers"": 4, ""weight_decay"": 0.09896790581215278}","{""time"": 72.58930969238281, ""val_accuracy"": 63.31877517700195, ""val_cross_entropy"": 0.6982104182243347, ""val_balanced_accuracy"": 0.4809477925300598, ""test_cross_entropy"": 0.7075623869895935, ""test_balanced_accuracy"": 0.48445558547973633}"
2026-04-17T23:37:21.580974,cats,lcbench,126025,2,543,43.819984436035156,"{""OpenML_task_id"": ""167200"", ""batch_size"": 43, ""epoch"": 22, ""learning_rate"": 0.009037916875945741, ""max_dropout"": 0.18664347403330794, ""max_units"": 249, ""momentum"": 0.8084231540345325, ""num_layers"": 1, ""weight_decay"": 0.07840958212760936}","{""time"": 43.819984436035156, ""val_accuracy"": 77.14022827148438, ""val_cross_entropy"": 0.48746004700660706, ""val_balanced_accuracy"": 0.7913745045661926, ""test_cross_entropy"": 0.5663089156150818, ""test_balanced_accuracy"": 0.7828218340873718}"
2026-04-17T23:37:21.581975,cats,lcbench,126025,2,544,40.97805404663086,"{""OpenML_task_id"": ""189862"", ""batch_size"": 111, ""epoch"": 46, ""learning_rate"": 0.02885684467772981, ""max_dropout"": 0.21833108887159858, ""max_units"": 79, ""momentum"": 0.34565747190420215, ""num_layers"": 5, ""weight_decay"": 0.006097107651238763}","{""time"": 40.97805404663086, ""val_accuracy"": 82.24764251708984, ""val_cross_entropy"": 0.2842799425125122, ""val_balanced_accuracy"": 0.8039870858192444, ""test_cross_entropy"": 0.4723872244358063, ""test_balanced_accuracy"": 0.7791544198989868}"
2026-04-17T23:37:21.582480,cats,lcbench,126025,2,545,31.27393341064453,"{""OpenML_task_id"": ""167184"", ""batch_size"": 66, ""epoch"": 11, ""learning_rate"": 0.001118698732821634, ""max_dropout"": 0.7748241029161347, ""max_units"": 107, ""momentum"": 0.20388017832181174, ""num_layers"": 2, ""weight_decay"": 0.024382808274884628}","{""time"": 31.27393341064453, ""val_accuracy"": 78.290771484375, ""val_cross_entropy"": 0.4556448757648468, ""val_balanced_accuracy"": 0.7957426905632019, ""test_cross_entropy"": 0.5805047154426575, ""test_balanced_accuracy"": 0.7898634672164917}"
2026-04-17T23:37:21.582480,cats,lcbench,126025,2,546,134.69065856933594,"{""OpenML_task_id"": ""189905"", ""batch_size"": 346, ""epoch"": 51, ""learning_rate"": 0.0022595757709811624, ""max_dropout"": 0.9950579445300812, ""max_units"": 293, ""momentum"": 0.6265475616723305, ""num_layers"": 4, ""weight_decay"": 0.05896524121879956}","{""time"": 134.69065856933594, ""val_accuracy"": 73.53418731689453, ""val_cross_entropy"": 0.6170802116394043, ""val_balanced_accuracy"": 0.6612244248390198, ""test_cross_entropy"": 0.6774526834487915, ""test_balanced_accuracy"": 0.6594787240028381}"
2026-04-17T23:37:21.583995,cats,lcbench,126025,2,547,130.7122344970703,"{""OpenML_task_id"": ""3945"", ""batch_size"": 16, ""epoch"": 23, ""learning_rate"": 0.0025834062321443752, ""max_dropout"": 0.7762029959317771, ""max_units"": 625, ""momentum"": 0.3565931803447525, ""num_layers"": 5, ""weight_decay"": 0.094151215207466}","{""time"": 130.7122344970703, ""val_accuracy"": 84.12488555908203, ""val_cross_entropy"": 0.547752857208252, ""val_balanced_accuracy"": 0.6259260773658752, ""test_cross_entropy"": 0.6648855209350586, ""test_balanced_accuracy"": 0.6270540952682495}"
2026-04-17T23:37:21.585001,cats,lcbench,126025,2,548,7.4284868240356445,"{""OpenML_task_id"": ""167185"", ""batch_size"": 26, ""epoch"": 4, ""learning_rate"": 0.0718074177864429, ""max_dropout"": 0.9050659197657497, ""max_units"": 203, ""momentum"": 0.3852827377368808, ""num_layers"": 4, ""weight_decay"": 0.05470606101362478}","{""time"": 7.4284868240356445, ""val_accuracy"": 69.58187866210938, ""val_cross_entropy"": 0.5071188807487488, ""val_balanced_accuracy"": 0.6802480220794678, ""test_cross_entropy"": 0.6258804798126221, ""test_balanced_accuracy"": 0.6730016469955444}"
2026-04-17T23:37:21.585001,cats,lcbench,126025,2,549,75.24298858642578,"{""OpenML_task_id"": ""168910"", ""batch_size"": 16, ""epoch"": 48, ""learning_rate"": 0.08609618561403896, ""max_dropout"": 0.621688153396697, ""max_units"": 148, ""momentum"": 0.4901267490352551, ""num_layers"": 1, ""weight_decay"": 0.002551264685035818}","{""time"": 75.24298858642578, ""val_accuracy"": 76.00760650634766, ""val_cross_entropy"": 0.39350035786628723, ""val_balanced_accuracy"": 0.7871743440628052, ""test_cross_entropy"": 0.5202593803405762, ""test_balanced_accuracy"": 0.7726516723632812}"
2026-04-17T23:37:21.586507,cats,lcbench,126025,2,550,54.730323791503906,"{""OpenML_task_id"": ""167104"", ""batch_size"": 113, ""epoch"": 46, ""learning_rate"": 0.0748173178314538, ""max_dropout"": 0.6806964092844109, ""max_units"": 634, ""momentum"": 0.7429146043488092, ""num_layers"": 2, ""weight_decay"": 0.007712049764044293}","{""time"": 54.730323791503906, ""val_accuracy"": 86.29283142089844, ""val_cross_entropy"": 0.32751885056495667, ""val_balanced_accuracy"": 0.8409320116043091, ""test_cross_entropy"": 0.5130358338356018, ""test_balanced_accuracy"": 0.8353910446166992}"
2026-04-17T23:37:21.587529,cats,lcbench,126025,2,551,160.2108612060547,"{""OpenML_task_id"": ""167181"", ""batch_size"": 16, ""epoch"": 27, ""learning_rate"": 0.0007117950638398887, ""max_dropout"": 0.22834087169511852, ""max_units"": 424, ""momentum"": 0.4853836819677886, ""num_layers"": 3, ""weight_decay"": 7.455620206848831e-05}","{""time"": 160.2108612060547, ""val_accuracy"": 84.04373931884766, ""val_cross_entropy"": 0.35336068272590637, ""val_balanced_accuracy"": 0.8082923293113708, ""test_cross_entropy"": 0.4990974962711334, ""test_balanced_accuracy"": 0.8018400073051453}"
2026-04-17T23:37:21.587529,cats,lcbench,126025,2,552,162.642822265625,"{""OpenML_task_id"": ""168868"", ""batch_size"": 77, ""epoch"": 33, ""learning_rate"": 0.00038059075248441764, ""max_dropout"": 0.8875764264588063, ""max_units"": 501, ""momentum"": 0.19872195143553345, ""num_layers"": 4, ""weight_decay"": 0.07279731179668032}","{""time"": 162.642822265625, ""val_accuracy"": 77.81363677978516, ""val_cross_entropy"": 0.6088070869445801, ""val_balanced_accuracy"": 0.73594731092453, ""test_cross_entropy"": 0.6743759512901306, ""test_balanced_accuracy"": 0.7352542281150818}"
2026-04-17T23:37:21.588528,cats,lcbench,126025,2,553,9.725179672241211,"{""OpenML_task_id"": ""167190"", ""batch_size"": 195, ""epoch"": 1, ""learning_rate"": 0.0015891071286848648, ""max_dropout"": 0.8074110667653384, ""max_units"": 607, ""momentum"": 0.4246667594596578, ""num_layers"": 4, ""weight_decay"": 0.07969296963265556}","{""time"": 9.725179672241211, ""val_accuracy"": 43.763954162597656, ""val_cross_entropy"": 0.6142162680625916, ""val_balanced_accuracy"": 0.49411144852638245, ""test_cross_entropy"": 0.6746624708175659, ""test_balanced_accuracy"": 0.49619296193122864}"
2026-04-17T23:37:21.589513,cats,lcbench,126025,2,554,29.85715103149414,"{""OpenML_task_id"": ""34539"", ""batch_size"": 83, ""epoch"": 6, ""learning_rate"": 0.00024946148903271805, ""max_dropout"": 0.4421933103693372, ""max_units"": 84, ""momentum"": 0.8215258689468168, ""num_layers"": 2, ""weight_decay"": 0.061034707482090236}","{""time"": 29.85715103149414, ""val_accuracy"": 76.665283203125, ""val_cross_entropy"": 0.49763113260269165, ""val_balanced_accuracy"": 0.781400203704834, ""test_cross_entropy"": 0.6121330261230469, ""test_balanced_accuracy"": 0.7802117466926575}"
2026-04-17T23:37:21.590029,cats,lcbench,126025,2,555,91.75630950927734,"{""OpenML_task_id"": ""3945"", ""batch_size"": 126, ""epoch"": 16, ""learning_rate"": 0.00013799309276526047, ""max_dropout"": 0.8890006704618122, ""max_units"": 955, ""momentum"": 0.2313711121469567, ""num_layers"": 3, ""weight_decay"": 0.0910979239572357}","{""time"": 91.75630950927734, ""val_accuracy"": 76.50839233398438, ""val_cross_entropy"": 0.6009048819541931, ""val_balanced_accuracy"": 0.7958413362503052, ""test_cross_entropy"": 0.6553672552108765, ""test_balanced_accuracy"": 0.7930426597595215}"
2026-04-17T23:37:21.590029,cats,lcbench,126025,2,556,108.64334869384766,"{""OpenML_task_id"": ""34539"", ""batch_size"": 365, ""epoch"": 31, ""learning_rate"": 0.0005743629622674267, ""max_dropout"": 0.5315720278184934, ""max_units"": 210, ""momentum"": 0.6964195089554029, ""num_layers"": 4, ""weight_decay"": 0.029923958676161787}","{""time"": 108.64334869384766, ""val_accuracy"": 70.46092224121094, ""val_cross_entropy"": 0.6348235607147217, ""val_balanced_accuracy"": 0.7433637380599976, ""test_cross_entropy"": 0.6785928606987, ""test_balanced_accuracy"": 0.7454025745391846}"
2026-04-17T23:37:21.591546,cats,lcbench,126025,2,557,40.80653381347656,"{""OpenML_task_id"": ""189862"", ""batch_size"": 40, ""epoch"": 24, ""learning_rate"": 0.06980238629651302, ""max_dropout"": 0.23824625206250194, ""max_units"": 319, ""momentum"": 0.2509966922872957, ""num_layers"": 1, ""weight_decay"": 0.02466694913462968}","{""time"": 40.80653381347656, ""val_accuracy"": 76.70740509033203, ""val_cross_entropy"": 0.4350786805152893, ""val_balanced_accuracy"": 0.7942506670951843, ""test_cross_entropy"": 0.5407134294509888, ""test_balanced_accuracy"": 0.7813972234725952}"
2026-04-17T23:37:21.592558,cats,lcbench,126025,2,558,91.08277893066406,"{""OpenML_task_id"": ""189866"", ""batch_size"": 137, ""epoch"": 10, ""learning_rate"": 0.04020675873482931, ""max_dropout"": 0.5803336758009388, ""max_units"": 953, ""momentum"": 0.43873532797633996, ""num_layers"": 4, ""weight_decay"": 0.07739884842012942}","{""time"": 91.08277893066406, ""val_accuracy"": 77.65943908691406, ""val_cross_entropy"": 0.45972028374671936, ""val_balanced_accuracy"": 0.8136287331581116, ""test_cross_entropy"": 0.5692223310470581, ""test_balanced_accuracy"": 0.808244526386261}"
2026-04-17T23:37:21.593559,cats,lcbench,126025,2,559,118.23033142089844,"{""OpenML_task_id"": ""168329"", ""batch_size"": 124, ""epoch"": 43, ""learning_rate"": 0.09090305360669727, ""max_dropout"": 0.6320924668167217, ""max_units"": 387, ""momentum"": 0.8605813882801285, ""num_layers"": 4, ""weight_decay"": 0.034325936137656866}","{""time"": 118.23033142089844, ""val_accuracy"": 82.02862548828125, ""val_cross_entropy"": 0.3900240361690521, ""val_balanced_accuracy"": 0.8356380462646484, ""test_cross_entropy"": 0.5370175838470459, ""test_balanced_accuracy"": 0.818082332611084}"
2026-04-17T23:37:21.593559,cats,lcbench,126025,2,560,18.868724822998047,"{""OpenML_task_id"": ""168910"", ""batch_size"": 312, ""epoch"": 6, ""learning_rate"": 0.0014230928319632066, ""max_dropout"": 0.673629239288954, ""max_units"": 196, ""momentum"": 0.9070589009507026, ""num_layers"": 1, ""weight_decay"": 0.003606971939812833}","{""time"": 18.868724822998047, ""val_accuracy"": 79.17315673828125, ""val_cross_entropy"": 0.45219627022743225, ""val_balanced_accuracy"": 0.7830383777618408, ""test_cross_entropy"": 0.5712573528289795, ""test_balanced_accuracy"": 0.7801090478897095}"
2026-04-17T23:37:21.594575,cats,lcbench,126025,2,561,68.9190673828125,"{""OpenML_task_id"": ""34539"", ""batch_size"": 17, ""epoch"": 39, ""learning_rate"": 0.00033100739319306353, ""max_dropout"": 0.44500491834350164, ""max_units"": 137, ""momentum"": 0.4733664617227741, ""num_layers"": 1, ""weight_decay"": 0.007287575351455661}","{""time"": 68.9190673828125, ""val_accuracy"": 80.78923797607422, ""val_cross_entropy"": 0.41898664832115173, ""val_balanced_accuracy"": 0.7963743209838867, ""test_cross_entropy"": 0.5464926362037659, ""test_balanced_accuracy"": 0.7929776310920715}"
2026-04-17T23:37:21.594575,cats,lcbench,126025,2,562,96.24510955810547,"{""OpenML_task_id"": ""167181"", ""batch_size"": 21, ""epoch"": 50, ""learning_rate"": 0.005210335209240463, ""max_dropout"": 0.03426471217166882, ""max_units"": 110, ""momentum"": 0.5866036212101521, ""num_layers"": 5, ""weight_decay"": 0.036479386861851974}","{""time"": 96.24510955810547, ""val_accuracy"": 90.7658920288086, ""val_cross_entropy"": 0.36354511976242065, ""val_balanced_accuracy"": 0.7699565291404724, ""test_cross_entropy"": 0.5478606224060059, ""test_balanced_accuracy"": 0.765182375907898}"
2026-04-17T23:37:21.596630,cats,lcbench,126025,2,563,201.00331115722656,"{""OpenML_task_id"": ""168908"", ""batch_size"": 79, ""epoch"": 47, ""learning_rate"": 0.008039770190420112, ""max_dropout"": 0.921747071433945, ""max_units"": 288, ""momentum"": 0.7349623674923628, ""num_layers"": 5, ""weight_decay"": 0.05353875380218172}","{""time"": 201.00331115722656, ""val_accuracy"": 85.57884216308594, ""val_cross_entropy"": 0.4648047983646393, ""val_balanced_accuracy"": 0.6001461744308472, ""test_cross_entropy"": 0.640864908695221, ""test_balanced_accuracy"": 0.5956791639328003}"
2026-04-17T23:37:21.596630,cats,lcbench,126025,2,564,170.94688415527344,"{""OpenML_task_id"": ""167181"", ""batch_size"": 17, ""epoch"": 37, ""learning_rate"": 0.016097077820332456, ""max_dropout"": 0.27816501395382986, ""max_units"": 133, ""momentum"": 0.8224715851839386, ""num_layers"": 4, ""weight_decay"": 0.09471077244661351}","{""time"": 170.94688415527344, ""val_accuracy"": 68.13784790039062, ""val_cross_entropy"": 0.6175795793533325, ""val_balanced_accuracy"": 0.5099800229072571, ""test_cross_entropy"": 0.6910690069198608, ""test_balanced_accuracy"": 0.5078309774398804}"
2026-04-17T23:37:21.598162,cats,lcbench,126025,2,565,40.86231231689453,"{""OpenML_task_id"": ""168908"", ""batch_size"": 213, ""epoch"": 20, ""learning_rate"": 0.0017428865528401794, ""max_dropout"": 0.9842055843625932, ""max_units"": 93, ""momentum"": 0.7426633807266574, ""num_layers"": 4, ""weight_decay"": 0.015978989013006473}","{""time"": 40.86231231689453, ""val_accuracy"": 69.37236785888672, ""val_cross_entropy"": 0.5904060006141663, ""val_balanced_accuracy"": 0.6476021409034729, ""test_cross_entropy"": 0.6795110702514648, ""test_balanced_accuracy"": 0.6435019373893738}"
2026-04-17T23:37:21.598162,cats,lcbench,126025,2,566,23.667095184326172,"{""OpenML_task_id"": ""168868"", ""batch_size"": 244, ""epoch"": 3, ""learning_rate"": 0.04582994791453137, ""max_dropout"": 0.6460155868481284, ""max_units"": 724, ""momentum"": 0.18240478295809712, ""num_layers"": 4, ""weight_decay"": 0.05014566068483588}","{""time"": 23.667095184326172, ""val_accuracy"": 79.26563262939453, ""val_cross_entropy"": 0.426885724067688, ""val_balanced_accuracy"": 0.8351935148239136, ""test_cross_entropy"": 0.5515361428260803, ""test_balanced_accuracy"": 0.8324834108352661}"
2026-04-17T23:37:21.599689,cats,lcbench,126025,2,567,90.15545654296875,"{""OpenML_task_id"": ""189862"", ""batch_size"": 138, ""epoch"": 44, ""learning_rate"": 0.013245742940584159, ""max_dropout"": 0.9215605885390404, ""max_units"": 195, ""momentum"": 0.4410761183661207, ""num_layers"": 5, ""weight_decay"": 0.04758242097672615}","{""time"": 90.15545654296875, ""val_accuracy"": 85.58177947998047, ""val_cross_entropy"": 0.4974246025085449, ""val_balanced_accuracy"": 0.6118114590644836, ""test_cross_entropy"": 0.6498043537139893, ""test_balanced_accuracy"": 0.6077535152435303}"
2026-04-17T23:37:21.599689,cats,lcbench,126025,2,568,41.436832427978516,"{""OpenML_task_id"": ""167201"", ""batch_size"": 157, ""epoch"": 25, ""learning_rate"": 0.00230765251114965, ""max_dropout"": 0.9703787916675328, ""max_units"": 146, ""momentum"": 0.5080371724188285, ""num_layers"": 2, ""weight_decay"": 0.08233445650279442}","{""time"": 41.436832427978516, ""val_accuracy"": 78.84148406982422, ""val_cross_entropy"": 0.484285831451416, ""val_balanced_accuracy"": 0.7932771444320679, ""test_cross_entropy"": 0.6077796816825867, ""test_balanced_accuracy"": 0.7878457903862}"
2026-04-17T23:37:21.600688,cats,lcbench,126025,2,569,21.910064697265625,"{""OpenML_task_id"": ""168910"", ""batch_size"": 19, ""epoch"": 3, ""learning_rate"": 0.0624152100328964, ""max_dropout"": 0.994330182903922, ""max_units"": 272, ""momentum"": 0.7567057715604417, ""num_layers"": 5, ""weight_decay"": 0.09897113221008029}","{""time"": 21.910064697265625, ""val_accuracy"": 57.72260284423828, ""val_cross_entropy"": 0.443983793258667, ""val_balanced_accuracy"": 0.6142587661743164, ""test_cross_entropy"": 0.6732240915298462, ""test_balanced_accuracy"": 0.6040242910385132}"
2026-04-17T23:37:21.601687,cats,lcbench,126025,2,570,157.2936248779297,"{""OpenML_task_id"": ""167185"", ""batch_size"": 262, ""epoch"": 41, ""learning_rate"": 0.0002451103385217424, ""max_dropout"": 0.028747853713603222, ""max_units"": 249, ""momentum"": 0.41091064128652, ""num_layers"": 4, ""weight_decay"": 0.006657257946395521}","{""time"": 157.2936248779297, ""val_accuracy"": 58.37339401245117, ""val_cross_entropy"": 0.6488799452781677, ""val_balanced_accuracy"": 0.651139497756958, ""test_cross_entropy"": 0.6912792921066284, ""test_balanced_accuracy"": 0.6547911167144775}"
2026-04-17T23:37:21.601687,cats,lcbench,126025,2,571,59.45199966430664,"{""OpenML_task_id"": ""167168"", ""batch_size"": 86, ""epoch"": 37, ""learning_rate"": 0.02316516649052173, ""max_dropout"": 0.2614045897586402, ""max_units"": 85, ""momentum"": 0.5475609545084215, ""num_layers"": 1, ""weight_decay"": 0.08047189534328038}","{""time"": 59.45199966430664, ""val_accuracy"": 75.90271759033203, ""val_cross_entropy"": 0.49696114659309387, ""val_balanced_accuracy"": 0.7858362197875977, ""test_cross_entropy"": 0.5647596716880798, ""test_balanced_accuracy"": 0.7752098441123962}"
2026-04-17T23:37:21.603169,cats,lcbench,126025,2,572,12.222676277160645,"{""OpenML_task_id"": ""126029"", ""batch_size"": 51, ""epoch"": 4, ""learning_rate"": 0.0021202476105650885, ""max_dropout"": 0.1032730383862317, ""max_units"": 80, ""momentum"": 0.5816112499885815, ""num_layers"": 3, ""weight_decay"": 0.005327524436760656}","{""time"": 12.222676277160645, ""val_accuracy"": 81.03245544433594, ""val_cross_entropy"": 0.46189773082733154, ""val_balanced_accuracy"": 0.7944778800010681, ""test_cross_entropy"": 0.5736348628997803, ""test_balanced_accuracy"": 0.7947628498077393}"
2026-04-17T23:37:21.604179,cats,lcbench,126025,2,573,27.69711685180664,"{""OpenML_task_id"": ""34539"", ""batch_size"": 104, ""epoch"": 7, ""learning_rate"": 0.003538475699791516, ""max_dropout"": 0.2751637838310458, ""max_units"": 934, ""momentum"": 0.3703764364062272, ""num_layers"": 2, ""weight_decay"": 0.03212691591447542}","{""time"": 27.69711685180664, ""val_accuracy"": 79.86264038085938, ""val_cross_entropy"": 0.4226818382740021, ""val_balanced_accuracy"": 0.8109035491943359, ""test_cross_entropy"": 0.5348512530326843, ""test_balanced_accuracy"": 0.8023816347122192}"
2026-04-17T23:37:21.604179,cats,lcbench,126025,2,574,35.84779739379883,"{""OpenML_task_id"": ""168331"", ""batch_size"": 113, ""epoch"": 18, ""learning_rate"": 0.050528638753761936, ""max_dropout"": 0.3563441791329254, ""max_units"": 114, ""momentum"": 0.8152583598285548, ""num_layers"": 5, ""weight_decay"": 0.036633812165397996}","{""time"": 35.84779739379883, ""val_accuracy"": 80.93236541748047, ""val_cross_entropy"": 0.3966355323791504, ""val_balanced_accuracy"": 0.7300794720649719, ""test_cross_entropy"": 0.5701425075531006, ""test_balanced_accuracy"": 0.7181056141853333}"
2026-04-17T23:37:21.605353,cats,lcbench,126025,2,575,66.04645538330078,"{""OpenML_task_id"": ""189865"", ""batch_size"": 25, ""epoch"": 17, ""learning_rate"": 0.000904296396077307, ""max_dropout"": 0.7367642808688178, ""max_units"": 272, ""momentum"": 0.9245037620884672, ""num_layers"": 5, ""weight_decay"": 0.03252830025757266}","{""time"": 66.04645538330078, ""val_accuracy"": 88.62543487548828, ""val_cross_entropy"": 0.3395015597343445, ""val_balanced_accuracy"": 0.7843477725982666, ""test_cross_entropy"": 0.5364616513252258, ""test_balanced_accuracy"": 0.7763314247131348}"
2026-04-17T23:37:21.605353,cats,lcbench,126025,2,576,71.97574615478516,"{""OpenML_task_id"": ""126026"", ""batch_size"": 49, ""epoch"": 38, ""learning_rate"": 0.0016856754144018151, ""max_dropout"": 0.14020583857081204, ""max_units"": 168, ""momentum"": 0.9163334316071609, ""num_layers"": 3, ""weight_decay"": 0.08911623205536089}","{""time"": 71.97574615478516, ""val_accuracy"": 79.23902893066406, ""val_cross_entropy"": 0.47495120763778687, ""val_balanced_accuracy"": 0.7736795544624329, ""test_cross_entropy"": 0.5679179430007935, ""test_balanced_accuracy"": 0.7703061699867249}"
2026-04-17T23:37:21.606855,cats,lcbench,126025,2,577,246.7795867919922,"{""OpenML_task_id"": ""168910"", ""batch_size"": 107, ""epoch"": 42, ""learning_rate"": 0.002199125797430108, ""max_dropout"": 0.3360273224800606, ""max_units"": 658, ""momentum"": 0.983379938431832, ""num_layers"": 5, ""weight_decay"": 0.0878319771331861}","{""time"": 246.7795867919922, ""val_accuracy"": 79.69586181640625, ""val_cross_entropy"": 0.504391610622406, ""val_balanced_accuracy"": 0.6732815504074097, ""test_cross_entropy"": 0.6185281276702881, ""test_balanced_accuracy"": 0.6790528297424316}"
2026-04-17T23:37:21.607862,cats,lcbench,126025,2,578,67.17179107666016,"{""OpenML_task_id"": ""167185"", ""batch_size"": 441, ""epoch"": 52, ""learning_rate"": 0.0004778547021930327, ""max_dropout"": 0.708089924652106, ""max_units"": 371, ""momentum"": 0.3627507416787642, ""num_layers"": 2, ""weight_decay"": 0.0769812326254237}","{""time"": 67.17179107666016, ""val_accuracy"": 76.73096466064453, ""val_cross_entropy"": 0.4927387833595276, ""val_balanced_accuracy"": 0.7851889729499817, ""test_cross_entropy"": 0.5986915826797485, ""test_balanced_accuracy"": 0.7853582501411438}"
2026-04-17T23:37:21.608368,cats,lcbench,126025,2,579,50.61802673339844,"{""OpenML_task_id"": ""189866"", ""batch_size"": 463, ""epoch"": 18, ""learning_rate"": 0.0006739159132902313, ""max_dropout"": 0.5028152996698282, ""max_units"": 279, ""momentum"": 0.1291593775205067, ""num_layers"": 3, ""weight_decay"": 0.06923876676436698}","{""time"": 50.61802673339844, ""val_accuracy"": 66.9144515991211, ""val_cross_entropy"": 0.6633443236351013, ""val_balanced_accuracy"": 0.6931185126304626, ""test_cross_entropy"": 0.6765576601028442, ""test_balanced_accuracy"": 0.6940604448318481}"
2026-04-17T23:37:21.609370,cats,lcbench,126025,2,580,66.69628143310547,"{""OpenML_task_id"": ""3945"", ""batch_size"": 23, ""epoch"": 14, ""learning_rate"": 0.00025717044595449895, ""max_dropout"": 0.3276838590256471, ""max_units"": 460, ""momentum"": 0.4652559596465361, ""num_layers"": 2, ""weight_decay"": 0.014552006485825171}","{""time"": 66.69628143310547, ""val_accuracy"": 80.62022399902344, ""val_cross_entropy"": 0.3968030512332916, ""val_balanced_accuracy"": 0.8048033118247986, ""test_cross_entropy"": 0.5361716151237488, ""test_balanced_accuracy"": 0.7999610900878906}"
2026-04-17T23:37:21.609370,cats,lcbench,126025,2,581,101.94291687011719,"{""OpenML_task_id"": ""168910"", ""batch_size"": 31, ""epoch"": 51, ""learning_rate"": 0.0010848551879017497, ""max_dropout"": 0.5021849979965636, ""max_units"": 276, ""momentum"": 0.9151861762962916, ""num_layers"": 2, ""weight_decay"": 0.07147065142817223}","{""time"": 101.94291687011719, ""val_accuracy"": 79.25081634521484, ""val_cross_entropy"": 0.4424557685852051, ""val_balanced_accuracy"": 0.8008495569229126, ""test_cross_entropy"": 0.5547131299972534, ""test_balanced_accuracy"": 0.7929065227508545}"
2026-04-17T23:37:21.610874,cats,lcbench,126025,2,582,37.3524284362793,"{""OpenML_task_id"": ""168335"", ""batch_size"": 24, ""epoch"": 18, ""learning_rate"": 0.05056276044693609, ""max_dropout"": 0.7126411174709846, ""max_units"": 150, ""momentum"": 0.5698668232758537, ""num_layers"": 2, ""weight_decay"": 0.0015102697748907688}","{""time"": 37.3524284362793, ""val_accuracy"": 82.41189575195312, ""val_cross_entropy"": 0.377004474401474, ""val_balanced_accuracy"": 0.8167243599891663, ""test_cross_entropy"": 0.5098854899406433, ""test_balanced_accuracy"": 0.8085575699806213}"
2026-04-17T23:37:21.611879,cats,lcbench,126025,2,583,16.594341278076172,"{""OpenML_task_id"": ""167168"", ""batch_size"": 17, ""epoch"": 4, ""learning_rate"": 0.05269156056237314, ""max_dropout"": 0.9491479728899453, ""max_units"": 138, ""momentum"": 0.5495074278925067, ""num_layers"": 5, ""weight_decay"": 0.09378736590267227}","{""time"": 16.594341278076172, ""val_accuracy"": 68.197265625, ""val_cross_entropy"": 0.4859885573387146, ""val_balanced_accuracy"": 0.6041579246520996, ""test_cross_entropy"": 0.6702311038970947, ""test_balanced_accuracy"": 0.5963032245635986}"
2026-04-17T23:37:21.611879,cats,lcbench,126025,2,584,17.88701629638672,"{""OpenML_task_id"": ""168330"", ""batch_size"": 55, ""epoch"": 5, ""learning_rate"": 0.0042040192931533955, ""max_dropout"": 0.399610785988056, ""max_units"": 78, ""momentum"": 0.199058069372054, ""num_layers"": 3, ""weight_decay"": 0.03540130757057879}","{""time"": 17.88701629638672, ""val_accuracy"": 78.75010681152344, ""val_cross_entropy"": 0.5055281519889832, ""val_balanced_accuracy"": 0.7898423671722412, ""test_cross_entropy"": 0.5900237560272217, ""test_balanced_accuracy"": 0.7895516753196716}"
2026-04-17T23:37:21.613181,cats,lcbench,126025,2,585,56.5515022277832,"{""OpenML_task_id"": ""189866"", ""batch_size"": 17, ""epoch"": 25, ""learning_rate"": 0.00011265408131935458, ""max_dropout"": 0.8997945693880842, ""max_units"": 873, ""momentum"": 0.27942291493270704, ""num_layers"": 1, ""weight_decay"": 0.07890119528537823}","{""time"": 56.5515022277832, ""val_accuracy"": 77.83367919921875, ""val_cross_entropy"": 0.4938907027244568, ""val_balanced_accuracy"": 0.7375858426094055, ""test_cross_entropy"": 0.5922714471817017, ""test_balanced_accuracy"": 0.7353425621986389}"
2026-04-17T23:37:21.613687,cats,lcbench,126025,2,586,84.03233337402344,"{""OpenML_task_id"": ""168908"", ""batch_size"": 37, ""epoch"": 48, ""learning_rate"": 0.002126507264132175, ""max_dropout"": 0.11298232913562445, ""max_units"": 82, ""momentum"": 0.5917889841073329, ""num_layers"": 1, ""weight_decay"": 0.06451694911022113}","{""time"": 84.03233337402344, ""val_accuracy"": 76.961669921875, ""val_cross_entropy"": 0.502791702747345, ""val_balanced_accuracy"": 0.7970141172409058, ""test_cross_entropy"": 0.5603039860725403, ""test_balanced_accuracy"": 0.7904180884361267}"
2026-04-17T23:37:21.614694,cats,lcbench,126025,2,587,26.899478912353516,"{""OpenML_task_id"": ""168908"", ""batch_size"": 18, ""epoch"": 8, ""learning_rate"": 0.00035336678623115384, ""max_dropout"": 0.5211297776722639, ""max_units"": 276, ""momentum"": 0.5495292809822977, ""num_layers"": 5, ""weight_decay"": 0.023485881209326438}","{""time"": 26.899478912353516, ""val_accuracy"": 83.50557708740234, ""val_cross_entropy"": 0.6028686165809631, ""val_balanced_accuracy"": 0.7546164989471436, ""test_cross_entropy"": 0.6646753549575806, ""test_balanced_accuracy"": 0.751220166683197}"
2026-04-17T23:37:21.614694,cats,lcbench,126025,2,588,35.29140090942383,"{""OpenML_task_id"": ""167181"", ""batch_size"": 39, ""epoch"": 20, ""learning_rate"": 0.08960759344124752, ""max_dropout"": 0.6787179833698899, ""max_units"": 431, ""momentum"": 0.742497808741302, ""num_layers"": 1, ""weight_decay"": 0.07424535218160878}","{""time"": 35.29140090942383, ""val_accuracy"": 75.67893981933594, ""val_cross_entropy"": 0.47687485814094543, ""val_balanced_accuracy"": 0.7681581974029541, ""test_cross_entropy"": 0.5746908187866211, ""test_balanced_accuracy"": 0.7550628185272217}"
2026-04-17T23:37:21.616198,cats,lcbench,126025,2,589,284.2448425292969,"{""OpenML_task_id"": ""167168"", ""batch_size"": 20, ""epoch"": 27, ""learning_rate"": 0.0038958245734004387, ""max_dropout"": 0.5960670368185153, ""max_units"": 964, ""momentum"": 0.5526342110491091, ""num_layers"": 5, ""weight_decay"": 0.061150759057523395}","{""time"": 284.2448425292969, ""val_accuracy"": 86.08667755126953, ""val_cross_entropy"": 0.4072834253311157, ""val_balanced_accuracy"": 0.8471638560295105, ""test_cross_entropy"": 0.5514324903488159, ""test_balanced_accuracy"": 0.8426049947738647}"
2026-04-17T23:37:21.617213,cats,lcbench,126025,2,590,62.59513473510742,"{""OpenML_task_id"": ""189905"", ""batch_size"": 121, ""epoch"": 36, ""learning_rate"": 0.008561155738337501, ""max_dropout"": 0.38853843681473055, ""max_units"": 532, ""momentum"": 0.9830507488194257, ""num_layers"": 2, ""weight_decay"": 0.09922577136149068}","{""time"": 62.59513473510742, ""val_accuracy"": 76.03080749511719, ""val_cross_entropy"": 0.4926658272743225, ""val_balanced_accuracy"": 0.8061214685440063, ""test_cross_entropy"": 0.5756387710571289, ""test_balanced_accuracy"": 0.8011062741279602}"
2026-04-17T23:37:21.617213,cats,lcbench,126025,2,591,31.953041076660156,"{""OpenML_task_id"": ""168330"", ""batch_size"": 369, ""epoch"": 21, ""learning_rate"": 0.017440307212903856, ""max_dropout"": 0.8084799965179362, ""max_units"": 66, ""momentum"": 0.5991993488102008, ""num_layers"": 4, ""weight_decay"": 0.0637409532239696}","{""time"": 31.953041076660156, ""val_accuracy"": 60.057281494140625, ""val_cross_entropy"": 0.6411422491073608, ""val_balanced_accuracy"": 0.542561411857605, ""test_cross_entropy"": 0.6894916296005249, ""test_balanced_accuracy"": 0.5436573624610901}"
2026-04-17T23:37:21.618424,cats,lcbench,126025,2,592,144.16189575195312,"{""OpenML_task_id"": ""168329"", ""batch_size"": 369, ""epoch"": 18, ""learning_rate"": 0.003170189746896121, ""max_dropout"": 0.2425541082977688, ""max_units"": 937, ""momentum"": 0.17901057619413993, ""num_layers"": 4, ""weight_decay"": 0.09864369235357026}","{""time"": 144.16189575195312, ""val_accuracy"": 77.56380462646484, ""val_cross_entropy"": 0.5223056077957153, ""val_balanced_accuracy"": 0.7879509925842285, ""test_cross_entropy"": 0.6148747205734253, ""test_balanced_accuracy"": 0.7846141457557678}"
2026-04-17T23:37:21.619440,cats,lcbench,126025,2,593,82.17071533203125,"{""OpenML_task_id"": ""167184"", ""batch_size"": 25, ""epoch"": 47, ""learning_rate"": 0.001282319270634789, ""max_dropout"": 0.741587479912488, ""max_units"": 135, ""momentum"": 0.7977330579518351, ""num_layers"": 2, ""weight_decay"": 0.08804496799496636}","{""time"": 82.17071533203125, ""val_accuracy"": 80.02762603759766, ""val_cross_entropy"": 0.449446439743042, ""val_balanced_accuracy"": 0.7905960083007812, ""test_cross_entropy"": 0.5699220895767212, ""test_balanced_accuracy"": 0.7825456261634827}"
2026-04-17T23:37:21.619440,cats,lcbench,126025,2,594,78.33452606201172,"{""OpenML_task_id"": ""7593"", ""batch_size"": 67, ""epoch"": 37, ""learning_rate"": 0.0009371429647919055, ""max_dropout"": 0.869540751713932, ""max_units"": 225, ""momentum"": 0.2703236445230818, ""num_layers"": 5, ""weight_decay"": 0.04500340097575046}","{""time"": 78.33452606201172, ""val_accuracy"": 83.152099609375, ""val_cross_entropy"": 0.5798598527908325, ""val_balanced_accuracy"": 0.6577665209770203, ""test_cross_entropy"": 0.6627198457717896, ""test_balanced_accuracy"": 0.6548498272895813}"
2026-04-17T23:37:21.620425,cats,lcbench,126025,2,595,38.667415618896484,"{""OpenML_task_id"": ""168331"", ""batch_size"": 23, ""epoch"": 26, ""learning_rate"": 0.0013210737222234179, ""max_dropout"": 0.9139197193579445, ""max_units"": 100, ""momentum"": 0.7938049177359686, ""num_layers"": 3, ""weight_decay"": 0.0694658317112372}","{""time"": 38.667415618896484, ""val_accuracy"": 80.19570922851562, ""val_cross_entropy"": 0.485480934381485, ""val_balanced_accuracy"": 0.7478191256523132, ""test_cross_entropy"": 0.5966724157333374, ""test_balanced_accuracy"": 0.7417576313018799}"
2026-04-17T23:37:21.620425,cats,lcbench,126025,2,596,45.48358917236328,"{""OpenML_task_id"": ""167200"", ""batch_size"": 149, ""epoch"": 23, ""learning_rate"": 0.0031963237143998935, ""max_dropout"": 0.5332610467780756, ""max_units"": 64, ""momentum"": 0.9573818416392089, ""num_layers"": 2, ""weight_decay"": 0.06978810231629481}","{""time"": 45.48358917236328, ""val_accuracy"": 79.03404998779297, ""val_cross_entropy"": 0.4441235363483429, ""val_balanced_accuracy"": 0.8171762228012085, ""test_cross_entropy"": 0.5534564256668091, ""test_balanced_accuracy"": 0.8089123368263245}"
2026-04-17T23:37:21.621934,cats,lcbench,126025,2,597,63.938011169433594,"{""OpenML_task_id"": ""168330"", ""batch_size"": 150, ""epoch"": 34, ""learning_rate"": 0.00013120448743265568, ""max_dropout"": 0.6253029918150049, ""max_units"": 181, ""momentum"": 0.14343063698053304, ""num_layers"": 3, ""weight_decay"": 0.06605496231578953}","{""time"": 63.938011169433594, ""val_accuracy"": 61.47364044189453, ""val_cross_entropy"": 0.63430255651474, ""val_balanced_accuracy"": 0.636877715587616, ""test_cross_entropy"": 0.6775517463684082, ""test_balanced_accuracy"": 0.6412487626075745}"
2026-04-17T23:37:21.622956,cats,lcbench,126025,2,598,49.322566986083984,"{""OpenML_task_id"": ""3945"", ""batch_size"": 324, ""epoch"": 19, ""learning_rate"": 0.0020691336444010433, ""max_dropout"": 0.5199483068660892, ""max_units"": 112, ""momentum"": 0.11457729722952562, ""num_layers"": 3, ""weight_decay"": 0.027134395394589086}","{""time"": 49.322566986083984, ""val_accuracy"": 74.70857238769531, ""val_cross_entropy"": 0.5864189863204956, ""val_balanced_accuracy"": 0.7613347172737122, ""test_cross_entropy"": 0.6516768932342529, ""test_balanced_accuracy"": 0.7660453915596008}"
2026-04-17T23:37:21.624458,cats,lcbench,126025,2,599,42.16474914550781,"{""OpenML_task_id"": ""189906"", ""batch_size"": 38, ""epoch"": 4, ""learning_rate"": 0.0006504219960331854, ""max_dropout"": 0.40989610922404984, ""max_units"": 822, ""momentum"": 0.428102431895641, ""num_layers"": 5, ""weight_decay"": 0.04867758261098669}","{""time"": 42.16474914550781, ""val_accuracy"": 79.73296356201172, ""val_cross_entropy"": 0.6180378794670105, ""val_balanced_accuracy"": 0.7724689841270447, ""test_cross_entropy"": 0.6811445951461792, ""test_balanced_accuracy"": 0.7695028781890869}"
2026-04-17T23:37:21.624980,cats,lcbench,126025,2,600,10.245317459106445,"{""OpenML_task_id"": ""168908"", ""batch_size"": 16, ""epoch"": 5, ""learning_rate"": 0.09413780877388742, ""max_dropout"": 0.2014444686795759, ""max_units"": 124, ""momentum"": 0.3971574247399977, ""num_layers"": 5, ""weight_decay"": 0.0459349528844219}","{""time"": 10.245317459106445, ""val_accuracy"": 80.72331237792969, ""val_cross_entropy"": 0.4577699303627014, ""val_balanced_accuracy"": 0.711991548538208, ""test_cross_entropy"": 0.5915868282318115, ""test_balanced_accuracy"": 0.6989572048187256}"
2026-04-17T23:37:21.625988,cats,lcbench,126025,2,601,15.55964469909668,"{""OpenML_task_id"": ""34539"", ""batch_size"": 52, ""epoch"": 6, ""learning_rate"": 0.008502855236051746, ""max_dropout"": 0.8044520447225304, ""max_units"": 193, ""momentum"": 0.15108622955820175, ""num_layers"": 5, ""weight_decay"": 0.09133239302802973}","{""time"": 15.55964469909668, ""val_accuracy"": 81.08533477783203, ""val_cross_entropy"": 0.5357136130332947, ""val_balanced_accuracy"": 0.6021079421043396, ""test_cross_entropy"": 0.671910285949707, ""test_balanced_accuracy"": 0.5988209843635559}"
2026-04-17T23:37:21.626987,cats,lcbench,126025,2,602,2.3916590213775635,"{""OpenML_task_id"": ""189873"", ""batch_size"": 52, ""epoch"": 1, ""learning_rate"": 0.09782065751852255, ""max_dropout"": 0.21761918608772293, ""max_units"": 212, ""momentum"": 0.47347811774400106, ""num_layers"": 5, ""weight_decay"": 0.049797186092379736}","{""time"": 2.3916590213775635, ""val_accuracy"": 54.07426452636719, ""val_cross_entropy"": 0.6188157796859741, ""val_balanced_accuracy"": 0.5275110602378845, ""test_cross_entropy"": 0.6896840929985046, ""test_balanced_accuracy"": 0.5222102999687195}"
2026-04-17T23:37:21.626987,cats,lcbench,126025,2,603,2.8169727325439453,"{""OpenML_task_id"": ""34539"", ""batch_size"": 16, ""epoch"": 1, ""learning_rate"": 0.00010000000000000009, ""max_dropout"": 0.5470153937335476, ""max_units"": 264, ""momentum"": 0.10182856270821225, ""num_layers"": 5, ""weight_decay"": 0.09650424794383947}","{""time"": 2.8169727325439453, ""val_accuracy"": 59.548553466796875, ""val_cross_entropy"": 0.544203519821167, ""val_balanced_accuracy"": 0.5747951865196228, ""test_cross_entropy"": 0.6727447509765625, ""test_balanced_accuracy"": 0.5647807717323303}"
2026-04-17T23:37:21.627989,cats,lcbench,126025,2,604,14.27254867553711,"{""OpenML_task_id"": ""34539"", ""batch_size"": 66, ""epoch"": 6, ""learning_rate"": 0.00010000000000000009, ""max_dropout"": 0.6636158909415474, ""max_units"": 189, ""momentum"": 0.2166535770968639, ""num_layers"": 5, ""weight_decay"": 0.08712738626224643}","{""time"": 14.27254867553711, ""val_accuracy"": 63.06277847290039, ""val_cross_entropy"": 0.5701820254325867, ""val_balanced_accuracy"": 0.5815962553024292, ""test_cross_entropy"": 0.6763049960136414, ""test_balanced_accuracy"": 0.5728393793106079}"
2026-04-17T23:37:21.628990,cats,lcbench,126025,2,605,23.096759796142578,"{""OpenML_task_id"": ""168329"", ""batch_size"": 175, ""epoch"": 6, ""learning_rate"": 0.007264251929617229, ""max_dropout"": 0.7009952120875709, ""max_units"": 64, ""momentum"": 0.17493784965654824, ""num_layers"": 2, ""weight_decay"": 0.023525520653638957}","{""time"": 23.096759796142578, ""val_accuracy"": 77.52268981933594, ""val_cross_entropy"": 0.4622728228569031, ""val_balanced_accuracy"": 0.7812183499336243, ""test_cross_entropy"": 0.578101396560669, ""test_balanced_accuracy"": 0.7768973112106323}"
2026-04-17T23:37:21.628990,cats,lcbench,126025,2,606,68.66387939453125,"{""OpenML_task_id"": ""167201"", ""batch_size"": 72, ""epoch"": 8, ""learning_rate"": 0.02496761729826307, ""max_dropout"": 0.008550013629422343, ""max_units"": 464, ""momentum"": 0.8686592903443102, ""num_layers"": 5, ""weight_decay"": 0.03169074852250686}","{""time"": 68.66387939453125, ""val_accuracy"": 78.2531509399414, ""val_cross_entropy"": 0.40371665358543396, ""val_balanced_accuracy"": 0.789706826210022, ""test_cross_entropy"": 0.5182339549064636, ""test_balanced_accuracy"": 0.772449791431427}"
2026-04-17T23:37:21.629988,cats,lcbench,126025,2,607,81.60735321044922,"{""OpenML_task_id"": ""167201"", ""batch_size"": 16, ""epoch"": 8, ""learning_rate"": 0.025110389666570167, ""max_dropout"": 0.0, ""max_units"": 424, ""momentum"": 0.7580652660219874, ""num_layers"": 5, ""weight_decay"": 0.036855708166476445}","{""time"": 81.60735321044922, ""val_accuracy"": 81.67267608642578, ""val_cross_entropy"": 0.4354249835014343, ""val_balanced_accuracy"": 0.78703773021698, ""test_cross_entropy"": 0.5332912802696228, ""test_balanced_accuracy"": 0.7712220549583435}"
2026-04-17T23:37:21.629988,cats,lcbench,126025,2,608,2.4083926677703857,"{""OpenML_task_id"": ""167185"", ""batch_size"": 56, ""epoch"": 1, ""learning_rate"": 0.0787283861531427, ""max_dropout"": 0.9017378560808056, ""max_units"": 246, ""momentum"": 0.5012019516255997, ""num_layers"": 5, ""weight_decay"": 0.06616700111196287}","{""time"": 2.4083926677703857, ""val_accuracy"": 57.15750503540039, ""val_cross_entropy"": 0.5171440243721008, ""val_balanced_accuracy"": 0.5619075894355774, ""test_cross_entropy"": 0.6936885118484497, ""test_balanced_accuracy"": 0.5517776012420654}"
2026-04-17T23:37:21.629988,cats,lcbench,126025,2,609,20.334312438964844,"{""OpenML_task_id"": ""167201"", ""batch_size"": 16, ""epoch"": 5, ""learning_rate"": 0.001080935974425351, ""max_dropout"": 0.07564205921643641, ""max_units"": 204, ""momentum"": 0.7483295401945003, ""num_layers"": 4, ""weight_decay"": 0.03239844870105141}","{""time"": 20.334312438964844, ""val_accuracy"": 84.90087890625, ""val_cross_entropy"": 0.36159372329711914, ""val_balanced_accuracy"": 0.8204419016838074, ""test_cross_entropy"": 0.5345693230628967, ""test_balanced_accuracy"": 0.8129849433898926}"
2026-04-17T23:37:21.632036,cats,lcbench,126025,2,610,9.439312934875488,"{""OpenML_task_id"": ""3945"", ""batch_size"": 81, ""epoch"": 8, ""learning_rate"": 0.04354232078796202, ""max_dropout"": 1.0, ""max_units"": 64, ""momentum"": 0.5067348151190296, ""num_layers"": 5, ""weight_decay"": 0.025544001569161107}","{""time"": 9.439312934875488, ""val_accuracy"": 83.23588562011719, ""val_cross_entropy"": 0.3390864133834839, ""val_balanced_accuracy"": 0.7102134227752686, ""test_cross_entropy"": 0.597732663154602, ""test_balanced_accuracy"": 0.6929823756217957}"
2026-04-17T23:37:21.632036,cats,lcbench,126025,2,611,1.4378412961959839,"{""OpenML_task_id"": ""189873"", ""batch_size"": 16, ""epoch"": 1, ""learning_rate"": 0.09005599657520945, ""max_dropout"": 0.0, ""max_units"": 64, ""momentum"": 0.24213737136263083, ""num_layers"": 5, ""weight_decay"": 0.07241917196222439}","{""time"": 1.4378412961959839, ""val_accuracy"": 56.73910140991211, ""val_cross_entropy"": 0.5910852551460266, ""val_balanced_accuracy"": 0.5517218112945557, ""test_cross_entropy"": 0.6865583658218384, ""test_balanced_accuracy"": 0.5414676070213318}"
2026-04-17T23:37:21.633045,cats,lcbench,126025,2,612,30.986671447753906,"{""OpenML_task_id"": ""167201"", ""batch_size"": 16, ""epoch"": 5, ""learning_rate"": 0.003406065095937865, ""max_dropout"": 0.11076619948431443, ""max_units"": 376, ""momentum"": 0.832797262376029, ""num_layers"": 4, ""weight_decay"": 0.016468315126420316}","{""time"": 30.986671447753906, ""val_accuracy"": 81.9710693359375, ""val_cross_entropy"": 0.3502439856529236, ""val_balanced_accuracy"": 0.8245064616203308, ""test_cross_entropy"": 0.49851512908935547, ""test_balanced_accuracy"": 0.81047523021698}"
2026-04-17T23:37:21.633045,cats,lcbench,126025,2,613,4.194709777832031,"{""OpenML_task_id"": ""167104"", ""batch_size"": 32, ""epoch"": 1, ""learning_rate"": 0.08454138415285362, ""max_dropout"": 0.03780983721088531, ""max_units"": 278, ""momentum"": 0.4398843055728651, ""num_layers"": 5, ""weight_decay"": 0.046236063388866745}","{""time"": 4.194709777832031, ""val_accuracy"": 52.59172439575195, ""val_cross_entropy"": 0.6402389407157898, ""val_balanced_accuracy"": 0.5256138443946838, ""test_cross_entropy"": 0.6836280822753906, ""test_balanced_accuracy"": 0.5181187391281128}"
2026-04-17T23:37:21.634044,cats,lcbench,126025,2,614,4.62978458404541,"{""OpenML_task_id"": ""168908"", ""batch_size"": 16, ""epoch"": 3, ""learning_rate"": 0.030707403023282315, ""max_dropout"": 0.2528025902448253, ""max_units"": 156, ""momentum"": 0.6234481331027836, ""num_layers"": 3, ""weight_decay"": 0.04228499580962358}","{""time"": 4.62978458404541, ""val_accuracy"": 81.86544036865234, ""val_cross_entropy"": 0.37537163496017456, ""val_balanced_accuracy"": 0.8200663924217224, ""test_cross_entropy"": 0.5402243137359619, ""test_balanced_accuracy"": 0.814445436000824}"
2026-04-17T23:37:21.634044,cats,lcbench,126025,2,615,3.4654014110565186,"{""OpenML_task_id"": ""34539"", ""batch_size"": 52, ""epoch"": 1, ""learning_rate"": 0.0022628199833872827, ""max_dropout"": 0.5491550150306908, ""max_units"": 177, ""momentum"": 0.1, ""num_layers"": 5, ""weight_decay"": 0.1}","{""time"": 3.4654014110565186, ""val_accuracy"": 60.790836334228516, ""val_cross_entropy"": 0.5590840578079224, ""val_balanced_accuracy"": 0.5707095265388489, ""test_cross_entropy"": 0.6714544296264648, ""test_balanced_accuracy"": 0.5603428483009338}"
2026-04-17T23:37:21.634044,cats,lcbench,126025,2,616,6.324066162109375,"{""OpenML_task_id"": ""189873"", ""batch_size"": 16, ""epoch"": 4, ""learning_rate"": 0.0715949427408668, ""max_dropout"": 0.0, ""max_units"": 78, ""momentum"": 0.28095010690293365, ""num_layers"": 5, ""weight_decay"": 0.06391339253472339}","{""time"": 6.324066162109375, ""val_accuracy"": 76.80549621582031, ""val_cross_entropy"": 0.5398260354995728, ""val_balanced_accuracy"": 0.5919066071510315, ""test_cross_entropy"": 0.6382381916046143, ""test_balanced_accuracy"": 0.5848042964935303}"
2026-04-17T23:37:21.635563,cats,lcbench,126025,2,617,3.0331156253814697,"{""OpenML_task_id"": ""167185"", ""batch_size"": 16, ""epoch"": 1, ""learning_rate"": 0.06378965879125717, ""max_dropout"": 0.8884751563016586, ""max_units"": 187, ""momentum"": 0.2732573383191554, ""num_layers"": 3, ""weight_decay"": 0.05843061004411598}","{""time"": 3.0331156253814697, ""val_accuracy"": 44.81563186645508, ""val_cross_entropy"": 0.6234913468360901, ""val_balanced_accuracy"": 0.5065385699272156, ""test_cross_entropy"": 0.7072746753692627, ""test_balanced_accuracy"": 0.5115318894386292}"
2026-04-17T23:37:21.636546,cats,lcbench,126025,2,618,10.581384658813477,"{""OpenML_task_id"": ""168331"", ""batch_size"": 146, ""epoch"": 8, ""learning_rate"": 0.08511656436565698, ""max_dropout"": 0.12839025847480579, ""max_units"": 64, ""momentum"": 0.23596788125118798, ""num_layers"": 4, ""weight_decay"": 0.057980478498816074}","{""time"": 10.581384658813477, ""val_accuracy"": 74.51346588134766, ""val_cross_entropy"": 0.4666071832180023, ""val_balanced_accuracy"": 0.7250503897666931, ""test_cross_entropy"": 0.5986138582229614, ""test_balanced_accuracy"": 0.7198183536529541}"
2026-04-17T23:37:21.637050,cats,lcbench,126025,2,619,2.878329277038574,"{""OpenML_task_id"": ""3945"", ""batch_size"": 69, ""epoch"": 1, ""learning_rate"": 0.03862933980576706, ""max_dropout"": 0.8198803083075324, ""max_units"": 86, ""momentum"": 0.4219106925729827, ""num_layers"": 4, ""weight_decay"": 0.01838453640114385}","{""time"": 2.878329277038574, ""val_accuracy"": 36.86665344238281, ""val_cross_entropy"": 0.6417289972305298, ""val_balanced_accuracy"": 0.44856205582618713, ""test_cross_entropy"": 0.7123681306838989, ""test_balanced_accuracy"": 0.45227423310279846}"
2026-04-17T23:37:21.637050,cats,lcbench,126025,2,620,14.526342391967773,"{""OpenML_task_id"": ""168329"", ""batch_size"": 210, ""epoch"": 5, ""learning_rate"": 0.00010000000000000009, ""max_dropout"": 0.7099279032508582, ""max_units"": 64, ""momentum"": 0.23872872169174614, ""num_layers"": 2, ""weight_decay"": 0.02126848309119628}","{""time"": 14.526342391967773, ""val_accuracy"": 48.72453689575195, ""val_cross_entropy"": 0.6418851613998413, ""val_balanced_accuracy"": 0.5090742707252502, ""test_cross_entropy"": 0.6853101253509521, ""test_balanced_accuracy"": 0.509355902671814}"
2026-04-17T23:37:21.638052,cats,lcbench,126025,2,621,17.152130126953125,"{""OpenML_task_id"": ""189873"", ""batch_size"": 16, ""epoch"": 8, ""learning_rate"": 0.08242116745886481, ""max_dropout"": 0.10281351272986239, ""max_units"": 88, ""momentum"": 0.481174892457665, ""num_layers"": 5, ""weight_decay"": 0.06894027513119147}","{""time"": 17.152130126953125, ""val_accuracy"": 75.47064971923828, ""val_cross_entropy"": 0.5403510928153992, ""val_balanced_accuracy"": 0.5724723935127258, ""test_cross_entropy"": 0.6621009111404419, ""test_balanced_accuracy"": 0.5664529204368591}"
2026-04-17T23:37:21.638052,cats,lcbench,126025,2,622,5.084381580352783,"{""OpenML_task_id"": ""167104"", ""batch_size"": 49, ""epoch"": 1, ""learning_rate"": 0.018590542125224766, ""max_dropout"": 0.1830517734964683, ""max_units"": 336, ""momentum"": 0.6804996246446458, ""num_layers"": 5, ""weight_decay"": 0.02429255827106621}","{""time"": 5.084381580352783, ""val_accuracy"": 50.97705078125, ""val_cross_entropy"": 0.5845209956169128, ""val_balanced_accuracy"": 0.5201674699783325, ""test_cross_entropy"": 0.6912763118743896, ""test_balanced_accuracy"": 0.5157750248908997}"
2026-04-17T23:37:21.639555,cats,lcbench,126025,2,623,14.273942947387695,"{""OpenML_task_id"": ""3945"", ""batch_size"": 51, ""epoch"": 7, ""learning_rate"": 0.04910422101317154, ""max_dropout"": 0.9371420841637026, ""max_units"": 216, ""momentum"": 0.5175275374771708, ""num_layers"": 5, ""weight_decay"": 0.02116886573918611}","{""time"": 14.273942947387695, ""val_accuracy"": 82.39115142822266, ""val_cross_entropy"": 0.26330476999282837, ""val_balanced_accuracy"": 0.792903482913971, ""test_cross_entropy"": 0.5301992893218994, ""test_balanced_accuracy"": 0.7736721634864807}"
2026-04-17T23:37:21.639555,cats,lcbench,126025,2,624,2.5687568187713623,"{""OpenML_task_id"": ""189873"", ""batch_size"": 54, ""epoch"": 1, ""learning_rate"": 0.09792327120447947, ""max_dropout"": 0.0, ""max_units"": 247, ""momentum"": 0.2867302196709902, ""num_layers"": 5, ""weight_decay"": 0.05606374141839914}","{""time"": 2.5687568187713623, ""val_accuracy"": 54.3635139465332, ""val_cross_entropy"": 0.6149736046791077, ""val_balanced_accuracy"": 0.5379757881164551, ""test_cross_entropy"": 0.6797944903373718, ""test_balanced_accuracy"": 0.5321911573410034}"
2026-04-17T23:37:21.640560,cats,lcbench,126025,2,625,19.602214813232422,"{""OpenML_task_id"": ""168868"", ""batch_size"": 174, ""epoch"": 9, ""learning_rate"": 0.00010000000000000009, ""max_dropout"": 0.5410529485572335, ""max_units"": 64, ""momentum"": 0.20872070407536705, ""num_layers"": 2, ""weight_decay"": 0.02772961613805766}","{""time"": 19.602214813232422, ""val_accuracy"": 55.00779342651367, ""val_cross_entropy"": 0.6494564414024353, ""val_balanced_accuracy"": 0.5616139769554138, ""test_cross_entropy"": 0.6822445392608643, ""test_balanced_accuracy"": 0.5667803883552551}"
2026-04-17T23:37:21.640560,cats,lcbench,126025,2,626,24.68505859375,"{""OpenML_task_id"": ""3945"", ""batch_size"": 16, ""epoch"": 5, ""learning_rate"": 0.07891695232409955, ""max_dropout"": 0.5021709240803489, ""max_units"": 302, ""momentum"": 0.9299066885965945, ""num_layers"": 3, ""weight_decay"": 1e-05}","{""time"": 24.68505859375, ""val_accuracy"": 85.18246459960938, ""val_cross_entropy"": 0.46608927845954895, ""val_balanced_accuracy"": 0.8398275971412659, ""test_cross_entropy"": 0.489727258682251, ""test_balanced_accuracy"": 0.8354372382164001}"
2026-04-17T23:37:21.641560,cats,lcbench,126025,2,627,31.207000732421875,"{""OpenML_task_id"": ""167201"", ""batch_size"": 90, ""epoch"": 7, ""learning_rate"": 0.01221187245812007, ""max_dropout"": 0.18972662576863644, ""max_units"": 393, ""momentum"": 0.924270292338751, ""num_layers"": 5, ""weight_decay"": 0.020828185900483527}","{""time"": 31.207000732421875, ""val_accuracy"": 78.3073501586914, ""val_cross_entropy"": 0.30284950137138367, ""val_balanced_accuracy"": 0.7966447472572327, ""test_cross_entropy"": 0.49041497707366943, ""test_balanced_accuracy"": 0.77720707654953}"
2026-04-17T23:37:21.641560,cats,lcbench,126025,2,628,6.777268886566162,"{""OpenML_task_id"": ""3945"", ""batch_size"": 22, ""epoch"": 4, ""learning_rate"": 0.0719787225424165, ""max_dropout"": 0.4727494082937539, ""max_units"": 91, ""momentum"": 0.99, ""num_layers"": 4, ""weight_decay"": 1e-05}","{""time"": 6.777268886566162, ""val_accuracy"": 83.97035217285156, ""val_cross_entropy"": 0.3739052712917328, ""val_balanced_accuracy"": 0.8242140412330627, ""test_cross_entropy"": 0.47737303376197815, ""test_balanced_accuracy"": 0.8078869581222534}"
2026-04-17T23:37:21.643066,cats,lcbench,126025,2,629,2.7653772830963135,"{""OpenML_task_id"": ""167201"", ""batch_size"": 95, ""epoch"": 1, ""learning_rate"": 0.02206435669303217, ""max_dropout"": 0.17277901063449977, ""max_units"": 223, ""momentum"": 0.9187466555409514, ""num_layers"": 5, ""weight_decay"": 0.04158231107419319}","{""time"": 2.7653772830963135, ""val_accuracy"": 52.411773681640625, ""val_cross_entropy"": 0.6031625270843506, ""val_balanced_accuracy"": 0.5158448815345764, ""test_cross_entropy"": 0.6899528503417969, ""test_balanced_accuracy"": 0.5088461637496948}"
2026-04-17T23:37:21.643066,cats,lcbench,126025,2,630,1.6902403831481934,"{""OpenML_task_id"": ""168329"", ""batch_size"": 58, ""epoch"": 1, ""learning_rate"": 0.09112405900738882, ""max_dropout"": 0.21084113952687836, ""max_units"": 164, ""momentum"": 0.35254217095923956, ""num_layers"": 5, ""weight_decay"": 0.05347181565823815}","{""time"": 1.6902403831481934, ""val_accuracy"": 54.75176239013672, ""val_cross_entropy"": 0.6045590043067932, ""val_balanced_accuracy"": 0.5365974307060242, ""test_cross_entropy"": 0.6866465210914612, ""test_balanced_accuracy"": 0.5310959815979004}"
2026-04-17T23:37:21.643066,cats,lcbench,126025,2,631,4.649306774139404,"{""OpenML_task_id"": ""34539"", ""batch_size"": 60, ""epoch"": 1, ""learning_rate"": 0.00010000000000000009, ""max_dropout"": 0.5805864676050964, ""max_units"": 266, ""momentum"": 0.1, ""num_layers"": 4, ""weight_decay"": 0.09009872656350217}","{""time"": 4.649306774139404, ""val_accuracy"": 43.307334899902344, ""val_cross_entropy"": 0.6224534511566162, ""val_balanced_accuracy"": 0.5015662312507629, ""test_cross_entropy"": 0.6847048997879028, ""test_balanced_accuracy"": 0.5023714303970337}"
2026-04-17T23:37:21.644571,cats,lcbench,126025,2,632,24.558162689208984,"{""OpenML_task_id"": ""3945"", ""batch_size"": 47, ""epoch"": 8, ""learning_rate"": 0.08206913852649814, ""max_dropout"": 0.48768468445688695, ""max_units"": 286, ""momentum"": 0.9700716090791018, ""num_layers"": 2, ""weight_decay"": 0.01927372154373646}","{""time"": 24.558162689208984, ""val_accuracy"": 81.46699523925781, ""val_cross_entropy"": 0.6102251410484314, ""val_balanced_accuracy"": 0.806638240814209, ""test_cross_entropy"": 0.5409421324729919, ""test_balanced_accuracy"": 0.7923048138618469}"
2026-04-17T23:37:21.644571,cats,lcbench,126025,2,633,7.718536853790283,"{""OpenML_task_id"": ""189865"", ""batch_size"": 108, ""epoch"": 1, ""learning_rate"": 0.005201210440704026, ""max_dropout"": 0.1736276834647191, ""max_units"": 286, ""momentum"": 0.7435846862852493, ""num_layers"": 4, ""weight_decay"": 0.1}","{""time"": 7.718536853790283, ""val_accuracy"": 42.347389221191406, ""val_cross_entropy"": 0.6081833243370056, ""val_balanced_accuracy"": 0.4868732988834381, ""test_cross_entropy"": 0.6880854368209839, ""test_balanced_accuracy"": 0.49248558282852173}"
2026-04-17T23:37:21.644571,cats,lcbench,126025,2,634,6.321277141571045,"{""OpenML_task_id"": ""168329"", ""batch_size"": 213, ""epoch"": 1, ""learning_rate"": 0.0065050922544337515, ""max_dropout"": 0.7781124878206156, ""max_units"": 64, ""momentum"": 0.24745370213271492, ""num_layers"": 3, ""weight_decay"": 0.015251082713941575}","{""time"": 6.321277141571045, ""val_accuracy"": 44.77982711791992, ""val_cross_entropy"": 0.6624791026115417, ""val_balanced_accuracy"": 0.4791184663772583, ""test_cross_entropy"": 0.6957995891571045, ""test_balanced_accuracy"": 0.48923030495643616}"
2026-04-17T23:37:21.646082,cats,lcbench,126025,2,635,36.97174072265625,"{""OpenML_task_id"": ""168331"", ""batch_size"": 178, ""epoch"": 12, ""learning_rate"": 0.09146462766753238, ""max_dropout"": 0.0, ""max_units"": 269, ""momentum"": 0.33541412376627944, ""num_layers"": 4, ""weight_decay"": 0.0652205128905392}","{""time"": 36.97174072265625, ""val_accuracy"": 79.88457489013672, ""val_cross_entropy"": 0.44205397367477417, ""val_balanced_accuracy"": 0.7998649477958679, ""test_cross_entropy"": 0.5682330131530762, ""test_balanced_accuracy"": 0.7933421730995178}"
2026-04-17T23:37:21.647087,cats,lcbench,126025,2,636,5.202911853790283,"{""OpenML_task_id"": ""167184"", ""batch_size"": 192, ""epoch"": 4, ""learning_rate"": 0.04713705575244389, ""max_dropout"": 0.8785895356822939, ""max_units"": 64, ""momentum"": 0.49794157153956337, ""num_layers"": 5, ""weight_decay"": 0.025771728909928314}","{""time"": 5.202911853790283, ""val_accuracy"": 74.21800994873047, ""val_cross_entropy"": 0.49615243077278137, ""val_balanced_accuracy"": 0.6743327975273132, ""test_cross_entropy"": 0.6526291370391846, ""test_balanced_accuracy"": 0.6671761274337769}"
2026-04-17T23:37:21.647087,cats,lcbench,126025,2,637,2.471143960952759,"{""OpenML_task_id"": ""3945"", ""batch_size"": 104, ""epoch"": 1, ""learning_rate"": 0.07384135230674889, ""max_dropout"": 0.45258510504761873, ""max_units"": 64, ""momentum"": 0.99, ""num_layers"": 3, ""weight_decay"": 0.009444436841314975}","{""time"": 2.471143960952759, ""val_accuracy"": 41.34708786010742, ""val_cross_entropy"": 0.5905293226242065, ""val_balanced_accuracy"": 0.5014122128486633, ""test_cross_entropy"": 0.6876123547554016, ""test_balanced_accuracy"": 0.5137240290641785}"
2026-04-17T23:37:21.648086,cats,lcbench,126025,2,638,10.454487800598145,"{""OpenML_task_id"": ""167185"", ""batch_size"": 71, ""epoch"": 8, ""learning_rate"": 0.06296619269993572, ""max_dropout"": 1.0, ""max_units"": 96, ""momentum"": 0.3452961810564619, ""num_layers"": 4, ""weight_decay"": 0.0557009479233051}","{""time"": 10.454487800598145, ""val_accuracy"": 67.67726135253906, ""val_cross_entropy"": 0.5427536368370056, ""val_balanced_accuracy"": 0.5924792885780334, ""test_cross_entropy"": 0.6531040668487549, ""test_balanced_accuracy"": 0.58444744348526}"
2026-04-17T23:37:21.648086,cats,lcbench,126025,2,639,6.496980667114258,"{""OpenML_task_id"": ""3945"", ""batch_size"": 171, ""epoch"": 9, ""learning_rate"": 0.055798886516911075, ""max_dropout"": 0.914406962664725, ""max_units"": 104, ""momentum"": 0.6281141479409731, ""num_layers"": 5, ""weight_decay"": 0.003589759600272682}","{""time"": 6.496980667114258, ""val_accuracy"": 82.08684539794922, ""val_cross_entropy"": 0.24408268928527832, ""val_balanced_accuracy"": 0.8315930962562561, ""test_cross_entropy"": 0.4893755614757538, ""test_balanced_accuracy"": 0.8085205554962158}"
2026-04-17T23:37:21.649450,cats,lcbench,126025,2,640,1.8143483400344849,"{""OpenML_task_id"": ""3945"", ""batch_size"": 135, ""epoch"": 1, ""learning_rate"": 0.05834099665496485, ""max_dropout"": 1.0, ""max_units"": 175, ""momentum"": 0.4619790026489047, ""num_layers"": 5, ""weight_decay"": 0.02638431414273198}","{""time"": 1.8143483400344849, ""val_accuracy"": 55.494346618652344, ""val_cross_entropy"": 0.5107647180557251, ""val_balanced_accuracy"": 0.5649617314338684, ""test_cross_entropy"": 0.695030927658081, ""test_balanced_accuracy"": 0.5533891320228577}"
2026-04-17T23:37:21.649450,cats,lcbench,126025,2,641,4.334156513214111,"{""OpenML_task_id"": ""189906"", ""batch_size"": 49, ""epoch"": 1, ""learning_rate"": 0.007084238145425728, ""max_dropout"": 0.5527606083304604, ""max_units"": 147, ""momentum"": 0.15462254454453978, ""num_layers"": 4, ""weight_decay"": 0.08726457156862459}","{""time"": 4.334156513214111, ""val_accuracy"": 44.040199279785156, ""val_cross_entropy"": 0.6172795295715332, ""val_balanced_accuracy"": 0.4991174340248108, ""test_cross_entropy"": 0.6829792261123657, ""test_balanced_accuracy"": 0.5001580715179443}"
2026-04-17T23:37:21.649450,cats,lcbench,126025,2,642,9.018183708190918,"{""OpenML_task_id"": ""167185"", ""batch_size"": 96, ""epoch"": 4, ""learning_rate"": 0.06294873957933374, ""max_dropout"": 0.9579911972114321, ""max_units"": 314, ""momentum"": 0.4250831574073256, ""num_layers"": 4, ""weight_decay"": 0.06039432256702747}","{""time"": 9.018183708190918, ""val_accuracy"": 68.68509674072266, ""val_cross_entropy"": 0.5023549795150757, ""val_balanced_accuracy"": 0.6842925548553467, ""test_cross_entropy"": 0.633726179599762, ""test_balanced_accuracy"": 0.6809282898902893}"
2026-04-17T23:37:21.651040,cats,lcbench,126025,2,643,3.4695849418640137,"{""OpenML_task_id"": ""168331"", ""batch_size"": 33, ""epoch"": 1, ""learning_rate"": 0.0213425041131662, ""max_dropout"": 0.46351878934039703, ""max_units"": 196, ""momentum"": 0.537923569136249, ""num_layers"": 3, ""weight_decay"": 0.04410394166026127}","{""time"": 3.4695849418640137, ""val_accuracy"": 44.630184173583984, ""val_cross_entropy"": 0.6293752789497375, ""val_balanced_accuracy"": 0.5108270049095154, ""test_cross_entropy"": 0.6975998878479004, ""test_balanced_accuracy"": 0.5260701775550842}"
2026-04-17T23:37:21.651550,cats,lcbench,126025,2,644,17.65274429321289,"{""OpenML_task_id"": ""3945"", ""batch_size"": 91, ""epoch"": 9, ""learning_rate"": 0.08466464152931796, ""max_dropout"": 0.5083668078196933, ""max_units"": 93, ""momentum"": 0.9345328466288941, ""num_layers"": 2, ""weight_decay"": 0.02346879028294678}","{""time"": 17.65274429321289, ""val_accuracy"": 82.09185791015625, ""val_cross_entropy"": 0.49739786982536316, ""val_balanced_accuracy"": 0.8202118873596191, ""test_cross_entropy"": 0.5406025052070618, ""test_balanced_accuracy"": 0.8084712028503418}"
2026-04-17T23:37:21.652059,cats,lcbench,126025,2,645,3.6062428951263428,"{""OpenML_task_id"": ""167185"", ""batch_size"": 23, ""epoch"": 1, ""learning_rate"": 0.08552632442531871, ""max_dropout"": 0.7886557388588971, ""max_units"": 253, ""momentum"": 0.48049417694667806, ""num_layers"": 3, ""weight_decay"": 0.04925835119930281}","{""time"": 3.6062428951263428, ""val_accuracy"": 44.143470764160156, ""val_cross_entropy"": 0.6362200379371643, ""val_balanced_accuracy"": 0.5077021718025208, ""test_cross_entropy"": 0.711146354675293, ""test_balanced_accuracy"": 0.5139337778091431}"
2026-04-17T23:37:21.652059,cats,lcbench,126025,2,646,2.2633678913116455,"{""OpenML_task_id"": ""3945"", ""batch_size"": 139, ""epoch"": 1, ""learning_rate"": 0.05048764225495477, ""max_dropout"": 1.0, ""max_units"": 204, ""momentum"": 0.632666848791832, ""num_layers"": 5, ""weight_decay"": 0.016022576247118205}","{""time"": 2.2633678913116455, ""val_accuracy"": 53.31670379638672, ""val_cross_entropy"": 0.513299822807312, ""val_balanced_accuracy"": 0.5474408268928528, ""test_cross_entropy"": 0.6996482610702515, ""test_balanced_accuracy"": 0.5344850420951843}"
2026-04-17T23:37:21.653074,cats,lcbench,126025,2,647,3.507235527038574,"{""OpenML_task_id"": ""3945"", ""batch_size"": 39, ""epoch"": 1, ""learning_rate"": 0.06214558223338966, ""max_dropout"": 0.34035990704177194, ""max_units"": 145, ""momentum"": 0.99, ""num_layers"": 3, ""weight_decay"": 0.0005436727712578252}","{""time"": 3.507235527038574, ""val_accuracy"": 45.6309928894043, ""val_cross_entropy"": 0.6335843205451965, ""val_balanced_accuracy"": 0.5591855049133301, ""test_cross_entropy"": 0.6292258501052856, ""test_balanced_accuracy"": 0.5698458552360535}"
2026-04-17T23:37:21.654063,cats,lcbench,126025,2,648,2.9048242568969727,"{""OpenML_task_id"": ""34539"", ""batch_size"": 16, ""epoch"": 1, ""learning_rate"": 0.011066018162188896, ""max_dropout"": 0.6958781748137928, ""max_units"": 207, ""momentum"": 0.22165864113295725, ""num_layers"": 5, ""weight_decay"": 0.08653845112796324}","{""time"": 2.9048242568969727, ""val_accuracy"": 55.436370849609375, ""val_cross_entropy"": 0.5959868431091309, ""val_balanced_accuracy"": 0.5486167669296265, ""test_cross_entropy"": 0.6836780309677124, ""test_balanced_accuracy"": 0.5361166596412659}"
2026-04-17T23:37:21.654063,cats,lcbench,126025,2,649,19.77373504638672,"{""OpenML_task_id"": ""168331"", ""batch_size"": 163, ""epoch"": 9, ""learning_rate"": 0.0844095061215622, ""max_dropout"": 0.18467950392820598, ""max_units"": 181, ""momentum"": 0.33764788435573667, ""num_layers"": 5, ""weight_decay"": 0.06583763817159985}","{""time"": 19.77373504638672, ""val_accuracy"": 75.10160827636719, ""val_cross_entropy"": 0.5319249033927917, ""val_balanced_accuracy"": 0.6149046421051025, ""test_cross_entropy"": 0.6517196893692017, ""test_balanced_accuracy"": 0.6151803135871887}"
2026-04-17T23:37:21.655575,cats,lcbench,126025,2,650,8.962404251098633,"{""OpenML_task_id"": ""167201"", ""batch_size"": 79, ""epoch"": 1, ""learning_rate"": 0.00562933445552342, ""max_dropout"": 0.17371781572401254, ""max_units"": 404, ""momentum"": 0.8026731926845144, ""num_layers"": 4, ""weight_decay"": 0.021371598859204092}","{""time"": 8.962404251098633, ""val_accuracy"": 41.15730667114258, ""val_cross_entropy"": 0.6576668620109558, ""val_balanced_accuracy"": 0.48845174908638, ""test_cross_entropy"": 0.7055491805076599, ""test_balanced_accuracy"": 0.5002992749214172}"
2026-04-17T23:37:21.655575,cats,lcbench,126025,2,651,10.129576683044434,"{""OpenML_task_id"": ""7593"", ""batch_size"": 88, ""epoch"": 1, ""learning_rate"": 0.00010000000000000009, ""max_dropout"": 0.052001285446033024, ""max_units"": 302, ""momentum"": 0.6780801003054034, ""num_layers"": 3, ""weight_decay"": 0.08943097374304976}","{""time"": 10.129576683044434, ""val_accuracy"": 44.7364616394043, ""val_cross_entropy"": 0.5740478038787842, ""val_balanced_accuracy"": 0.49641352891921997, ""test_cross_entropy"": 0.683204174041748, ""test_balanced_accuracy"": 0.5048660635948181}"
2026-04-17T23:37:21.655575,cats,lcbench,126025,2,652,8.478523254394531,"{""OpenML_task_id"": ""168331"", ""batch_size"": 153, ""epoch"": 5, ""learning_rate"": 0.09155379338468964, ""max_dropout"": 0.015706852619083916, ""max_units"": 193, ""momentum"": 0.2495885888436385, ""num_layers"": 4, ""weight_decay"": 0.04857098930653127}","{""time"": 8.478523254394531, ""val_accuracy"": 79.59864044189453, ""val_cross_entropy"": 0.3891238570213318, ""val_balanced_accuracy"": 0.8141099214553833, ""test_cross_entropy"": 0.5532562136650085, ""test_balanced_accuracy"": 0.8074725866317749}"
2026-04-17T23:37:21.657098,cats,lcbench,126025,2,653,3.1641957759857178,"{""OpenML_task_id"": ""34539"", ""batch_size"": 36, ""epoch"": 1, ""learning_rate"": 0.00010000000000000009, ""max_dropout"": 0.6141297791149098, ""max_units"": 64, ""momentum"": 0.1, ""num_layers"": 4, ""weight_decay"": 0.09748987541784128}","{""time"": 3.1641957759857178, ""val_accuracy"": 44.16309356689453, ""val_cross_entropy"": 0.636242687702179, ""val_balanced_accuracy"": 0.5050297975540161, ""test_cross_entropy"": 0.6904326677322388, ""test_balanced_accuracy"": 0.5015777349472046}"
2026-04-17T23:37:21.657623,cats,lcbench,126025,2,654,22.460880279541016,"{""OpenML_task_id"": ""168908"", ""batch_size"": 96, ""epoch"": 11, ""learning_rate"": 0.07675569758660615, ""max_dropout"": 0.2257803565527222, ""max_units"": 252, ""momentum"": 0.31406176330872204, ""num_layers"": 4, ""weight_decay"": 0.04970331708026478}","{""time"": 22.460880279541016, ""val_accuracy"": 79.90286254882812, ""val_cross_entropy"": 0.4082329273223877, ""val_balanced_accuracy"": 0.8209365010261536, ""test_cross_entropy"": 0.5482862591743469, ""test_balanced_accuracy"": 0.8088937997817993}"
2026-04-17T23:37:21.658631,cats,lcbench,126025,2,655,4.943540096282959,"{""OpenML_task_id"": ""167185"", ""batch_size"": 16, ""epoch"": 2, ""learning_rate"": 0.07624891964253386, ""max_dropout"": 0.9682432936452481, ""max_units"": 261, ""momentum"": 0.3125934109759091, ""num_layers"": 3, ""weight_decay"": 0.05147546771691029}","{""time"": 4.943540096282959, ""val_accuracy"": 64.89839935302734, ""val_cross_entropy"": 0.8756648302078247, ""val_balanced_accuracy"": 0.6824052333831787, ""test_cross_entropy"": 0.6234109401702881, ""test_balanced_accuracy"": 0.6863631010055542}"
2026-04-17T23:37:21.658631,cats,lcbench,126025,2,656,14.00341510772705,"{""OpenML_task_id"": ""168329"", ""batch_size"": 154, ""epoch"": 3, ""learning_rate"": 0.01023274318457956, ""max_dropout"": 0.683782736013304, ""max_units"": 184, ""momentum"": 0.18790670077544525, ""num_layers"": 2, ""weight_decay"": 0.03816672755867187}","{""time"": 14.00341510772705, ""val_accuracy"": 80.49668884277344, ""val_cross_entropy"": 0.43882834911346436, ""val_balanced_accuracy"": 0.8021934032440186, ""test_cross_entropy"": 0.5744516849517822, ""test_balanced_accuracy"": 0.7998436093330383}"
2026-04-17T23:37:21.659633,cats,lcbench,126025,2,657,9.71960163116455,"{""OpenML_task_id"": ""168329"", ""batch_size"": 171, ""epoch"": 3, ""learning_rate"": 0.00010000000000000009, ""max_dropout"": 0.768177320649039, ""max_units"": 154, ""momentum"": 0.30983792513962677, ""num_layers"": 1, ""weight_decay"": 0.0120550141836479}","{""time"": 9.71960163116455, ""val_accuracy"": 52.67263412475586, ""val_cross_entropy"": 0.6476746201515198, ""val_balanced_accuracy"": 0.4679875373840332, ""test_cross_entropy"": 0.6904808282852173, ""test_balanced_accuracy"": 0.4630587697029114}"
2026-04-17T23:37:21.659633,cats,lcbench,126025,2,658,4.954696178436279,"{""OpenML_task_id"": ""167185"", ""batch_size"": 16, ""epoch"": 3, ""learning_rate"": 0.06598755377091625, ""max_dropout"": 0.9944442425175628, ""max_units"": 64, ""momentum"": 0.3193194503929862, ""num_layers"": 5, ""weight_decay"": 0.050225745316513776}","{""time"": 4.954696178436279, ""val_accuracy"": 77.21574401855469, ""val_cross_entropy"": 0.43809056282043457, ""val_balanced_accuracy"": 0.6213216781616211, ""test_cross_entropy"": 0.6480711698532104, ""test_balanced_accuracy"": 0.6097843647003174}"
2026-04-17T23:37:21.661171,cats,lcbench,126025,2,659,1.8268985748291016,"{""OpenML_task_id"": ""189865"", ""batch_size"": 16, ""epoch"": 1, ""learning_rate"": 0.01595016835683135, ""max_dropout"": 0.700814613063041, ""max_units"": 64, ""momentum"": 0.23493663361304695, ""num_layers"": 5, ""weight_decay"": 0.08351695177319801}","{""time"": 1.8268985748291016, ""val_accuracy"": 58.29840087890625, ""val_cross_entropy"": 0.5746839046478271, ""val_balanced_accuracy"": 0.5575613379478455, ""test_cross_entropy"": 0.6878132820129395, ""test_balanced_accuracy"": 0.5443889498710632}"
2026-04-17T23:37:21.661675,cats,lcbench,126025,2,660,26.114391326904297,"{""OpenML_task_id"": ""7593"", ""batch_size"": 108, ""epoch"": 6, ""learning_rate"": 0.00017840542087594366, ""max_dropout"": 0.5226145651986334, ""max_units"": 64, ""momentum"": 0.18992767006789385, ""num_layers"": 1, ""weight_decay"": 0.03316078279823826}","{""time"": 26.114391326904297, ""val_accuracy"": 61.205718994140625, ""val_cross_entropy"": 0.6473436951637268, ""val_balanced_accuracy"": 0.5679090619087219, ""test_cross_entropy"": 0.6760472059249878, ""test_balanced_accuracy"": 0.5685940384864807}"
2026-04-17T23:37:21.661675,cats,lcbench,126025,2,661,12.5447998046875,"{""OpenML_task_id"": ""167185"", ""batch_size"": 87, ""epoch"": 11, ""learning_rate"": 0.0639698139683749, ""max_dropout"": 0.866522351569087, ""max_units"": 64, ""momentum"": 0.2869635980790836, ""num_layers"": 3, ""weight_decay"": 0.047107822391069185}","{""time"": 12.5447998046875, ""val_accuracy"": 74.13043212890625, ""val_cross_entropy"": 0.5690650343894958, ""val_balanced_accuracy"": 0.7816968560218811, ""test_cross_entropy"": 0.5682956576347351, ""test_balanced_accuracy"": 0.7709720134735107}"
2026-04-17T23:37:21.663197,cats,lcbench,126025,2,662,20.44586944580078,"{""OpenML_task_id"": ""168329"", ""batch_size"": 86, ""epoch"": 4, ""learning_rate"": 0.00010000000000000009, ""max_dropout"": 0.6182614218234084, ""max_units"": 124, ""momentum"": 0.2855214828492967, ""num_layers"": 3, ""weight_decay"": 0.024235141177336758}","{""time"": 20.44586944580078, ""val_accuracy"": 49.28835678100586, ""val_cross_entropy"": 0.6473057270050049, ""val_balanced_accuracy"": 0.5195527076721191, ""test_cross_entropy"": 0.6833930015563965, ""test_balanced_accuracy"": 0.5265952348709106}"
2026-04-17T23:37:21.663715,cats,lcbench,126025,2,663,9.55366039276123,"{""OpenML_task_id"": ""34539"", ""batch_size"": 16, ""epoch"": 4, ""learning_rate"": 0.015520703265945466, ""max_dropout"": 0.5580473638183046, ""max_units"": 106, ""momentum"": 0.1, ""num_layers"": 5, ""weight_decay"": 0.08058314418952452}","{""time"": 9.55366039276123, ""val_accuracy"": 80.17704772949219, ""val_cross_entropy"": 0.5759735107421875, ""val_balanced_accuracy"": 0.5697545409202576, ""test_cross_entropy"": 0.680418848991394, ""test_balanced_accuracy"": 0.5647990703582764}"
2026-04-17T23:37:21.663715,cats,lcbench,126025,2,664,13.472122192382812,"{""OpenML_task_id"": ""34539"", ""batch_size"": 28, ""epoch"": 6, ""learning_rate"": 0.00010000000000000009, ""max_dropout"": 0.5359933317953807, ""max_units"": 142, ""momentum"": 0.1, ""num_layers"": 5, ""weight_decay"": 0.1}","{""time"": 13.472122192382812, ""val_accuracy"": 63.48856735229492, ""val_cross_entropy"": 0.5873674154281616, ""val_balanced_accuracy"": 0.5852550864219666, ""test_cross_entropy"": 0.6776334643363953, ""test_balanced_accuracy"": 0.5745716094970703}"
2026-04-17T23:37:21.664720,cats,lcbench,126025,2,665,31.81777572631836,"{""OpenML_task_id"": ""3945"", ""batch_size"": 16, ""epoch"": 7, ""learning_rate"": 0.07555650577131642, ""max_dropout"": 0.3002020671513327, ""max_units"": 330, ""momentum"": 0.99, ""num_layers"": 2, ""weight_decay"": 0.0008139265890929077}","{""time"": 31.81777572631836, ""val_accuracy"": 82.64864349365234, ""val_cross_entropy"": 0.7621757984161377, ""val_balanced_accuracy"": 0.8026219010353088, ""test_cross_entropy"": 0.510090708732605, ""test_balanced_accuracy"": 0.7957745790481567}"
2026-04-17T23:37:21.664720,cats,lcbench,126025,2,666,22.438568115234375,"{""OpenML_task_id"": ""167149"", ""batch_size"": 87, ""epoch"": 9, ""learning_rate"": 0.08030619487307011, ""max_dropout"": 0.18707892453046876, ""max_units"": 308, ""momentum"": 0.20838039956748478, ""num_layers"": 3, ""weight_decay"": 0.0707816773654887}","{""time"": 22.438568115234375, ""val_accuracy"": 77.39695739746094, ""val_cross_entropy"": 0.42675212025642395, ""val_balanced_accuracy"": 0.8053054213523865, ""test_cross_entropy"": 0.5593452453613281, ""test_balanced_accuracy"": 0.7992854118347168}"
2026-04-17T23:37:21.664720,cats,lcbench,126025,2,667,3.1460676193237305,"{""OpenML_task_id"": ""168331"", ""batch_size"": 131, ""epoch"": 1, ""learning_rate"": 0.07664707346824234, ""max_dropout"": 0.178694323658215, ""max_units"": 127, ""momentum"": 0.39930887873645626, ""num_layers"": 3, ""weight_decay"": 0.07505626468372478}","{""time"": 3.1460676193237305, ""val_accuracy"": 47.42338943481445, ""val_cross_entropy"": 0.6300000548362732, ""val_balanced_accuracy"": 0.5141063332557678, ""test_cross_entropy"": 0.6890491247177124, ""test_balanced_accuracy"": 0.528147280216217}"
2026-04-17T23:37:21.666237,cats,lcbench,126025,2,668,4.381568431854248,"{""OpenML_task_id"": ""168329"", ""batch_size"": 126, ""epoch"": 1, ""learning_rate"": 0.009827485008571146, ""max_dropout"": 0.7148025519562239, ""max_units"": 64, ""momentum"": 0.2710006522502264, ""num_layers"": 3, ""weight_decay"": 0.025568069229632208}","{""time"": 4.381568431854248, ""val_accuracy"": 45.358436584472656, ""val_cross_entropy"": 0.6484103798866272, ""val_balanced_accuracy"": 0.4942226707935333, ""test_cross_entropy"": 0.6977455615997314, ""test_balanced_accuracy"": 0.5052552223205566}"
2026-04-17T23:37:21.667248,cats,lcbench,126025,2,669,9.351461410522461,"{""OpenML_task_id"": ""189865"", ""batch_size"": 70, ""epoch"": 2, ""learning_rate"": 0.00010000000000000009, ""max_dropout"": 0.2875161174458485, ""max_units"": 218, ""momentum"": 0.9279641305968558, ""num_layers"": 2, ""weight_decay"": 0.08875977081104741}","{""time"": 9.351461410522461, ""val_accuracy"": 67.58709716796875, ""val_cross_entropy"": 0.5780934691429138, ""val_balanced_accuracy"": 0.6887117624282837, ""test_cross_entropy"": 0.6586328744888306, ""test_balanced_accuracy"": 0.6903188824653625}"
2026-04-17T23:37:21.667248,cats,lcbench,126025,2,670,7.664152145385742,"{""OpenML_task_id"": ""167201"", ""batch_size"": 56, ""epoch"": 3, ""learning_rate"": 0.013647349681323449, ""max_dropout"": 0.18045956716643183, ""max_units"": 281, ""momentum"": 0.7901469779862386, ""num_layers"": 4, ""weight_decay"": 0.03272303243960747}","{""time"": 7.664152145385742, ""val_accuracy"": 79.91413879394531, ""val_cross_entropy"": 0.36810556054115295, ""val_balanced_accuracy"": 0.8242549300193787, ""test_cross_entropy"": 0.540416955947876, ""test_balanced_accuracy"": 0.8167415261268616}"
2026-04-17T23:37:21.668247,cats,lcbench,126025,2,671,2.849045515060425,"{""OpenML_task_id"": ""168329"", ""batch_size"": 161, ""epoch"": 1, ""learning_rate"": 0.00010000000000000009, ""max_dropout"": 0.580895591010991, ""max_units"": 64, ""momentum"": 0.1991820116244806, ""num_layers"": 2, ""weight_decay"": 0.01426512489247353}","{""time"": 2.849045515060425, ""val_accuracy"": 46.17477798461914, ""val_cross_entropy"": 0.634496808052063, ""val_balanced_accuracy"": 0.47982263565063477, ""test_cross_entropy"": 0.6863994598388672, ""test_balanced_accuracy"": 0.4816776216030121}"
2026-04-17T23:37:21.669249,cats,lcbench,126025,2,672,4.198893070220947,"{""OpenML_task_id"": ""168329"", ""batch_size"": 159, ""epoch"": 1, ""learning_rate"": 0.00010000000000000009, ""max_dropout"": 0.6153624171591341, ""max_units"": 164, ""momentum"": 0.1034454230575805, ""num_layers"": 3, ""weight_decay"": 0.028120752007721652}","{""time"": 4.198893070220947, ""val_accuracy"": 44.60499572753906, ""val_cross_entropy"": 0.6324981451034546, ""val_balanced_accuracy"": 0.4849834740161896, ""test_cross_entropy"": 0.6839646100997925, ""test_balanced_accuracy"": 0.4936912953853607}"
2026-04-17T23:37:21.669249,cats,lcbench,126025,2,673,19.036060333251953,"{""OpenML_task_id"": ""168331"", ""batch_size"": 159, ""epoch"": 11, ""learning_rate"": 0.07865171230095054, ""max_dropout"": 0.2215921022861971, ""max_units"": 185, ""momentum"": 0.22181479558647382, ""num_layers"": 3, ""weight_decay"": 0.051656514366666975}","{""time"": 19.036060333251953, ""val_accuracy"": 77.78485107421875, ""val_cross_entropy"": 0.4033169150352478, ""val_balanced_accuracy"": 0.8132346272468567, ""test_cross_entropy"": 0.5413533449172974, ""test_balanced_accuracy"": 0.8082029223442078}"
2026-04-17T23:37:21.670247,cats,lcbench,126025,2,674,13.31036376953125,"{""OpenML_task_id"": ""167200"", ""batch_size"": 43, ""epoch"": 7, ""learning_rate"": 0.011103290668111778, ""max_dropout"": 0.029123153348196207, ""max_units"": 188, ""momentum"": 0.7508730576113776, ""num_layers"": 5, ""weight_decay"": 0.015881399033524445}","{""time"": 13.31036376953125, ""val_accuracy"": 80.78831481933594, ""val_cross_entropy"": 0.30832964181900024, ""val_balanced_accuracy"": 0.7954103946685791, ""test_cross_entropy"": 0.4965807795524597, ""test_balanced_accuracy"": 0.7749260067939758}"
2026-04-17T23:37:21.670247,cats,lcbench,126025,2,675,11.814096450805664,"{""OpenML_task_id"": ""34539"", ""batch_size"": 48, ""epoch"": 5, ""learning_rate"": 0.00010000000000000009, ""max_dropout"": 0.6824635826725827, ""max_units"": 145, ""momentum"": 0.17803486950335706, ""num_layers"": 5, ""weight_decay"": 0.09063448711539052}","{""time"": 11.814096450805664, ""val_accuracy"": 64.6331787109375, ""val_cross_entropy"": 0.566966712474823, ""val_balanced_accuracy"": 0.5845645070075989, ""test_cross_entropy"": 0.6745656132698059, ""test_balanced_accuracy"": 0.5748829245567322}"
2026-04-17T23:37:21.671750,cats,lcbench,126025,2,676,24.54979705810547,"{""OpenML_task_id"": ""3945"", ""batch_size"": 32, ""epoch"": 9, ""learning_rate"": 0.08807664461053524, ""max_dropout"": 0.5467960272201322, ""max_units"": 151, ""momentum"": 0.99, ""num_layers"": 3, ""weight_decay"": 0.01272210783800532}","{""time"": 24.54979705810547, ""val_accuracy"": 82.7555923461914, ""val_cross_entropy"": 0.6334127187728882, ""val_balanced_accuracy"": 0.8289626836776733, ""test_cross_entropy"": 0.5541774034500122, ""test_balanced_accuracy"": 0.7991573810577393}"
2026-04-17T23:37:21.671750,cats,lcbench,126025,2,677,32.73115539550781,"{""OpenML_task_id"": ""189865"", ""batch_size"": 122, ""epoch"": 5, ""learning_rate"": 0.00010000000000000009, ""max_dropout"": 0.04745858973857375, ""max_units"": 206, ""momentum"": 0.7127821286838156, ""num_layers"": 4, ""weight_decay"": 0.1}","{""time"": 32.73115539550781, ""val_accuracy"": 44.315059661865234, ""val_cross_entropy"": 0.647756814956665, ""val_balanced_accuracy"": 0.5214001536369324, ""test_cross_entropy"": 0.6834895610809326, ""test_balanced_accuracy"": 0.5218011140823364}"
2026-04-17T23:37:21.672758,cats,lcbench,126025,2,678,5.905725002288818,"{""OpenML_task_id"": ""189873"", ""batch_size"": 162, ""epoch"": 1, ""learning_rate"": 0.004140027817474904, ""max_dropout"": 0.1428686201259552, ""max_units"": 189, ""momentum"": 0.7400836417670167, ""num_layers"": 2, ""weight_decay"": 0.09830508084187689}","{""time"": 5.905725002288818, ""val_accuracy"": 46.9625244140625, ""val_cross_entropy"": 0.6386266946792603, ""val_balanced_accuracy"": 0.49492260813713074, ""test_cross_entropy"": 0.7017909288406372, ""test_balanced_accuracy"": 0.5052870512008667}"
2026-04-17T23:37:21.672758,cats,lcbench,126025,2,679,9.659639358520508,"{""OpenML_task_id"": ""3945"", ""batch_size"": 186, ""epoch"": 5, ""learning_rate"": 0.03568243484424742, ""max_dropout"": 0.9301124235284703, ""max_units"": 188, ""momentum"": 0.5010236424193301, ""num_layers"": 5, ""weight_decay"": 0.01094643184224651}","{""time"": 9.659639358520508, ""val_accuracy"": 76.53524780273438, ""val_cross_entropy"": 0.34127622842788696, ""val_balanced_accuracy"": 0.7710205316543579, ""test_cross_entropy"": 0.5607674717903137, ""test_balanced_accuracy"": 0.7569561004638672}"
2026-04-17T23:37:21.674262,cats,lcbench,126025,2,680,28.58260726928711,"{""OpenML_task_id"": ""167201"", ""batch_size"": 89, ""epoch"": 6, ""learning_rate"": 0.012667572852215538, ""max_dropout"": 0.0, ""max_units"": 414, ""momentum"": 0.8715332775919793, ""num_layers"": 4, ""weight_decay"": 0.02031515602235799}","{""time"": 28.58260726928711, ""val_accuracy"": 78.11283111572266, ""val_cross_entropy"": 0.3798416554927826, ""val_balanced_accuracy"": 0.8227062225341797, ""test_cross_entropy"": 0.5125789642333984, ""test_balanced_accuracy"": 0.8083586096763611}"
2026-04-17T23:37:21.674775,cats,lcbench,126025,2,681,16.98758316040039,"{""OpenML_task_id"": ""189873"", ""batch_size"": 16, ""epoch"": 4, ""learning_rate"": 0.07414239833963217, ""max_dropout"": 0.04179796192252001, ""max_units"": 271, ""momentum"": 0.24834186964239946, ""num_layers"": 4, ""weight_decay"": 0.06425198533924112}","{""time"": 16.98758316040039, ""val_accuracy"": 80.91445922851562, ""val_cross_entropy"": 0.42516759037971497, ""val_balanced_accuracy"": 0.7938523292541504, ""test_cross_entropy"": 0.5686569213867188, ""test_balanced_accuracy"": 0.7841683030128479}"
2026-04-17T23:37:21.675288,cats,lcbench,126025,2,682,1.4685195684432983,"{""OpenML_task_id"": ""3945"", ""batch_size"": 185, ""epoch"": 1, ""learning_rate"": 0.05590429681219408, ""max_dropout"": 0.8548568933432215, ""max_units"": 64, ""momentum"": 0.4028647403637404, ""num_layers"": 5, ""weight_decay"": 0.022577800582286447}","{""time"": 1.4685195684432983, ""val_accuracy"": 53.04304122924805, ""val_cross_entropy"": 0.5701501965522766, ""val_balanced_accuracy"": 0.5489370822906494, ""test_cross_entropy"": 0.6995831727981567, ""test_balanced_accuracy"": 0.5384500622749329}"
2026-04-17T23:37:21.676312,cats,lcbench,126025,2,683,21.05246353149414,"{""OpenML_task_id"": ""168868"", ""batch_size"": 160, ""epoch"": 5, ""learning_rate"": 0.012778452964955932, ""max_dropout"": 0.6863139797302535, ""max_units"": 64, ""momentum"": 0.20672835130967274, ""num_layers"": 2, ""weight_decay"": 0.019403079573350655}","{""time"": 21.05246353149414, ""val_accuracy"": 78.35381317138672, ""val_cross_entropy"": 0.4501154124736786, ""val_balanced_accuracy"": 0.7891888618469238, ""test_cross_entropy"": 0.5643763542175293, ""test_balanced_accuracy"": 0.7839409708976746}"
2026-04-17T23:37:21.676312,cats,lcbench,126025,2,684,4.264432907104492,"{""OpenML_task_id"": ""168908"", ""batch_size"": 28, ""epoch"": 4, ""learning_rate"": 0.01996098118234304, ""max_dropout"": 0.26970823932141197, ""max_units"": 64, ""momentum"": 0.4904796999360873, ""num_layers"": 5, ""weight_decay"": 0.02909820370909759}","{""time"": 4.264432907104492, ""val_accuracy"": 85.16232299804688, ""val_cross_entropy"": 0.42345768213272095, ""val_balanced_accuracy"": 0.7662456035614014, ""test_cross_entropy"": 0.5760339498519897, ""test_balanced_accuracy"": 0.756538987159729}"
2026-04-17T23:37:21.677294,cats,lcbench,126025,2,685,25.697444915771484,"{""OpenML_task_id"": ""167185"", ""batch_size"": 16, ""epoch"": 8, ""learning_rate"": 0.07301576792960306, ""max_dropout"": 0.9379513373391125, ""max_units"": 281, ""momentum"": 0.36622256662433417, ""num_layers"": 3, ""weight_decay"": 0.06342265627289267}","{""time"": 25.697444915771484, ""val_accuracy"": 69.68360900878906, ""val_cross_entropy"": 1.1477694511413574, ""val_balanced_accuracy"": 0.7260633707046509, ""test_cross_entropy"": 0.6005822420120239, ""test_balanced_accuracy"": 0.718686580657959}"
2026-04-17T23:37:21.677294,cats,lcbench,126025,2,686,7.924918174743652,"{""OpenML_task_id"": ""34539"", ""batch_size"": 16, ""epoch"": 3, ""learning_rate"": 0.00960820986173576, ""max_dropout"": 0.7218465836572006, ""max_units"": 183, ""momentum"": 0.18552501687399026, ""num_layers"": 5, ""weight_decay"": 0.07686827680174692}","{""time"": 7.924918174743652, ""val_accuracy"": 80.26058959960938, ""val_cross_entropy"": 0.5921149253845215, ""val_balanced_accuracy"": 0.593453049659729, ""test_cross_entropy"": 0.677807092666626, ""test_balanced_accuracy"": 0.5878360271453857}"
2026-04-17T23:37:21.678293,cats,lcbench,126025,2,687,12.770703315734863,"{""OpenML_task_id"": ""189873"", ""batch_size"": 103, ""epoch"": 6, ""learning_rate"": 0.09787657624551593, ""max_dropout"": 0.011170096939441015, ""max_units"": 64, ""momentum"": 0.4781205180394166, ""num_layers"": 4, ""weight_decay"": 0.0727409766023194}","{""time"": 12.770703315734863, ""val_accuracy"": 67.71109008789062, ""val_cross_entropy"": 0.5490260124206543, ""val_balanced_accuracy"": 0.6527697443962097, ""test_cross_entropy"": 0.6310161352157593, ""test_balanced_accuracy"": 0.6471675038337708}"
2026-04-17T23:37:21.678293,cats,lcbench,126025,2,688,1.6693233251571655,"{""OpenML_task_id"": ""3945"", ""batch_size"": 187, ""epoch"": 1, ""learning_rate"": 0.03866033074533966, ""max_dropout"": 1.0, ""max_units"": 64, ""momentum"": 0.527369171781386, ""num_layers"": 5, ""weight_decay"": 0.020222397563885917}","{""time"": 1.6693233251571655, ""val_accuracy"": 56.270179748535156, ""val_cross_entropy"": 0.5388569831848145, ""val_balanced_accuracy"": 0.5647958517074585, ""test_cross_entropy"": 0.6928588151931763, ""test_balanced_accuracy"": 0.5517134070396423}"
2026-04-17T23:37:21.679359,cats,lcbench,126025,2,689,20.419376373291016,"{""OpenML_task_id"": ""189909"", ""batch_size"": 91, ""epoch"": 10, ""learning_rate"": 0.07124412105357118, ""max_dropout"": 0.5434513965220358, ""max_units"": 112, ""momentum"": 0.8936052837889127, ""num_layers"": 2, ""weight_decay"": 0.008776996423720589}","{""time"": 20.419376373291016, ""val_accuracy"": 83.68223571777344, ""val_cross_entropy"": 0.4422512650489807, ""val_balanced_accuracy"": 0.827332615852356, ""test_cross_entropy"": 0.525031566619873, ""test_balanced_accuracy"": 0.8186458349227905}"
2026-04-17T23:37:21.680364,cats,lcbench,126025,2,690,27.221603393554688,"{""OpenML_task_id"": ""167168"", ""batch_size"": 88, ""epoch"": 7, ""learning_rate"": 0.011085746884808564, ""max_dropout"": 0.034557952829984306, ""max_units"": 407, ""momentum"": 0.7187707710305733, ""num_layers"": 5, ""weight_decay"": 0.04164670320276369}","{""time"": 27.221603393554688, ""val_accuracy"": 82.74138641357422, ""val_cross_entropy"": 0.39707842469215393, ""val_balanced_accuracy"": 0.8116122484207153, ""test_cross_entropy"": 0.542884111404419, ""test_balanced_accuracy"": 0.8036758303642273}"
2026-04-17T23:37:21.680364,cats,lcbench,126025,2,691,7.719931125640869,"{""OpenML_task_id"": ""167200"", ""batch_size"": 16, ""epoch"": 1, ""learning_rate"": 0.017015410746433726, ""max_dropout"": 0.07425002621457139, ""max_units"": 307, ""momentum"": 0.9372998621487787, ""num_layers"": 5, ""weight_decay"": 0.025857568187645914}","{""time"": 7.719931125640869, ""val_accuracy"": 45.6128044128418, ""val_cross_entropy"": 0.5946088433265686, ""val_balanced_accuracy"": 0.49221041798591614, ""test_cross_entropy"": 0.6913031339645386, ""test_balanced_accuracy"": 0.4810900092124939}"
2026-04-17T23:37:21.680364,cats,lcbench,126025,2,692,6.533236503601074,"{""OpenML_task_id"": ""189865"", ""batch_size"": 118, ""epoch"": 1, ""learning_rate"": 0.012409057961855312, ""max_dropout"": 0.3146271595342144, ""max_units"": 281, ""momentum"": 0.8417924500573396, ""num_layers"": 2, ""weight_decay"": 0.0951231039823268}","{""time"": 6.533236503601074, ""val_accuracy"": 47.700714111328125, ""val_cross_entropy"": 0.6598083972930908, ""val_balanced_accuracy"": 0.4961579442024231, ""test_cross_entropy"": 0.7059199213981628, ""test_balanced_accuracy"": 0.5104500651359558}"
2026-04-17T23:37:21.681870,cats,lcbench,126025,2,693,1.3681176900863647,"{""OpenML_task_id"": ""189873"", ""batch_size"": 99, ""epoch"": 1, ""learning_rate"": 0.08694373271890432, ""max_dropout"": 0.15120681891640997, ""max_units"": 122, ""momentum"": 0.35988286470926356, ""num_layers"": 5, ""weight_decay"": 0.05581315207445527}","{""time"": 1.3681176900863647, ""val_accuracy"": 56.63746643066406, ""val_cross_entropy"": 0.5990634560585022, ""val_balanced_accuracy"": 0.5495436191558838, ""test_cross_entropy"": 0.6806687116622925, ""test_balanced_accuracy"": 0.5442041158676147}"
2026-04-17T23:37:21.681870,cats,lcbench,126025,2,694,12.565716743469238,"{""OpenML_task_id"": ""168331"", ""batch_size"": 144, ""epoch"": 6, ""learning_rate"": 0.09784115602556759, ""max_dropout"": 0.018390863410230107, ""max_units"": 179, ""momentum"": 0.4498586629399295, ""num_layers"": 4, ""weight_decay"": 0.05831326666396201}","{""time"": 12.565716743469238, ""val_accuracy"": 78.01991271972656, ""val_cross_entropy"": 0.43275943398475647, ""val_balanced_accuracy"": 0.7911465764045715, ""test_cross_entropy"": 0.5739443898200989, ""test_balanced_accuracy"": 0.7845453023910522}"
2026-04-17T23:37:21.682876,cats,lcbench,126025,2,695,28.469654083251953,"{""OpenML_task_id"": ""167185"", ""batch_size"": 16, ""epoch"": 8, ""learning_rate"": 0.08589903957944853, ""max_dropout"": 0.9531004207494939, ""max_units"": 257, ""momentum"": 0.28306671444462805, ""num_layers"": 5, ""weight_decay"": 0.05355001906669901}","{""time"": 28.469654083251953, ""val_accuracy"": 79.15473937988281, ""val_cross_entropy"": 0.3607490360736847, ""val_balanced_accuracy"": 0.6550346612930298, ""test_cross_entropy"": 0.612971842288971, ""test_balanced_accuracy"": 0.6409589052200317}"
2026-04-17T23:37:21.682876,cats,lcbench,126025,2,696,12.873894691467285,"{""OpenML_task_id"": ""167185"", ""batch_size"": 51, ""epoch"": 4, ""learning_rate"": 0.07529269860952711, ""max_dropout"": 0.984782905538352, ""max_units"": 244, ""momentum"": 0.49562682109167844, ""num_layers"": 5, ""weight_decay"": 0.05017047385687928}","{""time"": 12.873894691467285, ""val_accuracy"": 75.07096099853516, ""val_cross_entropy"": 0.3986465334892273, ""val_balanced_accuracy"": 0.6474946737289429, ""test_cross_entropy"": 0.6320363879203796, ""test_balanced_accuracy"": 0.6366081237792969}"
2026-04-17T23:37:21.684385,cats,lcbench,126025,2,697,2.729120969772339,"{""OpenML_task_id"": ""34539"", ""batch_size"": 16, ""epoch"": 1, ""learning_rate"": 0.00035518003675851515, ""max_dropout"": 0.7184961361532693, ""max_units"": 91, ""momentum"": 0.11445985836561326, ""num_layers"": 5, ""weight_decay"": 0.09338043781616237}","{""time"": 2.729120969772339, ""val_accuracy"": 63.94417953491211, ""val_cross_entropy"": 0.5324273705482483, ""val_balanced_accuracy"": 0.5888661742210388, ""test_cross_entropy"": 0.6683191061019897, ""test_balanced_accuracy"": 0.5761101245880127}"
2026-04-17T23:37:21.684385,cats,lcbench,126025,2,698,20.56161117553711,"{""OpenML_task_id"": ""189865"", ""batch_size"": 129, ""epoch"": 5, ""learning_rate"": 0.00010000000000000009, ""max_dropout"": 0.03234611474426208, ""max_units"": 99, ""momentum"": 0.7308588568830362, ""num_layers"": 2, ""weight_decay"": 0.08575748818969475}","{""time"": 20.56161117553711, ""val_accuracy"": 66.16073608398438, ""val_cross_entropy"": 0.6113534569740295, ""val_balanced_accuracy"": 0.6668605804443359, ""test_cross_entropy"": 0.6647064685821533, ""test_balanced_accuracy"": 0.6704903841018677}"
2026-04-17T23:37:21.685385,cats,lcbench,126025,2,699,20.70105743408203,"{""OpenML_task_id"": ""167201"", ""batch_size"": 37, ""epoch"": 5, ""learning_rate"": 0.010067812790001955, ""max_dropout"": 0.12761291029641314, ""max_units"": 345, ""momentum"": 0.8844415543577548, ""num_layers"": 5, ""weight_decay"": 0.029917502966085995}","{""time"": 20.70105743408203, ""val_accuracy"": 80.9138412475586, ""val_cross_entropy"": 0.342511385679245, ""val_balanced_accuracy"": 0.8019639253616333, ""test_cross_entropy"": 0.5088987946510315, ""test_balanced_accuracy"": 0.7872524261474609}"
2026-04-17T23:37:21.685385,cats,lcbench,126025,2,700,5.36048698425293,"{""OpenML_task_id"": ""189865"", ""batch_size"": 122, ""epoch"": 2, ""learning_rate"": 0.01643708710392003, ""max_dropout"": 0.20986664903078064, ""max_units"": 255, ""momentum"": 0.6839522676468331, ""num_layers"": 3, ""weight_decay"": 0.08652808614884999}","{""time"": 5.36048698425293, ""val_accuracy"": 73.2448501586914, ""val_cross_entropy"": 0.5275083184242249, ""val_balanced_accuracy"": 0.7568276524543762, ""test_cross_entropy"": 0.6180894374847412, ""test_balanced_accuracy"": 0.7571293711662292}"
2026-04-17T23:37:21.686386,cats,lcbench,126025,2,701,8.69884967803955,"{""OpenML_task_id"": ""189354"", ""batch_size"": 81, ""epoch"": 4, ""learning_rate"": 0.09679370682993196, ""max_dropout"": 0.23647039393627597, ""max_units"": 242, ""momentum"": 0.4059513856866934, ""num_layers"": 5, ""weight_decay"": 0.0509695381028179}","{""time"": 8.69884967803955, ""val_accuracy"": 77.94940948486328, ""val_cross_entropy"": 0.48493629693984985, ""val_balanced_accuracy"": 0.7431297898292542, ""test_cross_entropy"": 0.5957404375076294, ""test_balanced_accuracy"": 0.7369277477264404}"
2026-04-17T23:37:21.686906,cats,lcbench,126025,2,702,6.5457868576049805,"{""OpenML_task_id"": ""168331"", ""batch_size"": 166, ""epoch"": 2, ""learning_rate"": 0.09584444796585617, ""max_dropout"": 0.0879316787053311, ""max_units"": 280, ""momentum"": 0.3198763904472018, ""num_layers"": 4, ""weight_decay"": 0.048296278230120684}","{""time"": 6.5457868576049805, ""val_accuracy"": 72.78833770751953, ""val_cross_entropy"": 0.4616110622882843, ""val_balanced_accuracy"": 0.7775510549545288, ""test_cross_entropy"": 0.5919445157051086, ""test_balanced_accuracy"": 0.774878740310669}"
2026-04-17T23:37:21.686906,cats,lcbench,126025,2,703,4.562849998474121,"{""OpenML_task_id"": ""3945"", ""batch_size"": 17, ""epoch"": 1, ""learning_rate"": 0.08449939292788448, ""max_dropout"": 0.5633525805560257, ""max_units"": 140, ""momentum"": 0.99, ""num_layers"": 4, ""weight_decay"": 0.01932276553654448}","{""time"": 4.562849998474121, ""val_accuracy"": 36.90386962890625, ""val_cross_entropy"": 0.6488080620765686, ""val_balanced_accuracy"": 0.4695585072040558, ""test_cross_entropy"": 0.7103580236434937, ""test_balanced_accuracy"": 0.4633954167366028}"
2026-04-17T23:37:21.688410,cats,lcbench,126025,2,704,3.235313892364502,"{""OpenML_task_id"": ""168331"", ""batch_size"": 200, ""epoch"": 1, ""learning_rate"": 0.08436482258081045, ""max_dropout"": 0.05026931122578887, ""max_units"": 136, ""momentum"": 0.3320089192650718, ""num_layers"": 3, ""weight_decay"": 0.04576665868862214}","{""time"": 3.235313892364502, ""val_accuracy"": 49.55134582519531, ""val_cross_entropy"": 0.6592740416526794, ""val_balanced_accuracy"": 0.5216269493103027, ""test_cross_entropy"": 0.6830682158470154, ""test_balanced_accuracy"": 0.535868227481842}"
2026-04-17T23:37:21.688410,cats,lcbench,126025,2,705,21.656269073486328,"{""OpenML_task_id"": ""168329"", ""batch_size"": 119, ""epoch"": 5, ""learning_rate"": 0.00010000000000000009, ""max_dropout"": 0.7145882630967608, ""max_units"": 64, ""momentum"": 0.2694402902941797, ""num_layers"": 3, ""weight_decay"": 0.008700772484525394}","{""time"": 21.656269073486328, ""val_accuracy"": 49.16564178466797, ""val_cross_entropy"": 0.6510142683982849, ""val_balanced_accuracy"": 0.5174018144607544, ""test_cross_entropy"": 0.6854915022850037, ""test_balanced_accuracy"": 0.5237594246864319}"
2026-04-17T23:37:21.689416,cats,lcbench,126025,2,706,2.5687568187713623,"{""OpenML_task_id"": ""34539"", ""batch_size"": 16, ""epoch"": 1, ""learning_rate"": 0.005450576156745582, ""max_dropout"": 0.6429488868157315, ""max_units"": 103, ""momentum"": 0.20368109147189395, ""num_layers"": 5, ""weight_decay"": 0.08813408350020799}","{""time"": 2.5687568187713623, ""val_accuracy"": 58.304405212402344, ""val_cross_entropy"": 0.583928108215332, ""val_balanced_accuracy"": 0.5570213794708252, ""test_cross_entropy"": 0.6812611818313599, ""test_balanced_accuracy"": 0.5440515875816345}"
2026-04-17T23:37:21.689923,cats,lcbench,126025,2,707,1.2063591480255127,"{""OpenML_task_id"": ""167104"", ""batch_size"": 37, ""epoch"": 1, ""learning_rate"": 0.08700694210945267, ""max_dropout"": 0.0870741108509252, ""max_units"": 64, ""momentum"": 0.2556965736757537, ""num_layers"": 5, ""weight_decay"": 0.05013795339632922}","{""time"": 1.2063591480255127, ""val_accuracy"": 55.15719223022461, ""val_cross_entropy"": 0.6131588816642761, ""val_balanced_accuracy"": 0.5387665033340454, ""test_cross_entropy"": 0.6893568634986877, ""test_balanced_accuracy"": 0.5302791595458984}"
2026-04-17T23:37:21.689923,cats,lcbench,126025,2,708,4.610261917114258,"{""OpenML_task_id"": ""168329"", ""batch_size"": 89, ""epoch"": 1, ""learning_rate"": 0.00010000000000000009, ""max_dropout"": 0.64964778726913, ""max_units"": 64, ""momentum"": 0.287565724263118, ""num_layers"": 3, ""weight_decay"": 0.029723697765233276}","{""time"": 4.610261917114258, ""val_accuracy"": 44.60499572753906, ""val_cross_entropy"": 0.6175795793533325, ""val_balanced_accuracy"": 0.48559439182281494, ""test_cross_entropy"": 0.6857556104660034, ""test_balanced_accuracy"": 0.4946913719177246}"
2026-04-17T23:37:21.689923,cats,lcbench,126025,2,709,7.654391288757324,"{""OpenML_task_id"": ""168908"", ""batch_size"": 16, ""epoch"": 4, ""learning_rate"": 0.02865565146280927, ""max_dropout"": 0.28728593975503597, ""max_units"": 208, ""momentum"": 0.6428986584633629, ""num_layers"": 3, ""weight_decay"": 0.04645547196915882}","{""time"": 7.654391288757324, ""val_accuracy"": 81.79988861083984, ""val_cross_entropy"": 0.38334470987319946, ""val_balanced_accuracy"": 0.8200163245201111, ""test_cross_entropy"": 0.5381314158439636, ""test_balanced_accuracy"": 0.8122889995574951}"
2026-04-17T23:37:21.692007,cats,lcbench,126025,2,710,22.752323150634766,"{""OpenML_task_id"": ""168329"", ""batch_size"": 83, ""epoch"": 6, ""learning_rate"": 0.00010000000000000009, ""max_dropout"": 0.7395795923836439, ""max_units"": 64, ""momentum"": 0.30657394037816227, ""num_layers"": 3, ""weight_decay"": 0.01902873155963867}","{""time"": 22.752323150634766, ""val_accuracy"": 50.945945739746094, ""val_cross_entropy"": 0.6341957449913025, ""val_balanced_accuracy"": 0.5291203260421753, ""test_cross_entropy"": 0.6850895285606384, ""test_balanced_accuracy"": 0.5356535911560059}"
2026-04-17T23:37:21.692007,cats,lcbench,126025,2,711,25.870361328125,"{""OpenML_task_id"": ""168908"", ""batch_size"": 16, ""epoch"": 9, ""learning_rate"": 0.007679279005699025, ""max_dropout"": 0.4689769117052707, ""max_units"": 108, ""momentum"": 0.4072892992492103, ""num_layers"": 3, ""weight_decay"": 0.03703292172184938}","{""time"": 25.870361328125, ""val_accuracy"": 80.78153228759766, ""val_cross_entropy"": 0.3989733159542084, ""val_balanced_accuracy"": 0.815081000328064, ""test_cross_entropy"": 0.5339992046356201, ""test_balanced_accuracy"": 0.807044506072998}"
2026-04-17T23:37:21.693017,cats,lcbench,126025,2,712,14.020149230957031,"{""OpenML_task_id"": ""167201"", ""batch_size"": 85, ""epoch"": 6, ""learning_rate"": 0.025514101518528832, ""max_dropout"": 0.1957761319031662, ""max_units"": 248, ""momentum"": 0.76922137575783, ""num_layers"": 5, ""weight_decay"": 0.033901473999968575}","{""time"": 14.020149230957031, ""val_accuracy"": 80.6030044555664, ""val_cross_entropy"": 0.3907320499420166, ""val_balanced_accuracy"": 0.7954224944114685, ""test_cross_entropy"": 0.5413293838500977, ""test_balanced_accuracy"": 0.784283459186554}"
2026-04-17T23:37:21.693017,cats,lcbench,126025,2,713,41.09379577636719,"{""OpenML_task_id"": ""3945"", ""batch_size"": 16, ""epoch"": 8, ""learning_rate"": 0.05968546813451896, ""max_dropout"": 0.46064906812947676, ""max_units"": 85, ""momentum"": 0.99, ""num_layers"": 2, ""weight_decay"": 1e-05}","{""time"": 41.09379577636719, ""val_accuracy"": 83.89286804199219, ""val_cross_entropy"": 0.44411325454711914, ""val_balanced_accuracy"": 0.8202149868011475, ""test_cross_entropy"": 0.4939422011375427, ""test_balanced_accuracy"": 0.8131012320518494}"
2026-04-17T23:37:21.694016,cats,lcbench,126025,2,714,14.102422714233398,"{""OpenML_task_id"": ""168329"", ""batch_size"": 164, ""epoch"": 2, ""learning_rate"": 0.004989104311417257, ""max_dropout"": 0.5936410223340696, ""max_units"": 64, ""momentum"": 0.3009042709016771, ""num_layers"": 1, ""weight_decay"": 0.008708934754510674}","{""time"": 14.102422714233398, ""val_accuracy"": 70.7273941040039, ""val_cross_entropy"": 0.5881504416465759, ""val_balanced_accuracy"": 0.670620858669281, ""test_cross_entropy"": 0.6319963932037354, ""test_balanced_accuracy"": 0.6716039180755615}"
2026-04-17T23:37:21.694520,cats,lcbench,126025,2,715,16.460472106933594,"{""OpenML_task_id"": ""3945"", ""batch_size"": 137, ""epoch"": 9, ""learning_rate"": 0.060925273419819695, ""max_dropout"": 0.8606703433618279, ""max_units"": 121, ""momentum"": 0.6010315426458337, ""num_layers"": 5, ""weight_decay"": 0.029146443645284955}","{""time"": 16.460472106933594, ""val_accuracy"": 80.36444854736328, ""val_cross_entropy"": 0.32383596897125244, ""val_balanced_accuracy"": 0.7366803884506226, ""test_cross_entropy"": 0.5734254717826843, ""test_balanced_accuracy"": 0.7216646075248718}"
2026-04-17T23:37:21.694520,cats,lcbench,126025,2,716,12.887839317321777,"{""OpenML_task_id"": ""167185"", ""batch_size"": 98, ""epoch"": 8, ""learning_rate"": 0.08016651644496535, ""max_dropout"": 0.8240018515490228, ""max_units"": 230, ""momentum"": 0.5158266684543307, ""num_layers"": 3, ""weight_decay"": 0.05972506142831946}","{""time"": 12.887839317321777, ""val_accuracy"": 74.47481536865234, ""val_cross_entropy"": 0.5487547516822815, ""val_balanced_accuracy"": 0.7870587706565857, ""test_cross_entropy"": 0.5709211826324463, ""test_balanced_accuracy"": 0.7788973450660706}"
2026-04-17T23:37:21.696039,cats,lcbench,126025,2,717,43.62754821777344,"{""OpenML_task_id"": ""3945"", ""batch_size"": 16, ""epoch"": 9, ""learning_rate"": 0.08825777648674565, ""max_dropout"": 0.39776644976751396, ""max_units"": 302, ""momentum"": 0.99, ""num_layers"": 3, ""weight_decay"": 0.022710013968084093}","{""time"": 43.62754821777344, ""val_accuracy"": 78.2634506225586, ""val_cross_entropy"": 0.6877660155296326, ""val_balanced_accuracy"": 0.7924559712409973, ""test_cross_entropy"": 0.577760636806488, ""test_balanced_accuracy"": 0.7618271112442017}"
2026-04-17T23:37:21.696039,cats,lcbench,126025,2,718,3.0861055850982666,"{""OpenML_task_id"": ""167185"", ""batch_size"": 16, ""epoch"": 1, ""learning_rate"": 0.07733992720577171, ""max_dropout"": 0.8684541738380084, ""max_units"": 274, ""momentum"": 0.4562955473815419, ""num_layers"": 5, ""weight_decay"": 0.04640115770515518}","{""time"": 3.0861055850982666, ""val_accuracy"": 53.11927795410156, ""val_cross_entropy"": 0.5640082955360413, ""val_balanced_accuracy"": 0.5386863350868225, ""test_cross_entropy"": 0.6959148645401001, ""test_balanced_accuracy"": 0.5278652906417847}"
2026-04-17T23:37:21.697047,cats,lcbench,126025,2,719,1.8394488096237183,"{""OpenML_task_id"": ""168908"", ""batch_size"": 16, ""epoch"": 1, ""learning_rate"": 0.017390348529759743, ""max_dropout"": 0.3958931640765181, ""max_units"": 85, ""momentum"": 0.45266099879394445, ""num_layers"": 5, ""weight_decay"": 0.04909005223691219}","{""time"": 1.8394488096237183, ""val_accuracy"": 51.798885345458984, ""val_cross_entropy"": 0.626241147518158, ""val_balanced_accuracy"": 0.5184044241905212, ""test_cross_entropy"": 0.6995252370834351, ""test_balanced_accuracy"": 0.5076944231987}"
2026-04-17T23:37:21.697047,cats,lcbench,126025,2,720,2.3261189460754395,"{""OpenML_task_id"": ""3945"", ""batch_size"": 127, ""epoch"": 1, ""learning_rate"": 0.050637765601357056, ""max_dropout"": 0.8852676165237926, ""max_units"": 201, ""momentum"": 0.5735650965231953, ""num_layers"": 5, ""weight_decay"": 0.005964159857952898}","{""time"": 2.3261189460754395, ""val_accuracy"": 48.3130989074707, ""val_cross_entropy"": 0.5645560026168823, ""val_balanced_accuracy"": 0.5183431506156921, ""test_cross_entropy"": 0.7090961933135986, ""test_balanced_accuracy"": 0.5084289908409119}"
2026-04-17T23:37:21.698047,cats,lcbench,126025,2,721,5.668664932250977,"{""OpenML_task_id"": ""146212"", ""batch_size"": 56, ""epoch"": 1, ""learning_rate"": 0.07604324080159033, ""max_dropout"": 0.4930349486181318, ""max_units"": 180, ""momentum"": 0.9465801922385758, ""num_layers"": 2, ""weight_decay"": 0.005117308674022932}","{""time"": 5.668664932250977, ""val_accuracy"": 41.10560607910156, ""val_cross_entropy"": 0.7854537963867188, ""val_balanced_accuracy"": 0.4868565797805786, ""test_cross_entropy"": 0.6786991953849792, ""test_balanced_accuracy"": 0.5104188919067383}"
2026-04-17T23:37:21.698553,cats,lcbench,126025,2,722,29.914325714111328,"{""OpenML_task_id"": ""167161"", ""batch_size"": 16, ""epoch"": 10, ""learning_rate"": 0.08098801896220698, ""max_dropout"": 0.5510599235909787, ""max_units"": 248, ""momentum"": 0.8925947119974837, ""num_layers"": 2, ""weight_decay"": 0.014329353315292262}","{""time"": 29.914325714111328, ""val_accuracy"": 81.48346710205078, ""val_cross_entropy"": 0.5990573167800903, ""val_balanced_accuracy"": 0.801728367805481, ""test_cross_entropy"": 0.5382835268974304, ""test_balanced_accuracy"": 0.7837585806846619}"
2026-04-17T23:37:21.699071,cats,lcbench,126025,2,723,5.628225326538086,"{""OpenML_task_id"": ""189865"", ""batch_size"": 90, ""epoch"": 1, ""learning_rate"": 0.00010000000000000009, ""max_dropout"": 0.05768552095102797, ""max_units"": 95, ""momentum"": 0.7265361646708378, ""num_layers"": 2, ""weight_decay"": 0.08810877089051354}","{""time"": 5.628225326538086, ""val_accuracy"": 46.6020393371582, ""val_cross_entropy"": 0.5900319814682007, ""val_balanced_accuracy"": 0.49030551314353943, ""test_cross_entropy"": 0.6725775003433228, ""test_balanced_accuracy"": 0.4971289038658142}"
2026-04-17T23:37:21.700076,cats,lcbench,126025,2,724,8.293058395385742,"{""OpenML_task_id"": ""189865"", ""batch_size"": 101, ""epoch"": 1, ""learning_rate"": 0.00010000000000000009, ""max_dropout"": 0.10876830334440507, ""max_units"": 210, ""momentum"": 0.8279176869039833, ""num_layers"": 4, ""weight_decay"": 0.1}","{""time"": 8.293058395385742, ""val_accuracy"": 46.34241485595703, ""val_cross_entropy"": 0.5883272290229797, ""val_balanced_accuracy"": 0.5125505328178406, ""test_cross_entropy"": 0.673235297203064, ""test_balanced_accuracy"": 0.5095046162605286}"
2026-04-17T23:37:21.700076,cats,lcbench,126025,2,725,4.8459272384643555,"{""OpenML_task_id"": ""168908"", ""batch_size"": 62, ""epoch"": 3, ""learning_rate"": 0.016465115075802346, ""max_dropout"": 0.4774523065449592, ""max_units"": 145, ""momentum"": 0.6626961867416161, ""num_layers"": 3, ""weight_decay"": 0.048433374361512196}","{""time"": 4.8459272384643555, ""val_accuracy"": 80.30713653564453, ""val_cross_entropy"": 0.4058314263820648, ""val_balanced_accuracy"": 0.8225273489952087, ""test_cross_entropy"": 0.5582254528999329, ""test_balanced_accuracy"": 0.8189862966537476}"
2026-04-17T23:37:21.701077,cats,lcbench,126025,2,726,12.187814712524414,"{""OpenML_task_id"": ""189865"", ""batch_size"": 209, ""epoch"": 2, ""learning_rate"": 0.0057090956263682715, ""max_dropout"": 0.2013100416734555, ""max_units"": 243, ""momentum"": 0.8198151557321408, ""num_layers"": 4, ""weight_decay"": 0.08256485742480188}","{""time"": 12.187814712524414, ""val_accuracy"": 57.66230010986328, ""val_cross_entropy"": 0.6846647262573242, ""val_balanced_accuracy"": 0.5902538299560547, ""test_cross_entropy"": 0.6843811273574829, ""test_balanced_accuracy"": 0.5938810706138611}"
2026-04-17T23:37:21.701580,cats,lcbench,126025,2,727,45.91587448120117,"{""OpenML_task_id"": ""189865"", ""batch_size"": 179, ""epoch"": 6, ""learning_rate"": 0.00010000000000000009, ""max_dropout"": 0.2803282951186026, ""max_units"": 335, ""momentum"": 0.8203064452385138, ""num_layers"": 4, ""weight_decay"": 0.1}","{""time"": 45.91587448120117, ""val_accuracy"": 44.78196334838867, ""val_cross_entropy"": 0.6609623432159424, ""val_balanced_accuracy"": 0.5489988327026367, ""test_cross_entropy"": 0.6863083839416504, ""test_balanced_accuracy"": 0.5521587133407593}"
2026-04-17T23:37:21.702092,cats,lcbench,126025,2,728,13.704998970031738,"{""OpenML_task_id"": ""34539"", ""batch_size"": 46, ""epoch"": 7, ""learning_rate"": 0.00010000000000000009, ""max_dropout"": 0.5725882863254811, ""max_units"": 111, ""momentum"": 0.12149645963457154, ""num_layers"": 5, ""weight_decay"": 0.1}","{""time"": 13.704998970031738, ""val_accuracy"": 65.032470703125, ""val_cross_entropy"": 0.578617513179779, ""val_balanced_accuracy"": 0.5851724743843079, ""test_cross_entropy"": 0.6769333481788635, ""test_balanced_accuracy"": 0.574616551399231}"
2026-04-17T23:37:21.702092,cats,lcbench,126025,2,729,13.995048522949219,"{""OpenML_task_id"": ""167185"", ""batch_size"": 16, ""epoch"": 10, ""learning_rate"": 0.05893050274552498, ""max_dropout"": 0.9992972297810618, ""max_units"": 131, ""momentum"": 0.4530244093036586, ""num_layers"": 3, ""weight_decay"": 0.06181311055676723}","{""time"": 13.995048522949219, ""val_accuracy"": 68.46000671386719, ""val_cross_entropy"": 1.3019212484359741, ""val_balanced_accuracy"": 0.6954518556594849, ""test_cross_entropy"": 0.6315491199493408, ""test_balanced_accuracy"": 0.688409686088562}"
2026-04-17T23:37:21.703096,cats,lcbench,126025,2,730,2.351219415664673,"{""OpenML_task_id"": ""34539"", ""batch_size"": 93, ""epoch"": 1, ""learning_rate"": 0.00010000000000000009, ""max_dropout"": 0.5154041688457026, ""max_units"": 203, ""momentum"": 0.1516823921029113, ""num_layers"": 5, ""weight_decay"": 0.08325761881112281}","{""time"": 2.351219415664673, ""val_accuracy"": 63.568904876708984, ""val_cross_entropy"": 0.5348648428916931, ""val_balanced_accuracy"": 0.5713357925415039, ""test_cross_entropy"": 0.6652951240539551, ""test_balanced_accuracy"": 0.5613901615142822}"
2026-04-17T23:37:21.704097,cats,lcbench,126025,2,731,20.709423065185547,"{""OpenML_task_id"": ""34539"", ""batch_size"": 16, ""epoch"": 8, ""learning_rate"": 0.012717177276352966, ""max_dropout"": 0.5661610711150337, ""max_units"": 120, ""momentum"": 0.13979670268133615, ""num_layers"": 5, ""weight_decay"": 0.09280923926418064}","{""time"": 20.709423065185547, ""val_accuracy"": 80.376708984375, ""val_cross_entropy"": 0.5902292728424072, ""val_balanced_accuracy"": 0.5527719855308533, ""test_cross_entropy"": 0.6917887926101685, ""test_balanced_accuracy"": 0.5486345291137695}"
2026-04-17T23:37:21.704097,cats,lcbench,126025,2,732,8.740683555603027,"{""OpenML_task_id"": ""168331"", ""batch_size"": 87, ""epoch"": 8, ""learning_rate"": 0.09101842639812689, ""max_dropout"": 0.0906157964336377, ""max_units"": 64, ""momentum"": 0.21054424033387825, ""num_layers"": 4, ""weight_decay"": 0.05156803883017199}","{""time"": 8.740683555603027, ""val_accuracy"": 78.68614196777344, ""val_cross_entropy"": 0.42571836709976196, ""val_balanced_accuracy"": 0.7758932709693909, ""test_cross_entropy"": 0.5731688737869263, ""test_balanced_accuracy"": 0.7663084864616394}"
2026-04-17T23:37:21.705346,cats,lcbench,126025,2,733,6.304543495178223,"{""OpenML_task_id"": ""167201"", ""batch_size"": 16, ""epoch"": 1, ""learning_rate"": 0.00795114894928011, ""max_dropout"": 0.03738387113583838, ""max_units"": 285, ""momentum"": 0.7735105245187425, ""num_layers"": 5, ""weight_decay"": 0.025257589665175717}","{""time"": 6.304543495178223, ""val_accuracy"": 47.34331512451172, ""val_cross_entropy"": 0.6000992655754089, ""val_balanced_accuracy"": 0.4990746080875397, ""test_cross_entropy"": 0.6999971866607666, ""test_balanced_accuracy"": 0.4914683699607849}"
2026-04-17T23:37:21.705346,cats,lcbench,126025,2,734,22.578014373779297,"{""OpenML_task_id"": ""167185"", ""batch_size"": 16, ""epoch"": 8, ""learning_rate"": 0.06644046872817194, ""max_dropout"": 0.8804313558123124, ""max_units"": 174, ""momentum"": 0.3007691776597547, ""num_layers"": 5, ""weight_decay"": 0.06015046842839676}","{""time"": 22.578014373779297, ""val_accuracy"": 80.07740020751953, ""val_cross_entropy"": 0.4520082175731659, ""val_balanced_accuracy"": 0.6073919534683228, ""test_cross_entropy"": 0.6490968465805054, ""test_balanced_accuracy"": 0.6005710363388062}"
2026-04-17T23:37:21.705346,cats,lcbench,126025,2,735,3.8921093940734863,"{""OpenML_task_id"": ""34539"", ""batch_size"": 27, ""epoch"": 1, ""learning_rate"": 0.006531144217880329, ""max_dropout"": 0.558108820794682, ""max_units"": 64, ""momentum"": 0.11772673014830752, ""num_layers"": 4, ""weight_decay"": 0.1}","{""time"": 3.8921093940734863, ""val_accuracy"": 44.118892669677734, ""val_cross_entropy"": 0.6098048686981201, ""val_balanced_accuracy"": 0.5095969438552856, ""test_cross_entropy"": 0.6825893521308899, ""test_balanced_accuracy"": 0.5071137547492981}"
2026-04-17T23:37:21.706853,cats,lcbench,126025,2,736,9.414213180541992,"{""OpenML_task_id"": ""168331"", ""batch_size"": 88, ""epoch"": 3, ""learning_rate"": 0.07885141842535233, ""max_dropout"": 0.17451179668486486, ""max_units"": 307, ""momentum"": 0.3227643434555788, ""num_layers"": 5, ""weight_decay"": 0.07292629079152643}","{""time"": 9.414213180541992, ""val_accuracy"": 72.4163818359375, ""val_cross_entropy"": 0.5989575982093811, ""val_balanced_accuracy"": 0.6555596590042114, ""test_cross_entropy"": 0.6467790603637695, ""test_balanced_accuracy"": 0.6549484729766846}"
2026-04-17T23:37:21.706853,cats,lcbench,126025,2,737,1.2161204814910889,"{""OpenML_task_id"": ""168331"", ""batch_size"": 165, ""epoch"": 1, ""learning_rate"": 0.09760871611244329, ""max_dropout"": 0.0, ""max_units"": 64, ""momentum"": 0.3880546353944332, ""num_layers"": 5, ""weight_decay"": 0.046634314083870775}","{""time"": 1.2161204814910889, ""val_accuracy"": 55.4623908996582, ""val_cross_entropy"": 0.6118744015693665, ""val_balanced_accuracy"": 0.5500312447547913, ""test_cross_entropy"": 0.6771097779273987, ""test_balanced_accuracy"": 0.5426504015922546}"
2026-04-17T23:37:21.707858,cats,lcbench,126025,2,738,5.50551176071167,"{""OpenML_task_id"": ""189873"", ""batch_size"": 16, ""epoch"": 1, ""learning_rate"": 0.08917143108837329, ""max_dropout"": 0.0, ""max_units"": 175, ""momentum"": 0.47537919587479527, ""num_layers"": 4, ""weight_decay"": 0.056474698172573695}","{""time"": 5.50551176071167, ""val_accuracy"": 40.128360748291016, ""val_cross_entropy"": 0.6889795660972595, ""val_balanced_accuracy"": 0.4647558927536011, ""test_cross_entropy"": 0.7050891518592834, ""test_balanced_accuracy"": 0.4628080129623413}"
2026-04-17T23:37:21.708381,cats,lcbench,126025,2,739,4.210048675537109,"{""OpenML_task_id"": ""34539"", ""batch_size"": 16, ""epoch"": 1, ""learning_rate"": 0.013393394323293574, ""max_dropout"": 0.7771009472040424, ""max_units"": 226, ""momentum"": 0.15096498924119559, ""num_layers"": 4, ""weight_decay"": 0.09351596239934448}","{""time"": 4.210048675537109, ""val_accuracy"": 42.51118850708008, ""val_cross_entropy"": 0.6135956048965454, ""val_balanced_accuracy"": 0.49315860867500305, ""test_cross_entropy"": 0.6892772912979126, ""test_balanced_accuracy"": 0.4917468726634979}"
2026-04-17T23:37:21.709396,cats,lcbench,126025,2,740,3.2157912254333496,"{""OpenML_task_id"": ""3945"", ""batch_size"": 109, ""epoch"": 1, ""learning_rate"": 0.04204925530913056, ""max_dropout"": 1.0, ""max_units"": 64, ""momentum"": 0.5605217556417423, ""num_layers"": 4, ""weight_decay"": 0.007882110178138058}","{""time"": 3.2157912254333496, ""val_accuracy"": 34.87962341308594, ""val_cross_entropy"": 0.6663119792938232, ""val_balanced_accuracy"": 0.4424086809158325, ""test_cross_entropy"": 0.71624356508255, ""test_balanced_accuracy"": 0.4398072361946106}"
2026-04-17T23:37:21.709396,cats,lcbench,126025,2,741,1.230065107345581,"{""OpenML_task_id"": ""3945"", ""batch_size"": 108, ""epoch"": 1, ""learning_rate"": 0.045470148650712555, ""max_dropout"": 0.8389832505685751, ""max_units"": 73, ""momentum"": 0.5631276840061281, ""num_layers"": 5, ""weight_decay"": 0.026397667553929794}","{""time"": 1.230065107345581, ""val_accuracy"": 55.79523468017578, ""val_cross_entropy"": 0.5551041960716248, ""val_balanced_accuracy"": 0.5415120720863342, ""test_cross_entropy"": 0.7064117193222046, ""test_balanced_accuracy"": 0.5310544371604919}"
2026-04-17T23:37:21.709396,cats,lcbench,126025,2,742,9.49648666381836,"{""OpenML_task_id"": ""3945"", ""batch_size"": 48, ""epoch"": 3, ""learning_rate"": 0.07989992260200518, ""max_dropout"": 0.3320238556624956, ""max_units"": 246, ""momentum"": 0.9280261361880331, ""num_layers"": 2, ""weight_decay"": 0.0018445402110015344}","{""time"": 9.49648666381836, ""val_accuracy"": 82.11471557617188, ""val_cross_entropy"": 0.6638026237487793, ""val_balanced_accuracy"": 0.8033555150032043, ""test_cross_entropy"": 0.5189999341964722, ""test_balanced_accuracy"": 0.8062921166419983}"
2026-04-17T23:37:21.710917,cats,lcbench,126025,2,743,3.7010669708251953,"{""OpenML_task_id"": ""168331"", ""batch_size"": 176, ""epoch"": 2, ""learning_rate"": 0.08867420526417888, ""max_dropout"": 0.2542849827775344, ""max_units"": 191, ""momentum"": 0.46251448764611525, ""num_layers"": 3, ""weight_decay"": 0.06867158225964771}","{""time"": 3.7010669708251953, ""val_accuracy"": 74.37317657470703, ""val_cross_entropy"": 0.4814373552799225, ""val_balanced_accuracy"": 0.7796196937561035, ""test_cross_entropy"": 0.5947178602218628, ""test_balanced_accuracy"": 0.7803561091423035}"
2026-04-17T23:37:21.710917,cats,lcbench,126025,2,744,8.736499786376953,"{""OpenML_task_id"": ""3945"", ""batch_size"": 175, ""epoch"": 5, ""learning_rate"": 0.03977346303156795, ""max_dropout"": 0.9838934918105389, ""max_units"": 114, ""momentum"": 0.6510944710238964, ""num_layers"": 5, ""weight_decay"": 0.015431323403326522}","{""time"": 8.736499786376953, ""val_accuracy"": 77.11109924316406, ""val_cross_entropy"": 0.33087804913520813, ""val_balanced_accuracy"": 0.7397753000259399, ""test_cross_entropy"": 0.5804893374443054, ""test_balanced_accuracy"": 0.723118245601654}"
2026-04-17T23:37:21.711921,cats,lcbench,126025,2,745,6.929266452789307,"{""OpenML_task_id"": ""168331"", ""batch_size"": 106, ""epoch"": 6, ""learning_rate"": 0.07802983546349399, ""max_dropout"": 0.151917660493327, ""max_units"": 99, ""momentum"": 0.21284222318414392, ""num_layers"": 3, ""weight_decay"": 0.06393024256515249}","{""time"": 6.929266452789307, ""val_accuracy"": 78.74364471435547, ""val_cross_entropy"": 0.4071744978427887, ""val_balanced_accuracy"": 0.8123680353164673, ""test_cross_entropy"": 0.5526701807975769, ""test_balanced_accuracy"": 0.8086963295936584}"
2026-04-17T23:37:21.712442,cats,lcbench,126025,2,746,7.49960470199585,"{""OpenML_task_id"": ""168910"", ""batch_size"": 121, ""epoch"": 2, ""learning_rate"": 0.00010000000000000009, ""max_dropout"": 0.7001351631188687, ""max_units"": 144, ""momentum"": 0.29546155715886974, ""num_layers"": 1, ""weight_decay"": 0.01863872254618829}","{""time"": 7.49960470199585, ""val_accuracy"": 52.30352020263672, ""val_cross_entropy"": 0.6593942642211914, ""val_balanced_accuracy"": 0.4656955897808075, ""test_cross_entropy"": 0.6936304569244385, ""test_balanced_accuracy"": 0.46453166007995605}"
2026-04-17T23:37:21.712442,cats,lcbench,126025,2,747,9.673583984375,"{""OpenML_task_id"": ""168908"", ""batch_size"": 19, ""epoch"": 5, ""learning_rate"": 0.009730097342894244, ""max_dropout"": 0.46626435439724817, ""max_units"": 64, ""momentum"": 0.5945405130212325, ""num_layers"": 3, ""weight_decay"": 0.02907778045408914}","{""time"": 9.673583984375, ""val_accuracy"": 81.36544036865234, ""val_cross_entropy"": 0.37422484159469604, ""val_balanced_accuracy"": 0.8220537304878235, ""test_cross_entropy"": 0.5309202671051025, ""test_balanced_accuracy"": 0.8145121932029724}"
2026-04-17T23:37:21.713948,cats,lcbench,126025,2,748,37.476539611816406,"{""OpenML_task_id"": ""3945"", ""batch_size"": 69, ""epoch"": 10, ""learning_rate"": 0.07421651842712676, ""max_dropout"": 0.3358074489732506, ""max_units"": 172, ""momentum"": 0.99, ""num_layers"": 2, ""weight_decay"": 1e-05}","{""time"": 37.476539611816406, ""val_accuracy"": 84.08702850341797, ""val_cross_entropy"": 0.39048850536346436, ""val_balanced_accuracy"": 0.8256663084030151, ""test_cross_entropy"": 0.49733877182006836, ""test_balanced_accuracy"": 0.8202775716781616}"
2026-04-17T23:37:21.713948,cats,lcbench,126025,2,749,5.877835750579834,"{""OpenML_task_id"": ""189865"", ""batch_size"": 193, ""epoch"": 1, ""learning_rate"": 0.012456725682306085, ""max_dropout"": 0.2520187707122745, ""max_units"": 167, ""momentum"": 0.708974958875772, ""num_layers"": 2, ""weight_decay"": 0.1}","{""time"": 5.877835750579834, ""val_accuracy"": 48.041194915771484, ""val_cross_entropy"": 0.6523891687393188, ""val_balanced_accuracy"": 0.5006076097488403, ""test_cross_entropy"": 0.7024401426315308, ""test_balanced_accuracy"": 0.511285126209259}"
2026-04-17T23:37:21.714952,cats,lcbench,126025,2,750,2.3275134563446045,"{""OpenML_task_id"": ""3945"", ""batch_size"": 118, ""epoch"": 3, ""learning_rate"": 0.06310018991214505, ""max_dropout"": 1.0, ""max_units"": 64, ""momentum"": 0.6002027651814945, ""num_layers"": 4, ""weight_decay"": 0.025851633714081747}","{""time"": 2.3275134563446045, ""val_accuracy"": 66.7354965209961, ""val_cross_entropy"": 0.4706003963947296, ""val_balanced_accuracy"": 0.6901701092720032, ""test_cross_entropy"": 0.6435673236846924, ""test_balanced_accuracy"": 0.6819173097610474}"
2026-04-17T23:37:21.714952,cats,lcbench,126025,2,751,1.6539841890335083,"{""OpenML_task_id"": ""168908"", ""batch_size"": 16, ""epoch"": 1, ""learning_rate"": 0.022371192545218847, ""max_dropout"": 0.2339097296510065, ""max_units"": 64, ""momentum"": 0.5779722384176518, ""num_layers"": 5, ""weight_decay"": 0.05288792764800192}","{""time"": 1.6539841890335083, ""val_accuracy"": 53.482112884521484, ""val_cross_entropy"": 0.6230268478393555, ""val_balanced_accuracy"": 0.524131178855896, ""test_cross_entropy"": 0.7001762390136719, ""test_balanced_accuracy"": 0.5127509832382202}"
2026-04-17T23:37:21.715954,cats,lcbench,126025,2,752,25.524532318115234,"{""OpenML_task_id"": ""168329"", ""batch_size"": 73, ""epoch"": 8, ""learning_rate"": 0.011993434424359206, ""max_dropout"": 0.572649007972477, ""max_units"": 92, ""momentum"": 0.22358875630630776, ""num_layers"": 1, ""weight_decay"": 0.035295001077810195}","{""time"": 25.524532318115234, ""val_accuracy"": 80.01663970947266, ""val_cross_entropy"": 0.4359161853790283, ""val_balanced_accuracy"": 0.8065212965011597, ""test_cross_entropy"": 0.5550577640533447, ""test_balanced_accuracy"": 0.8013782501220703}"
2026-04-17T23:37:21.716459,cats,lcbench,126025,2,753,4.062234878540039,"{""OpenML_task_id"": ""168908"", ""batch_size"": 16, ""epoch"": 1, ""learning_rate"": 0.0307591134177105, ""max_dropout"": 0.25008074658891827, ""max_units"": 136, ""momentum"": 0.6270614438656252, ""num_layers"": 3, ""weight_decay"": 0.03704320618085065}","{""time"": 4.062234878540039, ""val_accuracy"": 41.63292694091797, ""val_cross_entropy"": 0.6160145998001099, ""val_balanced_accuracy"": 0.5009104013442993, ""test_cross_entropy"": 0.7030303478240967, ""test_balanced_accuracy"": 0.5134605169296265}"
2026-04-17T23:37:21.717461,cats,lcbench,126025,2,754,5.566868782043457,"{""OpenML_task_id"": ""168331"", ""batch_size"": 177, ""epoch"": 1, ""learning_rate"": 0.09003066864366643, ""max_dropout"": 0.037907675086542816, ""max_units"": 283, ""momentum"": 0.31382522963866366, ""num_layers"": 4, ""weight_decay"": 0.05750326434549586}","{""time"": 5.566868782043457, ""val_accuracy"": 44.847354888916016, ""val_cross_entropy"": 0.699918270111084, ""val_balanced_accuracy"": 0.4856805205345154, ""test_cross_entropy"": 0.688123345375061, ""test_balanced_accuracy"": 0.4947546124458313}"
2026-04-17T23:37:21.717461,cats,lcbench,126025,2,755,6.955761432647705,"{""OpenML_task_id"": ""167201"", ""batch_size"": 16, ""epoch"": 1, ""learning_rate"": 0.00010000000000000009, ""max_dropout"": 0.04104488008548152, ""max_units"": 301, ""momentum"": 0.8914419833182623, ""num_layers"": 5, ""weight_decay"": 0.028523471077533013}","{""time"": 6.955761432647705, ""val_accuracy"": 52.10934829711914, ""val_cross_entropy"": 0.5879079699516296, ""val_balanced_accuracy"": 0.5385425090789795, ""test_cross_entropy"": 0.6753406524658203, ""test_balanced_accuracy"": 0.5226297974586487}"
2026-04-17T23:37:21.718461,cats,lcbench,126025,2,756,1.6219114065170288,"{""OpenML_task_id"": ""189873"", ""batch_size"": 94, ""epoch"": 1, ""learning_rate"": 0.07794744651657053, ""max_dropout"": 0.08049971460063068, ""max_units"": 151, ""momentum"": 0.43561657460615216, ""num_layers"": 5, ""weight_decay"": 0.07445919653383694}","{""time"": 1.6219114065170288, ""val_accuracy"": 57.879150390625, ""val_cross_entropy"": 0.5939943790435791, ""val_balanced_accuracy"": 0.5572062730789185, ""test_cross_entropy"": 0.6799577474594116, ""test_balanced_accuracy"": 0.5516334176063538}"
2026-04-17T23:37:21.718461,cats,lcbench,126025,2,757,20.36080551147461,"{""OpenML_task_id"": ""34539"", ""batch_size"": 16, ""epoch"": 7, ""learning_rate"": 0.00010000000000000009, ""max_dropout"": 0.5146810640233492, ""max_units"": 277, ""momentum"": 0.19270198964119942, ""num_layers"": 5, ""weight_decay"": 0.1}","{""time"": 20.36080551147461, ""val_accuracy"": 61.763816833496094, ""val_cross_entropy"": 0.6225736737251282, ""val_balanced_accuracy"": 0.5790172815322876, ""test_cross_entropy"": 0.681498646736145, ""test_balanced_accuracy"": 0.5694471001625061}"
2026-04-17T23:37:21.719462,cats,lcbench,126025,2,758,13.599019050598145,"{""OpenML_task_id"": ""168331"", ""batch_size"": 115, ""epoch"": 9, ""learning_rate"": 0.09164364420267875, ""max_dropout"": 0.0, ""max_units"": 137, ""momentum"": 0.20563207539358366, ""num_layers"": 5, ""weight_decay"": 0.05334389642764169}","{""time"": 13.599019050598145, ""val_accuracy"": 81.36233520507812, ""val_cross_entropy"": 0.4723966121673584, ""val_balanced_accuracy"": 0.6935523152351379, ""test_cross_entropy"": 0.6116729974746704, ""test_balanced_accuracy"": 0.6880697011947632}"
2026-04-17T23:37:21.719462,cats,lcbench,126025,2,759,25.125713348388672,"{""OpenML_task_id"": ""34539"", ""batch_size"": 41, ""epoch"": 4, ""learning_rate"": 0.00010000000000000009, ""max_dropout"": 0.6359587645000733, ""max_units"": 285, ""momentum"": 0.16860390218224738, ""num_layers"": 4, ""weight_decay"": 0.07935577454448171}","{""time"": 25.125713348388672, ""val_accuracy"": 49.13245391845703, ""val_cross_entropy"": 0.6820197105407715, ""val_balanced_accuracy"": 0.5203897356987, ""test_cross_entropy"": 0.6888351440429688, ""test_balanced_accuracy"": 0.5241401791572571}"
2026-04-17T23:37:21.720473,cats,lcbench,126025,2,760,13.822134017944336,"{""OpenML_task_id"": ""168908"", ""batch_size"": 16, ""epoch"": 8, ""learning_rate"": 0.009956304243387936, ""max_dropout"": 0.4707804923091789, ""max_units"": 105, ""momentum"": 0.582500794570364, ""num_layers"": 5, ""weight_decay"": 0.05134532078611817}","{""time"": 13.822134017944336, ""val_accuracy"": 84.59536743164062, ""val_cross_entropy"": 0.5212923884391785, ""val_balanced_accuracy"": 0.6176245808601379, ""test_cross_entropy"": 0.6388684511184692, ""test_balanced_accuracy"": 0.6127212047576904}"
2026-04-17T23:37:21.720473,cats,lcbench,126025,2,761,3.5936927795410156,"{""OpenML_task_id"": ""168329"", ""batch_size"": 77, ""epoch"": 1, ""learning_rate"": 0.00010000000000000009, ""max_dropout"": 0.7581146099016975, ""max_units"": 194, ""momentum"": 0.10193632642606001, ""num_layers"": 2, ""weight_decay"": 0.01145865503883812}","{""time"": 3.5936927795410156, ""val_accuracy"": 46.19124984741211, ""val_cross_entropy"": 0.6670857667922974, ""val_balanced_accuracy"": 0.48054251074790955, ""test_cross_entropy"": 0.6968268156051636, ""test_balanced_accuracy"": 0.48257145285606384}"
2026-04-17T23:37:21.721982,cats,lcbench,126025,2,762,12.33702278137207,"{""OpenML_task_id"": ""168329"", ""batch_size"": 116, ""epoch"": 3, ""learning_rate"": 0.00010000000000000009, ""max_dropout"": 0.6894699776864515, ""max_units"": 64, ""momentum"": 0.23539116467674157, ""num_layers"": 1, ""weight_decay"": 0.023991770846860567}","{""time"": 12.33702278137207, ""val_accuracy"": 53.94806671142578, ""val_cross_entropy"": 0.6475183963775635, ""val_balanced_accuracy"": 0.47202521562576294, ""test_cross_entropy"": 0.6900713443756104, ""test_balanced_accuracy"": 0.47070181369781494}"
2026-04-17T23:37:21.721982,cats,lcbench,126025,2,763,7.912368297576904,"{""OpenML_task_id"": ""189873"", ""batch_size"": 16, ""epoch"": 3, ""learning_rate"": 0.09218997922270919, ""max_dropout"": 0.027302263678810626, ""max_units"": 199, ""momentum"": 0.3218476854779759, ""num_layers"": 5, ""weight_decay"": 0.06271838818362219}","{""time"": 7.912368297576904, ""val_accuracy"": 76.13529205322266, ""val_cross_entropy"": 0.5400058627128601, ""val_balanced_accuracy"": 0.6605097055435181, ""test_cross_entropy"": 0.6190608739852905, ""test_balanced_accuracy"": 0.652193546295166}"
2026-04-17T23:37:21.722986,cats,lcbench,126025,2,764,10.825417518615723,"{""OpenML_task_id"": ""167190"", ""batch_size"": 16, ""epoch"": 3, ""learning_rate"": 0.014266111915120777, ""max_dropout"": 0.6080662510242953, ""max_units"": 167, ""momentum"": 0.1, ""num_layers"": 4, ""weight_decay"": 0.1}","{""time"": 10.825417518615723, ""val_accuracy"": 67.33142852783203, ""val_cross_entropy"": 0.630168616771698, ""val_balanced_accuracy"": 0.5372385382652283, ""test_cross_entropy"": 0.6782931089401245, ""test_balanced_accuracy"": 0.539004921913147}"
2026-04-17T23:37:21.722986,cats,lcbench,126025,2,765,1.726496696472168,"{""OpenML_task_id"": ""189873"", ""batch_size"": 16, ""epoch"": 1, ""learning_rate"": 0.09305041928582386, ""max_dropout"": 0.09105055504579082, ""max_units"": 72, ""momentum"": 0.42354821917489477, ""num_layers"": 5, ""weight_decay"": 0.06432972834858873}","{""time"": 1.726496696472168, ""val_accuracy"": 55.02531814575195, ""val_cross_entropy"": 0.5995967984199524, ""val_balanced_accuracy"": 0.536305844783783, ""test_cross_entropy"": 0.6950201392173767, ""test_balanced_accuracy"": 0.5260180234909058}"
2026-04-17T23:37:21.723997,cats,lcbench,126025,2,766,4.426191806793213,"{""OpenML_task_id"": ""3945"", ""batch_size"": 182, ""epoch"": 3, ""learning_rate"": 0.04294791529641579, ""max_dropout"": 0.8926499412301445, ""max_units"": 97, ""momentum"": 0.4851825922347521, ""num_layers"": 5, ""weight_decay"": 0.03013098897345707}","{""time"": 4.426191806793213, ""val_accuracy"": 69.91806030273438, ""val_cross_entropy"": 0.5358245968818665, ""val_balanced_accuracy"": 0.6408379077911377, ""test_cross_entropy"": 0.6708567142486572, ""test_balanced_accuracy"": 0.6340621113777161}"
2026-04-17T23:37:21.725047,cats,lcbench,126025,2,767,1.7167353630065918,"{""OpenML_task_id"": ""168908"", ""batch_size"": 16, ""epoch"": 1, ""learning_rate"": 0.018470741591042512, ""max_dropout"": 0.40902893432578125, ""max_units"": 64, ""momentum"": 0.5996877476287538, ""num_layers"": 5, ""weight_decay"": 0.04652085625800828}","{""time"": 1.7167353630065918, ""val_accuracy"": 51.80441665649414, ""val_cross_entropy"": 0.6301459670066833, ""val_balanced_accuracy"": 0.5111944675445557, ""test_cross_entropy"": 0.7059268951416016, ""test_balanced_accuracy"": 0.5006095170974731}"
2026-04-17T23:37:21.725047,cats,lcbench,126025,2,768,3.860036611557007,"{""OpenML_task_id"": ""3945"", ""batch_size"": 156, ""epoch"": 1, ""learning_rate"": 0.053935968177566726, ""max_dropout"": 1.0, ""max_units"": 111, ""momentum"": 0.5052791468614068, ""num_layers"": 4, ""weight_decay"": 0.010391707461432774}","{""time"": 3.860036611557007, ""val_accuracy"": 33.64053726196289, ""val_cross_entropy"": 0.6772589087486267, ""val_balanced_accuracy"": 0.43846040964126587, ""test_cross_entropy"": 0.7142525315284729, ""test_balanced_accuracy"": 0.4360734522342682}"
2026-04-17T23:37:21.726058,cats,lcbench,126025,2,769,2.984309196472168,"{""OpenML_task_id"": ""189873"", ""batch_size"": 48, ""epoch"": 1, ""learning_rate"": 0.07636352727246781, ""max_dropout"": 0.19160156130461672, ""max_units"": 278, ""momentum"": 0.3298848066248017, ""num_layers"": 5, ""weight_decay"": 0.04634880283977086}","{""time"": 2.984309196472168, ""val_accuracy"": 52.374698638916016, ""val_cross_entropy"": 0.6093126535415649, ""val_balanced_accuracy"": 0.5303813219070435, ""test_cross_entropy"": 0.6845682859420776, ""test_balanced_accuracy"": 0.5252480506896973}"
2026-04-17T23:37:21.726058,cats,lcbench,126025,2,770,5.492961883544922,"{""OpenML_task_id"": ""167201"", ""batch_size"": 32, ""epoch"": 1, ""learning_rate"": 0.026068046750747968, ""max_dropout"": 0.1501290409032934, ""max_units"": 310, ""momentum"": 0.745598439045895, ""num_layers"": 5, ""weight_decay"": 0.028435887879327694}","{""time"": 5.492961883544922, ""val_accuracy"": 49.37322998046875, ""val_cross_entropy"": 0.6134825944900513, ""val_balanced_accuracy"": 0.5066323280334473, ""test_cross_entropy"": 0.6954183578491211, ""test_balanced_accuracy"": 0.4984305799007416}"
2026-04-17T23:37:21.727057,cats,lcbench,126025,2,771,4.999319076538086,"{""OpenML_task_id"": ""167185"", ""batch_size"": 96, ""epoch"": 2, ""learning_rate"": 0.0723688321902518, ""max_dropout"": 0.9314663306975598, ""max_units"": 343, ""momentum"": 0.37603070773249886, ""num_layers"": 4, ""weight_decay"": 0.04221969168561472}","{""time"": 4.999319076538086, ""val_accuracy"": 67.02289581298828, ""val_cross_entropy"": 0.4979332387447357, ""val_balanced_accuracy"": 0.6974683403968811, ""test_cross_entropy"": 0.6292749643325806, ""test_balanced_accuracy"": 0.6955884695053101}"
2026-04-17T23:37:21.727057,cats,lcbench,126025,2,772,1.6274892091751099,"{""OpenML_task_id"": ""3945"", ""batch_size"": 180, ""epoch"": 1, ""learning_rate"": 0.038766506172078004, ""max_dropout"": 0.9320350393917674, ""max_units"": 64, ""momentum"": 0.5926605965521543, ""num_layers"": 5, ""weight_decay"": 0.01631915724554491}","{""time"": 1.6274892091751099, ""val_accuracy"": 54.37097930908203, ""val_cross_entropy"": 0.5617188215255737, ""val_balanced_accuracy"": 0.5481052994728088, ""test_cross_entropy"": 0.7011351585388184, ""test_balanced_accuracy"": 0.5353124737739563}"
2026-04-17T23:37:21.728072,cats,lcbench,126025,2,773,2.1308932304382324,"{""OpenML_task_id"": ""168908"", ""batch_size"": 79, ""epoch"": 1, ""learning_rate"": 0.018374993946661766, ""max_dropout"": 0.4741414774711512, ""max_units"": 179, ""momentum"": 0.5680707438592953, ""num_layers"": 5, ""weight_decay"": 0.03490268576284687}","{""time"": 2.1308932304382324, ""val_accuracy"": 52.155982971191406, ""val_cross_entropy"": 0.6203078627586365, ""val_balanced_accuracy"": 0.5188228487968445, ""test_cross_entropy"": 0.6945180892944336, ""test_balanced_accuracy"": 0.5132617354393005}"
2026-04-17T23:37:21.729066,cats,lcbench,126025,2,774,2.0918478965759277,"{""OpenML_task_id"": ""167200"", ""batch_size"": 53, ""epoch"": 1, ""learning_rate"": 0.05993756528522043, ""max_dropout"": 1.0, ""max_units"": 185, ""momentum"": 0.6015765958008097, ""num_layers"": 5, ""weight_decay"": 0.02385317070287743}","{""time"": 2.0918478965759277, ""val_accuracy"": 57.14213562011719, ""val_cross_entropy"": 0.48884421586990356, ""val_balanced_accuracy"": 0.5529575943946838, ""test_cross_entropy"": 0.6981604099273682, ""test_balanced_accuracy"": 0.5394914150238037}"
2026-04-17T23:37:21.729066,cats,lcbench,126025,2,775,22.46924591064453,"{""OpenML_task_id"": ""189865"", ""batch_size"": 130, ""epoch"": 4, ""learning_rate"": 0.0011651670128119867, ""max_dropout"": 0.11006288089230506, ""max_units"": 214, ""momentum"": 0.7244542305126352, ""num_layers"": 3, ""weight_decay"": 0.08253500897560621}","{""time"": 22.46924591064453, ""val_accuracy"": 76.82717895507812, ""val_cross_entropy"": 0.5785312056541443, ""val_balanced_accuracy"": 0.7739835977554321, ""test_cross_entropy"": 0.6404772996902466, ""test_balanced_accuracy"": 0.7712190747261047}"
2026-04-17T23:37:21.730055,cats,lcbench,126025,2,776,14.886115074157715,"{""OpenML_task_id"": ""189873"", ""batch_size"": 42, ""epoch"": 6, ""learning_rate"": 0.07821344860235392, ""max_dropout"": 0.0024457792870611894, ""max_units"": 168, ""momentum"": 0.4725224844673819, ""num_layers"": 5, ""weight_decay"": 0.04865346829747792}","{""time"": 14.886115074157715, ""val_accuracy"": 80.69160461425781, ""val_cross_entropy"": 0.46937447786331177, ""val_balanced_accuracy"": 0.7251748442649841, ""test_cross_entropy"": 0.5921274423599243, ""test_balanced_accuracy"": 0.7134311199188232}"
2026-04-17T23:37:21.730055,cats,lcbench,126025,2,777,3.3426880836486816,"{""OpenML_task_id"": ""189862"", ""batch_size"": 16, ""epoch"": 1, ""learning_rate"": 0.07918594301383482, ""max_dropout"": 0.027688368947804243, ""max_units"": 203, ""momentum"": 0.49293137864547826, ""num_layers"": 5, ""weight_decay"": 0.07069934667516625}","{""time"": 3.3426880836486816, ""val_accuracy"": 53.08929443359375, ""val_cross_entropy"": 0.6068043112754822, ""val_balanced_accuracy"": 0.5277384519577026, ""test_cross_entropy"": 0.6919413805007935, ""test_balanced_accuracy"": 0.5185438394546509}"
2026-04-17T23:37:21.730055,cats,lcbench,126025,2,778,10.114236831665039,"{""OpenML_task_id"": ""189865"", ""batch_size"": 115, ""epoch"": 2, ""learning_rate"": 0.018311721135036697, ""max_dropout"": 0.23568987898523236, ""max_units"": 315, ""momentum"": 0.7828622004911416, ""num_layers"": 4, ""weight_decay"": 0.09041400851989506}","{""time"": 10.114236831665039, ""val_accuracy"": 59.97406005859375, ""val_cross_entropy"": 0.6543395519256592, ""val_balanced_accuracy"": 0.6217851638793945, ""test_cross_entropy"": 0.6646449565887451, ""test_balanced_accuracy"": 0.6248834729194641}"
2026-04-17T23:37:21.731560,cats,lcbench,126025,2,779,13.75659465789795,"{""OpenML_task_id"": ""168331"", ""batch_size"": 190, ""epoch"": 5, ""learning_rate"": 0.07954412403563023, ""max_dropout"": 0.23742242837486158, ""max_units"": 287, ""momentum"": 0.3653704405494996, ""num_layers"": 3, ""weight_decay"": 0.06621912489526922}","{""time"": 13.75659465789795, ""val_accuracy"": 78.74905395507812, ""val_cross_entropy"": 0.394907146692276, ""val_balanced_accuracy"": 0.8221179842948914, ""test_cross_entropy"": 0.547027587890625, ""test_balanced_accuracy"": 0.8208629488945007}"
2026-04-17T23:37:21.732567,cats,lcbench,126025,2,780,34.86469268798828,"{""OpenML_task_id"": ""189909"", ""batch_size"": 126, ""epoch"": 9, ""learning_rate"": 0.00010000000000000009, ""max_dropout"": 0.09415228651752912, ""max_units"": 292, ""momentum"": 0.689237078795792, ""num_layers"": 2, ""weight_decay"": 0.1}","{""time"": 34.86469268798828, ""val_accuracy"": 73.82523345947266, ""val_cross_entropy"": 0.5660644769668579, ""val_balanced_accuracy"": 0.7628667950630188, ""test_cross_entropy"": 0.6378599405288696, ""test_balanced_accuracy"": 0.7624114751815796}"
2026-04-17T23:37:21.732567,cats,lcbench,126025,2,781,2.107187032699585,"{""OpenML_task_id"": ""34539"", ""batch_size"": 88, ""epoch"": 1, ""learning_rate"": 0.006470700395012333, ""max_dropout"": 0.7341033559858489, ""max_units"": 64, ""momentum"": 0.1, ""num_layers"": 5, ""weight_decay"": 0.09215033874801826}","{""time"": 2.107187032699585, ""val_accuracy"": 63.18510437011719, ""val_cross_entropy"": 0.5325126647949219, ""val_balanced_accuracy"": 0.5815607309341431, ""test_cross_entropy"": 0.6701024770736694, ""test_balanced_accuracy"": 0.5703547596931458}"
2026-04-17T23:37:21.732567,cats,lcbench,126025,2,782,51.76846694946289,"{""OpenML_task_id"": ""167201"", ""batch_size"": 16, ""epoch"": 7, ""learning_rate"": 0.0035660843615350976, ""max_dropout"": 0.0, ""max_units"": 447, ""momentum"": 0.8052439052608933, ""num_layers"": 5, ""weight_decay"": 0.025526443807771852}","{""time"": 51.76846694946289, ""val_accuracy"": 82.61585998535156, ""val_cross_entropy"": 0.32053741812705994, ""val_balanced_accuracy"": 0.8049138188362122, ""test_cross_entropy"": 0.4877438247203827, ""test_balanced_accuracy"": 0.7882726788520813}"
2026-04-17T23:37:21.734071,cats,lcbench,126025,2,783,13.770539283752441,"{""OpenML_task_id"": ""167185"", ""batch_size"": 16, ""epoch"": 4, ""learning_rate"": 0.07016244869469222, ""max_dropout"": 1.0, ""max_units"": 330, ""momentum"": 0.35818579177945276, ""num_layers"": 3, ""weight_decay"": 0.05760340865922346}","{""time"": 13.770539283752441, ""val_accuracy"": 69.72721862792969, ""val_cross_entropy"": 1.1825594902038574, ""val_balanced_accuracy"": 0.7091332077980042, ""test_cross_entropy"": 0.6080769896507263, ""test_balanced_accuracy"": 0.7079344987869263}"
2026-04-17T23:37:21.734071,cats,lcbench,126025,2,784,2.3916590213775635,"{""OpenML_task_id"": ""167185"", ""batch_size"": 65, ""epoch"": 1, ""learning_rate"": 0.08374685852541058, ""max_dropout"": 0.8646421323240756, ""max_units"": 273, ""momentum"": 0.4340954566405778, ""num_layers"": 5, ""weight_decay"": 0.05967686887317048}","{""time"": 2.3916590213775635, ""val_accuracy"": 55.5887336730957, ""val_cross_entropy"": 0.5358718633651733, ""val_balanced_accuracy"": 0.5542225241661072, ""test_cross_entropy"": 0.6914745569229126, ""test_balanced_accuracy"": 0.5459902882575989}"
2026-04-17T23:37:21.735087,cats,lcbench,126025,2,785,25.362773895263672,"{""OpenML_task_id"": ""34539"", ""batch_size"": 85, ""epoch"": 8, ""learning_rate"": 0.012420131327006924, ""max_dropout"": 0.7947494390605185, ""max_units"": 224, ""momentum"": 0.1, ""num_layers"": 4, ""weight_decay"": 0.1}","{""time"": 25.362773895263672, ""val_accuracy"": 69.04512786865234, ""val_cross_entropy"": 0.6379464268684387, ""val_balanced_accuracy"": 0.5684801936149597, ""test_cross_entropy"": 0.6890001893043518, ""test_balanced_accuracy"": 0.5709033012390137}"
2026-04-17T23:37:21.735087,cats,lcbench,126025,2,786,7.061740875244141,"{""OpenML_task_id"": ""34539"", ""batch_size"": 31, ""epoch"": 3, ""learning_rate"": 0.004876010335622785, ""max_dropout"": 0.5767957595448002, ""max_units"": 64, ""momentum"": 0.1, ""num_layers"": 5, ""weight_decay"": 0.09710841370084118}","{""time"": 7.061740875244141, ""val_accuracy"": 77.03407287597656, ""val_cross_entropy"": 0.5734261274337769, ""val_balanced_accuracy"": 0.5865570306777954, ""test_cross_entropy"": 0.6737642884254456, ""test_balanced_accuracy"": 0.5782138705253601}"
2026-04-17T23:37:21.736609,cats,lcbench,126025,2,787,5.962898254394531,"{""OpenML_task_id"": ""167181"", ""batch_size"": 75, ""epoch"": 1, ""learning_rate"": 0.0017043926108612762, ""max_dropout"": 0.6076058253431421, ""max_units"": 125, ""momentum"": 0.1, ""num_layers"": 3, ""weight_decay"": 0.03117162116767093}","{""time"": 5.962898254394531, ""val_accuracy"": 45.4979362487793, ""val_cross_entropy"": 0.653702437877655, ""val_balanced_accuracy"": 0.4881500005722046, ""test_cross_entropy"": 0.6882575750350952, ""test_balanced_accuracy"": 0.5005913972854614}"
2026-04-17T23:37:21.736609,cats,lcbench,126025,2,788,12.378857612609863,"{""OpenML_task_id"": ""189865"", ""batch_size"": 64, ""epoch"": 5, ""learning_rate"": 0.005598341887272173, ""max_dropout"": 0.25945483855841867, ""max_units"": 89, ""momentum"": 0.7774652285204051, ""num_layers"": 4, ""weight_decay"": 0.08734092746513514}","{""time"": 12.378857612609863, ""val_accuracy"": 67.09208679199219, ""val_cross_entropy"": 0.654660165309906, ""val_balanced_accuracy"": 0.5660964846611023, ""test_cross_entropy"": 0.6880804896354675, ""test_balanced_accuracy"": 0.567058265209198}"
2026-04-17T23:37:21.737620,cats,lcbench,126025,2,789,2.347036123275757,"{""OpenML_task_id"": ""34539"", ""batch_size"": 16, ""epoch"": 1, ""learning_rate"": 0.00010000000000000009, ""max_dropout"": 0.5729432120797296, ""max_units"": 159, ""momentum"": 0.1, ""num_layers"": 5, ""weight_decay"": 0.08929090233917261}","{""time"": 2.347036123275757, ""val_accuracy"": 62.170162200927734, ""val_cross_entropy"": 0.5433177351951599, ""val_balanced_accuracy"": 0.5800021290779114, ""test_cross_entropy"": 0.67071533203125, ""test_balanced_accuracy"": 0.5688250660896301}"
2026-04-17T23:37:21.737620,cats,lcbench,126025,2,790,5.928036689758301,"{""OpenML_task_id"": ""3945"", ""batch_size"": 144, ""epoch"": 1, ""learning_rate"": 0.048195506278595125, ""max_dropout"": 1.0, ""max_units"": 214, ""momentum"": 0.5624849664497652, ""num_layers"": 4, ""weight_decay"": 0.0049376025041553}","{""time"": 5.928036689758301, ""val_accuracy"": 32.86965560913086, ""val_cross_entropy"": 0.6926398873329163, ""val_balanced_accuracy"": 0.43686097860336304, ""test_cross_entropy"": 0.7111213207244873, ""test_balanced_accuracy"": 0.43567854166030884}"
2026-04-17T23:37:21.738621,cats,lcbench,126025,2,791,5.805323123931885,"{""OpenML_task_id"": ""167181"", ""batch_size"": 16, ""epoch"": 2, ""learning_rate"": 0.07751997209767972, ""max_dropout"": 0.8625392786004684, ""max_units"": 202, ""momentum"": 0.4955581112571702, ""num_layers"": 4, ""weight_decay"": 0.06233666457018799}","{""time"": 5.805323123931885, ""val_accuracy"": 53.81220626831055, ""val_cross_entropy"": 0.6550876498222351, ""val_balanced_accuracy"": 0.5325688719749451, ""test_cross_entropy"": 0.6676011085510254, ""test_balanced_accuracy"": 0.5274677872657776}"
2026-04-17T23:37:21.738621,cats,lcbench,126025,2,792,4.073390483856201,"{""OpenML_task_id"": ""167185"", ""batch_size"": 16, ""epoch"": 1, ""learning_rate"": 0.07256920536944853, ""max_dropout"": 0.7992349337025083, ""max_units"": 343, ""momentum"": 0.3168706718717186, ""num_layers"": 3, ""weight_decay"": 0.04699236163435078}","{""time"": 4.073390483856201, ""val_accuracy"": 46.34497833251953, ""val_cross_entropy"": 0.6732780337333679, ""val_balanced_accuracy"": 0.515180230140686, ""test_cross_entropy"": 0.7051304578781128, ""test_balanced_accuracy"": 0.5216687321662903}"
2026-04-17T23:37:21.740136,cats,lcbench,126025,2,793,8.28469181060791,"{""OpenML_task_id"": ""189865"", ""batch_size"": 135, ""epoch"": 1, ""learning_rate"": 0.010489860882654793, ""max_dropout"": 0.22701028966513048, ""max_units"": 302, ""momentum"": 0.8094332883158059, ""num_layers"": 4, ""weight_decay"": 0.09609817712917938}","{""time"": 8.28469181060791, ""val_accuracy"": 40.52409362792969, ""val_cross_entropy"": 0.6156631708145142, ""val_balanced_accuracy"": 0.47669103741645813, ""test_cross_entropy"": 0.6937534809112549, ""test_balanced_accuracy"": 0.48352596163749695}"
2026-04-17T23:37:21.740136,cats,lcbench,126025,2,794,4.622812271118164,"{""OpenML_task_id"": ""34539"", ""batch_size"": 36, ""epoch"": 2, ""learning_rate"": 0.015702254687990424, ""max_dropout"": 0.5372745100682553, ""max_units"": 79, ""momentum"": 0.2569618977759802, ""num_layers"": 5, ""weight_decay"": 0.09675012310083145}","{""time"": 4.622812271118164, ""val_accuracy"": 67.03772735595703, ""val_cross_entropy"": 0.6200160384178162, ""val_balanced_accuracy"": 0.571599543094635, ""test_cross_entropy"": 0.6886111497879028, ""test_balanced_accuracy"": 0.5624565482139587}"
2026-04-17T23:37:21.741144,cats,lcbench,126025,2,795,8.719766616821289,"{""OpenML_task_id"": ""168331"", ""batch_size"": 185, ""epoch"": 5, ""learning_rate"": 0.10000000000000002, ""max_dropout"": 0.263784812338399, ""max_units"": 78, ""momentum"": 0.2186980190953047, ""num_layers"": 4, ""weight_decay"": 0.05995537287983779}","{""time"": 8.719766616821289, ""val_accuracy"": 70.91231536865234, ""val_cross_entropy"": 0.49787572026252747, ""val_balanced_accuracy"": 0.7029614448547363, ""test_cross_entropy"": 0.6164783835411072, ""test_balanced_accuracy"": 0.7001901268959045}"
2026-04-17T23:37:21.741647,cats,lcbench,126025,2,796,2.6552140712738037,"{""OpenML_task_id"": ""189873"", ""batch_size"": 16, ""epoch"": 1, ""learning_rate"": 0.09206906909093227, ""max_dropout"": 0.06335846788152083, ""max_units"": 160, ""momentum"": 0.3948880912979599, ""num_layers"": 5, ""weight_decay"": 0.06472344202566375}","{""time"": 2.6552140712738037, ""val_accuracy"": 53.269744873046875, ""val_cross_entropy"": 0.6116729974746704, ""val_balanced_accuracy"": 0.5284445285797119, ""test_cross_entropy"": 0.6913787126541138, ""test_balanced_accuracy"": 0.5192891359329224}"
2026-04-17T23:37:21.742668,cats,lcbench,126025,2,797,6.932055473327637,"{""OpenML_task_id"": ""167185"", ""batch_size"": 58, ""epoch"": 3, ""learning_rate"": 0.07782405669327916, ""max_dropout"": 0.7945101456008656, ""max_units"": 330, ""momentum"": 0.41701815681310445, ""num_layers"": 3, ""weight_decay"": 0.06688308906290338}","{""time"": 6.932055473327637, ""val_accuracy"": 76.23236083984375, ""val_cross_entropy"": 0.5349860787391663, ""val_balanced_accuracy"": 0.7776519060134888, ""test_cross_entropy"": 0.576725959777832, ""test_balanced_accuracy"": 0.7764617800712585}"
2026-04-17T23:37:21.742668,cats,lcbench,126025,2,798,11.733217239379883,"{""OpenML_task_id"": ""3945"", ""batch_size"": 16, ""epoch"": 1, ""learning_rate"": 0.06062291645905154, ""max_dropout"": 0.2912945770106623, ""max_units"": 327, ""momentum"": 0.99, ""num_layers"": 2, ""weight_decay"": 0.00438679492546111}","{""time"": 11.733217239379883, ""val_accuracy"": 39.71846008300781, ""val_cross_entropy"": 0.9211531281471252, ""val_balanced_accuracy"": 0.4805058538913727, ""test_cross_entropy"": 0.6949080228805542, ""test_balanced_accuracy"": 0.49789753556251526}"
2026-04-17T23:37:21.743651,cats,lcbench,126025,2,799,6.052144527435303,"{""OpenML_task_id"": ""34539"", ""batch_size"": 16, ""epoch"": 1, ""learning_rate"": 0.00010000000000000009, ""max_dropout"": 0.5505960034640012, ""max_units"": 290, ""momentum"": 0.1, ""num_layers"": 4, ""weight_decay"": 0.07935471868546508}","{""time"": 6.052144527435303, ""val_accuracy"": 40.71763229370117, ""val_cross_entropy"": 0.63438481092453, ""val_balanced_accuracy"": 0.4977702796459198, ""test_cross_entropy"": 0.6872482299804688, ""test_balanced_accuracy"": 0.49740394949913025}"
2026-04-17T23:37:21.743651,cats,lcbench,126025,2,800,2.5576012134552,"{""OpenML_task_id"": ""34539"", ""batch_size"": 16, ""epoch"": 1, ""learning_rate"": 0.00010000000000000009, ""max_dropout"": 0.7407235648236654, ""max_units"": 175, ""momentum"": 0.1, ""num_layers"": 5, ""weight_decay"": 0.1}","{""time"": 2.5576012134552, ""val_accuracy"": 62.558414459228516, ""val_cross_entropy"": 0.5318365097045898, ""val_balanced_accuracy"": 0.5833538174629211, ""test_cross_entropy"": 0.6694881916046143, ""test_balanced_accuracy"": 0.5723501443862915}"
2026-04-17T23:37:21.744661,cats,lcbench,126025,2,801,10.44333267211914,"{""OpenML_task_id"": ""34539"", ""batch_size"": 86, ""epoch"": 8, ""learning_rate"": 0.06536454185768564, ""max_dropout"": 0.7943265207553886, ""max_units"": 180, ""momentum"": 0.5155554657999926, ""num_layers"": 3, ""weight_decay"": 0.06546977821812405}","{""time"": 10.44333267211914, ""val_accuracy"": 74.78085327148438, ""val_cross_entropy"": 0.5114203691482544, ""val_balanced_accuracy"": 0.7832773327827454, ""test_cross_entropy"": 0.5761131644248962, ""test_balanced_accuracy"": 0.7746644616127014}"
2026-04-17T23:37:21.748712,cats,lcbench,126025,2,802,6.304543495178223,"{""OpenML_task_id"": ""189908"", ""batch_size"": 176, ""epoch"": 1, ""learning_rate"": 0.00616553764759909, ""max_dropout"": 0.6606769958723963, ""max_units"": 64, ""momentum"": 0.1, ""num_layers"": 3, ""weight_decay"": 0.01566342139978772}","{""time"": 6.304543495178223, ""val_accuracy"": 44.91395568847656, ""val_cross_entropy"": 0.6662246584892273, ""val_balanced_accuracy"": 0.48444727063179016, ""test_cross_entropy"": 0.6929950714111328, ""test_balanced_accuracy"": 0.496044397354126}"
2026-04-17T23:37:21.749218,cats,lcbench,126025,2,803,5.632408618927002,"{""OpenML_task_id"": ""7593"", ""batch_size"": 66, ""epoch"": 1, ""learning_rate"": 0.004693832473218779, ""max_dropout"": 0.0031004221714939495, ""max_units"": 419, ""momentum"": 0.7030101513948591, ""num_layers"": 5, ""weight_decay"": 0.03580037934135421}","{""time"": 5.632408618927002, ""val_accuracy"": 53.07532501220703, ""val_cross_entropy"": 0.5709999799728394, ""val_balanced_accuracy"": 0.5374056100845337, ""test_cross_entropy"": 0.6824345588684082, ""test_balanced_accuracy"": 0.5323017835617065}"
2026-04-17T23:37:21.749218,cats,lcbench,126025,2,804,5.573841094970703,"{""OpenML_task_id"": ""168331"", ""batch_size"": 217, ""epoch"": 1, ""learning_rate"": 0.0770743256675133, ""max_dropout"": 0.11417402026211784, ""max_units"": 193, ""momentum"": 0.3596798528421584, ""num_layers"": 4, ""weight_decay"": 0.05915311835863781}","{""time"": 5.573841094970703, ""val_accuracy"": 42.80752182006836, ""val_cross_entropy"": 0.6883373260498047, ""val_balanced_accuracy"": 0.46796703338623047, ""test_cross_entropy"": 0.6886119246482849, ""test_balanced_accuracy"": 0.4756937623023987}"
2026-04-17T23:37:21.750757,cats,lcbench,126025,2,805,4.924017906188965,"{""OpenML_task_id"": ""168329"", ""batch_size"": 81, ""epoch"": 1, ""learning_rate"": 0.02839242089138906, ""max_dropout"": 0.2530566230705675, ""max_units"": 211, ""momentum"": 0.5990486346908349, ""num_layers"": 4, ""weight_decay"": 0.03027808667515397}","{""time"": 4.924017906188965, ""val_accuracy"": 40.53669357299805, ""val_cross_entropy"": 0.6618728041648865, ""val_balanced_accuracy"": 0.4786434769630432, ""test_cross_entropy"": 0.7041590213775635, ""test_balanced_accuracy"": 0.48879843950271606}"
2026-04-17T23:37:21.750757,cats,lcbench,126025,2,806,1.4880422353744507,"{""OpenML_task_id"": ""189873"", ""batch_size"": 16, ""epoch"": 1, ""learning_rate"": 0.08916385763849843, ""max_dropout"": 0.1981704795056399, ""max_units"": 68, ""momentum"": 0.2600117329631251, ""num_layers"": 5, ""weight_decay"": 0.04853613781314473}","{""time"": 1.4880422353744507, ""val_accuracy"": 52.60707473754883, ""val_cross_entropy"": 0.6128197908401489, ""val_balanced_accuracy"": 0.5265721082687378, ""test_cross_entropy"": 0.6952345967292786, ""test_balanced_accuracy"": 0.5169973373413086}"
2026-04-17T23:37:21.751761,cats,lcbench,126025,2,807,8.037870407104492,"{""OpenML_task_id"": ""167190"", ""batch_size"": 48, ""epoch"": 9, ""learning_rate"": 0.06190185021139093, ""max_dropout"": 0.900113772868905, ""max_units"": 64, ""momentum"": 0.5845963192759988, ""num_layers"": 5, ""weight_decay"": 0.01326272525691271}","{""time"": 8.037870407104492, ""val_accuracy"": 85.16979217529297, ""val_cross_entropy"": 0.22725282609462738, ""val_balanced_accuracy"": 0.8166994452476501, ""test_cross_entropy"": 0.5082477927207947, ""test_balanced_accuracy"": 0.7940930724143982}"
2026-04-17T23:37:21.752287,cats,lcbench,126025,2,808,4.378779888153076,"{""OpenML_task_id"": ""3945"", ""batch_size"": 164, ""epoch"": 7, ""learning_rate"": 0.04058671329507161, ""max_dropout"": 1.0, ""max_units"": 64, ""momentum"": 0.5965685254285706, ""num_layers"": 4, ""weight_decay"": 0.014774804797050413}","{""time"": 4.378779888153076, ""val_accuracy"": 74.589111328125, ""val_cross_entropy"": 0.37463176250457764, ""val_balanced_accuracy"": 0.7837570905685425, ""test_cross_entropy"": 0.5833443403244019, ""test_balanced_accuracy"": 0.7723275423049927}"
2026-04-17T23:37:21.752287,cats,lcbench,126025,2,809,4.575399875640869,"{""OpenML_task_id"": ""168908"", ""batch_size"": 42, ""epoch"": 1, ""learning_rate"": 0.018930852281824978, ""max_dropout"": 0.3957093539371104, ""max_units"": 170, ""momentum"": 0.4210506070844722, ""num_layers"": 4, ""weight_decay"": 0.05643879042017051}","{""time"": 4.575399875640869, ""val_accuracy"": 39.10365295410156, ""val_cross_entropy"": 0.6357042193412781, ""val_balanced_accuracy"": 0.46717599034309387, ""test_cross_entropy"": 0.7022089958190918, ""test_balanced_accuracy"": 0.4727577269077301}"
2026-04-17T23:37:21.753793,cats,lcbench,126025,2,810,4.428980827331543,"{""OpenML_task_id"": ""168335"", ""batch_size"": 87, ""epoch"": 3, ""learning_rate"": 0.07560578994025983, ""max_dropout"": 0.4711770156294711, ""max_units"": 233, ""momentum"": 0.948874164761287, ""num_layers"": 3, ""weight_decay"": 0.010432751189767199}","{""time"": 4.428980827331543, ""val_accuracy"": 81.8604507446289, ""val_cross_entropy"": 0.4055303633213043, ""val_balanced_accuracy"": 0.8205138444900513, ""test_cross_entropy"": 0.514920711517334, ""test_balanced_accuracy"": 0.8109236359596252}"
2026-04-17T23:37:21.754314,cats,lcbench,126025,2,811,16.32242202758789,"{""OpenML_task_id"": ""34539"", ""batch_size"": 42, ""epoch"": 5, ""learning_rate"": 0.0031786604214747356, ""max_dropout"": 0.5534861486857183, ""max_units"": 132, ""momentum"": 0.24978677243915332, ""num_layers"": 4, ""weight_decay"": 0.09617921308318601}","{""time"": 16.32242202758789, ""val_accuracy"": 72.01844024658203, ""val_cross_entropy"": 0.647514283657074, ""val_balanced_accuracy"": 0.585472822189331, ""test_cross_entropy"": 0.6914522647857666, ""test_balanced_accuracy"": 0.5866655111312866}"
2026-04-17T23:37:21.755324,cats,lcbench,126025,2,812,3.9478883743286133,"{""OpenML_task_id"": ""189873"", ""batch_size"": 16, ""epoch"": 1, ""learning_rate"": 0.08144920973719962, ""max_dropout"": 0.16993609181599334, ""max_units"": 259, ""momentum"": 0.4031605238364586, ""num_layers"": 5, ""weight_decay"": 0.05710686305286734}","{""time"": 3.9478883743286133, ""val_accuracy"": 51.599205017089844, ""val_cross_entropy"": 0.6251251697540283, ""val_balanced_accuracy"": 0.5234737992286682, ""test_cross_entropy"": 0.6889435052871704, ""test_balanced_accuracy"": 0.5154809951782227}"
2026-04-17T23:37:21.755324,cats,lcbench,126025,2,813,3.4654014110565186,"{""OpenML_task_id"": ""168908"", ""batch_size"": 16, ""epoch"": 1, ""learning_rate"": 0.013818027607825306, ""max_dropout"": 0.2452814826222478, ""max_units"": 239, ""momentum"": 0.43665183294780885, ""num_layers"": 5, ""weight_decay"": 0.03247427315186507}","{""time"": 3.4654014110565186, ""val_accuracy"": 47.871883392333984, ""val_cross_entropy"": 0.607525646686554, ""val_balanced_accuracy"": 0.5131266713142395, ""test_cross_entropy"": 0.6975027918815613, ""test_balanced_accuracy"": 0.50480055809021}"
2026-04-17T23:37:21.755324,cats,lcbench,126025,2,814,8.711400032043457,"{""OpenML_task_id"": ""189865"", ""batch_size"": 129, ""epoch"": 3, ""learning_rate"": 0.015352240653193273, ""max_dropout"": 0.1420610841820869, ""max_units"": 90, ""momentum"": 0.8432485350050107, ""num_layers"": 4, ""weight_decay"": 0.1}","{""time"": 8.711400032043457, ""val_accuracy"": 54.17367935180664, ""val_cross_entropy"": 0.7046236395835876, ""val_balanced_accuracy"": 0.5157780051231384, ""test_cross_entropy"": 0.6955986022949219, ""test_balanced_accuracy"": 0.5186457633972168}"
2026-04-17T23:37:21.757196,cats,lcbench,126025,2,815,2.489272117614746,"{""OpenML_task_id"": ""34539"", ""batch_size"": 16, ""epoch"": 1, ""learning_rate"": 0.008395665819195068, ""max_dropout"": 0.7607319964478362, ""max_units"": 128, ""momentum"": 0.22465873769976888, ""num_layers"": 5, ""weight_decay"": 0.09825496998708402}","{""time"": 2.489272117614746, ""val_accuracy"": 58.942527770996094, ""val_cross_entropy"": 0.573853611946106, ""val_balanced_accuracy"": 0.5650749206542969, ""test_cross_entropy"": 0.6788094639778137, ""test_balanced_accuracy"": 0.5516818165779114}"
2026-04-17T23:37:21.757705,cats,lcbench,126025,2,816,18.22447967529297,"{""OpenML_task_id"": ""3945"", ""batch_size"": 90, ""epoch"": 6, ""learning_rate"": 0.08217420868741268, ""max_dropout"": 0.503800637988151, ""max_units"": 200, ""momentum"": 0.99, ""num_layers"": 2, ""weight_decay"": 0.0011696704222328488}","{""time"": 18.22447967529297, ""val_accuracy"": 83.7914810180664, ""val_cross_entropy"": 0.4669555425643921, ""val_balanced_accuracy"": 0.8225430250167847, ""test_cross_entropy"": 0.5074033141136169, ""test_balanced_accuracy"": 0.8203182816505432}"
2026-04-17T23:37:21.758713,cats,lcbench,126025,2,817,7.54004430770874,"{""OpenML_task_id"": ""168329"", ""batch_size"": 146, ""epoch"": 2, ""learning_rate"": 0.013621110696059499, ""max_dropout"": 0.527891682025652, ""max_units"": 173, ""momentum"": 0.1, ""num_layers"": 2, ""weight_decay"": 0.016670145653493052}","{""time"": 7.54004430770874, ""val_accuracy"": 78.54145050048828, ""val_cross_entropy"": 0.46857503056526184, ""val_balanced_accuracy"": 0.7782246470451355, ""test_cross_entropy"": 0.5859574675559998, ""test_balanced_accuracy"": 0.7814329862594604}"
2026-04-17T23:37:21.758713,cats,lcbench,126025,2,818,2.4028148651123047,"{""OpenML_task_id"": ""189873"", ""batch_size"": 103, ""epoch"": 1, ""learning_rate"": 0.08554448359752223, ""max_dropout"": 0.05923306974659516, ""max_units"": 252, ""momentum"": 0.43948263128734427, ""num_layers"": 5, ""weight_decay"": 0.07087129139578315}","{""time"": 2.4028148651123047, ""val_accuracy"": 55.95648193359375, ""val_cross_entropy"": 0.5954145193099976, ""val_balanced_accuracy"": 0.5489527583122253, ""test_cross_entropy"": 0.6768989562988281, ""test_balanced_accuracy"": 0.5445986986160278}"
2026-04-17T23:37:21.759713,cats,lcbench,126025,2,819,6.628060817718506,"{""OpenML_task_id"": ""167201"", ""batch_size"": 44, ""epoch"": 1, ""learning_rate"": 0.005488537392397002, ""max_dropout"": 0.0, ""max_units"": 386, ""momentum"": 0.6798856668981623, ""num_layers"": 5, ""weight_decay"": 0.0190796890244121}","{""time"": 6.628060817718506, ""val_accuracy"": 50.44873046875, ""val_cross_entropy"": 0.5641562342643738, ""val_balanced_accuracy"": 0.5287681818008423, ""test_cross_entropy"": 0.6909922361373901, ""test_balanced_accuracy"": 0.5250817537307739}"
2026-04-17T23:37:21.760711,cats,lcbench,126025,2,820,2.2828903198242188,"{""OpenML_task_id"": ""3945"", ""batch_size"": 163, ""epoch"": 1, ""learning_rate"": 0.056285759207838, ""max_dropout"": 0.9806920640448168, ""max_units"": 199, ""momentum"": 0.4826987393439307, ""num_layers"": 5, ""weight_decay"": 0.012261316714632866}","{""time"": 2.2828903198242188, ""val_accuracy"": 50.884376525878906, ""val_cross_entropy"": 0.5482779145240784, ""val_balanced_accuracy"": 0.5418530106544495, ""test_cross_entropy"": 0.7012884616851807, ""test_balanced_accuracy"": 0.5294201374053955}"
2026-04-17T23:37:21.760711,cats,lcbench,126025,2,821,5.106693267822266,"{""OpenML_task_id"": ""168331"", ""batch_size"": 164, ""epoch"": 2, ""learning_rate"": 0.07704754685449686, ""max_dropout"": 0.1343081505342084, ""max_units"": 319, ""momentum"": 0.30316538788814396, ""num_layers"": 3, ""weight_decay"": 0.05391241336750002}","{""time"": 5.106693267822266, ""val_accuracy"": 78.47840118408203, ""val_cross_entropy"": 0.4057636260986328, ""val_balanced_accuracy"": 0.814690887928009, ""test_cross_entropy"": 0.5641607642173767, ""test_balanced_accuracy"": 0.8162307143211365}"
2026-04-17T23:37:21.761794,cats,lcbench,126025,2,822,3.543491840362549,"{""OpenML_task_id"": ""167201"", ""batch_size"": 98, ""epoch"": 1, ""learning_rate"": 0.0248214134038814, ""max_dropout"": 0.14344704165433744, ""max_units"": 265, ""momentum"": 0.6963803758368022, ""num_layers"": 5, ""weight_decay"": 0.016034931224739382}","{""time"": 3.543491840362549, ""val_accuracy"": 51.9059944152832, ""val_cross_entropy"": 0.5735227465629578, ""val_balanced_accuracy"": 0.5299444794654846, ""test_cross_entropy"": 0.6870098114013672, ""test_balanced_accuracy"": 0.5255175828933716}"
2026-04-17T23:37:21.762810,cats,lcbench,126025,2,823,10.411259651184082,"{""OpenML_task_id"": ""168331"", ""batch_size"": 224, ""epoch"": 5, ""learning_rate"": 0.07438586704547263, ""max_dropout"": 0.15499501199338656, ""max_units"": 166, ""momentum"": 0.3785251508751879, ""num_layers"": 4, ""weight_decay"": 0.05433556785680272}","{""time"": 10.411259651184082, ""val_accuracy"": 77.4264907836914, ""val_cross_entropy"": 0.43451350927352905, ""val_balanced_accuracy"": 0.7931137681007385, ""test_cross_entropy"": 0.5785629153251648, ""test_balanced_accuracy"": 0.7882576584815979}"
2026-04-17T23:37:21.762810,cats,lcbench,126025,2,824,4.334156513214111,"{""OpenML_task_id"": ""167185"", ""batch_size"": 20, ""epoch"": 1, ""learning_rate"": 0.059967795259742045, ""max_dropout"": 1.0, ""max_units"": 332, ""momentum"": 0.4844916605623686, ""num_layers"": 5, ""weight_decay"": 0.05783462163192486}","{""time"": 4.334156513214111, ""val_accuracy"": 55.12826919555664, ""val_cross_entropy"": 0.5138803720474243, ""val_balanced_accuracy"": 0.5585469603538513, ""test_cross_entropy"": 0.6894111037254333, ""test_balanced_accuracy"": 0.5454802513122559}"
2026-04-17T23:37:21.763799,cats,lcbench,126025,2,825,21.161231994628906,"{""OpenML_task_id"": ""168331"", ""batch_size"": 92, ""epoch"": 10, ""learning_rate"": 0.07323937684317638, ""max_dropout"": 0.1468971288908267, ""max_units"": 137, ""momentum"": 0.28162752041784017, ""num_layers"": 4, ""weight_decay"": 0.07075071802702967}","{""time"": 21.161231994628906, ""val_accuracy"": 74.5693359375, ""val_cross_entropy"": 0.5171326994895935, ""val_balanced_accuracy"": 0.7157112956047058, ""test_cross_entropy"": 0.6095035076141357, ""test_balanced_accuracy"": 0.7086681127548218}"
2026-04-17T23:37:21.764306,cats,lcbench,126025,2,826,1.3416228294372559,"{""OpenML_task_id"": ""168908"", ""batch_size"": 75, ""epoch"": 1, ""learning_rate"": 0.03088641286367057, ""max_dropout"": 0.34636119825165224, ""max_units"": 64, ""momentum"": 0.5495597814433263, ""num_layers"": 5, ""weight_decay"": 0.04857639325007675}","{""time"": 1.3416228294372559, ""val_accuracy"": 55.92372512817383, ""val_cross_entropy"": 0.6128403544425964, ""val_balanced_accuracy"": 0.533987820148468, ""test_cross_entropy"": 0.6910818815231323, ""test_balanced_accuracy"": 0.5262427926063538}"
2026-04-17T23:37:21.764306,cats,lcbench,126025,2,827,10.638558387756348,"{""OpenML_task_id"": ""3945"", ""batch_size"": 16, ""epoch"": 6, ""learning_rate"": 0.08625367827705835, ""max_dropout"": 0.40277673743768805, ""max_units"": 153, ""momentum"": 0.881688297273645, ""num_layers"": 3, ""weight_decay"": 0.02468697474254332}","{""time"": 10.638558387756348, ""val_accuracy"": 80.54552459716797, ""val_cross_entropy"": 0.5441038608551025, ""val_balanced_accuracy"": 0.7993646860122681, ""test_cross_entropy"": 0.5584640502929688, ""test_balanced_accuracy"": 0.7736013531684875}"
2026-04-17T23:37:21.765318,cats,lcbench,126025,2,828,4.679985523223877,"{""OpenML_task_id"": ""34539"", ""batch_size"": 48, ""epoch"": 1, ""learning_rate"": 0.00456941305131498, ""max_dropout"": 0.7099641407602448, ""max_units"": 204, ""momentum"": 0.24917622699568062, ""num_layers"": 4, ""weight_decay"": 0.08790088646833444}","{""time"": 4.679985523223877, ""val_accuracy"": 43.61894989013672, ""val_cross_entropy"": 0.6256616115570068, ""val_balanced_accuracy"": 0.4966985881328583, ""test_cross_entropy"": 0.6850500106811523, ""test_balanced_accuracy"": 0.49670618772506714}"
2026-04-17T23:37:21.766309,cats,lcbench,126025,2,829,4.226782321929932,"{""OpenML_task_id"": ""146212"", ""batch_size"": 18, ""epoch"": 4, ""learning_rate"": 0.02674026388989393, ""max_dropout"": 0.3043862788761126, ""max_units"": 64, ""momentum"": 0.5955714328116548, ""num_layers"": 4, ""weight_decay"": 0.029626222653230522}","{""time"": 4.226782321929932, ""val_accuracy"": 79.34186553955078, ""val_cross_entropy"": 0.37887775897979736, ""val_balanced_accuracy"": 0.7999244332313538, ""test_cross_entropy"": 0.5450940728187561, ""test_balanced_accuracy"": 0.7892038822174072}"
2026-04-17T23:37:21.766815,cats,lcbench,126025,2,830,7.0547685623168945,"{""OpenML_task_id"": ""168908"", ""batch_size"": 55, ""epoch"": 7, ""learning_rate"": 0.029863738497975675, ""max_dropout"": 0.35283907028603806, ""max_units"": 71, ""momentum"": 0.6020426857033935, ""num_layers"": 5, ""weight_decay"": 0.029948605183687155}","{""time"": 7.0547685623168945, ""val_accuracy"": 83.01866149902344, ""val_cross_entropy"": 0.4089090824127197, ""val_balanced_accuracy"": 0.759310245513916, ""test_cross_entropy"": 0.5679631233215332, ""test_balanced_accuracy"": 0.7476494312286377}"
2026-04-17T23:37:21.766815,cats,lcbench,126025,2,831,16.643146514892578,"{""OpenML_task_id"": ""167185"", ""batch_size"": 66, ""epoch"": 10, ""learning_rate"": 0.08210959875778155, ""max_dropout"": 0.9949725694548281, ""max_units"": 157, ""momentum"": 0.36732313856595905, ""num_layers"": 4, ""weight_decay"": 0.05590007034189592}","{""time"": 16.643146514892578, ""val_accuracy"": 70.37214660644531, ""val_cross_entropy"": 0.49203282594680786, ""val_balanced_accuracy"": 0.6487618088722229, ""test_cross_entropy"": 0.6343021392822266, ""test_balanced_accuracy"": 0.6394898891448975}"
2026-04-17T23:37:21.767825,cats,lcbench,126025,2,832,25.753223419189453,"{""OpenML_task_id"": ""189873"", ""batch_size"": 16, ""epoch"": 8, ""learning_rate"": 0.07203057645340101, ""max_dropout"": 0.03577188134741395, ""max_units"": 161, ""momentum"": 0.30758749877291136, ""num_layers"": 4, ""weight_decay"": 0.06362306647712437}","{""time"": 25.753223419189453, ""val_accuracy"": 80.0163345336914, ""val_cross_entropy"": 0.4599854052066803, ""val_balanced_accuracy"": 0.7626311182975769, ""test_cross_entropy"": 0.5819021463394165, ""test_balanced_accuracy"": 0.7507359981536865}"
2026-04-17T23:37:21.768818,cats,lcbench,126025,2,833,7.80081033706665,"{""OpenML_task_id"": ""167104"", ""batch_size"": 111, ""epoch"": 1, ""learning_rate"": 0.012988700359900858, ""max_dropout"": 0.16416648131874068, ""max_units"": 287, ""momentum"": 0.8418879831462018, ""num_layers"": 4, ""weight_decay"": 0.1}","{""time"": 7.80081033706665, ""val_accuracy"": 41.52206039428711, ""val_cross_entropy"": 0.6179341077804565, ""val_balanced_accuracy"": 0.47996360063552856, ""test_cross_entropy"": 0.6956245303153992, ""test_balanced_accuracy"": 0.4860020875930786}"
2026-04-17T23:37:21.768818,cats,lcbench,126025,2,834,2.0095741748809814,"{""OpenML_task_id"": ""3945"", ""batch_size"": 136, ""epoch"": 1, ""learning_rate"": 0.05194725822019779, ""max_dropout"": 0.9982929984275594, ""max_units"": 167, ""momentum"": 0.4677257733024131, ""num_layers"": 5, ""weight_decay"": 0.008821434003225027}","{""time"": 2.0095741748809814, ""val_accuracy"": 52.24319839477539, ""val_cross_entropy"": 0.5338495373725891, ""val_balanced_accuracy"": 0.5445810556411743, ""test_cross_entropy"": 0.6982649564743042, ""test_balanced_accuracy"": 0.5322805047035217}"
2026-04-17T23:37:21.769818,cats,lcbench,126025,2,835,2.301018476486206,"{""OpenML_task_id"": ""189873"", ""batch_size"": 100, ""epoch"": 1, ""learning_rate"": 0.07398057018884777, ""max_dropout"": 0.1002324985777363, ""max_units"": 238, ""momentum"": 0.40593818966365314, ""num_layers"": 5, ""weight_decay"": 0.04998887561106895}","{""time"": 2.301018476486206, ""val_accuracy"": 54.199100494384766, ""val_cross_entropy"": 0.6035796999931335, ""val_balanced_accuracy"": 0.5387634038925171, ""test_cross_entropy"": 0.6791380643844604, ""test_balanced_accuracy"": 0.5343179106712341}"
2026-04-17T23:37:21.769818,cats,lcbench,126025,2,836,2.7821109294891357,"{""OpenML_task_id"": ""3945"", ""batch_size"": 56, ""epoch"": 2, ""learning_rate"": 0.0609878016913528, ""max_dropout"": 0.5144160874911708, ""max_units"": 148, ""momentum"": 0.99, ""num_layers"": 4, ""weight_decay"": 0.005776185569635394}","{""time"": 2.7821109294891357, ""val_accuracy"": 75.25933837890625, ""val_cross_entropy"": 0.353538453578949, ""val_balanced_accuracy"": 0.7977319359779358, ""test_cross_entropy"": 0.530161440372467, ""test_balanced_accuracy"": 0.784452497959137}"
2026-04-17T23:37:21.770818,cats,lcbench,126025,2,837,20.157215118408203,"{""OpenML_task_id"": ""34539"", ""batch_size"": 85, ""epoch"": 6, ""learning_rate"": 0.00010000000000000009, ""max_dropout"": 0.6091292959599298, ""max_units"": 64, ""momentum"": 0.10496427952200871, ""num_layers"": 4, ""weight_decay"": 0.1}","{""time"": 20.157215118408203, ""val_accuracy"": 50.645599365234375, ""val_cross_entropy"": 0.6861978769302368, ""val_balanced_accuracy"": 0.5177818536758423, ""test_cross_entropy"": 0.690611720085144, ""test_balanced_accuracy"": 0.5186328887939453}"
2026-04-17T23:37:21.771857,cats,lcbench,126025,2,838,2.0081796646118164,"{""OpenML_task_id"": ""167161"", ""batch_size"": 165, ""epoch"": 1, ""learning_rate"": 0.048716386463269964, ""max_dropout"": 0.8424558752814928, ""max_units"": 64, ""momentum"": 0.5518290359017131, ""num_layers"": 5, ""weight_decay"": 0.0027671557253814635}","{""time"": 2.0081796646118164, ""val_accuracy"": 49.52450942993164, ""val_cross_entropy"": 0.6125269532203674, ""val_balanced_accuracy"": 0.5206230282783508, ""test_cross_entropy"": 0.7095302939414978, ""test_balanced_accuracy"": 0.5108201503753662}"
2026-04-17T23:37:21.771857,cats,lcbench,126025,2,839,14.944683074951172,"{""OpenML_task_id"": ""168331"", ""batch_size"": 148, ""epoch"": 6, ""learning_rate"": 0.0785848714287804, ""max_dropout"": 0.25529905522745744, ""max_units"": 261, ""momentum"": 0.24503293912968743, ""num_layers"": 3, ""weight_decay"": 0.06817410930314166}","{""time"": 14.944683074951172, ""val_accuracy"": 77.7327880859375, ""val_cross_entropy"": 0.4083901345729828, ""val_balanced_accuracy"": 0.8112454414367676, ""test_cross_entropy"": 0.5503609776496887, ""test_balanced_accuracy"": 0.808899998664856}"
2026-04-17T23:37:21.772866,cats,lcbench,126025,2,840,9.35982894897461,"{""OpenML_task_id"": ""168908"", ""batch_size"": 104, ""epoch"": 7, ""learning_rate"": 0.03118722626978502, ""max_dropout"": 0.4083161936218931, ""max_units"": 164, ""momentum"": 0.4066130072519445, ""num_layers"": 4, ""weight_decay"": 0.041301648477894436}","{""time"": 9.35982894897461, ""val_accuracy"": 78.62508392333984, ""val_cross_entropy"": 0.4069114327430725, ""val_balanced_accuracy"": 0.8113212585449219, ""test_cross_entropy"": 0.5543876886367798, ""test_balanced_accuracy"": 0.8008190393447876}"
2026-04-17T23:37:21.774374,cats,lcbench,126025,2,841,26.57177734375,"{""OpenML_task_id"": ""168329"", ""batch_size"": 162, ""epoch"": 7, ""learning_rate"": 0.006075955564663916, ""max_dropout"": 0.5855509348985066, ""max_units"": 118, ""momentum"": 0.1, ""num_layers"": 2, ""weight_decay"": 0.027282300368244274}","{""time"": 26.57177734375, ""val_accuracy"": 76.92615509033203, ""val_cross_entropy"": 0.46540799736976624, ""val_balanced_accuracy"": 0.7822904586791992, ""test_cross_entropy"": 0.5690356492996216, ""test_balanced_accuracy"": 0.7776474356651306}"
2026-04-17T23:37:21.774374,cats,lcbench,126025,2,842,4.812459945678711,"{""OpenML_task_id"": ""3945"", ""batch_size"": 165, ""epoch"": 1, ""learning_rate"": 0.03971277333834381, ""max_dropout"": 0.9262717483778479, ""max_units"": 247, ""momentum"": 0.5262472538302632, ""num_layers"": 4, ""weight_decay"": 0.02722489023868488}","{""time"": 4.812459945678711, ""val_accuracy"": 37.43572235107422, ""val_cross_entropy"": 0.6619108319282532, ""val_balanced_accuracy"": 0.4529346525669098, ""test_cross_entropy"": 0.7031528353691101, ""test_balanced_accuracy"": 0.4542202353477478}"
2026-04-17T23:37:21.775394,cats,lcbench,126025,2,843,8.194050788879395,"{""OpenML_task_id"": ""168908"", ""batch_size"": 16, ""epoch"": 6, ""learning_rate"": 0.0040280996108230695, ""max_dropout"": 0.26330193746465397, ""max_units"": 64, ""momentum"": 0.40512317461424996, ""num_layers"": 5, ""weight_decay"": 0.03447321449292641}","{""time"": 8.194050788879395, ""val_accuracy"": 87.9474868774414, ""val_cross_entropy"": 0.518279492855072, ""val_balanced_accuracy"": 0.7301212549209595, ""test_cross_entropy"": 0.6215078830718994, ""test_balanced_accuracy"": 0.7252481579780579}"
2026-04-17T23:37:21.776440,cats,lcbench,126025,2,844,1.5926275253295898,"{""OpenML_task_id"": ""189873"", ""batch_size"": 50, ""epoch"": 1, ""learning_rate"": 0.07239929386474409, ""max_dropout"": 0.14952666852468213, ""max_units"": 111, ""momentum"": 0.45943225869359927, ""num_layers"": 5, ""weight_decay"": 0.07278634491149112}","{""time"": 1.5926275253295898, ""val_accuracy"": 57.635032653808594, ""val_cross_entropy"": 0.5965900421142578, ""val_balanced_accuracy"": 0.5503418445587158, ""test_cross_entropy"": 0.6897119283676147, ""test_balanced_accuracy"": 0.5430045127868652}"
2026-04-17T23:37:21.777439,cats,lcbench,126025,2,845,5.423238277435303,"{""OpenML_task_id"": ""3945"", ""batch_size"": 16, ""epoch"": 1, ""learning_rate"": 0.08026236682154748, ""max_dropout"": 0.33985942882256487, ""max_units"": 269, ""momentum"": 0.9598467509180366, ""num_layers"": 3, ""weight_decay"": 0.018317468981993608}","{""time"": 5.423238277435303, ""val_accuracy"": 45.94872283935547, ""val_cross_entropy"": 0.5848107933998108, ""val_balanced_accuracy"": 0.5340967774391174, ""test_cross_entropy"": 0.7063714861869812, ""test_balanced_accuracy"": 0.5350531935691833}"
2026-04-17T23:37:21.777439,cats,lcbench,126025,2,846,11.551936149597168,"{""OpenML_task_id"": ""34539"", ""batch_size"": 53, ""epoch"": 6, ""learning_rate"": 0.0016865994986127474, ""max_dropout"": 0.5899850578201425, ""max_units"": 91, ""momentum"": 0.11169387440302847, ""num_layers"": 5, ""weight_decay"": 0.08795913706131542}","{""time"": 11.551936149597168, ""val_accuracy"": 76.65621185302734, ""val_cross_entropy"": 0.5745646953582764, ""val_balanced_accuracy"": 0.5921573042869568, ""test_cross_entropy"": 0.6743425130844116, ""test_balanced_accuracy"": 0.5850207209587097}"
2026-04-17T23:37:21.778449,cats,lcbench,126025,2,847,8.747655868530273,"{""OpenML_task_id"": ""3945"", ""batch_size"": 16, ""epoch"": 4, ""learning_rate"": 0.07154279251246456, ""max_dropout"": 0.3035332565149755, ""max_units"": 65, ""momentum"": 0.8775525343311621, ""num_layers"": 2, ""weight_decay"": 0.009641515222034746}","{""time"": 8.747655868530273, ""val_accuracy"": 79.65087890625, ""val_cross_entropy"": 0.8316285014152527, ""val_balanced_accuracy"": 0.7771299481391907, ""test_cross_entropy"": 0.5440258383750916, ""test_balanced_accuracy"": 0.7702341675758362}"
2026-04-17T23:37:21.779441,cats,lcbench,126025,2,848,8.530118942260742,"{""OpenML_task_id"": ""168908"", ""batch_size"": 16, ""epoch"": 1, ""learning_rate"": 0.08441894829449277, ""max_dropout"": 0.27132850622075544, ""max_units"": 197, ""momentum"": 0.99, ""num_layers"": 2, ""weight_decay"": 0.01997807757419314}","{""time"": 8.530118942260742, ""val_accuracy"": 43.86005401611328, ""val_cross_entropy"": 0.7285130023956299, ""val_balanced_accuracy"": 0.4752276539802551, ""test_cross_entropy"": 0.7272546291351318, ""test_balanced_accuracy"": 0.48448053002357483}"
2026-04-17T23:37:21.780450,cats,lcbench,126025,2,849,3.5881149768829346,"{""OpenML_task_id"": ""34539"", ""batch_size"": 16, ""epoch"": 1, ""learning_rate"": 0.004731868663041828, ""max_dropout"": 0.7929969455288665, ""max_units"": 250, ""momentum"": 0.18653611097576106, ""num_layers"": 5, ""weight_decay"": 0.08914221322809915}","{""time"": 3.5881149768829346, ""val_accuracy"": 56.574302673339844, ""val_cross_entropy"": 0.5675473213195801, ""val_balanced_accuracy"": 0.5643370747566223, ""test_cross_entropy"": 0.6744040250778198, ""test_balanced_accuracy"": 0.5513430833816528}"
2026-04-17T23:37:21.780450,cats,lcbench,126025,2,850,3.546280860900879,"{""OpenML_task_id"": ""167184"", ""batch_size"": 51, ""epoch"": 1, ""learning_rate"": 0.011777750999707121, ""max_dropout"": 0.5304498313064041, ""max_units"": 74, ""momentum"": 0.23034950692813302, ""num_layers"": 4, ""weight_decay"": 0.09412434622066572}","{""time"": 3.546280860900879, ""val_accuracy"": 43.35469055175781, ""val_cross_entropy"": 0.605111837387085, ""val_balanced_accuracy"": 0.5030349493026733, ""test_cross_entropy"": 0.6851723790168762, ""test_balanced_accuracy"": 0.5032460689544678}"
2026-04-17T23:37:21.781956,cats,lcbench,126025,2,851,4.88218355178833,"{""OpenML_task_id"": ""168908"", ""batch_size"": 25, ""epoch"": 1, ""learning_rate"": 0.01807419138949004, ""max_dropout"": 0.25816146766073533, ""max_units"": 269, ""momentum"": 0.5030598924674621, ""num_layers"": 3, ""weight_decay"": 0.05708493878628789}","{""time"": 4.88218355178833, ""val_accuracy"": 44.90007781982422, ""val_cross_entropy"": 0.6322771906852722, ""val_balanced_accuracy"": 0.5137985348701477, ""test_cross_entropy"": 0.6941187977790833, ""test_balanced_accuracy"": 0.5295857787132263}"
2026-04-17T23:37:21.781956,cats,lcbench,126025,2,852,3.625765562057495,"{""OpenML_task_id"": ""167201"", ""batch_size"": 41, ""epoch"": 1, ""learning_rate"": 0.01567094402963278, ""max_dropout"": 0.17856250167585322, ""max_units"": 240, ""momentum"": 0.8644205285894456, ""num_layers"": 5, ""weight_decay"": 0.03508534252772613}","{""time"": 3.625765562057495, ""val_accuracy"": 49.646514892578125, ""val_cross_entropy"": 0.6226856708526611, ""val_balanced_accuracy"": 0.49704450368881226, ""test_cross_entropy"": 0.7012439966201782, ""test_balanced_accuracy"": 0.4891575276851654}"
2026-04-17T23:37:21.782965,cats,lcbench,126025,2,853,5.826240062713623,"{""OpenML_task_id"": ""3945"", ""batch_size"": 26, ""epoch"": 1, ""learning_rate"": 0.06530702151167501, ""max_dropout"": 0.5160081179510294, ""max_units"": 242, ""momentum"": 0.99, ""num_layers"": 4, ""weight_decay"": 0.021560238118114167}","{""time"": 5.826240062713623, ""val_accuracy"": 38.51114273071289, ""val_cross_entropy"": 0.6321836709976196, ""val_balanced_accuracy"": 0.49084073305130005, ""test_cross_entropy"": 0.6974164843559265, ""test_balanced_accuracy"": 0.48766887187957764}"
2026-04-17T23:37:21.784472,cats,lcbench,126025,2,854,10.342930793762207,"{""OpenML_task_id"": ""167201"", ""batch_size"": 32, ""epoch"": 5, ""learning_rate"": 0.012540714910546908, ""max_dropout"": 0.13333617756368946, ""max_units"": 183, ""momentum"": 0.7896385862504576, ""num_layers"": 5, ""weight_decay"": 0.039893854674712646}","{""time"": 10.342930793762207, ""val_accuracy"": 84.00206756591797, ""val_cross_entropy"": 0.4225996434688568, ""val_balanced_accuracy"": 0.761681854724884, ""test_cross_entropy"": 0.5617029070854187, ""test_balanced_accuracy"": 0.7513419389724731}"
2026-04-17T23:37:21.784472,cats,lcbench,126025,2,855,1.5661325454711914,"{""OpenML_task_id"": ""189873"", ""batch_size"": 24, ""epoch"": 1, ""learning_rate"": 0.09312212413678135, ""max_dropout"": 0.11423248986575832, ""max_units"": 64, ""momentum"": 0.4828795435801988, ""num_layers"": 5, ""weight_decay"": 0.06482530837891867}","{""time"": 1.5661325454711914, ""val_accuracy"": 56.12847137451172, ""val_cross_entropy"": 0.5887680649757385, ""val_balanced_accuracy"": 0.540690541267395, ""test_cross_entropy"": 0.6966326832771301, ""test_balanced_accuracy"": 0.5308266282081604}"
2026-04-17T23:37:21.785477,cats,lcbench,126025,2,856,15.467609405517578,"{""OpenML_task_id"": ""189865"", ""batch_size"": 85, ""epoch"": 4, ""learning_rate"": 0.0022709745475573582, ""max_dropout"": 0.12352411484599288, ""max_units"": 212, ""momentum"": 0.814651121414955, ""num_layers"": 4, ""weight_decay"": 0.1}","{""time"": 15.467609405517578, ""val_accuracy"": 73.96575164794922, ""val_cross_entropy"": 0.6283754706382751, ""val_balanced_accuracy"": 0.6665744781494141, ""test_cross_entropy"": 0.6760381460189819, ""test_balanced_accuracy"": 0.667022168636322}"
2026-04-17T23:37:21.786476,cats,lcbench,126025,2,857,7.291828632354736,"{""OpenML_task_id"": ""167201"", ""batch_size"": 16, ""epoch"": 1, ""learning_rate"": 0.01563863376865734, ""max_dropout"": 0.06737561459211519, ""max_units"": 225, ""momentum"": 0.7885594393783649, ""num_layers"": 4, ""weight_decay"": 0.016634646366008563}","{""time"": 7.291828632354736, ""val_accuracy"": 37.389835357666016, ""val_cross_entropy"": 0.631182849407196, ""val_balanced_accuracy"": 0.49486690759658813, ""test_cross_entropy"": 0.695283055305481, ""test_balanced_accuracy"": 0.5002239346504211}"
2026-04-17T23:37:21.786985,cats,lcbench,126025,2,858,15.305850982666016,"{""OpenML_task_id"": ""34539"", ""batch_size"": 73, ""epoch"": 3, ""learning_rate"": 0.00010000000000000009, ""max_dropout"": 0.6666280366262735, ""max_units"": 223, ""momentum"": 0.1, ""num_layers"": 4, ""weight_decay"": 0.09465898808738185}","{""time"": 15.305850982666016, ""val_accuracy"": 48.14595031738281, ""val_cross_entropy"": 0.657065749168396, ""val_balanced_accuracy"": 0.5156353712081909, ""test_cross_entropy"": 0.6874511241912842, ""test_balanced_accuracy"": 0.5191356539726257}"
2026-04-17T23:37:21.787992,cats,lcbench,126025,2,859,6.068878173828125,"{""OpenML_task_id"": ""168329"", ""batch_size"": 178, ""epoch"": 1, ""learning_rate"": 0.0061726975797868925, ""max_dropout"": 0.6056420499055096, ""max_units"": 141, ""momentum"": 0.26685429398262683, ""num_layers"": 3, ""weight_decay"": 0.024390815769280767}","{""time"": 6.068878173828125, ""val_accuracy"": 45.67714309692383, ""val_cross_entropy"": 0.6590911149978638, ""val_balanced_accuracy"": 0.49324798583984375, ""test_cross_entropy"": 0.6943248510360718, ""test_balanced_accuracy"": 0.505071222782135}"
2026-04-17T23:37:21.787992,cats,lcbench,126025,2,860,10.328985214233398,"{""OpenML_task_id"": ""3945"", ""batch_size"": 44, ""epoch"": 8, ""learning_rate"": 0.07908393619601015, ""max_dropout"": 0.4952944633689009, ""max_units"": 64, ""momentum"": 0.99, ""num_layers"": 4, ""weight_decay"": 0.02131561909244615}","{""time"": 10.328985214233398, ""val_accuracy"": 80.55075073242188, ""val_cross_entropy"": 0.3825555145740509, ""val_balanced_accuracy"": 0.8178514242172241, ""test_cross_entropy"": 0.5443301200866699, ""test_balanced_accuracy"": 0.791283905506134}"
2026-04-17T23:37:21.789501,cats,lcbench,126025,2,861,2.0318856239318848,"{""OpenML_task_id"": ""189873"", ""batch_size"": 107, ""epoch"": 1, ""learning_rate"": 0.08591050784859505, ""max_dropout"": 0.053915884545664705, ""max_units"": 220, ""momentum"": 0.31141231275436426, ""num_layers"": 5, ""weight_decay"": 0.05755164557610111}","{""time"": 2.0318856239318848, ""val_accuracy"": 54.90852737426758, ""val_cross_entropy"": 0.6008267998695374, ""val_balanced_accuracy"": 0.5454376339912415, ""test_cross_entropy"": 0.6756033897399902, ""test_balanced_accuracy"": 0.5408968329429626}"
2026-04-17T23:37:21.789501,cats,lcbench,126025,2,862,14.208402633666992,"{""OpenML_task_id"": ""168331"", ""batch_size"": 107, ""epoch"": 6, ""learning_rate"": 0.07886514540696607, ""max_dropout"": 0.1969433198503346, ""max_units"": 292, ""momentum"": 0.38190184041700037, ""num_layers"": 3, ""weight_decay"": 0.059024016553106365}","{""time"": 14.208402633666992, ""val_accuracy"": 78.49397277832031, ""val_cross_entropy"": 0.39745864272117615, ""val_balanced_accuracy"": 0.817421019077301, ""test_cross_entropy"": 0.5477498769760132, ""test_balanced_accuracy"": 0.8106870651245117}"
2026-04-17T23:37:21.790527,cats,lcbench,126025,2,863,3.104233503341675,"{""OpenML_task_id"": ""167185"", ""batch_size"": 89, ""epoch"": 2, ""learning_rate"": 0.06257475353964859, ""max_dropout"": 0.9273403800653557, ""max_units"": 85, ""momentum"": 0.2984040936174652, ""num_layers"": 4, ""weight_decay"": 0.05644224117141558}","{""time"": 3.104233503341675, ""val_accuracy"": 51.3621711730957, ""val_cross_entropy"": 0.6219149827957153, ""val_balanced_accuracy"": 0.5259237289428711, ""test_cross_entropy"": 0.6845124363899231, ""test_balanced_accuracy"": 0.522042989730835}"
2026-04-17T23:37:21.791507,cats,lcbench,126025,2,864,3.5393083095550537,"{""OpenML_task_id"": ""167201"", ""batch_size"": 60, ""epoch"": 1, ""learning_rate"": 0.01607708066967675, ""max_dropout"": 0.0, ""max_units"": 277, ""momentum"": 0.7564104460516439, ""num_layers"": 5, ""weight_decay"": 0.03738726656140709}","{""time"": 3.5393083095550537, ""val_accuracy"": 51.74990463256836, ""val_cross_entropy"": 0.6063973903656006, ""val_balanced_accuracy"": 0.5164464116096497, ""test_cross_entropy"": 0.6900994777679443, ""test_balanced_accuracy"": 0.5091801285743713}"
2026-04-17T23:37:21.792013,cats,lcbench,126025,2,865,57.52484130859375,"{""OpenML_task_id"": ""3945"", ""batch_size"": 24, ""epoch"": 10, ""learning_rate"": 0.08452466381931553, ""max_dropout"": 0.3329876662409795, ""max_units"": 319, ""momentum"": 0.99, ""num_layers"": 4, ""weight_decay"": 0.008931682486955677}","{""time"": 57.52484130859375, ""val_accuracy"": 84.27681732177734, ""val_cross_entropy"": 0.4747343957424164, ""val_balanced_accuracy"": 0.843285083770752, ""test_cross_entropy"": 0.5244133472442627, ""test_balanced_accuracy"": 0.8065797686576843}"
2026-04-17T23:37:21.792013,cats,lcbench,126025,2,866,23.29895782470703,"{""OpenML_task_id"": ""3945"", ""batch_size"": 41, ""epoch"": 5, ""learning_rate"": 0.08223687125835377, ""max_dropout"": 0.5400336577421679, ""max_units"": 322, ""momentum"": 0.99, ""num_layers"": 3, ""weight_decay"": 1e-05}","{""time"": 23.29895782470703, ""val_accuracy"": 85.29496765136719, ""val_cross_entropy"": 0.46671098470687866, ""val_balanced_accuracy"": 0.8405503630638123, ""test_cross_entropy"": 0.49459517002105713, ""test_balanced_accuracy"": 0.837607204914093}"
2026-04-17T23:37:21.793015,cats,lcbench,126025,2,867,31.773155212402344,"{""OpenML_task_id"": ""189865"", ""batch_size"": 68, ""epoch"": 7, ""learning_rate"": 0.00010000000000000009, ""max_dropout"": 0.2747483874155251, ""max_units"": 83, ""momentum"": 0.8135700631377988, ""num_layers"": 2, ""weight_decay"": 0.0971459995094261}","{""time"": 31.773155212402344, ""val_accuracy"": 73.9914321899414, ""val_cross_entropy"": 0.5532268285751343, ""val_balanced_accuracy"": 0.7601115703582764, ""test_cross_entropy"": 0.6409550309181213, ""test_balanced_accuracy"": 0.7590380311012268}"
2026-04-17T23:37:21.793015,cats,lcbench,126025,2,868,31.814987182617188,"{""OpenML_task_id"": ""34539"", ""batch_size"": 50, ""epoch"": 8, ""learning_rate"": 0.00460390612752303, ""max_dropout"": 0.6498883001376692, ""max_units"": 290, ""momentum"": 0.1, ""num_layers"": 4, ""weight_decay"": 0.08631162259583018}","{""time"": 31.814987182617188, ""val_accuracy"": 79.88914489746094, ""val_cross_entropy"": 0.5665433406829834, ""val_balanced_accuracy"": 0.7276549339294434, ""test_cross_entropy"": 0.6526192426681519, ""test_balanced_accuracy"": 0.7256951332092285}"
2026-04-17T23:37:21.794518,cats,lcbench,126025,2,869,13.557185173034668,"{""OpenML_task_id"": ""3945"", ""batch_size"": 16, ""epoch"": 7, ""learning_rate"": 0.0666228607127757, ""max_dropout"": 0.36173751354069794, ""max_units"": 98, ""momentum"": 0.99, ""num_layers"": 4, ""weight_decay"": 0.013490502296303426}","{""time"": 13.557185173034668, ""val_accuracy"": 81.96418762207031, ""val_cross_entropy"": 0.40671104192733765, ""val_balanced_accuracy"": 0.8148789405822754, ""test_cross_entropy"": 0.5290626287460327, ""test_balanced_accuracy"": 0.7811394333839417}"
2026-04-17T23:37:21.794518,cats,lcbench,126025,2,870,14.4956636428833,"{""OpenML_task_id"": ""34539"", ""batch_size"": 16, ""epoch"": 5, ""learning_rate"": 0.016619200790863674, ""max_dropout"": 0.68013890676562, ""max_units"": 124, ""momentum"": 0.1, ""num_layers"": 5, ""weight_decay"": 0.09474698357127136}","{""time"": 14.4956636428833, ""val_accuracy"": 79.11217498779297, ""val_cross_entropy"": 0.5761687755584717, ""val_balanced_accuracy"": 0.5682568550109863, ""test_cross_entropy"": 0.6868685483932495, ""test_balanced_accuracy"": 0.562669038772583}"
2026-04-17T23:37:21.794518,cats,lcbench,126025,2,871,9.709840774536133,"{""OpenML_task_id"": ""189873"", ""batch_size"": 24, ""epoch"": 3, ""learning_rate"": 0.07597855203292825, ""max_dropout"": 0.13569897772945666, ""max_units"": 280, ""momentum"": 0.3641268980093224, ""num_layers"": 4, ""weight_decay"": 0.050402797998507484}","{""time"": 9.709840774536133, ""val_accuracy"": 80.17796325683594, ""val_cross_entropy"": 0.3985663950443268, ""val_balanced_accuracy"": 0.8101985454559326, ""test_cross_entropy"": 0.5601173043251038, ""test_balanced_accuracy"": 0.8014103770256042}"
2026-04-17T23:37:21.796028,cats,lcbench,126025,2,872,19.200607299804688,"{""OpenML_task_id"": ""189865"", ""batch_size"": 119, ""epoch"": 6, ""learning_rate"": 0.01034064665412442, ""max_dropout"": 0.28646509967060374, ""max_units"": 151, ""momentum"": 0.8550804392961573, ""num_layers"": 4, ""weight_decay"": 0.09146937578132554}","{""time"": 19.200607299804688, ""val_accuracy"": 62.765419006347656, ""val_cross_entropy"": 0.6487967371940613, ""val_balanced_accuracy"": 0.5673709511756897, ""test_cross_entropy"": 0.6782736778259277, ""test_balanced_accuracy"": 0.5692679286003113}"
2026-04-17T23:37:21.797033,cats,lcbench,126025,2,873,3.5727756023406982,"{""OpenML_task_id"": ""168329"", ""batch_size"": 141, ""epoch"": 1, ""learning_rate"": 0.00010000000000000009, ""max_dropout"": 0.5694024881407292, ""max_units"": 64, ""momentum"": 0.1, ""num_layers"": 1, ""weight_decay"": 0.013352816952500481}","{""time"": 3.5727756023406982, ""val_accuracy"": 49.50448989868164, ""val_cross_entropy"": 0.7443501949310303, ""val_balanced_accuracy"": 0.43708768486976624, ""test_cross_entropy"": 0.6999386548995972, ""test_balanced_accuracy"": 0.4278372824192047}"
2026-04-17T23:37:21.797033,cats,lcbench,126025,2,874,4.373201847076416,"{""OpenML_task_id"": ""167201"", ""batch_size"": 60, ""epoch"": 1, ""learning_rate"": 0.0029189519816071093, ""max_dropout"": 0.0, ""max_units"": 257, ""momentum"": 0.8077604718547831, ""num_layers"": 5, ""weight_decay"": 0.014449518488060769}","{""time"": 4.373201847076416, ""val_accuracy"": 51.57086944580078, ""val_cross_entropy"": 0.583156406879425, ""val_balanced_accuracy"": 0.5264747142791748, ""test_cross_entropy"": 0.689969539642334, ""test_balanced_accuracy"": 0.5196498036384583}"
2026-04-17T23:37:21.798033,cats,lcbench,126025,2,875,2.3303024768829346,"{""OpenML_task_id"": ""167185"", ""batch_size"": 27, ""epoch"": 1, ""learning_rate"": 0.07798461929043468, ""max_dropout"": 0.7875759353660894, ""max_units"": 104, ""momentum"": 0.3901828431908624, ""num_layers"": 3, ""weight_decay"": 0.056997219230788584}","{""time"": 2.3303024768829346, ""val_accuracy"": 43.93364715576172, ""val_cross_entropy"": 0.5885604619979858, ""val_balanced_accuracy"": 0.5060567259788513, ""test_cross_entropy"": 0.7089067697525024, ""test_balanced_accuracy"": 0.5135712027549744}"
2026-04-17T23:37:21.798538,cats,lcbench,126025,2,876,20.886524200439453,"{""OpenML_task_id"": ""168908"", ""batch_size"": 73, ""epoch"": 10, ""learning_rate"": 0.019140192416600917, ""max_dropout"": 0.3210993403281115, ""max_units"": 217, ""momentum"": 0.4576982139940379, ""num_layers"": 3, ""weight_decay"": 0.05373411858425897}","{""time"": 20.886524200439453, ""val_accuracy"": 77.9856948852539, ""val_cross_entropy"": 0.4084230065345764, ""val_balanced_accuracy"": 0.8127027750015259, ""test_cross_entropy"": 0.546734094619751, ""test_balanced_accuracy"": 0.8047173619270325}"
2026-04-17T23:37:21.799042,cats,lcbench,126025,2,877,2.243845224380493,"{""OpenML_task_id"": ""3945"", ""batch_size"": 50, ""epoch"": 1, ""learning_rate"": 0.04424593397122961, ""max_dropout"": 0.8412756912935061, ""max_units"": 201, ""momentum"": 0.4325439355745372, ""num_layers"": 5, ""weight_decay"": 0.008548223476413552}","{""time"": 2.243845224380493, ""val_accuracy"": 50.342227935791016, ""val_cross_entropy"": 0.5411176681518555, ""val_balanced_accuracy"": 0.5230975151062012, ""test_cross_entropy"": 0.7096490263938904, ""test_balanced_accuracy"": 0.5142809152603149}"
2026-04-17T23:37:21.800047,cats,lcbench,126025,2,878,6.490008354187012,"{""OpenML_task_id"": ""3945"", ""batch_size"": 16, ""epoch"": 1, ""learning_rate"": 0.08013608716352721, ""max_dropout"": 0.5190337659377905, ""max_units"": 319, ""momentum"": 0.9213650196710998, ""num_layers"": 4, ""weight_decay"": 0.007976327079497117}","{""time"": 6.490008354187012, ""val_accuracy"": 41.273494720458984, ""val_cross_entropy"": 0.6009655594825745, ""val_balanced_accuracy"": 0.5453075766563416, ""test_cross_entropy"": 0.6554337739944458, ""test_balanced_accuracy"": 0.5341843962669373}"
2026-04-17T23:37:21.800047,cats,lcbench,126025,2,879,9.984551429748535,"{""OpenML_task_id"": ""167185"", ""batch_size"": 78, ""epoch"": 7, ""learning_rate"": 0.06363738755205083, ""max_dropout"": 0.7939038034963596, ""max_units"": 174, ""momentum"": 0.419962298612647, ""num_layers"": 3, ""weight_decay"": 0.0570465510485126}","{""time"": 9.984551429748535, ""val_accuracy"": 75.95210266113281, ""val_cross_entropy"": 0.501230776309967, ""val_balanced_accuracy"": 0.7913910746574402, ""test_cross_entropy"": 0.5655282735824585, ""test_balanced_accuracy"": 0.7826053500175476}"
2026-04-17T23:37:21.801047,cats,lcbench,126025,2,880,3.052638292312622,"{""OpenML_task_id"": ""168329"", ""batch_size"": 155, ""epoch"": 1, ""learning_rate"": 0.00010000000000000009, ""max_dropout"": 0.6414271435289025, ""max_units"": 204, ""momentum"": 0.17777923376565907, ""num_layers"": 2, ""weight_decay"": 0.013744428924983006}","{""time"": 3.052638292312622, ""val_accuracy"": 47.059993743896484, ""val_cross_entropy"": 0.6365468502044678, ""val_balanced_accuracy"": 0.48474302887916565, ""test_cross_entropy"": 0.6877267956733704, ""test_balanced_accuracy"": 0.48659756779670715}"
2026-04-17T23:37:21.802059,cats,lcbench,126025,2,881,6.1678853034973145,"{""OpenML_task_id"": ""189865"", ""batch_size"": 177, ""epoch"": 1, ""learning_rate"": 0.0174444831701376, ""max_dropout"": 0.08476643452088331, ""max_units"": 130, ""momentum"": 0.9401764295617089, ""num_layers"": 4, ""weight_decay"": 0.1}","{""time"": 6.1678853034973145, ""val_accuracy"": 38.015384674072266, ""val_cross_entropy"": 0.6312681436538696, ""val_balanced_accuracy"": 0.46354126930236816, ""test_cross_entropy"": 0.7026882171630859, ""test_balanced_accuracy"": 0.46746566891670227}"
2026-04-17T23:37:21.802573,cats,lcbench,126025,2,882,1.2467987537384033,"{""OpenML_task_id"": ""3945"", ""batch_size"": 129, ""epoch"": 1, ""learning_rate"": 0.04555875916410767, ""max_dropout"": 0.8645843693675249, ""max_units"": 64, ""momentum"": 0.4417337353763868, ""num_layers"": 5, ""weight_decay"": 0.025628368322713233}","{""time"": 1.2467987537384033, ""val_accuracy"": 55.48884201049805, ""val_cross_entropy"": 0.5507246255874634, ""val_balanced_accuracy"": 0.5510014295578003, ""test_cross_entropy"": 0.7010910511016846, ""test_balanced_accuracy"": 0.5408586263656616}"
2026-04-17T23:37:21.802573,cats,lcbench,126025,2,883,6.962733745574951,"{""OpenML_task_id"": ""168908"", ""batch_size"": 28, ""epoch"": 4, ""learning_rate"": 0.02452356229041482, ""max_dropout"": 0.4405573597563762, ""max_units"": 162, ""momentum"": 0.5227154197307881, ""num_layers"": 3, ""weight_decay"": 0.04765204707514782}","{""time"": 6.962733745574951, ""val_accuracy"": 81.15279388427734, ""val_cross_entropy"": 0.3798837661743164, ""val_balanced_accuracy"": 0.8217589855194092, ""test_cross_entropy"": 0.5432549715042114, ""test_balanced_accuracy"": 0.8150467872619629}"
2026-04-17T23:37:21.804086,cats,lcbench,126025,2,884,2.5338950157165527,"{""OpenML_task_id"": ""167185"", ""batch_size"": 40, ""epoch"": 2, ""learning_rate"": 0.08211351774777195, ""max_dropout"": 0.7891185072013969, ""max_units"": 103, ""momentum"": 0.30947717130181873, ""num_layers"": 5, ""weight_decay"": 0.04802749556577472}","{""time"": 2.5338950157165527, ""val_accuracy"": 66.73524475097656, ""val_cross_entropy"": 0.5490260124206543, ""val_balanced_accuracy"": 0.5843571424484253, ""test_cross_entropy"": 0.6777733564376831, ""test_balanced_accuracy"": 0.575943112373352}"
2026-04-17T23:37:21.804086,cats,lcbench,126025,2,885,2.7862942218780518,"{""OpenML_task_id"": ""3945"", ""batch_size"": 112, ""epoch"": 1, ""learning_rate"": 0.03793466879270901, ""max_dropout"": 1.0, ""max_units"": 64, ""momentum"": 0.44285149692503073, ""num_layers"": 4, ""weight_decay"": 0.02149628579751018}","{""time"": 2.7862942218780518, ""val_accuracy"": 36.77360153198242, ""val_cross_entropy"": 0.6262874007225037, ""val_balanced_accuracy"": 0.45811986923217773, ""test_cross_entropy"": 0.7105792760848999, ""test_balanced_accuracy"": 0.45520806312561035}"
2026-04-17T23:37:21.805090,cats,lcbench,126025,2,886,3.879559278488159,"{""OpenML_task_id"": ""168329"", ""batch_size"": 100, ""epoch"": 1, ""learning_rate"": 0.01063537845072061, ""max_dropout"": 0.6827676281095612, ""max_units"": 64, ""momentum"": 0.1, ""num_layers"": 2, ""weight_decay"": 0.03473668323803723}","{""time"": 3.879559278488159, ""val_accuracy"": 49.501373291015625, ""val_cross_entropy"": 0.6935092210769653, ""val_balanced_accuracy"": 0.500084638595581, ""test_cross_entropy"": 0.6952173709869385, ""test_balanced_accuracy"": 0.5143260359764099}"
2026-04-17T23:37:21.805090,cats,lcbench,126025,2,887,8.429717063903809,"{""OpenML_task_id"": ""167201"", ""batch_size"": 16, ""epoch"": 1, ""learning_rate"": 0.006495249356842337, ""max_dropout"": 0.19945741340296366, ""max_units"": 228, ""momentum"": 0.7853569137835109, ""num_layers"": 4, ""weight_decay"": 0.012690296577330435}","{""time"": 8.429717063903809, ""val_accuracy"": 35.33124923706055, ""val_cross_entropy"": 0.6798052787780762, ""val_balanced_accuracy"": 0.4656982421875, ""test_cross_entropy"": 0.7141448855400085, ""test_balanced_accuracy"": 0.47499385476112366}"
2026-04-17T23:37:21.806091,cats,lcbench,126025,2,888,19.061161041259766,"{""OpenML_task_id"": ""168329"", ""batch_size"": 81, ""epoch"": 7, ""learning_rate"": 0.01485953713956409, ""max_dropout"": 0.5941900075322865, ""max_units"": 64, ""momentum"": 0.1884414822981968, ""num_layers"": 3, ""weight_decay"": 0.01854841417774728}","{""time"": 19.061161041259766, ""val_accuracy"": 77.94792175292969, ""val_cross_entropy"": 0.4293878972530365, ""val_balanced_accuracy"": 0.8105989098548889, ""test_cross_entropy"": 0.5453505516052246, ""test_balanced_accuracy"": 0.8062275648117065}"
2026-04-17T23:37:21.807090,cats,lcbench,126025,2,889,2.4502267837524414,"{""OpenML_task_id"": ""168329"", ""batch_size"": 213, ""epoch"": 1, ""learning_rate"": 0.00010000000000000009, ""max_dropout"": 0.7107756660783526, ""max_units"": 210, ""momentum"": 0.17963281454171684, ""num_layers"": 2, ""weight_decay"": 0.028769765983045297}","{""time"": 2.4502267837524414, ""val_accuracy"": 47.92532730102539, ""val_cross_entropy"": 0.6242332458496094, ""val_balanced_accuracy"": 0.48715755343437195, ""test_cross_entropy"": 0.6810654401779175, ""test_balanced_accuracy"": 0.48902133107185364}"
2026-04-17T23:37:21.807594,cats,lcbench,126025,2,890,40.867889404296875,"{""OpenML_task_id"": ""189865"", ""batch_size"": 170, ""epoch"": 9, ""learning_rate"": 0.00010000000000000009, ""max_dropout"": 0.03443667405676701, ""max_units"": 204, ""momentum"": 0.6951541668033164, ""num_layers"": 3, ""weight_decay"": 0.1}","{""time"": 40.867889404296875, ""val_accuracy"": 61.09526443481445, ""val_cross_entropy"": 0.6313225626945496, ""val_balanced_accuracy"": 0.6464568972587585, ""test_cross_entropy"": 0.6787703037261963, ""test_balanced_accuracy"": 0.6478702425956726}"
2026-04-17T23:37:21.807594,cats,lcbench,126025,2,891,1.7697252035140991,"{""OpenML_task_id"": ""189873"", ""batch_size"": 80, ""epoch"": 1, ""learning_rate"": 0.0847267209075111, ""max_dropout"": 0.08605064635538978, ""max_units"": 172, ""momentum"": 0.4610899933801378, ""num_layers"": 5, ""weight_decay"": 0.06198017059875684}","{""time"": 1.7697252035140991, ""val_accuracy"": 56.559844970703125, ""val_cross_entropy"": 0.6039702296257019, ""val_balanced_accuracy"": 0.5455572605133057, ""test_cross_entropy"": 0.6835384964942932, ""test_balanced_accuracy"": 0.5401225686073303}"
2026-04-17T23:37:21.808599,cats,lcbench,126025,2,892,3.298064947128296,"{""OpenML_task_id"": ""167185"", ""batch_size"": 43, ""epoch"": 1, ""learning_rate"": 0.08145025594233068, ""max_dropout"": 0.9475935024202728, ""max_units"": 240, ""momentum"": 0.42126515855641555, ""num_layers"": 3, ""weight_decay"": 0.05618637953129241}","{""time"": 3.298064947128296, ""val_accuracy"": 43.67572784423828, ""val_cross_entropy"": 0.6208627223968506, ""val_balanced_accuracy"": 0.49753013253211975, ""test_cross_entropy"": 0.7128973007202148, ""test_balanced_accuracy"": 0.5014141201972961}"
2026-04-17T23:37:21.809599,cats,lcbench,126025,2,893,9.529953956604004,"{""OpenML_task_id"": ""3945"", ""batch_size"": 176, ""epoch"": 8, ""learning_rate"": 0.06351010062059152, ""max_dropout"": 0.8692087057808715, ""max_units"": 64, ""momentum"": 0.4070835487541815, ""num_layers"": 5, ""weight_decay"": 0.022764620739389414}","{""time"": 9.529953956604004, ""val_accuracy"": 79.47605895996094, ""val_cross_entropy"": 0.35172268748283386, ""val_balanced_accuracy"": 0.7344160676002502, ""test_cross_entropy"": 0.5794600248336792, ""test_balanced_accuracy"": 0.7208268642425537}"
2026-04-17T23:37:21.809599,cats,lcbench,126025,2,894,8.88431453704834,"{""OpenML_task_id"": ""168868"", ""batch_size"": 16, ""epoch"": 1, ""learning_rate"": 0.06137080179379597, ""max_dropout"": 0.34657685615316886, ""max_units"": 223, ""momentum"": 0.909525381517652, ""num_layers"": 2, ""weight_decay"": 0.018406913935136333}","{""time"": 8.88431453704834, ""val_accuracy"": 41.99436569213867, ""val_cross_entropy"": 0.7379986643791199, ""val_balanced_accuracy"": 0.4659577012062073, ""test_cross_entropy"": 0.7179158329963684, ""test_balanced_accuracy"": 0.47956734895706177}"
2026-04-17T23:37:21.810599,cats,lcbench,126025,2,895,2.992676019668579,"{""OpenML_task_id"": ""189906"", ""batch_size"": 84, ""epoch"": 2, ""learning_rate"": 0.06285092314306719, ""max_dropout"": 0.9011092787670311, ""max_units"": 217, ""momentum"": 0.5777334160367742, ""num_layers"": 4, ""weight_decay"": 0.014013861451703554}","{""time"": 2.992676019668579, ""val_accuracy"": 67.87065124511719, ""val_cross_entropy"": 0.4175490438938141, ""val_balanced_accuracy"": 0.742292582988739, ""test_cross_entropy"": 0.5968998670578003, ""test_balanced_accuracy"": 0.7364513874053955}"
2026-04-17T23:37:21.811105,cats,lcbench,126025,2,896,3.0847110748291016,"{""OpenML_task_id"": ""189873"", ""batch_size"": 47, ""epoch"": 1, ""learning_rate"": 0.09970196319419677, ""max_dropout"": 0.08508034964038486, ""max_units"": 64, ""momentum"": 0.24361363948027032, ""num_layers"": 4, ""weight_decay"": 0.07088277942790246}","{""time"": 3.0847110748291016, ""val_accuracy"": 40.82354736328125, ""val_cross_entropy"": 0.6673683524131775, ""val_balanced_accuracy"": 0.47137653827667236, ""test_cross_entropy"": 0.6959489583969116, ""test_balanced_accuracy"": 0.4724305272102356}"
2026-04-17T23:37:21.811609,cats,lcbench,126025,2,897,1.8784939050674438,"{""OpenML_task_id"": ""34539"", ""batch_size"": 94, ""epoch"": 1, ""learning_rate"": 0.013227755963650849, ""max_dropout"": 0.5103994402986854, ""max_units"": 64, ""momentum"": 0.1, ""num_layers"": 5, ""weight_decay"": 0.09105189100165745}","{""time"": 1.8784939050674438, ""val_accuracy"": 61.38014602661133, ""val_cross_entropy"": 0.5545154213905334, ""val_balanced_accuracy"": 0.5717238187789917, ""test_cross_entropy"": 0.6707879304885864, ""test_balanced_accuracy"": 0.5619375705718994}"
2026-04-17T23:37:21.812614,cats,lcbench,126025,2,898,3.733139753341675,"{""OpenML_task_id"": ""189873"", ""batch_size"": 79, ""epoch"": 1, ""learning_rate"": 0.09679505253957059, ""max_dropout"": 0.07532144814814234, ""max_units"": 122, ""momentum"": 0.4188067299547842, ""num_layers"": 4, ""weight_decay"": 0.06688064585636774}","{""time"": 3.733139753341675, ""val_accuracy"": 42.34028244018555, ""val_cross_entropy"": 0.6813230514526367, ""val_balanced_accuracy"": 0.4711509048938751, ""test_cross_entropy"": 0.6975449323654175, ""test_balanced_accuracy"": 0.47479185461997986}"
2026-04-17T23:37:21.812614,cats,lcbench,126025,2,899,3.2171857357025146,"{""OpenML_task_id"": ""168331"", ""batch_size"": 109, ""epoch"": 1, ""learning_rate"": 0.07435960573593983, ""max_dropout"": 0.1296261780757583, ""max_units"": 176, ""momentum"": 0.42084725507975074, ""num_layers"": 3, ""weight_decay"": 0.061924678105003655}","{""time"": 3.2171857357025146, ""val_accuracy"": 48.04935073852539, ""val_cross_entropy"": 0.6380245089530945, ""val_balanced_accuracy"": 0.5203371047973633, ""test_cross_entropy"": 0.6900305151939392, ""test_balanced_accuracy"": 0.5350807309150696}"
2026-04-17T23:37:21.813614,cats,lcbench,126025,2,900,16.975032806396484,"{""OpenML_task_id"": ""168331"", ""batch_size"": 85, ""epoch"": 12, ""learning_rate"": 0.10000000000000002, ""max_dropout"": 0.20139158025258938, ""max_units"": 69, ""momentum"": 0.3304472041475255, ""num_layers"": 5, ""weight_decay"": 0.05737113540293012}","{""time"": 16.975032806396484, ""val_accuracy"": 76.64086151123047, ""val_cross_entropy"": 0.5100063681602478, ""val_balanced_accuracy"": 0.584701657295227, ""test_cross_entropy"": 0.6514686942100525, ""test_balanced_accuracy"": 0.5795243978500366}"
2026-04-17T23:37:21.814119,cats,lcbench,126025,2,901,25.019733428955078,"{""OpenML_task_id"": ""168908"", ""batch_size"": 81, ""epoch"": 10, ""learning_rate"": 0.014739399755223913, ""max_dropout"": 0.5106528275384571, ""max_units"": 206, ""momentum"": 0.5645208522624978, ""num_layers"": 3, ""weight_decay"": 0.03685309016483976}","{""time"": 25.019733428955078, ""val_accuracy"": 78.11744689941406, ""val_cross_entropy"": 0.4028647840023041, ""val_balanced_accuracy"": 0.8180245757102966, ""test_cross_entropy"": 0.5366007089614868, ""test_balanced_accuracy"": 0.8070306777954102}"
2026-04-17T23:37:21.815121,cats,lcbench,126025,2,902,1.4615472555160522,"{""OpenML_task_id"": ""3945"", ""batch_size"": 122, ""epoch"": 1, ""learning_rate"": 0.040911841808395785, ""max_dropout"": 0.8233381896828069, ""max_units"": 64, ""momentum"": 0.5163003459285681, ""num_layers"": 5, ""weight_decay"": 0.006671178290562831}","{""time"": 1.4615472555160522, ""val_accuracy"": 51.813411712646484, ""val_cross_entropy"": 0.5832961201667786, ""val_balanced_accuracy"": 0.5258695483207703, ""test_cross_entropy"": 0.7080336809158325, ""test_balanced_accuracy"": 0.5156776309013367}"
2026-04-17T23:37:21.815121,cats,lcbench,126025,2,903,10.924424171447754,"{""OpenML_task_id"": ""189873"", ""batch_size"": 16, ""epoch"": 5, ""learning_rate"": 0.08232627661925572, ""max_dropout"": 0.010654837326385155, ""max_units"": 111, ""momentum"": 0.31908103511960395, ""num_layers"": 5, ""weight_decay"": 0.0690167215931991}","{""time"": 10.924424171447754, ""val_accuracy"": 75.45913696289062, ""val_cross_entropy"": 0.545412003993988, ""val_balanced_accuracy"": 0.5828332901000977, ""test_cross_entropy"": 0.6471883058547974, ""test_balanced_accuracy"": 0.5764123797416687}"
2026-04-17T23:37:21.816122,cats,lcbench,126025,2,904,12.985451698303223,"{""OpenML_task_id"": ""168910"", ""batch_size"": 16, ""epoch"": 6, ""learning_rate"": 0.029678099400090304, ""max_dropout"": 0.30083751921920565, ""max_units"": 161, ""momentum"": 0.5052701717806611, ""num_layers"": 4, ""weight_decay"": 0.05713022639350686}","{""time"": 12.985451698303223, ""val_accuracy"": 79.60258483886719, ""val_cross_entropy"": 0.44736865162849426, ""val_balanced_accuracy"": 0.7737134695053101, ""test_cross_entropy"": 0.5771967172622681, ""test_balanced_accuracy"": 0.7634577751159668}"
2026-04-17T23:37:21.816627,cats,lcbench,126025,2,905,28.97305679321289,"{""OpenML_task_id"": ""168868"", ""batch_size"": 16, ""epoch"": 9, ""learning_rate"": 0.016542583075976974, ""max_dropout"": 0.2588867448659763, ""max_units"": 270, ""momentum"": 0.5312267470174147, ""num_layers"": 5, ""weight_decay"": 0.05342512360916861}","{""time"": 28.97305679321289, ""val_accuracy"": 85.69841003417969, ""val_cross_entropy"": 0.45930925011634827, ""val_balanced_accuracy"": 0.7312738299369812, ""test_cross_entropy"": 0.5862413644790649, ""test_balanced_accuracy"": 0.7240387797355652}"
2026-04-17T23:37:21.816627,cats,lcbench,126025,2,906,2.5227394104003906,"{""OpenML_task_id"": ""168331"", ""batch_size"": 182, ""epoch"": 1, ""learning_rate"": 0.09677186719670727, ""max_dropout"": 0.15676774166045465, ""max_units"": 229, ""momentum"": 0.4289339258894117, ""num_layers"": 5, ""weight_decay"": 0.04796614146468852}","{""time"": 2.5227394104003906, ""val_accuracy"": 51.680362701416016, ""val_cross_entropy"": 0.611115038394928, ""val_balanced_accuracy"": 0.5410918593406677, ""test_cross_entropy"": 0.6770831346511841, ""test_balanced_accuracy"": 0.5368308424949646}"
2026-04-17T23:37:21.818131,cats,lcbench,126025,2,907,11.401333808898926,"{""OpenML_task_id"": ""189906"", ""batch_size"": 85, ""epoch"": 5, ""learning_rate"": 0.008962803377577185, ""max_dropout"": 0.3204430371998793, ""max_units"": 279, ""momentum"": 0.5476373067936765, ""num_layers"": 5, ""weight_decay"": 0.029081442148245505}","{""time"": 11.401333808898926, ""val_accuracy"": 83.70362854003906, ""val_cross_entropy"": 0.43490707874298096, ""val_balanced_accuracy"": 0.8287303447723389, ""test_cross_entropy"": 0.5738610029220581, ""test_balanced_accuracy"": 0.8233372569084167}"
2026-04-17T23:37:21.818131,cats,lcbench,126025,2,908,4.716241359710693,"{""OpenML_task_id"": ""167201"", ""batch_size"": 16, ""epoch"": 1, ""learning_rate"": 0.008165233212542412, ""max_dropout"": 0.0, ""max_units"": 184, ""momentum"": 0.8714374092331792, ""num_layers"": 5, ""weight_decay"": 0.02436493748738945}","{""time"": 4.716241359710693, ""val_accuracy"": 46.4589729309082, ""val_cross_entropy"": 0.6169312000274658, ""val_balanced_accuracy"": 0.48444727063179016, ""test_cross_entropy"": 0.7063815593719482, ""test_balanced_accuracy"": 0.47394949197769165}"
2026-04-17T23:37:21.819135,cats,lcbench,126025,2,909,15.531755447387695,"{""OpenML_task_id"": ""3945"", ""batch_size"": 176, ""epoch"": 7, ""learning_rate"": 0.0645101459174506, ""max_dropout"": 0.9865957437631421, ""max_units"": 177, ""momentum"": 0.6185805325209398, ""num_layers"": 5, ""weight_decay"": 0.021448995858174905}","{""time"": 15.531755447387695, ""val_accuracy"": 79.09648132324219, ""val_cross_entropy"": 0.27063047885894775, ""val_balanced_accuracy"": 0.7665818333625793, ""test_cross_entropy"": 0.5541958808898926, ""test_balanced_accuracy"": 0.7480673789978027}"
2026-04-17T23:37:21.819135,cats,lcbench,126025,2,910,5.632408618927002,"{""OpenML_task_id"": ""167185"", ""batch_size"": 73, ""epoch"": 3, ""learning_rate"": 0.06934508637973086, ""max_dropout"": 1.0, ""max_units"": 121, ""momentum"": 0.3420012674404361, ""num_layers"": 5, ""weight_decay"": 0.05484585093354366}","{""time"": 5.632408618927002, ""val_accuracy"": 73.197509765625, ""val_cross_entropy"": 0.4461643099784851, ""val_balanced_accuracy"": 0.6137856245040894, ""test_cross_entropy"": 0.6554111242294312, ""test_balanced_accuracy"": 0.6048139929771423}"
2026-04-17T23:37:21.820136,cats,lcbench,126025,2,911,2.0318856239318848,"{""OpenML_task_id"": ""167185"", ""batch_size"": 66, ""epoch"": 1, ""learning_rate"": 0.06069075135062932, ""max_dropout"": 0.8129359250261049, ""max_units"": 99, ""momentum"": 0.25680449377449094, ""num_layers"": 3, ""weight_decay"": 0.04415208346373}","{""time"": 2.0318856239318848, ""val_accuracy"": 45.676536560058594, ""val_cross_entropy"": 0.6117696166038513, ""val_balanced_accuracy"": 0.5063385963439941, ""test_cross_entropy"": 0.6980790495872498, ""test_balanced_accuracy"": 0.5154239535331726}"
2026-04-17T23:37:21.820136,cats,lcbench,126025,2,912,4.62141752243042,"{""OpenML_task_id"": ""189873"", ""batch_size"": 89, ""epoch"": 2, ""learning_rate"": 0.09415866484543069, ""max_dropout"": 0.1072278092462989, ""max_units"": 220, ""momentum"": 0.3718240090791948, ""num_layers"": 5, ""weight_decay"": 0.07247925470354549}","{""time"": 4.62141752243042, ""val_accuracy"": 59.92591857910156, ""val_cross_entropy"": 0.6202163696289062, ""val_balanced_accuracy"": 0.5766916871070862, ""test_cross_entropy"": 0.6647337079048157, ""test_balanced_accuracy"": 0.5738202929496765}"
2026-04-17T23:37:21.821640,cats,lcbench,126025,2,913,7.662757873535156,"{""OpenML_task_id"": ""3945"", ""batch_size"": 82, ""epoch"": 1, ""learning_rate"": 0.07006645341772132, ""max_dropout"": 0.28710475829185567, ""max_units"": 272, ""momentum"": 0.9641293488143511, ""num_layers"": 2, ""weight_decay"": 0.011164654446028615}","{""time"": 7.662757873535156, ""val_accuracy"": 43.03379821777344, ""val_cross_entropy"": 0.7395626902580261, ""val_balanced_accuracy"": 0.48254016041755676, ""test_cross_entropy"": 0.6855884194374084, ""test_balanced_accuracy"": 0.503088653087616}"
2026-04-17T23:37:21.821640,cats,lcbench,126025,2,914,9.39469051361084,"{""OpenML_task_id"": ""168329"", ""batch_size"": 165, ""epoch"": 3, ""learning_rate"": 0.00010000000000000009, ""max_dropout"": 0.586201284568185, ""max_units"": 81, ""momentum"": 0.12351764772112189, ""num_layers"": 1, ""weight_decay"": 0.012631625888969279}","{""time"": 9.39469051361084, ""val_accuracy"": 53.98841857910156, ""val_cross_entropy"": 0.6630966663360596, ""val_balanced_accuracy"": 0.4714547395706177, ""test_cross_entropy"": 0.6894322633743286, ""test_balanced_accuracy"": 0.46741217374801636}"
2026-04-17T23:37:21.822644,cats,lcbench,126025,2,915,2.355402946472168,"{""OpenML_task_id"": ""189865"", ""batch_size"": 16, ""epoch"": 1, ""learning_rate"": 0.00010000000000000009, ""max_dropout"": 0.6979107629662638, ""max_units"": 135, ""momentum"": 0.1, ""num_layers"": 5, ""weight_decay"": 0.0923421940008815}","{""time"": 2.355402946472168, ""val_accuracy"": 63.42974090576172, ""val_cross_entropy"": 0.5360938310623169, ""val_balanced_accuracy"": 0.5837289094924927, ""test_cross_entropy"": 0.6690448522567749, ""test_balanced_accuracy"": 0.572327196598053}"
2026-04-17T23:37:21.822644,cats,lcbench,126025,2,916,1.9942350387573242,"{""OpenML_task_id"": ""167104"", ""batch_size"": 16, ""epoch"": 1, ""learning_rate"": 0.00010000000000000009, ""max_dropout"": 0.5370478956050914, ""max_units"": 64, ""momentum"": 0.1, ""num_layers"": 5, ""weight_decay"": 0.09195042950347361}","{""time"": 1.9942350387573242, ""val_accuracy"": 64.61148834228516, ""val_cross_entropy"": 0.54683518409729, ""val_balanced_accuracy"": 0.5837923288345337, ""test_cross_entropy"": 0.6682423949241638, ""test_balanced_accuracy"": 0.5712137222290039}"
2026-04-17T23:37:21.824148,cats,lcbench,126025,2,917,1.9342727661132812,"{""OpenML_task_id"": ""168908"", ""batch_size"": 28, ""epoch"": 1, ""learning_rate"": 0.030810180515078254, ""max_dropout"": 0.5140779294403695, ""max_units"": 153, ""momentum"": 0.5143642361271032, ""num_layers"": 5, ""weight_decay"": 0.043351058629271286}","{""time"": 1.9342727661132812, ""val_accuracy"": 51.11208724975586, ""val_cross_entropy"": 0.6280723214149475, ""val_balanced_accuracy"": 0.5089334845542908, ""test_cross_entropy"": 0.7015475630760193, ""test_balanced_accuracy"": 0.5010221600532532}"
2026-04-17T23:37:21.824705,cats,lcbench,126025,2,918,1.3723011016845703,"{""OpenML_task_id"": ""3945"", ""batch_size"": 158, ""epoch"": 1, ""learning_rate"": 0.04892227136505853, ""max_dropout"": 0.8878764724848236, ""max_units"": 64, ""momentum"": 0.469595852613187, ""num_layers"": 5, ""weight_decay"": 0.01698619808811306}","{""time"": 1.3723011016845703, ""val_accuracy"": 53.74286651611328, ""val_cross_entropy"": 0.5608022212982178, ""val_balanced_accuracy"": 0.5459507703781128, ""test_cross_entropy"": 0.702735185623169, ""test_balanced_accuracy"": 0.5345339775085449}"
2026-04-17T23:37:21.825212,cats,lcbench,126025,2,919,20.34546661376953,"{""OpenML_task_id"": ""189865"", ""batch_size"": 174, ""epoch"": 2, ""learning_rate"": 0.00010000000000000009, ""max_dropout"": 0.24506067586909608, ""max_units"": 167, ""momentum"": 0.9361032616428819, ""num_layers"": 3, ""weight_decay"": 0.1}","{""time"": 20.34546661376953, ""val_accuracy"": 47.659244537353516, ""val_cross_entropy"": 0.6162324547767639, ""val_balanced_accuracy"": 0.5071050524711609, ""test_cross_entropy"": 0.6817319393157959, ""test_balanced_accuracy"": 0.5135780572891235}"
2026-04-17T23:37:21.825212,cats,lcbench,126025,2,920,3.671783208847046,"{""OpenML_task_id"": ""3945"", ""batch_size"": 104, ""epoch"": 5, ""learning_rate"": 0.07244096617197035, ""max_dropout"": 0.5190551983312692, ""max_units"": 64, ""momentum"": 0.9102580597792229, ""num_layers"": 4, ""weight_decay"": 0.015621053850332358}","{""time"": 3.671783208847046, ""val_accuracy"": 79.07234954833984, ""val_cross_entropy"": 0.35421666502952576, ""val_balanced_accuracy"": 0.8191831111907959, ""test_cross_entropy"": 0.5271030068397522, ""test_balanced_accuracy"": 0.8006693720817566}"
2026-04-17T23:37:21.826215,cats,lcbench,126025,2,921,2.6956536769866943,"{""OpenML_task_id"": ""34539"", ""batch_size"": 43, ""epoch"": 1, ""learning_rate"": 0.00010000000000000009, ""max_dropout"": 0.7804819272536068, ""max_units"": 243, ""momentum"": 0.1035624961840115, ""num_layers"": 5, ""weight_decay"": 0.0939254517824713}","{""time"": 2.6956536769866943, ""val_accuracy"": 62.34959411621094, ""val_cross_entropy"": 0.5248622298240662, ""val_balanced_accuracy"": 0.5793630480766296, ""test_cross_entropy"": 0.6670194268226624, ""test_balanced_accuracy"": 0.5697295665740967}"
2026-04-17T23:37:21.827214,cats,lcbench,126025,2,922,27.16024398803711,"{""OpenML_task_id"": ""167201"", ""batch_size"": 16, ""epoch"": 5, ""learning_rate"": 0.006662865464180094, ""max_dropout"": 0.14622793450139165, ""max_units"": 437, ""momentum"": 0.6794158827193505, ""num_layers"": 5, ""weight_decay"": 0.039346122236523375}","{""time"": 27.16024398803711, ""val_accuracy"": 85.53413391113281, ""val_cross_entropy"": 0.3562183976173401, ""val_balanced_accuracy"": 0.8196254372596741, ""test_cross_entropy"": 0.5180038213729858, ""test_balanced_accuracy"": 0.8087688684463501}"
2026-04-17T23:37:21.827214,cats,lcbench,126025,2,923,10.881196022033691,"{""OpenML_task_id"": ""168908"", ""batch_size"": 16, ""epoch"": 8, ""learning_rate"": 0.021078543782826673, ""max_dropout"": 0.49554960218986566, ""max_units"": 64, ""momentum"": 0.5522416418079463, ""num_layers"": 3, ""weight_decay"": 0.03586894705785816}","{""time"": 10.881196022033691, ""val_accuracy"": 80.77629852294922, ""val_cross_entropy"": 0.39243990182876587, ""val_balanced_accuracy"": 0.813642680644989, ""test_cross_entropy"": 0.5355138182640076, ""test_balanced_accuracy"": 0.802228569984436}"
2026-04-17T23:37:21.828214,cats,lcbench,126025,2,924,3.5142078399658203,"{""OpenML_task_id"": ""168910"", ""batch_size"": 16, ""epoch"": 1, ""learning_rate"": 0.025245373482477393, ""max_dropout"": 0.2558811440352386, ""max_units"": 277, ""momentum"": 0.4705605784053881, ""num_layers"": 5, ""weight_decay"": 0.0578865957230309}","{""time"": 3.5142078399658203, ""val_accuracy"": 49.90465545654297, ""val_cross_entropy"": 0.6100637912750244, ""val_balanced_accuracy"": 0.5196210741996765, ""test_cross_entropy"": 0.6919928193092346, ""test_balanced_accuracy"": 0.5109955668449402}"
2026-04-17T23:37:21.828214,cats,lcbench,126025,2,925,3.9158153533935547,"{""OpenML_task_id"": ""189873"", ""batch_size"": 18, ""epoch"": 1, ""learning_rate"": 0.09359375527397965, ""max_dropout"": 0.1701917429389314, ""max_units"": 263, ""momentum"": 0.3604640311133521, ""num_layers"": 5, ""weight_decay"": 0.06114096817507751}","{""time"": 3.9158153533935547, ""val_accuracy"": 52.16603088378906, ""val_cross_entropy"": 0.6180245280265808, ""val_balanced_accuracy"": 0.5280213952064514, ""test_cross_entropy"": 0.6870512962341309, ""test_balanced_accuracy"": 0.5203907489776611}"
2026-04-17T23:37:21.829214,cats,lcbench,126025,2,926,1.6637455224990845,"{""OpenML_task_id"": ""189873"", ""batch_size"": 37, ""epoch"": 1, ""learning_rate"": 0.0740378863607236, ""max_dropout"": 0.2202633479471159, ""max_units"": 128, ""momentum"": 0.37788434289467937, ""num_layers"": 5, ""weight_decay"": 0.04790078644045716}","{""time"": 1.6637455224990845, ""val_accuracy"": 53.40250015258789, ""val_cross_entropy"": 0.6148760318756104, ""val_balanced_accuracy"": 0.5269619822502136, ""test_cross_entropy"": 0.6929836273193359, ""test_balanced_accuracy"": 0.5198113918304443}"
2026-04-17T23:37:21.829214,cats,lcbench,126025,2,927,21.48614501953125,"{""OpenML_task_id"": ""34539"", ""batch_size"": 33, ""epoch"": 7, ""learning_rate"": 0.01263810687951866, ""max_dropout"": 0.7599184419215934, ""max_units"": 261, ""momentum"": 0.1, ""num_layers"": 5, ""weight_decay"": 0.08767806650811394}","{""time"": 21.48614501953125, ""val_accuracy"": 82.15513610839844, ""val_cross_entropy"": 0.559411883354187, ""val_balanced_accuracy"": 0.5880849957466125, ""test_cross_entropy"": 0.6789832711219788, ""test_balanced_accuracy"": 0.5870382785797119}"
2026-04-17T23:37:21.830215,cats,lcbench,126025,2,928,8.602630615234375,"{""OpenML_task_id"": ""167201"", ""batch_size"": 26, ""epoch"": 1, ""learning_rate"": 0.0049879264770002416, ""max_dropout"": 0.0, ""max_units"": 295, ""momentum"": 0.6783035289073086, ""num_layers"": 4, ""weight_decay"": 0.015153764596200565}","{""time"": 8.602630615234375, ""val_accuracy"": 37.461219787597656, ""val_cross_entropy"": 0.6629692316055298, ""val_balanced_accuracy"": 0.47967714071273804, ""test_cross_entropy"": 0.7112587690353394, ""test_balanced_accuracy"": 0.4890129268169403}"
2026-04-17T23:37:21.830215,cats,lcbench,126025,2,929,5.087170600891113,"{""OpenML_task_id"": ""189865"", ""batch_size"": 130, ""epoch"": 1, ""learning_rate"": 0.013970866506624106, ""max_dropout"": 0.057389796950283484, ""max_units"": 158, ""momentum"": 0.7410044134782279, ""num_layers"": 3, ""weight_decay"": 0.1}","{""time"": 5.087170600891113, ""val_accuracy"": 45.250938415527344, ""val_cross_entropy"": 0.5995823740959167, ""val_balanced_accuracy"": 0.5068652629852295, ""test_cross_entropy"": 0.6971423625946045, ""test_balanced_accuracy"": 0.5226019024848938}"
2026-04-17T23:37:21.831717,cats,lcbench,126025,2,930,22.99496078491211,"{""OpenML_task_id"": ""168331"", ""batch_size"": 209, ""epoch"": 10, ""learning_rate"": 0.09385310711724343, ""max_dropout"": 0.15384306354133814, ""max_units"": 240, ""momentum"": 0.28631478979894087, ""num_layers"": 5, ""weight_decay"": 0.06080701696786516}","{""time"": 22.99496078491211, ""val_accuracy"": 78.43067169189453, ""val_cross_entropy"": 0.4867756962776184, ""val_balanced_accuracy"": 0.6986573338508606, ""test_cross_entropy"": 0.6189121007919312, ""test_balanced_accuracy"": 0.6967184543609619}"
2026-04-17T23:37:21.831717,cats,lcbench,126025,2,931,1.9370616674423218,"{""OpenML_task_id"": ""34539"", ""batch_size"": 78, ""epoch"": 1, ""learning_rate"": 0.00010000000000000009, ""max_dropout"": 0.6767485484075378, ""max_units"": 64, ""momentum"": 0.13027324398972823, ""num_layers"": 5, ""weight_decay"": 0.09746434598512745}","{""time"": 1.9370616674423218, ""val_accuracy"": 67.0989990234375, ""val_cross_entropy"": 0.5356149673461914, ""val_balanced_accuracy"": 0.5806629657745361, ""test_cross_entropy"": 0.6629757881164551, ""test_balanced_accuracy"": 0.5691604614257812}"
2026-04-17T23:37:21.832720,cats,lcbench,126025,2,932,6.959944725036621,"{""OpenML_task_id"": ""168329"", ""batch_size"": 88, ""epoch"": 1, ""learning_rate"": 0.0026878931814292425, ""max_dropout"": 0.6998519204380619, ""max_units"": 181, ""momentum"": 0.1131972504761014, ""num_layers"": 1, ""weight_decay"": 0.013002343075903372}","{""time"": 6.959944725036621, ""val_accuracy"": 54.864871978759766, ""val_cross_entropy"": 0.6907110810279846, ""val_balanced_accuracy"": 0.45985063910484314, ""test_cross_entropy"": 0.7002701759338379, ""test_balanced_accuracy"": 0.4677269756793976}"
2026-04-17T23:37:21.833719,cats,lcbench,126025,2,933,4.053867816925049,"{""OpenML_task_id"": ""126026"", ""batch_size"": 71, ""epoch"": 1, ""learning_rate"": 0.014848205774052561, ""max_dropout"": 0.3622201433438582, ""max_units"": 279, ""momentum"": 0.4244229525982324, ""num_layers"": 3, ""weight_decay"": 0.05640861991444997}","{""time"": 4.053867816925049, ""val_accuracy"": 47.3438606262207, ""val_cross_entropy"": 0.6430422067642212, ""val_balanced_accuracy"": 0.5189743041992188, ""test_cross_entropy"": 0.6913009881973267, ""test_balanced_accuracy"": 0.5350276827812195}"
2026-04-17T23:37:21.834221,cats,lcbench,126025,2,934,25.831314086914062,"{""OpenML_task_id"": ""189865"", ""batch_size"": 183, ""epoch"": 7, ""learning_rate"": 0.012167140914889657, ""max_dropout"": 0.10122761853495786, ""max_units"": 160, ""momentum"": 0.8668960068782963, ""num_layers"": 4, ""weight_decay"": 0.1}","{""time"": 25.831314086914062, ""val_accuracy"": 61.27183151245117, ""val_cross_entropy"": 0.6701962947845459, ""val_balanced_accuracy"": 0.5487465262413025, ""test_cross_entropy"": 0.6808539628982544, ""test_balanced_accuracy"": 0.5516239404678345}"
2026-04-17T23:37:21.834723,cats,lcbench,126025,2,935,11.715089797973633,"{""OpenML_task_id"": ""189873"", ""batch_size"": 67, ""epoch"": 5, ""learning_rate"": 0.07789058454203054, ""max_dropout"": 0.0, ""max_units"": 254, ""momentum"": 0.39741867475278014, ""num_layers"": 4, ""weight_decay"": 0.04925470439701787}","{""time"": 11.715089797973633, ""val_accuracy"": 79.96354675292969, ""val_cross_entropy"": 0.4030888080596924, ""val_balanced_accuracy"": 0.8231033086776733, ""test_cross_entropy"": 0.5528476238250732, ""test_balanced_accuracy"": 0.8120906949043274}"
2026-04-17T23:37:21.834723,cats,lcbench,126025,2,936,10.0012845993042,"{""OpenML_task_id"": ""34539"", ""batch_size"": 16, ""epoch"": 3, ""learning_rate"": 0.01599857969916761, ""max_dropout"": 0.7165436280687785, ""max_units"": 134, ""momentum"": 0.18039433734166255, ""num_layers"": 5, ""weight_decay"": 0.1}","{""time"": 10.0012845993042, ""val_accuracy"": 75.83354949951172, ""val_cross_entropy"": 0.5823949575424194, ""val_balanced_accuracy"": 0.5749673843383789, ""test_cross_entropy"": 0.6820675134658813, ""test_balanced_accuracy"": 0.5672487020492554}"
2026-04-17T23:37:21.835725,cats,lcbench,126025,2,937,17.168865203857422,"{""OpenML_task_id"": ""167185"", ""batch_size"": 16, ""epoch"": 4, ""learning_rate"": 0.06692888737694498, ""max_dropout"": 0.930945328058468, ""max_units"": 297, ""momentum"": 0.27070026474835607, ""num_layers"": 5, ""weight_decay"": 0.06462434006824697}","{""time"": 17.168865203857422, ""val_accuracy"": 76.59716796875, ""val_cross_entropy"": 0.46755874156951904, ""val_balanced_accuracy"": 0.6163089275360107, ""test_cross_entropy"": 0.6457282304763794, ""test_balanced_accuracy"": 0.6089277863502502}"
2026-04-17T23:37:21.836725,cats,lcbench,126025,2,938,1.2091480493545532,"{""OpenML_task_id"": ""3945"", ""batch_size"": 77, ""epoch"": 1, ""learning_rate"": 0.06446784917293785, ""max_dropout"": 0.3339671118874746, ""max_units"": 73, ""momentum"": 0.9423615100064515, ""num_layers"": 2, ""weight_decay"": 1e-05}","{""time"": 1.2091480493545532, ""val_accuracy"": 63.68212890625, ""val_cross_entropy"": 0.589350700378418, ""val_balanced_accuracy"": 0.6684868335723877, ""test_cross_entropy"": 0.5975173711776733, ""test_balanced_accuracy"": 0.6778403520584106}"
2026-04-17T23:37:21.837227,cats,lcbench,126025,2,939,5.374431610107422,"{""OpenML_task_id"": ""168331"", ""batch_size"": 212, ""epoch"": 1, ""learning_rate"": 0.08387416384309357, ""max_dropout"": 0.13444287891788717, ""max_units"": 215, ""momentum"": 0.257519844068339, ""num_layers"": 4, ""weight_decay"": 0.05866055741103794}","{""time"": 5.374431610107422, ""val_accuracy"": 43.687808990478516, ""val_cross_entropy"": 0.6867507696151733, ""val_balanced_accuracy"": 0.47529834508895874, ""test_cross_entropy"": 0.6855783462524414, ""test_balanced_accuracy"": 0.483243852853775}"
2026-04-17T23:37:21.838229,cats,lcbench,126025,2,940,1.1324522495269775,"{""OpenML_task_id"": ""189873"", ""batch_size"": 88, ""epoch"": 1, ""learning_rate"": 0.07357402548239231, ""max_dropout"": 0.13874252527762151, ""max_units"": 64, ""momentum"": 0.2775905124859831, ""num_layers"": 5, ""weight_decay"": 0.06950466837341297}","{""time"": 1.1324522495269775, ""val_accuracy"": 59.32522201538086, ""val_cross_entropy"": 0.5764585733413696, ""val_balanced_accuracy"": 0.5663124918937683, ""test_cross_entropy"": 0.6790862679481506, ""test_balanced_accuracy"": 0.5594201683998108}"
2026-04-17T23:37:21.838229,cats,lcbench,126025,2,941,19.323322296142578,"{""OpenML_task_id"": ""167201"", ""batch_size"": 16, ""epoch"": 3, ""learning_rate"": 0.003960763909514258, ""max_dropout"": 0.0, ""max_units"": 436, ""momentum"": 0.8133534568082189, ""num_layers"": 5, ""weight_decay"": 0.025207630082971635}","{""time"": 19.323322296142578, ""val_accuracy"": 84.145751953125, ""val_cross_entropy"": 0.3014756143093109, ""val_balanced_accuracy"": 0.8367879986763, ""test_cross_entropy"": 0.5053537487983704, ""test_balanced_accuracy"": 0.8241825699806213}"
2026-04-17T23:37:21.839229,cats,lcbench,126025,2,942,13.854207038879395,"{""OpenML_task_id"": ""189909"", ""batch_size"": 46, ""epoch"": 7, ""learning_rate"": 0.006459457481773845, ""max_dropout"": 0.14758536176497342, ""max_units"": 188, ""momentum"": 0.8288337647753209, ""num_layers"": 5, ""weight_decay"": 0.01478249344354995}","{""time"": 13.854207038879395, ""val_accuracy"": 80.57533264160156, ""val_cross_entropy"": 0.2919067144393921, ""val_balanced_accuracy"": 0.7977258563041687, ""test_cross_entropy"": 0.49385935068130493, ""test_balanced_accuracy"": 0.7783538103103638}"
2026-04-17T23:37:21.839730,cats,lcbench,126025,2,943,2.423732042312622,"{""OpenML_task_id"": ""3945"", ""batch_size"": 193, ""epoch"": 1, ""learning_rate"": 0.054237735891942765, ""max_dropout"": 0.9113226970749645, ""max_units"": 198, ""momentum"": 0.40925136192032424, ""num_layers"": 5, ""weight_decay"": 0.016491940329153656}","{""time"": 2.423732042312622, ""val_accuracy"": 49.133201599121094, ""val_cross_entropy"": 0.5767021179199219, ""val_balanced_accuracy"": 0.539536714553833, ""test_cross_entropy"": 0.7024279236793518, ""test_balanced_accuracy"": 0.5286481976509094}"
2026-04-17T23:37:21.839730,cats,lcbench,126025,2,944,6.4174957275390625,"{""OpenML_task_id"": ""189905"", ""batch_size"": 199, ""epoch"": 1, ""learning_rate"": 0.003461065551656743, ""max_dropout"": 0.6690907586280327, ""max_units"": 64, ""momentum"": 0.1, ""num_layers"": 3, ""weight_decay"": 0.034306371557803264}","{""time"": 6.4174957275390625, ""val_accuracy"": 46.3577995300293, ""val_cross_entropy"": 0.65008944272995, ""val_balanced_accuracy"": 0.486218124628067, ""test_cross_entropy"": 0.6852434873580933, ""test_balanced_accuracy"": 0.4980827569961548}"
2026-04-17T23:37:21.841233,cats,lcbench,126025,2,945,9.711235046386719,"{""OpenML_task_id"": ""34539"", ""batch_size"": 16, ""epoch"": 4, ""learning_rate"": 0.00010000000000000009, ""max_dropout"": 0.6066060097509723, ""max_units"": 111, ""momentum"": 0.12409967774974043, ""num_layers"": 5, ""weight_decay"": 0.08413660154461591}","{""time"": 9.711235046386719, ""val_accuracy"": 64.31307983398438, ""val_cross_entropy"": 0.57844078540802, ""val_balanced_accuracy"": 0.5871077179908752, ""test_cross_entropy"": 0.675154447555542, ""test_balanced_accuracy"": 0.5761507749557495}"
2026-04-17T23:37:21.841743,cats,lcbench,126025,2,946,2.3874757289886475,"{""OpenML_task_id"": ""3945"", ""batch_size"": 56, ""epoch"": 1, ""learning_rate"": 0.08082271453359151, ""max_dropout"": 0.44193020413736067, ""max_units"": 97, ""momentum"": 0.99, ""num_layers"": 3, ""weight_decay"": 0.021133177467512955}","{""time"": 2.3874757289886475, ""val_accuracy"": 44.08987045288086, ""val_cross_entropy"": 0.5689581632614136, ""val_balanced_accuracy"": 0.5092801451683044, ""test_cross_entropy"": 0.708088755607605, ""test_balanced_accuracy"": 0.5166267156600952}"
2026-04-17T23:37:21.841743,cats,lcbench,126025,2,947,3.353843927383423,"{""OpenML_task_id"": ""3945"", ""batch_size"": 171, ""epoch"": 1, ""learning_rate"": 0.05360355109497225, ""max_dropout"": 0.8772474799364203, ""max_units"": 255, ""momentum"": 0.5252659962745615, ""num_layers"": 5, ""weight_decay"": 0.005199358081223682}","{""time"": 3.353843927383423, ""val_accuracy"": 44.67583465576172, ""val_cross_entropy"": 0.5997129082679749, ""val_balanced_accuracy"": 0.5122241377830505, ""test_cross_entropy"": 0.7112513184547424, ""test_balanced_accuracy"": 0.5025036931037903}"
2026-04-17T23:37:21.842746,cats,lcbench,126025,2,948,5.339570045471191,"{""OpenML_task_id"": ""189873"", ""batch_size"": 16, ""epoch"": 3, ""learning_rate"": 0.08729186746336774, ""max_dropout"": 0.0, ""max_units"": 64, ""momentum"": 0.43915601191418496, ""num_layers"": 5, ""weight_decay"": 0.06831579504896683}","{""time"": 5.339570045471191, ""val_accuracy"": 67.36470031738281, ""val_cross_entropy"": 0.5551843643188477, ""val_balanced_accuracy"": 0.5783451199531555, ""test_cross_entropy"": 0.6502721905708313, ""test_balanced_accuracy"": 0.5703786611557007}"
2026-04-17T23:37:21.842746,cats,lcbench,126025,2,949,11.413884162902832,"{""OpenML_task_id"": ""189865"", ""batch_size"": 208, ""epoch"": 1, ""learning_rate"": 0.00010000000000000009, ""max_dropout"": 0.13016218858683293, ""max_units"": 276, ""momentum"": 0.8462105083670511, ""num_layers"": 3, ""weight_decay"": 0.1}","{""time"": 11.413884162902832, ""val_accuracy"": 44.116455078125, ""val_cross_entropy"": 0.5674691796302795, ""val_balanced_accuracy"": 0.49026715755462646, ""test_cross_entropy"": 0.6798776388168335, ""test_balanced_accuracy"": 0.4962904453277588}"
2026-04-17T23:37:21.844248,cats,lcbench,126025,2,950,2.0165464878082275,"{""OpenML_task_id"": ""167185"", ""batch_size"": 16, ""epoch"": 1, ""learning_rate"": 0.07917347485268914, ""max_dropout"": 0.8998932812461551, ""max_units"": 171, ""momentum"": 0.44374171590627587, ""num_layers"": 5, ""weight_decay"": 0.057900661105268175}","{""time"": 2.0165464878082275, ""val_accuracy"": 56.54194259643555, ""val_cross_entropy"": 0.5168275237083435, ""val_balanced_accuracy"": 0.557300865650177, ""test_cross_entropy"": 0.6966860890388489, ""test_balanced_accuracy"": 0.5448137521743774}"
2026-04-17T23:37:21.844248,cats,lcbench,126025,2,951,33.89274978637695,"{""OpenML_task_id"": ""189865"", ""batch_size"": 181, ""epoch"": 6, ""learning_rate"": 0.00010000000000000009, ""max_dropout"": 0.14353913148086092, ""max_units"": 116, ""momentum"": 0.9378178835734325, ""num_layers"": 3, ""weight_decay"": 0.1}","{""time"": 33.89274978637695, ""val_accuracy"": 64.32939910888672, ""val_cross_entropy"": 0.6314582228660583, ""val_balanced_accuracy"": 0.6637187004089355, ""test_cross_entropy"": 0.6756192445755005, ""test_balanced_accuracy"": 0.6644102931022644}"
2026-04-17T23:37:21.845251,cats,lcbench,126025,2,952,14.922371864318848,"{""OpenML_task_id"": ""168329"", ""batch_size"": 215, ""epoch"": 5, ""learning_rate"": 0.00010000000000000009, ""max_dropout"": 0.6349328481665892, ""max_units"": 196, ""momentum"": 0.1, ""num_layers"": 2, ""weight_decay"": 0.025646361981522314}","{""time"": 14.922371864318848, ""val_accuracy"": 50.12224578857422, ""val_cross_entropy"": 0.6701356768608093, ""val_balanced_accuracy"": 0.5251609086990356, ""test_cross_entropy"": 0.6841970682144165, ""test_balanced_accuracy"": 0.5252640843391418}"
2026-04-17T23:37:21.845251,cats,lcbench,126025,2,953,66.61679077148438,"{""OpenML_task_id"": ""167201"", ""batch_size"": 16, ""epoch"": 7, ""learning_rate"": 0.019195269842439914, ""max_dropout"": 0.0, ""max_units"": 456, ""momentum"": 0.8065869850658524, ""num_layers"": 5, ""weight_decay"": 0.01716461576320691}","{""time"": 66.61679077148438, ""val_accuracy"": 77.73516082763672, ""val_cross_entropy"": 0.39206892251968384, ""val_balanced_accuracy"": 0.7586703896522522, ""test_cross_entropy"": 0.5021665096282959, ""test_balanced_accuracy"": 0.7275342345237732}"
2026-04-17T23:37:21.846752,cats,lcbench,126025,2,954,38.61442565917969,"{""OpenML_task_id"": ""189865"", ""batch_size"": 90, ""epoch"": 9, ""learning_rate"": 0.00010000000000000009, ""max_dropout"": 0.11190671529273903, ""max_units"": 179, ""momentum"": 0.7973195797024845, ""num_layers"": 4, ""weight_decay"": 0.09343748800086793}","{""time"": 38.61442565917969, ""val_accuracy"": 56.53546905517578, ""val_cross_entropy"": 0.6417957544326782, ""val_balanced_accuracy"": 0.5747382044792175, ""test_cross_entropy"": 0.6841023564338684, ""test_balanced_accuracy"": 0.5776670575141907}"
2026-04-17T23:37:21.846752,cats,lcbench,126025,2,955,3.4486677646636963,"{""OpenML_task_id"": ""3945"", ""batch_size"": 66, ""epoch"": 1, ""learning_rate"": 0.07005574181704646, ""max_dropout"": 0.4763989836943956, ""max_units"": 145, ""momentum"": 0.99, ""num_layers"": 3, ""weight_decay"": 0.0015839042679771636}","{""time"": 3.4486677646636963, ""val_accuracy"": 43.25252151489258, ""val_cross_entropy"": 0.634393036365509, ""val_balanced_accuracy"": 0.5267378687858582, ""test_cross_entropy"": 0.6522982716560364, ""test_balanced_accuracy"": 0.539834201335907}"
2026-04-17T23:37:21.846752,cats,lcbench,126025,2,956,4.488943099975586,"{""OpenML_task_id"": ""3945"", ""batch_size"": 59, ""epoch"": 1, ""learning_rate"": 0.0717882079063205, ""max_dropout"": 0.28386990956040714, ""max_units"": 171, ""momentum"": 0.99, ""num_layers"": 4, ""weight_decay"": 0.02406634364880981}","{""time"": 4.488943099975586, ""val_accuracy"": 41.079429626464844, ""val_cross_entropy"": 0.6099733710289001, ""val_balanced_accuracy"": 0.4942528307437897, ""test_cross_entropy"": 0.6915911436080933, ""test_balanced_accuracy"": 0.4933750033378601}"
2026-04-17T23:37:21.848254,cats,lcbench,126025,2,957,21.688343048095703,"{""OpenML_task_id"": ""189908"", ""batch_size"": 130, ""epoch"": 12, ""learning_rate"": 0.09690093677179873, ""max_dropout"": 0.0, ""max_units"": 277, ""momentum"": 0.4394327954379321, ""num_layers"": 3, ""weight_decay"": 0.05516887766571499}","{""time"": 21.688343048095703, ""val_accuracy"": 79.2701644897461, ""val_cross_entropy"": 0.3886449933052063, ""val_balanced_accuracy"": 0.8224834203720093, ""test_cross_entropy"": 0.5491536855697632, ""test_balanced_accuracy"": 0.8136535286903381}"
2026-04-17T23:37:21.848760,cats,lcbench,126025,2,958,35.798988342285156,"{""OpenML_task_id"": ""167201"", ""batch_size"": 33, ""epoch"": 7, ""learning_rate"": 0.004760094196321611, ""max_dropout"": 0.0, ""max_units"": 416, ""momentum"": 0.6786257982189013, ""num_layers"": 5, ""weight_decay"": 0.025850800501825554}","{""time"": 35.798988342285156, ""val_accuracy"": 82.67513275146484, ""val_cross_entropy"": 0.3338344097137451, ""val_balanced_accuracy"": 0.8201336860656738, ""test_cross_entropy"": 0.5034356117248535, ""test_balanced_accuracy"": 0.8063936233520508}"
2026-04-17T23:37:21.849266,cats,lcbench,126025,2,959,3.175351619720459,"{""OpenML_task_id"": ""168329"", ""batch_size"": 210, ""epoch"": 1, ""learning_rate"": 0.00010000000000000009, ""max_dropout"": 0.5837744798764346, ""max_units"": 64, ""momentum"": 0.19462995220542312, ""num_layers"": 1, ""weight_decay"": 0.014898523676615795}","{""time"": 3.175351619720459, ""val_accuracy"": 48.000892639160156, ""val_cross_entropy"": 0.755886971950531, ""val_balanced_accuracy"": 0.43596532940864563, ""test_cross_entropy"": 0.7007614374160767, ""test_balanced_accuracy"": 0.42127978801727295}"
2026-04-17T23:37:21.849772,cats,lcbench,126025,2,960,7.61813497543335,"{""OpenML_task_id"": ""3945"", ""batch_size"": 16, ""epoch"": 1, ""learning_rate"": 0.07506150467047584, ""max_dropout"": 0.3364895456661299, ""max_units"": 299, ""momentum"": 0.9306306636514687, ""num_layers"": 4, ""weight_decay"": 0.011844545159781653}","{""time"": 7.61813497543335, ""val_accuracy"": 41.14404296875, ""val_cross_entropy"": 0.5878781676292419, ""val_balanced_accuracy"": 0.5335449576377869, ""test_cross_entropy"": 0.6605907082557678, ""test_balanced_accuracy"": 0.523180365562439}"
2026-04-17T23:37:21.850775,cats,lcbench,126025,2,961,3.550464153289795,"{""OpenML_task_id"": ""168331"", ""batch_size"": 127, ""epoch"": 1, ""learning_rate"": 0.0771836454095092, ""max_dropout"": 0.13752101421833113, ""max_units"": 210, ""momentum"": 0.45210269095977645, ""num_layers"": 3, ""weight_decay"": 0.06768150709683309}","{""time"": 3.550464153289795, ""val_accuracy"": 48.59534454345703, ""val_cross_entropy"": 0.6415275931358337, ""val_balanced_accuracy"": 0.5209488272666931, ""test_cross_entropy"": 0.6906014680862427, ""test_balanced_accuracy"": 0.5361636877059937}"
2026-04-17T23:37:21.851276,cats,lcbench,126025,2,962,2.2089834213256836,"{""OpenML_task_id"": ""34539"", ""batch_size"": 72, ""epoch"": 1, ""learning_rate"": 0.00010000000000000009, ""max_dropout"": 0.7158300362318067, ""max_units"": 150, ""momentum"": 0.1, ""num_layers"": 5, ""weight_decay"": 0.07854807133327966}","{""time"": 2.2089834213256836, ""val_accuracy"": 64.75496673583984, ""val_cross_entropy"": 0.5341845750808716, ""val_balanced_accuracy"": 0.5765267014503479, ""test_cross_entropy"": 0.6666728258132935, ""test_balanced_accuracy"": 0.5661375522613525}"
2026-04-17T23:37:21.851778,cats,lcbench,126025,2,963,6.088400840759277,"{""OpenML_task_id"": ""189865"", ""batch_size"": 179, ""epoch"": 1, ""learning_rate"": 0.00010000000000000009, ""max_dropout"": 0.2693607872242738, ""max_units"": 305, ""momentum"": 0.8688873228946359, ""num_layers"": 2, ""weight_decay"": 0.09349835224039119}","{""time"": 6.088400840759277, ""val_accuracy"": 47.71154022216797, ""val_cross_entropy"": 0.6063439249992371, ""val_balanced_accuracy"": 0.48553234338760376, ""test_cross_entropy"": 0.6803478002548218, ""test_balanced_accuracy"": 0.4925071895122528}"
2026-04-17T23:37:21.851778,cats,lcbench,126025,2,964,1.5731048583984375,"{""OpenML_task_id"": ""3945"", ""batch_size"": 194, ""epoch"": 1, ""learning_rate"": 0.04938657290494847, ""max_dropout"": 1.0, ""max_units"": 64, ""momentum"": 0.5775144520267335, ""num_layers"": 5, ""weight_decay"": 0.021580797638472052}","{""time"": 1.5731048583984375, ""val_accuracy"": 56.42279052734375, ""val_cross_entropy"": 0.5319320559501648, ""val_balanced_accuracy"": 0.5650102496147156, ""test_cross_entropy"": 0.6944897174835205, ""test_balanced_accuracy"": 0.5514829754829407}"
2026-04-17T23:37:21.852780,cats,lcbench,126025,2,965,5.961503982543945,"{""OpenML_task_id"": ""168329"", ""batch_size"": 182, ""epoch"": 1, ""learning_rate"": 0.007724145104842132, ""max_dropout"": 0.5197006911285755, ""max_units"": 64, ""momentum"": 0.1, ""num_layers"": 3, ""weight_decay"": 0.03616345805765733}","{""time"": 5.961503982543945, ""val_accuracy"": 46.25675582885742, ""val_cross_entropy"": 0.6556640863418579, ""val_balanced_accuracy"": 0.49237099289894104, ""test_cross_entropy"": 0.6892729997634888, ""test_balanced_accuracy"": 0.5055742859840393}"
2026-04-17T23:37:21.853782,cats,lcbench,126025,2,966,6.181829929351807,"{""OpenML_task_id"": ""3945"", ""batch_size"": 75, ""epoch"": 1, ""learning_rate"": 0.06304773806578494, ""max_dropout"": 0.512779707449275, ""max_units"": 320, ""momentum"": 0.927402739680004, ""num_layers"": 2, ""weight_decay"": 0.022186191295924425}","{""time"": 6.181829929351807, ""val_accuracy"": 44.8918571472168, ""val_cross_entropy"": 0.6951913833618164, ""val_balanced_accuracy"": 0.482533723115921, ""test_cross_entropy"": 0.6924776434898376, ""test_balanced_accuracy"": 0.5012133717536926}"
2026-04-17T23:37:21.854285,cats,lcbench,126025,2,967,2.483694076538086,"{""OpenML_task_id"": ""34539"", ""batch_size"": 16, ""epoch"": 1, ""learning_rate"": 0.00010000000000000009, ""max_dropout"": 0.7384585467616466, ""max_units"": 130, ""momentum"": 0.1815762026981532, ""num_layers"": 5, ""weight_decay"": 0.07805734909012647}","{""time"": 2.483694076538086, ""val_accuracy"": 63.0175666809082, ""val_cross_entropy"": 0.5381746888160706, ""val_balanced_accuracy"": 0.5822999477386475, ""test_cross_entropy"": 0.6680246591567993, ""test_balanced_accuracy"": 0.5705952048301697}"
2026-04-17T23:37:21.855287,cats,lcbench,126025,2,968,42.796443939208984,"{""OpenML_task_id"": ""189865"", ""batch_size"": 97, ""epoch"": 9, ""learning_rate"": 0.00010000000000000009, ""max_dropout"": 0.3028628996972804, ""max_units"": 222, ""momentum"": 0.7889704898072167, ""num_layers"": 4, ""weight_decay"": 0.08667001765348986}","{""time"": 42.796443939208984, ""val_accuracy"": 56.33794403076172, ""val_cross_entropy"": 0.6479695439338684, ""val_balanced_accuracy"": 0.587144672870636, ""test_cross_entropy"": 0.6843481063842773, ""test_balanced_accuracy"": 0.5898396968841553}"
2026-04-17T23:37:21.856295,cats,lcbench,126025,2,969,27.81146240234375,"{""OpenML_task_id"": ""167200"", ""batch_size"": 16, ""epoch"": 5, ""learning_rate"": 0.009982112257073128, ""max_dropout"": 0.17375657432882305, ""max_units"": 432, ""momentum"": 0.7307667724429441, ""num_layers"": 5, ""weight_decay"": 0.03363138927160473}","{""time"": 27.81146240234375, ""val_accuracy"": 83.30322265625, ""val_cross_entropy"": 0.34417814016342163, ""val_balanced_accuracy"": 0.8141425251960754, ""test_cross_entropy"": 0.5082114338874817, ""test_balanced_accuracy"": 0.8011521100997925}"
2026-04-17T23:37:21.856295,cats,lcbench,126025,2,970,4.296505928039551,"{""OpenML_task_id"": ""3945"", ""batch_size"": 37, ""epoch"": 1, ""learning_rate"": 0.07653351188485547, ""max_dropout"": 0.41576518261697437, ""max_units"": 323, ""momentum"": 0.99, ""num_layers"": 3, ""weight_decay"": 0.015076066684468205}","{""time"": 4.296505928039551, ""val_accuracy"": 47.03791809082031, ""val_cross_entropy"": 0.5850841403007507, ""val_balanced_accuracy"": 0.5462194681167603, ""test_cross_entropy"": 0.6910220384597778, ""test_balanced_accuracy"": 0.55016028881073}"
2026-04-17T23:37:21.857290,cats,lcbench,126025,2,971,5.608702659606934,"{""OpenML_task_id"": ""189865"", ""batch_size"": 92, ""epoch"": 1, ""learning_rate"": 0.00010000000000000009, ""max_dropout"": 0.285907200994987, ""max_units"": 97, ""momentum"": 0.6863125477778822, ""num_layers"": 4, ""weight_decay"": 0.09327399700519119}","{""time"": 5.608702659606934, ""val_accuracy"": 45.94679641723633, ""val_cross_entropy"": 0.6047409176826477, ""val_balanced_accuracy"": 0.5157474875450134, ""test_cross_entropy"": 0.6764609217643738, ""test_balanced_accuracy"": 0.5111008286476135}"
2026-04-17T23:37:21.857792,cats,lcbench,126025,2,972,1.1101406812667847,"{""OpenML_task_id"": ""189873"", ""batch_size"": 79, ""epoch"": 1, ""learning_rate"": 0.09474452518710128, ""max_dropout"": 0.03563793198517702, ""max_units"": 64, ""momentum"": 0.3404180085229655, ""num_layers"": 5, ""weight_decay"": 0.07078698524280626}","{""time"": 1.1101406812667847, ""val_accuracy"": 59.525726318359375, ""val_cross_entropy"": 0.5839589238166809, ""val_balanced_accuracy"": 0.5635218024253845, ""test_cross_entropy"": 0.6828124523162842, ""test_balanced_accuracy"": 0.5563535094261169}"
2026-04-17T23:37:21.858795,cats,lcbench,126025,2,973,3.7889187335968018,"{""OpenML_task_id"": ""189873"", ""batch_size"": 16, ""epoch"": 1, ""learning_rate"": 0.09823823275452416, ""max_dropout"": 0.0, ""max_units"": 83, ""momentum"": 0.3317376289767562, ""num_layers"": 4, ""weight_decay"": 0.0689241282019336}","{""time"": 3.7889187335968018, ""val_accuracy"": 39.303226470947266, ""val_cross_entropy"": 0.691679060459137, ""val_balanced_accuracy"": 0.46257591247558594, ""test_cross_entropy"": 0.7035050392150879, ""test_balanced_accuracy"": 0.4595603942871094}"
2026-04-17T23:37:21.858795,cats,lcbench,126025,2,974,49.99748992919922,"{""OpenML_task_id"": ""167201"", ""batch_size"": 16, ""epoch"": 8, ""learning_rate"": 0.025671001330934647, ""max_dropout"": 0.10333588628670456, ""max_units"": 337, ""momentum"": 0.7122169049630561, ""num_layers"": 5, ""weight_decay"": 0.03286888909466225}","{""time"": 49.99748992919922, ""val_accuracy"": 81.77680206298828, ""val_cross_entropy"": 0.4114431142807007, ""val_balanced_accuracy"": 0.78685462474823, ""test_cross_entropy"": 0.5256145000457764, ""test_balanced_accuracy"": 0.7703796029090881}"
2026-04-17T23:37:21.859795,cats,lcbench,126025,2,975,5.752333164215088,"{""OpenML_task_id"": ""167185"", ""batch_size"": 46, ""epoch"": 6, ""learning_rate"": 0.07718837106757237, ""max_dropout"": 0.8870176053542718, ""max_units"": 89, ""momentum"": 0.449943173718067, ""num_layers"": 3, ""weight_decay"": 0.06217214393158406}","{""time"": 5.752333164215088, ""val_accuracy"": 72.14451599121094, ""val_cross_entropy"": 0.6395905613899231, ""val_balanced_accuracy"": 0.7483999133110046, ""test_cross_entropy"": 0.6021072864532471, ""test_balanced_accuracy"": 0.740013837814331}"
2026-04-17T23:37:21.860795,cats,lcbench,126025,2,976,15.859456062316895,"{""OpenML_task_id"": ""168331"", ""batch_size"": 118, ""epoch"": 6, ""learning_rate"": 0.09557412655678085, ""max_dropout"": 0.2150894044527045, ""max_units"": 203, ""momentum"": 0.37359058160300807, ""num_layers"": 5, ""weight_decay"": 0.06987242484774514}","{""time"": 15.859456062316895, ""val_accuracy"": 71.95953369140625, ""val_cross_entropy"": 0.56436687707901, ""val_balanced_accuracy"": 0.6060333847999573, ""test_cross_entropy"": 0.6548581719398499, ""test_balanced_accuracy"": 0.6062265038490295}"
2026-04-17T23:37:21.861297,cats,lcbench,126025,2,977,8.894075393676758,"{""OpenML_task_id"": ""168908"", ""batch_size"": 86, ""epoch"": 6, ""learning_rate"": 0.016305656520788237, ""max_dropout"": 0.47808615392599263, ""max_units"": 141, ""momentum"": 0.6035955035224749, ""num_layers"": 5, ""weight_decay"": 0.04302460348590621}","{""time"": 8.894075393676758, ""val_accuracy"": 82.6937484741211, ""val_cross_entropy"": 0.5267149806022644, ""val_balanced_accuracy"": 0.7255816459655762, ""test_cross_entropy"": 0.633937656879425, ""test_balanced_accuracy"": 0.7228686809539795}"
2026-04-17T23:37:21.861799,cats,lcbench,126025,2,978,12.7539701461792,"{""OpenML_task_id"": ""168908"", ""batch_size"": 16, ""epoch"": 10, ""learning_rate"": 0.02736562284112361, ""max_dropout"": 0.39106639423758494, ""max_units"": 87, ""momentum"": 0.5296305564651993, ""num_layers"": 4, ""weight_decay"": 0.03975907711930179}","{""time"": 12.7539701461792, ""val_accuracy"": 79.61898803710938, ""val_cross_entropy"": 0.4202403128147125, ""val_balanced_accuracy"": 0.7930094003677368, ""test_cross_entropy"": 0.5502963066101074, ""test_balanced_accuracy"": 0.7782795429229736}"
2026-04-17T23:37:21.862801,cats,lcbench,126025,2,979,6.225058555603027,"{""OpenML_task_id"": ""3945"", ""batch_size"": 42, ""epoch"": 1, ""learning_rate"": 0.08381573765839992, ""max_dropout"": 0.4186413692951698, ""max_units"": 266, ""momentum"": 0.99, ""num_layers"": 2, ""weight_decay"": 0.0016285119243807811}","{""time"": 6.225058555603027, ""val_accuracy"": 43.08816909790039, ""val_cross_entropy"": 0.8747482299804688, ""val_balanced_accuracy"": 0.5039251446723938, ""test_cross_entropy"": 0.6581636667251587, ""test_balanced_accuracy"": 0.5278199911117554}"
2026-04-17T23:37:21.862801,cats,lcbench,126025,2,980,5.776039123535156,"{""OpenML_task_id"": ""189873"", ""batch_size"": 16, ""epoch"": 4, ""learning_rate"": 0.08220454726143178, ""max_dropout"": 0.07915307063660293, ""max_units"": 64, ""momentum"": 0.28086341624502087, ""num_layers"": 4, ""weight_decay"": 0.04764621737853571}","{""time"": 5.776039123535156, ""val_accuracy"": 79.1076431274414, ""val_cross_entropy"": 0.4227959215641022, ""val_balanced_accuracy"": 0.7721154093742371, ""test_cross_entropy"": 0.5716877579689026, ""test_balanced_accuracy"": 0.7622413635253906}"
2026-04-17T23:37:21.863802,cats,lcbench,126025,2,981,4.187736988067627,"{""OpenML_task_id"": ""168329"", ""batch_size"": 164, ""epoch"": 1, ""learning_rate"": 0.0006807067826254908, ""max_dropout"": 0.5923553640097695, ""max_units"": 68, ""momentum"": 0.12972228626604987, ""num_layers"": 1, ""weight_decay"": 0.00853471736172742}","{""time"": 4.187736988067627, ""val_accuracy"": 53.32382583618164, ""val_cross_entropy"": 0.6882787942886353, ""val_balanced_accuracy"": 0.45494332909584045, ""test_cross_entropy"": 0.6966521739959717, ""test_balanced_accuracy"": 0.4564783573150635}"
2026-04-17T23:37:21.864304,cats,lcbench,126025,2,982,38.89052963256836,"{""OpenML_task_id"": ""167185"", ""batch_size"": 32, ""epoch"": 11, ""learning_rate"": 0.07149000581634782, ""max_dropout"": 0.9484341954929877, ""max_units"": 207, ""momentum"": 0.3836468450737046, ""num_layers"": 5, ""weight_decay"": 0.06518371379321504}","{""time"": 38.89052963256836, ""val_accuracy"": 79.10433197021484, ""val_cross_entropy"": 0.4171935021877289, ""val_balanced_accuracy"": 0.621174693107605, ""test_cross_entropy"": 0.6465240716934204, ""test_balanced_accuracy"": 0.6119421720504761}"
2026-04-17T23:37:21.864304,cats,lcbench,126025,2,983,1.4308688640594482,"{""OpenML_task_id"": ""189873"", ""batch_size"": 32, ""epoch"": 1, ""learning_rate"": 0.0899540836850808, ""max_dropout"": 0.06817200872833248, ""max_units"": 64, ""momentum"": 0.4499846322064381, ""num_layers"": 5, ""weight_decay"": 0.0663251299667198}","{""time"": 1.4308688640594482, ""val_accuracy"": 56.96660614013672, ""val_cross_entropy"": 0.59326171875, ""val_balanced_accuracy"": 0.5457539558410645, ""test_cross_entropy"": 0.692652702331543, ""test_balanced_accuracy"": 0.5364531874656677}"
2026-04-17T23:37:21.865805,cats,lcbench,126025,2,984,4.155664443969727,"{""OpenML_task_id"": ""3945"", ""batch_size"": 133, ""epoch"": 1, ""learning_rate"": 0.040432057476999336, ""max_dropout"": 0.9941129428293224, ""max_units"": 98, ""momentum"": 0.4866801804530904, ""num_layers"": 4, ""weight_decay"": 0.006665678393936513}","{""time"": 4.155664443969727, ""val_accuracy"": 33.5926399230957, ""val_cross_entropy"": 0.6931484937667847, ""val_balanced_accuracy"": 0.43363991379737854, ""test_cross_entropy"": 0.7158281803131104, ""test_balanced_accuracy"": 0.4319929778575897}"
2026-04-17T23:37:21.866317,cats,lcbench,126025,2,985,30.334060668945312,"{""OpenML_task_id"": ""3945"", ""batch_size"": 16, ""epoch"": 9, ""learning_rate"": 0.07518187124956796, ""max_dropout"": 0.4169266819589099, ""max_units"": 235, ""momentum"": 0.99, ""num_layers"": 3, ""weight_decay"": 0.0016698409634286811}","{""time"": 30.334060668945312, ""val_accuracy"": 85.09769439697266, ""val_cross_entropy"": 0.5384141206741333, ""val_balanced_accuracy"": 0.8424153327941895, ""test_cross_entropy"": 0.5073376893997192, ""test_balanced_accuracy"": 0.8222450017929077}"
2026-04-17T23:37:21.867319,cats,lcbench,126025,2,986,2.8866961002349854,"{""OpenML_task_id"": ""126029"", ""batch_size"": 91, ""epoch"": 2, ""learning_rate"": 0.09354941971536385, ""max_dropout"": 0.18268194348233374, ""max_units"": 64, ""momentum"": 0.3029249220478166, ""num_layers"": 5, ""weight_decay"": 0.0754326952274984}","{""time"": 2.8866961002349854, ""val_accuracy"": 60.56064987182617, ""val_cross_entropy"": 0.6141834259033203, ""val_balanced_accuracy"": 0.5737776160240173, ""test_cross_entropy"": 0.6864759922027588, ""test_balanced_accuracy"": 0.5686092376708984}"
2026-04-17T23:37:21.867319,cats,lcbench,126025,2,987,3.54906964302063,"{""OpenML_task_id"": ""168331"", ""batch_size"": 73, ""epoch"": 1, ""learning_rate"": 0.00806876310208505, ""max_dropout"": 0.7225376462417166, ""max_units"": 64, ""momentum"": 0.14565417926492757, ""num_layers"": 2, ""weight_decay"": 0.03577746101735195}","{""time"": 3.54906964302063, ""val_accuracy"": 49.26044464111328, ""val_cross_entropy"": 0.6874608397483826, ""val_balanced_accuracy"": 0.5013529658317566, ""test_cross_entropy"": 0.6975181698799133, ""test_balanced_accuracy"": 0.5151075124740601}"
2026-04-17T23:37:21.868319,cats,lcbench,126025,2,988,10.75429916381836,"{""OpenML_task_id"": ""34539"", ""batch_size"": 60, ""epoch"": 4, ""learning_rate"": 0.010148166492253722, ""max_dropout"": 0.7229938868335761, ""max_units"": 256, ""momentum"": 0.1, ""num_layers"": 5, ""weight_decay"": 0.09394305199938419}","{""time"": 10.75429916381836, ""val_accuracy"": 78.55223083496094, ""val_cross_entropy"": 0.584080159664154, ""val_balanced_accuracy"": 0.6198728084564209, ""test_cross_entropy"": 0.6779364347457886, ""test_balanced_accuracy"": 0.617694079875946}"
2026-04-17T23:37:21.868319,cats,lcbench,126025,2,989,12.203153610229492,"{""OpenML_task_id"": ""189865"", ""batch_size"": 174, ""epoch"": 2, ""learning_rate"": 0.012005848607371757, ""max_dropout"": 0.22041227296292387, ""max_units"": 334, ""momentum"": 0.6799410986257131, ""num_layers"": 4, ""weight_decay"": 0.08611360369510032}","{""time"": 12.203153610229492, ""val_accuracy"": 63.765384674072266, ""val_cross_entropy"": 0.6666788458824158, ""val_balanced_accuracy"": 0.6497859358787537, ""test_cross_entropy"": 0.6733783483505249, ""test_balanced_accuracy"": 0.6518564820289612}"
2026-04-17T23:37:21.869320,cats,lcbench,126025,2,990,2.738882303237915,"{""OpenML_task_id"": ""34539"", ""batch_size"": 39, ""epoch"": 1, ""learning_rate"": 0.0010144073340404122, ""max_dropout"": 0.5758263586387089, ""max_units"": 64, ""momentum"": 0.1, ""num_layers"": 5, ""weight_decay"": 0.09070638194991676}","{""time"": 2.738882303237915, ""val_accuracy"": 64.1895523071289, ""val_cross_entropy"": 0.543270468711853, ""val_balanced_accuracy"": 0.5820523500442505, ""test_cross_entropy"": 0.6681195497512817, ""test_balanced_accuracy"": 0.5696893930435181}"
2026-04-17T23:37:21.870319,cats,lcbench,126025,2,991,15.130147933959961,"{""OpenML_task_id"": ""189865"", ""batch_size"": 135, ""epoch"": 4, ""learning_rate"": 0.01112653844046611, ""max_dropout"": 0.26454030894389724, ""max_units"": 358, ""momentum"": 0.9409698513928878, ""num_layers"": 3, ""weight_decay"": 0.09740899996847494}","{""time"": 15.130147933959961, ""val_accuracy"": 78.33633422851562, ""val_cross_entropy"": 0.45849230885505676, ""val_balanced_accuracy"": 0.8017956614494324, ""test_cross_entropy"": 0.5667011141777039, ""test_balanced_accuracy"": 0.8023051023483276}"
2026-04-17T23:37:21.870319,cats,lcbench,126025,2,992,10.2118501663208,"{""OpenML_task_id"": ""34539"", ""batch_size"": 26, ""epoch"": 3, ""learning_rate"": 0.011842259406507119, ""max_dropout"": 0.5342255174767812, ""max_units"": 276, ""momentum"": 0.23291443314515273, ""num_layers"": 5, ""weight_decay"": 0.09187173224525981}","{""time"": 10.2118501663208, ""val_accuracy"": 77.15538787841797, ""val_cross_entropy"": 0.6005216240882874, ""val_balanced_accuracy"": 0.5896113514900208, ""test_cross_entropy"": 0.6798492670059204, ""test_balanced_accuracy"": 0.5866230130195618}"
2026-04-17T23:37:21.870319,cats,lcbench,126025,2,993,15.059029579162598,"{""OpenML_task_id"": ""167104"", ""batch_size"": 216, ""epoch"": 9, ""learning_rate"": 0.08745992476822512, ""max_dropout"": 0.19759429034320644, ""max_units"": 90, ""momentum"": 0.42636675227358045, ""num_layers"": 5, ""weight_decay"": 0.058159015765571836}","{""time"": 15.059029579162598, ""val_accuracy"": 73.03963470458984, ""val_cross_entropy"": 0.5390625, ""val_balanced_accuracy"": 0.6006008386611938, ""test_cross_entropy"": 0.6616467237472534, ""test_balanced_accuracy"": 0.6002744436264038}"
2026-04-17T23:37:21.871822,cats,lcbench,126025,2,994,2.803027868270874,"{""OpenML_task_id"": ""189865"", ""batch_size"": 77, ""epoch"": 1, ""learning_rate"": 0.047445741352550475, ""max_dropout"": 0.9622682851651815, ""max_units"": 219, ""momentum"": 0.647631184696704, ""num_layers"": 5, ""weight_decay"": 0.0029405200866748377}","{""time"": 2.803027868270874, ""val_accuracy"": 53.06753158569336, ""val_cross_entropy"": 0.5222377777099609, ""val_balanced_accuracy"": 0.5410629510879517, ""test_cross_entropy"": 0.6937323808670044, ""test_balanced_accuracy"": 0.530259907245636}"
2026-04-17T23:37:21.872827,cats,lcbench,126025,2,995,6.951577663421631,"{""OpenML_task_id"": ""168329"", ""batch_size"": 183, ""epoch"": 1, ""learning_rate"": 0.0019342238857916981, ""max_dropout"": 0.7426899032005021, ""max_units"": 203, ""momentum"": 0.15602378757391744, ""num_layers"": 3, ""weight_decay"": 0.031215756485540924}","{""time"": 6.951577663421631, ""val_accuracy"": 46.40902328491211, ""val_cross_entropy"": 0.6451939940452576, ""val_balanced_accuracy"": 0.4868500828742981, ""test_cross_entropy"": 0.6850306987762451, ""test_balanced_accuracy"": 0.49705588817596436}"
2026-04-17T23:37:21.872827,cats,lcbench,126025,2,996,34.05590057373047,"{""OpenML_task_id"": ""189865"", ""batch_size"": 151, ""epoch"": 5, ""learning_rate"": 0.00010000000000000009, ""max_dropout"": 0.2941170547859817, ""max_units"": 206, ""momentum"": 0.8858828079728378, ""num_layers"": 4, ""weight_decay"": 0.1}","{""time"": 34.05590057373047, ""val_accuracy"": 45.65989685058594, ""val_cross_entropy"": 0.6500400900840759, ""val_balanced_accuracy"": 0.5317355394363403, ""test_cross_entropy"": 0.6854033470153809, ""test_balanced_accuracy"": 0.5338197946548462}"
2026-04-17T23:37:21.872827,cats,lcbench,126025,2,997,8.58031940460205,"{""OpenML_task_id"": ""189906"", ""batch_size"": 79, ""epoch"": 8, ""learning_rate"": 0.01795824545580178, ""max_dropout"": 0.518537901385469, ""max_units"": 119, ""momentum"": 0.5917161100002825, ""num_layers"": 4, ""weight_decay"": 0.028960516836039486}","{""time"": 8.58031940460205, ""val_accuracy"": 77.80918884277344, ""val_cross_entropy"": 0.39080190658569336, ""val_balanced_accuracy"": 0.8147328495979309, ""test_cross_entropy"": 0.5413123369216919, ""test_balanced_accuracy"": 0.801028311252594}"
2026-04-17T23:37:21.874330,cats,lcbench,126025,2,998,3.6634163856506348,"{""OpenML_task_id"": ""168329"", ""batch_size"": 117, ""epoch"": 1, ""learning_rate"": 0.013383526921938125, ""max_dropout"": 0.6269343484531517, ""max_units"": 64, ""momentum"": 0.26827077941179533, ""num_layers"": 2, ""weight_decay"": 0.01730364005647698}","{""time"": 3.6634163856506348, ""val_accuracy"": 48.50061798095703, ""val_cross_entropy"": 0.6939110159873962, ""val_balanced_accuracy"": 0.5019567012786865, ""test_cross_entropy"": 0.6965124607086182, ""test_balanced_accuracy"": 0.5164089798927307}"
2026-04-17T23:37:21.875336,cats,lcbench,126025,2,999,16.470233917236328,"{""OpenML_task_id"": ""167201"", ""batch_size"": 16, ""epoch"": 4, ""learning_rate"": 0.026418962208942933, ""max_dropout"": 0.05997599185491112, ""max_units"": 275, ""momentum"": 0.750169611774327, ""num_layers"": 5, ""weight_decay"": 0.012174647168371824}","{""time"": 16.470233917236328, ""val_accuracy"": 79.8824462890625, ""val_cross_entropy"": 0.3175491690635681, ""val_balanced_accuracy"": 0.7882696390151978, ""test_cross_entropy"": 0.4941139817237854, ""test_balanced_accuracy"": 0.7604929208755493}"
