timestamp,optimizer,bench,instance,seed,trial_id,score,cfg_json,out_json
2026-04-15T23:14:33.341058,random,lcbench,167201,2,0,85.6764144897461,"{""OpenML_task_id"": ""167200"", ""batch_size"": 509, ""epoch"": 27, ""learning_rate"": 0.004678409173335505, ""max_dropout"": 0.6530460868058963, ""max_units"": 99, ""momentum"": 0.3073742857611663, ""num_layers"": 4, ""weight_decay"": 0.020718888136044177}","{""time"": 85.6764144897461, ""val_accuracy"": 35.53135299682617, ""val_cross_entropy"": 1.0994449853897095, ""val_balanced_accuracy"": 0.3362760841846466, ""test_cross_entropy"": 1.1071034669876099, ""test_balanced_accuracy"": 0.3408544659614563}"
2026-04-15T23:14:33.349290,random,lcbench,167201,2,1,41.616722106933594,"{""OpenML_task_id"": ""189354"", ""batch_size"": 301, ""epoch"": 15, ""learning_rate"": 0.0028217422230500345, ""max_dropout"": 0.2608774668650463, ""max_units"": 81, ""momentum"": 0.397537944045123, ""num_layers"": 2, ""weight_decay"": 0.05325631011543017}","{""time"": 41.616722106933594, ""val_accuracy"": 41.83319854736328, ""val_cross_entropy"": 1.051213026046753, ""val_balanced_accuracy"": 0.40344125032424927, ""test_cross_entropy"": 1.1020869016647339, ""test_balanced_accuracy"": 0.3995373547077179}"
2026-04-15T23:14:33.399388,random,lcbench,167201,2,2,140.81517028808594,"{""OpenML_task_id"": ""167181"", ""batch_size"": 32, ""epoch"": 38, ""learning_rate"": 0.00068200773455379, ""max_dropout"": 0.35516393489846654, ""max_units"": 192, ""momentum"": 0.14451692984811637, ""num_layers"": 3, ""weight_decay"": 0.03860765855312168}","{""time"": 140.81517028808594, ""val_accuracy"": 60.30337905883789, ""val_cross_entropy"": 1.0510640144348145, ""val_balanced_accuracy"": 0.36976614594459534, ""test_cross_entropy"": 1.092716932296753, ""test_balanced_accuracy"": 0.367080420255661}"
2026-04-15T23:14:33.407404,random,lcbench,167201,2,3,148.8640594482422,"{""OpenML_task_id"": ""168910"", ""batch_size"": 18, ""epoch"": 29, ""learning_rate"": 0.00029332254925599403, ""max_dropout"": 0.3851272467727377, ""max_units"": 450, ""momentum"": 0.3152429742080384, ""num_layers"": 2, ""weight_decay"": 0.0031938576138812276}","{""time"": 148.8640594482422, ""val_accuracy"": 51.83238983154297, ""val_cross_entropy"": 1.0070092678070068, ""val_balanced_accuracy"": 0.43001508712768555, ""test_cross_entropy"": 1.059112548828125, ""test_balanced_accuracy"": 0.42867451906204224}"
2026-04-15T23:14:33.407404,random,lcbench,167201,2,4,47.75796890258789,"{""OpenML_task_id"": ""146212"", ""batch_size"": 115, ""epoch"": 26, ""learning_rate"": 0.0011747367139007805, ""max_dropout"": 0.9933878452513701, ""max_units"": 225, ""momentum"": 0.46153619770949483, ""num_layers"": 1, ""weight_decay"": 0.02386932160905374}","{""time"": 47.75796890258789, ""val_accuracy"": 45.1583366394043, ""val_cross_entropy"": 1.017122745513916, ""val_balanced_accuracy"": 0.41014406085014343, ""test_cross_entropy"": 1.088037133216858, ""test_balanced_accuracy"": 0.40816730260849}"
2026-04-15T23:14:33.407404,random,lcbench,167201,2,5,128.1268768310547,"{""OpenML_task_id"": ""168910"", ""batch_size"": 92, ""epoch"": 31, ""learning_rate"": 0.00012052533983853823, ""max_dropout"": 0.1319798259094873, ""max_units"": 124, ""momentum"": 0.2781656377143864, ""num_layers"": 5, ""weight_decay"": 0.09225710023472199}","{""time"": 128.1268768310547, ""val_accuracy"": 28.1204833984375, ""val_cross_entropy"": 1.0066527128219604, ""val_balanced_accuracy"": 0.3808407485485077, ""test_cross_entropy"": 1.0705504417419434, ""test_balanced_accuracy"": 0.3733285963535309}"
2026-04-15T23:14:33.407404,random,lcbench,167201,2,6,56.00068664550781,"{""OpenML_task_id"": ""168330"", ""batch_size"": 53, ""epoch"": 18, ""learning_rate"": 0.001145997993546913, ""max_dropout"": 0.8193650574432753, ""max_units"": 139, ""momentum"": 0.7099021109972916, ""num_layers"": 5, ""weight_decay"": 0.022975539903108647}","{""time"": 56.00068664550781, ""val_accuracy"": 61.15110778808594, ""val_cross_entropy"": 0.930629551410675, ""val_balanced_accuracy"": 0.3547193109989166, ""test_cross_entropy"": 1.0806485414505005, ""test_balanced_accuracy"": 0.35428386926651}"
2026-04-15T23:14:33.407404,random,lcbench,167201,2,7,234.40505981445312,"{""OpenML_task_id"": ""167152"", ""batch_size"": 151, ""epoch"": 49, ""learning_rate"": 0.0010175633992023751, ""max_dropout"": 0.10974979033376275, ""max_units"": 235, ""momentum"": 0.12064861055824201, ""num_layers"": 5, ""weight_decay"": 0.08928806182366306}","{""time"": 234.40505981445312, ""val_accuracy"": 53.760093688964844, ""val_cross_entropy"": 0.9756132960319519, ""val_balanced_accuracy"": 0.3753513693809509, ""test_cross_entropy"": 1.0658857822418213, ""test_balanced_accuracy"": 0.3734888732433319}"
2026-04-15T23:14:33.415978,random,lcbench,167201,2,8,355.34613037109375,"{""OpenML_task_id"": ""168868"", ""batch_size"": 38, ""epoch"": 50, ""learning_rate"": 0.0036359590498221167, ""max_dropout"": 0.4347856518668066, ""max_units"": 269, ""momentum"": 0.13479322322779852, ""num_layers"": 5, ""weight_decay"": 0.067582633932239}","{""time"": 355.34613037109375, ""val_accuracy"": 78.75220489501953, ""val_cross_entropy"": 0.9785029292106628, ""val_balanced_accuracy"": 0.37456467747688293, ""test_cross_entropy"": 1.0587694644927979, ""test_balanced_accuracy"": 0.3708970248699188}"
2026-04-15T23:14:33.417424,random,lcbench,167201,2,9,59.48686218261719,"{""OpenML_task_id"": ""3945"", ""batch_size"": 83, ""epoch"": 40, ""learning_rate"": 0.0029989120479295126, ""max_dropout"": 0.7554070495229049, ""max_units"": 544, ""momentum"": 0.9625775896925506, ""num_layers"": 1, ""weight_decay"": 0.02454132646266985}","{""time"": 59.48686218261719, ""val_accuracy"": 46.29629898071289, ""val_cross_entropy"": 1.0392826795578003, ""val_balanced_accuracy"": 0.4330109655857086, ""test_cross_entropy"": 1.0925965309143066, ""test_balanced_accuracy"": 0.43229466676712036}"
2026-04-15T23:14:33.417424,random,lcbench,167201,2,10,3.371971845626831,"{""OpenML_task_id"": ""167201"", ""batch_size"": 29, ""epoch"": 1, ""learning_rate"": 0.007137823770238936, ""max_dropout"": 0.30433553793342205, ""max_units"": 128, ""momentum"": 0.19525146032740417, ""num_layers"": 5, ""weight_decay"": 0.05945812605364393}","{""time"": 3.371971845626831, ""val_accuracy"": 28.21934700012207, ""val_cross_entropy"": 0.9379285573959351, ""val_balanced_accuracy"": 0.359164297580719, ""test_cross_entropy"": 1.0961803197860718, ""test_balanced_accuracy"": 0.35058271884918213}"
2026-04-15T23:14:33.427464,random,lcbench,167201,2,11,14.77734661102295,"{""OpenML_task_id"": ""189865"", ""batch_size"": 419, ""epoch"": 3, ""learning_rate"": 0.00015854950983121337, ""max_dropout"": 0.5550563601337262, ""max_units"": 332, ""momentum"": 0.10766788685689535, ""num_layers"": 2, ""weight_decay"": 0.040764231159097705}","{""time"": 14.77734661102295, ""val_accuracy"": 33.51271057128906, ""val_cross_entropy"": 1.0728529691696167, ""val_balanced_accuracy"": 0.32940542697906494, ""test_cross_entropy"": 1.1162109375, ""test_balanced_accuracy"": 0.32669612765312195}"
2026-04-15T23:14:33.432094,random,lcbench,167201,2,12,88.81816101074219,"{""OpenML_task_id"": ""167200"", ""batch_size"": 393, ""epoch"": 36, ""learning_rate"": 0.0021495823244225705, ""max_dropout"": 0.04104660614256095, ""max_units"": 728, ""momentum"": 0.21362417872085832, ""num_layers"": 1, ""weight_decay"": 0.012551668187651842}","{""time"": 88.81816101074219, ""val_accuracy"": 43.91379165649414, ""val_cross_entropy"": 1.063787579536438, ""val_balanced_accuracy"": 0.38657626509666443, ""test_cross_entropy"": 1.1075407266616821, ""test_balanced_accuracy"": 0.3853645324707031}"
2026-04-15T23:14:33.432094,random,lcbench,167201,2,13,50.42977523803711,"{""OpenML_task_id"": ""189905"", ""batch_size"": 47, ""epoch"": 17, ""learning_rate"": 0.041158208128123895, ""max_dropout"": 0.14947242352999757, ""max_units"": 271, ""momentum"": 0.24083244606367848, ""num_layers"": 2, ""weight_decay"": 0.044449605880330506}","{""time"": 50.42977523803711, ""val_accuracy"": 52.68207931518555, ""val_cross_entropy"": 1.039146065711975, ""val_balanced_accuracy"": 0.43427807092666626, ""test_cross_entropy"": 1.0812419652938843, ""test_balanced_accuracy"": 0.43691763281822205}"
2026-04-15T23:14:33.432094,random,lcbench,167201,2,14,71.0567855834961,"{""OpenML_task_id"": ""167168"", ""batch_size"": 98, ""epoch"": 25, ""learning_rate"": 0.08300045632713597, ""max_dropout"": 0.9773560720017876, ""max_units"": 64, ""momentum"": 0.1573817597244578, ""num_layers"": 5, ""weight_decay"": 0.0919623196786536}","{""time"": 71.0567855834961, ""val_accuracy"": 59.51062774658203, ""val_cross_entropy"": 0.9444403648376465, ""val_balanced_accuracy"": 0.38500306010246277, ""test_cross_entropy"": 1.0754790306091309, ""test_balanced_accuracy"": 0.3699897825717926}"
2026-04-15T23:14:33.432094,random,lcbench,167201,2,15,104.50595092773438,"{""OpenML_task_id"": ""167184"", ""batch_size"": 61, ""epoch"": 39, ""learning_rate"": 0.049888582527407084, ""max_dropout"": 0.10092649283714172, ""max_units"": 370, ""momentum"": 0.6795110265121881, ""num_layers"": 2, ""weight_decay"": 0.01018176247955665}","{""time"": 104.50595092773438, ""val_accuracy"": 57.015411376953125, ""val_cross_entropy"": 0.8546033501625061, ""val_balanced_accuracy"": 0.5459955334663391, ""test_cross_entropy"": 0.995445728302002, ""test_balanced_accuracy"": 0.5466551184654236}"
2026-04-15T23:14:33.432094,random,lcbench,167201,2,16,224.59356689453125,"{""OpenML_task_id"": ""167149"", ""batch_size"": 70, ""epoch"": 46, ""learning_rate"": 0.00021170593885397107, ""max_dropout"": 0.8823752866898866, ""max_units"": 534, ""momentum"": 0.8495034260106117, ""num_layers"": 3, ""weight_decay"": 0.04368736383738938}","{""time"": 224.59356689453125, ""val_accuracy"": 52.14613723754883, ""val_cross_entropy"": 1.072816014289856, ""val_balanced_accuracy"": 0.37950000166893005, ""test_cross_entropy"": 1.104252815246582, ""test_balanced_accuracy"": 0.3815321624279022}"
2026-04-15T23:14:33.432094,random,lcbench,167201,2,17,383.6552734375,"{""OpenML_task_id"": ""126029"", ""batch_size"": 49, ""epoch"": 32, ""learning_rate"": 0.020574112280351484, ""max_dropout"": 0.7859503976658416, ""max_units"": 577, ""momentum"": 0.31111333755283854, ""num_layers"": 4, ""weight_decay"": 0.06188300180895862}","{""time"": 383.6552734375, ""val_accuracy"": 58.87443923950195, ""val_cross_entropy"": 1.053078055381775, ""val_balanced_accuracy"": 0.32636603713035583, ""test_cross_entropy"": 1.101982831954956, ""test_balanced_accuracy"": 0.32690057158470154}"
2026-04-15T23:14:33.440640,random,lcbench,167201,2,18,297.0683898925781,"{""OpenML_task_id"": ""189865"", ""batch_size"": 136, ""epoch"": 47, ""learning_rate"": 0.0006060202774122122, ""max_dropout"": 0.2589738120195877, ""max_units"": 529, ""momentum"": 0.8320760559682768, ""num_layers"": 4, ""weight_decay"": 0.07274552801211598}","{""time"": 297.0683898925781, ""val_accuracy"": 57.182804107666016, ""val_cross_entropy"": 1.0662764310836792, ""val_balanced_accuracy"": 0.3468262553215027, ""test_cross_entropy"": 1.11298406124115, ""test_balanced_accuracy"": 0.34645071625709534}"
2026-04-15T23:14:33.440640,random,lcbench,167201,2,19,33.03514862060547,"{""OpenML_task_id"": ""167152"", ""batch_size"": 20, ""epoch"": 4, ""learning_rate"": 0.002350060196032053, ""max_dropout"": 0.5649289411130964, ""max_units"": 619, ""momentum"": 0.5029904441752542, ""num_layers"": 3, ""weight_decay"": 0.07036751521445841}","{""time"": 33.03514862060547, ""val_accuracy"": 56.73639678955078, ""val_cross_entropy"": 1.0584852695465088, ""val_balanced_accuracy"": 0.3598884344100952, ""test_cross_entropy"": 1.0916447639465332, ""test_balanced_accuracy"": 0.360310822725296}"
2026-04-15T23:14:33.440640,random,lcbench,167201,2,20,67.19271087646484,"{""OpenML_task_id"": ""168910"", ""batch_size"": 53, ""epoch"": 44, ""learning_rate"": 0.0007701165335049163, ""max_dropout"": 0.885718115895831, ""max_units"": 273, ""momentum"": 0.7466948684777299, ""num_layers"": 1, ""weight_decay"": 0.02769647306982577}","{""time"": 67.19271087646484, ""val_accuracy"": 45.75797653198242, ""val_cross_entropy"": 1.0193248987197876, ""val_balanced_accuracy"": 0.42505550384521484, ""test_cross_entropy"": 1.0868836641311646, ""test_balanced_accuracy"": 0.42230069637298584}"
2026-04-15T23:14:33.448817,random,lcbench,167201,2,21,370.24462890625,"{""OpenML_task_id"": ""189905"", ""batch_size"": 18, ""epoch"": 45, ""learning_rate"": 0.0006596111240876784, ""max_dropout"": 0.3005081793704424, ""max_units"": 389, ""momentum"": 0.9491371135946797, ""num_layers"": 4, ""weight_decay"": 0.027130682585321145}","{""time"": 370.24462890625, ""val_accuracy"": 65.80972290039062, ""val_cross_entropy"": 1.0095391273498535, ""val_balanced_accuracy"": 0.33306974172592163, ""test_cross_entropy"": 1.0899229049682617, ""test_balanced_accuracy"": 0.3367863893508911}"
2026-04-15T23:14:33.448817,random,lcbench,167201,2,22,275.6744384765625,"{""OpenML_task_id"": ""167161"", ""batch_size"": 36, ""epoch"": 36, ""learning_rate"": 0.0020324353036991405, ""max_dropout"": 0.013067867280649237, ""max_units"": 511, ""momentum"": 0.5982609964781853, ""num_layers"": 5, ""weight_decay"": 0.018904804666154892}","{""time"": 275.6744384765625, ""val_accuracy"": 72.10572052001953, ""val_cross_entropy"": 0.9011161923408508, ""val_balanced_accuracy"": 0.39232558012008667, ""test_cross_entropy"": 1.0446749925613403, ""test_balanced_accuracy"": 0.3921796977519989}"
2026-04-15T23:14:33.448817,random,lcbench,167201,2,23,60.400238037109375,"{""OpenML_task_id"": ""168868"", ""batch_size"": 256, ""epoch"": 28, ""learning_rate"": 0.00034859350403198706, ""max_dropout"": 0.09325393909638724, ""max_units"": 94, ""momentum"": 0.11384691602681639, ""num_layers"": 1, ""weight_decay"": 0.013872160736058582}","{""time"": 60.400238037109375, ""val_accuracy"": 41.65723419189453, ""val_cross_entropy"": 1.0143564939498901, ""val_balanced_accuracy"": 0.3724701404571533, ""test_cross_entropy"": 1.1008901596069336, ""test_balanced_accuracy"": 0.37311434745788574}"
2026-04-15T23:14:33.448817,random,lcbench,167201,2,24,25.520347595214844,"{""OpenML_task_id"": ""189909"", ""batch_size"": 48, ""epoch"": 5, ""learning_rate"": 0.0006042466424968928, ""max_dropout"": 0.45239585259897164, ""max_units"": 505, ""momentum"": 0.7156123844479261, ""num_layers"": 2, ""weight_decay"": 0.03830755094099428}","{""time"": 25.520347595214844, ""val_accuracy"": 47.12862014770508, ""val_cross_entropy"": 1.0393093824386597, ""val_balanced_accuracy"": 0.4142124652862549, ""test_cross_entropy"": 1.0876740217208862, ""test_balanced_accuracy"": 0.41357141733169556}"
2026-04-15T23:14:33.448817,random,lcbench,167201,2,25,87.07228088378906,"{""OpenML_task_id"": ""189354"", ""batch_size"": 116, ""epoch"": 50, ""learning_rate"": 0.01097392755173856, ""max_dropout"": 0.399064705402739, ""max_units"": 628, ""momentum"": 0.4222702636885355, ""num_layers"": 1, ""weight_decay"": 0.07928810476315062}","{""time"": 87.07228088378906, ""val_accuracy"": 44.822383880615234, ""val_cross_entropy"": 1.068302869796753, ""val_balanced_accuracy"": 0.4173051416873932, ""test_cross_entropy"": 1.1024768352508545, ""test_balanced_accuracy"": 0.41971904039382935}"
2026-04-15T23:14:33.448817,random,lcbench,167201,2,26,65.54444885253906,"{""OpenML_task_id"": ""167161"", ""batch_size"": 435, ""epoch"": 11, ""learning_rate"": 0.0011466303386344716, ""max_dropout"": 0.004379348969900332, ""max_units"": 138, ""momentum"": 0.9869814868250417, ""num_layers"": 5, ""weight_decay"": 0.09639397310287322}","{""time"": 65.54444885253906, ""val_accuracy"": 29.950546264648438, ""val_cross_entropy"": 0.9671552181243896, ""val_balanced_accuracy"": 0.34627169370651245, ""test_cross_entropy"": 1.1122088432312012, ""test_balanced_accuracy"": 0.345321923494339}"
2026-04-15T23:14:33.448817,random,lcbench,167201,2,27,153.3277587890625,"{""OpenML_task_id"": ""167200"", ""batch_size"": 20, ""epoch"": 44, ""learning_rate"": 0.0667870043586784, ""max_dropout"": 0.29741007106104433, ""max_units"": 162, ""momentum"": 0.4635189344739775, ""num_layers"": 3, ""weight_decay"": 0.00523745425167569}","{""time"": 153.3277587890625, ""val_accuracy"": 64.0696792602539, ""val_cross_entropy"": 0.7974498867988586, ""val_balanced_accuracy"": 0.6127936244010925, ""test_cross_entropy"": 0.928499698638916, ""test_balanced_accuracy"": 0.6047793626785278}"
2026-04-15T23:14:33.457004,random,lcbench,167201,2,28,99.34919738769531,"{""OpenML_task_id"": ""167201"", ""batch_size"": 20, ""epoch"": 28, ""learning_rate"": 0.0003950033159244929, ""max_dropout"": 0.7603936939537803, ""max_units"": 66, ""momentum"": 0.8987194988082389, ""num_layers"": 3, ""weight_decay"": 0.023938529694192873}","{""time"": 99.34919738769531, ""val_accuracy"": 61.071266174316406, ""val_cross_entropy"": 1.0075753927230835, ""val_balanced_accuracy"": 0.36643335223197937, ""test_cross_entropy"": 1.0805602073669434, ""test_balanced_accuracy"": 0.36917629837989807}"
2026-04-15T23:14:33.457004,random,lcbench,167201,2,29,163.36097717285156,"{""OpenML_task_id"": ""168335"", ""batch_size"": 291, ""epoch"": 45, ""learning_rate"": 0.0008175998411406924, ""max_dropout"": 0.8747936613479966, ""max_units"": 739, ""momentum"": 0.9109160696253072, ""num_layers"": 2, ""weight_decay"": 0.08598862541807287}","{""time"": 163.36097717285156, ""val_accuracy"": 45.776222229003906, ""val_cross_entropy"": 1.0049067735671997, ""val_balanced_accuracy"": 0.4239034056663513, ""test_cross_entropy"": 1.0965298414230347, ""test_balanced_accuracy"": 0.41763079166412354}"
2026-04-15T23:14:33.457004,random,lcbench,167201,2,30,44.977394104003906,"{""OpenML_task_id"": ""34539"", ""batch_size"": 54, ""epoch"": 8, ""learning_rate"": 0.005344060542786135, ""max_dropout"": 0.5337809918354306, ""max_units"": 226, ""momentum"": 0.9349367113114677, ""num_layers"": 5, ""weight_decay"": 0.06291141213129073}","{""time"": 44.977394104003906, ""val_accuracy"": 52.97196578979492, ""val_cross_entropy"": 0.9339394569396973, ""val_balanced_accuracy"": 0.3608644902706146, ""test_cross_entropy"": 1.0815824270248413, ""test_balanced_accuracy"": 0.357822060585022}"
2026-04-15T23:14:33.457004,random,lcbench,167201,2,31,538.2015991210938,"{""OpenML_task_id"": ""167184"", ""batch_size"": 18, ""epoch"": 52, ""learning_rate"": 0.0019231350518774538, ""max_dropout"": 0.4722876738235092, ""max_units"": 497, ""momentum"": 0.7464199707052996, ""num_layers"": 5, ""weight_decay"": 0.027912221425220554}","{""time"": 538.2015991210938, ""val_accuracy"": 74.35417175292969, ""val_cross_entropy"": 0.932826578617096, ""val_balanced_accuracy"": 0.36345967650413513, ""test_cross_entropy"": 1.0590060949325562, ""test_balanced_accuracy"": 0.3612453043460846}"
2026-04-15T23:14:33.465877,random,lcbench,167201,2,32,92.17604064941406,"{""OpenML_task_id"": ""189909"", ""batch_size"": 441, ""epoch"": 9, ""learning_rate"": 0.08418718157554249, ""max_dropout"": 0.384921115891801, ""max_units"": 655, ""momentum"": 0.8264987108112792, ""num_layers"": 3, ""weight_decay"": 0.07082390278777513}","{""time"": 92.17604064941406, ""val_accuracy"": 44.7220458984375, ""val_cross_entropy"": 1.0775635242462158, ""val_balanced_accuracy"": 0.3548634648323059, ""test_cross_entropy"": 1.0998948812484741, ""test_balanced_accuracy"": 0.3509192168712616}"
2026-04-15T23:14:33.467454,random,lcbench,167201,2,33,101.60684967041016,"{""OpenML_task_id"": ""167152"", ""batch_size"": 20, ""epoch"": 24, ""learning_rate"": 0.0004125582145305772, ""max_dropout"": 0.784716789678757, ""max_units"": 139, ""momentum"": 0.4339336885670574, ""num_layers"": 4, ""weight_decay"": 0.060682991333423815}","{""time"": 101.60684967041016, ""val_accuracy"": 67.2238998413086, ""val_cross_entropy"": 0.9743750691413879, ""val_balanced_accuracy"": 0.34405961632728577, ""test_cross_entropy"": 1.088961124420166, ""test_balanced_accuracy"": 0.34508687257766724}"
2026-04-15T23:14:33.467454,random,lcbench,167201,2,34,54.82793426513672,"{""OpenML_task_id"": ""168335"", ""batch_size"": 56, ""epoch"": 7, ""learning_rate"": 0.04729297248417482, ""max_dropout"": 0.5500283457044594, ""max_units"": 393, ""momentum"": 0.49595914064709157, ""num_layers"": 5, ""weight_decay"": 0.04108343920576677}","{""time"": 54.82793426513672, ""val_accuracy"": 49.553802490234375, ""val_cross_entropy"": 0.9801984429359436, ""val_balanced_accuracy"": 0.34679317474365234, ""test_cross_entropy"": 1.0919772386550903, ""test_balanced_accuracy"": 0.34412723779678345}"
2026-04-15T23:14:33.467454,random,lcbench,167201,2,35,32.199859619140625,"{""OpenML_task_id"": ""167152"", ""batch_size"": 252, ""epoch"": 12, ""learning_rate"": 0.000436837240079442, ""max_dropout"": 0.4939117561800719, ""max_units"": 170, ""momentum"": 0.2134865846139284, ""num_layers"": 1, ""weight_decay"": 0.035244321071941774}","{""time"": 32.199859619140625, ""val_accuracy"": 41.01742172241211, ""val_cross_entropy"": 1.0369623899459839, ""val_balanced_accuracy"": 0.3544934093952179, ""test_cross_entropy"": 1.0969314575195312, ""test_balanced_accuracy"": 0.35241901874542236}"
2026-04-15T23:14:33.467454,random,lcbench,167201,2,36,30.22808074951172,"{""OpenML_task_id"": ""167185"", ""batch_size"": 182, ""epoch"": 11, ""learning_rate"": 0.04074369710519782, ""max_dropout"": 0.06326347869665583, ""max_units"": 475, ""momentum"": 0.6903264532780884, ""num_layers"": 2, ""weight_decay"": 0.006412134580999601}","{""time"": 30.22808074951172, ""val_accuracy"": 54.424102783203125, ""val_cross_entropy"": 0.923219621181488, ""val_balanced_accuracy"": 0.5078213214874268, ""test_cross_entropy"": 1.0109163522720337, ""test_balanced_accuracy"": 0.5117846727371216}"
2026-04-15T23:14:33.473614,random,lcbench,167201,2,37,96.46404266357422,"{""OpenML_task_id"": ""168329"", ""batch_size"": 26, ""epoch"": 44, ""learning_rate"": 0.01728156203354673, ""max_dropout"": 0.3960351816635642, ""max_units"": 75, ""momentum"": 0.23899873073719935, ""num_layers"": 4, ""weight_decay"": 0.01934913188441333}","{""time"": 96.46404266357422, ""val_accuracy"": 67.83273315429688, ""val_cross_entropy"": 1.0414621829986572, ""val_balanced_accuracy"": 0.3459185063838959, ""test_cross_entropy"": 1.085966944694519, ""test_balanced_accuracy"": 0.34485262632369995}"
2026-04-15T23:14:33.475193,random,lcbench,167201,2,38,250.61578369140625,"{""OpenML_task_id"": ""167181"", ""batch_size"": 27, ""epoch"": 25, ""learning_rate"": 0.004032197012877069, ""max_dropout"": 0.13954172568077117, ""max_units"": 980, ""momentum"": 0.23343091026736895, ""num_layers"": 3, ""weight_decay"": 0.030993409379922187}","{""time"": 250.61578369140625, ""val_accuracy"": 56.010406494140625, ""val_cross_entropy"": 1.0186302661895752, ""val_balanced_accuracy"": 0.42430463433265686, ""test_cross_entropy"": 1.0870256423950195, ""test_balanced_accuracy"": 0.4222370684146881}"
2026-04-15T23:14:33.475193,random,lcbench,167201,2,39,160.1383514404297,"{""OpenML_task_id"": ""146212"", ""batch_size"": 448, ""epoch"": 27, ""learning_rate"": 0.0010958149565073424, ""max_dropout"": 0.6709083259736575, ""max_units"": 755, ""momentum"": 0.12764277485990705, ""num_layers"": 3, ""weight_decay"": 0.05417144306783301}","{""time"": 160.1383514404297, ""val_accuracy"": 37.98704528808594, ""val_cross_entropy"": 1.050593376159668, ""val_balanced_accuracy"": 0.3939475119113922, ""test_cross_entropy"": 1.1014559268951416, ""test_balanced_accuracy"": 0.39456337690353394}"
2026-04-15T23:14:33.475193,random,lcbench,167201,2,40,72.87239074707031,"{""OpenML_task_id"": ""167149"", ""batch_size"": 298, ""epoch"": 31, ""learning_rate"": 0.000630368037369505, ""max_dropout"": 0.2131883320029645, ""max_units"": 597, ""momentum"": 0.20531174143473135, ""num_layers"": 1, ""weight_decay"": 0.040792805831319015}","{""time"": 72.87239074707031, ""val_accuracy"": 42.86716842651367, ""val_cross_entropy"": 1.0290766954421997, ""val_balanced_accuracy"": 0.38361912965774536, ""test_cross_entropy"": 1.1051613092422485, ""test_balanced_accuracy"": 0.38233569264411926}"
2026-04-15T23:14:33.475193,random,lcbench,167201,2,41,35.400169372558594,"{""OpenML_task_id"": ""189909"", ""batch_size"": 30, ""epoch"": 11, ""learning_rate"": 0.007161575696630884, ""max_dropout"": 0.6672355392196343, ""max_units"": 620, ""momentum"": 0.8709052449728112, ""num_layers"": 2, ""weight_decay"": 0.012229896208823624}","{""time"": 35.400169372558594, ""val_accuracy"": 55.30351638793945, ""val_cross_entropy"": 0.9739702343940735, ""val_balanced_accuracy"": 0.47668376564979553, ""test_cross_entropy"": 1.0491541624069214, ""test_balanced_accuracy"": 0.47953900694847107}"
2026-04-15T23:14:33.482281,random,lcbench,167201,2,42,46.02464294433594,"{""OpenML_task_id"": ""167185"", ""batch_size"": 62, ""epoch"": 34, ""learning_rate"": 0.013028934915513357, ""max_dropout"": 0.3314752976042208, ""max_units"": 137, ""momentum"": 0.8305246631363199, ""num_layers"": 1, ""weight_decay"": 0.01860453022765361}","{""time"": 46.02464294433594, ""val_accuracy"": 44.728782653808594, ""val_cross_entropy"": 1.058985710144043, ""val_balanced_accuracy"": 0.41755831241607666, ""test_cross_entropy"": 1.085351824760437, ""test_balanced_accuracy"": 0.4182964563369751}"
2026-04-15T23:14:33.482281,random,lcbench,167201,2,43,30.225292205810547,"{""OpenML_task_id"": ""167190"", ""batch_size"": 237, ""epoch"": 4, ""learning_rate"": 0.0002644372163389816, ""max_dropout"": 0.10785335437139021, ""max_units"": 763, ""momentum"": 0.5983102507787814, ""num_layers"": 3, ""weight_decay"": 0.06607838153795526}","{""time"": 30.225292205810547, ""val_accuracy"": 32.96873474121094, ""val_cross_entropy"": 1.0365513563156128, ""val_balanced_accuracy"": 0.3531457185745239, ""test_cross_entropy"": 1.1206083297729492, ""test_balanced_accuracy"": 0.35710614919662476}"
2026-04-15T23:14:33.482281,random,lcbench,167201,2,44,64.47907257080078,"{""OpenML_task_id"": ""126029"", ""batch_size"": 49, ""epoch"": 39, ""learning_rate"": 0.027281275039748625, ""max_dropout"": 0.14268466108467126, ""max_units"": 356, ""momentum"": 0.22254507727739303, ""num_layers"": 1, ""weight_decay"": 0.09398725340631257}","{""time"": 64.47907257080078, ""val_accuracy"": 45.473819732666016, ""val_cross_entropy"": 1.0412217378616333, ""val_balanced_accuracy"": 0.4259791374206543, ""test_cross_entropy"": 1.0875918865203857, ""test_balanced_accuracy"": 0.42810502648353577}"
2026-04-15T23:14:33.482281,random,lcbench,167201,2,45,171.39730834960938,"{""OpenML_task_id"": ""126026"", ""batch_size"": 22, ""epoch"": 40, ""learning_rate"": 0.0006478636536306551, ""max_dropout"": 0.646602719128905, ""max_units"": 150, ""momentum"": 0.7293506589485177, ""num_layers"": 4, ""weight_decay"": 0.015004296219309678}","{""time"": 171.39730834960938, ""val_accuracy"": 63.99310302734375, ""val_cross_entropy"": 1.0182048082351685, ""val_balanced_accuracy"": 0.3405405879020691, ""test_cross_entropy"": 1.0942556858062744, ""test_balanced_accuracy"": 0.3418864905834198}"
2026-04-15T23:14:33.482281,random,lcbench,167201,2,46,33.499507904052734,"{""OpenML_task_id"": ""189905"", ""batch_size"": 348, ""epoch"": 11, ""learning_rate"": 0.0007119557486908547, ""max_dropout"": 0.1413026969302682, ""max_units"": 260, ""momentum"": 0.15917112674873696, ""num_layers"": 1, ""weight_decay"": 0.03965380876397943}","{""time"": 33.499507904052734, ""val_accuracy"": 41.24028778076172, ""val_cross_entropy"": 1.0205271244049072, ""val_balanced_accuracy"": 0.3636302649974823, ""test_cross_entropy"": 1.103766918182373, ""test_balanced_accuracy"": 0.36388838291168213}"
2026-04-15T23:14:33.490064,random,lcbench,167201,2,47,125.42021942138672,"{""OpenML_task_id"": ""189909"", ""batch_size"": 303, ""epoch"": 51, ""learning_rate"": 0.06204972240044483, ""max_dropout"": 0.06174817995566961, ""max_units"": 348, ""momentum"": 0.937437627680815, ""num_layers"": 2, ""weight_decay"": 0.032966673273494985}","{""time"": 125.42021942138672, ""val_accuracy"": 55.413536071777344, ""val_cross_entropy"": 0.9435617923736572, ""val_balanced_accuracy"": 0.4903784692287445, ""test_cross_entropy"": 1.0626951456069946, ""test_balanced_accuracy"": 0.4893730878829956}"
2026-04-15T23:14:33.490064,random,lcbench,167201,2,48,118.57616424560547,"{""OpenML_task_id"": ""167104"", ""batch_size"": 43, ""epoch"": 31, ""learning_rate"": 0.027100040136669678, ""max_dropout"": 0.5965474758906913, ""max_units"": 344, ""momentum"": 0.4123684123207624, ""num_layers"": 3, ""weight_decay"": 0.019401527879499995}","{""time"": 118.57616424560547, ""val_accuracy"": 55.44832229614258, ""val_cross_entropy"": 0.976516604423523, ""val_balanced_accuracy"": 0.44354507327079773, ""test_cross_entropy"": 1.0539443492889404, ""test_balanced_accuracy"": 0.4456557631492615}"
2026-04-15T23:14:33.490064,random,lcbench,167201,2,49,97.555908203125,"{""OpenML_task_id"": ""168331"", ""batch_size"": 54, ""epoch"": 31, ""learning_rate"": 0.0008161708245054295, ""max_dropout"": 0.9347538520751242, ""max_units"": 101, ""momentum"": 0.1972880629504758, ""num_layers"": 4, ""weight_decay"": 0.060034421942034094}","{""time"": 97.555908203125, ""val_accuracy"": 61.10552215576172, ""val_cross_entropy"": 1.0202363729476929, ""val_balanced_accuracy"": 0.3413918912410736, ""test_cross_entropy"": 1.0920305252075195, ""test_balanced_accuracy"": 0.3415150046348572}"
2026-04-15T23:14:33.490064,random,lcbench,167201,2,50,73.53197479248047,"{""OpenML_task_id"": ""168335"", ""batch_size"": 86, ""epoch"": 29, ""learning_rate"": 0.0002327851020605628, ""max_dropout"": 0.7556416792320306, ""max_units"": 220, ""momentum"": 0.934067303029821, ""num_layers"": 2, ""weight_decay"": 0.03756040404454227}","{""time"": 73.53197479248047, ""val_accuracy"": 47.70744705200195, ""val_cross_entropy"": 1.0082926750183105, ""val_balanced_accuracy"": 0.42671099305152893, ""test_cross_entropy"": 1.0890532732009888, ""test_balanced_accuracy"": 0.42336446046829224}"
2026-04-15T23:14:33.490064,random,lcbench,167201,2,51,8.958221435546875,"{""OpenML_task_id"": ""189866"", ""batch_size"": 217, ""epoch"": 3, ""learning_rate"": 0.025518730854388116, ""max_dropout"": 0.5464921747958116, ""max_units"": 129, ""momentum"": 0.15440020918444097, ""num_layers"": 5, ""weight_decay"": 0.026925863600964012}","{""time"": 8.958221435546875, ""val_accuracy"": 43.50138473510742, ""val_cross_entropy"": 0.9485825896263123, ""val_balanced_accuracy"": 0.3603149652481079, ""test_cross_entropy"": 1.0891644954681396, ""test_balanced_accuracy"": 0.35735008120536804}"
2026-04-15T23:14:33.490064,random,lcbench,167201,2,52,75.68224334716797,"{""OpenML_task_id"": ""167104"", ""batch_size"": 27, ""epoch"": 9, ""learning_rate"": 0.004522263376811522, ""max_dropout"": 0.2461567276083675, ""max_units"": 715, ""momentum"": 0.6037086005286458, ""num_layers"": 3, ""weight_decay"": 0.03696380512496387}","{""time"": 75.68224334716797, ""val_accuracy"": 54.805152893066406, ""val_cross_entropy"": 1.0538498163223267, ""val_balanced_accuracy"": 0.3977929949760437, ""test_cross_entropy"": 1.089578628540039, ""test_balanced_accuracy"": 0.39849695563316345}"
2026-04-15T23:14:33.498423,random,lcbench,167201,2,53,380.61114501953125,"{""OpenML_task_id"": ""189906"", ""batch_size"": 26, ""epoch"": 41, ""learning_rate"": 0.003330924933482041, ""max_dropout"": 0.7764709497480299, ""max_units"": 352, ""momentum"": 0.4237354052060127, ""num_layers"": 5, ""weight_decay"": 0.09417108342996208}","{""time"": 380.61114501953125, ""val_accuracy"": 75.67317199707031, ""val_cross_entropy"": 0.9818477034568787, ""val_balanced_accuracy"": 0.369948148727417, ""test_cross_entropy"": 1.0636662244796753, ""test_balanced_accuracy"": 0.3630862236022949}"
2026-04-15T23:14:33.498423,random,lcbench,167201,2,54,64.07048797607422,"{""OpenML_task_id"": ""168330"", ""batch_size"": 447, ""epoch"": 35, ""learning_rate"": 0.04213721454292056, ""max_dropout"": 0.17127143186978877, ""max_units"": 705, ""momentum"": 0.7309142841180414, ""num_layers"": 1, ""weight_decay"": 0.021508028537765535}","{""time"": 64.07048797607422, ""val_accuracy"": 45.90667724609375, ""val_cross_entropy"": 1.116998314857483, ""val_balanced_accuracy"": 0.40698257088661194, ""test_cross_entropy"": 1.0771799087524414, ""test_balanced_accuracy"": 0.40922123193740845}"
2026-04-15T23:14:33.498423,random,lcbench,167201,2,55,18.825496673583984,"{""OpenML_task_id"": ""168329"", ""batch_size"": 100, ""epoch"": 5, ""learning_rate"": 0.0034018045466040463, ""max_dropout"": 0.3570055102093901, ""max_units"": 125, ""momentum"": 0.13193196191693038, ""num_layers"": 3, ""weight_decay"": 0.09079959052875733}","{""time"": 18.825496673583984, ""val_accuracy"": 46.33843994140625, ""val_cross_entropy"": 1.075655221939087, ""val_balanced_accuracy"": 0.35413658618927, ""test_cross_entropy"": 1.1062471866607666, ""test_balanced_accuracy"": 0.35356763005256653}"
2026-04-15T23:14:33.498423,random,lcbench,167201,2,56,86.50054931640625,"{""OpenML_task_id"": ""168330"", ""batch_size"": 195, ""epoch"": 6, ""learning_rate"": 0.09388781457382657, ""max_dropout"": 0.18023025344205612, ""max_units"": 426, ""momentum"": 0.8086580077910294, ""num_layers"": 5, ""weight_decay"": 0.0645866787999016}","{""time"": 86.50054931640625, ""val_accuracy"": 39.59154510498047, ""val_cross_entropy"": 0.9363809823989868, ""val_balanced_accuracy"": 0.3552779257297516, ""test_cross_entropy"": 1.0954734086990356, ""test_balanced_accuracy"": 0.353486031293869}"
2026-04-15T23:14:33.498423,random,lcbench,167201,2,57,59.898231506347656,"{""OpenML_task_id"": ""189873"", ""batch_size"": 27, ""epoch"": 8, ""learning_rate"": 0.0006775303936569818, ""max_dropout"": 0.6681886216445792, ""max_units"": 768, ""momentum"": 0.2742902920689254, ""num_layers"": 3, ""weight_decay"": 0.0815260186503024}","{""time"": 59.898231506347656, ""val_accuracy"": 54.332000732421875, ""val_cross_entropy"": 1.0524861812591553, ""val_balanced_accuracy"": 0.370256632566452, ""test_cross_entropy"": 1.0946708917617798, ""test_balanced_accuracy"": 0.36880189180374146}"
2026-04-15T23:14:33.498423,random,lcbench,167201,2,58,128.48526000976562,"{""OpenML_task_id"": ""189866"", ""batch_size"": 51, ""epoch"": 34, ""learning_rate"": 0.009329169106267042, ""max_dropout"": 0.6955384939878914, ""max_units"": 252, ""momentum"": 0.6666394950427654, ""num_layers"": 5, ""weight_decay"": 0.029582134312619312}","{""time"": 128.48526000976562, ""val_accuracy"": 66.76439666748047, ""val_cross_entropy"": 0.9708021283149719, ""val_balanced_accuracy"": 0.3503320515155792, ""test_cross_entropy"": 1.0864285230636597, ""test_balanced_accuracy"": 0.3484627306461334}"
2026-04-15T23:14:33.507067,random,lcbench,167201,2,59,178.24136352539062,"{""OpenML_task_id"": ""167185"", ""batch_size"": 359, ""epoch"": 45, ""learning_rate"": 0.02700637926268147, ""max_dropout"": 0.6360633250088208, ""max_units"": 66, ""momentum"": 0.42123353790231244, ""num_layers"": 5, ""weight_decay"": 0.06954714197483713}","{""time"": 178.24136352539062, ""val_accuracy"": 56.71962356567383, ""val_cross_entropy"": 0.9503623843193054, ""val_balanced_accuracy"": 0.36305299401283264, ""test_cross_entropy"": 1.0889145135879517, ""test_balanced_accuracy"": 0.35953304171562195}"
2026-04-15T23:14:33.507067,random,lcbench,167201,2,60,95.70823669433594,"{""OpenML_task_id"": ""189862"", ""batch_size"": 425, ""epoch"": 47, ""learning_rate"": 0.00019704035542365237, ""max_dropout"": 0.21644813381334715, ""max_units"": 512, ""momentum"": 0.6697676064276117, ""num_layers"": 1, ""weight_decay"": 0.034152073778646236}","{""time"": 95.70823669433594, ""val_accuracy"": 42.65470504760742, ""val_cross_entropy"": 1.0723382234573364, ""val_balanced_accuracy"": 0.3828830122947693, ""test_cross_entropy"": 1.1063001155853271, ""test_balanced_accuracy"": 0.3804878890514374}"
2026-04-15T23:14:33.507067,random,lcbench,167201,2,61,36.00397872924805,"{""OpenML_task_id"": ""3945"", ""batch_size"": 136, ""epoch"": 6, ""learning_rate"": 0.08702381649336598, ""max_dropout"": 0.583957521519031, ""max_units"": 81, ""momentum"": 0.6056678042695587, ""num_layers"": 3, ""weight_decay"": 0.09895107886265413}","{""time"": 36.00397872924805, ""val_accuracy"": 36.58121871948242, ""val_cross_entropy"": 1.105063796043396, ""val_balanced_accuracy"": 0.2999585270881653, ""test_cross_entropy"": 1.118408203125, ""test_balanced_accuracy"": 0.2985851466655731}"
2026-04-15T23:14:33.507067,random,lcbench,167201,2,62,42.13267517089844,"{""OpenML_task_id"": ""167149"", ""batch_size"": 79, ""epoch"": 12, ""learning_rate"": 0.00014339753731987807, ""max_dropout"": 0.8032768930366555, ""max_units"": 123, ""momentum"": 0.8891454910035205, ""num_layers"": 3, ""weight_decay"": 0.0857033787521053}","{""time"": 42.13267517089844, ""val_accuracy"": 47.12250900268555, ""val_cross_entropy"": 1.038733959197998, ""val_balanced_accuracy"": 0.353091835975647, ""test_cross_entropy"": 1.1086931228637695, ""test_balanced_accuracy"": 0.3572205901145935}"
2026-04-15T23:14:33.507067,random,lcbench,167201,2,63,158.76898193359375,"{""OpenML_task_id"": ""3945"", ""batch_size"": 79, ""epoch"": 47, ""learning_rate"": 0.020527805302077217, ""max_dropout"": 0.8390261288710005, ""max_units"": 176, ""momentum"": 0.5201091094303519, ""num_layers"": 3, ""weight_decay"": 0.0920002624800898}","{""time"": 158.76898193359375, ""val_accuracy"": 57.66339874267578, ""val_cross_entropy"": 1.0276997089385986, ""val_balanced_accuracy"": 0.34403863549232483, ""test_cross_entropy"": 1.0855364799499512, ""test_balanced_accuracy"": 0.34158796072006226}"
2026-04-15T23:14:33.507067,random,lcbench,167201,2,64,18.26491928100586,"{""OpenML_task_id"": ""189862"", ""batch_size"": 25, ""epoch"": 4, ""learning_rate"": 0.0004705318518468904, ""max_dropout"": 0.9537385847968954, ""max_units"": 137, ""momentum"": 0.22267539688550997, ""num_layers"": 1, ""weight_decay"": 0.047140175779383044}","{""time"": 18.26491928100586, ""val_accuracy"": 44.7223014831543, ""val_cross_entropy"": 1.0034290552139282, ""val_balanced_accuracy"": 0.3880137801170349, ""test_cross_entropy"": 1.0929443836212158, ""test_balanced_accuracy"": 0.3813880980014801}"
2026-04-15T23:14:33.515251,random,lcbench,167201,2,65,250.41497802734375,"{""OpenML_task_id"": ""168331"", ""batch_size"": 30, ""epoch"": 31, ""learning_rate"": 0.015847220550549643, ""max_dropout"": 0.1841551019109091, ""max_units"": 634, ""momentum"": 0.578289390447567, ""num_layers"": 3, ""weight_decay"": 0.026683332674137698}","{""time"": 250.41497802734375, ""val_accuracy"": 57.288150787353516, ""val_cross_entropy"": 1.007202386856079, ""val_balanced_accuracy"": 0.4410648047924042, ""test_cross_entropy"": 1.060747504234314, ""test_balanced_accuracy"": 0.4413601756095886}"
2026-04-15T23:14:33.517617,random,lcbench,167201,2,66,124.3381118774414,"{""OpenML_task_id"": ""189905"", ""batch_size"": 114, ""epoch"": 49, ""learning_rate"": 0.0016691820027820161, ""max_dropout"": 0.3618113597732543, ""max_units"": 238, ""momentum"": 0.9549239503573422, ""num_layers"": 2, ""weight_decay"": 0.06480164291003569}","{""time"": 124.3381118774414, ""val_accuracy"": 51.206443786621094, ""val_cross_entropy"": 1.0174823999404907, ""val_balanced_accuracy"": 0.4309650957584381, ""test_cross_entropy"": 1.095945954322815, ""test_balanced_accuracy"": 0.43037527799606323}"
2026-04-15T23:14:33.517617,random,lcbench,167201,2,67,46.806941986083984,"{""OpenML_task_id"": ""168910"", ""batch_size"": 55, ""epoch"": 31, ""learning_rate"": 0.0019703700388970565, ""max_dropout"": 0.04907222198709238, ""max_units"": 237, ""momentum"": 0.9014443000516766, ""num_layers"": 1, ""weight_decay"": 0.03779607914679375}","{""time"": 46.806941986083984, ""val_accuracy"": 46.064292907714844, ""val_cross_entropy"": 1.0500015020370483, ""val_balanced_accuracy"": 0.4325751066207886, ""test_cross_entropy"": 1.096804141998291, ""test_balanced_accuracy"": 0.42886999249458313}"
2026-04-15T23:14:33.517617,random,lcbench,167201,2,68,46.87805938720703,"{""OpenML_task_id"": ""189862"", ""batch_size"": 64, ""epoch"": 31, ""learning_rate"": 0.07351177091337471, ""max_dropout"": 0.41195633861585623, ""max_units"": 117, ""momentum"": 0.5887066697274086, ""num_layers"": 1, ""weight_decay"": 0.05048901532591643}","{""time"": 46.87805938720703, ""val_accuracy"": 42.0146369934082, ""val_cross_entropy"": 1.0525633096694946, ""val_balanced_accuracy"": 0.3908877372741699, ""test_cross_entropy"": 1.0927549600601196, ""test_balanced_accuracy"": 0.39520809054374695}"
2026-04-15T23:14:33.517617,random,lcbench,167201,2,69,103.48241424560547,"{""OpenML_task_id"": ""189906"", ""batch_size"": 222, ""epoch"": 41, ""learning_rate"": 0.0003900717318892269, ""max_dropout"": 0.7876456678954442, ""max_units"": 914, ""momentum"": 0.3209774797523976, ""num_layers"": 1, ""weight_decay"": 0.04349387777230674}","{""time"": 103.48241424560547, ""val_accuracy"": 44.05733871459961, ""val_cross_entropy"": 1.0419174432754517, ""val_balanced_accuracy"": 0.3883010447025299, ""test_cross_entropy"": 1.1009446382522583, ""test_balanced_accuracy"": 0.38389652967453003}"
2026-04-15T23:14:33.523733,random,lcbench,167201,2,70,80.04275512695312,"{""OpenML_task_id"": ""168329"", ""batch_size"": 75, ""epoch"": 25, ""learning_rate"": 0.0004986621811517503, ""max_dropout"": 0.33551095704095923, ""max_units"": 261, ""momentum"": 0.6887638951296375, ""num_layers"": 2, ""weight_decay"": 0.0017343440036961396}","{""time"": 80.04275512695312, ""val_accuracy"": 48.02104187011719, ""val_cross_entropy"": 1.032999038696289, ""val_balanced_accuracy"": 0.44862881302833557, ""test_cross_entropy"": 1.0651551485061646, ""test_balanced_accuracy"": 0.44468438625335693}"
2026-04-15T23:14:33.523733,random,lcbench,167201,2,71,64.87091827392578,"{""OpenML_task_id"": ""168908"", ""batch_size"": 314, ""epoch"": 8, ""learning_rate"": 0.014304009458476262, ""max_dropout"": 0.23579304299457926, ""max_units"": 957, ""momentum"": 0.7400219006817195, ""num_layers"": 3, ""weight_decay"": 0.08640840126491375}","{""time"": 64.87091827392578, ""val_accuracy"": 47.669334411621094, ""val_cross_entropy"": 1.0954805612564087, ""val_balanced_accuracy"": 0.36504095792770386, ""test_cross_entropy"": 1.1075778007507324, ""test_balanced_accuracy"": 0.36257827281951904}"
2026-04-15T23:14:33.523733,random,lcbench,167201,2,72,105.7902603149414,"{""OpenML_task_id"": ""168330"", ""batch_size"": 211, ""epoch"": 50, ""learning_rate"": 0.0037549001347877238, ""max_dropout"": 0.0013672185915325485, ""max_units"": 77, ""momentum"": 0.610689738398301, ""num_layers"": 2, ""weight_decay"": 0.04099377775122562}","{""time"": 105.7902603149414, ""val_accuracy"": 47.48874282836914, ""val_cross_entropy"": 1.0311554670333862, ""val_balanced_accuracy"": 0.4110274314880371, ""test_cross_entropy"": 1.0984781980514526, ""test_balanced_accuracy"": 0.40981876850128174}"
2026-04-15T23:14:33.523733,random,lcbench,167201,2,73,613.9757690429688,"{""OpenML_task_id"": ""167152"", ""batch_size"": 53, ""epoch"": 51, ""learning_rate"": 0.0001641991995882202, ""max_dropout"": 0.7782935715846646, ""max_units"": 625, ""momentum"": 0.23629585608375597, ""num_layers"": 5, ""weight_decay"": 0.05949795997696293}","{""time"": 613.9757690429688, ""val_accuracy"": 47.02562713623047, ""val_cross_entropy"": 1.0253536701202393, ""val_balanced_accuracy"": 0.3466847240924835, ""test_cross_entropy"": 1.0760327577590942, ""test_balanced_accuracy"": 0.34171631932258606}"
2026-04-15T23:14:33.527961,random,lcbench,167201,2,74,152.9888916015625,"{""OpenML_task_id"": ""167152"", ""batch_size"": 65, ""epoch"": 47, ""learning_rate"": 0.0003456490405086437, ""max_dropout"": 0.4530072069768074, ""max_units"": 66, ""momentum"": 0.6371098298430862, ""num_layers"": 4, ""weight_decay"": 0.0353244260069859}","{""time"": 152.9888916015625, ""val_accuracy"": 54.32070541381836, ""val_cross_entropy"": 1.0377670526504517, ""val_balanced_accuracy"": 0.3405795693397522, ""test_cross_entropy"": 1.1053946018218994, ""test_balanced_accuracy"": 0.34440892934799194}"
2026-04-15T23:14:33.527961,random,lcbench,167201,2,75,30.01333236694336,"{""OpenML_task_id"": ""146212"", ""batch_size"": 366, ""epoch"": 7, ""learning_rate"": 0.0005771330897020696, ""max_dropout"": 0.9774579383724816, ""max_units"": 247, ""momentum"": 0.1519027201209735, ""num_layers"": 2, ""weight_decay"": 0.018773556377518052}","{""time"": 30.01333236694336, ""val_accuracy"": 37.92963409423828, ""val_cross_entropy"": 1.0779272317886353, ""val_balanced_accuracy"": 0.35563793778419495, ""test_cross_entropy"": 1.1071771383285522, ""test_balanced_accuracy"": 0.35327035188674927}"
2026-04-15T23:14:33.527961,random,lcbench,167201,2,76,74.33100128173828,"{""OpenML_task_id"": ""167185"", ""batch_size"": 23, ""epoch"": 42, ""learning_rate"": 0.07957586134246371, ""max_dropout"": 0.1675285647735959, ""max_units"": 87, ""momentum"": 0.13313113170295543, ""num_layers"": 1, ""weight_decay"": 0.0213893081934521}","{""time"": 74.33100128173828, ""val_accuracy"": 44.64959716796875, ""val_cross_entropy"": 1.0216832160949707, ""val_balanced_accuracy"": 0.40816730260849, ""test_cross_entropy"": 1.0727801322937012, ""test_balanced_accuracy"": 0.4147453010082245}"
2026-04-15T23:14:33.532118,random,lcbench,167201,2,77,74.57782745361328,"{""OpenML_task_id"": ""189862"", ""batch_size"": 19, ""epoch"": 20, ""learning_rate"": 0.0006918448222835865, ""max_dropout"": 0.34213120074155245, ""max_units"": 135, ""momentum"": 0.3101979642795262, ""num_layers"": 3, ""weight_decay"": 0.0375767824473929}","{""time"": 74.57782745361328, ""val_accuracy"": 61.79292297363281, ""val_cross_entropy"": 1.0417417287826538, ""val_balanced_accuracy"": 0.3574911952018738, ""test_cross_entropy"": 1.0894335508346558, ""test_balanced_accuracy"": 0.3552880883216858}"
2026-04-15T23:14:33.532118,random,lcbench,167201,2,78,45.71925354003906,"{""OpenML_task_id"": ""3945"", ""batch_size"": 461, ""epoch"": 11, ""learning_rate"": 0.00031733991910246854, ""max_dropout"": 0.10159343680669874, ""max_units"": 615, ""momentum"": 0.2654588044972017, ""num_layers"": 1, ""weight_decay"": 0.04500547361168043}","{""time"": 45.71925354003906, ""val_accuracy"": 40.24617385864258, ""val_cross_entropy"": 1.0773929357528687, ""val_balanced_accuracy"": 0.3557926416397095, ""test_cross_entropy"": 1.111184000968933, ""test_balanced_accuracy"": 0.35480862855911255}"
2026-04-15T23:14:33.532118,random,lcbench,167201,2,79,85.96089172363281,"{""OpenML_task_id"": ""167201"", ""batch_size"": 288, ""epoch"": 38, ""learning_rate"": 0.007561758798157771, ""max_dropout"": 0.43066067910296935, ""max_units"": 384, ""momentum"": 0.935006126565328, ""num_layers"": 2, ""weight_decay"": 0.03167253725165977}","{""time"": 85.96089172363281, ""val_accuracy"": 49.90713119506836, ""val_cross_entropy"": 0.9822690486907959, ""val_balanced_accuracy"": 0.4585263729095459, ""test_cross_entropy"": 1.0814404487609863, ""test_balanced_accuracy"": 0.4573349952697754}"
2026-04-15T23:14:33.532118,random,lcbench,167201,2,80,12.68703556060791,"{""OpenML_task_id"": ""167184"", ""batch_size"": 512, ""epoch"": 2, ""learning_rate"": 0.015374272613536888, ""max_dropout"": 0.17698557137985593, ""max_units"": 733, ""momentum"": 0.5574260622459585, ""num_layers"": 3, ""weight_decay"": 0.09608201712552406}","{""time"": 12.68703556060791, ""val_accuracy"": 43.93482208251953, ""val_cross_entropy"": 1.026545763015747, ""val_balanced_accuracy"": 0.38973087072372437, ""test_cross_entropy"": 1.1104743480682373, ""test_balanced_accuracy"": 0.39107418060302734}"
2026-04-15T23:14:33.532118,random,lcbench,167201,2,81,43.676353454589844,"{""OpenML_task_id"": ""168868"", ""batch_size"": 390, ""epoch"": 28, ""learning_rate"": 0.05230644596230075, ""max_dropout"": 0.4569679973370292, ""max_units"": 123, ""momentum"": 0.6236497495314055, ""num_layers"": 1, ""weight_decay"": 0.042847671347085885}","{""time"": 43.676353454589844, ""val_accuracy"": 43.937503814697266, ""val_cross_entropy"": 1.111639380455017, ""val_balanced_accuracy"": 0.4010804295539856, ""test_cross_entropy"": 1.0957834720611572, ""test_balanced_accuracy"": 0.4045447111129761}"
2026-04-15T23:14:33.540305,random,lcbench,167201,2,82,22.417652130126953,"{""OpenML_task_id"": ""167201"", ""batch_size"": 199, ""epoch"": 4, ""learning_rate"": 0.0024809123590140334, ""max_dropout"": 0.7454059059913222, ""max_units"": 691, ""momentum"": 0.2762076608456244, ""num_layers"": 1, ""weight_decay"": 0.05175298049211118}","{""time"": 22.417652130126953, ""val_accuracy"": 43.167137145996094, ""val_cross_entropy"": 1.0248974561691284, ""val_balanced_accuracy"": 0.38683220744132996, ""test_cross_entropy"": 1.102439045906067, ""test_balanced_accuracy"": 0.38066643476486206}"
2026-04-15T23:14:33.540305,random,lcbench,167201,2,83,76.41015625,"{""OpenML_task_id"": ""168910"", ""batch_size"": 40, ""epoch"": 17, ""learning_rate"": 0.00183897737495804, ""max_dropout"": 0.2522614121303667, ""max_units"": 369, ""momentum"": 0.539987726652686, ""num_layers"": 5, ""weight_decay"": 0.004806855949386212}","{""time"": 76.41015625, ""val_accuracy"": 67.60346984863281, ""val_cross_entropy"": 0.8943371772766113, ""val_balanced_accuracy"": 0.44899776577949524, ""test_cross_entropy"": 1.0397415161132812, ""test_balanced_accuracy"": 0.44872209429740906}"
2026-04-15T23:14:33.540305,random,lcbench,167201,2,84,33.80071258544922,"{""OpenML_task_id"": ""189862"", ""batch_size"": 37, ""epoch"": 19, ""learning_rate"": 0.001209740041438943, ""max_dropout"": 0.6489684296854653, ""max_units"": 118, ""momentum"": 0.9047099294435017, ""num_layers"": 1, ""weight_decay"": 0.001743142185110782}","{""time"": 33.80071258544922, ""val_accuracy"": 45.667999267578125, ""val_cross_entropy"": 1.0403811931610107, ""val_balanced_accuracy"": 0.418864905834198, ""test_cross_entropy"": 1.0842950344085693, ""test_balanced_accuracy"": 0.41565045714378357}"
2026-04-15T23:14:33.540305,random,lcbench,167201,2,85,143.36984252929688,"{""OpenML_task_id"": ""189905"", ""batch_size"": 34, ""epoch"": 47, ""learning_rate"": 0.0018860966146950523, ""max_dropout"": 0.28478247648850774, ""max_units"": 75, ""momentum"": 0.871924014016792, ""num_layers"": 2, ""weight_decay"": 0.09350370562122753}","{""time"": 143.36984252929688, ""val_accuracy"": 57.1109733581543, ""val_cross_entropy"": 1.0875927209854126, ""val_balanced_accuracy"": 0.352751225233078, ""test_cross_entropy"": 1.1109493970870972, ""test_balanced_accuracy"": 0.35083019733428955}"
2026-04-15T23:14:33.540305,random,lcbench,167201,2,86,41.534446716308594,"{""OpenML_task_id"": ""167168"", ""batch_size"": 27, ""epoch"": 17, ""learning_rate"": 0.0014828692269996083, ""max_dropout"": 0.3230400151412469, ""max_units"": 174, ""momentum"": 0.2388903669831317, ""num_layers"": 1, ""weight_decay"": 0.0177770943914153}","{""time"": 41.534446716308594, ""val_accuracy"": 45.61185073852539, ""val_cross_entropy"": 1.0236787796020508, ""val_balanced_accuracy"": 0.413887083530426, ""test_cross_entropy"": 1.0917047262191772, ""test_balanced_accuracy"": 0.4119543433189392}"
2026-04-15T23:14:33.548795,random,lcbench,167201,2,87,87.72908020019531,"{""OpenML_task_id"": ""168868"", ""batch_size"": 39, ""epoch"": 34, ""learning_rate"": 0.0002267510321362353, ""max_dropout"": 0.7370578821560385, ""max_units"": 73, ""momentum"": 0.6507306774566765, ""num_layers"": 2, ""weight_decay"": 0.03808003637278077}","{""time"": 87.72908020019531, ""val_accuracy"": 49.216773986816406, ""val_cross_entropy"": 1.0287457704544067, ""val_balanced_accuracy"": 0.39999788999557495, ""test_cross_entropy"": 1.0908966064453125, ""test_balanced_accuracy"": 0.3979523777961731}"
2026-04-15T23:14:33.548795,random,lcbench,167201,2,88,247.06825256347656,"{""OpenML_task_id"": ""167190"", ""batch_size"": 36, ""epoch"": 43, ""learning_rate"": 0.05005080435825903, ""max_dropout"": 0.019873510928625215, ""max_units"": 412, ""momentum"": 0.2940189963719504, ""num_layers"": 3, ""weight_decay"": 0.01459678158020712}","{""time"": 247.06825256347656, ""val_accuracy"": 62.12796401977539, ""val_cross_entropy"": 0.9244670867919922, ""val_balanced_accuracy"": 0.5400720834732056, ""test_cross_entropy"": 0.9961328506469727, ""test_balanced_accuracy"": 0.5385065674781799}"
2026-04-15T23:14:33.557569,random,lcbench,167201,2,89,19.671939849853516,"{""OpenML_task_id"": ""168910"", ""batch_size"": 83, ""epoch"": 3, ""learning_rate"": 0.0009493588690981433, ""max_dropout"": 0.6561802135698523, ""max_units"": 387, ""momentum"": 0.6990331300265348, ""num_layers"": 3, ""weight_decay"": 0.002873600111473124}","{""time"": 19.671939849853516, ""val_accuracy"": 41.27341842651367, ""val_cross_entropy"": 1.0632604360580444, ""val_balanced_accuracy"": 0.3761102855205536, ""test_cross_entropy"": 1.096372365951538, ""test_balanced_accuracy"": 0.3760572075843811}"
2026-04-15T23:14:33.558370,random,lcbench,167201,2,90,24.332260131835938,"{""OpenML_task_id"": ""189905"", ""batch_size"": 73, ""epoch"": 8, ""learning_rate"": 0.006468414311306286, ""max_dropout"": 0.37739665047793924, ""max_units"": 103, ""momentum"": 0.3007861680268983, ""num_layers"": 5, ""weight_decay"": 0.08571702235572624}","{""time"": 24.332260131835938, ""val_accuracy"": 61.57960891723633, ""val_cross_entropy"": 0.9559175372123718, ""val_balanced_accuracy"": 0.37513163685798645, ""test_cross_entropy"": 1.0765235424041748, ""test_balanced_accuracy"": 0.3708510398864746}"
2026-04-15T23:14:33.558370,random,lcbench,167201,2,91,224.02880859375,"{""OpenML_task_id"": ""189909"", ""batch_size"": 281, ""epoch"": 24, ""learning_rate"": 0.0013787943662087665, ""max_dropout"": 0.6721423971271298, ""max_units"": 710, ""momentum"": 0.2089262332774034, ""num_layers"": 5, ""weight_decay"": 0.03618710097749885}","{""time"": 224.02880859375, ""val_accuracy"": 35.002716064453125, ""val_cross_entropy"": 1.0115234851837158, ""val_balanced_accuracy"": 0.3362016975879669, ""test_cross_entropy"": 1.092913031578064, ""test_balanced_accuracy"": 0.33466875553131104}"
2026-04-15T23:14:33.558370,random,lcbench,167201,2,92,185.70596313476562,"{""OpenML_task_id"": ""189873"", ""batch_size"": 401, ""epoch"": 49, ""learning_rate"": 0.0038177710996740114, ""max_dropout"": 0.2376805856682187, ""max_units"": 129, ""momentum"": 0.4138407643009523, ""num_layers"": 4, ""weight_decay"": 0.09890444074153065}","{""time"": 185.70596313476562, ""val_accuracy"": 47.88786697387695, ""val_cross_entropy"": 1.071455478668213, ""val_balanced_accuracy"": 0.33038952946662903, ""test_cross_entropy"": 1.1119838953018188, ""test_balanced_accuracy"": 0.3325016498565674}"
2026-04-15T23:14:33.558370,random,lcbench,167201,2,93,87.5394287109375,"{""OpenML_task_id"": ""168335"", ""batch_size"": 251, ""epoch"": 15, ""learning_rate"": 0.005504231570274944, ""max_dropout"": 0.25732557679585466, ""max_units"": 760, ""momentum"": 0.6058364724519427, ""num_layers"": 3, ""weight_decay"": 0.05664145971115667}","{""time"": 87.5394287109375, ""val_accuracy"": 48.799129486083984, ""val_cross_entropy"": 1.0851902961730957, ""val_balanced_accuracy"": 0.37533846497535706, ""test_cross_entropy"": 1.1015561819076538, ""test_balanced_accuracy"": 0.3728504180908203}"
2026-04-15T23:14:33.565472,random,lcbench,167201,2,94,81.60595703125,"{""OpenML_task_id"": ""189906"", ""batch_size"": 23, ""epoch"": 8, ""learning_rate"": 0.05148475501874507, ""max_dropout"": 0.27467178083595556, ""max_units"": 365, ""momentum"": 0.21797036612558518, ""num_layers"": 5, ""weight_decay"": 0.04707914356697047}","{""time"": 81.60595703125, ""val_accuracy"": 57.457984924316406, ""val_cross_entropy"": 1.0070842504501343, ""val_balanced_accuracy"": 0.3395262658596039, ""test_cross_entropy"": 1.0832158327102661, ""test_balanced_accuracy"": 0.33662134408950806}"
2026-04-15T23:14:33.575458,random,lcbench,167201,2,95,265.8699035644531,"{""OpenML_task_id"": ""167184"", ""batch_size"": 66, ""epoch"": 40, ""learning_rate"": 0.00016857333956824016, ""max_dropout"": 0.6687110005914112, ""max_units"": 500, ""momentum"": 0.6291292290400229, ""num_layers"": 4, ""weight_decay"": 0.041220953513250176}","{""time"": 265.8699035644531, ""val_accuracy"": 49.17182922363281, ""val_cross_entropy"": 1.03094482421875, ""val_balanced_accuracy"": 0.35557621717453003, ""test_cross_entropy"": 1.1028937101364136, ""test_balanced_accuracy"": 0.35712045431137085}"
2026-04-15T23:14:33.575458,random,lcbench,167201,2,96,144.82008361816406,"{""OpenML_task_id"": ""167185"", ""batch_size"": 306, ""epoch"": 43, ""learning_rate"": 0.08354696174897612, ""max_dropout"": 0.5194980384374142, ""max_units"": 302, ""momentum"": 0.1574436996464869, ""num_layers"": 4, ""weight_decay"": 0.01808941025957508}","{""time"": 144.82008361816406, ""val_accuracy"": 55.91305923461914, ""val_cross_entropy"": 0.998432993888855, ""val_balanced_accuracy"": 0.39746007323265076, ""test_cross_entropy"": 1.0754666328430176, ""test_balanced_accuracy"": 0.3919157385826111}"
2026-04-15T23:14:33.575458,random,lcbench,167201,2,97,23.689407348632812,"{""OpenML_task_id"": ""167201"", ""batch_size"": 177, ""epoch"": 8, ""learning_rate"": 0.00014419572819939733, ""max_dropout"": 0.974993258569899, ""max_units"": 250, ""momentum"": 0.5224342688149326, ""num_layers"": 1, ""weight_decay"": 0.06562567655077263}","{""time"": 23.689407348632812, ""val_accuracy"": 39.626976013183594, ""val_cross_entropy"": 1.0494096279144287, ""val_balanced_accuracy"": 0.3422910273075104, ""test_cross_entropy"": 1.1073843240737915, ""test_balanced_accuracy"": 0.33573517203330994}"
2026-04-15T23:14:33.575458,random,lcbench,167201,2,98,66.27096557617188,"{""OpenML_task_id"": ""3945"", ""batch_size"": 48, ""epoch"": 24, ""learning_rate"": 0.008192413204969851, ""max_dropout"": 0.08563169057658904, ""max_units"": 68, ""momentum"": 0.49919488479869467, ""num_layers"": 2, ""weight_decay"": 0.08539630142092315}","{""time"": 66.27096557617188, ""val_accuracy"": 52.440773010253906, ""val_cross_entropy"": 1.0854214429855347, ""val_balanced_accuracy"": 0.35692092776298523, ""test_cross_entropy"": 1.1112024784088135, ""test_balanced_accuracy"": 0.3532285988330841}"
2026-04-15T23:14:33.575458,random,lcbench,167201,2,99,118.2498550415039,"{""OpenML_task_id"": ""168908"", ""batch_size"": 268, ""epoch"": 22, ""learning_rate"": 0.003762568653693438, ""max_dropout"": 0.1918009744738398, ""max_units"": 606, ""momentum"": 0.31034141529460524, ""num_layers"": 3, ""weight_decay"": 0.06928730151677832}","{""time"": 118.2498550415039, ""val_accuracy"": 50.49224090576172, ""val_cross_entropy"": 1.079261064529419, ""val_balanced_accuracy"": 0.3737439811229706, ""test_cross_entropy"": 1.1037710905075073, ""test_balanced_accuracy"": 0.37188732624053955}"
2026-04-15T23:14:33.582496,random,lcbench,167201,2,100,451.1169738769531,"{""OpenML_task_id"": ""167185"", ""batch_size"": 60, ""epoch"": 51, ""learning_rate"": 0.000592413245351511, ""max_dropout"": 0.7722627843357649, ""max_units"": 946, ""momentum"": 0.46471625808327743, ""num_layers"": 3, ""weight_decay"": 0.005316145537847095}","{""time"": 451.1169738769531, ""val_accuracy"": 48.84699249267578, ""val_cross_entropy"": 0.9816421866416931, ""val_balanced_accuracy"": 0.4534723162651062, ""test_cross_entropy"": 1.0853856801986694, ""test_balanced_accuracy"": 0.4472959041595459}"
2026-04-15T23:14:33.582496,random,lcbench,167201,2,101,83.0311050415039,"{""OpenML_task_id"": ""167181"", ""batch_size"": 57, ""epoch"": 25, ""learning_rate"": 0.00021759846434652166, ""max_dropout"": 0.14137839979906086, ""max_units"": 94, ""momentum"": 0.976882517952777, ""num_layers"": 5, ""weight_decay"": 0.059036659186164984}","{""time"": 83.0311050415039, ""val_accuracy"": 59.470802307128906, ""val_cross_entropy"": 0.9509696960449219, ""val_balanced_accuracy"": 0.36156103014945984, ""test_cross_entropy"": 1.0660498142242432, ""test_balanced_accuracy"": 0.3623432219028473}"
2026-04-15T23:14:33.582496,random,lcbench,167201,2,102,57.41049575805664,"{""OpenML_task_id"": ""167201"", ""batch_size"": 91, ""epoch"": 9, ""learning_rate"": 0.05603454435288087, ""max_dropout"": 0.7689668343347393, ""max_units"": 175, ""momentum"": 0.35161863120752646, ""num_layers"": 4, ""weight_decay"": 0.09051837026785155}","{""time"": 57.41049575805664, ""val_accuracy"": 41.92817687988281, ""val_cross_entropy"": 1.0600184202194214, ""val_balanced_accuracy"": 0.31365129351615906, ""test_cross_entropy"": 1.1124495267868042, ""test_balanced_accuracy"": 0.3110674321651459}"
2026-04-15T23:14:33.582496,random,lcbench,167201,2,103,170.1645965576172,"{""OpenML_task_id"": ""167200"", ""batch_size"": 16, ""epoch"": 45, ""learning_rate"": 0.08480255292621182, ""max_dropout"": 0.7968306793815068, ""max_units"": 372, ""momentum"": 0.7666458182924363, ""num_layers"": 2, ""weight_decay"": 0.0977273587680334}","{""time"": 170.1645965576172, ""val_accuracy"": 48.435997009277344, ""val_cross_entropy"": 1.0491712093353271, ""val_balanced_accuracy"": 0.3729243874549866, ""test_cross_entropy"": 1.077558159828186, ""test_balanced_accuracy"": 0.3811328709125519}"
2026-04-15T23:14:33.582496,random,lcbench,167201,2,104,93.18982696533203,"{""OpenML_task_id"": ""189866"", ""batch_size"": 171, ""epoch"": 12, ""learning_rate"": 0.0031275995698130613, ""max_dropout"": 0.34708425146976174, ""max_units"": 1007, ""momentum"": 0.3450031239077215, ""num_layers"": 4, ""weight_decay"": 0.07162154437552076}","{""time"": 93.18982696533203, ""val_accuracy"": 48.55078125, ""val_cross_entropy"": 1.0357446670532227, ""val_balanced_accuracy"": 0.3416694104671478, ""test_cross_entropy"": 1.114075779914856, ""test_balanced_accuracy"": 0.3419797420501709}"
2026-04-15T23:14:33.582496,random,lcbench,167201,2,105,6.317093849182129,"{""OpenML_task_id"": ""167190"", ""batch_size"": 25, ""epoch"": 1, ""learning_rate"": 0.005343186553384299, ""max_dropout"": 0.03159110824709077, ""max_units"": 113, ""momentum"": 0.8843562284230224, ""num_layers"": 4, ""weight_decay"": 0.026523537558027235}","{""time"": 6.317093849182129, ""val_accuracy"": 19.987092971801758, ""val_cross_entropy"": 1.0035184621810913, ""val_balanced_accuracy"": 0.2924460768699646, ""test_cross_entropy"": 1.1324927806854248, ""test_balanced_accuracy"": 0.2952894866466522}"
2026-04-15T23:14:33.582496,random,lcbench,167201,2,106,8.454816818237305,"{""OpenML_task_id"": ""34539"", ""batch_size"": 100, ""epoch"": 2, ""learning_rate"": 0.0969799544466272, ""max_dropout"": 0.7598945454835527, ""max_units"": 305, ""momentum"": 0.4472750987348032, ""num_layers"": 4, ""weight_decay"": 0.01480967718035588}","{""time"": 8.454816818237305, ""val_accuracy"": 32.85906219482422, ""val_cross_entropy"": 1.107962727546692, ""val_balanced_accuracy"": 0.3277915418148041, ""test_cross_entropy"": 1.1258655786514282, ""test_balanced_accuracy"": 0.32957008481025696}"
2026-04-15T23:14:33.590661,random,lcbench,167201,2,107,99.41334533691406,"{""OpenML_task_id"": ""189909"", ""batch_size"": 252, ""epoch"": 35, ""learning_rate"": 0.036527600013412015, ""max_dropout"": 0.2319012962005491, ""max_units"": 91, ""momentum"": 0.6070107514619296, ""num_layers"": 3, ""weight_decay"": 0.056171758889833966}","{""time"": 99.41334533691406, ""val_accuracy"": 53.136810302734375, ""val_cross_entropy"": 1.07283353805542, ""val_balanced_accuracy"": 0.35303932428359985, ""test_cross_entropy"": 1.094480276107788, ""test_balanced_accuracy"": 0.34675416350364685}"
2026-04-15T23:14:33.590661,random,lcbench,167201,2,108,28.334388732910156,"{""OpenML_task_id"": ""168330"", ""batch_size"": 20, ""epoch"": 13, ""learning_rate"": 0.010124936518987443, ""max_dropout"": 0.02847237080206999, ""max_units"": 100, ""momentum"": 0.18103718185389062, ""num_layers"": 5, ""weight_decay"": 0.025096035532205865}","{""time"": 28.334388732910156, ""val_accuracy"": 74.19578552246094, ""val_cross_entropy"": 0.9235916137695312, ""val_balanced_accuracy"": 0.3511100113391876, ""test_cross_entropy"": 1.062413215637207, ""test_balanced_accuracy"": 0.3528521656990051}"
2026-04-15T23:14:33.590661,random,lcbench,167201,2,109,628.7543334960938,"{""OpenML_task_id"": ""168331"", ""batch_size"": 27, ""epoch"": 38, ""learning_rate"": 0.007473925272736456, ""max_dropout"": 0.6135766553534932, ""max_units"": 625, ""momentum"": 0.7550088694881972, ""num_layers"": 4, ""weight_decay"": 0.06799276689475384}","{""time"": 628.7543334960938, ""val_accuracy"": 60.09727096557617, ""val_cross_entropy"": 1.005520224571228, ""val_balanced_accuracy"": 0.3307482898235321, ""test_cross_entropy"": 1.0989736318588257, ""test_balanced_accuracy"": 0.33243000507354736}"
2026-04-15T23:14:33.590661,random,lcbench,167201,2,110,19.35818099975586,"{""OpenML_task_id"": ""189866"", ""batch_size"": 410, ""epoch"": 6, ""learning_rate"": 0.0009974886474276036, ""max_dropout"": 0.7817829132252091, ""max_units"": 124, ""momentum"": 0.6934642506507184, ""num_layers"": 1, ""weight_decay"": 0.05637873682681542}","{""time"": 19.35818099975586, ""val_accuracy"": 42.68962097167969, ""val_cross_entropy"": 1.0294404029846191, ""val_balanced_accuracy"": 0.3715824484825134, ""test_cross_entropy"": 1.0963624715805054, ""test_balanced_accuracy"": 0.36546871066093445}"
2026-04-15T23:14:33.590661,random,lcbench,167201,2,111,80.99099731445312,"{""OpenML_task_id"": ""146212"", ""batch_size"": 106, ""epoch"": 40, ""learning_rate"": 0.006024008939845162, ""max_dropout"": 0.6891819973404884, ""max_units"": 87, ""momentum"": 0.38108741835968596, ""num_layers"": 2, ""weight_decay"": 0.04289913039106269}","{""time"": 80.99099731445312, ""val_accuracy"": 48.83060073852539, ""val_cross_entropy"": 1.0177301168441772, ""val_balanced_accuracy"": 0.41384682059288025, ""test_cross_entropy"": 1.096591830253601, ""test_balanced_accuracy"": 0.41286131739616394}"
2026-04-15T23:14:33.590661,random,lcbench,167201,2,112,78.95785522460938,"{""OpenML_task_id"": ""168868"", ""batch_size"": 21, ""epoch"": 52, ""learning_rate"": 0.0008140374841703735, ""max_dropout"": 0.9172405537214949, ""max_units"": 244, ""momentum"": 0.8287372044050763, ""num_layers"": 1, ""weight_decay"": 0.004319578332247779}","{""time"": 78.95785522460938, ""val_accuracy"": 48.07896041870117, ""val_cross_entropy"": 0.9949813485145569, ""val_balanced_accuracy"": 0.4320012331008911, ""test_cross_entropy"": 1.0772088766098022, ""test_balanced_accuracy"": 0.428697407245636}"
2026-04-15T23:14:33.599306,random,lcbench,167201,2,113,248.5212860107422,"{""OpenML_task_id"": ""168908"", ""batch_size"": 144, ""epoch"": 51, ""learning_rate"": 0.0018992382324391516, ""max_dropout"": 0.9680628867800289, ""max_units"": 686, ""momentum"": 0.7031255958275335, ""num_layers"": 3, ""weight_decay"": 0.017068203877799483}","{""time"": 248.5212860107422, ""val_accuracy"": 49.26420211791992, ""val_cross_entropy"": 0.9979880452156067, ""val_balanced_accuracy"": 0.3940452039241791, ""test_cross_entropy"": 1.111064076423645, ""test_balanced_accuracy"": 0.39550748467445374}"
2026-04-15T23:14:33.605266,random,lcbench,167201,2,114,139.1724853515625,"{""OpenML_task_id"": ""168910"", ""batch_size"": 377, ""epoch"": 45, ""learning_rate"": 0.047524713441153256, ""max_dropout"": 0.24268274292968306, ""max_units"": 250, ""momentum"": 0.5858138570859938, ""num_layers"": 2, ""weight_decay"": 0.0007056192404842661}","{""time"": 139.1724853515625, ""val_accuracy"": 55.05681610107422, ""val_cross_entropy"": 0.8315935730934143, ""val_balanced_accuracy"": 0.5385815501213074, ""test_cross_entropy"": 1.0003801584243774, ""test_balanced_accuracy"": 0.537110447883606}"
2026-04-15T23:14:33.605266,random,lcbench,167201,2,115,76.27071380615234,"{""OpenML_task_id"": ""167181"", ""batch_size"": 16, ""epoch"": 15, ""learning_rate"": 0.09053419767858274, ""max_dropout"": 0.8970024226799239, ""max_units"": 592, ""momentum"": 0.7742184724926571, ""num_layers"": 3, ""weight_decay"": 0.008889098079145414}","{""time"": 76.27071380615234, ""val_accuracy"": 52.60074996948242, ""val_cross_entropy"": 1.2716864347457886, ""val_balanced_accuracy"": 0.44744181632995605, ""test_cross_entropy"": 1.0535963773727417, ""test_balanced_accuracy"": 0.4517871141433716}"
2026-04-15T23:14:33.606970,random,lcbench,167201,2,116,15.918024063110352,"{""OpenML_task_id"": ""126026"", ""batch_size"": 131, ""epoch"": 5, ""learning_rate"": 0.02120904317176445, ""max_dropout"": 0.09695354614425511, ""max_units"": 119, ""momentum"": 0.18190327151597374, ""num_layers"": 2, ""weight_decay"": 0.013510016012861044}","{""time"": 15.918024063110352, ""val_accuracy"": 49.22334671020508, ""val_cross_entropy"": 0.9929107427597046, ""val_balanced_accuracy"": 0.4389641284942627, ""test_cross_entropy"": 1.0713833570480347, ""test_balanced_accuracy"": 0.4426475465297699}"
2026-04-15T23:14:33.608704,random,lcbench,167201,2,117,6.980861663818359,"{""OpenML_task_id"": ""168868"", ""batch_size"": 103, ""epoch"": 1, ""learning_rate"": 0.0001397253210426743, ""max_dropout"": 0.5804113279490218, ""max_units"": 731, ""momentum"": 0.4908542184100192, ""num_layers"": 1, ""weight_decay"": 0.023319348549959075}","{""time"": 6.980861663818359, ""val_accuracy"": 36.30318832397461, ""val_cross_entropy"": 1.1661365032196045, ""val_balanced_accuracy"": 0.32163360714912415, ""test_cross_entropy"": 1.1054537296295166, ""test_balanced_accuracy"": 0.3100675344467163}"
2026-04-15T23:14:33.608704,random,lcbench,167201,2,118,35.04597473144531,"{""OpenML_task_id"": ""34539"", ""batch_size"": 100, ""epoch"": 18, ""learning_rate"": 0.009772949209772326, ""max_dropout"": 0.128121219668328, ""max_units"": 134, ""momentum"": 0.10419460336875726, ""num_layers"": 5, ""weight_decay"": 0.04191947508043882}","{""time"": 35.04597473144531, ""val_accuracy"": 66.74669647216797, ""val_cross_entropy"": 0.958967387676239, ""val_balanced_accuracy"": 0.3695313632488251, ""test_cross_entropy"": 1.0737491846084595, ""test_balanced_accuracy"": 0.3696110248565674}"
2026-04-15T23:14:33.615554,random,lcbench,167201,2,119,159.7618408203125,"{""OpenML_task_id"": ""167201"", ""batch_size"": 448, ""epoch"": 24, ""learning_rate"": 0.001048166030770884, ""max_dropout"": 0.729896209841776, ""max_units"": 880, ""momentum"": 0.9180784021305844, ""num_layers"": 3, ""weight_decay"": 0.03477991410894237}","{""time"": 159.7618408203125, ""val_accuracy"": 44.15660858154297, ""val_cross_entropy"": 0.9594493508338928, ""val_balanced_accuracy"": 0.41893282532691956, ""test_cross_entropy"": 1.0912961959838867, ""test_balanced_accuracy"": 0.415274053812027}"
2026-04-15T23:14:33.623709,random,lcbench,167201,2,120,57.852542877197266,"{""OpenML_task_id"": ""3945"", ""batch_size"": 352, ""epoch"": 13, ""learning_rate"": 0.0007133982411808613, ""max_dropout"": 0.435488906854846, ""max_units"": 210, ""momentum"": 0.40633388489283395, ""num_layers"": 5, ""weight_decay"": 0.08942112615413787}","{""time"": 57.852542877197266, ""val_accuracy"": 20.123998641967773, ""val_cross_entropy"": 0.978566586971283, ""val_balanced_accuracy"": 0.3533269464969635, ""test_cross_entropy"": 1.1076209545135498, ""test_balanced_accuracy"": 0.35048574209213257}"
2026-04-15T23:14:33.625772,random,lcbench,167201,2,121,52.70555114746094,"{""OpenML_task_id"": ""146212"", ""batch_size"": 169, ""epoch"": 27, ""learning_rate"": 0.0002192418991033058, ""max_dropout"": 0.2424899985891521, ""max_units"": 358, ""momentum"": 0.3390780933065296, ""num_layers"": 1, ""weight_decay"": 0.016261909164242378}","{""time"": 52.70555114746094, ""val_accuracy"": 42.507781982421875, ""val_cross_entropy"": 1.0450855493545532, ""val_balanced_accuracy"": 0.3809162974357605, ""test_cross_entropy"": 1.097344160079956, ""test_balanced_accuracy"": 0.3813873827457428}"
2026-04-15T23:14:33.625772,random,lcbench,167201,2,122,82.70061492919922,"{""OpenML_task_id"": ""126029"", ""batch_size"": 104, ""epoch"": 8, ""learning_rate"": 0.02207851951312264, ""max_dropout"": 0.8096039359362653, ""max_units"": 477, ""momentum"": 0.5055651151132909, ""num_layers"": 5, ""weight_decay"": 0.08818417983863489}","{""time"": 82.70061492919922, ""val_accuracy"": 49.1562614440918, ""val_cross_entropy"": 0.9561148285865784, ""val_balanced_accuracy"": 0.36440303921699524, ""test_cross_entropy"": 1.0801550149917603, ""test_balanced_accuracy"": 0.3573378026485443}"
2026-04-15T23:14:33.625772,random,lcbench,167201,2,123,43.88412857055664,"{""OpenML_task_id"": ""126029"", ""batch_size"": 28, ""epoch"": 5, ""learning_rate"": 0.00047378580555272853, ""max_dropout"": 0.3575658456226797, ""max_units"": 562, ""momentum"": 0.6190952172800588, ""num_layers"": 3, ""weight_decay"": 0.0036022421522901972}","{""time"": 43.88412857055664, ""val_accuracy"": 50.758941650390625, ""val_cross_entropy"": 1.0705522298812866, ""val_balanced_accuracy"": 0.3820149600505829, ""test_cross_entropy"": 1.092146635055542, ""test_balanced_accuracy"": 0.3862873315811157}"
2026-04-15T23:14:33.625772,random,lcbench,167201,2,124,80.86270141601562,"{""OpenML_task_id"": ""189909"", ""batch_size"": 35, ""epoch"": 36, ""learning_rate"": 0.0046199519675810645, ""max_dropout"": 0.9467014080480171, ""max_units"": 214, ""momentum"": 0.7735640333539461, ""num_layers"": 2, ""weight_decay"": 0.016621155748459394}","{""time"": 80.86270141601562, ""val_accuracy"": 53.815696716308594, ""val_cross_entropy"": 1.0385428667068481, ""val_balanced_accuracy"": 0.42652058601379395, ""test_cross_entropy"": 1.091918706893921, ""test_balanced_accuracy"": 0.42889124155044556}"
2026-04-15T23:14:33.631984,random,lcbench,167201,2,125,118.0853042602539,"{""OpenML_task_id"": ""168335"", ""batch_size"": 350, ""epoch"": 52, ""learning_rate"": 0.0036419003485906654, ""max_dropout"": 0.18842626116881667, ""max_units"": 162, ""momentum"": 0.6728371010095747, ""num_layers"": 2, ""weight_decay"": 0.052178364921170735}","{""time"": 118.0853042602539, ""val_accuracy"": 45.60662841796875, ""val_cross_entropy"": 1.024226427078247, ""val_balanced_accuracy"": 0.4146313965320587, ""test_cross_entropy"": 1.1061259508132935, ""test_balanced_accuracy"": 0.41162604093551636}"
2026-04-15T23:14:33.631984,random,lcbench,167201,2,126,148.3536834716797,"{""OpenML_task_id"": ""167104"", ""batch_size"": 16, ""epoch"": 49, ""learning_rate"": 0.00012762625709736457, ""max_dropout"": 0.8748142425959917, ""max_units"": 101, ""momentum"": 0.9186965000946083, ""num_layers"": 2, ""weight_decay"": 0.0609613667855708}","{""time"": 148.3536834716797, ""val_accuracy"": 58.349796295166016, ""val_cross_entropy"": 0.9924863576889038, ""val_balanced_accuracy"": 0.3897695243358612, ""test_cross_entropy"": 1.090339183807373, ""test_balanced_accuracy"": 0.38854774832725525}"
2026-04-15T23:14:33.631984,random,lcbench,167201,2,127,174.4484100341797,"{""OpenML_task_id"": ""168329"", ""batch_size"": 350, ""epoch"": 46, ""learning_rate"": 0.06124023188113051, ""max_dropout"": 0.45424088145215036, ""max_units"": 163, ""momentum"": 0.7202805602119681, ""num_layers"": 3, ""weight_decay"": 0.0826734814442122}","{""time"": 174.4484100341797, ""val_accuracy"": 51.743194580078125, ""val_cross_entropy"": 1.0369541645050049, ""val_balanced_accuracy"": 0.3527337312698364, ""test_cross_entropy"": 1.0897853374481201, ""test_balanced_accuracy"": 0.34841886162757874}"
2026-04-15T23:14:33.631984,random,lcbench,167201,2,128,215.66896057128906,"{""OpenML_task_id"": ""189354"", ""batch_size"": 309, ""epoch"": 47, ""learning_rate"": 0.0013774033452621035, ""max_dropout"": 0.45459267397703484, ""max_units"": 116, ""momentum"": 0.3556351921846743, ""num_layers"": 5, ""weight_decay"": 0.04695007541761833}","{""time"": 215.66896057128906, ""val_accuracy"": 38.40888214111328, ""val_cross_entropy"": 0.974551796913147, ""val_balanced_accuracy"": 0.3585352599620819, ""test_cross_entropy"": 1.0897825956344604, ""test_balanced_accuracy"": 0.35729897022247314}"
2026-04-15T23:14:33.631984,random,lcbench,167201,2,129,274.4319763183594,"{""OpenML_task_id"": ""189862"", ""batch_size"": 172, ""epoch"": 45, ""learning_rate"": 0.00031205460354977464, ""max_dropout"": 0.2774358186133009, ""max_units"": 433, ""momentum"": 0.24750625617752003, ""num_layers"": 4, ""weight_decay"": 0.07421891340097131}","{""time"": 274.4319763183594, ""val_accuracy"": 33.022857666015625, ""val_cross_entropy"": 1.0639725923538208, ""val_balanced_accuracy"": 0.3401472270488739, ""test_cross_entropy"": 1.106691598892212, ""test_balanced_accuracy"": 0.34340205788612366}"
2026-04-15T23:14:33.631984,random,lcbench,167201,2,130,135.38510131835938,"{""OpenML_task_id"": ""167161"", ""batch_size"": 85, ""epoch"": 48, ""learning_rate"": 0.05971237264812502, ""max_dropout"": 0.2326067988422985, ""max_units"": 98, ""momentum"": 0.7889393251641824, ""num_layers"": 4, ""weight_decay"": 0.04884491396166851}","{""time"": 135.38510131835938, ""val_accuracy"": 50.24064254760742, ""val_cross_entropy"": 1.0011796951293945, ""val_balanced_accuracy"": 0.3339921832084656, ""test_cross_entropy"": 1.1008553504943848, ""test_balanced_accuracy"": 0.33315232396125793}"
2026-04-15T23:14:33.640531,random,lcbench,167201,2,131,158.2000274658203,"{""OpenML_task_id"": ""167104"", ""batch_size"": 56, ""epoch"": 48, ""learning_rate"": 0.03980967597644801, ""max_dropout"": 0.16105056398800266, ""max_units"": 170, ""momentum"": 0.12444762933439814, ""num_layers"": 4, ""weight_decay"": 0.08448767227934693}","{""time"": 158.2000274658203, ""val_accuracy"": 67.89563751220703, ""val_cross_entropy"": 1.0286245346069336, ""val_balanced_accuracy"": 0.3489569127559662, ""test_cross_entropy"": 1.101196050643921, ""test_balanced_accuracy"": 0.3468295633792877}"
2026-04-15T23:14:33.640531,random,lcbench,167201,2,132,20.57973861694336,"{""OpenML_task_id"": ""189865"", ""batch_size"": 48, ""epoch"": 7, ""learning_rate"": 0.0038653270720797463, ""max_dropout"": 0.2553294818059606, ""max_units"": 142, ""momentum"": 0.3452900407321698, ""num_layers"": 5, ""weight_decay"": 0.05109268247859119}","{""time"": 20.57973861694336, ""val_accuracy"": 65.06758117675781, ""val_cross_entropy"": 0.9174538254737854, ""val_balanced_accuracy"": 0.3693249225616455, ""test_cross_entropy"": 1.0687577724456787, ""test_balanced_accuracy"": 0.36840325593948364}"
2026-04-15T23:14:33.640531,random,lcbench,167201,2,133,135.87596130371094,"{""OpenML_task_id"": ""126029"", ""batch_size"": 173, ""epoch"": 32, ""learning_rate"": 0.0028064579854334363, ""max_dropout"": 0.3164666807903842, ""max_units"": 261, ""momentum"": 0.9382424204364124, ""num_layers"": 3, ""weight_decay"": 0.08855467454867458}","{""time"": 135.87596130371094, ""val_accuracy"": 56.112308502197266, ""val_cross_entropy"": 1.062838077545166, ""val_balanced_accuracy"": 0.35081416368484497, ""test_cross_entropy"": 1.1066380739212036, ""test_balanced_accuracy"": 0.34892430901527405}"
2026-04-15T23:14:33.640531,random,lcbench,167201,2,134,15.247282981872559,"{""OpenML_task_id"": ""3945"", ""batch_size"": 419, ""epoch"": 3, ""learning_rate"": 0.00012819187693044777, ""max_dropout"": 0.8836383948370203, ""max_units"": 298, ""momentum"": 0.6670039202680782, ""num_layers"": 4, ""weight_decay"": 0.04338304242111652}","{""time"": 15.247282981872559, ""val_accuracy"": 26.286170959472656, ""val_cross_entropy"": 0.9784073233604431, ""val_balanced_accuracy"": 0.3183749318122864, ""test_cross_entropy"": 1.1080955266952515, ""test_balanced_accuracy"": 0.322923868894577}"
2026-04-15T23:14:33.640531,random,lcbench,167201,2,135,33.479984283447266,"{""OpenML_task_id"": ""189354"", ""batch_size"": 318, ""epoch"": 9, ""learning_rate"": 0.0030582498579532005, ""max_dropout"": 0.044536439322869104, ""max_units"": 67, ""momentum"": 0.8676054394419506, ""num_layers"": 5, ""weight_decay"": 0.06463752385260266}","{""time"": 33.479984283447266, ""val_accuracy"": 36.2026481628418, ""val_cross_entropy"": 0.9402735233306885, ""val_balanced_accuracy"": 0.3492205739021301, ""test_cross_entropy"": 1.1007894277572632, ""test_balanced_accuracy"": 0.3508007526397705}"
2026-04-15T23:14:33.648313,random,lcbench,167201,2,136,97.28398895263672,"{""OpenML_task_id"": ""167104"", ""batch_size"": 88, ""epoch"": 52, ""learning_rate"": 0.0035836125503002094, ""max_dropout"": 0.6727790523980558, ""max_units"": 280, ""momentum"": 0.14286822430628995, ""num_layers"": 1, ""weight_decay"": 0.0903449377938109}","{""time"": 97.28398895263672, ""val_accuracy"": 45.069881439208984, ""val_cross_entropy"": 1.0406854152679443, ""val_balanced_accuracy"": 0.4229205548763275, ""test_cross_entropy"": 1.0909538269042969, ""test_balanced_accuracy"": 0.42487314343452454}"
2026-04-15T23:14:33.648313,random,lcbench,167201,2,137,61.00125503540039,"{""OpenML_task_id"": ""168335"", ""batch_size"": 20, ""epoch"": 29, ""learning_rate"": 0.00033661048516386713, ""max_dropout"": 0.930502007524394, ""max_units"": 383, ""momentum"": 0.4694224647005776, ""num_layers"": 1, ""weight_decay"": 0.01986756240833567}","{""time"": 61.00125503540039, ""val_accuracy"": 46.937721252441406, ""val_cross_entropy"": 1.0216236114501953, ""val_balanced_accuracy"": 0.4207995533943176, ""test_cross_entropy"": 1.0799906253814697, ""test_balanced_accuracy"": 0.41712290048599243}"
2026-04-15T23:14:33.648313,random,lcbench,167201,2,138,23.84280014038086,"{""OpenML_task_id"": ""168331"", ""batch_size"": 100, ""epoch"": 8, ""learning_rate"": 0.0055550932497990275, ""max_dropout"": 0.09449016287576395, ""max_units"": 646, ""momentum"": 0.5109309369738779, ""num_layers"": 1, ""weight_decay"": 0.020345138732786823}","{""time"": 23.84280014038086, ""val_accuracy"": 43.69388961791992, ""val_cross_entropy"": 1.052606463432312, ""val_balanced_accuracy"": 0.39811331033706665, ""test_cross_entropy"": 1.099523901939392, ""test_balanced_accuracy"": 0.3960343599319458}"
2026-04-15T23:14:33.648313,random,lcbench,167201,2,139,48.89725112915039,"{""OpenML_task_id"": ""168908"", ""batch_size"": 215, ""epoch"": 29, ""learning_rate"": 0.04226453406021025, ""max_dropout"": 0.3912137767360967, ""max_units"": 377, ""momentum"": 0.5393841394118516, ""num_layers"": 1, ""weight_decay"": 0.06282188979643424}","{""time"": 48.89725112915039, ""val_accuracy"": 43.44110870361328, ""val_cross_entropy"": 1.0887703895568848, ""val_balanced_accuracy"": 0.40668538212776184, ""test_cross_entropy"": 1.0917294025421143, ""test_balanced_accuracy"": 0.4113796055316925}"
2026-04-15T23:14:33.648313,random,lcbench,167201,2,140,130.32318115234375,"{""OpenML_task_id"": ""167168"", ""batch_size"": 35, ""epoch"": 46, ""learning_rate"": 0.0007158016600580698, ""max_dropout"": 0.6194865611553013, ""max_units"": 186, ""momentum"": 0.9560120278708539, ""num_layers"": 2, ""weight_decay"": 0.06419357966223092}","{""time"": 130.32318115234375, ""val_accuracy"": 56.869876861572266, ""val_cross_entropy"": 1.0067862272262573, ""val_balanced_accuracy"": 0.4094335734844208, ""test_cross_entropy"": 1.0939853191375732, ""test_balanced_accuracy"": 0.41022151708602905}"
2026-04-15T23:14:33.656560,random,lcbench,167201,2,141,37.724754333496094,"{""OpenML_task_id"": ""189354"", ""batch_size"": 22, ""epoch"": 9, ""learning_rate"": 0.0007008306571747805, ""max_dropout"": 0.18937483868124338, ""max_units"": 189, ""momentum"": 0.4262033112113922, ""num_layers"": 4, ""weight_decay"": 0.0476085218413033}","{""time"": 37.724754333496094, ""val_accuracy"": 62.78122329711914, ""val_cross_entropy"": 1.0111945867538452, ""val_balanced_accuracy"": 0.33748406171798706, ""test_cross_entropy"": 1.0992789268493652, ""test_balanced_accuracy"": 0.3403418958187103}"
2026-04-15T23:14:33.656560,random,lcbench,167201,2,142,115.55294799804688,"{""OpenML_task_id"": ""167149"", ""batch_size"": 16, ""epoch"": 46, ""learning_rate"": 0.00010278839118240185, ""max_dropout"": 0.6569384508659774, ""max_units"": 702, ""momentum"": 0.9327730687868255, ""num_layers"": 1, ""weight_decay"": 0.04328948088428668}","{""time"": 115.55294799804688, ""val_accuracy"": 48.73411178588867, ""val_cross_entropy"": 1.0447423458099365, ""val_balanced_accuracy"": 0.43085330724716187, ""test_cross_entropy"": 1.092071533203125, ""test_balanced_accuracy"": 0.42552193999290466}"
2026-04-15T23:14:33.656560,random,lcbench,167201,2,143,128.4796905517578,"{""OpenML_task_id"": ""189905"", ""batch_size"": 85, ""epoch"": 25, ""learning_rate"": 0.0001330348494639347, ""max_dropout"": 0.29005427316192356, ""max_units"": 397, ""momentum"": 0.1655941367736779, ""num_layers"": 4, ""weight_decay"": 0.05435184129014558}","{""time"": 128.4796905517578, ""val_accuracy"": 31.13496971130371, ""val_cross_entropy"": 1.0463823080062866, ""val_balanced_accuracy"": 0.33938705921173096, ""test_cross_entropy"": 1.1052311658859253, ""test_balanced_accuracy"": 0.345213919878006}"
2026-04-15T23:14:33.656560,random,lcbench,167201,2,144,44.17696762084961,"{""OpenML_task_id"": ""168868"", ""batch_size"": 17, ""epoch"": 31, ""learning_rate"": 0.0101074433343178, ""max_dropout"": 0.6753627560775024, ""max_units"": 181, ""momentum"": 0.9262440490235289, ""num_layers"": 1, ""weight_decay"": 0.048599627337177286}","{""time"": 44.17696762084961, ""val_accuracy"": 46.05480194091797, ""val_cross_entropy"": 1.032497525215149, ""val_balanced_accuracy"": 0.4059065580368042, ""test_cross_entropy"": 1.0851550102233887, ""test_balanced_accuracy"": 0.4097405970096588}"
2026-04-15T23:14:33.656560,random,lcbench,167201,2,145,22.34374237060547,"{""OpenML_task_id"": ""7593"", ""batch_size"": 146, ""epoch"": 5, ""learning_rate"": 0.08004257434883723, ""max_dropout"": 0.7969438078651822, ""max_units"": 707, ""momentum"": 0.5522831762534, ""num_layers"": 3, ""weight_decay"": 0.010533040855027438}","{""time"": 22.34374237060547, ""val_accuracy"": 49.045284271240234, ""val_cross_entropy"": 0.9753420352935791, ""val_balanced_accuracy"": 0.4574117660522461, ""test_cross_entropy"": 1.066555380821228, ""test_balanced_accuracy"": 0.4630119800567627}"
2026-04-15T23:14:33.656560,random,lcbench,167201,2,146,121.30235290527344,"{""OpenML_task_id"": ""167201"", ""batch_size"": 38, ""epoch"": 34, ""learning_rate"": 0.001281196863885515, ""max_dropout"": 0.0035702480183934515, ""max_units"": 227, ""momentum"": 0.44042993086113913, ""num_layers"": 4, ""weight_decay"": 0.02385282930000079}","{""time"": 121.30235290527344, ""val_accuracy"": 64.44987487792969, ""val_cross_entropy"": 1.0467677116394043, ""val_balanced_accuracy"": 0.3496497869491577, ""test_cross_entropy"": 1.096286416053772, ""test_balanced_accuracy"": 0.3516213595867157}"
2026-04-15T23:14:33.656560,random,lcbench,167201,2,147,133.59042358398438,"{""OpenML_task_id"": ""168908"", ""batch_size"": 64, ""epoch"": 41, ""learning_rate"": 0.028922687687406908, ""max_dropout"": 0.2076451350213796, ""max_units"": 231, ""momentum"": 0.3717050758386876, ""num_layers"": 3, ""weight_decay"": 0.0029314512680435312}","{""time"": 133.59042358398438, ""val_accuracy"": 63.801395416259766, ""val_cross_entropy"": 0.7937238216400146, ""val_balanced_accuracy"": 0.6370514631271362, ""test_cross_entropy"": 0.9235492944717407, ""test_balanced_accuracy"": 0.6320335865020752}"
2026-04-15T23:14:33.665079,random,lcbench,167201,2,148,32.597286224365234,"{""OpenML_task_id"": ""168868"", ""batch_size"": 24, ""epoch"": 4, ""learning_rate"": 0.00019173811720950553, ""max_dropout"": 0.6677461027192974, ""max_units"": 667, ""momentum"": 0.4298219875626129, ""num_layers"": 5, ""weight_decay"": 0.013390437386268812}","{""time"": 32.597286224365234, ""val_accuracy"": 36.51506423950195, ""val_cross_entropy"": 0.9661964774131775, ""val_balanced_accuracy"": 0.3382154703140259, ""test_cross_entropy"": 1.0927382707595825, ""test_balanced_accuracy"": 0.339139848947525}"
2026-04-15T23:14:33.665079,random,lcbench,167201,2,149,108.97244262695312,"{""OpenML_task_id"": ""189909"", ""batch_size"": 345, ""epoch"": 38, ""learning_rate"": 0.0010495355774419533, ""max_dropout"": 0.39810363578935803, ""max_units"": 168, ""momentum"": 0.5404855014732319, ""num_layers"": 3, ""weight_decay"": 0.04583437269225335}","{""time"": 108.97244262695312, ""val_accuracy"": 44.143978118896484, ""val_cross_entropy"": 1.1127543449401855, ""val_balanced_accuracy"": 0.3764253556728363, ""test_cross_entropy"": 1.1085317134857178, ""test_balanced_accuracy"": 0.3753291666507721}"
2026-04-15T23:14:33.667167,random,lcbench,167201,2,150,86.719482421875,"{""OpenML_task_id"": ""3945"", ""batch_size"": 309, ""epoch"": 40, ""learning_rate"": 0.00016197621997600452, ""max_dropout"": 0.4467203226903993, ""max_units"": 393, ""momentum"": 0.6534893709413007, ""num_layers"": 1, ""weight_decay"": 0.0005601749147949144}","{""time"": 86.719482421875, ""val_accuracy"": 39.9786262512207, ""val_cross_entropy"": 1.108563780784607, ""val_balanced_accuracy"": 0.35348132252693176, ""test_cross_entropy"": 1.1135905981063843, ""test_balanced_accuracy"": 0.3520851135253906}"
2026-04-15T23:14:33.667167,random,lcbench,167201,2,151,38.530757904052734,"{""OpenML_task_id"": ""189354"", ""batch_size"": 58, ""epoch"": 19, ""learning_rate"": 0.001860221851906689, ""max_dropout"": 0.9853308328811926, ""max_units"": 119, ""momentum"": 0.4274365845810947, ""num_layers"": 1, ""weight_decay"": 0.012085061849902514}","{""time"": 38.530757904052734, ""val_accuracy"": 45.61924362182617, ""val_cross_entropy"": 1.008127212524414, ""val_balanced_accuracy"": 0.41812893748283386, ""test_cross_entropy"": 1.0863890647888184, ""test_balanced_accuracy"": 0.4155212640762329}"
2026-04-15T23:14:33.667167,random,lcbench,167201,2,152,313.1564025878906,"{""OpenML_task_id"": ""126025"", ""batch_size"": 21, ""epoch"": 44, ""learning_rate"": 0.0001058568858729535, ""max_dropout"": 0.48355625021685156, ""max_units"": 178, ""momentum"": 0.924274723879614, ""num_layers"": 5, ""weight_decay"": 0.06133216994882646}","{""time"": 313.1564025878906, ""val_accuracy"": 69.34868621826172, ""val_cross_entropy"": 0.9505483508110046, ""val_balanced_accuracy"": 0.36066219210624695, ""test_cross_entropy"": 1.0552221536636353, ""test_balanced_accuracy"": 0.3596441447734833}"
2026-04-15T23:14:33.667167,random,lcbench,167201,2,153,58.422882080078125,"{""OpenML_task_id"": ""3945"", ""batch_size"": 44, ""epoch"": 19, ""learning_rate"": 0.001610914594036437, ""max_dropout"": 0.05660947171851194, ""max_units"": 109, ""momentum"": 0.2929468033486949, ""num_layers"": 5, ""weight_decay"": 0.0584559641654857}","{""time"": 58.422882080078125, ""val_accuracy"": 71.54459381103516, ""val_cross_entropy"": 0.9461472034454346, ""val_balanced_accuracy"": 0.3740135431289673, ""test_cross_entropy"": 1.0588215589523315, ""test_balanced_accuracy"": 0.37279564142227173}"
2026-04-15T23:14:33.673327,random,lcbench,167201,2,154,53.92571258544922,"{""OpenML_task_id"": ""167181"", ""batch_size"": 109, ""epoch"": 29, ""learning_rate"": 0.00022629431702190876, ""max_dropout"": 0.4193833133891979, ""max_units"": 199, ""momentum"": 0.25591464288092164, ""num_layers"": 1, ""weight_decay"": 0.053494263615034045}","{""time"": 53.92571258544922, ""val_accuracy"": 41.44752502441406, ""val_cross_entropy"": 1.0188716650009155, ""val_balanced_accuracy"": 0.37978965044021606, ""test_cross_entropy"": 1.0935581922531128, ""test_balanced_accuracy"": 0.3787746727466583}"
2026-04-15T23:14:33.673327,random,lcbench,167201,2,155,3.928365707397461,"{""OpenML_task_id"": ""167190"", ""batch_size"": 181, ""epoch"": 1, ""learning_rate"": 0.032550626221621394, ""max_dropout"": 0.7381748019338872, ""max_units"": 174, ""momentum"": 0.30251169614967366, ""num_layers"": 2, ""weight_decay"": 0.06547543557163282}","{""time"": 3.928365707397461, ""val_accuracy"": 35.7501106262207, ""val_cross_entropy"": 1.1223560571670532, ""val_balanced_accuracy"": 0.3447171449661255, ""test_cross_entropy"": 1.1047632694244385, ""test_balanced_accuracy"": 0.34096306562423706}"
2026-04-15T23:14:33.675902,random,lcbench,167201,2,156,28.570056915283203,"{""OpenML_task_id"": ""189906"", ""batch_size"": 67, ""epoch"": 4, ""learning_rate"": 0.08369717518589018, ""max_dropout"": 0.6050094766826679, ""max_units"": 853, ""momentum"": 0.9761223957418624, ""num_layers"": 2, ""weight_decay"": 0.07565322214152188}","{""time"": 28.570056915283203, ""val_accuracy"": 39.00785446166992, ""val_cross_entropy"": 1.0731838941574097, ""val_balanced_accuracy"": 0.3762494921684265, ""test_cross_entropy"": 1.0839136838912964, ""test_balanced_accuracy"": 0.3835262060165405}"
2026-04-15T23:14:33.675902,random,lcbench,167201,2,157,66.20681762695312,"{""OpenML_task_id"": ""34539"", ""batch_size"": 333, ""epoch"": 20, ""learning_rate"": 0.002461828107748281, ""max_dropout"": 0.5275273488250386, ""max_units"": 151, ""momentum"": 0.2907608297176202, ""num_layers"": 4, ""weight_decay"": 0.010820676005598618}","{""time"": 66.20681762695312, ""val_accuracy"": 40.981136322021484, ""val_cross_entropy"": 1.069358229637146, ""val_balanced_accuracy"": 0.35188570618629456, ""test_cross_entropy"": 1.1053555011749268, ""test_balanced_accuracy"": 0.3532649874687195}"
2026-04-15T23:14:33.675902,random,lcbench,167201,2,158,17.63043212890625,"{""OpenML_task_id"": ""167168"", ""batch_size"": 51, ""epoch"": 5, ""learning_rate"": 0.0021818057285393237, ""max_dropout"": 0.5458405875237999, ""max_units"": 133, ""momentum"": 0.15130577315912222, ""num_layers"": 4, ""weight_decay"": 0.04749285321909689}","{""time"": 17.63043212890625, ""val_accuracy"": 53.27919387817383, ""val_cross_entropy"": 1.0230159759521484, ""val_balanced_accuracy"": 0.33923301100730896, ""test_cross_entropy"": 1.0965113639831543, ""test_balanced_accuracy"": 0.3422231376171112}"
2026-04-15T23:14:33.681592,random,lcbench,167201,2,159,237.48126220703125,"{""OpenML_task_id"": ""126026"", ""batch_size"": 311, ""epoch"": 50, ""learning_rate"": 0.0517776500062619, ""max_dropout"": 0.04010574067555006, ""max_units"": 997, ""momentum"": 0.7430543692895397, ""num_layers"": 2, ""weight_decay"": 0.04721875840672153}","{""time"": 237.48126220703125, ""val_accuracy"": 52.06047058105469, ""val_cross_entropy"": 1.0206176042556763, ""val_balanced_accuracy"": 0.46151837706565857, ""test_cross_entropy"": 1.0858492851257324, ""test_balanced_accuracy"": 0.46150869131088257}"
2026-04-15T23:14:33.681592,random,lcbench,167201,2,160,44.45307540893555,"{""OpenML_task_id"": ""3945"", ""batch_size"": 274, ""epoch"": 15, ""learning_rate"": 0.008398831001830788, ""max_dropout"": 0.5338504077916887, ""max_units"": 127, ""momentum"": 0.40712319269497554, ""num_layers"": 3, ""weight_decay"": 0.019976480256258502}","{""time"": 44.45307540893555, ""val_accuracy"": 49.07841110229492, ""val_cross_entropy"": 1.028847575187683, ""val_balanced_accuracy"": 0.4034489691257477, ""test_cross_entropy"": 1.10088312625885, ""test_balanced_accuracy"": 0.4000551104545593}"
2026-04-15T23:14:33.681592,random,lcbench,167201,2,161,56.865257263183594,"{""OpenML_task_id"": ""34539"", ""batch_size"": 54, ""epoch"": 18, ""learning_rate"": 0.0009665093881393277, ""max_dropout"": 0.4469723262747657, ""max_units"": 122, ""momentum"": 0.7314210358516473, ""num_layers"": 4, ""weight_decay"": 0.04009849546121262}","{""time"": 56.865257263183594, ""val_accuracy"": 58.472679138183594, ""val_cross_entropy"": 1.0242993831634521, ""val_balanced_accuracy"": 0.336345374584198, ""test_cross_entropy"": 1.1047053337097168, ""test_balanced_accuracy"": 0.3386925160884857}"
2026-04-15T23:14:33.681592,random,lcbench,167201,2,162,35.42108917236328,"{""OpenML_task_id"": ""126029"", ""batch_size"": 405, ""epoch"": 14, ""learning_rate"": 0.059022759060383165, ""max_dropout"": 0.36747475997194134, ""max_units"": 92, ""momentum"": 0.13633077344217112, ""num_layers"": 2, ""weight_decay"": 0.04607508292033024}","{""time"": 35.42108917236328, ""val_accuracy"": 46.51057434082031, ""val_cross_entropy"": 1.042177438735962, ""val_balanced_accuracy"": 0.42260849475860596, ""test_cross_entropy"": 1.1070150136947632, ""test_balanced_accuracy"": 0.42197299003601074}"
2026-04-15T23:14:33.681592,random,lcbench,167201,2,163,4.742736339569092,"{""OpenML_task_id"": ""168330"", ""batch_size"": 102, ""epoch"": 1, ""learning_rate"": 0.0007205395369863343, ""max_dropout"": 0.9165893259949076, ""max_units"": 111, ""momentum"": 0.8337121040369687, ""num_layers"": 3, ""weight_decay"": 0.07027782797644792}","{""time"": 4.742736339569092, ""val_accuracy"": 29.703641891479492, ""val_cross_entropy"": 0.9872220158576965, ""val_balanced_accuracy"": 0.3247949182987213, ""test_cross_entropy"": 1.1093270778656006, ""test_balanced_accuracy"": 0.3271450698375702}"
2026-04-15T23:14:33.681592,random,lcbench,167201,2,164,113.99671936035156,"{""OpenML_task_id"": ""126029"", ""batch_size"": 39, ""epoch"": 50, ""learning_rate"": 0.0002367154212694961, ""max_dropout"": 0.6131433170148992, ""max_units"": 588, ""momentum"": 0.6701164705298275, ""num_layers"": 1, ""weight_decay"": 0.09612146601603037}","{""time"": 113.99671936035156, ""val_accuracy"": 46.34241485595703, ""val_cross_entropy"": 1.0554579496383667, ""val_balanced_accuracy"": 0.41614705324172974, ""test_cross_entropy"": 1.0920610427856445, ""test_balanced_accuracy"": 0.4102332592010498}"
2026-04-15T23:14:33.689763,random,lcbench,167201,2,165,93.76713562011719,"{""OpenML_task_id"": ""189865"", ""batch_size"": 39, ""epoch"": 42, ""learning_rate"": 0.027263015195868046, ""max_dropout"": 0.554084240982579, ""max_units"": 180, ""momentum"": 0.7192666877728557, ""num_layers"": 2, ""weight_decay"": 0.03144470989993963}","{""time"": 93.76713562011719, ""val_accuracy"": 54.28342056274414, ""val_cross_entropy"": 0.9792355895042419, ""val_balanced_accuracy"": 0.44861340522766113, ""test_cross_entropy"": 1.0767860412597656, ""test_balanced_accuracy"": 0.4492470324039459}"
2026-04-15T23:14:33.689763,random,lcbench,167201,2,166,140.0231170654297,"{""OpenML_task_id"": ""168868"", ""batch_size"": 214, ""epoch"": 15, ""learning_rate"": 0.04964398919256619, ""max_dropout"": 0.1926321455038854, ""max_units"": 569, ""momentum"": 0.6664341222314745, ""num_layers"": 4, ""weight_decay"": 0.03333384437811629}","{""time"": 140.0231170654297, ""val_accuracy"": 46.08934020996094, ""val_cross_entropy"": 1.0463175773620605, ""val_balanced_accuracy"": 0.33329471945762634, ""test_cross_entropy"": 1.1004579067230225, ""test_balanced_accuracy"": 0.33581843972206116}"
2026-04-15T23:14:33.689763,random,lcbench,167201,2,167,30.03424835205078,"{""OpenML_task_id"": ""168908"", ""batch_size"": 338, ""epoch"": 10, ""learning_rate"": 0.00026813383503815976, ""max_dropout"": 0.7553093302353585, ""max_units"": 64, ""momentum"": 0.3397755635389468, ""num_layers"": 5, ""weight_decay"": 0.032681384851286535}","{""time"": 30.03424835205078, ""val_accuracy"": 26.152446746826172, ""val_cross_entropy"": 0.9695289731025696, ""val_balanced_accuracy"": 0.3451763987541199, ""test_cross_entropy"": 1.1068898439407349, ""test_balanced_accuracy"": 0.3420058488845825}"
2026-04-15T23:14:33.689763,random,lcbench,167201,2,168,29.263107299804688,"{""OpenML_task_id"": ""34539"", ""batch_size"": 66, ""epoch"": 8, ""learning_rate"": 0.01831955393528846, ""max_dropout"": 0.20346842289375078, ""max_units"": 102, ""momentum"": 0.2692084841405842, ""num_layers"": 3, ""weight_decay"": 0.06262327195169126}","{""time"": 29.263107299804688, ""val_accuracy"": 53.01097869873047, ""val_cross_entropy"": 1.078442096710205, ""val_balanced_accuracy"": 0.3405698239803314, ""test_cross_entropy"": 1.10438072681427, ""test_balanced_accuracy"": 0.3373457193374634}"
2026-04-15T23:14:33.689763,random,lcbench,167201,2,169,89.52375793457031,"{""OpenML_task_id"": ""167104"", ""batch_size"": 96, ""epoch"": 51, ""learning_rate"": 0.05315492962030671, ""max_dropout"": 0.017464529608453017, ""max_units"": 75, ""momentum"": 0.7756939864805044, ""num_layers"": 2, ""weight_decay"": 0.04756062997746359}","{""time"": 89.52375793457031, ""val_accuracy"": 50.417755126953125, ""val_cross_entropy"": 1.0070061683654785, ""val_balanced_accuracy"": 0.4199448525905609, ""test_cross_entropy"": 1.0867984294891357, ""test_balanced_accuracy"": 0.414410799741745}"
2026-04-15T23:14:33.689763,random,lcbench,167201,2,170,76.61933135986328,"{""OpenML_task_id"": ""167200"", ""batch_size"": 351, ""epoch"": 40, ""learning_rate"": 0.05033659292562151, ""max_dropout"": 0.18397696657691742, ""max_units"": 716, ""momentum"": 0.4730807307624796, ""num_layers"": 1, ""weight_decay"": 0.08857959116540112}","{""time"": 76.61933135986328, ""val_accuracy"": 44.756858825683594, ""val_cross_entropy"": 1.128077745437622, ""val_balanced_accuracy"": 0.39985907077789307, ""test_cross_entropy"": 1.0986888408660889, ""test_balanced_accuracy"": 0.4034697413444519}"
2026-04-15T23:14:33.698125,random,lcbench,167201,2,171,52.957950592041016,"{""OpenML_task_id"": ""126025"", ""batch_size"": 320, ""epoch"": 27, ""learning_rate"": 0.07843026739353073, ""max_dropout"": 0.6635127731755516, ""max_units"": 261, ""momentum"": 0.24339382001778082, ""num_layers"": 1, ""weight_decay"": 0.03608039897631581}","{""time"": 52.957950592041016, ""val_accuracy"": 44.22749710083008, ""val_cross_entropy"": 1.0926249027252197, ""val_balanced_accuracy"": 0.40470290184020996, ""test_cross_entropy"": 1.0923476219177246, ""test_balanced_accuracy"": 0.4088311493396759}"
2026-04-15T23:14:33.698443,random,lcbench,167201,2,172,35.25096130371094,"{""OpenML_task_id"": ""3945"", ""batch_size"": 217, ""epoch"": 16, ""learning_rate"": 0.00021296137689280433, ""max_dropout"": 0.001422191034066378, ""max_units"": 111, ""momentum"": 0.17494471483241533, ""num_layers"": 1, ""weight_decay"": 0.025985504649430058}","{""time"": 35.25096130371094, ""val_accuracy"": 41.275936126708984, ""val_cross_entropy"": 1.0131069421768188, ""val_balanced_accuracy"": 0.36759045720100403, ""test_cross_entropy"": 1.1077508926391602, ""test_balanced_accuracy"": 0.3663075566291809}"
2026-04-15T23:14:33.698443,random,lcbench,167201,2,173,85.48119354248047,"{""OpenML_task_id"": ""189862"", ""batch_size"": 17, ""epoch"": 51, ""learning_rate"": 0.004061330351679667, ""max_dropout"": 0.6895375780179005, ""max_units"": 378, ""momentum"": 0.6797350009223052, ""num_layers"": 1, ""weight_decay"": 0.07691672804487505}","{""time"": 85.48119354248047, ""val_accuracy"": 48.08290481567383, ""val_cross_entropy"": 1.0266659259796143, ""val_balanced_accuracy"": 0.41801729798316956, ""test_cross_entropy"": 1.0884698629379272, ""test_balanced_accuracy"": 0.42138826847076416}"
2026-04-15T23:14:33.698443,random,lcbench,167201,2,174,126.19136810302734,"{""OpenML_task_id"": ""168329"", ""batch_size"": 370, ""epoch"": 46, ""learning_rate"": 0.0009132589107875184, ""max_dropout"": 0.3757737398959222, ""max_units"": 326, ""momentum"": 0.6250590090221101, ""num_layers"": 2, ""weight_decay"": 0.03473191878591369}","{""time"": 126.19136810302734, ""val_accuracy"": 42.79674530029297, ""val_cross_entropy"": 1.026785135269165, ""val_balanced_accuracy"": 0.42263108491897583, ""test_cross_entropy"": 1.0970548391342163, ""test_balanced_accuracy"": 0.4187522828578949}"
2026-04-15T23:14:33.698443,random,lcbench,167201,2,175,36.82392501831055,"{""OpenML_task_id"": ""189909"", ""batch_size"": 38, ""epoch"": 6, ""learning_rate"": 0.04720645353321057, ""max_dropout"": 0.5999462868868192, ""max_units"": 141, ""momentum"": 0.5143874877588821, ""num_layers"": 4, ""weight_decay"": 0.054416778072584035}","{""time"": 36.82392501831055, ""val_accuracy"": 42.56449508666992, ""val_cross_entropy"": 1.0651060342788696, ""val_balanced_accuracy"": 0.30363619327545166, ""test_cross_entropy"": 1.114119529724121, ""test_balanced_accuracy"": 0.3030552864074707}"
2026-04-15T23:14:33.698443,random,lcbench,167201,2,176,26.564807891845703,"{""OpenML_task_id"": ""168868"", ""batch_size"": 91, ""epoch"": 8, ""learning_rate"": 0.0004005816677293658, ""max_dropout"": 0.12012177014677039, ""max_units"": 237, ""momentum"": 0.33981028866151775, ""num_layers"": 2, ""weight_decay"": 0.09118307813691198}","{""time"": 26.564807891845703, ""val_accuracy"": 40.477046966552734, ""val_cross_entropy"": 1.064537763595581, ""val_balanced_accuracy"": 0.3950430452823639, ""test_cross_entropy"": 1.106371521949768, ""test_balanced_accuracy"": 0.39164745807647705}"
2026-04-15T23:14:33.706216,random,lcbench,167201,2,177,51.88142013549805,"{""OpenML_task_id"": ""167185"", ""batch_size"": 160, ""epoch"": 18, ""learning_rate"": 0.00017033075728583422, ""max_dropout"": 0.2705345580355566, ""max_units"": 82, ""momentum"": 0.48431248635677704, ""num_layers"": 4, ""weight_decay"": 0.013929469043837996}","{""time"": 51.88142013549805, ""val_accuracy"": 29.613584518432617, ""val_cross_entropy"": 1.0532270669937134, ""val_balanced_accuracy"": 0.3311762809753418, ""test_cross_entropy"": 1.109580397605896, ""test_balanced_accuracy"": 0.3389064371585846}"
2026-04-15T23:14:33.707004,random,lcbench,167201,2,178,54.841880798339844,"{""OpenML_task_id"": ""167149"", ""batch_size"": 208, ""epoch"": 31, ""learning_rate"": 0.09802737559872111, ""max_dropout"": 0.9756334144599198, ""max_units"": 85, ""momentum"": 0.524856387270864, ""num_layers"": 3, ""weight_decay"": 0.02469754644676596}","{""time"": 54.841880798339844, ""val_accuracy"": 50.36931228637695, ""val_cross_entropy"": 1.0029256343841553, ""val_balanced_accuracy"": 0.36758625507354736, ""test_cross_entropy"": 1.1005775928497314, ""test_balanced_accuracy"": 0.3699799180030823}"
2026-04-15T23:14:33.707004,random,lcbench,167201,2,179,102.29431915283203,"{""OpenML_task_id"": ""189862"", ""batch_size"": 65, ""epoch"": 32, ""learning_rate"": 0.004490604683645243, ""max_dropout"": 0.1773229539640402, ""max_units"": 498, ""momentum"": 0.8625823920374454, ""num_layers"": 2, ""weight_decay"": 0.05849428575137381}","{""time"": 102.29431915283203, ""val_accuracy"": 53.467525482177734, ""val_cross_entropy"": 1.044388771057129, ""val_balanced_accuracy"": 0.43650034070014954, ""test_cross_entropy"": 1.0969961881637573, ""test_balanced_accuracy"": 0.4377100467681885}"
2026-04-15T23:14:33.707004,random,lcbench,167201,2,180,79.30229187011719,"{""OpenML_task_id"": ""189905"", ""batch_size"": 35, ""epoch"": 23, ""learning_rate"": 0.0006980127660220722, ""max_dropout"": 0.29263548815739127, ""max_units"": 431, ""momentum"": 0.5920531446983588, ""num_layers"": 2, ""weight_decay"": 0.017215496890716775}","{""time"": 79.30229187011719, ""val_accuracy"": 51.498226165771484, ""val_cross_entropy"": 1.0143749713897705, ""val_balanced_accuracy"": 0.4397417902946472, ""test_cross_entropy"": 1.07309091091156, ""test_balanced_accuracy"": 0.4382689297199249}"
2026-04-15T23:14:33.707004,random,lcbench,167201,2,181,69.50613403320312,"{""OpenML_task_id"": ""167185"", ""batch_size"": 22, ""epoch"": 28, ""learning_rate"": 0.00011145615269833546, ""max_dropout"": 0.4545335359599455, ""max_units"": 369, ""momentum"": 0.2296377602401664, ""num_layers"": 1, ""weight_decay"": 0.003868118506179017}","{""time"": 69.50613403320312, ""val_accuracy"": 46.57307052612305, ""val_cross_entropy"": 1.0315090417861938, ""val_balanced_accuracy"": 0.4048534631729126, ""test_cross_entropy"": 1.0821129083633423, ""test_balanced_accuracy"": 0.4053170382976532}"
2026-04-15T23:14:33.707004,random,lcbench,167201,2,182,101.58035278320312,"{""OpenML_task_id"": ""126025"", ""batch_size"": 63, ""epoch"": 46, ""learning_rate"": 0.005221543844963965, ""max_dropout"": 0.5938667587493519, ""max_units"": 188, ""momentum"": 0.5132025805348962, ""num_layers"": 2, ""weight_decay"": 0.03743933982123251}","{""time"": 101.58035278320312, ""val_accuracy"": 51.9495735168457, ""val_cross_entropy"": 1.0063453912734985, ""val_balanced_accuracy"": 0.43776431679725647, ""test_cross_entropy"": 1.0837666988372803, ""test_balanced_accuracy"": 0.4382622539997101}"
2026-04-15T23:14:33.714630,random,lcbench,167201,2,183,148.26443481445312,"{""OpenML_task_id"": ""167161"", ""batch_size"": 173, ""epoch"": 46, ""learning_rate"": 0.0004060759680761775, ""max_dropout"": 0.2682346233772883, ""max_units"": 189, ""momentum"": 0.9274986208187085, ""num_layers"": 3, ""weight_decay"": 0.041174062260295234}","{""time"": 148.26443481445312, ""val_accuracy"": 51.31291580200195, ""val_cross_entropy"": 1.0287930965423584, ""val_balanced_accuracy"": 0.39787495136260986, ""test_cross_entropy"": 1.0974252223968506, ""test_balanced_accuracy"": 0.3962497115135193}"
2026-04-15T23:14:33.717225,random,lcbench,167201,2,184,1173.196044921875,"{""OpenML_task_id"": ""168335"", ""batch_size"": 216, ""epoch"": 37, ""learning_rate"": 0.010798550951392535, ""max_dropout"": 0.14190065572781863, ""max_units"": 970, ""momentum"": 0.7026854511113216, ""num_layers"": 5, ""weight_decay"": 0.08015455314625199}","{""time"": 1173.196044921875, ""val_accuracy"": 57.321598052978516, ""val_cross_entropy"": 1.0240424871444702, ""val_balanced_accuracy"": 0.3446947932243347, ""test_cross_entropy"": 1.0941330194473267, ""test_balanced_accuracy"": 0.34412986040115356}"
2026-04-15T23:14:33.717225,random,lcbench,167201,2,185,113.8112564086914,"{""OpenML_task_id"": ""167152"", ""batch_size"": 92, ""epoch"": 49, ""learning_rate"": 0.0012381937693729935, ""max_dropout"": 0.4194152556913435, ""max_units"": 67, ""momentum"": 0.40332954780996066, ""num_layers"": 2, ""weight_decay"": 0.013931902397966508}","{""time"": 113.8112564086914, ""val_accuracy"": 45.80609130859375, ""val_cross_entropy"": 1.0096676349639893, ""val_balanced_accuracy"": 0.4266458749771118, ""test_cross_entropy"": 1.083733320236206, ""test_balanced_accuracy"": 0.4230552911758423}"
2026-04-15T23:14:33.717225,random,lcbench,167201,2,186,50.871822357177734,"{""OpenML_task_id"": ""126029"", ""batch_size"": 18, ""epoch"": 17, ""learning_rate"": 0.0002938465786746167, ""max_dropout"": 0.6019400117517768, ""max_units"": 155, ""momentum"": 0.33820167381048616, ""num_layers"": 1, ""weight_decay"": 0.09369944393133586}","{""time"": 50.871822357177734, ""val_accuracy"": 47.12529373168945, ""val_cross_entropy"": 0.9989693760871887, ""val_balanced_accuracy"": 0.4152059555053711, ""test_cross_entropy"": 1.089274525642395, ""test_balanced_accuracy"": 0.41210445761680603}"
2026-04-15T23:14:33.717225,random,lcbench,167201,2,187,52.170074462890625,"{""OpenML_task_id"": ""167190"", ""batch_size"": 20, ""epoch"": 13, ""learning_rate"": 0.0001490403409575278, ""max_dropout"": 0.17063545838239813, ""max_units"": 115, ""momentum"": 0.47350493853615605, ""num_layers"": 3, ""weight_decay"": 0.02327873629763296}","{""time"": 52.170074462890625, ""val_accuracy"": 54.4863166809082, ""val_cross_entropy"": 1.0347766876220703, ""val_balanced_accuracy"": 0.3679622411727905, ""test_cross_entropy"": 1.098598599433899, ""test_balanced_accuracy"": 0.3690876066684723}"
2026-04-15T23:14:33.722844,random,lcbench,167201,2,188,72.03152465820312,"{""OpenML_task_id"": ""168868"", ""batch_size"": 311, ""epoch"": 20, ""learning_rate"": 0.07536983125389941, ""max_dropout"": 0.8876497413141778, ""max_units"": 94, ""momentum"": 0.9441262652235923, ""num_layers"": 5, ""weight_decay"": 0.04033169595862205}","{""time"": 72.03152465820312, ""val_accuracy"": 42.490596771240234, ""val_cross_entropy"": 0.9571845531463623, ""val_balanced_accuracy"": 0.34490326046943665, ""test_cross_entropy"": 1.1158450841903687, ""test_balanced_accuracy"": 0.3372434079647064}"
2026-04-15T23:14:33.722844,random,lcbench,167201,2,189,412.90985107421875,"{""OpenML_task_id"": ""167152"", ""batch_size"": 378, ""epoch"": 49, ""learning_rate"": 0.02225246563280586, ""max_dropout"": 0.4986612895693362, ""max_units"": 487, ""momentum"": 0.7687555033420378, ""num_layers"": 4, ""weight_decay"": 0.0547119087654925}","{""time"": 412.90985107421875, ""val_accuracy"": 53.26425552368164, ""val_cross_entropy"": 1.0526372194290161, ""val_balanced_accuracy"": 0.34564876556396484, ""test_cross_entropy"": 1.1010470390319824, ""test_balanced_accuracy"": 0.34364446997642517}"
2026-04-15T23:14:33.722844,random,lcbench,167201,2,190,68.07820129394531,"{""OpenML_task_id"": ""189873"", ""batch_size"": 24, ""epoch"": 29, ""learning_rate"": 0.000109893670663995, ""max_dropout"": 0.9925588819409356, ""max_units"": 373, ""momentum"": 0.6329070782880005, ""num_layers"": 1, ""weight_decay"": 0.06305024663718967}","{""time"": 68.07820129394531, ""val_accuracy"": 47.058555603027344, ""val_cross_entropy"": 1.0316805839538574, ""val_balanced_accuracy"": 0.41040778160095215, ""test_cross_entropy"": 1.0860661268234253, ""test_balanced_accuracy"": 0.40620705485343933}"
2026-04-15T23:14:33.722844,random,lcbench,167201,2,191,43.65125274658203,"{""OpenML_task_id"": ""189906"", ""batch_size"": 111, ""epoch"": 10, ""learning_rate"": 0.00021627932577590698, ""max_dropout"": 0.5960063894830863, ""max_units"": 343, ""momentum"": 0.24315737516095706, ""num_layers"": 5, ""weight_decay"": 0.05363985689347626}","{""time"": 43.65125274658203, ""val_accuracy"": 26.734872817993164, ""val_cross_entropy"": 0.9875364303588867, ""val_balanced_accuracy"": 0.35265234112739563, ""test_cross_entropy"": 1.0998280048370361, ""test_balanced_accuracy"": 0.35037147998809814}"
2026-04-15T23:14:33.722844,random,lcbench,167201,2,192,122.50996398925781,"{""OpenML_task_id"": ""189909"", ""batch_size"": 282, ""epoch"": 36, ""learning_rate"": 0.0010087294878670693, ""max_dropout"": 0.6942672078089742, ""max_units"": 156, ""momentum"": 0.11816081269021067, ""num_layers"": 4, ""weight_decay"": 0.025149784409147596}","{""time"": 122.50996398925781, ""val_accuracy"": 36.650081634521484, ""val_cross_entropy"": 1.070702314376831, ""val_balanced_accuracy"": 0.3360574543476105, ""test_cross_entropy"": 1.1021746397018433, ""test_balanced_accuracy"": 0.3405536115169525}"
2026-04-15T23:14:33.722844,random,lcbench,167201,2,193,59.88289260864258,"{""OpenML_task_id"": ""168329"", ""batch_size"": 121, ""epoch"": 34, ""learning_rate"": 0.06379714549931802, ""max_dropout"": 0.09113364814277314, ""max_units"": 761, ""momentum"": 0.141193949840522, ""num_layers"": 1, ""weight_decay"": 0.027027489509352253}","{""time"": 59.88289260864258, ""val_accuracy"": 44.81255340576172, ""val_cross_entropy"": 1.0524122714996338, ""val_balanced_accuracy"": 0.4147951304912567, ""test_cross_entropy"": 1.091233491897583, ""test_balanced_accuracy"": 0.41750815510749817}"
2026-04-15T23:14:33.731518,random,lcbench,167201,2,194,114.8919677734375,"{""OpenML_task_id"": ""189866"", ""batch_size"": 78, ""epoch"": 28, ""learning_rate"": 0.0003945796545114309, ""max_dropout"": 0.30025027767089885, ""max_units"": 128, ""momentum"": 0.20757862533216787, ""num_layers"": 5, ""weight_decay"": 0.0898947587365249}","{""time"": 114.8919677734375, ""val_accuracy"": 52.061065673828125, ""val_cross_entropy"": 0.9768741726875305, ""val_balanced_accuracy"": 0.3761102855205536, ""test_cross_entropy"": 1.0731792449951172, ""test_balanced_accuracy"": 0.3715307116508484}"
2026-04-15T23:14:33.731518,random,lcbench,167201,2,195,12.97150707244873,"{""OpenML_task_id"": ""189865"", ""batch_size"": 116, ""epoch"": 4, ""learning_rate"": 0.05873387572054727, ""max_dropout"": 0.9416037466648115, ""max_units"": 553, ""momentum"": 0.8345880890561983, ""num_layers"": 1, ""weight_decay"": 0.004035901560827741}","{""time"": 12.97150707244873, ""val_accuracy"": 45.602108001708984, ""val_cross_entropy"": 1.041085124015808, ""val_balanced_accuracy"": 0.41170457005500793, ""test_cross_entropy"": 1.0694106817245483, ""test_balanced_accuracy"": 0.40928915143013}"
2026-04-15T23:14:33.731518,random,lcbench,167201,2,196,202.83424377441406,"{""OpenML_task_id"": ""168331"", ""batch_size"": 17, ""epoch"": 33, ""learning_rate"": 0.00015865302678920397, ""max_dropout"": 0.3485635786285938, ""max_units"": 905, ""momentum"": 0.4061150359253496, ""num_layers"": 2, ""weight_decay"": 0.04687667230616099}","{""time"": 202.83424377441406, ""val_accuracy"": 52.00370407104492, ""val_cross_entropy"": 1.015795111656189, ""val_balanced_accuracy"": 0.4393075406551361, ""test_cross_entropy"": 1.0808610916137695, ""test_balanced_accuracy"": 0.43756231665611267}"
2026-04-15T23:14:33.731518,random,lcbench,167201,2,197,54.70243453979492,"{""OpenML_task_id"": ""189865"", ""batch_size"": 41, ""epoch"": 23, ""learning_rate"": 0.028723185232517733, ""max_dropout"": 0.4429147399016795, ""max_units"": 180, ""momentum"": 0.7293879677933327, ""num_layers"": 2, ""weight_decay"": 0.030032105365236792}","{""time"": 54.70243453979492, ""val_accuracy"": 52.60687255859375, ""val_cross_entropy"": 1.0215649604797363, ""val_balanced_accuracy"": 0.4507783055305481, ""test_cross_entropy"": 1.0728044509887695, ""test_balanced_accuracy"": 0.453499972820282}"
2026-04-15T23:14:33.731518,random,lcbench,167201,2,198,47.59760665893555,"{""OpenML_task_id"": ""168330"", ""batch_size"": 59, ""epoch"": 18, ""learning_rate"": 0.00033019241945811753, ""max_dropout"": 0.5622658457777588, ""max_units"": 556, ""momentum"": 0.377991110980486, ""num_layers"": 1, ""weight_decay"": 0.050041503142957536}","{""time"": 47.59760665893555, ""val_accuracy"": 43.58634948730469, ""val_cross_entropy"": 1.0220736265182495, ""val_balanced_accuracy"": 0.39965394139289856, ""test_cross_entropy"": 1.088187336921692, ""test_balanced_accuracy"": 0.3956930935382843}"
2026-04-15T23:14:33.731518,random,lcbench,167201,2,199,141.29347229003906,"{""OpenML_task_id"": ""167149"", ""batch_size"": 188, ""epoch"": 44, ""learning_rate"": 0.0017562863006436353, ""max_dropout"": 0.6774819598622229, ""max_units"": 74, ""momentum"": 0.6495727091204397, ""num_layers"": 5, ""weight_decay"": 0.00996448952121169}","{""time"": 141.29347229003906, ""val_accuracy"": 46.12407302856445, ""val_cross_entropy"": 0.9944407939910889, ""val_balanced_accuracy"": 0.3500501811504364, ""test_cross_entropy"": 1.1072758436203003, ""test_balanced_accuracy"": 0.3506796658039093}"
2026-04-15T23:14:33.739281,random,lcbench,167201,2,200,49.38531494140625,"{""OpenML_task_id"": ""168331"", ""batch_size"": 35, ""epoch"": 8, ""learning_rate"": 0.00014750453470097866, ""max_dropout"": 0.4654849519651769, ""max_units"": 459, ""momentum"": 0.3410103968859759, ""num_layers"": 5, ""weight_decay"": 0.06183813501780319}","{""time"": 49.38531494140625, ""val_accuracy"": 43.099266052246094, ""val_cross_entropy"": 0.9516417384147644, ""val_balanced_accuracy"": 0.35620206594467163, ""test_cross_entropy"": 1.089084506034851, ""test_balanced_accuracy"": 0.3545069396495819}"
2026-04-15T23:14:33.739281,random,lcbench,167201,2,201,25.012760162353516,"{""OpenML_task_id"": ""167149"", ""batch_size"": 42, ""epoch"": 10, ""learning_rate"": 0.008097083429203566, ""max_dropout"": 0.20504783900149026, ""max_units"": 137, ""momentum"": 0.2364088951472514, ""num_layers"": 1, ""weight_decay"": 0.054311889155403296}","{""time"": 25.012760162353516, ""val_accuracy"": 44.364959716796875, ""val_cross_entropy"": 1.0343225002288818, ""val_balanced_accuracy"": 0.41265740990638733, ""test_cross_entropy"": 1.0976231098175049, ""test_balanced_accuracy"": 0.4127471446990967}"
2026-04-15T23:14:33.739281,random,lcbench,167201,2,202,9.437918663024902,"{""OpenML_task_id"": ""7593"", ""batch_size"": 320, ""epoch"": 2, ""learning_rate"": 0.0001409780226100125, ""max_dropout"": 0.6250605837459229, ""max_units"": 94, ""momentum"": 0.9053995125576686, ""num_layers"": 5, ""weight_decay"": 0.0778841457407033}","{""time"": 9.437918663024902, ""val_accuracy"": 22.522424697875977, ""val_cross_entropy"": 0.9538664221763611, ""val_balanced_accuracy"": 0.3421252369880676, ""test_cross_entropy"": 1.0880237817764282, ""test_balanced_accuracy"": 0.33601194620132446}"
2026-04-15T23:14:33.739281,random,lcbench,167201,2,203,109.7882080078125,"{""OpenML_task_id"": ""189909"", ""batch_size"": 68, ""epoch"": 29, ""learning_rate"": 0.011947523261506799, ""max_dropout"": 0.32703482030978215, ""max_units"": 175, ""momentum"": 0.2614592421794685, ""num_layers"": 5, ""weight_decay"": 0.07016386537389536}","{""time"": 109.7882080078125, ""val_accuracy"": 71.61722564697266, ""val_cross_entropy"": 0.9859097599983215, ""val_balanced_accuracy"": 0.3734041154384613, ""test_cross_entropy"": 1.071633219718933, ""test_balanced_accuracy"": 0.36800435185432434}"
2026-04-15T23:14:33.739281,random,lcbench,167201,2,204,60.504825592041016,"{""OpenML_task_id"": ""189909"", ""batch_size"": 201, ""epoch"": 45, ""learning_rate"": 0.0007098076176684745, ""max_dropout"": 0.4769185563077132, ""max_units"": 107, ""momentum"": 0.919787611082679, ""num_layers"": 1, ""weight_decay"": 0.051862467340429576}","{""time"": 60.504825592041016, ""val_accuracy"": 46.0977783203125, ""val_cross_entropy"": 1.0479103326797485, ""val_balanced_accuracy"": 0.4200890362262726, ""test_cross_entropy"": 1.0954920053482056, ""test_balanced_accuracy"": 0.4165727198123932}"
2026-04-15T23:14:33.747460,random,lcbench,167201,2,205,1580.45263671875,"{""OpenML_task_id"": ""168331"", ""batch_size"": 73, ""epoch"": 42, ""learning_rate"": 0.03149248117322897, ""max_dropout"": 0.13471787706038296, ""max_units"": 938, ""momentum"": 0.22003592909649577, ""num_layers"": 4, ""weight_decay"": 0.07848337950452387}","{""time"": 1580.45263671875, ""val_accuracy"": 57.685401916503906, ""val_cross_entropy"": 1.082528829574585, ""val_balanced_accuracy"": 0.31634292006492615, ""test_cross_entropy"": 1.1096354722976685, ""test_balanced_accuracy"": 0.32223230600357056}"
2026-04-15T23:14:33.747460,random,lcbench,167201,2,206,173.0567169189453,"{""OpenML_task_id"": ""167201"", ""batch_size"": 23, ""epoch"": 40, ""learning_rate"": 0.003421179472498849, ""max_dropout"": 0.4087512568491557, ""max_units"": 76, ""momentum"": 0.7477527787865337, ""num_layers"": 5, ""weight_decay"": 0.09844122090371699}","{""time"": 173.0567169189453, ""val_accuracy"": 73.34900665283203, ""val_cross_entropy"": 0.9980065226554871, ""val_balanced_accuracy"": 0.3654603362083435, ""test_cross_entropy"": 1.0629851818084717, ""test_balanced_accuracy"": 0.3576371371746063}"
2026-04-15T23:14:33.747460,random,lcbench,167201,2,207,40.28221130371094,"{""OpenML_task_id"": ""167104"", ""batch_size"": 81, ""epoch"": 27, ""learning_rate"": 0.04892109484136141, ""max_dropout"": 0.25761373631513784, ""max_units"": 305, ""momentum"": 0.8233905010948318, ""num_layers"": 1, ""weight_decay"": 0.013303318137326}","{""time"": 40.28221130371094, ""val_accuracy"": 44.11855697631836, ""val_cross_entropy"": 1.0518767833709717, ""val_balanced_accuracy"": 0.41045787930488586, ""test_cross_entropy"": 1.0782560110092163, ""test_balanced_accuracy"": 0.411763459444046}"
2026-04-15T23:14:33.747460,random,lcbench,167201,2,208,133.48025512695312,"{""OpenML_task_id"": ""189906"", ""batch_size"": 388, ""epoch"": 29, ""learning_rate"": 0.019959964189195198, ""max_dropout"": 0.17239456693012245, ""max_units"": 244, ""momentum"": 0.3459622757152456, ""num_layers"": 4, ""weight_decay"": 0.07825255942791964}","{""time"": 133.48025512695312, ""val_accuracy"": 54.92832565307617, ""val_cross_entropy"": 1.0875608921051025, ""val_balanced_accuracy"": 0.3363434374332428, ""test_cross_entropy"": 1.1099342107772827, ""test_balanced_accuracy"": 0.3368307054042816}"
2026-04-15T23:14:33.747460,random,lcbench,167201,2,209,97.55870056152344,"{""OpenML_task_id"": ""168335"", ""batch_size"": 31, ""epoch"": 47, ""learning_rate"": 0.011765642195125537, ""max_dropout"": 0.6169451103011004, ""max_units"": 80, ""momentum"": 0.971008072518303, ""num_layers"": 2, ""weight_decay"": 0.047773072214521234}","{""time"": 97.55870056152344, ""val_accuracy"": 56.04567337036133, ""val_cross_entropy"": 0.9800422191619873, ""val_balanced_accuracy"": 0.40227869153022766, ""test_cross_entropy"": 1.0980489253997803, ""test_balanced_accuracy"": 0.40246516466140747}"
2026-04-15T23:14:33.756125,random,lcbench,167201,2,210,140.45399475097656,"{""OpenML_task_id"": ""168335"", ""batch_size"": 26, ""epoch"": 21, ""learning_rate"": 0.09925728301324871, ""max_dropout"": 0.6212936118186874, ""max_units"": 303, ""momentum"": 0.5083691341415817, ""num_layers"": 3, ""weight_decay"": 0.06124711863203258}","{""time"": 140.45399475097656, ""val_accuracy"": 47.626258850097656, ""val_cross_entropy"": 1.0598036050796509, ""val_balanced_accuracy"": 0.34115755558013916, ""test_cross_entropy"": 1.0960521697998047, ""test_balanced_accuracy"": 0.34192952513694763}"
2026-04-15T23:14:33.756125,random,lcbench,167201,2,211,206.60350036621094,"{""OpenML_task_id"": ""167200"", ""batch_size"": 48, ""epoch"": 45, ""learning_rate"": 0.00010384829059287973, ""max_dropout"": 0.9940021359710237, ""max_units"": 223, ""momentum"": 0.493717750214573, ""num_layers"": 5, ""weight_decay"": 0.09283080117683468}","{""time"": 206.60350036621094, ""val_accuracy"": 53.759578704833984, ""val_cross_entropy"": 0.970474362373352, ""val_balanced_accuracy"": 0.38344794511795044, ""test_cross_entropy"": 1.03582763671875, ""test_balanced_accuracy"": 0.3758205771446228}"
2026-04-15T23:14:33.756125,random,lcbench,167201,2,212,78.17276763916016,"{""OpenML_task_id"": ""189908"", ""batch_size"": 28, ""epoch"": 20, ""learning_rate"": 0.01845656115248307, ""max_dropout"": 0.1975739431925131, ""max_units"": 135, ""momentum"": 0.4467653685483006, ""num_layers"": 4, ""weight_decay"": 0.051168877444868255}","{""time"": 78.17276763916016, ""val_accuracy"": 60.3863639831543, ""val_cross_entropy"": 1.0717370510101318, ""val_balanced_accuracy"": 0.3141464293003082, ""test_cross_entropy"": 1.1048389673233032, ""test_balanced_accuracy"": 0.313616007566452}"
2026-04-15T23:14:33.756125,random,lcbench,167201,2,213,12.240804672241211,"{""OpenML_task_id"": ""146212"", ""batch_size"": 107, ""epoch"": 2, ""learning_rate"": 0.0001706252265110397, ""max_dropout"": 0.5074311230353034, ""max_units"": 277, ""momentum"": 0.40893339736471557, ""num_layers"": 3, ""weight_decay"": 0.07253291835904879}","{""time"": 12.240804672241211, ""val_accuracy"": 29.935012817382812, ""val_cross_entropy"": 1.009054183959961, ""val_balanced_accuracy"": 0.32405051589012146, ""test_cross_entropy"": 1.1026129722595215, ""test_balanced_accuracy"": 0.329637348651886}"
2026-04-15T23:14:33.756125,random,lcbench,167201,2,214,99.84144592285156,"{""OpenML_task_id"": ""189862"", ""batch_size"": 47, ""epoch"": 41, ""learning_rate"": 0.002471848192265015, ""max_dropout"": 0.03390878175693346, ""max_units"": 112, ""momentum"": 0.401964746411952, ""num_layers"": 2, ""weight_decay"": 0.03374088319237925}","{""time"": 99.84144592285156, ""val_accuracy"": 53.18781280517578, ""val_cross_entropy"": 1.0108400583267212, ""val_balanced_accuracy"": 0.43111881613731384, ""test_cross_entropy"": 1.0832346677780151, ""test_balanced_accuracy"": 0.4295895993709564}"
2026-04-15T23:14:33.756125,random,lcbench,167201,2,215,94.71537780761719,"{""OpenML_task_id"": ""126029"", ""batch_size"": 128, ""epoch"": 40, ""learning_rate"": 0.004817290969054896, ""max_dropout"": 0.09099015910972674, ""max_units"": 301, ""momentum"": 0.539728369499511, ""num_layers"": 2, ""weight_decay"": 0.04232238984757203}","{""time"": 94.71537780761719, ""val_accuracy"": 49.56297302246094, ""val_cross_entropy"": 1.0271623134613037, ""val_balanced_accuracy"": 0.4364853501319885, ""test_cross_entropy"": 1.0887798070907593, ""test_balanced_accuracy"": 0.436717689037323}"
2026-04-15T23:14:33.764319,random,lcbench,167201,2,216,161.1033172607422,"{""OpenML_task_id"": ""189905"", ""batch_size"": 70, ""epoch"": 4, ""learning_rate"": 0.04053944169583072, ""max_dropout"": 0.027276237756660437, ""max_units"": 861, ""momentum"": 0.9347592419077749, ""num_layers"": 4, ""weight_decay"": 0.06787833998837388}","{""time"": 161.1033172607422, ""val_accuracy"": 34.990501403808594, ""val_cross_entropy"": 0.98732990026474, ""val_balanced_accuracy"": 0.30806970596313477, ""test_cross_entropy"": 1.1244057416915894, ""test_balanced_accuracy"": 0.315031498670578}"
2026-04-15T23:14:33.766424,random,lcbench,167201,2,217,103.84078979492188,"{""OpenML_task_id"": ""126025"", ""batch_size"": 54, ""epoch"": 13, ""learning_rate"": 0.03611251534247615, ""max_dropout"": 0.8898321515037307, ""max_units"": 384, ""momentum"": 0.4347244889003715, ""num_layers"": 5, ""weight_decay"": 0.052684610186519924}","{""time"": 103.84078979492188, ""val_accuracy"": 53.27919387817383, ""val_cross_entropy"": 1.0478466749191284, ""val_balanced_accuracy"": 0.34131115674972534, ""test_cross_entropy"": 1.1037297248840332, ""test_balanced_accuracy"": 0.333322674036026}"
2026-04-15T23:14:33.766424,random,lcbench,167201,2,218,17.274845123291016,"{""OpenML_task_id"": ""167152"", ""batch_size"": 188, ""epoch"": 5, ""learning_rate"": 0.0001581856238420096, ""max_dropout"": 0.6326903779184241, ""max_units"": 65, ""momentum"": 0.36145886004007477, ""num_layers"": 1, ""weight_decay"": 0.05815516306563155}","{""time"": 17.274845123291016, ""val_accuracy"": 36.30228805541992, ""val_cross_entropy"": 1.13832688331604, ""val_balanced_accuracy"": 0.31927433609962463, ""test_cross_entropy"": 1.1164942979812622, ""test_balanced_accuracy"": 0.3132602870464325}"
2026-04-15T23:14:33.766424,random,lcbench,167201,2,219,123.90583038330078,"{""OpenML_task_id"": ""168331"", ""batch_size"": 109, ""epoch"": 44, ""learning_rate"": 0.08181468388587158, ""max_dropout"": 0.38828883053281416, ""max_units"": 248, ""momentum"": 0.22426996207114683, ""num_layers"": 4, ""weight_decay"": 0.008326429088538048}","{""time"": 123.90583038330078, ""val_accuracy"": 61.28258514404297, ""val_cross_entropy"": 0.8354490995407104, ""val_balanced_accuracy"": 0.5428781509399414, ""test_cross_entropy"": 0.9677555561065674, ""test_balanced_accuracy"": 0.5348562598228455}"
2026-04-15T23:14:33.766424,random,lcbench,167201,2,220,102.9915542602539,"{""OpenML_task_id"": ""126029"", ""batch_size"": 170, ""epoch"": 41, ""learning_rate"": 0.0008861541671978378, ""max_dropout"": 0.2684294945596619, ""max_units"": 254, ""momentum"": 0.8500009599991651, ""num_layers"": 2, ""weight_decay"": 0.033955780078627235}","{""time"": 102.9915542602539, ""val_accuracy"": 47.093936920166016, ""val_cross_entropy"": 1.018675446510315, ""val_balanced_accuracy"": 0.42774996161460876, ""test_cross_entropy"": 1.091264247894287, ""test_balanced_accuracy"": 0.427435964345932}"
2026-04-15T23:14:33.766424,random,lcbench,167201,2,221,27.506072998046875,"{""OpenML_task_id"": ""7593"", ""batch_size"": 76, ""epoch"": 13, ""learning_rate"": 0.00024715039877884975, ""max_dropout"": 0.40758577211265834, ""max_units"": 128, ""momentum"": 0.5828357738999526, ""num_layers"": 1, ""weight_decay"": 0.021111187129013033}","{""time"": 27.506072998046875, ""val_accuracy"": 44.19941329956055, ""val_cross_entropy"": 1.0134572982788086, ""val_balanced_accuracy"": 0.3951493203639984, ""test_cross_entropy"": 1.090822696685791, ""test_balanced_accuracy"": 0.39355021715164185}"
2026-04-15T23:14:33.772615,random,lcbench,167201,2,222,106.55164337158203,"{""OpenML_task_id"": ""189908"", ""batch_size"": 27, ""epoch"": 42, ""learning_rate"": 0.044824600414430926, ""max_dropout"": 0.5875487442230597, ""max_units"": 110, ""momentum"": 0.10659526637837122, ""num_layers"": 5, ""weight_decay"": 0.0003473492959653521}","{""time"": 106.55164337158203, ""val_accuracy"": 72.80207824707031, ""val_cross_entropy"": 0.5770771503448486, ""val_balanced_accuracy"": 0.6649389266967773, ""test_cross_entropy"": 0.8582817316055298, ""test_balanced_accuracy"": 0.6493238210678101}"
2026-04-15T23:14:33.772615,random,lcbench,167201,2,223,75.71431732177734,"{""OpenML_task_id"": ""167184"", ""batch_size"": 197, ""epoch"": 14, ""learning_rate"": 0.01619728144159144, ""max_dropout"": 0.8087664382738896, ""max_units"": 239, ""momentum"": 0.6687116328382003, ""num_layers"": 4, ""weight_decay"": 0.07698776706352804}","{""time"": 75.71431732177734, ""val_accuracy"": 45.881553649902344, ""val_cross_entropy"": 1.0445079803466797, ""val_balanced_accuracy"": 0.3179956376552582, ""test_cross_entropy"": 1.1047595739364624, ""test_balanced_accuracy"": 0.3173394501209259}"
2026-04-15T23:14:33.772615,random,lcbench,167201,2,224,13.308969497680664,"{""OpenML_task_id"": ""189862"", ""batch_size"": 371, ""epoch"": 3, ""learning_rate"": 0.00024204361775310374, ""max_dropout"": 0.7567504185768134, ""max_units"": 127, ""momentum"": 0.28877740274893504, ""num_layers"": 3, ""weight_decay"": 0.05445753969280138}","{""time"": 13.308969497680664, ""val_accuracy"": 29.74917221069336, ""val_cross_entropy"": 1.0303549766540527, ""val_balanced_accuracy"": 0.3178628385066986, ""test_cross_entropy"": 1.1037782430648804, ""test_balanced_accuracy"": 0.32395967841148376}"
2026-04-15T23:14:33.775876,random,lcbench,167201,2,225,3.9158153533935547,"{""OpenML_task_id"": ""189865"", ""batch_size"": 27, ""epoch"": 1, ""learning_rate"": 0.0004248822374543533, ""max_dropout"": 0.6515251302348806, ""max_units"": 186, ""momentum"": 0.5534112922921341, ""num_layers"": 5, ""weight_decay"": 0.07023985269162927}","{""time"": 3.9158153533935547, ""val_accuracy"": 24.28385353088379, ""val_cross_entropy"": 0.9005427956581116, ""val_balanced_accuracy"": 0.3573487102985382, ""test_cross_entropy"": 1.0877795219421387, ""test_balanced_accuracy"": 0.35077399015426636}"
2026-04-15T23:14:33.775876,random,lcbench,167201,2,226,37.26457977294922,"{""OpenML_task_id"": ""167168"", ""batch_size"": 41, ""epoch"": 13, ""learning_rate"": 0.01064641449477413, ""max_dropout"": 0.36407142573098594, ""max_units"": 363, ""momentum"": 0.5751821307360088, ""num_layers"": 2, ""weight_decay"": 0.01993368854388996}","{""time"": 37.26457977294922, ""val_accuracy"": 54.08942794799805, ""val_cross_entropy"": 0.9771495461463928, ""val_balanced_accuracy"": 0.4736413359642029, ""test_cross_entropy"": 1.0598286390304565, ""test_balanced_accuracy"": 0.47722506523132324}"
2026-04-15T23:14:33.775876,random,lcbench,167201,2,227,80.36906433105469,"{""OpenML_task_id"": ""168330"", ""batch_size"": 222, ""epoch"": 12, ""learning_rate"": 0.0003379760384565048, ""max_dropout"": 0.29021012011356573, ""max_units"": 619, ""momentum"": 0.46371240841470085, ""num_layers"": 5, ""weight_decay"": 0.07337222259113702}","{""time"": 80.36906433105469, ""val_accuracy"": 24.436159133911133, ""val_cross_entropy"": 0.9850722551345825, ""val_balanced_accuracy"": 0.35268664360046387, ""test_cross_entropy"": 1.1000415086746216, ""test_balanced_accuracy"": 0.3514684736728668}"
2026-04-15T23:14:33.775876,random,lcbench,167201,2,228,29.357929229736328,"{""OpenML_task_id"": ""167184"", ""batch_size"": 48, ""epoch"": 6, ""learning_rate"": 0.00026937826809659096, ""max_dropout"": 0.6293111630108505, ""max_units"": 174, ""momentum"": 0.7751648673721734, ""num_layers"": 3, ""weight_decay"": 0.05552305241998483}","{""time"": 29.357929229736328, ""val_accuracy"": 48.409488677978516, ""val_cross_entropy"": 1.027180790901184, ""val_balanced_accuracy"": 0.3599666953086853, ""test_cross_entropy"": 1.1052608489990234, ""test_balanced_accuracy"": 0.363515168428421}"
2026-04-15T23:14:33.781020,random,lcbench,167201,2,229,57.65871047973633,"{""OpenML_task_id"": ""146212"", ""batch_size"": 115, ""epoch"": 19, ""learning_rate"": 0.00018576888952348238, ""max_dropout"": 0.35227008899082024, ""max_units"": 72, ""momentum"": 0.8397463296762147, ""num_layers"": 3, ""weight_decay"": 0.04004005302531693}","{""time"": 57.65871047973633, ""val_accuracy"": 44.15020751953125, ""val_cross_entropy"": 1.0504906177520752, ""val_balanced_accuracy"": 0.3643203377723694, ""test_cross_entropy"": 1.1150306463241577, ""test_balanced_accuracy"": 0.36607497930526733}"
2026-04-15T23:14:33.781020,random,lcbench,167201,2,230,30.532073974609375,"{""OpenML_task_id"": ""168329"", ""batch_size"": 26, ""epoch"": 6, ""learning_rate"": 0.0679249602481578, ""max_dropout"": 0.594341453481175, ""max_units"": 108, ""momentum"": 0.6409621836586895, ""num_layers"": 4, ""weight_decay"": 0.035424612644184256}","{""time"": 30.532073974609375, ""val_accuracy"": 39.20050811767578, ""val_cross_entropy"": 1.0868918895721436, ""val_balanced_accuracy"": 0.3003426492214203, ""test_cross_entropy"": 1.1153188943862915, ""test_balanced_accuracy"": 0.30089426040649414}"
2026-04-15T23:14:33.781020,random,lcbench,167201,2,231,23.13440704345703,"{""OpenML_task_id"": ""167149"", ""batch_size"": 22, ""epoch"": 15, ""learning_rate"": 0.037525942604849476, ""max_dropout"": 0.7807996059854121, ""max_units"": 115, ""momentum"": 0.9853886312321379, ""num_layers"": 1, ""weight_decay"": 0.039230836846928456}","{""time"": 23.13440704345703, ""val_accuracy"": 44.18735885620117, ""val_cross_entropy"": 1.1068179607391357, ""val_balanced_accuracy"": 0.3957587480545044, ""test_cross_entropy"": 1.0903279781341553, ""test_balanced_accuracy"": 0.4002634882926941}"
2026-04-15T23:14:33.781020,random,lcbench,167201,2,232,164.2255401611328,"{""OpenML_task_id"": ""167184"", ""batch_size"": 35, ""epoch"": 44, ""learning_rate"": 0.029328642350046157, ""max_dropout"": 0.5138927863204459, ""max_units"": 272, ""momentum"": 0.9062451033980916, ""num_layers"": 4, ""weight_decay"": 0.00481729095131496}","{""time"": 164.2255401611328, ""val_accuracy"": 60.911075592041016, ""val_cross_entropy"": 0.7687256932258606, ""val_balanced_accuracy"": 0.5878371596336365, ""test_cross_entropy"": 0.9365131855010986, ""test_balanced_accuracy"": 0.5748631954193115}"
2026-04-15T23:14:33.781020,random,lcbench,167201,2,233,302.8652038574219,"{""OpenML_task_id"": ""167200"", ""batch_size"": 147, ""epoch"": 35, ""learning_rate"": 0.0011515129081636332, ""max_dropout"": 0.9361655183578131, ""max_units"": 913, ""momentum"": 0.4665015339244777, ""num_layers"": 4, ""weight_decay"": 0.05104630844615257}","{""time"": 302.8652038574219, ""val_accuracy"": 47.380897521972656, ""val_cross_entropy"": 1.0882134437561035, ""val_balanced_accuracy"": 0.34156450629234314, ""test_cross_entropy"": 1.1158822774887085, ""test_balanced_accuracy"": 0.3399779200553894}"
2026-04-15T23:14:33.781020,random,lcbench,167201,2,234,293.62823486328125,"{""OpenML_task_id"": ""168908"", ""batch_size"": 19, ""epoch"": 22, ""learning_rate"": 0.0011069120113678262, ""max_dropout"": 0.532799606027653, ""max_units"": 820, ""momentum"": 0.9660347578601104, ""num_layers"": 4, ""weight_decay"": 0.020955550100874614}","{""time"": 293.62823486328125, ""val_accuracy"": 62.679405212402344, ""val_cross_entropy"": 0.9174435138702393, ""val_balanced_accuracy"": 0.386326402425766, ""test_cross_entropy"": 1.0667682886123657, ""test_balanced_accuracy"": 0.3872884511947632}"
2026-04-15T23:14:33.781020,random,lcbench,167201,2,235,47.74402618408203,"{""OpenML_task_id"": ""168335"", ""batch_size"": 165, ""epoch"": 26, ""learning_rate"": 0.00013369642444797095, ""max_dropout"": 0.884093271807933, ""max_units"": 144, ""momentum"": 0.5002443776432556, ""num_layers"": 1, ""weight_decay"": 0.08064835228960436}","{""time"": 47.74402618408203, ""val_accuracy"": 40.87941360473633, ""val_cross_entropy"": 1.0316569805145264, ""val_balanced_accuracy"": 0.3633127510547638, ""test_cross_entropy"": 1.0942261219024658, ""test_balanced_accuracy"": 0.3595357835292816}"
2026-04-15T23:14:33.789306,random,lcbench,167201,2,236,56.11224365234375,"{""OpenML_task_id"": ""167161"", ""batch_size"": 80, ""epoch"": 15, ""learning_rate"": 0.00018626541940666564, ""max_dropout"": 0.34381354086023186, ""max_units"": 453, ""momentum"": 0.2892380857206287, ""num_layers"": 2, ""weight_decay"": 0.07891292206971917}","{""time"": 56.11224365234375, ""val_accuracy"": 41.3545036315918, ""val_cross_entropy"": 1.0504937171936035, ""val_balanced_accuracy"": 0.40711069107055664, ""test_cross_entropy"": 1.1045955419540405, ""test_balanced_accuracy"": 0.4056890606880188}"
2026-04-15T23:14:33.789306,random,lcbench,167201,2,237,22.794158935546875,"{""OpenML_task_id"": ""126029"", ""batch_size"": 39, ""epoch"": 4, ""learning_rate"": 0.00955806962775105, ""max_dropout"": 0.45647390037794267, ""max_units"": 187, ""momentum"": 0.6383025326774732, ""num_layers"": 3, ""weight_decay"": 0.05851721815849481}","{""time"": 22.794158935546875, ""val_accuracy"": 51.66508865356445, ""val_cross_entropy"": 1.0691803693771362, ""val_balanced_accuracy"": 0.34565469622612, ""test_cross_entropy"": 1.0963290929794312, ""test_balanced_accuracy"": 0.3470737338066101}"
2026-04-15T23:14:33.789306,random,lcbench,167201,2,238,21.912853240966797,"{""OpenML_task_id"": ""167161"", ""batch_size"": 25, ""epoch"": 7, ""learning_rate"": 0.0040407603623084, ""max_dropout"": 0.6842017630246043, ""max_units"": 257, ""momentum"": 0.3948086037384484, ""num_layers"": 1, ""weight_decay"": 0.026672184458274288}","{""time"": 21.912853240966797, ""val_accuracy"": 44.96864318847656, ""val_cross_entropy"": 1.0111678838729858, ""val_balanced_accuracy"": 0.40850767493247986, ""test_cross_entropy"": 1.0935739278793335, ""test_balanced_accuracy"": 0.4065093398094177}"
2026-04-15T23:14:33.789306,random,lcbench,167201,2,239,54.96598815917969,"{""OpenML_task_id"": ""167168"", ""batch_size"": 223, ""epoch"": 14, ""learning_rate"": 0.0013042699631654498, ""max_dropout"": 0.8746184955873072, ""max_units"": 706, ""momentum"": 0.3710557461551788, ""num_layers"": 2, ""weight_decay"": 0.007590823030084792}","{""time"": 54.96598815917969, ""val_accuracy"": 44.55575942993164, ""val_cross_entropy"": 1.0120731592178345, ""val_balanced_accuracy"": 0.4108456075191498, ""test_cross_entropy"": 1.0916951894760132, ""test_balanced_accuracy"": 0.4064411222934723}"
2026-04-15T23:14:33.789306,random,lcbench,167201,2,240,92.83423614501953,"{""OpenML_task_id"": ""168329"", ""batch_size"": 19, ""epoch"": 47, ""learning_rate"": 0.0002527760785730435, ""max_dropout"": 0.1788036300466318, ""max_units"": 241, ""momentum"": 0.8550618136396936, ""num_layers"": 1, ""weight_decay"": 0.08102760158566194}","{""time"": 92.83423614501953, ""val_accuracy"": 49.49514389038086, ""val_cross_entropy"": 1.0357025861740112, ""val_balanced_accuracy"": 0.4226681590080261, ""test_cross_entropy"": 1.1026511192321777, ""test_balanced_accuracy"": 0.4198431372642517}"
2026-04-15T23:14:33.789306,random,lcbench,167201,2,241,13.187650680541992,"{""OpenML_task_id"": ""189873"", ""batch_size"": 41, ""epoch"": 2, ""learning_rate"": 0.00016118604057389522, ""max_dropout"": 0.43877206582452677, ""max_units"": 315, ""momentum"": 0.1820903142128083, ""num_layers"": 3, ""weight_decay"": 0.07533842925576047}","{""time"": 13.187650680541992, ""val_accuracy"": 30.51349449157715, ""val_cross_entropy"": 1.0367579460144043, ""val_balanced_accuracy"": 0.3313721716403961, ""test_cross_entropy"": 1.0974804162979126, ""test_balanced_accuracy"": 0.3357166051864624}"
2026-04-15T23:14:33.789306,random,lcbench,167201,2,242,87.23543548583984,"{""OpenML_task_id"": ""189906"", ""batch_size"": 17, ""epoch"": 39, ""learning_rate"": 0.0003971896517758751, ""max_dropout"": 0.17256760591014775, ""max_units"": 211, ""momentum"": 0.46011630843649753, ""num_layers"": 1, ""weight_decay"": 0.0653349450435751}","{""time"": 87.23543548583984, ""val_accuracy"": 48.32664489746094, ""val_cross_entropy"": 1.0458931922912598, ""val_balanced_accuracy"": 0.4242916703224182, ""test_cross_entropy"": 1.0935014486312866, ""test_balanced_accuracy"": 0.42053478956222534}"
2026-04-15T23:14:33.789306,random,lcbench,167201,2,243,304.31964111328125,"{""OpenML_task_id"": ""167149"", ""batch_size"": 72, ""epoch"": 49, ""learning_rate"": 0.008290938811439446, ""max_dropout"": 0.8022106946595468, ""max_units"": 589, ""momentum"": 0.5637282189704408, ""num_layers"": 3, ""weight_decay"": 0.07545101277770645}","{""time"": 304.31964111328125, ""val_accuracy"": 58.85703659057617, ""val_cross_entropy"": 1.0136258602142334, ""val_balanced_accuracy"": 0.35135990381240845, ""test_cross_entropy"": 1.0944678783416748, ""test_balanced_accuracy"": 0.35276469588279724}"
2026-04-15T23:14:33.797982,random,lcbench,167201,2,244,90.56124877929688,"{""OpenML_task_id"": ""126025"", ""batch_size"": 17, ""epoch"": 30, ""learning_rate"": 0.0049487682841327235, ""max_dropout"": 0.7111450244961496, ""max_units"": 116, ""momentum"": 0.46190527488533306, ""num_layers"": 2, ""weight_decay"": 0.06611279969772421}","{""time"": 90.56124877929688, ""val_accuracy"": 58.039337158203125, ""val_cross_entropy"": 1.029313087463379, ""val_balanced_accuracy"": 0.3746489882469177, ""test_cross_entropy"": 1.0910741090774536, ""test_balanced_accuracy"": 0.375253289937973}"
2026-04-15T23:14:33.797982,random,lcbench,167201,2,245,83.01158142089844,"{""OpenML_task_id"": ""168335"", ""batch_size"": 24, ""epoch"": 22, ""learning_rate"": 0.0003637503505765592, ""max_dropout"": 0.4875637530565293, ""max_units"": 344, ""momentum"": 0.5065881647515792, ""num_layers"": 2, ""weight_decay"": 0.05696677878275282}","{""time"": 83.01158142089844, ""val_accuracy"": 53.18385696411133, ""val_cross_entropy"": 1.0252026319503784, ""val_balanced_accuracy"": 0.41208794713020325, ""test_cross_entropy"": 1.085779070854187, ""test_balanced_accuracy"": 0.41102272272109985}"
2026-04-15T23:14:33.797982,random,lcbench,167201,2,246,65.51655578613281,"{""OpenML_task_id"": ""189909"", ""batch_size"": 16, ""epoch"": 44, ""learning_rate"": 0.04007519959177113, ""max_dropout"": 0.12743236583946282, ""max_units"": 84, ""momentum"": 0.46119167089600943, ""num_layers"": 1, ""weight_decay"": 0.02556769816822812}","{""time"": 65.51655578613281, ""val_accuracy"": 45.6632080078125, ""val_cross_entropy"": 1.0276432037353516, ""val_balanced_accuracy"": 0.41334667801856995, ""test_cross_entropy"": 1.0757986307144165, ""test_balanced_accuracy"": 0.4153865575790405}"
2026-04-15T23:14:33.797982,random,lcbench,167201,2,247,182.95327758789062,"{""OpenML_task_id"": ""189873"", ""batch_size"": 43, ""epoch"": 51, ""learning_rate"": 0.008647437924734016, ""max_dropout"": 0.4610551497230445, ""max_units"": 279, ""momentum"": 0.42437244375782734, ""num_layers"": 3, ""weight_decay"": 0.005092708751850954}","{""time"": 182.95327758789062, ""val_accuracy"": 60.03013610839844, ""val_cross_entropy"": 0.8741501569747925, ""val_balanced_accuracy"": 0.5463632941246033, ""test_cross_entropy"": 0.9947160482406616, ""test_balanced_accuracy"": 0.541623592376709}"
2026-04-15T23:14:33.797982,random,lcbench,167201,2,248,118.9610366821289,"{""OpenML_task_id"": ""189354"", ""batch_size"": 104, ""epoch"": 21, ""learning_rate"": 0.01181602999943548, ""max_dropout"": 0.794351042935853, ""max_units"": 319, ""momentum"": 0.8730577425628344, ""num_layers"": 5, ""weight_decay"": 0.054519669334625834}","{""time"": 118.9610366821289, ""val_accuracy"": 53.94601058959961, ""val_cross_entropy"": 0.9804121851921082, ""val_balanced_accuracy"": 0.3538084626197815, ""test_cross_entropy"": 1.0947455167770386, ""test_balanced_accuracy"": 0.3495977818965912}"
2026-04-15T23:14:33.797982,random,lcbench,167201,2,249,5.209884166717529,"{""OpenML_task_id"": ""3945"", ""batch_size"": 150, ""epoch"": 1, ""learning_rate"": 0.01414993386370844, ""max_dropout"": 0.12089435864810238, ""max_units"": 640, ""momentum"": 0.9201560830367044, ""num_layers"": 1, ""weight_decay"": 0.05310002802605655}","{""time"": 5.209884166717529, ""val_accuracy"": 38.54244613647461, ""val_cross_entropy"": 1.1317318677902222, ""val_balanced_accuracy"": 0.3370678722858429, ""test_cross_entropy"": 1.1058210134506226, ""test_balanced_accuracy"": 0.33122366666793823}"
2026-04-15T23:14:33.797982,random,lcbench,167201,2,250,331.02655029296875,"{""OpenML_task_id"": ""189862"", ""batch_size"": 339, ""epoch"": 50, ""learning_rate"": 0.00030477657446075895, ""max_dropout"": 0.0297305618073348, ""max_units"": 462, ""momentum"": 0.5863051716413842, ""num_layers"": 4, ""weight_decay"": 0.032761101440493656}","{""time"": 331.02655029296875, ""val_accuracy"": 39.62297058105469, ""val_cross_entropy"": 1.088923454284668, ""val_balanced_accuracy"": 0.34450486302375793, ""test_cross_entropy"": 1.113633394241333, ""test_balanced_accuracy"": 0.34971916675567627}"
2026-04-15T23:14:33.797982,random,lcbench,167201,2,251,97.77763366699219,"{""OpenML_task_id"": ""7593"", ""batch_size"": 22, ""epoch"": 41, ""learning_rate"": 0.07090720410976226, ""max_dropout"": 0.44759514707051595, ""max_units"": 64, ""momentum"": 0.11135651383589774, ""num_layers"": 5, ""weight_decay"": 0.06742078562126787}","{""time"": 97.77763366699219, ""val_accuracy"": 69.829833984375, ""val_cross_entropy"": 0.9714269042015076, ""val_balanced_accuracy"": 0.37683480978012085, ""test_cross_entropy"": 1.06838059425354, ""test_balanced_accuracy"": 0.3647514283657074}"
2026-04-15T23:14:33.806677,random,lcbench,167201,2,252,61.63853073120117,"{""OpenML_task_id"": ""189906"", ""batch_size"": 74, ""epoch"": 30, ""learning_rate"": 0.00039521912854948224, ""max_dropout"": 0.13529383915930437, ""max_units"": 678, ""momentum"": 0.7466656524057754, ""num_layers"": 1, ""weight_decay"": 0.04502269174350103}","{""time"": 61.63853073120117, ""val_accuracy"": 44.689727783203125, ""val_cross_entropy"": 1.0751383304595947, ""val_balanced_accuracy"": 0.41544201970100403, ""test_cross_entropy"": 1.0955408811569214, ""test_balanced_accuracy"": 0.40897074341773987}"
2026-04-15T23:14:33.806677,random,lcbench,167201,2,253,50.439537048339844,"{""OpenML_task_id"": ""126029"", ""batch_size"": 321, ""epoch"": 38, ""learning_rate"": 0.005643746105727026, ""max_dropout"": 0.28185577276338125, ""max_units"": 117, ""momentum"": 0.9889913295237932, ""num_layers"": 1, ""weight_decay"": 0.0671853746587014}","{""time"": 50.439537048339844, ""val_accuracy"": 47.26184844970703, ""val_cross_entropy"": 1.0852940082550049, ""val_balanced_accuracy"": 0.4265490472316742, ""test_cross_entropy"": 1.0966848134994507, ""test_balanced_accuracy"": 0.4244624674320221}"
2026-04-15T23:14:33.806677,random,lcbench,167201,2,254,33.244319915771484,"{""OpenML_task_id"": ""168868"", ""batch_size"": 34, ""epoch"": 5, ""learning_rate"": 0.009492378064589187, ""max_dropout"": 0.7856982517081648, ""max_units"": 323, ""momentum"": 0.913401056702738, ""num_layers"": 3, ""weight_decay"": 0.05452956187151833}","{""time"": 33.244319915771484, ""val_accuracy"": 49.798919677734375, ""val_cross_entropy"": 1.0521224737167358, ""val_balanced_accuracy"": 0.33899304270744324, ""test_cross_entropy"": 1.0960032939910889, ""test_balanced_accuracy"": 0.34303414821624756}"
2026-04-15T23:14:33.806677,random,lcbench,167201,2,255,30.44980239868164,"{""OpenML_task_id"": ""3945"", ""batch_size"": 106, ""epoch"": 7, ""learning_rate"": 0.0001284453844927918, ""max_dropout"": 0.023328969061556126, ""max_units"": 383, ""momentum"": 0.21973462932921067, ""num_layers"": 5, ""weight_decay"": 0.06240199274237315}","{""time"": 30.44980239868164, ""val_accuracy"": 22.116058349609375, ""val_cross_entropy"": 1.0139814615249634, ""val_balanced_accuracy"": 0.35387057065963745, ""test_cross_entropy"": 1.0887298583984375, ""test_balanced_accuracy"": 0.35313698649406433}"
2026-04-15T23:14:33.806677,random,lcbench,167201,2,256,5.907119274139404,"{""OpenML_task_id"": ""167181"", ""batch_size"": 319, ""epoch"": 2, ""learning_rate"": 0.0661104985974569, ""max_dropout"": 0.35295737542455974, ""max_units"": 83, ""momentum"": 0.8998885248557683, ""num_layers"": 1, ""weight_decay"": 0.045086991570821265}","{""time"": 5.907119274139404, ""val_accuracy"": 43.14359664916992, ""val_cross_entropy"": 1.0978676080703735, ""val_balanced_accuracy"": 0.39931488037109375, ""test_cross_entropy"": 1.100041151046753, ""test_balanced_accuracy"": 0.393917441368103}"
2026-04-15T23:14:33.806677,random,lcbench,167201,2,257,84.67378997802734,"{""OpenML_task_id"": ""34539"", ""batch_size"": 44, ""epoch"": 43, ""learning_rate"": 0.0021183384244607396, ""max_dropout"": 0.38483254661884025, ""max_units"": 349, ""momentum"": 0.207472838885856, ""num_layers"": 1, ""weight_decay"": 0.08746559920573059}","{""time"": 84.67378997802734, ""val_accuracy"": 46.149417877197266, ""val_cross_entropy"": 1.0426336526870728, ""val_balanced_accuracy"": 0.4271572232246399, ""test_cross_entropy"": 1.0916974544525146, ""test_balanced_accuracy"": 0.42609044909477234}"
2026-04-15T23:14:33.806677,random,lcbench,167201,2,258,30.80539321899414,"{""OpenML_task_id"": ""168330"", ""batch_size"": 105, ""epoch"": 7, ""learning_rate"": 0.0004637807913309059, ""max_dropout"": 0.6485917054223737, ""max_units"": 169, ""momentum"": 0.8704156975485701, ""num_layers"": 3, ""weight_decay"": 0.011256379502025534}","{""time"": 30.80539321899414, ""val_accuracy"": 44.6353759765625, ""val_cross_entropy"": 1.055212378501892, ""val_balanced_accuracy"": 0.37930968403816223, ""test_cross_entropy"": 1.1091797351837158, ""test_balanced_accuracy"": 0.37963247299194336}"
2026-04-15T23:14:33.806677,random,lcbench,167201,2,259,25.58867645263672,"{""OpenML_task_id"": ""189873"", ""batch_size"": 24, ""epoch"": 10, ""learning_rate"": 0.014972756165286724, ""max_dropout"": 0.10429977090860476, ""max_units"": 83, ""momentum"": 0.4137045155505342, ""num_layers"": 2, ""weight_decay"": 0.009464082344081151}","{""time"": 25.58867645263672, ""val_accuracy"": 57.81990051269531, ""val_cross_entropy"": 0.9193856716156006, ""val_balanced_accuracy"": 0.5009056329727173, ""test_cross_entropy"": 1.0213507413864136, ""test_balanced_accuracy"": 0.5026378631591797}"
2026-04-15T23:14:33.814810,random,lcbench,167201,2,260,252.46066284179688,"{""OpenML_task_id"": ""167181"", ""batch_size"": 168, ""epoch"": 45, ""learning_rate"": 0.0282797461256895, ""max_dropout"": 0.7851011044292118, ""max_units"": 351, ""momentum"": 0.5506158792242876, ""num_layers"": 5, ""weight_decay"": 0.0417566539535909}","{""time"": 252.46066284179688, ""val_accuracy"": 61.49134826660156, ""val_cross_entropy"": 1.0206730365753174, ""val_balanced_accuracy"": 0.3453429937362671, ""test_cross_entropy"": 1.1012357473373413, ""test_balanced_accuracy"": 0.3427712321281433}"
2026-04-15T23:14:33.816875,random,lcbench,167201,2,261,40.24177169799805,"{""OpenML_task_id"": ""168868"", ""batch_size"": 100, ""epoch"": 17, ""learning_rate"": 0.0007880068806613456, ""max_dropout"": 0.43642138898156824, ""max_units"": 393, ""momentum"": 0.28124510800225466, ""num_layers"": 1, ""weight_decay"": 0.04880940517690122}","{""time"": 40.24177169799805, ""val_accuracy"": 43.6811408996582, ""val_cross_entropy"": 1.019631028175354, ""val_balanced_accuracy"": 0.4020163416862488, ""test_cross_entropy"": 1.0920614004135132, ""test_balanced_accuracy"": 0.39956629276275635}"
2026-04-15T23:14:33.816875,random,lcbench,167201,2,262,15.934757232666016,"{""OpenML_task_id"": ""34539"", ""batch_size"": 292, ""epoch"": 3, ""learning_rate"": 0.0001871885747076747, ""max_dropout"": 0.4424175775029159, ""max_units"": 369, ""momentum"": 0.8727192293394848, ""num_layers"": 1, ""weight_decay"": 0.014615803175403565}","{""time"": 15.934757232666016, ""val_accuracy"": 38.87156677246094, ""val_cross_entropy"": 1.106318473815918, ""val_balanced_accuracy"": 0.3353806138038635, ""test_cross_entropy"": 1.1186070442199707, ""test_balanced_accuracy"": 0.3301382064819336}"
2026-04-15T23:14:33.816875,random,lcbench,167201,2,263,164.2841033935547,"{""OpenML_task_id"": ""168868"", ""batch_size"": 303, ""epoch"": 31, ""learning_rate"": 0.0049630403038372585, ""max_dropout"": 0.6647384957573202, ""max_units"": 846, ""momentum"": 0.5052526541561757, ""num_layers"": 3, ""weight_decay"": 0.06102419182938871}","{""time"": 164.2841033935547, ""val_accuracy"": 47.682884216308594, ""val_cross_entropy"": 1.0337162017822266, ""val_balanced_accuracy"": 0.38024047017097473, ""test_cross_entropy"": 1.1029902696609497, ""test_balanced_accuracy"": 0.37590304017066956}"
2026-04-15T23:14:33.816875,random,lcbench,167201,2,264,59.930301666259766,"{""OpenML_task_id"": ""168910"", ""batch_size"": 44, ""epoch"": 15, ""learning_rate"": 0.008654726964951554, ""max_dropout"": 0.7657643225755977, ""max_units"": 182, ""momentum"": 0.9010943371179159, ""num_layers"": 4, ""weight_decay"": 0.022557790727839297}","{""time"": 59.930301666259766, ""val_accuracy"": 49.573936462402344, ""val_cross_entropy"": 1.1038070917129517, ""val_balanced_accuracy"": 0.3080708682537079, ""test_cross_entropy"": 1.1115398406982422, ""test_balanced_accuracy"": 0.31208422780036926}"
2026-04-15T23:14:33.816875,random,lcbench,167201,2,265,14.6406888961792,"{""OpenML_task_id"": ""189905"", ""batch_size"": 23, ""epoch"": 4, ""learning_rate"": 0.0065431067685347765, ""max_dropout"": 0.41852612191466265, ""max_units"": 80, ""momentum"": 0.5224333158222372, ""num_layers"": 4, ""weight_decay"": 0.002487817627941185}","{""time"": 14.6406888961792, ""val_accuracy"": 55.391029357910156, ""val_cross_entropy"": 1.0336432456970215, ""val_balanced_accuracy"": 0.3667430877685547, ""test_cross_entropy"": 1.0844618082046509, ""test_balanced_accuracy"": 0.3679334819316864}"
2026-04-15T23:14:33.816875,random,lcbench,167201,2,266,43.41279983520508,"{""OpenML_task_id"": ""126025"", ""batch_size"": 270, ""epoch"": 10, ""learning_rate"": 0.0007390111350008618, ""max_dropout"": 0.452033105014931, ""max_units"": 262, ""momentum"": 0.8424094788417823, ""num_layers"": 3, ""weight_decay"": 0.05103223741775349}","{""time"": 43.41279983520508, ""val_accuracy"": 45.43463134765625, ""val_cross_entropy"": 1.0720083713531494, ""val_balanced_accuracy"": 0.36961665749549866, ""test_cross_entropy"": 1.1102765798568726, ""test_balanced_accuracy"": 0.37005332112312317}"
2026-04-15T23:14:33.823031,random,lcbench,167201,2,267,98.32426452636719,"{""OpenML_task_id"": ""168331"", ""batch_size"": 65, ""epoch"": 20, ""learning_rate"": 0.07588728033204482, ""max_dropout"": 0.1979208676310329, ""max_units"": 112, ""momentum"": 0.9836745856708049, ""num_layers"": 4, ""weight_decay"": 0.09636449978397563}","{""time"": 98.32426452636719, ""val_accuracy"": 34.047340393066406, ""val_cross_entropy"": 0.9573458433151245, ""val_balanced_accuracy"": 0.3429320752620697, ""test_cross_entropy"": 1.0979444980621338, ""test_balanced_accuracy"": 0.33383867144584656}"
2026-04-15T23:14:33.823031,random,lcbench,167201,2,268,77.93570709228516,"{""OpenML_task_id"": ""3945"", ""batch_size"": 348, ""epoch"": 43, ""learning_rate"": 0.001015475266615109, ""max_dropout"": 0.7989905513500015, ""max_units"": 325, ""momentum"": 0.37127375649810723, ""num_layers"": 1, ""weight_decay"": 0.014420697602838095}","{""time"": 77.93570709228516, ""val_accuracy"": 44.376808166503906, ""val_cross_entropy"": 1.027815818786621, ""val_balanced_accuracy"": 0.38998740911483765, ""test_cross_entropy"": 1.0925545692443848, ""test_balanced_accuracy"": 0.3879457116127014}"
2026-04-15T23:14:33.823031,random,lcbench,167201,2,269,48.296234130859375,"{""OpenML_task_id"": ""189866"", ""batch_size"": 316, ""epoch"": 13, ""learning_rate"": 0.00015731211331560386, ""max_dropout"": 0.27912778400396965, ""max_units"": 155, ""momentum"": 0.24914776818555726, ""num_layers"": 2, ""weight_decay"": 0.010204899982445961}","{""time"": 48.296234130859375, ""val_accuracy"": 33.93867492675781, ""val_cross_entropy"": 1.091482162475586, ""val_balanced_accuracy"": 0.33152011036872864, ""test_cross_entropy"": 1.1021969318389893, ""test_balanced_accuracy"": 0.33215808868408203}"
2026-04-15T23:14:33.823031,random,lcbench,167201,2,270,28.91448974609375,"{""OpenML_task_id"": ""168331"", ""batch_size"": 39, ""epoch"": 9, ""learning_rate"": 0.0009427419800252908, ""max_dropout"": 0.20573253184730966, ""max_units"": 377, ""momentum"": 0.29065294830157984, ""num_layers"": 1, ""weight_decay"": 0.02416525653725605}","{""time"": 28.91448974609375, ""val_accuracy"": 44.9577522277832, ""val_cross_entropy"": 1.0359770059585571, ""val_balanced_accuracy"": 0.4083004593849182, ""test_cross_entropy"": 1.0939593315124512, ""test_balanced_accuracy"": 0.40706175565719604}"
2026-04-15T23:14:33.823031,random,lcbench,167201,2,271,15.022773742675781,"{""OpenML_task_id"": ""168910"", ""batch_size"": 44, ""epoch"": 2, ""learning_rate"": 0.001632446796411888, ""max_dropout"": 0.6395265035722829, ""max_units"": 863, ""momentum"": 0.18948498895737825, ""num_layers"": 1, ""weight_decay"": 0.013268455166925291}","{""time"": 15.022773742675781, ""val_accuracy"": 41.82777404785156, ""val_cross_entropy"": 1.0559563636779785, ""val_balanced_accuracy"": 0.3720909655094147, ""test_cross_entropy"": 1.0987287759780884, ""test_balanced_accuracy"": 0.366513729095459}"
2026-04-15T23:14:33.823031,random,lcbench,167201,2,272,49.58890914916992,"{""OpenML_task_id"": ""167161"", ""batch_size"": 19, ""epoch"": 14, ""learning_rate"": 0.004486481140375417, ""max_dropout"": 0.05146778993529377, ""max_units"": 78, ""momentum"": 0.7323401502442753, ""num_layers"": 5, ""weight_decay"": 0.0467372011538801}","{""time"": 49.58890914916992, ""val_accuracy"": 67.46422576904297, ""val_cross_entropy"": 0.953471839427948, ""val_balanced_accuracy"": 0.3559888005256653, ""test_cross_entropy"": 1.0645743608474731, ""test_balanced_accuracy"": 0.3552758991718292}"
2026-04-15T23:14:33.823031,random,lcbench,167201,2,273,57.89437484741211,"{""OpenML_task_id"": ""126029"", ""batch_size"": 17, ""epoch"": 18, ""learning_rate"": 0.05272789374827865, ""max_dropout"": 0.4095135923401674, ""max_units"": 228, ""momentum"": 0.4207837326809548, ""num_layers"": 2, ""weight_decay"": 0.03831946566448269}","{""time"": 57.89437484741211, ""val_accuracy"": 54.803062438964844, ""val_cross_entropy"": 1.0289585590362549, ""val_balanced_accuracy"": 0.4290868043899536, ""test_cross_entropy"": 1.0724687576293945, ""test_balanced_accuracy"": 0.4332645833492279}"
2026-04-15T23:14:33.831275,random,lcbench,167201,2,274,54.271541595458984,"{""OpenML_task_id"": ""167168"", ""batch_size"": 298, ""epoch"": 26, ""learning_rate"": 0.0073166211465390246, ""max_dropout"": 0.6011696534556958, ""max_units"": 166, ""momentum"": 0.589447081599024, ""num_layers"": 2, ""weight_decay"": 0.07175165754701752}","{""time"": 54.271541595458984, ""val_accuracy"": 45.62672805786133, ""val_cross_entropy"": 1.0434619188308716, ""val_balanced_accuracy"": 0.4080435633659363, ""test_cross_entropy"": 1.1047724485397339, ""test_balanced_accuracy"": 0.4047515392303467}"
2026-04-15T23:14:33.831275,random,lcbench,167201,2,275,73.357666015625,"{""OpenML_task_id"": ""167190"", ""batch_size"": 41, ""epoch"": 50, ""learning_rate"": 0.04561690074035958, ""max_dropout"": 0.05546844797012562, ""max_units"": 87, ""momentum"": 0.23302003855006734, ""num_layers"": 1, ""weight_decay"": 0.06437642207066974}","{""time"": 73.357666015625, ""val_accuracy"": 45.88934326171875, ""val_cross_entropy"": 1.0243498086929321, ""val_balanced_accuracy"": 0.42465439438819885, ""test_cross_entropy"": 1.087394118309021, ""test_balanced_accuracy"": 0.42805519700050354}"
2026-04-15T23:14:33.831275,random,lcbench,167201,2,276,24.304370880126953,"{""OpenML_task_id"": ""3945"", ""batch_size"": 23, ""epoch"": 6, ""learning_rate"": 0.006674799377037409, ""max_dropout"": 0.8557417110297182, ""max_units"": 162, ""momentum"": 0.232784760414524, ""num_layers"": 4, ""weight_decay"": 0.02821115290904881}","{""time"": 24.304370880126953, ""val_accuracy"": 61.663177490234375, ""val_cross_entropy"": 1.0387370586395264, ""val_balanced_accuracy"": 0.3274715840816498, ""test_cross_entropy"": 1.0902146100997925, ""test_balanced_accuracy"": 0.3263554573059082}"
2026-04-15T23:14:33.831275,random,lcbench,167201,2,277,56.53755569458008,"{""OpenML_task_id"": ""189909"", ""batch_size"": 57, ""epoch"": 27, ""learning_rate"": 0.012127734065303078, ""max_dropout"": 0.07350616745547234, ""max_units"": 74, ""momentum"": 0.616149603150726, ""num_layers"": 4, ""weight_decay"": 0.026031313708232057}","{""time"": 56.53755569458008, ""val_accuracy"": 60.499229431152344, ""val_cross_entropy"": 1.0610337257385254, ""val_balanced_accuracy"": 0.330031156539917, ""test_cross_entropy"": 1.1001746654510498, ""test_balanced_accuracy"": 0.33182185888290405}"
2026-04-15T23:14:33.831275,random,lcbench,167201,2,278,231.47389221191406,"{""OpenML_task_id"": ""168331"", ""batch_size"": 385, ""epoch"": 38, ""learning_rate"": 0.00211832043092502, ""max_dropout"": 0.09013594550135562, ""max_units"": 584, ""momentum"": 0.5820133542044985, ""num_layers"": 4, ""weight_decay"": 0.024540104354420823}","{""time"": 231.47389221191406, ""val_accuracy"": 50.607460021972656, ""val_cross_entropy"": 1.0425740480422974, ""val_balanced_accuracy"": 0.3838416337966919, ""test_cross_entropy"": 1.1046137809753418, ""test_balanced_accuracy"": 0.38303861021995544}"
2026-04-15T23:14:33.831275,random,lcbench,167201,2,279,59.98189926147461,"{""OpenML_task_id"": ""126025"", ""batch_size"": 57, ""epoch"": 13, ""learning_rate"": 0.004124325263548823, ""max_dropout"": 0.2948464592073827, ""max_units"": 360, ""momentum"": 0.6450230942030369, ""num_layers"": 3, ""weight_decay"": 0.015781066169107395}","{""time"": 59.98189926147461, ""val_accuracy"": 54.45649719238281, ""val_cross_entropy"": 1.0310311317443848, ""val_balanced_accuracy"": 0.456969678401947, ""test_cross_entropy"": 1.0619789361953735, ""test_balanced_accuracy"": 0.45848700404167175}"
2026-04-15T23:14:33.831275,random,lcbench,167201,2,280,53.51713180541992,"{""OpenML_task_id"": ""168330"", ""batch_size"": 407, ""epoch"": 18, ""learning_rate"": 0.0023838730542785898, ""max_dropout"": 0.1942311516734082, ""max_units"": 674, ""momentum"": 0.4852478707688218, ""num_layers"": 1, ""weight_decay"": 0.08204999241517566}","{""time"": 53.51713180541992, ""val_accuracy"": 44.04952621459961, ""val_cross_entropy"": 1.0552853345870972, ""val_balanced_accuracy"": 0.3894106149673462, ""test_cross_entropy"": 1.1024335622787476, ""test_balanced_accuracy"": 0.386483371257782}"
2026-04-15T23:14:33.831275,random,lcbench,167201,2,281,31.272537231445312,"{""OpenML_task_id"": ""168868"", ""batch_size"": 35, ""epoch"": 10, ""learning_rate"": 0.011819150774346483, ""max_dropout"": 0.3556735872514458, ""max_units"": 85, ""momentum"": 0.3293903668040016, ""num_layers"": 2, ""weight_decay"": 0.07274378017889951}","{""time"": 31.272537231445312, ""val_accuracy"": 53.10144805908203, ""val_cross_entropy"": 1.0603729486465454, ""val_balanced_accuracy"": 0.38647380471229553, ""test_cross_entropy"": 1.0965116024017334, ""test_balanced_accuracy"": 0.3853468894958496}"
2026-04-15T23:14:33.839472,random,lcbench,167201,2,282,28.882415771484375,"{""OpenML_task_id"": ""189908"", ""batch_size"": 164, ""epoch"": 15, ""learning_rate"": 0.0006472270400570006, ""max_dropout"": 0.33398736402251605, ""max_units"": 97, ""momentum"": 0.7443974769778322, ""num_layers"": 1, ""weight_decay"": 0.05342771768690271}","{""time"": 28.882415771484375, ""val_accuracy"": 44.49444580078125, ""val_cross_entropy"": 1.04449462890625, ""val_balanced_accuracy"": 0.4042253792285919, ""test_cross_entropy"": 1.0967215299606323, ""test_balanced_accuracy"": 0.4008678197860718}"
2026-04-15T23:14:33.839904,random,lcbench,167201,2,283,34.61229705810547,"{""OpenML_task_id"": ""189865"", ""batch_size"": 132, ""epoch"": 10, ""learning_rate"": 0.0003778467935255595, ""max_dropout"": 0.6690972120218387, ""max_units"": 203, ""momentum"": 0.18417739237008024, ""num_layers"": 4, ""weight_decay"": 0.0432085052650041}","{""time"": 34.61229705810547, ""val_accuracy"": 30.952716827392578, ""val_cross_entropy"": 1.055108666419983, ""val_balanced_accuracy"": 0.3382735252380371, ""test_cross_entropy"": 1.1062334775924683, ""test_balanced_accuracy"": 0.3416817784309387}"
2026-04-15T23:14:33.839904,random,lcbench,167201,2,284,28.865684509277344,"{""OpenML_task_id"": ""168910"", ""batch_size"": 111, ""epoch"": 18, ""learning_rate"": 0.006953396417614452, ""max_dropout"": 0.815717895239957, ""max_units"": 72, ""momentum"": 0.8323427595490724, ""num_layers"": 1, ""weight_decay"": 0.024528844038739287}","{""time"": 28.865684509277344, ""val_accuracy"": 43.49283981323242, ""val_cross_entropy"": 1.0394697189331055, ""val_balanced_accuracy"": 0.4161851406097412, ""test_cross_entropy"": 1.0933128595352173, ""test_balanced_accuracy"": 0.4165075719356537}"
2026-04-15T23:14:33.839904,random,lcbench,167201,2,285,91.36306762695312,"{""OpenML_task_id"": ""189862"", ""batch_size"": 140, ""epoch"": 22, ""learning_rate"": 0.0006265938826223784, ""max_dropout"": 0.28296087400598446, ""max_units"": 261, ""momentum"": 0.9313138209183426, ""num_layers"": 5, ""weight_decay"": 0.05438970927375254}","{""time"": 91.36306762695312, ""val_accuracy"": 52.556827545166016, ""val_cross_entropy"": 0.9449551701545715, ""val_balanced_accuracy"": 0.3679264485836029, ""test_cross_entropy"": 1.0799375772476196, ""test_balanced_accuracy"": 0.3680219054222107}"
2026-04-15T23:14:33.839904,random,lcbench,167201,2,286,86.92725372314453,"{""OpenML_task_id"": ""34539"", ""batch_size"": 30, ""epoch"": 34, ""learning_rate"": 0.0010117019114225373, ""max_dropout"": 0.7792892378200523, ""max_units"": 249, ""momentum"": 0.5708620659675059, ""num_layers"": 2, ""weight_decay"": 0.021335949128119664}","{""time"": 86.92725372314453, ""val_accuracy"": 52.841285705566406, ""val_cross_entropy"": 1.0085506439208984, ""val_balanced_accuracy"": 0.43140754103660583, ""test_cross_entropy"": 1.0790984630584717, ""test_balanced_accuracy"": 0.4298158288002014}"
2026-04-15T23:14:33.839904,random,lcbench,167201,2,287,88.8795166015625,"{""OpenML_task_id"": ""189909"", ""batch_size"": 19, ""epoch"": 32, ""learning_rate"": 0.002366615845634188, ""max_dropout"": 0.5516493230091913, ""max_units"": 109, ""momentum"": 0.6311029719648481, ""num_layers"": 5, ""weight_decay"": 0.006300770955147303}","{""time"": 88.8795166015625, ""val_accuracy"": 73.41731262207031, ""val_cross_entropy"": 0.8764427304267883, ""val_balanced_accuracy"": 0.41604864597320557, ""test_cross_entropy"": 1.0388039350509644, ""test_balanced_accuracy"": 0.414940744638443}"
2026-04-15T23:14:33.839904,random,lcbench,167201,2,288,150.55833435058594,"{""OpenML_task_id"": ""167181"", ""batch_size"": 183, ""epoch"": 41, ""learning_rate"": 0.01871321189276572, ""max_dropout"": 0.1388199873814, ""max_units"": 240, ""momentum"": 0.656092379019698, ""num_layers"": 3, ""weight_decay"": 0.06044667221557079}","{""time"": 150.55833435058594, ""val_accuracy"": 55.35628128051758, ""val_cross_entropy"": 1.0621280670166016, ""val_balanced_accuracy"": 0.3566704988479614, ""test_cross_entropy"": 1.0951478481292725, ""test_balanced_accuracy"": 0.35321444272994995}"
2026-04-15T23:14:33.839904,random,lcbench,167201,2,289,214.70816040039062,"{""OpenML_task_id"": ""167201"", ""batch_size"": 98, ""epoch"": 36, ""learning_rate"": 0.0004957622518025521, ""max_dropout"": 0.5960050731436605, ""max_units"": 276, ""momentum"": 0.5400360967463687, ""num_layers"": 5, ""weight_decay"": 0.08405853539874307}","{""time"": 214.70816040039062, ""val_accuracy"": 56.27318572998047, ""val_cross_entropy"": 0.9787412881851196, ""val_balanced_accuracy"": 0.3715618848800659, ""test_cross_entropy"": 1.0634468793869019, ""test_balanced_accuracy"": 0.36877235770225525}"
2026-04-15T23:14:33.839904,random,lcbench,167201,2,290,24.74920654296875,"{""OpenML_task_id"": ""168910"", ""batch_size"": 63, ""epoch"": 6, ""learning_rate"": 0.002157605893498687, ""max_dropout"": 0.5075362817048117, ""max_units"": 306, ""momentum"": 0.12099148225306565, ""num_layers"": 4, ""weight_decay"": 0.025917779645958563}","{""time"": 24.74920654296875, ""val_accuracy"": 50.509483337402344, ""val_cross_entropy"": 1.058936357498169, ""val_balanced_accuracy"": 0.34406551718711853, ""test_cross_entropy"": 1.1037710905075073, ""test_balanced_accuracy"": 0.34477829933166504}"
2026-04-15T23:14:33.847949,random,lcbench,167201,2,291,129.56179809570312,"{""OpenML_task_id"": ""126026"", ""batch_size"": 67, ""epoch"": 35, ""learning_rate"": 0.004527999369510128, ""max_dropout"": 0.14754958154002906, ""max_units"": 511, ""momentum"": 0.734886423723686, ""num_layers"": 2, ""weight_decay"": 0.08622226113960421}","{""time"": 129.56179809570312, ""val_accuracy"": 51.55542755126953, ""val_cross_entropy"": 1.099056601524353, ""val_balanced_accuracy"": 0.39902403950691223, ""test_cross_entropy"": 1.1102608442306519, ""test_balanced_accuracy"": 0.39855852723121643}"
2026-04-15T23:14:33.847949,random,lcbench,167201,2,292,71.59783935546875,"{""OpenML_task_id"": ""126029"", ""batch_size"": 187, ""epoch"": 31, ""learning_rate"": 0.00014293729855518266, ""max_dropout"": 0.7272830779854861, ""max_units"": 658, ""momentum"": 0.25948303118874133, ""num_layers"": 1, ""weight_decay"": 0.037407763135199903}","{""time"": 71.59783935546875, ""val_accuracy"": 41.8485221862793, ""val_cross_entropy"": 1.0442448854446411, ""val_balanced_accuracy"": 0.3656953275203705, ""test_cross_entropy"": 1.101732611656189, ""test_balanced_accuracy"": 0.36304745078086853}"
2026-04-15T23:14:33.847949,random,lcbench,167201,2,293,9.245482444763184,"{""OpenML_task_id"": ""168908"", ""batch_size"": 74, ""epoch"": 3, ""learning_rate"": 0.0003859050343667093, ""max_dropout"": 0.3436821170299481, ""max_units"": 70, ""momentum"": 0.7847809498700806, ""num_layers"": 5, ""weight_decay"": 0.037497364415496094}","{""time"": 9.245482444763184, ""val_accuracy"": 27.9915714263916, ""val_cross_entropy"": 0.9626903533935547, ""val_balanced_accuracy"": 0.35129156708717346, ""test_cross_entropy"": 1.099266529083252, ""test_balanced_accuracy"": 0.34928518533706665}"
2026-04-15T23:14:33.847949,random,lcbench,167201,2,294,69.14915466308594,"{""OpenML_task_id"": ""167184"", ""batch_size"": 445, ""epoch"": 20, ""learning_rate"": 0.0005972702556379496, ""max_dropout"": 0.11843755546559398, ""max_units"": 117, ""momentum"": 0.27904849218758043, ""num_layers"": 2, ""weight_decay"": 0.005042038655786919}","{""time"": 69.14915466308594, ""val_accuracy"": 35.80162811279297, ""val_cross_entropy"": 1.1010448932647705, ""val_balanced_accuracy"": 0.35601121187210083, ""test_cross_entropy"": 1.1002670526504517, ""test_balanced_accuracy"": 0.35494130849838257}"
2026-04-15T23:14:33.847949,random,lcbench,167201,2,295,62.10288619995117,"{""OpenML_task_id"": ""167104"", ""batch_size"": 38, ""epoch"": 38, ""learning_rate"": 0.0008778565660380087, ""max_dropout"": 0.5558548573253004, ""max_units"": 144, ""momentum"": 0.5923564555741093, ""num_layers"": 1, ""weight_decay"": 0.03143347710584251}","{""time"": 62.10288619995117, ""val_accuracy"": 45.61924362182617, ""val_cross_entropy"": 1.040120244026184, ""val_balanced_accuracy"": 0.4222056567668915, ""test_cross_entropy"": 1.0882842540740967, ""test_balanced_accuracy"": 0.4185853898525238}"
2026-04-15T23:14:33.847949,random,lcbench,167201,2,296,66.66559600830078,"{""OpenML_task_id"": ""167161"", ""batch_size"": 167, ""epoch"": 11, ""learning_rate"": 0.0003171389676334188, ""max_dropout"": 0.8313207529712654, ""max_units"": 592, ""momentum"": 0.2914402664265586, ""num_layers"": 4, ""weight_decay"": 0.003391027697398855}","{""time"": 66.66559600830078, ""val_accuracy"": 33.86722183227539, ""val_cross_entropy"": 1.0313456058502197, ""val_balanced_accuracy"": 0.33346766233444214, ""test_cross_entropy"": 1.0986379384994507, ""test_balanced_accuracy"": 0.3411770761013031}"
2026-04-15T23:14:33.847949,random,lcbench,167201,2,297,148.98956298828125,"{""OpenML_task_id"": ""167181"", ""batch_size"": 180, ""epoch"": 48, ""learning_rate"": 0.002345651242301773, ""max_dropout"": 0.8974121778299714, ""max_units"": 518, ""momentum"": 0.12304656590383198, ""num_layers"": 2, ""weight_decay"": 0.07652204133846306}","{""time"": 148.98956298828125, ""val_accuracy"": 46.0228385925293, ""val_cross_entropy"": 1.0483275651931763, ""val_balanced_accuracy"": 0.41043204069137573, ""test_cross_entropy"": 1.1030597686767578, ""test_balanced_accuracy"": 0.4077121317386627}"
2026-04-15T23:14:33.856424,random,lcbench,167201,2,298,79.87960052490234,"{""OpenML_task_id"": ""167168"", ""batch_size"": 27, ""epoch"": 41, ""learning_rate"": 0.0001467309481834518, ""max_dropout"": 0.7335586367221765, ""max_units"": 84, ""momentum"": 0.4214383190915756, ""num_layers"": 1, ""weight_decay"": 0.010818793676869396}","{""time"": 79.87960052490234, ""val_accuracy"": 46.588619232177734, ""val_cross_entropy"": 1.0067492723464966, ""val_balanced_accuracy"": 0.41374579071998596, ""test_cross_entropy"": 1.0809848308563232, ""test_balanced_accuracy"": 0.4114525616168976}"
2026-04-15T23:14:33.856784,random,lcbench,167201,2,299,30.62271499633789,"{""OpenML_task_id"": ""168868"", ""batch_size"": 300, ""epoch"": 6, ""learning_rate"": 0.0009273652347818691, ""max_dropout"": 0.39401634579190414, ""max_units"": 946, ""momentum"": 0.964376805810702, ""num_layers"": 1, ""weight_decay"": 0.030823344615040597}","{""time"": 30.62271499633789, ""val_accuracy"": 43.66773223876953, ""val_cross_entropy"": 1.059098720550537, ""val_balanced_accuracy"": 0.3884907066822052, ""test_cross_entropy"": 1.0993353128433228, ""test_balanced_accuracy"": 0.3807492256164551}"
2026-04-15T23:14:33.856784,random,lcbench,167201,2,300,55.35643768310547,"{""OpenML_task_id"": ""167200"", ""batch_size"": 117, ""epoch"": 20, ""learning_rate"": 0.003749100255142825, ""max_dropout"": 0.2810662724810482, ""max_units"": 75, ""momentum"": 0.7417792543742481, ""num_layers"": 4, ""weight_decay"": 0.08249869521978163}","{""time"": 55.35643768310547, ""val_accuracy"": 55.656314849853516, ""val_cross_entropy"": 1.0195447206497192, ""val_balanced_accuracy"": 0.33675360679626465, ""test_cross_entropy"": 1.1026736497879028, ""test_balanced_accuracy"": 0.33800652623176575}"
2026-04-15T23:14:33.856784,random,lcbench,167201,2,301,62.43058776855469,"{""OpenML_task_id"": ""167104"", ""batch_size"": 106, ""epoch"": 28, ""learning_rate"": 0.005819817906768578, ""max_dropout"": 0.3580816987697031, ""max_units"": 158, ""momentum"": 0.7902254770889984, ""num_layers"": 2, ""weight_decay"": 0.059470064426997704}","{""time"": 62.43058776855469, ""val_accuracy"": 49.641212463378906, ""val_cross_entropy"": 1.0358752012252808, ""val_balanced_accuracy"": 0.41712847352027893, ""test_cross_entropy"": 1.0944371223449707, ""test_balanced_accuracy"": 0.41761407256126404}"
2026-04-15T23:14:33.856784,random,lcbench,167201,2,302,144.01687622070312,"{""OpenML_task_id"": ""126025"", ""batch_size"": 16, ""epoch"": 28, ""learning_rate"": 0.00011973344479510964, ""max_dropout"": 0.8163748145898101, ""max_units"": 91, ""momentum"": 0.45221780241202014, ""num_layers"": 5, ""weight_decay"": 0.060787696231843456}","{""time"": 144.01687622070312, ""val_accuracy"": 61.47762680053711, ""val_cross_entropy"": 0.941692590713501, ""val_balanced_accuracy"": 0.371296226978302, ""test_cross_entropy"": 1.0609608888626099, ""test_balanced_accuracy"": 0.3657762408256531}"
2026-04-15T23:14:33.856784,random,lcbench,167201,2,303,100.03946685791016,"{""OpenML_task_id"": ""189908"", ""batch_size"": 30, ""epoch"": 24, ""learning_rate"": 0.0007943006892885339, ""max_dropout"": 0.18672089162432404, ""max_units"": 442, ""momentum"": 0.14433726188091178, ""num_layers"": 2, ""weight_decay"": 0.04202429085249206}","{""time"": 100.03946685791016, ""val_accuracy"": 51.794734954833984, ""val_cross_entropy"": 1.0091938972473145, ""val_balanced_accuracy"": 0.42563802003860474, ""test_cross_entropy"": 1.0814446210861206, ""test_balanced_accuracy"": 0.42377081513404846}"
2026-04-15T23:14:33.856784,random,lcbench,167201,2,304,67.23314666748047,"{""OpenML_task_id"": ""167184"", ""batch_size"": 28, ""epoch"": 31, ""learning_rate"": 0.04812903469309295, ""max_dropout"": 0.39588172335050986, ""max_units"": 79, ""momentum"": 0.1221209943648875, ""num_layers"": 5, ""weight_decay"": 0.03690231148546905}","{""time"": 67.23314666748047, ""val_accuracy"": 71.61216735839844, ""val_cross_entropy"": 1.0015733242034912, ""val_balanced_accuracy"": 0.3552860617637634, ""test_cross_entropy"": 1.0823546648025513, ""test_balanced_accuracy"": 0.3496171236038208}"
2026-04-15T23:14:33.856784,random,lcbench,167201,2,305,14.781530380249023,"{""OpenML_task_id"": ""167161"", ""batch_size"": 247, ""epoch"": 4, ""learning_rate"": 0.008325097997032406, ""max_dropout"": 0.4568451550543614, ""max_units"": 94, ""momentum"": 0.2389527609253596, ""num_layers"": 2, ""weight_decay"": 0.08647870973351302}","{""time"": 14.781530380249023, ""val_accuracy"": 42.47333908081055, ""val_cross_entropy"": 1.066106915473938, ""val_balanced_accuracy"": 0.401419460773468, ""test_cross_entropy"": 1.1105514764785767, ""test_balanced_accuracy"": 0.39690855145454407}"
2026-04-15T23:14:33.856784,random,lcbench,167201,2,306,122.47370910644531,"{""OpenML_task_id"": ""167201"", ""batch_size"": 339, ""epoch"": 40, ""learning_rate"": 0.004574183245876898, ""max_dropout"": 0.10159199846896583, ""max_units"": 124, ""momentum"": 0.8569136819419577, ""num_layers"": 3, ""weight_decay"": 0.04236298739146183}","{""time"": 122.47370910644531, ""val_accuracy"": 53.767066955566406, ""val_cross_entropy"": 1.0103529691696167, ""val_balanced_accuracy"": 0.396498441696167, ""test_cross_entropy"": 1.0936179161071777, ""test_balanced_accuracy"": 0.3941391706466675}"
2026-04-15T23:14:33.865308,random,lcbench,167201,2,307,21.82221221923828,"{""OpenML_task_id"": ""126029"", ""batch_size"": 42, ""epoch"": 6, ""learning_rate"": 0.007616874252229913, ""max_dropout"": 0.855216973891415, ""max_units"": 119, ""momentum"": 0.3070264099527129, ""num_layers"": 3, ""weight_decay"": 0.02697733004488757}","{""time"": 21.82221221923828, ""val_accuracy"": 52.26771926879883, ""val_cross_entropy"": 1.0654122829437256, ""val_balanced_accuracy"": 0.35819557309150696, ""test_cross_entropy"": 1.1016300916671753, ""test_balanced_accuracy"": 0.3575355112552643}"
2026-04-15T23:14:33.865308,random,lcbench,167201,2,308,63.19894027709961,"{""OpenML_task_id"": ""189906"", ""batch_size"": 36, ""epoch"": 14, ""learning_rate"": 0.000914739887033986, ""max_dropout"": 0.500048215629034, ""max_units"": 260, ""momentum"": 0.7768878412487392, ""num_layers"": 4, ""weight_decay"": 0.01960513496074818}","{""time"": 63.19894027709961, ""val_accuracy"": 58.95096206665039, ""val_cross_entropy"": 1.0241031646728516, ""val_balanced_accuracy"": 0.3467482030391693, ""test_cross_entropy"": 1.1006317138671875, ""test_balanced_accuracy"": 0.35032400488853455}"
2026-04-15T23:14:33.865308,random,lcbench,167201,2,309,78.03750610351562,"{""OpenML_task_id"": ""168910"", ""batch_size"": 502, ""epoch"": 25, ""learning_rate"": 0.0025576089935598935, ""max_dropout"": 0.31337253464142445, ""max_units"": 204, ""momentum"": 0.44115864535784377, ""num_layers"": 2, ""weight_decay"": 0.07352922204431118}","{""time"": 78.03750610351562, ""val_accuracy"": 43.06376647949219, ""val_cross_entropy"": 1.037960171699524, ""val_balanced_accuracy"": 0.42738622426986694, ""test_cross_entropy"": 1.101045846939087, ""test_balanced_accuracy"": 0.4217461049556732}"
2026-04-15T23:14:33.865308,random,lcbench,167201,2,310,7.113336563110352,"{""OpenML_task_id"": ""189865"", ""batch_size"": 371, ""epoch"": 2, ""learning_rate"": 0.06796834639568208, ""max_dropout"": 0.7838090658177259, ""max_units"": 65, ""momentum"": 0.7445071223674169, ""num_layers"": 4, ""weight_decay"": 0.019414236512295895}","{""time"": 7.113336563110352, ""val_accuracy"": 35.72175598144531, ""val_cross_entropy"": 1.0681374073028564, ""val_balanced_accuracy"": 0.3366977572441101, ""test_cross_entropy"": 1.1207859516143799, ""test_balanced_accuracy"": 0.33786019682884216}"
2026-04-15T23:14:33.865308,random,lcbench,167201,2,311,184.03958129882812,"{""OpenML_task_id"": ""189908"", ""batch_size"": 410, ""epoch"": 24, ""learning_rate"": 0.08464535735900186, ""max_dropout"": 0.5942665774539088, ""max_units"": 672, ""momentum"": 0.2076189098098796, ""num_layers"": 3, ""weight_decay"": 0.07666797080967945}","{""time"": 184.03958129882812, ""val_accuracy"": 49.47654724121094, ""val_cross_entropy"": 1.0774247646331787, ""val_balanced_accuracy"": 0.3543906509876251, ""test_cross_entropy"": 1.1077744960784912, ""test_balanced_accuracy"": 0.3524741530418396}"
2026-04-15T23:14:33.865308,random,lcbench,167201,2,312,20.122352600097656,"{""OpenML_task_id"": ""167190"", ""batch_size"": 96, ""epoch"": 7, ""learning_rate"": 0.0002594332054629305, ""max_dropout"": 0.0539636823734414, ""max_units"": 305, ""momentum"": 0.28745818831723535, ""num_layers"": 1, ""weight_decay"": 0.06342687561912018}","{""time"": 20.122352600097656, ""val_accuracy"": 41.50012969970703, ""val_cross_entropy"": 1.0226707458496094, ""val_balanced_accuracy"": 0.3795832693576813, ""test_cross_entropy"": 1.0979399681091309, ""test_balanced_accuracy"": 0.3789539039134979}"
2026-04-15T23:14:33.865308,random,lcbench,167201,2,313,174.12489318847656,"{""OpenML_task_id"": ""167200"", ""batch_size"": 90, ""epoch"": 41, ""learning_rate"": 0.004607623157205418, ""max_dropout"": 0.539405521755885, ""max_units"": 433, ""momentum"": 0.5601113742603666, ""num_layers"": 3, ""weight_decay"": 0.06453214718219133}","{""time"": 174.12489318847656, ""val_accuracy"": 55.540618896484375, ""val_cross_entropy"": 1.0703086853027344, ""val_balanced_accuracy"": 0.35140883922576904, ""test_cross_entropy"": 1.0987231731414795, ""test_balanced_accuracy"": 0.350265234708786}"
2026-04-15T23:14:33.865308,random,lcbench,167201,2,314,59.99863052368164,"{""OpenML_task_id"": ""168908"", ""batch_size"": 59, ""epoch"": 14, ""learning_rate"": 0.0006992170263116499, ""max_dropout"": 0.6453795396152892, ""max_units"": 371, ""momentum"": 0.1241674939072994, ""num_layers"": 3, ""weight_decay"": 0.01385767994383556}","{""time"": 59.99863052368164, ""val_accuracy"": 48.38106155395508, ""val_cross_entropy"": 1.0440199375152588, ""val_balanced_accuracy"": 0.3777206540107727, ""test_cross_entropy"": 1.0992038249969482, ""test_balanced_accuracy"": 0.3770720958709717}"
2026-04-15T23:14:33.872904,random,lcbench,167201,2,315,20.312000274658203,"{""OpenML_task_id"": ""168329"", ""batch_size"": 49, ""epoch"": 6, ""learning_rate"": 0.0010924946563591344, ""max_dropout"": 0.17324895429652787, ""max_units"": 297, ""momentum"": 0.45312282647885405, ""num_layers"": 1, ""weight_decay"": 0.06593847230203921}","{""time"": 20.312000274658203, ""val_accuracy"": 44.1756477355957, ""val_cross_entropy"": 1.0355556011199951, ""val_balanced_accuracy"": 0.4071207642555237, ""test_cross_entropy"": 1.0971839427947998, ""test_balanced_accuracy"": 0.40490981936454773}"
2026-04-15T23:14:33.872904,random,lcbench,167201,2,316,56.52361297607422,"{""OpenML_task_id"": ""167161"", ""batch_size"": 420, ""epoch"": 15, ""learning_rate"": 0.0009174014953596755, ""max_dropout"": 0.8192052686270335, ""max_units"": 112, ""momentum"": 0.1426111638620545, ""num_layers"": 3, ""weight_decay"": 0.012463849885528799}","{""time"": 56.52361297607422, ""val_accuracy"": 35.860130310058594, ""val_cross_entropy"": 1.0624065399169922, ""val_balanced_accuracy"": 0.33894068002700806, ""test_cross_entropy"": 1.099273443222046, ""test_balanced_accuracy"": 0.34196212887763977}"
2026-04-15T23:14:33.875492,random,lcbench,167201,2,317,230.12542724609375,"{""OpenML_task_id"": ""167168"", ""batch_size"": 111, ""epoch"": 34, ""learning_rate"": 0.010327157511613816, ""max_dropout"": 0.4200099581464304, ""max_units"": 730, ""momentum"": 0.39451846724537387, ""num_layers"": 3, ""weight_decay"": 0.072346517884986}","{""time"": 230.12542724609375, ""val_accuracy"": 51.78436279296875, ""val_cross_entropy"": 1.0969603061676025, ""val_balanced_accuracy"": 0.34393957257270813, ""test_cross_entropy"": 1.1101561784744263, ""test_balanced_accuracy"": 0.34317746758461}"
2026-04-15T23:14:33.876144,random,lcbench,167201,2,318,303.02838134765625,"{""OpenML_task_id"": ""168330"", ""batch_size"": 314, ""epoch"": 51, ""learning_rate"": 0.0020165023123576895, ""max_dropout"": 0.713308337436773, ""max_units"": 549, ""momentum"": 0.697748672965434, ""num_layers"": 4, ""weight_decay"": 0.038795090145868565}","{""time"": 303.02838134765625, ""val_accuracy"": 49.17051696777344, ""val_cross_entropy"": 1.065568447113037, ""val_balanced_accuracy"": 0.36157894134521484, ""test_cross_entropy"": 1.1062344312667847, ""test_balanced_accuracy"": 0.3599000871181488}"
2026-04-15T23:14:33.876144,random,lcbench,167201,2,319,124.75227355957031,"{""OpenML_task_id"": ""146212"", ""batch_size"": 58, ""epoch"": 32, ""learning_rate"": 0.08170784181994827, ""max_dropout"": 0.42992540537970514, ""max_units"": 268, ""momentum"": 0.2721711616971191, ""num_layers"": 5, ""weight_decay"": 0.029736526948383645}","{""time"": 124.75227355957031, ""val_accuracy"": 62.19483184814453, ""val_cross_entropy"": 0.9839840531349182, ""val_balanced_accuracy"": 0.3441600501537323, ""test_cross_entropy"": 1.08963942527771, ""test_balanced_accuracy"": 0.3446349799633026}"
2026-04-15T23:14:33.876144,random,lcbench,167201,2,320,195.80332946777344,"{""OpenML_task_id"": ""167168"", ""batch_size"": 116, ""epoch"": 29, ""learning_rate"": 0.00013940044990348933, ""max_dropout"": 0.32564437788770617, ""max_units"": 647, ""momentum"": 0.7413810775610699, ""num_layers"": 4, ""weight_decay"": 0.0889238127690087}","{""time"": 195.80332946777344, ""val_accuracy"": 41.9666633605957, ""val_cross_entropy"": 1.0181174278259277, ""val_balanced_accuracy"": 0.34900015592575073, ""test_cross_entropy"": 1.1141808032989502, ""test_balanced_accuracy"": 0.35131099820137024}"
2026-04-15T23:14:33.876144,random,lcbench,167201,2,321,88.17948913574219,"{""OpenML_task_id"": ""167201"", ""batch_size"": 48, ""epoch"": 24, ""learning_rate"": 0.04332737975569299, ""max_dropout"": 0.788655166148681, ""max_units"": 105, ""momentum"": 0.9234295581767985, ""num_layers"": 4, ""weight_decay"": 0.09875718619694682}","{""time"": 88.17948913574219, ""val_accuracy"": 40.34886169433594, ""val_cross_entropy"": 0.9846633076667786, ""val_balanced_accuracy"": 0.33680886030197144, ""test_cross_entropy"": 1.11310875415802, ""test_balanced_accuracy"": 0.32858026027679443}"
2026-04-15T23:14:33.876144,random,lcbench,167201,2,322,60.37374496459961,"{""OpenML_task_id"": ""167184"", ""batch_size"": 464, ""epoch"": 13, ""learning_rate"": 0.00014145184045931405, ""max_dropout"": 0.3235253671902386, ""max_units"": 307, ""momentum"": 0.5000572407265391, ""num_layers"": 3, ""weight_decay"": 0.07675218131914091}","{""time"": 60.37374496459961, ""val_accuracy"": 25.94194793701172, ""val_cross_entropy"": 1.0918562412261963, ""val_balanced_accuracy"": 0.3185863494873047, ""test_cross_entropy"": 1.119918942451477, ""test_balanced_accuracy"": 0.32749906182289124}"
2026-04-15T23:14:33.881287,random,lcbench,167201,2,323,97.26306915283203,"{""OpenML_task_id"": ""167185"", ""batch_size"": 180, ""epoch"": 6, ""learning_rate"": 0.010542868793012772, ""max_dropout"": 0.24996462509189232, ""max_units"": 976, ""momentum"": 0.7994047399117286, ""num_layers"": 5, ""weight_decay"": 0.06990074881546195}","{""time"": 97.26306915283203, ""val_accuracy"": 48.35688781738281, ""val_cross_entropy"": 0.9229339361190796, ""val_balanced_accuracy"": 0.3623349070549011, ""test_cross_entropy"": 1.0882861614227295, ""test_balanced_accuracy"": 0.3613438606262207}"
2026-04-15T23:14:33.881287,random,lcbench,167201,2,324,300.43603515625,"{""OpenML_task_id"": ""168910"", ""batch_size"": 97, ""epoch"": 43, ""learning_rate"": 0.0015076358387320743, ""max_dropout"": 0.5416987374899488, ""max_units"": 877, ""momentum"": 0.593880331836526, ""num_layers"": 3, ""weight_decay"": 0.02764692860167962}","{""time"": 300.43603515625, ""val_accuracy"": 46.813087463378906, ""val_cross_entropy"": 1.0319879055023193, ""val_balanced_accuracy"": 0.4153207838535309, ""test_cross_entropy"": 1.0891724824905396, ""test_balanced_accuracy"": 0.4120533764362335}"
2026-04-15T23:14:33.881287,random,lcbench,167201,2,325,33.26802444458008,"{""OpenML_task_id"": ""168908"", ""batch_size"": 55, ""epoch"": 4, ""learning_rate"": 0.001423569145775148, ""max_dropout"": 0.19780293388187087, ""max_units"": 876, ""momentum"": 0.910131869694698, ""num_layers"": 3, ""weight_decay"": 0.006647432550857824}","{""time"": 33.26802444458008, ""val_accuracy"": 52.67434310913086, ""val_cross_entropy"": 0.9964826107025146, ""val_balanced_accuracy"": 0.4478738605976105, ""test_cross_entropy"": 1.0661847591400146, ""test_balanced_accuracy"": 0.451048344373703}"
2026-04-15T23:14:33.881287,random,lcbench,167201,2,326,106.05520629882812,"{""OpenML_task_id"": ""189862"", ""batch_size"": 69, ""epoch"": 24, ""learning_rate"": 0.00019248749604248948, ""max_dropout"": 0.4406743652412517, ""max_units"": 289, ""momentum"": 0.5770746790702866, ""num_layers"": 5, ""weight_decay"": 0.024651559672919633}","{""time"": 106.05520629882812, ""val_accuracy"": 44.662288665771484, ""val_cross_entropy"": 0.9622423052787781, ""val_balanced_accuracy"": 0.35217979550361633, ""test_cross_entropy"": 1.08138906955719, ""test_balanced_accuracy"": 0.35428524017333984}"
2026-04-15T23:14:33.881287,random,lcbench,167201,2,327,132.590576171875,"{""OpenML_task_id"": ""167190"", ""batch_size"": 212, ""epoch"": 25, ""learning_rate"": 0.000499604111256335, ""max_dropout"": 0.7201885099263111, ""max_units"": 229, ""momentum"": 0.9177785060748112, ""num_layers"": 5, ""weight_decay"": 0.015907553866951273}","{""time"": 132.590576171875, ""val_accuracy"": 36.50935363769531, ""val_cross_entropy"": 0.983756959438324, ""val_balanced_accuracy"": 0.3366014361381531, ""test_cross_entropy"": 1.104473352432251, ""test_balanced_accuracy"": 0.33878427743911743}"
2026-04-15T23:14:33.881287,random,lcbench,167201,2,328,44.47538375854492,"{""OpenML_task_id"": ""146212"", ""batch_size"": 30, ""epoch"": 14, ""learning_rate"": 0.00026444184500404723, ""max_dropout"": 0.10555584336088408, ""max_units"": 196, ""momentum"": 0.5833827176308296, ""num_layers"": 5, ""weight_decay"": 0.01484753586400609}","{""time"": 44.47538375854492, ""val_accuracy"": 59.9548454284668, ""val_cross_entropy"": 0.9383180141448975, ""val_balanced_accuracy"": 0.366223007440567, ""test_cross_entropy"": 1.074894666671753, ""test_balanced_accuracy"": 0.3698458671569824}"
2026-04-15T23:14:33.881287,random,lcbench,167201,2,329,77.89945220947266,"{""OpenML_task_id"": ""168908"", ""batch_size"": 30, ""epoch"": 16, ""learning_rate"": 0.00047200546963222596, ""max_dropout"": 0.901675687557485, ""max_units"": 119, ""momentum"": 0.32678268270600125, ""num_layers"": 5, ""weight_decay"": 0.0773878943142367}","{""time"": 77.89945220947266, ""val_accuracy"": 65.81285858154297, ""val_cross_entropy"": 0.9233717322349548, ""val_balanced_accuracy"": 0.37265488505363464, ""test_cross_entropy"": 1.0502313375473022, ""test_balanced_accuracy"": 0.36667874455451965}"
2026-04-15T23:14:33.889445,random,lcbench,167201,2,330,22.228004455566406,"{""OpenML_task_id"": ""167190"", ""batch_size"": 45, ""epoch"": 4, ""learning_rate"": 0.007336253932825197, ""max_dropout"": 0.5327809207239784, ""max_units"": 403, ""momentum"": 0.7789885625273427, ""num_layers"": 5, ""weight_decay"": 0.0270137595405194}","{""time"": 22.228004455566406, ""val_accuracy"": 52.315494537353516, ""val_cross_entropy"": 0.9114866256713867, ""val_balanced_accuracy"": 0.3600635230541229, ""test_cross_entropy"": 1.0834673643112183, ""test_balanced_accuracy"": 0.35981088876724243}"
2026-04-15T23:14:33.889445,random,lcbench,167201,2,331,933.6023559570312,"{""OpenML_task_id"": ""168335"", ""batch_size"": 31, ""epoch"": 42, ""learning_rate"": 0.0006085188768366439, ""max_dropout"": 0.16022928226699262, ""max_units"": 798, ""momentum"": 0.8724763755001916, ""num_layers"": 5, ""weight_decay"": 0.038260484912994046}","{""time"": 933.6023559570312, ""val_accuracy"": 70.22451782226562, ""val_cross_entropy"": 0.9543668627738953, ""val_balanced_accuracy"": 0.35180383920669556, ""test_cross_entropy"": 1.0583101511001587, ""test_balanced_accuracy"": 0.3519749939441681}"
2026-04-15T23:14:33.889445,random,lcbench,167201,2,332,556.3018188476562,"{""OpenML_task_id"": ""168908"", ""batch_size"": 493, ""epoch"": 40, ""learning_rate"": 0.014155975984091082, ""max_dropout"": 0.2812094245642469, ""max_units"": 1001, ""momentum"": 0.13475587544218437, ""num_layers"": 4, ""weight_decay"": 0.07885684761933517}","{""time"": 556.3018188476562, ""val_accuracy"": 55.1287956237793, ""val_cross_entropy"": 1.0675106048583984, ""val_balanced_accuracy"": 0.36069315671920776, ""test_cross_entropy"": 1.1085134744644165, ""test_balanced_accuracy"": 0.35897114872932434}"
2026-04-15T23:14:33.889445,random,lcbench,167201,2,333,38.18632507324219,"{""OpenML_task_id"": ""168329"", ""batch_size"": 154, ""epoch"": 12, ""learning_rate"": 0.0011543791688815592, ""max_dropout"": 0.7126143546729069, ""max_units"": 139, ""momentum"": 0.26630523867231176, ""num_layers"": 5, ""weight_decay"": 0.05123473695611865}","{""time"": 38.18632507324219, ""val_accuracy"": 38.49726104736328, ""val_cross_entropy"": 0.9610739350318909, ""val_balanced_accuracy"": 0.3637232184410095, ""test_cross_entropy"": 1.0886116027832031, ""test_balanced_accuracy"": 0.36026135087013245}"
2026-04-15T23:14:33.889445,random,lcbench,167201,2,334,39.965667724609375,"{""OpenML_task_id"": ""167201"", ""batch_size"": 122, ""epoch"": 15, ""learning_rate"": 0.0076316065961524685, ""max_dropout"": 0.47865500187573873, ""max_units"": 230, ""momentum"": 0.6339942893533582, ""num_layers"": 5, ""weight_decay"": 0.03338499707087186}","{""time"": 39.965667724609375, ""val_accuracy"": 57.386138916015625, ""val_cross_entropy"": 0.9429144263267517, ""val_balanced_accuracy"": 0.3666682541370392, ""test_cross_entropy"": 1.0835031270980835, ""test_balanced_accuracy"": 0.3652659058570862}"
2026-04-15T23:14:33.889445,random,lcbench,167201,2,335,54.61318588256836,"{""OpenML_task_id"": ""168330"", ""batch_size"": 286, ""epoch"": 21, ""learning_rate"": 0.00011702144613118836, ""max_dropout"": 0.3686044726974439, ""max_units"": 82, ""momentum"": 0.41593022304402405, ""num_layers"": 4, ""weight_decay"": 0.03344258190025015}","{""time"": 54.61318588256836, ""val_accuracy"": 22.834074020385742, ""val_cross_entropy"": 1.0432029962539673, ""val_balanced_accuracy"": 0.32705461978912354, ""test_cross_entropy"": 1.1109323501586914, ""test_balanced_accuracy"": 0.3329293727874756}"
2026-04-15T23:14:33.889445,random,lcbench,167201,2,336,227.6028289794922,"{""OpenML_task_id"": ""3945"", ""batch_size"": 41, ""epoch"": 38, ""learning_rate"": 0.00035092672510757847, ""max_dropout"": 0.6821477291534352, ""max_units"": 622, ""momentum"": 0.6242401156613312, ""num_layers"": 3, ""weight_decay"": 0.07930771772363467}","{""time"": 227.6028289794922, ""val_accuracy"": 56.56599426269531, ""val_cross_entropy"": 1.0646589994430542, ""val_balanced_accuracy"": 0.35929927229881287, ""test_cross_entropy"": 1.098721981048584, ""test_balanced_accuracy"": 0.3603561818599701}"
2026-04-15T23:14:33.889445,random,lcbench,167201,2,337,151.99185180664062,"{""OpenML_task_id"": ""168868"", ""batch_size"": 27, ""epoch"": 36, ""learning_rate"": 0.0013158923995717567, ""max_dropout"": 0.7718686205697429, ""max_units"": 820, ""momentum"": 0.7651338233118431, ""num_layers"": 2, ""weight_decay"": 0.0362181697277526}","{""time"": 151.99185180664062, ""val_accuracy"": 54.11088943481445, ""val_cross_entropy"": 0.9811160564422607, ""val_balanced_accuracy"": 0.4438912272453308, ""test_cross_entropy"": 1.0839307308197021, ""test_balanced_accuracy"": 0.44212692975997925}"
2026-04-15T23:14:33.897685,random,lcbench,167201,2,338,735.0088500976562,"{""OpenML_task_id"": ""126026"", ""batch_size"": 16, ""epoch"": 35, ""learning_rate"": 0.005365222667280854, ""max_dropout"": 0.3258940604667495, ""max_units"": 565, ""momentum"": 0.8130461033751858, ""num_layers"": 5, ""weight_decay"": 0.08917207893674103}","{""time"": 735.0088500976562, ""val_accuracy"": 64.6790542602539, ""val_cross_entropy"": 1.0026748180389404, ""val_balanced_accuracy"": 0.35477954149246216, ""test_cross_entropy"": 1.0704110860824585, ""test_balanced_accuracy"": 0.34934180974960327}"
2026-04-15T23:14:33.897685,random,lcbench,167201,2,339,59.04063034057617,"{""OpenML_task_id"": ""167161"", ""batch_size"": 29, ""epoch"": 15, ""learning_rate"": 0.0018778561025211003, ""max_dropout"": 0.11197586912446911, ""max_units"": 249, ""momentum"": 0.36760104111113934, ""num_layers"": 4, ""weight_decay"": 0.003620605543945931}","{""time"": 59.04063034057617, ""val_accuracy"": 64.63145446777344, ""val_cross_entropy"": 0.9842389225959778, ""val_balanced_accuracy"": 0.42689335346221924, ""test_cross_entropy"": 1.0641590356826782, ""test_balanced_accuracy"": 0.425433486700058}"
2026-04-15T23:14:33.897685,random,lcbench,167201,2,340,202.58602905273438,"{""OpenML_task_id"": ""189354"", ""batch_size"": 40, ""epoch"": 30, ""learning_rate"": 0.0009614261847450303, ""max_dropout"": 0.22618819588211592, ""max_units"": 569, ""momentum"": 0.415549285420752, ""num_layers"": 4, ""weight_decay"": 0.04210676224822445}","{""time"": 202.58602905273438, ""val_accuracy"": 61.76299285888672, ""val_cross_entropy"": 1.066542625427246, ""val_balanced_accuracy"": 0.33866217732429504, ""test_cross_entropy"": 1.1012316942214966, ""test_balanced_accuracy"": 0.34077388048171997}"
2026-04-15T23:14:33.897685,random,lcbench,167201,2,341,113.56722259521484,"{""OpenML_task_id"": ""167185"", ""batch_size"": 31, ""epoch"": 27, ""learning_rate"": 0.024179631542416605, ""max_dropout"": 0.1474297415178646, ""max_units"": 143, ""momentum"": 0.255238467465986, ""num_layers"": 5, ""weight_decay"": 0.09198035090380419}","{""time"": 113.56722259521484, ""val_accuracy"": 68.57239532470703, ""val_cross_entropy"": 0.996823787689209, ""val_balanced_accuracy"": 0.37258026003837585, ""test_cross_entropy"": 1.0680888891220093, ""test_balanced_accuracy"": 0.3632538616657257}"
2026-04-15T23:14:33.897685,random,lcbench,167201,2,342,167.18600463867188,"{""OpenML_task_id"": ""168330"", ""batch_size"": 135, ""epoch"": 45, ""learning_rate"": 0.09460165722065021, ""max_dropout"": 0.4738330300738127, ""max_units"": 490, ""momentum"": 0.791870360279483, ""num_layers"": 2, ""weight_decay"": 0.08067559553356493}","{""time"": 167.18600463867188, ""val_accuracy"": 45.39902877807617, ""val_cross_entropy"": 1.026735782623291, ""val_balanced_accuracy"": 0.4008678197860718, ""test_cross_entropy"": 1.092684268951416, ""test_balanced_accuracy"": 0.4009052813053131}"
2026-04-15T23:14:33.897685,random,lcbench,167201,2,343,24.407562255859375,"{""OpenML_task_id"": ""167185"", ""batch_size"": 204, ""epoch"": 9, ""learning_rate"": 0.000237349425576085, ""max_dropout"": 0.07295651086038679, ""max_units"": 208, ""momentum"": 0.33233982781997584, ""num_layers"": 1, ""weight_decay"": 0.07524223374066533}","{""time"": 24.407562255859375, ""val_accuracy"": 39.64784240722656, ""val_cross_entropy"": 1.0326834917068481, ""val_balanced_accuracy"": 0.3608493506908417, ""test_cross_entropy"": 1.1030833721160889, ""test_balanced_accuracy"": 0.359438419342041}"
2026-04-15T23:14:33.897685,random,lcbench,167201,2,344,99.80101013183594,"{""OpenML_task_id"": ""167168"", ""batch_size"": 440, ""epoch"": 48, ""learning_rate"": 0.08909726413178538, ""max_dropout"": 0.3195947559567084, ""max_units"": 66, ""momentum"": 0.4023799850658909, ""num_layers"": 2, ""weight_decay"": 0.022684460701874316}","{""time"": 99.80101013183594, ""val_accuracy"": 48.89854431152344, ""val_cross_entropy"": 0.9758794903755188, ""val_balanced_accuracy"": 0.45022493600845337, ""test_cross_entropy"": 1.0945367813110352, ""test_balanced_accuracy"": 0.448978066444397}"
2026-04-15T23:14:33.897685,random,lcbench,167201,2,345,3.2130022048950195,"{""OpenML_task_id"": ""189865"", ""batch_size"": 172, ""epoch"": 1, ""learning_rate"": 0.00027669489743571826, ""max_dropout"": 0.45867572844997506, ""max_units"": 325, ""momentum"": 0.18358512550945214, ""num_layers"": 4, ""weight_decay"": 0.09007102886617203}","{""time"": 3.2130022048950195, ""val_accuracy"": 23.547090530395508, ""val_cross_entropy"": 1.0036736726760864, ""val_balanced_accuracy"": 0.33202064037323, ""test_cross_entropy"": 1.1088811159133911, ""test_balanced_accuracy"": 0.3351421058177948}"
2026-04-15T23:14:33.897685,random,lcbench,167201,2,346,123.91558837890625,"{""OpenML_task_id"": ""167104"", ""batch_size"": 502, ""epoch"": 36, ""learning_rate"": 0.004577042807312848, ""max_dropout"": 0.8313989066832861, ""max_units"": 161, ""momentum"": 0.46159623850705833, ""num_layers"": 3, ""weight_decay"": 0.002858747003467496}","{""time"": 123.91558837890625, ""val_accuracy"": 46.25596237182617, ""val_cross_entropy"": 1.0147007703781128, ""val_balanced_accuracy"": 0.40581366419792175, ""test_cross_entropy"": 1.105530858039856, ""test_balanced_accuracy"": 0.40270552039146423}"
2026-04-15T23:14:33.906184,random,lcbench,167201,2,347,79.27161407470703,"{""OpenML_task_id"": ""167201"", ""batch_size"": 23, ""epoch"": 37, ""learning_rate"": 0.0004498665744281908, ""max_dropout"": 0.10786739563267489, ""max_units"": 116, ""momentum"": 0.36571737547339933, ""num_layers"": 1, ""weight_decay"": 0.048024444216780524}","{""time"": 79.27161407470703, ""val_accuracy"": 47.32309341430664, ""val_cross_entropy"": 1.0496100187301636, ""val_balanced_accuracy"": 0.42531827092170715, ""test_cross_entropy"": 1.0935992002487183, ""test_balanced_accuracy"": 0.4221283793449402}"
2026-04-15T23:14:33.906184,random,lcbench,167201,2,348,552.5576782226562,"{""OpenML_task_id"": ""189905"", ""batch_size"": 24, ""epoch"": 39, ""learning_rate"": 0.0018822987204632532, ""max_dropout"": 0.9355387532685195, ""max_units"": 709, ""momentum"": 0.7785110651529447, ""num_layers"": 4, ""weight_decay"": 0.08979332416814724}","{""time"": 552.5576782226562, ""val_accuracy"": 66.60477447509766, ""val_cross_entropy"": 1.0089863538742065, ""val_balanced_accuracy"": 0.33610936999320984, ""test_cross_entropy"": 1.1035202741622925, ""test_balanced_accuracy"": 0.333649605512619}"
2026-04-15T23:14:33.906184,random,lcbench,167201,2,349,51.08378219604492,"{""OpenML_task_id"": ""189865"", ""batch_size"": 329, ""epoch"": 7, ""learning_rate"": 0.004340695991293015, ""max_dropout"": 0.42345733300078137, ""max_units"": 932, ""momentum"": 0.24243034190333235, ""num_layers"": 4, ""weight_decay"": 0.05386058643148353}","{""time"": 51.08378219604492, ""val_accuracy"": 42.40793228149414, ""val_cross_entropy"": 1.0445809364318848, ""val_balanced_accuracy"": 0.35030195116996765, ""test_cross_entropy"": 1.113494634628296, ""test_balanced_accuracy"": 0.34990930557250977}"
2026-04-15T23:14:33.906184,random,lcbench,167201,2,350,79.04710388183594,"{""OpenML_task_id"": ""168908"", ""batch_size"": 119, ""epoch"": 24, ""learning_rate"": 0.0026049149561633463, ""max_dropout"": 0.4052956564940712, ""max_units"": 754, ""momentum"": 0.5459644480173098, ""num_layers"": 2, ""weight_decay"": 0.05553468111633268}","{""time"": 79.04710388183594, ""val_accuracy"": 47.32309341430664, ""val_cross_entropy"": 1.019391655921936, ""val_balanced_accuracy"": 0.44395726919174194, ""test_cross_entropy"": 1.0868988037109375, ""test_balanced_accuracy"": 0.4430065155029297}"
2026-04-15T23:14:33.906184,random,lcbench,167201,2,351,56.29212951660156,"{""OpenML_task_id"": ""167161"", ""batch_size"": 153, ""epoch"": 23, ""learning_rate"": 0.003814901336003975, ""max_dropout"": 0.061712311287120736, ""max_units"": 231, ""momentum"": 0.6416705827683441, ""num_layers"": 2, ""weight_decay"": 0.029559525246138755}","{""time"": 56.29212951660156, ""val_accuracy"": 48.7071647644043, ""val_cross_entropy"": 1.018700122833252, ""val_balanced_accuracy"": 0.43015289306640625, ""test_cross_entropy"": 1.0805835723876953, ""test_balanced_accuracy"": 0.4308549463748932}"
2026-04-15T23:14:33.906184,random,lcbench,167201,2,352,122.00376892089844,"{""OpenML_task_id"": ""189865"", ""batch_size"": 137, ""epoch"": 40, ""learning_rate"": 0.003669197200883948, ""max_dropout"": 0.4974717838802375, ""max_units"": 230, ""momentum"": 0.4600838142510102, ""num_layers"": 4, ""weight_decay"": 0.06577452147672695}","{""time"": 122.00376892089844, ""val_accuracy"": 60.02532958984375, ""val_cross_entropy"": 1.0729814767837524, ""val_balanced_accuracy"": 0.3421441614627838, ""test_cross_entropy"": 1.1024034023284912, ""test_balanced_accuracy"": 0.3396797776222229}"
2026-04-15T23:14:33.906184,random,lcbench,167201,2,353,55.78175354003906,"{""OpenML_task_id"": ""146212"", ""batch_size"": 31, ""epoch"": 28, ""learning_rate"": 0.018457737246366346, ""max_dropout"": 0.4976661633177568, ""max_units"": 75, ""momentum"": 0.3573370680670348, ""num_layers"": 5, ""weight_decay"": 0.0031542049406379368}","{""time"": 55.78175354003906, ""val_accuracy"": 72.46764373779297, ""val_cross_entropy"": 0.7444920539855957, ""val_balanced_accuracy"": 0.5515608191490173, ""test_cross_entropy"": 0.967617392539978, ""test_balanced_accuracy"": 0.5439737439155579}"
2026-04-15T23:14:33.906184,random,lcbench,167201,2,354,28.97305679321289,"{""OpenML_task_id"": ""189865"", ""batch_size"": 206, ""epoch"": 5, ""learning_rate"": 0.02313759866690464, ""max_dropout"": 0.2567207876514732, ""max_units"": 357, ""momentum"": 0.331895754745795, ""num_layers"": 5, ""weight_decay"": 0.09399704645105134}","{""time"": 28.97305679321289, ""val_accuracy"": 48.85295867919922, ""val_cross_entropy"": 0.9184269309043884, ""val_balanced_accuracy"": 0.3678387403488159, ""test_cross_entropy"": 1.0820837020874023, ""test_balanced_accuracy"": 0.3679945468902588}"
2026-04-15T23:14:33.914400,random,lcbench,167201,2,355,85.24413299560547,"{""OpenML_task_id"": ""167181"", ""batch_size"": 99, ""epoch"": 28, ""learning_rate"": 0.07171622495580603, ""max_dropout"": 0.4865634443327226, ""max_units"": 188, ""momentum"": 0.5912420112579139, ""num_layers"": 3, ""weight_decay"": 0.02239591304512355}","{""time"": 85.24413299560547, ""val_accuracy"": 49.78230285644531, ""val_cross_entropy"": 1.0130432844161987, ""val_balanced_accuracy"": 0.3998872935771942, ""test_cross_entropy"": 1.0718964338302612, ""test_balanced_accuracy"": 0.3989395797252655}"
2026-04-15T23:14:33.916476,random,lcbench,167201,2,356,66.41459655761719,"{""OpenML_task_id"": ""126026"", ""batch_size"": 158, ""epoch"": 23, ""learning_rate"": 0.017048971868073585, ""max_dropout"": 0.5418891278713173, ""max_units"": 81, ""momentum"": 0.7312285195472118, ""num_layers"": 4, ""weight_decay"": 0.06256682550760155}","{""time"": 66.41459655761719, ""val_accuracy"": 49.56259536743164, ""val_cross_entropy"": 1.0452561378479004, ""val_balanced_accuracy"": 0.3183160424232483, ""test_cross_entropy"": 1.108649730682373, ""test_balanced_accuracy"": 0.3167746067047119}"
2026-04-15T23:14:33.916476,random,lcbench,167201,2,357,37.75543212890625,"{""OpenML_task_id"": ""167149"", ""batch_size"": 34, ""epoch"": 10, ""learning_rate"": 0.0002824304866361385, ""max_dropout"": 0.291674625755853, ""max_units"": 77, ""momentum"": 0.5042655593784648, ""num_layers"": 3, ""weight_decay"": 0.05031568987456119}","{""time"": 37.75543212890625, ""val_accuracy"": 51.79928207397461, ""val_cross_entropy"": 1.04377019405365, ""val_balanced_accuracy"": 0.3604702949523926, ""test_cross_entropy"": 1.1053985357284546, ""test_balanced_accuracy"": 0.3626488149166107}"
2026-04-15T23:14:33.916476,random,lcbench,167201,2,358,75.48004913330078,"{""OpenML_task_id"": ""167185"", ""batch_size"": 73, ""epoch"": 31, ""learning_rate"": 0.001353002647867907, ""max_dropout"": 0.8569124186384895, ""max_units"": 126, ""momentum"": 0.39209510908963363, ""num_layers"": 2, ""weight_decay"": 0.010433424653012053}","{""time"": 75.48004913330078, ""val_accuracy"": 47.1019287109375, ""val_cross_entropy"": 1.0312007665634155, ""val_balanced_accuracy"": 0.4167109727859497, ""test_cross_entropy"": 1.0844056606292725, ""test_balanced_accuracy"": 0.4135856330394745}"
2026-04-15T23:14:33.916476,random,lcbench,167201,2,359,14.519370079040527,"{""OpenML_task_id"": ""168330"", ""batch_size"": 74, ""epoch"": 2, ""learning_rate"": 0.010359177198121603, ""max_dropout"": 0.6740173490689308, ""max_units"": 640, ""momentum"": 0.6963253556917265, ""num_layers"": 3, ""weight_decay"": 0.08084809563749047}","{""time"": 14.519370079040527, ""val_accuracy"": 42.78279113769531, ""val_cross_entropy"": 1.072953701019287, ""val_balanced_accuracy"": 0.35375651717185974, ""test_cross_entropy"": 1.1043459177017212, ""test_balanced_accuracy"": 0.3569917380809784}"
2026-04-15T23:14:33.916476,random,lcbench,167201,2,360,21.40805435180664,"{""OpenML_task_id"": ""168335"", ""batch_size"": 476, ""epoch"": 5, ""learning_rate"": 0.0015287939816205514, ""max_dropout"": 0.8998927644933854, ""max_units"": 115, ""momentum"": 0.4273905194593728, ""num_layers"": 5, ""weight_decay"": 0.06449540849087468}","{""time"": 21.40805435180664, ""val_accuracy"": 21.68486213684082, ""val_cross_entropy"": 0.9875199794769287, ""val_balanced_accuracy"": 0.34344854950904846, ""test_cross_entropy"": 1.0941966772079468, ""test_balanced_accuracy"": 0.3383748531341553}"
2026-04-15T23:14:33.916476,random,lcbench,167201,2,361,63.24635314941406,"{""OpenML_task_id"": ""167181"", ""batch_size"": 50, ""epoch"": 18, ""learning_rate"": 0.0006952081002460543, ""max_dropout"": 0.9779026615012818, ""max_units"": 102, ""momentum"": 0.31012295104563486, ""num_layers"": 5, ""weight_decay"": 0.008974363268845039}","{""time"": 63.24635314941406, ""val_accuracy"": 54.537574768066406, ""val_cross_entropy"": 0.9917783141136169, ""val_balanced_accuracy"": 0.35482487082481384, ""test_cross_entropy"": 1.0793944597244263, ""test_balanced_accuracy"": 0.3515690565109253}"
2026-04-15T23:14:33.916476,random,lcbench,167201,2,362,52.38621520996094,"{""OpenML_task_id"": ""167161"", ""batch_size"": 355, ""epoch"": 16, ""learning_rate"": 0.0006757160769414338, ""max_dropout"": 0.026694153392034847, ""max_units"": 112, ""momentum"": 0.8350802975653615, ""num_layers"": 3, ""weight_decay"": 0.05099951011651903}","{""time"": 52.38621520996094, ""val_accuracy"": 43.83546447753906, ""val_cross_entropy"": 1.0943717956542969, ""val_balanced_accuracy"": 0.36589276790618896, ""test_cross_entropy"": 1.11441969871521, ""test_balanced_accuracy"": 0.368571937084198}"
2026-04-15T23:14:33.922632,random,lcbench,167201,2,363,876.9450073242188,"{""OpenML_task_id"": ""168910"", ""batch_size"": 86, ""epoch"": 36, ""learning_rate"": 0.004636818716864368, ""max_dropout"": 0.4549923691209504, ""max_units"": 951, ""momentum"": 0.5124917126637085, ""num_layers"": 5, ""weight_decay"": 0.06347106752383502}","{""time"": 876.9450073242188, ""val_accuracy"": 62.99076843261719, ""val_cross_entropy"": 1.0022279024124146, ""val_balanced_accuracy"": 0.3580213785171509, ""test_cross_entropy"": 1.0756131410598755, ""test_balanced_accuracy"": 0.3559005558490753}"
2026-04-15T23:14:33.922632,random,lcbench,167201,2,364,68.80471801757812,"{""OpenML_task_id"": ""168910"", ""batch_size"": 272, ""epoch"": 15, ""learning_rate"": 0.001438794474719859, ""max_dropout"": 0.33030472387909726, ""max_units"": 360, ""momentum"": 0.715673940899672, ""num_layers"": 4, ""weight_decay"": 0.035096475126657686}","{""time"": 68.80471801757812, ""val_accuracy"": 47.6865234375, ""val_cross_entropy"": 1.0522899627685547, ""val_balanced_accuracy"": 0.3530777096748352, ""test_cross_entropy"": 1.107678771018982, ""test_balanced_accuracy"": 0.3544021546840668}"
2026-04-15T23:14:33.922632,random,lcbench,167201,2,365,16.095123291015625,"{""OpenML_task_id"": ""167161"", ""batch_size"": 23, ""epoch"": 3, ""learning_rate"": 0.006620042515505114, ""max_dropout"": 0.14656155365657686, ""max_units"": 210, ""momentum"": 0.10379135517406268, ""num_layers"": 3, ""weight_decay"": 0.03264438775803886}","{""time"": 16.095123291015625, ""val_accuracy"": 56.32805633544922, ""val_cross_entropy"": 1.0184812545776367, ""val_balanced_accuracy"": 0.3685304820537567, ""test_cross_entropy"": 1.0944371223449707, ""test_balanced_accuracy"": 0.36759957671165466}"
2026-04-15T23:14:33.922632,random,lcbench,167201,2,366,30.187641143798828,"{""OpenML_task_id"": ""168329"", ""batch_size"": 106, ""epoch"": 17, ""learning_rate"": 0.04108466248021893, ""max_dropout"": 0.2516877798029775, ""max_units"": 69, ""momentum"": 0.4671684557609681, ""num_layers"": 1, ""weight_decay"": 0.0356245616633302}","{""time"": 30.187641143798828, ""val_accuracy"": 42.326881408691406, ""val_cross_entropy"": 1.0717185735702515, ""val_balanced_accuracy"": 0.3993263244628906, ""test_cross_entropy"": 1.0926811695098877, ""test_balanced_accuracy"": 0.40266022086143494}"
2026-04-15T23:14:33.922632,random,lcbench,167201,2,367,94.86039733886719,"{""OpenML_task_id"": ""167104"", ""batch_size"": 16, ""epoch"": 27, ""learning_rate"": 0.009434090412997583, ""max_dropout"": 0.5196508758284001, ""max_units"": 66, ""momentum"": 0.11701760513634293, ""num_layers"": 3, ""weight_decay"": 0.04910705962050844}","{""time"": 94.86039733886719, ""val_accuracy"": 63.75237274169922, ""val_cross_entropy"": 1.0989034175872803, ""val_balanced_accuracy"": 0.3292056918144226, ""test_cross_entropy"": 1.095452904701233, ""test_balanced_accuracy"": 0.3257124423980713}"
2026-04-15T23:14:33.922632,random,lcbench,167201,2,368,323.9788818359375,"{""OpenML_task_id"": ""189873"", ""batch_size"": 441, ""epoch"": 52, ""learning_rate"": 0.035181445033538386, ""max_dropout"": 0.6845701940735155, ""max_units"": 814, ""momentum"": 0.821521789322492, ""num_layers"": 4, ""weight_decay"": 0.0049798199153487585}","{""time"": 323.9788818359375, ""val_accuracy"": 57.11009979248047, ""val_cross_entropy"": 0.7657569646835327, ""val_balanced_accuracy"": 0.5796626210212708, ""test_cross_entropy"": 1.0130637884140015, ""test_balanced_accuracy"": 0.574566125869751}"
2026-04-15T23:14:33.922632,random,lcbench,167201,2,369,115.43721008300781,"{""OpenML_task_id"": ""167200"", ""batch_size"": 93, ""epoch"": 37, ""learning_rate"": 0.04524251135335517, ""max_dropout"": 0.27230119737774305, ""max_units"": 255, ""momentum"": 0.49408488471313083, ""num_layers"": 2, ""weight_decay"": 0.08686383850218421}","{""time"": 115.43721008300781, ""val_accuracy"": 48.106937408447266, ""val_cross_entropy"": 1.0471714735031128, ""val_balanced_accuracy"": 0.36608055233955383, ""test_cross_entropy"": 1.1067850589752197, ""test_balanced_accuracy"": 0.3629138171672821}"
2026-04-15T23:14:33.922632,random,lcbench,167201,2,370,136.24688720703125,"{""OpenML_task_id"": ""168330"", ""batch_size"": 428, ""epoch"": 44, ""learning_rate"": 0.001638073457886078, ""max_dropout"": 0.8807623858630372, ""max_units"": 492, ""momentum"": 0.5489811397940684, ""num_layers"": 2, ""weight_decay"": 0.026108359252534883}","{""time"": 136.24688720703125, ""val_accuracy"": 42.4191780090332, ""val_cross_entropy"": 1.0257370471954346, ""val_balanced_accuracy"": 0.42679646611213684, ""test_cross_entropy"": 1.1005489826202393, ""test_balanced_accuracy"": 0.42273586988449097}"
2026-04-15T23:14:33.931276,random,lcbench,167201,2,371,109.84398651123047,"{""OpenML_task_id"": ""167190"", ""batch_size"": 25, ""epoch"": 37, ""learning_rate"": 0.0260287185457329, ""max_dropout"": 0.3834114901364287, ""max_units"": 84, ""momentum"": 0.6782893556989209, ""num_layers"": 3, ""weight_decay"": 0.03147587405966676}","{""time"": 109.84398651123047, ""val_accuracy"": 56.047489166259766, ""val_cross_entropy"": 1.0778347253799438, ""val_balanced_accuracy"": 0.3541906476020813, ""test_cross_entropy"": 1.0871520042419434, ""test_balanced_accuracy"": 0.3510725200176239}"
2026-04-15T23:14:33.931276,random,lcbench,167201,2,372,295.7868957519531,"{""OpenML_task_id"": ""189908"", ""batch_size"": 446, ""epoch"": 47, ""learning_rate"": 0.01596804540861287, ""max_dropout"": 0.3704334711172682, ""max_units"": 709, ""momentum"": 0.16343388030524425, ""num_layers"": 3, ""weight_decay"": 0.01119579295061876}","{""time"": 295.7868957519531, ""val_accuracy"": 48.702144622802734, ""val_cross_entropy"": 0.9914042949676514, ""val_balanced_accuracy"": 0.43979716300964355, ""test_cross_entropy"": 1.0761202573776245, ""test_balanced_accuracy"": 0.43511632084846497}"
2026-04-15T23:14:33.931276,random,lcbench,167201,2,373,50.242916107177734,"{""OpenML_task_id"": ""167190"", ""batch_size"": 161, ""epoch"": 16, ""learning_rate"": 0.0005834143125084272, ""max_dropout"": 0.48405764831221365, ""max_units"": 235, ""momentum"": 0.1480193697413267, ""num_layers"": 2, ""weight_decay"": 0.08017003880521609}","{""time"": 50.242916107177734, ""val_accuracy"": 40.53731155395508, ""val_cross_entropy"": 1.0324708223342896, ""val_balanced_accuracy"": 0.39972028136253357, ""test_cross_entropy"": 1.1064091920852661, ""test_balanced_accuracy"": 0.397463858127594}"
2026-04-15T23:14:33.931276,random,lcbench,167201,2,374,85.41704559326172,"{""OpenML_task_id"": ""168329"", ""batch_size"": 464, ""epoch"": 31, ""learning_rate"": 0.000489473165016997, ""max_dropout"": 0.2137705121575827, ""max_units"": 194, ""momentum"": 0.5735683463624808, ""num_layers"": 2, ""weight_decay"": 0.06099707950976499}","{""time"": 85.41704559326172, ""val_accuracy"": 40.63562774658203, ""val_cross_entropy"": 1.0465353727340698, ""val_balanced_accuracy"": 0.4058190882205963, ""test_cross_entropy"": 1.1000813245773315, ""test_balanced_accuracy"": 0.40348589420318604}"
2026-04-15T23:14:33.931276,random,lcbench,167201,2,375,58.58464050292969,"{""OpenML_task_id"": ""168868"", ""batch_size"": 59, ""epoch"": 28, ""learning_rate"": 0.04989964390753725, ""max_dropout"": 0.5643105025965277, ""max_units"": 513, ""momentum"": 0.823734472641954, ""num_layers"": 1, ""weight_decay"": 0.09910792293285672}","{""time"": 58.58464050292969, ""val_accuracy"": 41.263343811035156, ""val_cross_entropy"": 1.0804777145385742, ""val_balanced_accuracy"": 0.3753155767917633, ""test_cross_entropy"": 1.0963833332061768, ""test_balanced_accuracy"": 0.37861576676368713}"
2026-04-15T23:14:33.931276,random,lcbench,167201,2,376,26.71261978149414,"{""OpenML_task_id"": ""189905"", ""batch_size"": 58, ""epoch"": 16, ""learning_rate"": 0.051809185041808856, ""max_dropout"": 0.39731358498495206, ""max_units"": 79, ""momentum"": 0.715152858300523, ""num_layers"": 1, ""weight_decay"": 0.06161773802498357}","{""time"": 26.71261978149414, ""val_accuracy"": 41.374542236328125, ""val_cross_entropy"": 1.0669701099395752, ""val_balanced_accuracy"": 0.39128831028938293, ""test_cross_entropy"": 1.0849512815475464, ""test_balanced_accuracy"": 0.3930296301841736}"
2026-04-15T23:14:33.931276,random,lcbench,167201,2,377,55.56421661376953,"{""OpenML_task_id"": ""168331"", ""batch_size"": 33, ""epoch"": 8, ""learning_rate"": 0.09848232765402747, ""max_dropout"": 0.07891098968922428, ""max_units"": 161, ""momentum"": 0.6220779800345375, ""num_layers"": 3, ""weight_decay"": 0.08264636442069635}","{""time"": 55.56421661376953, ""val_accuracy"": 40.01921463012695, ""val_cross_entropy"": 1.0157601833343506, ""val_balanced_accuracy"": 0.32872316241264343, ""test_cross_entropy"": 1.095141887664795, ""test_balanced_accuracy"": 0.3240177631378174}"
2026-04-15T23:14:33.939766,random,lcbench,167201,2,378,355.2582702636719,"{""OpenML_task_id"": ""126025"", ""batch_size"": 307, ""epoch"": 32, ""learning_rate"": 0.004672987600959216, ""max_dropout"": 0.6990469926423668, ""max_units"": 736, ""momentum"": 0.8727337087347953, ""num_layers"": 5, ""weight_decay"": 0.038552018632007815}","{""time"": 355.2582702636719, ""val_accuracy"": 48.71041488647461, ""val_cross_entropy"": 0.9832914471626282, ""val_balanced_accuracy"": 0.34210827946662903, ""test_cross_entropy"": 1.1062426567077637, ""test_balanced_accuracy"": 0.3395722210407257}"
2026-04-15T23:14:33.939766,random,lcbench,167201,2,379,102.02519226074219,"{""OpenML_task_id"": ""168331"", ""batch_size"": 160, ""epoch"": 28, ""learning_rate"": 0.0006943282892524344, ""max_dropout"": 0.1473573447140869, ""max_units"": 337, ""momentum"": 0.37563764958246315, ""num_layers"": 3, ""weight_decay"": 0.028361319161398633}","{""time"": 102.02519226074219, ""val_accuracy"": 46.94586944580078, ""val_cross_entropy"": 1.083791732788086, ""val_balanced_accuracy"": 0.3897680342197418, ""test_cross_entropy"": 1.1034971475601196, ""test_balanced_accuracy"": 0.38814109563827515}"
2026-04-15T23:14:33.939766,random,lcbench,167201,2,380,68.92045593261719,"{""OpenML_task_id"": ""189909"", ""batch_size"": 69, ""epoch"": 30, ""learning_rate"": 0.007007597416796986, ""max_dropout"": 0.005175191262548395, ""max_units"": 185, ""momentum"": 0.865030030634882, ""num_layers"": 2, ""weight_decay"": 0.04063182306006624}","{""time"": 68.92045593261719, ""val_accuracy"": 53.84906768798828, ""val_cross_entropy"": 1.0122212171554565, ""val_balanced_accuracy"": 0.44544926285743713, ""test_cross_entropy"": 1.0788671970367432, ""test_balanced_accuracy"": 0.44645804166793823}"
2026-04-15T23:14:33.939766,random,lcbench,167201,2,381,101.63055419921875,"{""OpenML_task_id"": ""167185"", ""batch_size"": 150, ""epoch"": 40, ""learning_rate"": 0.0006672581086108525, ""max_dropout"": 0.17109390395253854, ""max_units"": 198, ""momentum"": 0.48193204453792293, ""num_layers"": 2, ""weight_decay"": 0.03884669235906751}","{""time"": 101.63055419921875, ""val_accuracy"": 43.83128356933594, ""val_cross_entropy"": 1.0496140718460083, ""val_balanced_accuracy"": 0.41138744354248047, ""test_cross_entropy"": 1.0958738327026367, ""test_balanced_accuracy"": 0.4087594151496887}"
2026-04-15T23:14:33.939766,random,lcbench,167201,2,382,215.61178588867188,"{""OpenML_task_id"": ""168908"", ""batch_size"": 19, ""epoch"": 49, ""learning_rate"": 0.02710041614508492, ""max_dropout"": 0.21281695248230958, ""max_units"": 179, ""momentum"": 0.5937134110856033, ""num_layers"": 4, ""weight_decay"": 0.036661779199275095}","{""time"": 215.61178588867188, ""val_accuracy"": 64.12615966796875, ""val_cross_entropy"": 1.0503149032592773, ""val_balanced_accuracy"": 0.3271700441837311, ""test_cross_entropy"": 1.0990201234817505, ""test_balanced_accuracy"": 0.32764339447021484}"
2026-04-15T23:14:33.939766,random,lcbench,167201,2,383,72.31599426269531,"{""OpenML_task_id"": ""167181"", ""batch_size"": 100, ""epoch"": 16, ""learning_rate"": 0.00021522292144548685, ""max_dropout"": 0.050607787244778546, ""max_units"": 419, ""momentum"": 0.39148292503643944, ""num_layers"": 4, ""weight_decay"": 0.056007562238170744}","{""time"": 72.31599426269531, ""val_accuracy"": 36.89338302612305, ""val_cross_entropy"": 1.0288403034210205, ""val_balanced_accuracy"": 0.34691953659057617, ""test_cross_entropy"": 1.1024808883666992, ""test_balanced_accuracy"": 0.3531322479248047}"
2026-04-15T23:14:33.939766,random,lcbench,167201,2,384,36.79603576660156,"{""OpenML_task_id"": ""146212"", ""batch_size"": 279, ""epoch"": 6, ""learning_rate"": 0.00019289744571377414, ""max_dropout"": 0.14923445221234266, ""max_units"": 743, ""momentum"": 0.35235111883129855, ""num_layers"": 5, ""weight_decay"": 0.006556794297235894}","{""time"": 36.79603576660156, ""val_accuracy"": 28.693437576293945, ""val_cross_entropy"": 0.9946247339248657, ""val_balanced_accuracy"": 0.34353044629096985, ""test_cross_entropy"": 1.081153392791748, ""test_balanced_accuracy"": 0.3461422622203827}"
2026-04-15T23:14:33.947632,random,lcbench,167201,2,385,61.2996711730957,"{""OpenML_task_id"": ""168910"", ""batch_size"": 60, ""epoch"": 26, ""learning_rate"": 0.032885833080376604, ""max_dropout"": 0.8630068200099784, ""max_units"": 154, ""momentum"": 0.46097044603484105, ""num_layers"": 4, ""weight_decay"": 0.009738086980636418}","{""time"": 61.2996711730957, ""val_accuracy"": 50.06969451904297, ""val_cross_entropy"": 1.047473669052124, ""val_balanced_accuracy"": 0.36216840147972107, ""test_cross_entropy"": 1.0710906982421875, ""test_balanced_accuracy"": 0.3602311313152313}"
2026-04-15T23:14:33.947632,random,lcbench,167201,2,386,48.20698928833008,"{""OpenML_task_id"": ""189905"", ""batch_size"": 122, ""epoch"": 19, ""learning_rate"": 0.0032687132509235314, ""max_dropout"": 0.5467607107753196, ""max_units"": 207, ""momentum"": 0.2621627733074877, ""num_layers"": 2, ""weight_decay"": 0.05855889265394078}","{""time"": 48.20698928833008, ""val_accuracy"": 46.09355926513672, ""val_cross_entropy"": 1.0466485023498535, ""val_balanced_accuracy"": 0.4099462032318115, ""test_cross_entropy"": 1.094448208808899, ""test_balanced_accuracy"": 0.40865182876586914}"
2026-04-15T23:14:33.947632,random,lcbench,167201,2,387,20.81540298461914,"{""OpenML_task_id"": ""189354"", ""batch_size"": 55, ""epoch"": 6, ""learning_rate"": 0.0015307557279733903, ""max_dropout"": 0.43668697446232907, ""max_units"": 96, ""momentum"": 0.5498396380429259, ""num_layers"": 4, ""weight_decay"": 0.032793300502903446}","{""time"": 20.81540298461914, ""val_accuracy"": 51.51060485839844, ""val_cross_entropy"": 1.031685709953308, ""val_balanced_accuracy"": 0.3336438834667206, ""test_cross_entropy"": 1.1098203659057617, ""test_balanced_accuracy"": 0.33676260709762573}"
2026-04-15T23:14:33.947632,random,lcbench,167201,2,388,133.70057678222656,"{""OpenML_task_id"": ""189354"", ""batch_size"": 23, ""epoch"": 41, ""learning_rate"": 0.001229371711232618, ""max_dropout"": 0.9772369027329988, ""max_units"": 159, ""momentum"": 0.18189754206218045, ""num_layers"": 2, ""weight_decay"": 0.07157071146913513}","{""time"": 133.70057678222656, ""val_accuracy"": 58.68339920043945, ""val_cross_entropy"": 1.0053600072860718, ""val_balanced_accuracy"": 0.3775290548801422, ""test_cross_entropy"": 1.089349389076233, ""test_balanced_accuracy"": 0.37597689032554626}"
2026-04-15T23:14:33.947632,random,lcbench,167201,2,389,59.5189323425293,"{""OpenML_task_id"": ""189873"", ""batch_size"": 33, ""epoch"": 14, ""learning_rate"": 0.00014980369447410873, ""max_dropout"": 0.5545341636018699, ""max_units"": 135, ""momentum"": 0.7932602700120164, ""num_layers"": 3, ""weight_decay"": 0.006801316406300804}","{""time"": 59.5189323425293, ""val_accuracy"": 52.807533264160156, ""val_cross_entropy"": 1.051526427268982, ""val_balanced_accuracy"": 0.3754465878009796, ""test_cross_entropy"": 1.0959391593933105, ""test_balanced_accuracy"": 0.3761734366416931}"
2026-04-15T23:14:33.947632,random,lcbench,167201,2,390,4.963062763214111,"{""OpenML_task_id"": ""7593"", ""batch_size"": 27, ""epoch"": 1, ""learning_rate"": 0.0022220153288017154, ""max_dropout"": 0.2148069434514427, ""max_units"": 111, ""momentum"": 0.28445136751791333, ""num_layers"": 2, ""weight_decay"": 0.03414985690109243}","{""time"": 4.963062763214111, ""val_accuracy"": 33.04680252075195, ""val_cross_entropy"": 1.0688793659210205, ""val_balanced_accuracy"": 0.3303460478782654, ""test_cross_entropy"": 1.0914825201034546, ""test_balanced_accuracy"": 0.3286542296409607}"
2026-04-15T23:14:33.947632,random,lcbench,167201,2,391,59.735076904296875,"{""OpenML_task_id"": ""168908"", ""batch_size"": 139, ""epoch"": 10, ""learning_rate"": 0.02737449922645058, ""max_dropout"": 0.7534561732388032, ""max_units"": 395, ""momentum"": 0.6382906664135082, ""num_layers"": 3, ""weight_decay"": 0.07645060214978888}","{""time"": 59.735076904296875, ""val_accuracy"": 45.64692306518555, ""val_cross_entropy"": 1.079367995262146, ""val_balanced_accuracy"": 0.32974737882614136, ""test_cross_entropy"": 1.106135368347168, ""test_balanced_accuracy"": 0.3295493423938751}"
2026-04-15T23:14:33.955956,random,lcbench,167201,2,392,50.088130950927734,"{""OpenML_task_id"": ""126025"", ""batch_size"": 21, ""epoch"": 19, ""learning_rate"": 0.0003181522658329016, ""max_dropout"": 0.19620025598213753, ""max_units"": 339, ""momentum"": 0.6968095102289624, ""num_layers"": 1, ""weight_decay"": 0.06733342473582084}","{""time"": 50.088130950927734, ""val_accuracy"": 47.714454650878906, ""val_cross_entropy"": 1.039070963859558, ""val_balanced_accuracy"": 0.42093682289123535, ""test_cross_entropy"": 1.091959834098816, ""test_balanced_accuracy"": 0.41693755984306335}"
2026-04-15T23:14:33.955956,random,lcbench,167201,2,393,10.740354537963867,"{""OpenML_task_id"": ""168329"", ""batch_size"": 286, ""epoch"": 3, ""learning_rate"": 0.013077710527935018, ""max_dropout"": 0.2245939574291831, ""max_units"": 224, ""momentum"": 0.5896833652462424, ""num_layers"": 1, ""weight_decay"": 0.07009827884256019}","{""time"": 10.740354537963867, ""val_accuracy"": 44.679840087890625, ""val_cross_entropy"": 1.0619975328445435, ""val_balanced_accuracy"": 0.40322354435920715, ""test_cross_entropy"": 1.10380220413208, ""test_balanced_accuracy"": 0.3978446125984192}"
2026-04-15T23:14:33.955956,random,lcbench,167201,2,394,92.3559341430664,"{""OpenML_task_id"": ""167149"", ""batch_size"": 37, ""epoch"": 27, ""learning_rate"": 0.0020720007691173025, ""max_dropout"": 0.9384510643115302, ""max_units"": 76, ""momentum"": 0.4417420624468581, ""num_layers"": 4, ""weight_decay"": 0.08340514743716228}","{""time"": 92.3559341430664, ""val_accuracy"": 66.39789581298828, ""val_cross_entropy"": 1.007973074913025, ""val_balanced_accuracy"": 0.3293507695198059, ""test_cross_entropy"": 1.0979957580566406, ""test_balanced_accuracy"": 0.3286949694156647}"
2026-04-15T23:14:33.955956,random,lcbench,167201,2,395,113.87679290771484,"{""OpenML_task_id"": ""189354"", ""batch_size"": 302, ""epoch"": 25, ""learning_rate"": 0.001212105159531823, ""max_dropout"": 0.8742977863021576, ""max_units"": 388, ""momentum"": 0.16872692274599072, ""num_layers"": 4, ""weight_decay"": 0.019797353161851636}","{""time"": 113.87679290771484, ""val_accuracy"": 36.333251953125, ""val_cross_entropy"": 1.0819451808929443, ""val_balanced_accuracy"": 0.3364390432834625, ""test_cross_entropy"": 1.0989121198654175, ""test_balanced_accuracy"": 0.34058088064193726}"
2026-04-15T23:14:33.955956,random,lcbench,167201,2,396,259.4455871582031,"{""OpenML_task_id"": ""126029"", ""batch_size"": 166, ""epoch"": 49, ""learning_rate"": 0.04304887206042096, ""max_dropout"": 0.7490597266403782, ""max_units"": 313, ""momentum"": 0.8657872314729088, ""num_layers"": 4, ""weight_decay"": 0.03151852124653536}","{""time"": 259.4455871582031, ""val_accuracy"": 51.11832809448242, ""val_cross_entropy"": 1.0530390739440918, ""val_balanced_accuracy"": 0.3240016996860504, ""test_cross_entropy"": 1.1032596826553345, ""test_balanced_accuracy"": 0.32817375659942627}"
2026-04-15T23:14:33.955956,random,lcbench,167201,2,397,148.0399169921875,"{""OpenML_task_id"": ""189866"", ""batch_size"": 506, ""epoch"": 31, ""learning_rate"": 0.03397869069101919, ""max_dropout"": 0.6486043025780115, ""max_units"": 397, ""momentum"": 0.393777441796041, ""num_layers"": 3, ""weight_decay"": 0.07971382269437878}","{""time"": 148.0399169921875, ""val_accuracy"": 51.90747833251953, ""val_cross_entropy"": 1.043166995048523, ""val_balanced_accuracy"": 0.3762509226799011, ""test_cross_entropy"": 1.0996681451797485, ""test_balanced_accuracy"": 0.37565359473228455}"
2026-04-15T23:14:33.955956,random,lcbench,167201,2,398,64.49720001220703,"{""OpenML_task_id"": ""7593"", ""batch_size"": 288, ""epoch"": 42, ""learning_rate"": 0.00015529921375395157, ""max_dropout"": 0.10936701571218976, ""max_units"": 92, ""momentum"": 0.4218091288717103, ""num_layers"": 1, ""weight_decay"": 0.09826146274213331}","{""time"": 64.49720001220703, ""val_accuracy"": 39.24314880371094, ""val_cross_entropy"": 1.0123701095581055, ""val_balanced_accuracy"": 0.36563605070114136, ""test_cross_entropy"": 1.1002436876296997, ""test_balanced_accuracy"": 0.3625997006893158}"
2026-04-15T23:14:33.964156,random,lcbench,167201,2,399,103.65532684326172,"{""OpenML_task_id"": ""167161"", ""batch_size"": 49, ""epoch"": 41, ""learning_rate"": 0.00016130182839068375, ""max_dropout"": 0.9556270981107731, ""max_units"": 118, ""momentum"": 0.5838812909346233, ""num_layers"": 2, ""weight_decay"": 0.07505485518066823}","{""time"": 103.65532684326172, ""val_accuracy"": 50.135154724121094, ""val_cross_entropy"": 1.0271592140197754, ""val_balanced_accuracy"": 0.3916706144809723, ""test_cross_entropy"": 1.1005572080612183, ""test_balanced_accuracy"": 0.38989517092704773}"
2026-04-15T23:14:33.964156,random,lcbench,167201,2,400,64.63246154785156,"{""OpenML_task_id"": ""189906"", ""batch_size"": 239, ""epoch"": 19, ""learning_rate"": 0.00022633862639419045, ""max_dropout"": 0.6900286140156546, ""max_units"": 419, ""momentum"": 0.33992636070166415, ""num_layers"": 2, ""weight_decay"": 0.06614780540726994}","{""time"": 64.63246154785156, ""val_accuracy"": 40.1911735534668, ""val_cross_entropy"": 1.0565451383590698, ""val_balanced_accuracy"": 0.39042726159095764, ""test_cross_entropy"": 1.10651695728302, ""test_balanced_accuracy"": 0.3881966173648834}"
2026-04-15T23:14:33.964156,random,lcbench,167201,2,401,80.38719177246094,"{""OpenML_task_id"": ""167104"", ""batch_size"": 301, ""epoch"": 34, ""learning_rate"": 0.0023162610820630504, ""max_dropout"": 0.4420907794338578, ""max_units"": 69, ""momentum"": 0.6664958591272693, ""num_layers"": 3, ""weight_decay"": 0.08027736690876786}","{""time"": 80.38719177246094, ""val_accuracy"": 48.793731689453125, ""val_cross_entropy"": 1.0905039310455322, ""val_balanced_accuracy"": 0.3599742352962494, ""test_cross_entropy"": 1.1073633432388306, ""test_balanced_accuracy"": 0.35896772146224976}"
2026-04-15T23:14:33.964156,random,lcbench,167201,2,402,67.08951568603516,"{""OpenML_task_id"": ""7593"", ""batch_size"": 234, ""epoch"": 25, ""learning_rate"": 0.005407105028135936, ""max_dropout"": 0.7471944851888217, ""max_units"": 189, ""momentum"": 0.5800148427625315, ""num_layers"": 3, ""weight_decay"": 0.04047842281778836}","{""time"": 67.08951568603516, ""val_accuracy"": 48.970970153808594, ""val_cross_entropy"": 1.0340851545333862, ""val_balanced_accuracy"": 0.3710824251174927, ""test_cross_entropy"": 1.109074354171753, ""test_balanced_accuracy"": 0.3685803711414337}"
2026-04-15T23:14:33.964156,random,lcbench,167201,2,403,84.83973693847656,"{""OpenML_task_id"": ""189905"", ""batch_size"": 147, ""epoch"": 30, ""learning_rate"": 0.0034013953843984356, ""max_dropout"": 0.44910482856673606, ""max_units"": 159, ""momentum"": 0.24771333283899308, ""num_layers"": 4, ""weight_decay"": 0.09648199583524439}","{""time"": 84.83973693847656, ""val_accuracy"": 57.550228118896484, ""val_cross_entropy"": 1.0464810132980347, ""val_balanced_accuracy"": 0.3409227430820465, ""test_cross_entropy"": 1.1005499362945557, ""test_balanced_accuracy"": 0.3413085639476776}"
2026-04-15T23:14:33.964156,random,lcbench,167201,2,404,526.4490356445312,"{""OpenML_task_id"": ""189873"", ""batch_size"": 69, ""epoch"": 38, ""learning_rate"": 0.0018909563706956956, ""max_dropout"": 0.3880845299642094, ""max_units"": 654, ""momentum"": 0.8554152929237927, ""num_layers"": 5, ""weight_decay"": 0.05544781085448236}","{""time"": 526.4490356445312, ""val_accuracy"": 65.5497817993164, ""val_cross_entropy"": 0.9672415256500244, ""val_balanced_accuracy"": 0.3702114522457123, ""test_cross_entropy"": 1.0670899152755737, ""test_balanced_accuracy"": 0.36869287490844727}"
2026-04-15T23:14:33.964156,random,lcbench,167201,2,405,183.8666534423828,"{""OpenML_task_id"": ""189909"", ""batch_size"": 198, ""epoch"": 29, ""learning_rate"": 0.000858346942673922, ""max_dropout"": 0.4685226974452634, ""max_units"": 437, ""momentum"": 0.8746671329878134, ""num_layers"": 5, ""weight_decay"": 0.033342915640175254}","{""time"": 183.8666534423828, ""val_accuracy"": 48.850440979003906, ""val_cross_entropy"": 0.9686698913574219, ""val_balanced_accuracy"": 0.3603397011756897, ""test_cross_entropy"": 1.0929926633834839, ""test_balanced_accuracy"": 0.35834863781929016}"
2026-04-15T23:14:33.964156,random,lcbench,167201,2,406,102.06144714355469,"{""OpenML_task_id"": ""189865"", ""batch_size"": 17, ""epoch"": 44, ""learning_rate"": 0.0016953078627371997, ""max_dropout"": 0.6571338219927131, ""max_units"": 73, ""momentum"": 0.8282340199011912, ""num_layers"": 2, ""weight_decay"": 0.027815275922667016}","{""time"": 102.06144714355469, ""val_accuracy"": 58.32765197753906, ""val_cross_entropy"": 0.9856693148612976, ""val_balanced_accuracy"": 0.43416377902030945, ""test_cross_entropy"": 1.0712237358093262, ""test_balanced_accuracy"": 0.4349478781223297}"
2026-04-15T23:14:33.972273,random,lcbench,167201,2,407,129.46139526367188,"{""OpenML_task_id"": ""168329"", ""batch_size"": 26, ""epoch"": 15, ""learning_rate"": 0.010342632612870465, ""max_dropout"": 0.16066545924054965, ""max_units"": 233, ""momentum"": 0.8670430637943662, ""num_layers"": 4, ""weight_decay"": 0.057752932013359425}","{""time"": 129.46139526367188, ""val_accuracy"": 53.67802047729492, ""val_cross_entropy"": 1.034436583518982, ""val_balanced_accuracy"": 0.3097359240055084, ""test_cross_entropy"": 1.1108129024505615, ""test_balanced_accuracy"": 0.31096184253692627}"
2026-04-15T23:14:33.972273,random,lcbench,167201,2,408,682.73291015625,"{""OpenML_task_id"": ""146212"", ""batch_size"": 32, ""epoch"": 42, ""learning_rate"": 0.000417020094057812, ""max_dropout"": 0.1941519012323617, ""max_units"": 602, ""momentum"": 0.21319037015618614, ""num_layers"": 5, ""weight_decay"": 0.08900971143117974}","{""time"": 682.73291015625, ""val_accuracy"": 70.15771484375, ""val_cross_entropy"": 0.9938047528266907, ""val_balanced_accuracy"": 0.36601561307907104, ""test_cross_entropy"": 1.0535179376602173, ""test_balanced_accuracy"": 0.36342018842697144}"
2026-04-15T23:14:33.976423,random,lcbench,167201,2,409,684.431396484375,"{""OpenML_task_id"": ""189906"", ""batch_size"": 293, ""epoch"": 45, ""learning_rate"": 0.014857806974501906, ""max_dropout"": 0.19637159266761017, ""max_units"": 533, ""momentum"": 0.13910422357653207, ""num_layers"": 5, ""weight_decay"": 0.09892065784773085}","{""time"": 684.431396484375, ""val_accuracy"": 63.00230407714844, ""val_cross_entropy"": 1.0115429162979126, ""val_balanced_accuracy"": 0.3555375635623932, ""test_cross_entropy"": 1.079432487487793, ""test_balanced_accuracy"": 0.35327643156051636}"
2026-04-15T23:14:33.976423,random,lcbench,167201,2,410,5.4092936515808105,"{""OpenML_task_id"": ""189905"", ""batch_size"": 415, ""epoch"": 1, ""learning_rate"": 0.0022152353636662498, ""max_dropout"": 0.7314408241809062, ""max_units"": 396, ""momentum"": 0.601677090821262, ""num_layers"": 2, ""weight_decay"": 0.033620497956752905}","{""time"": 5.4092936515808105, ""val_accuracy"": 35.73579406738281, ""val_cross_entropy"": 1.1008753776550293, ""val_balanced_accuracy"": 0.3314897418022156, ""test_cross_entropy"": 1.094162106513977, ""test_balanced_accuracy"": 0.3321771025657654}"
2026-04-15T23:14:33.981243,random,lcbench,167201,2,411,58.04637145996094,"{""OpenML_task_id"": ""168335"", ""batch_size"": 69, ""epoch"": 16, ""learning_rate"": 0.016810769413329256, ""max_dropout"": 0.8004736107453118, ""max_units"": 341, ""momentum"": 0.8006298158601707, ""num_layers"": 5, ""weight_decay"": 0.0007910498378708054}","{""time"": 58.04637145996094, ""val_accuracy"": 59.54185104370117, ""val_cross_entropy"": 0.7338051199913025, ""val_balanced_accuracy"": 0.5576698184013367, ""test_cross_entropy"": 0.9512461423873901, ""test_balanced_accuracy"": 0.5464101433753967}"
2026-04-15T23:14:33.981243,random,lcbench,167201,2,412,47.16392517089844,"{""OpenML_task_id"": ""168868"", ""batch_size"": 125, ""epoch"": 28, ""learning_rate"": 0.005206907953655403, ""max_dropout"": 0.8134407411352076, ""max_units"": 91, ""momentum"": 0.44184386317117774, ""num_layers"": 1, ""weight_decay"": 0.010923522132567266}","{""time"": 47.16392517089844, ""val_accuracy"": 44.51167678833008, ""val_cross_entropy"": 1.0294897556304932, ""val_balanced_accuracy"": 0.41160956025123596, ""test_cross_entropy"": 1.0881333351135254, ""test_balanced_accuracy"": 0.41155460476875305}"
2026-04-15T23:14:33.981243,random,lcbench,167201,2,413,113.68435668945312,"{""OpenML_task_id"": ""7593"", ""batch_size"": 81, ""epoch"": 38, ""learning_rate"": 0.001442986214909757, ""max_dropout"": 0.0029772769553342293, ""max_units"": 556, ""momentum"": 0.8644607824024294, ""num_layers"": 2, ""weight_decay"": 0.0030470957496592007}","{""time"": 113.68435668945312, ""val_accuracy"": 53.08828353881836, ""val_cross_entropy"": 0.9315986037254333, ""val_balanced_accuracy"": 0.5084726214408875, ""test_cross_entropy"": 1.0270003080368042, ""test_balanced_accuracy"": 0.508202075958252}"
2026-04-15T23:14:33.981243,random,lcbench,167201,2,414,59.35578155517578,"{""OpenML_task_id"": ""126025"", ""batch_size"": 19, ""epoch"": 21, ""learning_rate"": 0.019435221873344396, ""max_dropout"": 0.3972813535945936, ""max_units"": 73, ""momentum"": 0.5267877745309868, ""num_layers"": 4, ""weight_decay"": 0.024202919274016372}","{""time"": 59.35578155517578, ""val_accuracy"": 58.60767364501953, ""val_cross_entropy"": 1.1039036512374878, ""val_balanced_accuracy"": 0.3151504695415497, ""test_cross_entropy"": 1.1011526584625244, ""test_balanced_accuracy"": 0.3162415623664856}"
2026-04-15T23:14:33.981243,random,lcbench,167201,2,415,36.43626403808594,"{""OpenML_task_id"": ""189909"", ""batch_size"": 35, ""epoch"": 8, ""learning_rate"": 0.00030201522622653017, ""max_dropout"": 0.06790103932207026, ""max_units"": 280, ""momentum"": 0.6084047937041782, ""num_layers"": 3, ""weight_decay"": 0.08222664261047737}","{""time"": 36.43626403808594, ""val_accuracy"": 54.056217193603516, ""val_cross_entropy"": 1.06520676612854, ""val_balanced_accuracy"": 0.3684271574020386, ""test_cross_entropy"": 1.1074117422103882, ""test_balanced_accuracy"": 0.37079092860221863}"
2026-04-15T23:14:33.981243,random,lcbench,167201,2,416,123.47633361816406,"{""OpenML_task_id"": ""168329"", ""batch_size"": 23, ""epoch"": 32, ""learning_rate"": 0.050593343068409916, ""max_dropout"": 0.379703485431621, ""max_units"": 79, ""momentum"": 0.26239536082823245, ""num_layers"": 3, ""weight_decay"": 0.09350088062436346}","{""time"": 123.47633361816406, ""val_accuracy"": 57.370487213134766, ""val_cross_entropy"": 1.0481024980545044, ""val_balanced_accuracy"": 0.3260095417499542, ""test_cross_entropy"": 1.0986179113388062, ""test_balanced_accuracy"": 0.3220486044883728}"
2026-04-15T23:14:33.988879,random,lcbench,167201,2,417,97.40391540527344,"{""OpenML_task_id"": ""167168"", ""batch_size"": 28, ""epoch"": 19, ""learning_rate"": 0.020167719106501152, ""max_dropout"": 0.0743793976501792, ""max_units"": 265, ""momentum"": 0.30116423731815867, ""num_layers"": 5, ""weight_decay"": 0.04226329180756738}","{""time"": 97.40391540527344, ""val_accuracy"": 69.03050994873047, ""val_cross_entropy"": 0.9945517778396606, ""val_balanced_accuracy"": 0.3488091826438904, ""test_cross_entropy"": 1.0731573104858398, ""test_balanced_accuracy"": 0.34832385182380676}"
2026-04-15T23:14:33.988879,random,lcbench,167201,2,418,52.76411819458008,"{""OpenML_task_id"": ""167200"", ""batch_size"": 31, ""epoch"": 21, ""learning_rate"": 0.00012593015635723045, ""max_dropout"": 0.5153499949866338, ""max_units"": 320, ""momentum"": 0.5640731266650671, ""num_layers"": 1, ""weight_decay"": 0.06416203953888196}","{""time"": 52.76411819458008, ""val_accuracy"": 46.13023376464844, ""val_cross_entropy"": 1.0085835456848145, ""val_balanced_accuracy"": 0.4100971221923828, ""test_cross_entropy"": 1.086841106414795, ""test_balanced_accuracy"": 0.4056642949581146}"
2026-04-15T23:14:33.988879,random,lcbench,167201,2,419,82.46913146972656,"{""OpenML_task_id"": ""168331"", ""batch_size"": 56, ""epoch"": 51, ""learning_rate"": 0.0006846827255280101, ""max_dropout"": 0.6930150224740907, ""max_units"": 516, ""momentum"": 0.8839891950255, ""num_layers"": 1, ""weight_decay"": 0.02265220935967615}","{""time"": 82.46913146972656, ""val_accuracy"": 46.34321212768555, ""val_cross_entropy"": 1.040558934211731, ""val_balanced_accuracy"": 0.43118131160736084, ""test_cross_entropy"": 1.0904614925384521, ""test_balanced_accuracy"": 0.4265783429145813}"
2026-04-15T23:14:33.988879,random,lcbench,167201,2,420,95.92716979980469,"{""OpenML_task_id"": ""189865"", ""batch_size"": 135, ""epoch"": 35, ""learning_rate"": 0.0961548277602994, ""max_dropout"": 0.6886603135464403, ""max_units"": 133, ""momentum"": 0.13824027515468257, ""num_layers"": 3, ""weight_decay"": 0.010491519968548167}","{""time"": 95.92716979980469, ""val_accuracy"": 52.233036041259766, ""val_cross_entropy"": 0.8815056681632996, ""val_balanced_accuracy"": 0.4589945077896118, ""test_cross_entropy"": 1.0490033626556396, ""test_balanced_accuracy"": 0.457335889339447}"
2026-04-15T23:14:33.988879,random,lcbench,167201,2,421,107.50824737548828,"{""OpenML_task_id"": ""167185"", ""batch_size"": 127, ""epoch"": 36, ""learning_rate"": 0.07960692021773036, ""max_dropout"": 0.13448654418018346, ""max_units"": 73, ""momentum"": 0.8387964479482812, ""num_layers"": 4, ""weight_decay"": 0.021200061201064567}","{""time"": 107.50824737548828, ""val_accuracy"": 49.33265686035156, ""val_cross_entropy"": 1.019649624824524, ""val_balanced_accuracy"": 0.3524116277694702, ""test_cross_entropy"": 1.0865052938461304, ""test_balanced_accuracy"": 0.3513954281806946}"
2026-04-15T23:14:33.988879,random,lcbench,167201,2,422,53.39860153198242,"{""OpenML_task_id"": ""167184"", ""batch_size"": 411, ""epoch"": 18, ""learning_rate"": 0.0002084245298672828, ""max_dropout"": 0.8954311644542123, ""max_units"": 123, ""momentum"": 0.41303337016470343, ""num_layers"": 4, ""weight_decay"": 0.03986133040748893}","{""time"": 53.39860153198242, ""val_accuracy"": 27.393051147460938, ""val_cross_entropy"": 0.9992530345916748, ""val_balanced_accuracy"": 0.3311554491519928, ""test_cross_entropy"": 1.106616735458374, ""test_balanced_accuracy"": 0.3373257517814636}"
2026-04-15T23:14:33.988879,random,lcbench,167201,2,423,51.04194641113281,"{""OpenML_task_id"": ""167181"", ""batch_size"": 51, ""epoch"": 16, ""learning_rate"": 0.0002612066368957554, ""max_dropout"": 0.23784955431362775, ""max_units"": 95, ""momentum"": 0.346175700758087, ""num_layers"": 3, ""weight_decay"": 0.03931319134663761}","{""time"": 51.04194641113281, ""val_accuracy"": 48.26603317260742, ""val_cross_entropy"": 1.0521100759506226, ""val_balanced_accuracy"": 0.3626681864261627, ""test_cross_entropy"": 1.1049484014511108, ""test_balanced_accuracy"": 0.3640487492084503}"
2026-04-15T23:14:33.997217,random,lcbench,167201,2,424,94.97614288330078,"{""OpenML_task_id"": ""189866"", ""batch_size"": 162, ""epoch"": 34, ""learning_rate"": 0.06185105303001363, ""max_dropout"": 0.7513256938384255, ""max_units"": 91, ""momentum"": 0.9309748855010701, ""num_layers"": 5, ""weight_decay"": 0.07471962617869027}","{""time"": 94.97614288330078, ""val_accuracy"": 44.31218719482422, ""val_cross_entropy"": 0.9384926557540894, ""val_balanced_accuracy"": 0.36835408210754395, ""test_cross_entropy"": 1.0883381366729736, ""test_balanced_accuracy"": 0.3543474078178406}"
2026-04-15T23:14:33.997662,random,lcbench,167201,2,425,192.19444274902344,"{""OpenML_task_id"": ""167185"", ""batch_size"": 20, ""epoch"": 36, ""learning_rate"": 0.006795977362350966, ""max_dropout"": 0.04862522065225505, ""max_units"": 227, ""momentum"": 0.8962244024887548, ""num_layers"": 3, ""weight_decay"": 0.03687331183627791}","{""time"": 192.19444274902344, ""val_accuracy"": 59.29535675048828, ""val_cross_entropy"": 1.0356029272079468, ""val_balanced_accuracy"": 0.36146655678749084, ""test_cross_entropy"": 1.0817972421646118, ""test_balanced_accuracy"": 0.3600738048553467}"
2026-04-15T23:14:33.997662,random,lcbench,167201,2,426,999.9847412109375,"{""OpenML_task_id"": ""189873"", ""batch_size"": 19, ""epoch"": 52, ""learning_rate"": 0.0011333702354370209, ""max_dropout"": 0.10813262334096263, ""max_units"": 573, ""momentum"": 0.21479512713291332, ""num_layers"": 5, ""weight_decay"": 0.09517409953523104}","{""time"": 999.9847412109375, ""val_accuracy"": 79.3113021850586, ""val_cross_entropy"": 1.0022966861724854, ""val_balanced_accuracy"": 0.36716583371162415, ""test_cross_entropy"": 1.0516197681427002, ""test_balanced_accuracy"": 0.3633474111557007}"
2026-04-15T23:14:33.997662,random,lcbench,167201,2,427,30.964359283447266,"{""OpenML_task_id"": ""146212"", ""batch_size"": 37, ""epoch"": 11, ""learning_rate"": 0.0010034303175799372, ""max_dropout"": 0.33767252950862203, ""max_units"": 193, ""momentum"": 0.39100483196863534, ""num_layers"": 1, ""weight_decay"": 0.0778090431279977}","{""time"": 30.964359283447266, ""val_accuracy"": 45.62307357788086, ""val_cross_entropy"": 1.0247998237609863, ""val_balanced_accuracy"": 0.4161399006843567, ""test_cross_entropy"": 1.096551775932312, ""test_balanced_accuracy"": 0.41319453716278076}"
2026-04-15T23:14:33.997662,random,lcbench,167201,2,428,74.01585388183594,"{""OpenML_task_id"": ""168335"", ""batch_size"": 82, ""epoch"": 23, ""learning_rate"": 0.006788765662507949, ""max_dropout"": 0.49023065541946464, ""max_units"": 168, ""momentum"": 0.39248371849674324, ""num_layers"": 3, ""weight_decay"": 0.07266170138334696}","{""time"": 74.01585388183594, ""val_accuracy"": 55.282527923583984, ""val_cross_entropy"": 1.0948115587234497, ""val_balanced_accuracy"": 0.3386053144931793, ""test_cross_entropy"": 1.1031434535980225, ""test_balanced_accuracy"": 0.3353607952594757}"
2026-04-15T23:14:33.997662,random,lcbench,167201,2,429,260.7284851074219,"{""OpenML_task_id"": ""168331"", ""batch_size"": 59, ""epoch"": 44, ""learning_rate"": 0.0012233349680697602, ""max_dropout"": 0.4338856107092576, ""max_units"": 412, ""momentum"": 0.9022229891434604, ""num_layers"": 5, ""weight_decay"": 0.021078975730335844}","{""time"": 260.7284851074219, ""val_accuracy"": 66.45960235595703, ""val_cross_entropy"": 0.9272087216377258, ""val_balanced_accuracy"": 0.3684573769569397, ""test_cross_entropy"": 1.07265305519104, ""test_balanced_accuracy"": 0.367629736661911}"
2026-04-15T23:14:33.997662,random,lcbench,167201,2,430,224.73440551757812,"{""OpenML_task_id"": ""167190"", ""batch_size"": 74, ""epoch"": 52, ""learning_rate"": 0.00024235411496297576, ""max_dropout"": 0.328595628566569, ""max_units"": 104, ""momentum"": 0.3158414302257792, ""num_layers"": 5, ""weight_decay"": 0.021475871525286922}","{""time"": 224.73440551757812, ""val_accuracy"": 48.67103576660156, ""val_cross_entropy"": 0.9751139283180237, ""val_balanced_accuracy"": 0.36915308237075806, ""test_cross_entropy"": 1.0719857215881348, ""test_balanced_accuracy"": 0.36732974648475647}"
2026-04-15T23:14:33.997662,random,lcbench,167201,2,431,105.6591796875,"{""OpenML_task_id"": ""168868"", ""batch_size"": 125, ""epoch"": 15, ""learning_rate"": 0.0004633524321775745, ""max_dropout"": 0.15780782702995189, ""max_units"": 700, ""momentum"": 0.5774970631623054, ""num_layers"": 5, ""weight_decay"": 0.006598196486408917}","{""time"": 105.6591796875, ""val_accuracy"": 44.56782913208008, ""val_cross_entropy"": 0.9566481113433838, ""val_balanced_accuracy"": 0.36263567209243774, ""test_cross_entropy"": 1.0859073400497437, ""test_balanced_accuracy"": 0.36581042408943176}"
2026-04-15T23:14:33.997662,random,lcbench,167201,2,432,22.163856506347656,"{""OpenML_task_id"": ""167185"", ""batch_size"": 427, ""epoch"": 6, ""learning_rate"": 0.007040424654744994, ""max_dropout"": 0.5325199470601615, ""max_units"": 105, ""momentum"": 0.560349111008545, ""num_layers"": 5, ""weight_decay"": 0.02460101505309004}","{""time"": 22.163856506347656, ""val_accuracy"": 32.81465530395508, ""val_cross_entropy"": 0.9746278524398804, ""val_balanced_accuracy"": 0.3460148572921753, ""test_cross_entropy"": 1.0927598476409912, ""test_balanced_accuracy"": 0.34405502676963806}"
2026-04-15T23:14:34.005428,random,lcbench,167201,2,433,81.45954132080078,"{""OpenML_task_id"": ""167181"", ""batch_size"": 20, ""epoch"": 18, ""learning_rate"": 0.004073061168210775, ""max_dropout"": 0.9169148214257645, ""max_units"": 286, ""momentum"": 0.365522725985423, ""num_layers"": 5, ""weight_decay"": 0.017011198307782995}","{""time"": 81.45954132080078, ""val_accuracy"": 69.44425201416016, ""val_cross_entropy"": 0.9323744177818298, ""val_balanced_accuracy"": 0.3410384953022003, ""test_cross_entropy"": 1.0770630836486816, ""test_balanced_accuracy"": 0.3376115560531616}"
2026-04-15T23:14:34.005428,random,lcbench,167201,2,434,45.30230712890625,"{""OpenML_task_id"": ""167149"", ""batch_size"": 84, ""epoch"": 18, ""learning_rate"": 0.0002935701597319698, ""max_dropout"": 0.3424837710753508, ""max_units"": 372, ""momentum"": 0.13316203667103918, ""num_layers"": 1, ""weight_decay"": 0.007306746320894857}","{""time"": 45.30230712890625, ""val_accuracy"": 43.20700454711914, ""val_cross_entropy"": 1.0224734544754028, ""val_balanced_accuracy"": 0.387836217880249, ""test_cross_entropy"": 1.0916342735290527, ""test_balanced_accuracy"": 0.38835883140563965}"
2026-04-15T23:14:34.005428,random,lcbench,167201,2,435,100.33788299560547,"{""OpenML_task_id"": ""167201"", ""batch_size"": 96, ""epoch"": 47, ""learning_rate"": 0.011212985476299975, ""max_dropout"": 0.6004707571535542, ""max_units"": 163, ""momentum"": 0.5930280065397991, ""num_layers"": 2, ""weight_decay"": 0.05169332103225313}","{""time"": 100.33788299560547, ""val_accuracy"": 50.306522369384766, ""val_cross_entropy"": 1.0159534215927124, ""val_balanced_accuracy"": 0.4137568473815918, ""test_cross_entropy"": 1.0974844694137573, ""test_balanced_accuracy"": 0.41427960991859436}"
2026-04-15T23:14:34.005428,random,lcbench,167201,2,436,142.16502380371094,"{""OpenML_task_id"": ""167200"", ""batch_size"": 351, ""epoch"": 34, ""learning_rate"": 0.000565031970227899, ""max_dropout"": 0.5096252950659836, ""max_units"": 138, ""momentum"": 0.6419725709202334, ""num_layers"": 5, ""weight_decay"": 0.00993353750661166}","{""time"": 142.16502380371094, ""val_accuracy"": 33.923789978027344, ""val_cross_entropy"": 1.00931715965271, ""val_balanced_accuracy"": 0.3482235372066498, ""test_cross_entropy"": 1.0993478298187256, ""test_balanced_accuracy"": 0.34863290190696716}"
2026-04-15T23:14:34.005428,random,lcbench,167201,2,437,26.14786148071289,"{""OpenML_task_id"": ""167201"", ""batch_size"": 350, ""epoch"": 5, ""learning_rate"": 0.002520506507213595, ""max_dropout"": 0.9539691954568522, ""max_units"": 930, ""momentum"": 0.2503032843952687, ""num_layers"": 3, ""weight_decay"": 0.08246968663396395}","{""time"": 26.14786148071289, ""val_accuracy"": 38.4568977355957, ""val_cross_entropy"": 1.02579665184021, ""val_balanced_accuracy"": 0.3879901170730591, ""test_cross_entropy"": 1.0986683368682861, ""test_balanced_accuracy"": 0.3876062333583832}"
2026-04-15T23:14:34.005428,random,lcbench,167201,2,438,664.2603759765625,"{""OpenML_task_id"": ""167185"", ""batch_size"": 42, ""epoch"": 43, ""learning_rate"": 0.002441901520974831, ""max_dropout"": 0.06565337631296408, ""max_units"": 554, ""momentum"": 0.3451682287265288, ""num_layers"": 5, ""weight_decay"": 0.08405797314367044}","{""time"": 664.2603759765625, ""val_accuracy"": 75.63088989257812, ""val_cross_entropy"": 0.9955393075942993, ""val_balanced_accuracy"": 0.37276649475097656, ""test_cross_entropy"": 1.0517739057540894, ""test_balanced_accuracy"": 0.3706763684749603}"
2026-04-15T23:14:34.005428,random,lcbench,167201,2,439,47.021690368652344,"{""OpenML_task_id"": ""167184"", ""batch_size"": 400, ""epoch"": 23, ""learning_rate"": 0.005512473406591571, ""max_dropout"": 0.7905049492914717, ""max_units"": 120, ""momentum"": 0.712862870001573, ""num_layers"": 2, ""weight_decay"": 0.08871997335264305}","{""time"": 47.021690368652344, ""val_accuracy"": 45.295928955078125, ""val_cross_entropy"": 1.047012209892273, ""val_balanced_accuracy"": 0.4080318808555603, ""test_cross_entropy"": 1.1046109199523926, ""test_balanced_accuracy"": 0.4047554135322571}"
2026-04-15T23:14:34.005428,random,lcbench,167201,2,440,227.9932861328125,"{""OpenML_task_id"": ""146212"", ""batch_size"": 70, ""epoch"": 24, ""learning_rate"": 0.03083067768619602, ""max_dropout"": 0.16164269899078598, ""max_units"": 307, ""momentum"": 0.9188333418787318, ""num_layers"": 3, ""weight_decay"": 0.09798103748143487}","{""time"": 227.9932861328125, ""val_accuracy"": 42.86307907104492, ""val_cross_entropy"": 1.0411456823349, ""val_balanced_accuracy"": 0.31161850690841675, ""test_cross_entropy"": 1.1253067255020142, ""test_balanced_accuracy"": 0.3092772364616394}"
2026-04-15T23:14:34.013709,random,lcbench,167201,2,441,56.97402572631836,"{""OpenML_task_id"": ""189909"", ""batch_size"": 305, ""epoch"": 48, ""learning_rate"": 0.03616638548401354, ""max_dropout"": 0.7875296196325404, ""max_units"": 129, ""momentum"": 0.8602390943502529, ""num_layers"": 1, ""weight_decay"": 0.027566074364939654}","{""time"": 56.97402572631836, ""val_accuracy"": 43.992095947265625, ""val_cross_entropy"": 1.059992790222168, ""val_balanced_accuracy"": 0.41318902373313904, ""test_cross_entropy"": 1.0886975526809692, ""test_balanced_accuracy"": 0.41993042826652527}"
2026-04-15T23:14:34.014219,random,lcbench,167201,2,442,31.916786193847656,"{""OpenML_task_id"": ""189865"", ""batch_size"": 400, ""epoch"": 9, ""learning_rate"": 0.0619942435812508, ""max_dropout"": 0.43762220334411617, ""max_units"": 170, ""momentum"": 0.6722642928579007, ""num_layers"": 3, ""weight_decay"": 0.027062462018868954}","{""time"": 31.916786193847656, ""val_accuracy"": 47.78430938720703, ""val_cross_entropy"": 1.0586671829223633, ""val_balanced_accuracy"": 0.41301804780960083, ""test_cross_entropy"": 1.0985631942749023, ""test_balanced_accuracy"": 0.4078747034072876}"
2026-04-15T23:14:34.014219,random,lcbench,167201,2,443,52.55634307861328,"{""OpenML_task_id"": ""167184"", ""batch_size"": 337, ""epoch"": 17, ""learning_rate"": 0.006595124262768501, ""max_dropout"": 0.5248672398460502, ""max_units"": 79, ""momentum"": 0.7102020567255856, ""num_layers"": 3, ""weight_decay"": 0.004359055997204665}","{""time"": 52.55634307861328, ""val_accuracy"": 50.03274917602539, ""val_cross_entropy"": 1.0099583864212036, ""val_balanced_accuracy"": 0.42869332432746887, ""test_cross_entropy"": 1.0862857103347778, ""test_balanced_accuracy"": 0.42479535937309265}"
2026-04-15T23:14:34.014219,random,lcbench,167201,2,444,30.451194763183594,"{""OpenML_task_id"": ""168908"", ""batch_size"": 25, ""epoch"": 10, ""learning_rate"": 0.004560699257565441, ""max_dropout"": 0.14426358245636817, ""max_units"": 96, ""momentum"": 0.2279230512858558, ""num_layers"": 4, ""weight_decay"": 0.008517989319646401}","{""time"": 30.451194763183594, ""val_accuracy"": 65.04053497314453, ""val_cross_entropy"": 1.00770902633667, ""val_balanced_accuracy"": 0.38234516978263855, ""test_cross_entropy"": 1.0845556259155273, ""test_balanced_accuracy"": 0.3816602826118469}"
2026-04-15T23:14:34.014219,random,lcbench,167201,2,445,73.8443374633789,"{""OpenML_task_id"": ""34539"", ""batch_size"": 259, ""epoch"": 22, ""learning_rate"": 0.0007342231420333846, ""max_dropout"": 0.28860189069748654, ""max_units"": 169, ""momentum"": 0.18163050351263071, ""num_layers"": 3, ""weight_decay"": 0.02607818472345247}","{""time"": 73.8443374633789, ""val_accuracy"": 40.82012176513672, ""val_cross_entropy"": 1.1014734506607056, ""val_balanced_accuracy"": 0.3645170331001282, ""test_cross_entropy"": 1.1067813634872437, ""test_balanced_accuracy"": 0.3638717234134674}"
2026-04-15T23:14:34.014219,random,lcbench,167201,2,446,32.241695404052734,"{""OpenML_task_id"": ""189905"", ""batch_size"": 69, ""epoch"": 9, ""learning_rate"": 0.00013800278758020315, ""max_dropout"": 0.3188255642788327, ""max_units"": 94, ""momentum"": 0.5900457510847045, ""num_layers"": 4, ""weight_decay"": 0.012356756857264083}","{""time"": 32.241695404052734, ""val_accuracy"": 34.894927978515625, ""val_cross_entropy"": 1.044469952583313, ""val_balanced_accuracy"": 0.318348228931427, ""test_cross_entropy"": 1.1147277355194092, ""test_balanced_accuracy"": 0.327019065618515}"
2026-04-15T23:14:34.014219,random,lcbench,167201,2,447,72.19746398925781,"{""OpenML_task_id"": ""34539"", ""batch_size"": 387, ""epoch"": 40, ""learning_rate"": 0.0002549856644566286, ""max_dropout"": 0.8371227579679111, ""max_units"": 174, ""momentum"": 0.4899210490075421, ""num_layers"": 1, ""weight_decay"": 0.007669813268349474}","{""time"": 72.19746398925781, ""val_accuracy"": 42.2298698425293, ""val_cross_entropy"": 1.070556402206421, ""val_balanced_accuracy"": 0.36616015434265137, ""test_cross_entropy"": 1.094689965248108, ""test_balanced_accuracy"": 0.3642633557319641}"
2026-04-15T23:14:34.014219,random,lcbench,167201,2,448,69.98165130615234,"{""OpenML_task_id"": ""168330"", ""batch_size"": 144, ""epoch"": 19, ""learning_rate"": 0.0007040943656954846, ""max_dropout"": 0.07384848453249826, ""max_units"": 400, ""momentum"": 0.7375282615645362, ""num_layers"": 3, ""weight_decay"": 0.08569078547303678}","{""time"": 69.98165130615234, ""val_accuracy"": 50.98784255981445, ""val_cross_entropy"": 1.0812042951583862, ""val_balanced_accuracy"": 0.3823138177394867, ""test_cross_entropy"": 1.106292963027954, ""test_balanced_accuracy"": 0.38451504707336426}"
2026-04-15T23:14:34.014219,random,lcbench,167201,2,449,35.290008544921875,"{""OpenML_task_id"": ""167149"", ""batch_size"": 94, ""epoch"": 16, ""learning_rate"": 0.00012188612255643109, ""max_dropout"": 0.003748456173979564, ""max_units"": 544, ""momentum"": 0.5432723167208574, ""num_layers"": 1, ""weight_decay"": 0.0144993003604962}","{""time"": 35.290008544921875, ""val_accuracy"": 43.847755432128906, ""val_cross_entropy"": 1.0371596813201904, ""val_balanced_accuracy"": 0.3986034095287323, ""test_cross_entropy"": 1.0995460748672485, ""test_balanced_accuracy"": 0.396928995847702}"
2026-04-15T23:14:34.021818,random,lcbench,167201,2,450,42.63189697265625,"{""OpenML_task_id"": ""167184"", ""batch_size"": 144, ""epoch"": 14, ""learning_rate"": 0.005541081603805458, ""max_dropout"": 0.6118154977417727, ""max_units"": 512, ""momentum"": 0.24560299356782905, ""num_layers"": 2, ""weight_decay"": 0.0894939924073958}","{""time"": 42.63189697265625, ""val_accuracy"": 46.56294631958008, ""val_cross_entropy"": 1.062286376953125, ""val_balanced_accuracy"": 0.42033910751342773, ""test_cross_entropy"": 1.0987104177474976, ""test_balanced_accuracy"": 0.4184313118457794}"
2026-04-15T23:14:34.021818,random,lcbench,167201,2,451,64.6715087890625,"{""OpenML_task_id"": ""167104"", ""batch_size"": 462, ""epoch"": 15, ""learning_rate"": 0.0005849540072623781, ""max_dropout"": 0.5933925594886257, ""max_units"": 334, ""momentum"": 0.3491074731719866, ""num_layers"": 4, ""weight_decay"": 0.028795226684773727}","{""time"": 64.6715087890625, ""val_accuracy"": 27.446029663085938, ""val_cross_entropy"": 1.059637188911438, ""val_balanced_accuracy"": 0.33242303133010864, ""test_cross_entropy"": 1.1082357168197632, ""test_balanced_accuracy"": 0.3400966227054596}"
2026-04-15T23:14:34.021818,random,lcbench,167201,2,452,44.52976989746094,"{""OpenML_task_id"": ""189873"", ""batch_size"": 184, ""epoch"": 21, ""learning_rate"": 0.011517399040627466, ""max_dropout"": 0.8166992388079951, ""max_units"": 69, ""momentum"": 0.17938799068675756, ""num_layers"": 2, ""weight_decay"": 0.06138179041274718}","{""time"": 44.52976989746094, ""val_accuracy"": 46.45161819458008, ""val_cross_entropy"": 1.0508923530578613, ""val_balanced_accuracy"": 0.39874786138534546, ""test_cross_entropy"": 1.108837604522705, ""test_balanced_accuracy"": 0.39644020795822144}"
2026-04-15T23:14:34.024439,random,lcbench,167201,2,453,123.186279296875,"{""OpenML_task_id"": ""34539"", ""batch_size"": 32, ""epoch"": 41, ""learning_rate"": 0.04599324763989846, ""max_dropout"": 0.551750914762971, ""max_units"": 120, ""momentum"": 0.2000089673278731, ""num_layers"": 2, ""weight_decay"": 0.06586371750723766}","{""time"": 123.186279296875, ""val_accuracy"": 54.61294174194336, ""val_cross_entropy"": 1.0236767530441284, ""val_balanced_accuracy"": 0.37038519978523254, ""test_cross_entropy"": 1.0961681604385376, ""test_balanced_accuracy"": 0.36958563327789307}"
2026-04-15T23:14:34.024439,random,lcbench,167201,2,454,26.404441833496094,"{""OpenML_task_id"": ""189905"", ""batch_size"": 74, ""epoch"": 11, ""learning_rate"": 0.05668334036652187, ""max_dropout"": 0.581590687062794, ""max_units"": 89, ""momentum"": 0.12983833482658808, ""num_layers"": 2, ""weight_decay"": 0.01636861083065036}","{""time"": 26.404441833496094, ""val_accuracy"": 50.75874710083008, ""val_cross_entropy"": 0.989397406578064, ""val_balanced_accuracy"": 0.4613344371318817, ""test_cross_entropy"": 1.070192813873291, ""test_balanced_accuracy"": 0.4654380679130554}"
2026-04-15T23:14:34.024439,random,lcbench,167201,2,455,69.45732879638672,"{""OpenML_task_id"": ""189905"", ""batch_size"": 219, ""epoch"": 26, ""learning_rate"": 0.009333925410566452, ""max_dropout"": 0.795349622202654, ""max_units"": 207, ""momentum"": 0.7432369745078813, ""num_layers"": 3, ""weight_decay"": 0.031164777734411828}","{""time"": 69.45732879638672, ""val_accuracy"": 49.0596923828125, ""val_cross_entropy"": 0.9821816682815552, ""val_balanced_accuracy"": 0.3785738945007324, ""test_cross_entropy"": 1.1029422283172607, ""test_balanced_accuracy"": 0.3767600655555725}"
2026-04-15T23:14:34.024439,random,lcbench,167201,2,456,48.0201301574707,"{""OpenML_task_id"": ""168335"", ""batch_size"": 69, ""epoch"": 17, ""learning_rate"": 0.00518400195687732, ""max_dropout"": 0.16198762287058321, ""max_units"": 176, ""momentum"": 0.21781252791716477, ""num_layers"": 2, ""weight_decay"": 0.08132010542120292}","{""time"": 48.0201301574707, ""val_accuracy"": 48.91664123535156, ""val_cross_entropy"": 1.0452561378479004, ""val_balanced_accuracy"": 0.39231809973716736, ""test_cross_entropy"": 1.1014503240585327, ""test_balanced_accuracy"": 0.3890802264213562}"
2026-04-15T23:14:34.024439,random,lcbench,167201,2,457,49.085506439208984,"{""OpenML_task_id"": ""146212"", ""batch_size"": 352, ""epoch"": 27, ""learning_rate"": 0.0020656793935683506, ""max_dropout"": 0.5486175910429862, ""max_units"": 256, ""momentum"": 0.9612604933214799, ""num_layers"": 1, ""weight_decay"": 0.043601047165301596}","{""time"": 49.085506439208984, ""val_accuracy"": 46.653621673583984, ""val_cross_entropy"": 1.0776538848876953, ""val_balanced_accuracy"": 0.40948277711868286, ""test_cross_entropy"": 1.093837022781372, ""test_balanced_accuracy"": 0.40580204129219055}"
2026-04-15T23:14:34.024439,random,lcbench,167201,2,458,73.86246490478516,"{""OpenML_task_id"": ""167161"", ""batch_size"": 22, ""epoch"": 37, ""learning_rate"": 0.08421467979969154, ""max_dropout"": 0.30044262744954064, ""max_units"": 706, ""momentum"": 0.7400779353088035, ""num_layers"": 1, ""weight_decay"": 0.04967530803569233}","{""time"": 73.86246490478516, ""val_accuracy"": 44.637760162353516, ""val_cross_entropy"": 1.063292384147644, ""val_balanced_accuracy"": 0.37586143612861633, ""test_cross_entropy"": 1.0905892848968506, ""test_balanced_accuracy"": 0.37917080521583557}"
2026-04-15T23:14:34.030452,random,lcbench,167201,2,459,99.88607025146484,"{""OpenML_task_id"": ""189905"", ""batch_size"": 229, ""epoch"": 45, ""learning_rate"": 0.0005430593027706237, ""max_dropout"": 0.765888523245655, ""max_units"": 1014, ""momentum"": 0.8326116613916112, ""num_layers"": 1, ""weight_decay"": 0.038646676371019255}","{""time"": 99.88607025146484, ""val_accuracy"": 46.40618896484375, ""val_cross_entropy"": 1.0402393341064453, ""val_balanced_accuracy"": 0.40983831882476807, ""test_cross_entropy"": 1.0926754474639893, ""test_balanced_accuracy"": 0.40488356351852417}"
2026-04-15T23:14:34.030859,random,lcbench,167201,2,460,35.94959259033203,"{""OpenML_task_id"": ""146212"", ""batch_size"": 121, ""epoch"": 16, ""learning_rate"": 0.00011915330743509797, ""max_dropout"": 0.42109928233468885, ""max_units"": 72, ""momentum"": 0.17842520221069502, ""num_layers"": 1, ""weight_decay"": 0.05486429375322301}","{""time"": 35.94959259033203, ""val_accuracy"": 39.140140533447266, ""val_cross_entropy"": 1.0465108156204224, ""val_balanced_accuracy"": 0.35196492075920105, ""test_cross_entropy"": 1.1019552946090698, ""test_balanced_accuracy"": 0.34921857714653015}"
2026-04-15T23:14:34.030859,random,lcbench,167201,2,461,30.699413299560547,"{""OpenML_task_id"": ""167201"", ""batch_size"": 258, ""epoch"": 9, ""learning_rate"": 0.0006600077756474162, ""max_dropout"": 0.6388606989311668, ""max_units"": 99, ""momentum"": 0.45426980704326414, ""num_layers"": 3, ""weight_decay"": 0.04116712298332554}","{""time"": 30.699413299560547, ""val_accuracy"": 35.38965606689453, ""val_cross_entropy"": 1.0705070495605469, ""val_balanced_accuracy"": 0.3416648507118225, ""test_cross_entropy"": 1.109755516052246, ""test_balanced_accuracy"": 0.3446573317050934}"
2026-04-15T23:14:34.030859,random,lcbench,167201,2,462,564.281005859375,"{""OpenML_task_id"": ""168908"", ""batch_size"": 31, ""epoch"": 31, ""learning_rate"": 0.04201784821305467, ""max_dropout"": 0.5453378300743164, ""max_units"": 926, ""momentum"": 0.48707479572753254, ""num_layers"": 5, ""weight_decay"": 0.008622231001402112}","{""time"": 564.281005859375, ""val_accuracy"": 63.90260314941406, ""val_cross_entropy"": 0.724764347076416, ""val_balanced_accuracy"": 0.5442228317260742, ""test_cross_entropy"": 0.9445632696151733, ""test_balanced_accuracy"": 0.5353778004646301}"
2026-04-15T23:14:34.030859,random,lcbench,167201,2,463,35.31929016113281,"{""OpenML_task_id"": ""167185"", ""batch_size"": 418, ""epoch"": 9, ""learning_rate"": 0.0005676484081372956, ""max_dropout"": 0.6422546520468965, ""max_units"": 147, ""momentum"": 0.37220251503309953, ""num_layers"": 5, ""weight_decay"": 0.027576950209821375}","{""time"": 35.31929016113281, ""val_accuracy"": 26.150699615478516, ""val_cross_entropy"": 0.9870955944061279, ""val_balanced_accuracy"": 0.34309566020965576, ""test_cross_entropy"": 1.0992385149002075, ""test_balanced_accuracy"": 0.34170395135879517}"
2026-04-15T23:14:34.030859,random,lcbench,167201,2,464,171.4028778076172,"{""OpenML_task_id"": ""126029"", ""batch_size"": 50, ""epoch"": 48, ""learning_rate"": 0.0020505607439630876, ""max_dropout"": 0.1309778112927359, ""max_units"": 149, ""momentum"": 0.4586402529872661, ""num_layers"": 4, ""weight_decay"": 0.09257124229129617}","{""time"": 171.4028778076172, ""val_accuracy"": 69.5103759765625, ""val_cross_entropy"": 1.0617241859436035, ""val_balanced_accuracy"": 0.33899950981140137, ""test_cross_entropy"": 1.0967296361923218, ""test_balanced_accuracy"": 0.338815301656723}"
2026-04-15T23:14:34.030859,random,lcbench,167201,2,465,130.2032470703125,"{""OpenML_task_id"": ""167201"", ""batch_size"": 356, ""epoch"": 26, ""learning_rate"": 0.00025423597133963444, ""max_dropout"": 0.05443040494085016, ""max_units"": 999, ""momentum"": 0.6015634997925597, ""num_layers"": 2, ""weight_decay"": 0.004116048176777021}","{""time"": 130.2032470703125, ""val_accuracy"": 43.26530838012695, ""val_cross_entropy"": 1.089971661567688, ""val_balanced_accuracy"": 0.39839664101600647, ""test_cross_entropy"": 1.0916272401809692, ""test_balanced_accuracy"": 0.39172813296318054}"
2026-04-15T23:14:34.030859,random,lcbench,167201,2,466,28.40271759033203,"{""OpenML_task_id"": ""167149"", ""batch_size"": 283, ""epoch"": 16, ""learning_rate"": 0.003341584976219379, ""max_dropout"": 0.9945826810994592, ""max_units"": 75, ""momentum"": 0.8509194435569767, ""num_layers"": 1, ""weight_decay"": 0.029455673001341734}","{""time"": 28.40271759033203, ""val_accuracy"": 43.83830642700195, ""val_cross_entropy"": 1.0579755306243896, ""val_balanced_accuracy"": 0.40174195170402527, ""test_cross_entropy"": 1.0959821939468384, ""test_balanced_accuracy"": 0.3977361023426056}"
2026-04-15T23:14:34.030859,random,lcbench,167201,2,467,13.501405715942383,"{""OpenML_task_id"": ""167190"", ""batch_size"": 447, ""epoch"": 2, ""learning_rate"": 0.00023964005258028445, ""max_dropout"": 0.9069328002837621, ""max_units"": 478, ""momentum"": 0.5439993671805585, ""num_layers"": 5, ""weight_decay"": 0.003434830270177065}","{""time"": 13.501405715942383, ""val_accuracy"": 27.532331466674805, ""val_cross_entropy"": 1.0282504558563232, ""val_balanced_accuracy"": 0.3138793110847473, ""test_cross_entropy"": 1.0873453617095947, ""test_balanced_accuracy"": 0.3134084939956665}"
2026-04-15T23:14:34.038874,random,lcbench,167201,2,468,122.66056823730469,"{""OpenML_task_id"": ""167168"", ""batch_size"": 53, ""epoch"": 24, ""learning_rate"": 0.00023778906401223797, ""max_dropout"": 0.7210580119128424, ""max_units"": 206, ""momentum"": 0.14952928356466294, ""num_layers"": 5, ""weight_decay"": 0.05993223762122793}","{""time"": 122.66056823730469, ""val_accuracy"": 51.09532165527344, ""val_cross_entropy"": 0.9607183933258057, ""val_balanced_accuracy"": 0.37240833044052124, ""test_cross_entropy"": 1.0764442682266235, ""test_balanced_accuracy"": 0.36752596497535706}"
2026-04-15T23:14:34.038874,random,lcbench,167201,2,469,218.55133056640625,"{""OpenML_task_id"": ""189866"", ""batch_size"": 394, ""epoch"": 19, ""learning_rate"": 0.057707716824866744, ""max_dropout"": 0.9151112624783899, ""max_units"": 621, ""momentum"": 0.2328308090398516, ""num_layers"": 4, ""weight_decay"": 0.09654888649305589}","{""time"": 218.55133056640625, ""val_accuracy"": 45.31044387817383, ""val_cross_entropy"": 1.0839654207229614, ""val_balanced_accuracy"": 0.3160443902015686, ""test_cross_entropy"": 1.1036583185195923, ""test_balanced_accuracy"": 0.31671902537345886}"
2026-04-15T23:14:34.038874,random,lcbench,167201,2,470,72.0663833618164,"{""OpenML_task_id"": ""168335"", ""batch_size"": 28, ""epoch"": 29, ""learning_rate"": 0.09193798382275228, ""max_dropout"": 0.8257043854361112, ""max_units"": 83, ""momentum"": 0.5418409516248576, ""num_layers"": 2, ""weight_decay"": 0.08735440660525529}","{""time"": 72.0663833618164, ""val_accuracy"": 47.3510856628418, ""val_cross_entropy"": 1.052556037902832, ""val_balanced_accuracy"": 0.37041980028152466, ""test_cross_entropy"": 1.0838273763656616, ""test_balanced_accuracy"": 0.3740927278995514}"
2026-04-15T23:14:34.038874,random,lcbench,167201,2,471,283.8362731933594,"{""OpenML_task_id"": ""126029"", ""batch_size"": 405, ""epoch"": 49, ""learning_rate"": 0.00016204853536055423, ""max_dropout"": 0.8351413374804563, ""max_units"": 668, ""momentum"": 0.19549380938272126, ""num_layers"": 3, ""weight_decay"": 0.011178360131771493}","{""time"": 283.8362731933594, ""val_accuracy"": 35.181358337402344, ""val_cross_entropy"": 1.0337368249893188, ""val_balanced_accuracy"": 0.3495030999183655, ""test_cross_entropy"": 1.1023470163345337, ""test_balanced_accuracy"": 0.3556739091873169}"
2026-04-15T23:14:34.038874,random,lcbench,167201,2,472,125.66844177246094,"{""OpenML_task_id"": ""189865"", ""batch_size"": 71, ""epoch"": 21, ""learning_rate"": 0.0015985095558395234, ""max_dropout"": 0.8501949644003293, ""max_units"": 277, ""momentum"": 0.7485944328629033, ""num_layers"": 5, ""weight_decay"": 0.09082128284077128}","{""time"": 125.66844177246094, ""val_accuracy"": 62.364463806152344, ""val_cross_entropy"": 0.9574630260467529, ""val_balanced_accuracy"": 0.36673328280448914, ""test_cross_entropy"": 1.0723563432693481, ""test_balanced_accuracy"": 0.36071446537971497}"
2026-04-15T23:14:34.038874,random,lcbench,167201,2,473,51.70850372314453,"{""OpenML_task_id"": ""189909"", ""batch_size"": 18, ""epoch"": 28, ""learning_rate"": 0.05941514904748656, ""max_dropout"": 0.850333287265377, ""max_units"": 280, ""momentum"": 0.4320287191241855, ""num_layers"": 1, ""weight_decay"": 0.012489083473474381}","{""time"": 51.70850372314453, ""val_accuracy"": 46.09039306640625, ""val_cross_entropy"": 1.0335867404937744, ""val_balanced_accuracy"": 0.40357673168182373, ""test_cross_entropy"": 1.072401762008667, ""test_balanced_accuracy"": 0.4074113070964813}"
2026-04-15T23:14:34.038874,random,lcbench,167201,2,474,95.17973327636719,"{""OpenML_task_id"": ""167168"", ""batch_size"": 83, ""epoch"": 28, ""learning_rate"": 0.0006071475136990045, ""max_dropout"": 0.3148954479917374, ""max_units"": 207, ""momentum"": 0.4183871860556707, ""num_layers"": 5, ""weight_decay"": 0.02213012322299236}","{""time"": 95.17973327636719, ""val_accuracy"": 53.905792236328125, ""val_cross_entropy"": 0.9500612616539001, ""val_balanced_accuracy"": 0.36271315813064575, ""test_cross_entropy"": 1.0735435485839844, ""test_balanced_accuracy"": 0.3649212121963501}"
2026-04-15T23:14:34.038874,random,lcbench,167201,2,475,137.88121032714844,"{""OpenML_task_id"": ""189866"", ""batch_size"": 349, ""epoch"": 49, ""learning_rate"": 0.003231414541417592, ""max_dropout"": 0.07779097290721981, ""max_units"": 443, ""momentum"": 0.7718298509344718, ""num_layers"": 2, ""weight_decay"": 0.038900092977693757}","{""time"": 137.88121032714844, ""val_accuracy"": 48.29936981201172, ""val_cross_entropy"": 1.0374207496643066, ""val_balanced_accuracy"": 0.4319970905780792, ""test_cross_entropy"": 1.0909935235977173, ""test_balanced_accuracy"": 0.4293094873428345}"
2026-04-15T23:14:34.047261,random,lcbench,167201,2,476,85.96786499023438,"{""OpenML_task_id"": ""168329"", ""batch_size"": 294, ""epoch"": 29, ""learning_rate"": 0.08310296007581888, ""max_dropout"": 0.03782432704666272, ""max_units"": 265, ""momentum"": 0.3668861922337888, ""num_layers"": 2, ""weight_decay"": 0.09492361926167817}","{""time"": 85.96786499023438, ""val_accuracy"": 48.62112045288086, ""val_cross_entropy"": 1.0577392578125, ""val_balanced_accuracy"": 0.38648927211761475, ""test_cross_entropy"": 1.1130870580673218, ""test_balanced_accuracy"": 0.3814317584037781}"
2026-04-15T23:14:34.047261,random,lcbench,167201,2,477,58.277854919433594,"{""OpenML_task_id"": ""167185"", ""batch_size"": 267, ""epoch"": 11, ""learning_rate"": 0.00022398189870488872, ""max_dropout"": 0.628872554023442, ""max_units"": 813, ""momentum"": 0.2301366334895348, ""num_layers"": 2, ""weight_decay"": 0.04736377966830726}","{""time"": 58.277854919433594, ""val_accuracy"": 38.539649963378906, ""val_cross_entropy"": 1.05215322971344, ""val_balanced_accuracy"": 0.3794811964035034, ""test_cross_entropy"": 1.1133488416671753, ""test_balanced_accuracy"": 0.3773411512374878}"
2026-04-15T23:14:34.047261,random,lcbench,167201,2,478,102.45886993408203,"{""OpenML_task_id"": ""168910"", ""batch_size"": 29, ""epoch"": 31, ""learning_rate"": 0.018534652473126766, ""max_dropout"": 0.7910846705481638, ""max_units"": 73, ""momentum"": 0.6866986765894931, ""num_layers"": 3, ""weight_decay"": 0.05559253430715328}","{""time"": 102.45886993408203, ""val_accuracy"": 55.89493179321289, ""val_cross_entropy"": 1.0729013681411743, ""val_balanced_accuracy"": 0.32472988963127136, ""test_cross_entropy"": 1.0956169366836548, ""test_balanced_accuracy"": 0.32320672273635864}"
2026-04-15T23:14:34.047261,random,lcbench,167201,2,479,57.264076232910156,"{""OpenML_task_id"": ""7593"", ""batch_size"": 419, ""epoch"": 28, ""learning_rate"": 0.0001568216459963767, ""max_dropout"": 0.7693146505693856, ""max_units"": 200, ""momentum"": 0.5026349484378949, ""num_layers"": 1, ""weight_decay"": 0.019695495349591596}","{""time"": 57.264076232910156, ""val_accuracy"": 40.746456146240234, ""val_cross_entropy"": 1.0926721096038818, ""val_balanced_accuracy"": 0.34968382120132446, ""test_cross_entropy"": 1.0955380201339722, ""test_balanced_accuracy"": 0.3472359776496887}"
2026-04-15T23:14:34.047261,random,lcbench,167201,2,480,4.226782321929932,"{""OpenML_task_id"": ""168908"", ""batch_size"": 26, ""epoch"": 1, ""learning_rate"": 0.03522851976781796, ""max_dropout"": 0.8995622455193114, ""max_units"": 185, ""momentum"": 0.7394460431176888, ""num_layers"": 1, ""weight_decay"": 0.02181880033099309}","{""time"": 4.226782321929932, ""val_accuracy"": 39.33464813232422, ""val_cross_entropy"": 1.1853657960891724, ""val_balanced_accuracy"": 0.34879055619239807, ""test_cross_entropy"": 1.1026866436004639, ""test_balanced_accuracy"": 0.34407997131347656}"
2026-04-15T23:14:34.047261,random,lcbench,167201,2,481,238.14503479003906,"{""OpenML_task_id"": ""167185"", ""batch_size"": 317, ""epoch"": 45, ""learning_rate"": 0.009368754094580515, ""max_dropout"": 0.20067965731485748, ""max_units"": 98, ""momentum"": 0.8831448277306451, ""num_layers"": 5, ""weight_decay"": 0.07181406793470956}","{""time"": 238.14503479003906, ""val_accuracy"": 52.558128356933594, ""val_cross_entropy"": 0.9649808406829834, ""val_balanced_accuracy"": 0.35194408893585205, ""test_cross_entropy"": 1.0847617387771606, ""test_balanced_accuracy"": 0.3502318263053894}"
2026-04-15T23:14:34.047261,random,lcbench,167201,2,482,442.7529296875,"{""OpenML_task_id"": ""189862"", ""batch_size"": 214, ""epoch"": 44, ""learning_rate"": 0.00023122224950889922, ""max_dropout"": 0.8696363586678464, ""max_units"": 754, ""momentum"": 0.3720317093228309, ""num_layers"": 5, ""weight_decay"": 0.084169253286742}","{""time"": 442.7529296875, ""val_accuracy"": 20.75904083251953, ""val_cross_entropy"": 1.1029356718063354, ""val_balanced_accuracy"": 0.3235187828540802, ""test_cross_entropy"": 1.109251856803894, ""test_balanced_accuracy"": 0.3169915974140167}"
2026-04-15T23:14:34.047261,random,lcbench,167201,2,483,75.90117645263672,"{""OpenML_task_id"": ""168910"", ""batch_size"": 104, ""epoch"": 26, ""learning_rate"": 0.00030161520530056467, ""max_dropout"": 0.5273673062135074, ""max_units"": 402, ""momentum"": 0.7801430857486332, ""num_layers"": 2, ""weight_decay"": 0.08142573603983339}","{""time"": 75.90117645263672, ""val_accuracy"": 45.75056076049805, ""val_cross_entropy"": 1.0510547161102295, ""val_balanced_accuracy"": 0.41858938336372375, ""test_cross_entropy"": 1.093772053718567, ""test_balanced_accuracy"": 0.4161446690559387}"
2026-04-15T23:14:34.047261,random,lcbench,167201,2,484,38.04408645629883,"{""OpenML_task_id"": ""168331"", ""batch_size"": 32, ""epoch"": 11, ""learning_rate"": 0.03160182381509702, ""max_dropout"": 0.32222734307847256, ""max_units"": 103, ""momentum"": 0.5666129428936734, ""num_layers"": 2, ""weight_decay"": 0.07404115578503047}","{""time"": 38.04408645629883, ""val_accuracy"": 50.17361068725586, ""val_cross_entropy"": 1.0669536590576172, ""val_balanced_accuracy"": 0.37161222100257874, ""test_cross_entropy"": 1.09084951877594, ""test_balanced_accuracy"": 0.37097910046577454}"
2026-04-15T23:14:34.055532,random,lcbench,167201,2,485,276.1387939453125,"{""OpenML_task_id"": ""168331"", ""batch_size"": 32, ""epoch"": 40, ""learning_rate"": 0.0006710745937759601, ""max_dropout"": 0.8682054150419231, ""max_units"": 271, ""momentum"": 0.21070937473483736, ""num_layers"": 5, ""weight_decay"": 0.06124013899201157}","{""time"": 276.1387939453125, ""val_accuracy"": 72.1922836303711, ""val_cross_entropy"": 0.9474954009056091, ""val_balanced_accuracy"": 0.37574103474617004, ""test_cross_entropy"": 1.0522714853286743, ""test_balanced_accuracy"": 0.3710123598575592}"
2026-04-15T23:14:34.055532,random,lcbench,167201,2,486,171.94253540039062,"{""OpenML_task_id"": ""167161"", ""batch_size"": 23, ""epoch"": 42, ""learning_rate"": 0.0003287359710863523, ""max_dropout"": 0.8902307423898477, ""max_units"": 163, ""momentum"": 0.8241696435837873, ""num_layers"": 3, ""weight_decay"": 0.0718940829427273}","{""time"": 171.94253540039062, ""val_accuracy"": 66.35623931884766, ""val_cross_entropy"": 1.0458356142044067, ""val_balanced_accuracy"": 0.34685271978378296, ""test_cross_entropy"": 1.089661717414856, ""test_balanced_accuracy"": 0.3482314944267273}"
2026-04-15T23:14:34.055532,random,lcbench,167201,2,487,57.69915008544922,"{""OpenML_task_id"": ""167181"", ""batch_size"": 26, ""epoch"": 37, ""learning_rate"": 0.0048069594900884095, ""max_dropout"": 0.5363399567562928, ""max_units"": 417, ""momentum"": 0.9367398999275425, ""num_layers"": 1, ""weight_decay"": 0.05374751329623483}","{""time"": 57.69915008544922, ""val_accuracy"": 47.09654235839844, ""val_cross_entropy"": 1.044551134109497, ""val_balanced_accuracy"": 0.4159534275531769, ""test_cross_entropy"": 1.089951515197754, ""test_balanced_accuracy"": 0.41845446825027466}"
2026-04-15T23:14:34.055532,random,lcbench,167201,2,488,167.3700714111328,"{""OpenML_task_id"": ""189906"", ""batch_size"": 19, ""epoch"": 21, ""learning_rate"": 0.0009398966597805163, ""max_dropout"": 0.588208180648939, ""max_units"": 357, ""momentum"": 0.49977267361322075, ""num_layers"": 5, ""weight_decay"": 0.05974671703199026}","{""time"": 167.3700714111328, ""val_accuracy"": 73.45050811767578, ""val_cross_entropy"": 0.927379310131073, ""val_balanced_accuracy"": 0.3692713975906372, ""test_cross_entropy"": 1.0553821325302124, ""test_balanced_accuracy"": 0.36661648750305176}"
2026-04-15T23:14:34.055532,random,lcbench,167201,2,489,75.02265930175781,"{""OpenML_task_id"": ""3945"", ""batch_size"": 122, ""epoch"": 29, ""learning_rate"": 0.0017754487555818445, ""max_dropout"": 0.2874154218137265, ""max_units"": 83, ""momentum"": 0.7378390664721713, ""num_layers"": 3, ""weight_decay"": 0.08699863452719021}","{""time"": 75.02265930175781, ""val_accuracy"": 54.476654052734375, ""val_cross_entropy"": 1.0959111452102661, ""val_balanced_accuracy"": 0.3444187641143799, ""test_cross_entropy"": 1.1135278940200806, ""test_balanced_accuracy"": 0.3432677984237671}"
2026-04-15T23:14:34.055532,random,lcbench,167201,2,490,210.1468505859375,"{""OpenML_task_id"": ""189862"", ""batch_size"": 35, ""epoch"": 36, ""learning_rate"": 0.07171136527072944, ""max_dropout"": 0.0978548611105774, ""max_units"": 250, ""momentum"": 0.5133646644067834, ""num_layers"": 4, ""weight_decay"": 0.012918816300624055}","{""time"": 210.1468505859375, ""val_accuracy"": 62.33259201049805, ""val_cross_entropy"": 0.8994966745376587, ""val_balanced_accuracy"": 0.49617308378219604, ""test_cross_entropy"": 0.9993076324462891, ""test_balanced_accuracy"": 0.48841914534568787}"
2026-04-15T23:14:34.055532,random,lcbench,167201,2,491,59.60399627685547,"{""OpenML_task_id"": ""189906"", ""batch_size"": 34, ""epoch"": 11, ""learning_rate"": 0.013249156892221841, ""max_dropout"": 0.6952255269619952, ""max_units"": 158, ""momentum"": 0.7659326126297598, ""num_layers"": 3, ""weight_decay"": 0.07088736717749151}","{""time"": 59.60399627685547, ""val_accuracy"": 49.2884521484375, ""val_cross_entropy"": 1.0774381160736084, ""val_balanced_accuracy"": 0.3194272220134735, ""test_cross_entropy"": 1.1084840297698975, ""test_balanced_accuracy"": 0.31730857491493225}"
2026-04-15T23:14:34.055532,random,lcbench,167201,2,492,258.2240295410156,"{""OpenML_task_id"": ""167200"", ""batch_size"": 128, ""epoch"": 43, ""learning_rate"": 0.020030054493557815, ""max_dropout"": 0.637321511095801, ""max_units"": 341, ""momentum"": 0.3929777069929965, ""num_layers"": 4, ""weight_decay"": 0.09350028414477463}","{""time"": 258.2240295410156, ""val_accuracy"": 59.470916748046875, ""val_cross_entropy"": 1.04549241065979, ""val_balanced_accuracy"": 0.33675169944763184, ""test_cross_entropy"": 1.1000251770019531, ""test_balanced_accuracy"": 0.3347715437412262}"
2026-04-15T23:14:34.055532,random,lcbench,167201,2,493,23.852561950683594,"{""OpenML_task_id"": ""189909"", ""batch_size"": 220, ""epoch"": 7, ""learning_rate"": 0.0003564067073403513, ""max_dropout"": 0.2870858702333421, ""max_units"": 76, ""momentum"": 0.5707751629069052, ""num_layers"": 2, ""weight_decay"": 0.007526202642183815}","{""time"": 23.852561950683594, ""val_accuracy"": 37.394901275634766, ""val_cross_entropy"": 1.0865199565887451, ""val_balanced_accuracy"": 0.3622734248638153, ""test_cross_entropy"": 1.10126793384552, ""test_balanced_accuracy"": 0.3613921105861664}"
2026-04-15T23:14:34.063538,random,lcbench,167201,2,494,49.64329528808594,"{""OpenML_task_id"": ""167184"", ""batch_size"": 199, ""epoch"": 28, ""learning_rate"": 0.011612057966404191, ""max_dropout"": 0.8473248871741003, ""max_units"": 335, ""momentum"": 0.525895047977505, ""num_layers"": 1, ""weight_decay"": 0.07178185396630382}","{""time"": 49.64329528808594, ""val_accuracy"": 43.39638900756836, ""val_cross_entropy"": 1.0412721633911133, ""val_balanced_accuracy"": 0.4089621603488922, ""test_cross_entropy"": 1.0884416103363037, ""test_balanced_accuracy"": 0.411018043756485}"
2026-04-15T23:14:34.065662,random,lcbench,167201,2,495,109.2192611694336,"{""OpenML_task_id"": ""126025"", ""batch_size"": 79, ""epoch"": 11, ""learning_rate"": 0.0010004362526360461, ""max_dropout"": 0.29799947713096697, ""max_units"": 873, ""momentum"": 0.3006099655948202, ""num_layers"": 5, ""weight_decay"": 0.06745475457222692}","{""time"": 109.2192611694336, ""val_accuracy"": 51.618892669677734, ""val_cross_entropy"": 0.9389088749885559, ""val_balanced_accuracy"": 0.3652784526348114, ""test_cross_entropy"": 1.0797027349472046, ""test_balanced_accuracy"": 0.36502423882484436}"
2026-04-15T23:14:34.065662,random,lcbench,167201,2,496,95.76820373535156,"{""OpenML_task_id"": ""189905"", ""batch_size"": 54, ""epoch"": 46, ""learning_rate"": 0.03252272831812157, ""max_dropout"": 0.6999019205161645, ""max_units"": 866, ""momentum"": 0.4705842971438654, ""num_layers"": 1, ""weight_decay"": 0.06190670727070162}","{""time"": 95.76820373535156, ""val_accuracy"": 44.59606170654297, ""val_cross_entropy"": 1.0408754348754883, ""val_balanced_accuracy"": 0.4035567045211792, ""test_cross_entropy"": 1.1003371477127075, ""test_balanced_accuracy"": 0.4081774353981018}"
2026-04-15T23:14:34.065662,random,lcbench,167201,2,497,477.7611083984375,"{""OpenML_task_id"": ""168908"", ""batch_size"": 349, ""epoch"": 19, ""learning_rate"": 0.0059697484985646015, ""max_dropout"": 0.0960402866211637, ""max_units"": 936, ""momentum"": 0.9307435001651777, ""num_layers"": 5, ""weight_decay"": 0.09436559157682307}","{""time"": 477.7611083984375, ""val_accuracy"": 51.44384002685547, ""val_cross_entropy"": 0.9771423935890198, ""val_balanced_accuracy"": 0.3478856384754181, ""test_cross_entropy"": 1.1017398834228516, ""test_balanced_accuracy"": 0.34514543414115906}"
2026-04-15T23:14:34.065662,random,lcbench,167201,2,498,49.75624465942383,"{""OpenML_task_id"": ""34539"", ""batch_size"": 225, ""epoch"": 7, ""learning_rate"": 0.008241266761236725, ""max_dropout"": 0.7793028290872115, ""max_units"": 866, ""momentum"": 0.5939761411958691, ""num_layers"": 4, ""weight_decay"": 0.008525596408623918}","{""time"": 49.75624465942383, ""val_accuracy"": 49.466922760009766, ""val_cross_entropy"": 1.023187518119812, ""val_balanced_accuracy"": 0.41664740443229675, ""test_cross_entropy"": 1.1109323501586914, ""test_balanced_accuracy"": 0.41446930170059204}"
2026-04-15T23:14:34.065662,random,lcbench,167201,2,499,168.3294677734375,"{""OpenML_task_id"": ""189906"", ""batch_size"": 425, ""epoch"": 35, ""learning_rate"": 0.0005364203305628753, ""max_dropout"": 0.4687766701206959, ""max_units"": 293, ""momentum"": 0.5385984176686784, ""num_layers"": 4, ""weight_decay"": 0.07858830437323264}","{""time"": 168.3294677734375, ""val_accuracy"": 29.126955032348633, ""val_cross_entropy"": 1.0496490001678467, ""val_balanced_accuracy"": 0.33071863651275635, ""test_cross_entropy"": 1.1080378293991089, ""test_balanced_accuracy"": 0.33724790811538696}"
2026-04-15T23:14:34.065662,random,lcbench,167201,2,500,418.907470703125,"{""OpenML_task_id"": ""126025"", ""batch_size"": 119, ""epoch"": 50, ""learning_rate"": 0.014342471582280655, ""max_dropout"": 0.5112654248719325, ""max_units"": 669, ""momentum"": 0.7300314601024279, ""num_layers"": 3, ""weight_decay"": 0.07703244041027978}","{""time"": 418.907470703125, ""val_accuracy"": 55.416812896728516, ""val_cross_entropy"": 1.0199475288391113, ""val_balanced_accuracy"": 0.34976452589035034, ""test_cross_entropy"": 1.106329321861267, ""test_balanced_accuracy"": 0.3499433696269989}"
2026-04-15T23:14:34.065662,random,lcbench,167201,2,501,121.6677017211914,"{""OpenML_task_id"": ""167200"", ""batch_size"": 222, ""epoch"": 37, ""learning_rate"": 0.07052688915086887, ""max_dropout"": 0.9593783239435454, ""max_units"": 166, ""momentum"": 0.8933181502940875, ""num_layers"": 5, ""weight_decay"": 0.02422694266761588}","{""time"": 121.6677017211914, ""val_accuracy"": 53.34142303466797, ""val_cross_entropy"": 1.0149658918380737, ""val_balanced_accuracy"": 0.332528293132782, ""test_cross_entropy"": 1.111253261566162, ""test_balanced_accuracy"": 0.326947957277298}"
2026-04-15T23:14:34.071830,random,lcbench,167201,2,502,59.994449615478516,"{""OpenML_task_id"": ""168330"", ""batch_size"": 49, ""epoch"": 37, ""learning_rate"": 0.03168048356462892, ""max_dropout"": 0.24806709908001334, ""max_units"": 563, ""momentum"": 0.6975126531720209, ""num_layers"": 1, ""weight_decay"": 0.027606538985236722}","{""time"": 59.994449615478516, ""val_accuracy"": 44.522544860839844, ""val_cross_entropy"": 1.0473893880844116, ""val_balanced_accuracy"": 0.4064938426017761, ""test_cross_entropy"": 1.0796929597854614, ""test_balanced_accuracy"": 0.4090050756931305}"
2026-04-15T23:14:34.071830,random,lcbench,167201,2,503,4.243515968322754,"{""OpenML_task_id"": ""189862"", ""batch_size"": 149, ""epoch"": 1, ""learning_rate"": 0.021086181814700535, ""max_dropout"": 0.840449546825369, ""max_units"": 127, ""momentum"": 0.8491146244477192, ""num_layers"": 1, ""weight_decay"": 0.0396518041644385}","{""time"": 4.243515968322754, ""val_accuracy"": 39.262916564941406, ""val_cross_entropy"": 1.1840381622314453, ""val_balanced_accuracy"": 0.3529336154460907, ""test_cross_entropy"": 1.103903889656067, ""test_balanced_accuracy"": 0.34590333700180054}"
2026-04-15T23:14:34.071830,random,lcbench,167201,2,504,33.58875274658203,"{""OpenML_task_id"": ""167201"", ""batch_size"": 36, ""epoch"": 7, ""learning_rate"": 0.001499173636735621, ""max_dropout"": 0.33870511443196416, ""max_units"": 457, ""momentum"": 0.8338033866040448, ""num_layers"": 2, ""weight_decay"": 0.08472158256207363}","{""time"": 33.58875274658203, ""val_accuracy"": 52.989749908447266, ""val_cross_entropy"": 1.067023515701294, ""val_balanced_accuracy"": 0.40480634570121765, ""test_cross_entropy"": 1.0978353023529053, ""test_balanced_accuracy"": 0.40517017245292664}"
2026-04-15T23:14:34.071830,random,lcbench,167201,2,505,89.20581817626953,"{""OpenML_task_id"": ""168910"", ""batch_size"": 503, ""epoch"": 33, ""learning_rate"": 0.0002291644566670014, ""max_dropout"": 0.33107520613065555, ""max_units"": 66, ""momentum"": 0.24281599213380364, ""num_layers"": 3, ""weight_decay"": 0.011524133068349948}","{""time"": 89.20581817626953, ""val_accuracy"": 28.390756607055664, ""val_cross_entropy"": 1.078169822692871, ""val_balanced_accuracy"": 0.3244915008544922, ""test_cross_entropy"": 1.1040414571762085, ""test_balanced_accuracy"": 0.33566027879714966}"
2026-04-15T23:14:34.071830,random,lcbench,167201,2,506,31.057788848876953,"{""OpenML_task_id"": ""167184"", ""batch_size"": 149, ""epoch"": 6, ""learning_rate"": 0.006165717049403996, ""max_dropout"": 0.6728468941215326, ""max_units"": 468, ""momentum"": 0.4986488459830428, ""num_layers"": 3, ""weight_decay"": 0.0035356305816163737}","{""time"": 31.057788848876953, ""val_accuracy"": 48.333560943603516, ""val_cross_entropy"": 1.0647597312927246, ""val_balanced_accuracy"": 0.40982189774513245, ""test_cross_entropy"": 1.0897974967956543, ""test_balanced_accuracy"": 0.4092079699039459}"
2026-04-15T23:14:34.076656,random,lcbench,167201,2,507,153.05303955078125,"{""OpenML_task_id"": ""168908"", ""batch_size"": 27, ""epoch"": 34, ""learning_rate"": 0.00065262645591063, ""max_dropout"": 0.9461678818750947, ""max_units"": 139, ""momentum"": 0.20565145516845185, ""num_layers"": 5, ""weight_decay"": 0.003264937768284092}","{""time"": 153.05303955078125, ""val_accuracy"": 58.41025924682617, ""val_cross_entropy"": 1.004515290260315, ""val_balanced_accuracy"": 0.35368162393569946, ""test_cross_entropy"": 1.0762618780136108, ""test_balanced_accuracy"": 0.35078001022338867}"
2026-04-15T23:14:34.076656,random,lcbench,167201,2,508,81.42189025878906,"{""OpenML_task_id"": ""167168"", ""batch_size"": 26, ""epoch"": 19, ""learning_rate"": 0.004315014187903928, ""max_dropout"": 0.7550163739283433, ""max_units"": 127, ""momentum"": 0.5237000206601111, ""num_layers"": 4, ""weight_decay"": 0.07161708671543199}","{""time"": 81.42189025878906, ""val_accuracy"": 63.41280746459961, ""val_cross_entropy"": 1.022513508796692, ""val_balanced_accuracy"": 0.32600271701812744, ""test_cross_entropy"": 1.0973889827728271, ""test_balanced_accuracy"": 0.32516372203826904}"
2026-04-15T23:14:34.076656,random,lcbench,167201,2,509,89.28251647949219,"{""OpenML_task_id"": ""168330"", ""batch_size"": 27, ""epoch"": 46, ""learning_rate"": 0.00011202763492592075, ""max_dropout"": 0.020274497587315587, ""max_units"": 224, ""momentum"": 0.948815434834611, ""num_layers"": 1, ""weight_decay"": 0.037756416999535795}","{""time"": 89.28251647949219, ""val_accuracy"": 48.87420654296875, ""val_cross_entropy"": 1.0340019464492798, ""val_balanced_accuracy"": 0.43429794907569885, ""test_cross_entropy"": 1.1078526973724365, ""test_balanced_accuracy"": 0.4331166744232178}"
2026-04-15T23:14:34.076656,random,lcbench,167201,2,510,87.48365020751953,"{""OpenML_task_id"": ""189866"", ""batch_size"": 136, ""epoch"": 34, ""learning_rate"": 0.004456331885627118, ""max_dropout"": 0.8727480605554518, ""max_units"": 126, ""momentum"": 0.19739123988673857, ""num_layers"": 5, ""weight_decay"": 0.03205384119477133}","{""time"": 87.48365020751953, ""val_accuracy"": 60.27922821044922, ""val_cross_entropy"": 0.9771947860717773, ""val_balanced_accuracy"": 0.36641165614128113, ""test_cross_entropy"": 1.0789726972579956, ""test_balanced_accuracy"": 0.36190807819366455}"
2026-04-15T23:14:34.080664,random,lcbench,167201,2,511,88.38308715820312,"{""OpenML_task_id"": ""189354"", ""batch_size"": 262, ""epoch"": 27, ""learning_rate"": 0.01522058917638176, ""max_dropout"": 0.9156171473976668, ""max_units"": 91, ""momentum"": 0.8615433141809422, ""num_layers"": 4, ""weight_decay"": 0.04981444914529166}","{""time"": 88.38308715820312, ""val_accuracy"": 45.9944953918457, ""val_cross_entropy"": 1.0846796035766602, ""val_balanced_accuracy"": 0.3007829189300537, ""test_cross_entropy"": 1.114977240562439, ""test_balanced_accuracy"": 0.30163031816482544}"
2026-04-15T23:14:34.080664,random,lcbench,167201,2,512,43.47694396972656,"{""OpenML_task_id"": ""168908"", ""batch_size"": 233, ""epoch"": 22, ""learning_rate"": 0.002447361319190123, ""max_dropout"": 0.33349552499196733, ""max_units"": 394, ""momentum"": 0.6421087105232878, ""num_layers"": 1, ""weight_decay"": 0.05199009170202215}","{""time"": 43.47694396972656, ""val_accuracy"": 45.05389404296875, ""val_cross_entropy"": 1.0624136924743652, ""val_balanced_accuracy"": 0.40193432569503784, ""test_cross_entropy"": 1.0919358730316162, ""test_balanced_accuracy"": 0.40009555220603943}"
2026-04-15T23:14:34.080664,random,lcbench,167201,2,513,60.61080551147461,"{""OpenML_task_id"": ""189906"", ""batch_size"": 116, ""epoch"": 26, ""learning_rate"": 0.003682561214040729, ""max_dropout"": 0.7531340835306446, ""max_units"": 398, ""momentum"": 0.7754461497360571, ""num_layers"": 2, ""weight_decay"": 0.03996962956656206}","{""time"": 60.61080551147461, ""val_accuracy"": 50.12894058227539, ""val_cross_entropy"": 1.0078538656234741, ""val_balanced_accuracy"": 0.4433479905128479, ""test_cross_entropy"": 1.0894607305526733, ""test_balanced_accuracy"": 0.4442155957221985}"
2026-04-15T23:14:34.080664,random,lcbench,167201,2,514,35.641414642333984,"{""OpenML_task_id"": ""167201"", ""batch_size"": 151, ""epoch"": 22, ""learning_rate"": 0.016320814032564097, ""max_dropout"": 0.8213896587562343, ""max_units"": 374, ""momentum"": 0.9475487947114898, ""num_layers"": 1, ""weight_decay"": 0.04036354016613048}","{""time"": 35.641414642333984, ""val_accuracy"": 43.21104431152344, ""val_cross_entropy"": 1.0602188110351562, ""val_balanced_accuracy"": 0.41058239340782166, ""test_cross_entropy"": 1.0979300737380981, ""test_balanced_accuracy"": 0.4130716323852539}"
2026-04-15T23:14:34.080664,random,lcbench,167201,2,515,173.9185028076172,"{""OpenML_task_id"": ""167168"", ""batch_size"": 263, ""epoch"": 39, ""learning_rate"": 0.00015537081675968446, ""max_dropout"": 0.4210986522299852, ""max_units"": 114, ""momentum"": 0.7483862096287516, ""num_layers"": 5, ""weight_decay"": 0.0971633079029815}","{""time"": 173.9185028076172, ""val_accuracy"": 19.964460372924805, ""val_cross_entropy"": 1.0329784154891968, ""val_balanced_accuracy"": 0.3549656867980957, ""test_cross_entropy"": 1.1007449626922607, ""test_balanced_accuracy"": 0.34956109523773193}"
2026-04-15T23:14:34.080664,random,lcbench,167201,2,516,55.22536087036133,"{""OpenML_task_id"": ""167161"", ""batch_size"": 55, ""epoch"": 24, ""learning_rate"": 0.0018005890984725242, ""max_dropout"": 0.47357490012413717, ""max_units"": 113, ""momentum"": 0.7274984381200403, ""num_layers"": 2, ""weight_decay"": 0.009043373976293683}","{""time"": 55.22536087036133, ""val_accuracy"": 52.18354415893555, ""val_cross_entropy"": 0.9997308254241943, ""val_balanced_accuracy"": 0.4686431884765625, ""test_cross_entropy"": 1.0629953145980835, ""test_balanced_accuracy"": 0.46792149543762207}"
2026-04-15T23:14:34.080664,random,lcbench,167201,2,517,47.201576232910156,"{""OpenML_task_id"": ""189873"", ""batch_size"": 427, ""epoch"": 13, ""learning_rate"": 0.0076447638410712115, ""max_dropout"": 0.7125787145508797, ""max_units"": 92, ""momentum"": 0.5651524883656258, ""num_layers"": 5, ""weight_decay"": 0.023126931613080954}","{""time"": 47.201576232910156, ""val_accuracy"": 37.866092681884766, ""val_cross_entropy"": 0.9792889952659607, ""val_balanced_accuracy"": 0.3447822630405426, ""test_cross_entropy"": 1.094384789466858, ""test_balanced_accuracy"": 0.3430243134498596}"
2026-04-15T23:14:34.080664,random,lcbench,167201,2,518,61.85188293457031,"{""OpenML_task_id"": ""167168"", ""batch_size"": 83, ""epoch"": 13, ""learning_rate"": 0.015018067994059553, ""max_dropout"": 0.25577967955972103, ""max_units"": 334, ""momentum"": 0.4915889403731275, ""num_layers"": 4, ""weight_decay"": 0.03618899705582534}","{""time"": 61.85188293457031, ""val_accuracy"": 54.07694625854492, ""val_cross_entropy"": 1.0773322582244873, ""val_balanced_accuracy"": 0.3290349543094635, ""test_cross_entropy"": 1.105739951133728, ""test_balanced_accuracy"": 0.33112767338752747}"
2026-04-15T23:14:34.088937,random,lcbench,167201,2,519,136.4909210205078,"{""OpenML_task_id"": ""167190"", ""batch_size"": 63, ""epoch"": 42, ""learning_rate"": 0.07946749915417649, ""max_dropout"": 0.5861898061181106, ""max_units"": 441, ""momentum"": 0.3398183935105635, ""num_layers"": 2, ""weight_decay"": 0.039709115539468404}","{""time"": 136.4909210205078, ""val_accuracy"": 52.47459030151367, ""val_cross_entropy"": 0.9916509389877319, ""val_balanced_accuracy"": 0.44430965185165405, ""test_cross_entropy"": 1.0880786180496216, ""test_balanced_accuracy"": 0.44914594292640686}"
2026-04-15T23:14:34.088937,random,lcbench,167201,2,520,194.1522674560547,"{""OpenML_task_id"": ""167200"", ""batch_size"": 52, ""epoch"": 27, ""learning_rate"": 0.005533316845875783, ""max_dropout"": 0.653954939292354, ""max_units"": 830, ""momentum"": 0.3997999323247273, ""num_layers"": 3, ""weight_decay"": 0.05031644590593468}","{""time"": 194.1522674560547, ""val_accuracy"": 51.93243408203125, ""val_cross_entropy"": 1.0583598613739014, ""val_balanced_accuracy"": 0.36450451612472534, ""test_cross_entropy"": 1.109118103981018, ""test_balanced_accuracy"": 0.3642064034938812}"
2026-04-15T23:14:34.088937,random,lcbench,167201,2,521,127.50774383544922,"{""OpenML_task_id"": ""126026"", ""batch_size"": 18, ""epoch"": 28, ""learning_rate"": 0.00029048106860741406, ""max_dropout"": 0.7867639200188377, ""max_units"": 167, ""momentum"": 0.22363423770220464, ""num_layers"": 4, ""weight_decay"": 0.04223965526230117}","{""time"": 127.50774383544922, ""val_accuracy"": 64.01788330078125, ""val_cross_entropy"": 1.0077368021011353, ""val_balanced_accuracy"": 0.34384575486183167, ""test_cross_entropy"": 1.0928900241851807, ""test_balanced_accuracy"": 0.3443117141723633}"
2026-04-15T23:14:34.088937,random,lcbench,167201,2,522,84.22895812988281,"{""OpenML_task_id"": ""168330"", ""batch_size"": 214, ""epoch"": 38, ""learning_rate"": 0.00044344118826035873, ""max_dropout"": 0.9214561045771784, ""max_units"": 936, ""momentum"": 0.7936056659622328, ""num_layers"": 1, ""weight_decay"": 0.02904796048556058}","{""time"": 84.22895812988281, ""val_accuracy"": 46.4971809387207, ""val_cross_entropy"": 1.021167278289795, ""val_balanced_accuracy"": 0.4120054244995117, ""test_cross_entropy"": 1.0903809070587158, ""test_balanced_accuracy"": 0.4067590832710266}"
2026-04-15T23:14:34.088937,random,lcbench,167201,2,523,67.02397918701172,"{""OpenML_task_id"": ""126026"", ""batch_size"": 23, ""epoch"": 31, ""learning_rate"": 0.007771214993851062, ""max_dropout"": 0.9286036560232516, ""max_units"": 997, ""momentum"": 0.9641549929925737, ""num_layers"": 1, ""weight_decay"": 0.032333431242125184}","{""time"": 67.02397918701172, ""val_accuracy"": 46.88224792480469, ""val_cross_entropy"": 1.0723237991333008, ""val_balanced_accuracy"": 0.40389320254325867, ""test_cross_entropy"": 1.0891621112823486, ""test_balanced_accuracy"": 0.40742528438568115}"
2026-04-15T23:14:34.088937,random,lcbench,167201,2,524,60.663795471191406,"{""OpenML_task_id"": ""126026"", ""batch_size"": 171, ""epoch"": 12, ""learning_rate"": 0.02587157081590569, ""max_dropout"": 0.31844431737986745, ""max_units"": 372, ""momentum"": 0.2503670369282355, ""num_layers"": 3, ""weight_decay"": 0.07934468172354642}","{""time"": 60.663795471191406, ""val_accuracy"": 50.58449172973633, ""val_cross_entropy"": 1.105813980102539, ""val_balanced_accuracy"": 0.33978864550590515, ""test_cross_entropy"": 1.113309383392334, ""test_balanced_accuracy"": 0.33852526545524597}"
2026-04-15T23:14:34.088937,random,lcbench,167201,2,525,467.0850524902344,"{""OpenML_task_id"": ""7593"", ""batch_size"": 84, ""epoch"": 41, ""learning_rate"": 0.09233936569853177, ""max_dropout"": 0.29053190456393396, ""max_units"": 402, ""momentum"": 0.6845861681033409, ""num_layers"": 4, ""weight_decay"": 0.0804153728122247}","{""time"": 467.0850524902344, ""val_accuracy"": 44.21931457519531, ""val_cross_entropy"": 1.0214622020721436, ""val_balanced_accuracy"": 0.33086755871772766, ""test_cross_entropy"": 1.1079893112182617, ""test_balanced_accuracy"": 0.3303750455379486}"
2026-04-15T23:14:34.088937,random,lcbench,167201,2,526,109.86490631103516,"{""OpenML_task_id"": ""167152"", ""batch_size"": 130, ""epoch"": 34, ""learning_rate"": 0.008885195187094573, ""max_dropout"": 0.02118473957757261, ""max_units"": 210, ""momentum"": 0.6208503165346516, ""num_layers"": 4, ""weight_decay"": 0.005279014420402512}","{""time"": 109.86490631103516, ""val_accuracy"": 62.645938873291016, ""val_cross_entropy"": 0.8746578097343445, ""val_balanced_accuracy"": 0.5519881248474121, ""test_cross_entropy"": 0.9946925640106201, ""test_balanced_accuracy"": 0.5459361672401428}"
2026-04-15T23:14:34.097437,random,lcbench,167201,2,527,108.3058853149414,"{""OpenML_task_id"": ""3945"", ""batch_size"": 92, ""epoch"": 36, ""learning_rate"": 0.007930788689453783, ""max_dropout"": 0.45374477385696876, ""max_units"": 129, ""momentum"": 0.7542323422384144, ""num_layers"": 3, ""weight_decay"": 0.07175660871022171}","{""time"": 108.3058853149414, ""val_accuracy"": 56.298736572265625, ""val_cross_entropy"": 1.0890858173370361, ""val_balanced_accuracy"": 0.33289381861686707, ""test_cross_entropy"": 1.1034029722213745, ""test_balanced_accuracy"": 0.3304922580718994}"
2026-04-15T23:14:34.097437,random,lcbench,167201,2,528,314.9734191894531,"{""OpenML_task_id"": ""189908"", ""batch_size"": 91, ""epoch"": 36, ""learning_rate"": 0.009044812567916491, ""max_dropout"": 0.8027617879161768, ""max_units"": 449, ""momentum"": 0.3264867174641023, ""num_layers"": 5, ""weight_decay"": 0.08662348509395167}","{""time"": 314.9734191894531, ""val_accuracy"": 67.2542953491211, ""val_cross_entropy"": 1.0001182556152344, ""val_balanced_accuracy"": 0.3682023584842682, ""test_cross_entropy"": 1.073272705078125, ""test_balanced_accuracy"": 0.362348735332489}"
2026-04-15T23:14:34.097437,random,lcbench,167201,2,529,53.92850112915039,"{""OpenML_task_id"": ""126025"", ""batch_size"": 199, ""epoch"": 11, ""learning_rate"": 0.0003596039578290041, ""max_dropout"": 0.32220821986117043, ""max_units"": 334, ""momentum"": 0.8777043626139122, ""num_layers"": 5, ""weight_decay"": 0.0692862000537381}","{""time"": 53.92850112915039, ""val_accuracy"": 31.681663513183594, ""val_cross_entropy"": 0.9539507031440735, ""val_balanced_accuracy"": 0.3520098924636841, ""test_cross_entropy"": 1.0966386795043945, ""test_balanced_accuracy"": 0.351650208234787}"
2026-04-15T23:14:34.097437,random,lcbench,167201,2,530,31.752235412597656,"{""OpenML_task_id"": ""3945"", ""batch_size"": 68, ""epoch"": 21, ""learning_rate"": 0.009745306424511931, ""max_dropout"": 0.061214948291895555, ""max_units"": 168, ""momentum"": 0.7541423785128849, ""num_layers"": 1, ""weight_decay"": 0.06253998525576213}","{""time"": 31.752235412597656, ""val_accuracy"": 44.75182342529297, ""val_cross_entropy"": 1.0587760210037231, ""val_balanced_accuracy"": 0.42036476731300354, ""test_cross_entropy"": 1.0948796272277832, ""test_balanced_accuracy"": 0.41951411962509155}"
2026-04-15T23:14:34.097437,random,lcbench,167201,2,531,76.53287506103516,"{""OpenML_task_id"": ""168330"", ""batch_size"": 119, ""epoch"": 7, ""learning_rate"": 0.0882111511570015, ""max_dropout"": 0.056816359312340525, ""max_units"": 933, ""momentum"": 0.979458144300913, ""num_layers"": 3, ""weight_decay"": 0.010178987961129527}","{""time"": 76.53287506103516, ""val_accuracy"": 53.663177490234375, ""val_cross_entropy"": 0.9236512184143066, ""val_balanced_accuracy"": 0.55659019947052, ""test_cross_entropy"": 1.0009145736694336, ""test_balanced_accuracy"": 0.5627280473709106}"
2026-04-15T23:14:34.097437,random,lcbench,167201,2,532,66.48292541503906,"{""OpenML_task_id"": ""168329"", ""batch_size"": 70, ""epoch"": 23, ""learning_rate"": 0.007322492347805884, ""max_dropout"": 0.8985617864053165, ""max_units"": 92, ""momentum"": 0.4088040075878352, ""num_layers"": 3, ""weight_decay"": 0.09496312960697662}","{""time"": 66.48292541503906, ""val_accuracy"": 54.85911560058594, ""val_cross_entropy"": 1.1148515939712524, ""val_balanced_accuracy"": 0.31983140110969543, ""test_cross_entropy"": 1.1058475971221924, ""test_balanced_accuracy"": 0.3165203630924225}"
2026-04-15T23:14:34.097437,random,lcbench,167201,2,533,1790.966064453125,"{""OpenML_task_id"": ""146212"", ""batch_size"": 23, ""epoch"": 48, ""learning_rate"": 0.02348203043732273, ""max_dropout"": 0.6410084739112525, ""max_units"": 876, ""momentum"": 0.33495475264306107, ""num_layers"": 4, ""weight_decay"": 0.08669423395560366}","{""time"": 1790.966064453125, ""val_accuracy"": 62.050392150878906, ""val_cross_entropy"": 1.0096089839935303, ""val_balanced_accuracy"": 0.3361337184906006, ""test_cross_entropy"": 1.1007360219955444, ""test_balanced_accuracy"": 0.33848071098327637}"
2026-04-15T23:14:34.097437,random,lcbench,167201,2,534,82.54304504394531,"{""OpenML_task_id"": ""189354"", ""batch_size"": 70, ""epoch"": 45, ""learning_rate"": 0.004035316922318175, ""max_dropout"": 0.21925641448881694, ""max_units"": 962, ""momentum"": 0.45747000703332985, ""num_layers"": 1, ""weight_decay"": 0.055455701891561834}","{""time"": 82.54304504394531, ""val_accuracy"": 44.59257507324219, ""val_cross_entropy"": 1.081497073173523, ""val_balanced_accuracy"": 0.41634315252304077, ""test_cross_entropy"": 1.0967326164245605, ""test_balanced_accuracy"": 0.4120510220527649}"
2026-04-15T23:14:34.105226,random,lcbench,167201,2,535,29.04975128173828,"{""OpenML_task_id"": ""167181"", ""batch_size"": 28, ""epoch"": 8, ""learning_rate"": 0.0005030293422307372, ""max_dropout"": 0.1312141056453372, ""max_units"": 519, ""momentum"": 0.7651146239864807, ""num_layers"": 1, ""weight_decay"": 0.07806191249269599}","{""time"": 29.04975128173828, ""val_accuracy"": 45.88190460205078, ""val_cross_entropy"": 1.0469659566879272, ""val_balanced_accuracy"": 0.4173051416873932, ""test_cross_entropy"": 1.0958584547042847, ""test_balanced_accuracy"": 0.4129841923713684}"
2026-04-15T23:14:34.106091,random,lcbench,167201,2,536,93.12149810791016,"{""OpenML_task_id"": ""3945"", ""batch_size"": 58, ""epoch"": 31, ""learning_rate"": 0.00028194526915345975, ""max_dropout"": 0.9398911463627404, ""max_units"": 74, ""momentum"": 0.28171767670188785, ""num_layers"": 4, ""weight_decay"": 0.07673148786223971}","{""time"": 93.12149810791016, ""val_accuracy"": 53.206787109375, ""val_cross_entropy"": 1.0124616622924805, ""val_balanced_accuracy"": 0.3455795347690582, ""test_cross_entropy"": 1.0981574058532715, ""test_balanced_accuracy"": 0.3455063998699188}"
2026-04-15T23:14:34.106091,random,lcbench,167201,2,537,69.01388549804688,"{""OpenML_task_id"": ""3945"", ""batch_size"": 487, ""epoch"": 19, ""learning_rate"": 0.00013432636545790695, ""max_dropout"": 0.9255185907683569, ""max_units"": 440, ""momentum"": 0.14553796634945998, ""num_layers"": 2, ""weight_decay"": 0.018525584246990724}","{""time"": 69.01388549804688, ""val_accuracy"": 37.03354263305664, ""val_cross_entropy"": 1.052260160446167, ""val_balanced_accuracy"": 0.34651482105255127, ""test_cross_entropy"": 1.1118605136871338, ""test_balanced_accuracy"": 0.3479015529155731}"
2026-04-15T23:14:34.106091,random,lcbench,167201,2,538,269.856689453125,"{""OpenML_task_id"": ""167168"", ""batch_size"": 28, ""epoch"": 40, ""learning_rate"": 0.016864403166865417, ""max_dropout"": 0.2557332374266117, ""max_units"": 836, ""momentum"": 0.7869611604497926, ""num_layers"": 3, ""weight_decay"": 0.00377992793253824}","{""time"": 269.856689453125, ""val_accuracy"": 66.3447265625, ""val_cross_entropy"": 0.681598424911499, ""val_balanced_accuracy"": 0.6388571858406067, ""test_cross_entropy"": 0.9227149486541748, ""test_balanced_accuracy"": 0.6367538571357727}"
2026-04-15T23:14:34.106091,random,lcbench,167201,2,539,48.725730895996094,"{""OpenML_task_id"": ""189906"", ""batch_size"": 281, ""epoch"": 17, ""learning_rate"": 0.002611742071019883, ""max_dropout"": 0.49945256386021186, ""max_units"": 322, ""momentum"": 0.6198999224282106, ""num_layers"": 2, ""weight_decay"": 0.02641303828126671}","{""time"": 48.725730895996094, ""val_accuracy"": 44.85728073120117, ""val_cross_entropy"": 1.035895824432373, ""val_balanced_accuracy"": 0.4215233325958252, ""test_cross_entropy"": 1.084753394126892, ""test_balanced_accuracy"": 0.4197078049182892}"
2026-04-15T23:14:34.106091,random,lcbench,167201,2,540,1194.67236328125,"{""OpenML_task_id"": ""168329"", ""batch_size"": 39, ""epoch"": 47, ""learning_rate"": 0.019714076249802016, ""max_dropout"": 0.17920082460290798, ""max_units"": 668, ""momentum"": 0.3756120600414835, ""num_layers"": 5, ""weight_decay"": 0.0755387061643018}","{""time"": 1194.67236328125, ""val_accuracy"": 68.57487487792969, ""val_cross_entropy"": 1.0370466709136963, ""val_balanced_accuracy"": 0.35293564200401306, ""test_cross_entropy"": 1.0737608671188354, ""test_balanced_accuracy"": 0.3516180217266083}"
2026-04-15T23:14:34.106091,random,lcbench,167201,2,541,31.405014038085938,"{""OpenML_task_id"": ""126029"", ""batch_size"": 253, ""epoch"": 14, ""learning_rate"": 0.010796194114634778, ""max_dropout"": 0.31161011743151046, ""max_units"": 449, ""momentum"": 0.6856595764345405, ""num_layers"": 1, ""weight_decay"": 0.049267908421681196}","{""time"": 31.405014038085938, ""val_accuracy"": 43.89645767211914, ""val_cross_entropy"": 1.085579752922058, ""val_balanced_accuracy"": 0.39879199862480164, ""test_cross_entropy"": 1.0970193147659302, ""test_balanced_accuracy"": 0.39902329444885254}"
2026-04-15T23:14:34.106091,random,lcbench,167201,2,542,125.5833740234375,"{""OpenML_task_id"": ""167200"", ""batch_size"": 19, ""epoch"": 52, ""learning_rate"": 0.001895326024920731, ""max_dropout"": 0.3062830688514616, ""max_units"": 132, ""momentum"": 0.7656065588350488, ""num_layers"": 2, ""weight_decay"": 0.013095015082484323}","{""time"": 125.5833740234375, ""val_accuracy"": 57.336578369140625, ""val_cross_entropy"": 0.9398419260978699, ""val_balanced_accuracy"": 0.4783788025379181, ""test_cross_entropy"": 1.0461279153823853, ""test_balanced_accuracy"": 0.47651469707489014}"
2026-04-15T23:14:34.113758,random,lcbench,167201,2,543,68.54953002929688,"{""OpenML_task_id"": ""189865"", ""batch_size"": 137, ""epoch"": 28, ""learning_rate"": 0.0030077717451817585, ""max_dropout"": 0.5538158434138961, ""max_units"": 103, ""momentum"": 0.323588695674375, ""num_layers"": 3, ""weight_decay"": 0.09982926286534606}","{""time"": 68.54953002929688, ""val_accuracy"": 53.37653350830078, ""val_cross_entropy"": 1.1110875606536865, ""val_balanced_accuracy"": 0.34309762716293335, ""test_cross_entropy"": 1.1100066900253296, ""test_balanced_accuracy"": 0.3400239646434784}"
2026-04-15T23:14:34.116341,random,lcbench,167201,2,544,57.65452575683594,"{""OpenML_task_id"": ""7593"", ""batch_size"": 466, ""epoch"": 21, ""learning_rate"": 0.006211291766046609, ""max_dropout"": 0.5020856121610048, ""max_units"": 78, ""momentum"": 0.3191103506647365, ""num_layers"": 4, ""weight_decay"": 0.02114916053141333}","{""time"": 57.65452575683594, ""val_accuracy"": 38.19512176513672, ""val_cross_entropy"": 1.0944405794143677, ""val_balanced_accuracy"": 0.3439789116382599, ""test_cross_entropy"": 1.1101727485656738, ""test_balanced_accuracy"": 0.3461211323738098}"
2026-04-15T23:14:34.116341,random,lcbench,167201,2,545,125.3337631225586,"{""OpenML_task_id"": ""167168"", ""batch_size"": 233, ""epoch"": 42, ""learning_rate"": 0.01662287126156128, ""max_dropout"": 0.8753569394098869, ""max_units"": 78, ""momentum"": 0.8323113758180827, ""num_layers"": 4, ""weight_decay"": 0.05988388868213341}","{""time"": 125.3337631225586, ""val_accuracy"": 48.97115707397461, ""val_cross_entropy"": 1.0680993795394897, ""val_balanced_accuracy"": 0.303752601146698, ""test_cross_entropy"": 1.113421082496643, ""test_balanced_accuracy"": 0.3031749725341797}"
2026-04-15T23:14:34.116341,random,lcbench,167201,2,546,108.4244155883789,"{""OpenML_task_id"": ""167152"", ""batch_size"": 118, ""epoch"": 47, ""learning_rate"": 0.06054460695772386, ""max_dropout"": 0.3936430185037231, ""max_units"": 102, ""momentum"": 0.3460362739265609, ""num_layers"": 5, ""weight_decay"": 0.07655680803790017}","{""time"": 108.4244155883789, ""val_accuracy"": 65.82302856445312, ""val_cross_entropy"": 0.966853141784668, ""val_balanced_accuracy"": 0.383882611989975, ""test_cross_entropy"": 1.0796219110488892, ""test_balanced_accuracy"": 0.3726534843444824}"
2026-04-15T23:14:34.116341,random,lcbench,167201,2,547,149.08438110351562,"{""OpenML_task_id"": ""167104"", ""batch_size"": 38, ""epoch"": 48, ""learning_rate"": 0.00011289851382938219, ""max_dropout"": 0.29059813069599216, ""max_units"": 174, ""momentum"": 0.6182725591326181, ""num_layers"": 2, ""weight_decay"": 0.03295598436597483}","{""time"": 149.08438110351562, ""val_accuracy"": 47.860565185546875, ""val_cross_entropy"": 1.0399670600891113, ""val_balanced_accuracy"": 0.4109286665916443, ""test_cross_entropy"": 1.0943284034729004, ""test_balanced_accuracy"": 0.4097960889339447}"
2026-04-15T23:14:34.116341,random,lcbench,167201,2,548,56.48456573486328,"{""OpenML_task_id"": ""167152"", ""batch_size"": 132, ""epoch"": 11, ""learning_rate"": 0.002919256355764994, ""max_dropout"": 0.2570921096136931, ""max_units"": 696, ""momentum"": 0.4115493844547312, ""num_layers"": 3, ""weight_decay"": 0.09834863899541924}","{""time"": 56.48456573486328, ""val_accuracy"": 49.5298957824707, ""val_cross_entropy"": 1.0794419050216675, ""val_balanced_accuracy"": 0.3679138123989105, ""test_cross_entropy"": 1.1129179000854492, ""test_balanced_accuracy"": 0.3679482042789459}"
2026-04-15T23:14:34.116341,random,lcbench,167201,2,549,160.32659912109375,"{""OpenML_task_id"": ""167104"", ""batch_size"": 503, ""epoch"": 34, ""learning_rate"": 0.02592013050293017, ""max_dropout"": 0.4903426308146255, ""max_units"": 477, ""momentum"": 0.6140366870271199, ""num_layers"": 3, ""weight_decay"": 0.022017454790823756}","{""time"": 160.32659912109375, ""val_accuracy"": 48.16937255859375, ""val_cross_entropy"": 0.9671603441238403, ""val_balanced_accuracy"": 0.4268110990524292, ""test_cross_entropy"": 1.0842167139053345, ""test_balanced_accuracy"": 0.42157962918281555}"
2026-04-15T23:14:34.122430,random,lcbench,167201,2,550,26.79210662841797,"{""OpenML_task_id"": ""167152"", ""batch_size"": 19, ""epoch"": 8, ""learning_rate"": 0.02387888881231347, ""max_dropout"": 0.06439132989440122, ""max_units"": 180, ""momentum"": 0.5744226919521678, ""num_layers"": 2, ""weight_decay"": 0.032726242307343355}","{""time"": 26.79210662841797, ""val_accuracy"": 56.40288543701172, ""val_cross_entropy"": 1.0146996974945068, ""val_balanced_accuracy"": 0.44531163573265076, ""test_cross_entropy"": 1.0624704360961914, ""test_balanced_accuracy"": 0.44819432497024536}"
2026-04-15T23:14:34.122430,random,lcbench,167201,2,551,55.295082092285156,"{""OpenML_task_id"": ""189906"", ""batch_size"": 39, ""epoch"": 14, ""learning_rate"": 0.0013374878976808607, ""max_dropout"": 0.581442539018126, ""max_units"": 322, ""momentum"": 0.15885067959642157, ""num_layers"": 2, ""weight_decay"": 0.008395990055216516}","{""time"": 55.295082092285156, ""val_accuracy"": 49.76094055175781, ""val_cross_entropy"": 0.9999188780784607, ""val_balanced_accuracy"": 0.4241185188293457, ""test_cross_entropy"": 1.068681240081787, ""test_balanced_accuracy"": 0.42391473054885864}"
2026-04-15T23:14:34.122430,random,lcbench,167201,2,552,68.68339538574219,"{""OpenML_task_id"": ""168331"", ""batch_size"": 122, ""epoch"": 20, ""learning_rate"": 0.0005289444490684504, ""max_dropout"": 0.37887083775241903, ""max_units"": 654, ""momentum"": 0.9211210525889035, ""num_layers"": 2, ""weight_decay"": 0.06055296750060175}","{""time"": 68.68339538574219, ""val_accuracy"": 47.710723876953125, ""val_cross_entropy"": 1.0149884223937988, ""val_balanced_accuracy"": 0.4421893358230591, ""test_cross_entropy"": 1.0849734544754028, ""test_balanced_accuracy"": 0.43934860825538635}"
2026-04-15T23:14:34.122430,random,lcbench,167201,2,553,58.676673889160156,"{""OpenML_task_id"": ""167184"", ""batch_size"": 215, ""epoch"": 14, ""learning_rate"": 0.0010048180099259613, ""max_dropout"": 0.7171699651378208, ""max_units"": 561, ""momentum"": 0.42342056146541307, ""num_layers"": 3, ""weight_decay"": 0.08122936762853863}","{""time"": 58.676673889160156, ""val_accuracy"": 44.679412841796875, ""val_cross_entropy"": 1.0631351470947266, ""val_balanced_accuracy"": 0.37674570083618164, ""test_cross_entropy"": 1.1066691875457764, ""test_balanced_accuracy"": 0.37688368558883667}"
2026-04-15T23:14:34.122430,random,lcbench,167201,2,554,36.75001907348633,"{""OpenML_task_id"": ""189865"", ""batch_size"": 21, ""epoch"": 19, ""learning_rate"": 0.008425740487685034, ""max_dropout"": 0.5723454526124223, ""max_units"": 65, ""momentum"": 0.6665841042193534, ""num_layers"": 5, ""weight_decay"": 0.01990007916757174}","{""time"": 36.75001907348633, ""val_accuracy"": 67.73369598388672, ""val_cross_entropy"": 0.9157243967056274, ""val_balanced_accuracy"": 0.34376707673072815, ""test_cross_entropy"": 1.072912573814392, ""test_balanced_accuracy"": 0.343597948551178}"
2026-04-15T23:14:34.122430,random,lcbench,167201,2,555,60.53550338745117,"{""OpenML_task_id"": ""168330"", ""batch_size"": 113, ""epoch"": 14, ""learning_rate"": 0.0017966131947326884, ""max_dropout"": 0.906179474011064, ""max_units"": 859, ""momentum"": 0.1315980263746369, ""num_layers"": 2, ""weight_decay"": 0.016473551442996476}","{""time"": 60.53550338745117, ""val_accuracy"": 45.13155746459961, ""val_cross_entropy"": 0.9771485328674316, ""val_balanced_accuracy"": 0.4317153990268707, ""test_cross_entropy"": 1.0837136507034302, ""test_balanced_accuracy"": 0.4260343611240387}"
2026-04-15T23:14:34.130295,random,lcbench,167201,2,556,29.026046752929688,"{""OpenML_task_id"": ""126025"", ""batch_size"": 326, ""epoch"": 7, ""learning_rate"": 0.003548337109957943, ""max_dropout"": 0.9233409999527311, ""max_units"": 191, ""momentum"": 0.19527125460273229, ""num_layers"": 5, ""weight_decay"": 0.045736177733745415}","{""time"": 29.026046752929688, ""val_accuracy"": 29.540584564208984, ""val_cross_entropy"": 0.9919078350067139, ""val_balanced_accuracy"": 0.3466106653213501, ""test_cross_entropy"": 1.0934003591537476, ""test_balanced_accuracy"": 0.3399293124675751}"
2026-04-15T23:14:34.130295,random,lcbench,167201,2,557,89.9128189086914,"{""OpenML_task_id"": ""167190"", ""batch_size"": 309, ""epoch"": 25, ""learning_rate"": 0.00026314212327470984, ""max_dropout"": 0.19132343902131022, ""max_units"": 196, ""momentum"": 0.7522733504417305, ""num_layers"": 3, ""weight_decay"": 0.0706981065675031}","{""time"": 89.9128189086914, ""val_accuracy"": 40.196231842041016, ""val_cross_entropy"": 1.1239416599273682, ""val_balanced_accuracy"": 0.35353729128837585, ""test_cross_entropy"": 1.117677927017212, ""test_balanced_accuracy"": 0.35644811391830444}"
2026-04-15T23:14:34.130295,random,lcbench,167201,2,558,29.748382568359375,"{""OpenML_task_id"": ""167184"", ""batch_size"": 61, ""epoch"": 10, ""learning_rate"": 0.0010532525723178534, ""max_dropout"": 0.7231495569543342, ""max_units"": 188, ""momentum"": 0.39020879383790197, ""num_layers"": 2, ""weight_decay"": 0.04349001266596325}","{""time"": 29.748382568359375, ""val_accuracy"": 45.66277313232422, ""val_cross_entropy"": 1.0399012565612793, ""val_balanced_accuracy"": 0.40326738357543945, ""test_cross_entropy"": 1.0960988998413086, ""test_balanced_accuracy"": 0.4003887176513672}"
2026-04-15T23:14:34.130295,random,lcbench,167201,2,559,44.78495788574219,"{""OpenML_task_id"": ""168335"", ""batch_size"": 340, ""epoch"": 28, ""learning_rate"": 0.02013590706526661, ""max_dropout"": 0.7577821475349918, ""max_units"": 71, ""momentum"": 0.6564946018824027, ""num_layers"": 1, ""weight_decay"": 0.006457390055118507}","{""time"": 44.78495788574219, ""val_accuracy"": 43.99460983276367, ""val_cross_entropy"": 1.0804479122161865, ""val_balanced_accuracy"": 0.40466275811195374, ""test_cross_entropy"": 1.0836936235427856, ""test_balanced_accuracy"": 0.406521737575531}"
2026-04-15T23:14:34.130295,random,lcbench,167201,2,560,43.12693405151367,"{""OpenML_task_id"": ""34539"", ""batch_size"": 132, ""epoch"": 13, ""learning_rate"": 0.0017723085975952996, ""max_dropout"": 0.9059237412314153, ""max_units"": 939, ""momentum"": 0.7612600364289026, ""num_layers"": 1, ""weight_decay"": 0.07811536005737411}","{""time"": 43.12693405151367, ""val_accuracy"": 43.37073516845703, ""val_cross_entropy"": 1.0344632863998413, ""val_balanced_accuracy"": 0.40025049448013306, ""test_cross_entropy"": 1.105515718460083, ""test_balanced_accuracy"": 0.39435043931007385}"
2026-04-15T23:14:34.130295,random,lcbench,167201,2,561,88.56575775146484,"{""OpenML_task_id"": ""189908"", ""batch_size"": 211, ""epoch"": 12, ""learning_rate"": 0.006811668693686351, ""max_dropout"": 0.00038988199938216894, ""max_units"": 772, ""momentum"": 0.5874555797750313, ""num_layers"": 4, ""weight_decay"": 0.047610890813411584}","{""time"": 88.56575775146484, ""val_accuracy"": 53.24292755126953, ""val_cross_entropy"": 1.048115849494934, ""val_balanced_accuracy"": 0.33461514115333557, ""test_cross_entropy"": 1.1131224632263184, ""test_balanced_accuracy"": 0.3374943733215332}"
2026-04-15T23:14:34.138970,random,lcbench,167201,2,562,88.64105987548828,"{""OpenML_task_id"": ""126029"", ""batch_size"": 500, ""epoch"": 16, ""learning_rate"": 0.04449807357394447, ""max_dropout"": 0.13705478404156968, ""max_units"": 862, ""momentum"": 0.810279373933909, ""num_layers"": 2, ""weight_decay"": 0.05190981052023278}","{""time"": 88.64105987548828, ""val_accuracy"": 50.8454704284668, ""val_cross_entropy"": 1.0386661291122437, ""val_balanced_accuracy"": 0.45519766211509705, ""test_cross_entropy"": 1.0816035270690918, ""test_balanced_accuracy"": 0.45170438289642334}"
2026-04-15T23:14:34.138970,random,lcbench,167201,2,563,148.8124542236328,"{""OpenML_task_id"": ""189908"", ""batch_size"": 34, ""epoch"": 49, ""learning_rate"": 0.00016206414291388964, ""max_dropout"": 0.9797431073377506, ""max_units"": 216, ""momentum"": 0.6455366995498194, ""num_layers"": 2, ""weight_decay"": 0.086600378348509}","{""time"": 148.8124542236328, ""val_accuracy"": 53.99171447753906, ""val_cross_entropy"": 1.0233951807022095, ""val_balanced_accuracy"": 0.39024782180786133, ""test_cross_entropy"": 1.098254680633545, ""test_balanced_accuracy"": 0.3890935778617859}"
2026-04-15T23:14:34.138970,random,lcbench,167201,2,564,188.29689025878906,"{""OpenML_task_id"": ""126025"", ""batch_size"": 45, ""epoch"": 41, ""learning_rate"": 0.0014528598579466234, ""max_dropout"": 0.2851411010282231, ""max_units"": 121, ""momentum"": 0.34569758464191513, ""num_layers"": 5, ""weight_decay"": 0.07771341684037764}","{""time"": 188.29689025878906, ""val_accuracy"": 76.82160949707031, ""val_cross_entropy"": 0.96036696434021, ""val_balanced_accuracy"": 0.3793031573295593, ""test_cross_entropy"": 1.0546668767929077, ""test_balanced_accuracy"": 0.37556692957878113}"
2026-04-15T23:14:34.138970,random,lcbench,167201,2,565,72.5865249633789,"{""OpenML_task_id"": ""189873"", ""batch_size"": 442, ""epoch"": 19, ""learning_rate"": 0.003212028882891985, ""max_dropout"": 0.6722928810060218, ""max_units"": 117, ""momentum"": 0.7675828604811847, ""num_layers"": 4, ""weight_decay"": 0.04150735356881379}","{""time"": 72.5865249633789, ""val_accuracy"": 40.25984191894531, ""val_cross_entropy"": 1.074547529220581, ""val_balanced_accuracy"": 0.33769848942756653, ""test_cross_entropy"": 1.1088802814483643, ""test_balanced_accuracy"": 0.34037891030311584}"
2026-04-15T23:14:34.138970,random,lcbench,167201,2,566,133.7242889404297,"{""OpenML_task_id"": ""189866"", ""batch_size"": 156, ""epoch"": 26, ""learning_rate"": 0.03878367435530546, ""max_dropout"": 0.38685299343922197, ""max_units"": 360, ""momentum"": 0.6876594131740494, ""num_layers"": 4, ""weight_decay"": 0.018280994837529665}","{""time"": 133.7242889404297, ""val_accuracy"": 52.24628829956055, ""val_cross_entropy"": 0.994780957698822, ""val_balanced_accuracy"": 0.41148945689201355, ""test_cross_entropy"": 1.0650660991668701, ""test_balanced_accuracy"": 0.4111936688423157}"
2026-04-15T23:14:34.138970,random,lcbench,167201,2,567,97.56149291992188,"{""OpenML_task_id"": ""168910"", ""batch_size"": 98, ""epoch"": 39, ""learning_rate"": 0.05618623444965713, ""max_dropout"": 0.5781563683442399, ""max_units"": 360, ""momentum"": 0.9485968046553547, ""num_layers"": 2, ""weight_decay"": 0.04945485485295754}","{""time"": 97.56149291992188, ""val_accuracy"": 48.100242614746094, ""val_cross_entropy"": 1.0183517932891846, ""val_balanced_accuracy"": 0.43348032236099243, ""test_cross_entropy"": 1.0898303985595703, ""test_balanced_accuracy"": 0.4347745180130005}"
2026-04-15T23:14:34.138970,random,lcbench,167201,2,568,540.0744018554688,"{""OpenML_task_id"": ""34539"", ""batch_size"": 26, ""epoch"": 31, ""learning_rate"": 0.08194297588838752, ""max_dropout"": 0.10290794056276265, ""max_units"": 464, ""momentum"": 0.5124367930209908, ""num_layers"": 4, ""weight_decay"": 0.07207307422535106}","{""time"": 540.0744018554688, ""val_accuracy"": 49.54189682006836, ""val_cross_entropy"": 1.0479154586791992, ""val_balanced_accuracy"": 0.31243446469306946, ""test_cross_entropy"": 1.117375373840332, ""test_balanced_accuracy"": 0.31366804242134094}"
2026-04-15T23:14:34.138970,random,lcbench,167201,2,569,54.87534713745117,"{""OpenML_task_id"": ""167181"", ""batch_size"": 275, ""epoch"": 40, ""learning_rate"": 0.0030650894022864047, ""max_dropout"": 0.10145607471562124, ""max_units"": 106, ""momentum"": 0.6016728976904375, ""num_layers"": 1, ""weight_decay"": 0.0804008025953098}","{""time"": 54.87534713745117, ""val_accuracy"": 45.11701202392578, ""val_cross_entropy"": 1.0815690755844116, ""val_balanced_accuracy"": 0.4120533764362335, ""test_cross_entropy"": 1.0979607105255127, ""test_balanced_accuracy"": 0.40909090638160706}"
2026-04-15T23:14:34.146832,random,lcbench,167201,2,570,151.80917358398438,"{""OpenML_task_id"": ""167185"", ""batch_size"": 278, ""epoch"": 38, ""learning_rate"": 0.0005408187559206264, ""max_dropout"": 0.438968534066281, ""max_units"": 329, ""momentum"": 0.873940230848389, ""num_layers"": 3, ""weight_decay"": 0.026015957691356728}","{""time"": 151.80917358398438, ""val_accuracy"": 47.631980895996094, ""val_cross_entropy"": 1.0217941999435425, ""val_balanced_accuracy"": 0.3985326886177063, ""test_cross_entropy"": 1.0980068445205688, ""test_balanced_accuracy"": 0.39603739976882935}"
2026-04-15T23:14:34.146832,random,lcbench,167201,2,571,12.14876937866211,"{""OpenML_task_id"": ""189905"", ""batch_size"": 148, ""epoch"": 3, ""learning_rate"": 0.001181185539253319, ""max_dropout"": 0.8345203578555384, ""max_units"": 125, ""momentum"": 0.1820456800390604, ""num_layers"": 2, ""weight_decay"": 0.09980657319184666}","{""time"": 12.14876937866211, ""val_accuracy"": 38.6328239440918, ""val_cross_entropy"": 1.0720762014389038, ""val_balanced_accuracy"": 0.36236947774887085, ""test_cross_entropy"": 1.1103167533874512, ""test_balanced_accuracy"": 0.36071309447288513}"
2026-04-15T23:14:34.146832,random,lcbench,167201,2,572,16.064441680908203,"{""OpenML_task_id"": ""7593"", ""batch_size"": 63, ""epoch"": 3, ""learning_rate"": 0.001071187344555602, ""max_dropout"": 0.03783890735182105, ""max_units"": 679, ""momentum"": 0.48437453092052307, ""num_layers"": 2, ""weight_decay"": 0.09466341228098199}","{""time"": 16.064441680908203, ""val_accuracy"": 43.46464538574219, ""val_cross_entropy"": 1.0932403802871704, ""val_balanced_accuracy"": 0.4020102322101593, ""test_cross_entropy"": 1.1002554893493652, ""test_balanced_accuracy"": 0.39963337779045105}"
2026-04-15T23:14:34.146832,random,lcbench,167201,2,573,17.484012603759766,"{""OpenML_task_id"": ""189862"", ""batch_size"": 33, ""epoch"": 2, ""learning_rate"": 0.0008545451044856369, ""max_dropout"": 0.7541598056066708, ""max_units"": 493, ""momentum"": 0.9262357608551092, ""num_layers"": 5, ""weight_decay"": 0.07740376465008594}","{""time"": 17.484012603759766, ""val_accuracy"": 44.93888854980469, ""val_cross_entropy"": 0.900482177734375, ""val_balanced_accuracy"": 0.363619863986969, ""test_cross_entropy"": 1.0648481845855713, ""test_balanced_accuracy"": 0.3589293956756592}"
2026-04-15T23:14:34.146832,random,lcbench,167201,2,574,108.54434204101562,"{""OpenML_task_id"": ""189909"", ""batch_size"": 348, ""epoch"": 48, ""learning_rate"": 0.009783715366846874, ""max_dropout"": 0.5589851329726684, ""max_units"": 85, ""momentum"": 0.4340634506455099, ""num_layers"": 3, ""weight_decay"": 0.06305386098583009}","{""time"": 108.54434204101562, ""val_accuracy"": 51.96473693847656, ""val_cross_entropy"": 1.0755484104156494, ""val_balanced_accuracy"": 0.36687880754470825, ""test_cross_entropy"": 1.0994963645935059, ""test_balanced_accuracy"": 0.36335986852645874}"
2026-04-15T23:14:34.146832,random,lcbench,167201,2,575,33.09092712402344,"{""OpenML_task_id"": ""189873"", ""batch_size"": 119, ""epoch"": 8, ""learning_rate"": 0.004163184463925654, ""max_dropout"": 0.25854350991146924, ""max_units"": 147, ""momentum"": 0.10307992821687616, ""num_layers"": 3, ""weight_decay"": 0.004755477279210119}","{""time"": 33.09092712402344, ""val_accuracy"": 48.28850173950195, ""val_cross_entropy"": 1.0870481729507446, ""val_balanced_accuracy"": 0.389740526676178, ""test_cross_entropy"": 1.1009210348129272, ""test_balanced_accuracy"": 0.3880404233932495}"
2026-04-15T23:14:34.146832,random,lcbench,167201,2,576,56.9307975769043,"{""OpenML_task_id"": ""167184"", ""batch_size"": 26, ""epoch"": 14, ""learning_rate"": 0.0003765197524366492, ""max_dropout"": 0.0497354216342667, ""max_units"": 159, ""momentum"": 0.35850229265388744, ""num_layers"": 3, ""weight_decay"": 0.013264663646132083}","{""time"": 56.9307975769043, ""val_accuracy"": 57.05860137939453, ""val_cross_entropy"": 1.0480306148529053, ""val_balanced_accuracy"": 0.38291221857070923, ""test_cross_entropy"": 1.0931100845336914, ""test_balanced_accuracy"": 0.38260194659233093}"
2026-04-15T23:14:34.146832,random,lcbench,167201,2,577,66.96540832519531,"{""OpenML_task_id"": ""189862"", ""batch_size"": 45, ""epoch"": 18, ""learning_rate"": 0.0008041431827330061, ""max_dropout"": 0.8313402557787276, ""max_units"": 273, ""momentum"": 0.2108914107294618, ""num_layers"": 3, ""weight_decay"": 0.015170489605085147}","{""time"": 66.96540832519531, ""val_accuracy"": 52.95509338378906, ""val_cross_entropy"": 1.0296285152435303, ""val_balanced_accuracy"": 0.3724800646305084, ""test_cross_entropy"": 1.0912047624588013, ""test_balanced_accuracy"": 0.3711376190185547}"
2026-04-15T23:14:34.146832,random,lcbench,167201,2,578,19.433483123779297,"{""OpenML_task_id"": ""146212"", ""batch_size"": 113, ""epoch"": 7, ""learning_rate"": 0.00024476234781518316, ""max_dropout"": 0.7066504256024346, ""max_units"": 221, ""momentum"": 0.5135328882112814, ""num_layers"": 1, ""weight_decay"": 0.0074492978289054535}","{""time"": 19.433483123779297, ""val_accuracy"": 42.75644302368164, ""val_cross_entropy"": 1.0088322162628174, ""val_balanced_accuracy"": 0.37106189131736755, ""test_cross_entropy"": 1.092278003692627, ""test_balanced_accuracy"": 0.3679945468902588}"
2026-04-15T23:14:34.155276,random,lcbench,167201,2,579,118.4157943725586,"{""OpenML_task_id"": ""167184"", ""batch_size"": 318, ""epoch"": 12, ""learning_rate"": 0.005250435794761917, ""max_dropout"": 0.3522982978315783, ""max_units"": 831, ""momentum"": 0.3468540259804682, ""num_layers"": 5, ""weight_decay"": 0.06303609708633659}","{""time"": 118.4157943725586, ""val_accuracy"": 45.439918518066406, ""val_cross_entropy"": 0.9646191596984863, ""val_balanced_accuracy"": 0.3478544354438782, ""test_cross_entropy"": 1.089137077331543, ""test_balanced_accuracy"": 0.34635159373283386}"
2026-04-15T23:14:34.155669,random,lcbench,167201,2,580,78.94949340820312,"{""OpenML_task_id"": ""189906"", ""batch_size"": 43, ""epoch"": 35, ""learning_rate"": 0.02298563670007893, ""max_dropout"": 0.5957653783359523, ""max_units"": 102, ""momentum"": 0.43198060501272284, ""num_layers"": 2, ""weight_decay"": 0.03494481241663791}","{""time"": 78.94949340820312, ""val_accuracy"": 53.546417236328125, ""val_cross_entropy"": 1.000700831413269, ""val_balanced_accuracy"": 0.4325321912765503, ""test_cross_entropy"": 1.0794576406478882, ""test_balanced_accuracy"": 0.4344205856323242}"
2026-04-15T23:14:34.155669,random,lcbench,167201,2,581,173.53224182128906,"{""OpenML_task_id"": ""168329"", ""batch_size"": 26, ""epoch"": 47, ""learning_rate"": 0.0002660417160417292, ""max_dropout"": 0.3983837972752785, ""max_units"": 206, ""momentum"": 0.14794020578711997, ""num_layers"": 2, ""weight_decay"": 0.06616804217764466}","{""time"": 173.53224182128906, ""val_accuracy"": 53.43846893310547, ""val_cross_entropy"": 1.008176565170288, ""val_balanced_accuracy"": 0.4016883075237274, ""test_cross_entropy"": 1.089491844177246, ""test_balanced_accuracy"": 0.40014058351516724}"
2026-04-15T23:14:34.155669,random,lcbench,167201,2,582,26.83254623413086,"{""OpenML_task_id"": ""189873"", ""batch_size"": 368, ""epoch"": 10, ""learning_rate"": 0.0005038878319837649, ""max_dropout"": 0.13921005739179348, ""max_units"": 139, ""momentum"": 0.38924142924053706, ""num_layers"": 1, ""weight_decay"": 0.09827421128193642}","{""time"": 26.83254623413086, ""val_accuracy"": 39.94188690185547, ""val_cross_entropy"": 1.0264121294021606, ""val_balanced_accuracy"": 0.3559229373931885, ""test_cross_entropy"": 1.1010099649429321, ""test_balanced_accuracy"": 0.3540568947792053}"
2026-04-15T23:14:34.155669,random,lcbench,167201,2,583,104.34419250488281,"{""OpenML_task_id"": ""189862"", ""batch_size"": 413, ""epoch"": 28, ""learning_rate"": 0.00046808181394037535, ""max_dropout"": 0.13131083760861972, ""max_units"": 266, ""momentum"": 0.3056714734302113, ""num_layers"": 4, ""weight_decay"": 0.003262131328123715}","{""time"": 104.34419250488281, ""val_accuracy"": 34.90477752685547, ""val_cross_entropy"": 1.0408589839935303, ""val_balanced_accuracy"": 0.33599206805229187, ""test_cross_entropy"": 1.0903390645980835, ""test_balanced_accuracy"": 0.34845077991485596}"
2026-04-15T23:14:34.155669,random,lcbench,167201,2,584,199.25045776367188,"{""OpenML_task_id"": ""189909"", ""batch_size"": 370, ""epoch"": 45, ""learning_rate"": 0.009026727973904216, ""max_dropout"": 0.7720635435320816, ""max_units"": 94, ""momentum"": 0.43190296091857394, ""num_layers"": 5, ""weight_decay"": 3.0730755282394304e-05}","{""time"": 199.25045776367188, ""val_accuracy"": 54.66535949707031, ""val_cross_entropy"": 0.9390722513198853, ""val_balanced_accuracy"": 0.459496408700943, ""test_cross_entropy"": 1.0670807361602783, ""test_balanced_accuracy"": 0.45695483684539795}"
2026-04-15T23:14:34.155669,random,lcbench,167201,2,585,86.5772476196289,"{""OpenML_task_id"": ""167161"", ""batch_size"": 124, ""epoch"": 31, ""learning_rate"": 0.00018766135552202297, ""max_dropout"": 0.24338566254181326, ""max_units"": 350, ""momentum"": 0.8803220479871345, ""num_layers"": 2, ""weight_decay"": 0.09638560713651532}","{""time"": 86.5772476196289, ""val_accuracy"": 46.613685607910156, ""val_cross_entropy"": 1.0587986707687378, ""val_balanced_accuracy"": 0.4242520332336426, ""test_cross_entropy"": 1.0949792861938477, ""test_balanced_accuracy"": 0.4226987957954407}"
2026-04-15T23:14:34.155669,random,lcbench,167201,2,586,43.43511199951172,"{""OpenML_task_id"": ""126029"", ""batch_size"": 105, ""epoch"": 19, ""learning_rate"": 0.016978532885501586, ""max_dropout"": 0.9418269480766746, ""max_units"": 132, ""momentum"": 0.4092673122471533, ""num_layers"": 2, ""weight_decay"": 0.04866814200919922}","{""time"": 43.43511199951172, ""val_accuracy"": 47.82935333251953, ""val_cross_entropy"": 1.0338447093963623, ""val_balanced_accuracy"": 0.40335047245025635, ""test_cross_entropy"": 1.1060338020324707, ""test_balanced_accuracy"": 0.4051060378551483}"
2026-04-15T23:14:34.163769,random,lcbench,167201,2,587,50.50507736206055,"{""OpenML_task_id"": ""168330"", ""batch_size"": 159, ""epoch"": 31, ""learning_rate"": 0.04218062337312482, ""max_dropout"": 0.20148050474392176, ""max_units"": 232, ""momentum"": 0.3078317339976965, ""num_layers"": 1, ""weight_decay"": 0.032350331280239265}","{""time"": 50.50507736206055, ""val_accuracy"": 44.22504806518555, ""val_cross_entropy"": 1.0668549537658691, ""val_balanced_accuracy"": 0.40672028064727783, ""test_cross_entropy"": 1.0927741527557373, ""test_balanced_accuracy"": 0.4128061830997467}"
2026-04-15T23:14:34.165827,random,lcbench,167201,2,588,54.72892761230469,"{""OpenML_task_id"": ""167185"", ""batch_size"": 137, ""epoch"": 21, ""learning_rate"": 0.00013684357997188867, ""max_dropout"": 0.893012610783216, ""max_units"": 68, ""momentum"": 0.6475485795795234, ""num_layers"": 3, ""weight_decay"": 0.07517763611994033}","{""time"": 54.72892761230469, ""val_accuracy"": 36.49473190307617, ""val_cross_entropy"": 1.0511102676391602, ""val_balanced_accuracy"": 0.3381425738334656, ""test_cross_entropy"": 1.1117290258407593, ""test_balanced_accuracy"": 0.3430969715118408}"
2026-04-15T23:14:34.165827,random,lcbench,167201,2,589,129.43907165527344,"{""OpenML_task_id"": ""167149"", ""batch_size"": 46, ""epoch"": 50, ""learning_rate"": 0.08183158660468244, ""max_dropout"": 0.7191221923534595, ""max_units"": 118, ""momentum"": 0.6195628068770741, ""num_layers"": 3, ""weight_decay"": 0.02920629466515464}","{""time"": 129.43907165527344, ""val_accuracy"": 55.613868713378906, ""val_cross_entropy"": 1.0245100259780884, ""val_balanced_accuracy"": 0.37399712204933167, ""test_cross_entropy"": 1.0852735042572021, ""test_balanced_accuracy"": 0.37618276476860046}"
2026-04-15T23:14:34.165827,random,lcbench,167201,2,590,141.92376708984375,"{""OpenML_task_id"": ""189909"", ""batch_size"": 30, ""epoch"": 52, ""learning_rate"": 0.004154599636572295, ""max_dropout"": 0.02662878920643852, ""max_units"": 262, ""momentum"": 0.3873532421100535, ""num_layers"": 2, ""weight_decay"": 0.01637990682964078}","{""time"": 141.92376708984375, ""val_accuracy"": 56.689449310302734, ""val_cross_entropy"": 0.9563840627670288, ""val_balanced_accuracy"": 0.47773507237434387, ""test_cross_entropy"": 1.053342342376709, ""test_balanced_accuracy"": 0.47841164469718933}"
2026-04-15T23:14:34.165827,random,lcbench,167201,2,591,47.55437469482422,"{""OpenML_task_id"": ""189862"", ""batch_size"": 393, ""epoch"": 11, ""learning_rate"": 0.08241988983447059, ""max_dropout"": 0.39062041893116206, ""max_units"": 501, ""momentum"": 0.6480660647677878, ""num_layers"": 2, ""weight_decay"": 0.08506101046952816}","{""time"": 47.55437469482422, ""val_accuracy"": 47.098876953125, ""val_cross_entropy"": 1.121575117111206, ""val_balanced_accuracy"": 0.4117226302623749, ""test_cross_entropy"": 1.1069542169570923, ""test_balanced_accuracy"": 0.4108479619026184}"
2026-04-15T23:14:34.165827,random,lcbench,167201,2,592,55.81243133544922,"{""OpenML_task_id"": ""167149"", ""batch_size"": 65, ""epoch"": 20, ""learning_rate"": 0.0006782141410186256, ""max_dropout"": 0.7102927558024773, ""max_units"": 933, ""momentum"": 0.4549126165020565, ""num_layers"": 1, ""weight_decay"": 0.08684831550367816}","{""time"": 55.81243133544922, ""val_accuracy"": 43.734745025634766, ""val_cross_entropy"": 1.0276380777359009, ""val_balanced_accuracy"": 0.40497085452079773, ""test_cross_entropy"": 1.0984506607055664, ""test_balanced_accuracy"": 0.3991329073905945}"
2026-04-15T23:14:34.165827,random,lcbench,167201,2,593,67.11601257324219,"{""OpenML_task_id"": ""189873"", ""batch_size"": 72, ""epoch"": 42, ""learning_rate"": 0.005221839733074389, ""max_dropout"": 0.9541953278410091, ""max_units"": 122, ""momentum"": 0.5516609503734944, ""num_layers"": 1, ""weight_decay"": 0.06037552546887646}","{""time"": 67.11601257324219, ""val_accuracy"": 44.85967254638672, ""val_cross_entropy"": 1.0204510688781738, ""val_balanced_accuracy"": 0.42050591111183167, ""test_cross_entropy"": 1.0854936838150024, ""test_balanced_accuracy"": 0.42464467883110046}"
2026-04-15T23:14:34.165827,random,lcbench,167201,2,594,50.70309066772461,"{""OpenML_task_id"": ""168910"", ""batch_size"": 159, ""epoch"": 15, ""learning_rate"": 0.01158187637288715, ""max_dropout"": 0.9630324850849429, ""max_units"": 303, ""momentum"": 0.11351700676500626, ""num_layers"": 2, ""weight_decay"": 0.0031379976093331425}","{""time"": 50.70309066772461, ""val_accuracy"": 50.574554443359375, ""val_cross_entropy"": 0.9967775344848633, ""val_balanced_accuracy"": 0.4456140995025635, ""test_cross_entropy"": 1.0903962850570679, ""test_balanced_accuracy"": 0.4478362798690796}"
2026-04-15T23:14:34.171999,random,lcbench,167201,2,595,20.97576904296875,"{""OpenML_task_id"": ""126025"", ""batch_size"": 26, ""epoch"": 11, ""learning_rate"": 0.02053473932680558, ""max_dropout"": 0.38954852616792623, ""max_units"": 125, ""momentum"": 0.9877200513550366, ""num_layers"": 1, ""weight_decay"": 0.025261469272980924}","{""time"": 20.97576904296875, ""val_accuracy"": 44.1468391418457, ""val_cross_entropy"": 1.136298418045044, ""val_balanced_accuracy"": 0.3920435607433319, ""test_cross_entropy"": 1.084304928779602, ""test_balanced_accuracy"": 0.3926684558391571}"
2026-04-15T23:14:34.172453,random,lcbench,167201,2,596,85.0837631225586,"{""OpenML_task_id"": ""189354"", ""batch_size"": 134, ""epoch"": 39, ""learning_rate"": 0.00012246997584303092, ""max_dropout"": 0.41668237450860657, ""max_units"": 932, ""momentum"": 0.6274851596378613, ""num_layers"": 1, ""weight_decay"": 0.06697862078768338}","{""time"": 85.0837631225586, ""val_accuracy"": 42.712913513183594, ""val_cross_entropy"": 1.0443907976150513, ""val_balanced_accuracy"": 0.3954644799232483, ""test_cross_entropy"": 1.0997989177703857, ""test_balanced_accuracy"": 0.3919747769832611}"
2026-04-15T23:14:34.172453,random,lcbench,167201,2,597,205.52975463867188,"{""OpenML_task_id"": ""189865"", ""batch_size"": 63, ""epoch"": 29, ""learning_rate"": 0.07859765869263768, ""max_dropout"": 0.6043198211187661, ""max_units"": 313, ""momentum"": 0.7023835281946144, ""num_layers"": 3, ""weight_decay"": 0.08669311365415408}","{""time"": 205.52975463867188, ""val_accuracy"": 42.207645416259766, ""val_cross_entropy"": 1.0253732204437256, ""val_balanced_accuracy"": 0.32792410254478455, ""test_cross_entropy"": 1.107515573501587, ""test_balanced_accuracy"": 0.32700657844543457}"
2026-04-15T23:14:34.172453,random,lcbench,167201,2,598,130.33013916015625,"{""OpenML_task_id"": ""167161"", ""batch_size"": 407, ""epoch"": 40, ""learning_rate"": 0.00329181125123743, ""max_dropout"": 0.21993673935448876, ""max_units"": 570, ""momentum"": 0.5264613128359668, ""num_layers"": 2, ""weight_decay"": 0.02263582314386353}","{""time"": 130.33013916015625, ""val_accuracy"": 45.72709274291992, ""val_cross_entropy"": 1.0186712741851807, ""val_balanced_accuracy"": 0.4372394382953644, ""test_cross_entropy"": 1.0799241065979004, ""test_balanced_accuracy"": 0.4337242841720581}"
2026-04-15T23:14:34.172453,random,lcbench,167201,2,599,76.01412963867188,"{""OpenML_task_id"": ""126026"", ""batch_size"": 129, ""epoch"": 48, ""learning_rate"": 0.040073670368296545, ""max_dropout"": 0.22201547852656744, ""max_units"": 586, ""momentum"": 0.3750241366553587, ""num_layers"": 1, ""weight_decay"": 0.06077872938472568}","{""time"": 76.01412963867188, ""val_accuracy"": 44.2662353515625, ""val_cross_entropy"": 1.0622236728668213, ""val_balanced_accuracy"": 0.41521546244621277, ""test_cross_entropy"": 1.1005430221557617, ""test_balanced_accuracy"": 0.42087823152542114}"
2026-04-15T23:14:34.176737,random,lcbench,167201,2,600,153.0084228515625,"{""OpenML_task_id"": ""167104"", ""batch_size"": 368, ""epoch"": 28, ""learning_rate"": 0.013912980564587089, ""max_dropout"": 0.07835834515713291, ""max_units"": 116, ""momentum"": 0.8909377926281878, ""num_layers"": 4, ""weight_decay"": 0.07761690580721642}","{""time"": 153.0084228515625, ""val_accuracy"": 49.662330627441406, ""val_cross_entropy"": 1.0622390508651733, ""val_balanced_accuracy"": 0.32064685225486755, ""test_cross_entropy"": 1.1175305843353271, ""test_balanced_accuracy"": 0.3210911750793457}"
2026-04-15T23:14:34.176737,random,lcbench,167201,2,601,62.14332580566406,"{""OpenML_task_id"": ""168330"", ""batch_size"": 140, ""epoch"": 36, ""learning_rate"": 0.01086796876727111, ""max_dropout"": 0.5270217509607804, ""max_units"": 344, ""momentum"": 0.31267456796767296, ""num_layers"": 1, ""weight_decay"": 0.026719022580367277}","{""time"": 62.14332580566406, ""val_accuracy"": 45.220481872558594, ""val_cross_entropy"": 1.0433580875396729, ""val_balanced_accuracy"": 0.4098609685897827, ""test_cross_entropy"": 1.0894086360931396, ""test_balanced_accuracy"": 0.4140418469905853}"
2026-04-15T23:14:34.180639,random,lcbench,167201,2,602,31.38549041748047,"{""OpenML_task_id"": ""189862"", ""batch_size"": 71, ""epoch"": 15, ""learning_rate"": 0.01631005693944319, ""max_dropout"": 0.5952081349872206, ""max_units"": 525, ""momentum"": 0.9613949687416364, ""num_layers"": 1, ""weight_decay"": 0.04380118103393215}","{""time"": 31.38549041748047, ""val_accuracy"": 42.88515853881836, ""val_cross_entropy"": 1.0917134284973145, ""val_balanced_accuracy"": 0.3994893431663513, ""test_cross_entropy"": 1.099295735359192, ""test_balanced_accuracy"": 0.3999444842338562}"
2026-04-15T23:14:34.180639,random,lcbench,167201,2,603,137.53956604003906,"{""OpenML_task_id"": ""167201"", ""batch_size"": 16, ""epoch"": 24, ""learning_rate"": 0.01971101622558039, ""max_dropout"": 0.7516457741317478, ""max_units"": 539, ""momentum"": 0.20531788031510578, ""num_layers"": 2, ""weight_decay"": 0.09523740180475482}","{""time"": 137.53956604003906, ""val_accuracy"": 55.86817932128906, ""val_cross_entropy"": 1.0507978200912476, ""val_balanced_accuracy"": 0.3612942397594452, ""test_cross_entropy"": 1.1081477403640747, ""test_balanced_accuracy"": 0.36370378732681274}"
2026-04-15T23:14:34.180639,random,lcbench,167201,2,604,49.26957702636719,"{""OpenML_task_id"": ""189866"", ""batch_size"": 147, ""epoch"": 34, ""learning_rate"": 0.03390854562381671, ""max_dropout"": 0.3919659114658681, ""max_units"": 180, ""momentum"": 0.6035892669418591, ""num_layers"": 1, ""weight_decay"": 0.013867091155204157}","{""time"": 49.26957702636719, ""val_accuracy"": 44.5467529296875, ""val_cross_entropy"": 1.0486276149749756, ""val_balanced_accuracy"": 0.4121060371398926, ""test_cross_entropy"": 1.0839824676513672, ""test_balanced_accuracy"": 0.4170505106449127}"
2026-04-15T23:14:34.180639,random,lcbench,167201,2,605,26.423965454101562,"{""OpenML_task_id"": ""189862"", ""batch_size"": 419, ""epoch"": 8, ""learning_rate"": 0.00011400775351810171, ""max_dropout"": 0.3964723762714688, ""max_units"": 212, ""momentum"": 0.17141344086962687, ""num_layers"": 4, ""weight_decay"": 0.010714126047708524}","{""time"": 26.423965454101562, ""val_accuracy"": 25.987857818603516, ""val_cross_entropy"": 1.0412319898605347, ""val_balanced_accuracy"": 0.32053065299987793, ""test_cross_entropy"": 1.1064668893814087, ""test_balanced_accuracy"": 0.3296077847480774}"
2026-04-15T23:14:34.180639,random,lcbench,167201,2,606,8.88431453704834,"{""OpenML_task_id"": ""168329"", ""batch_size"": 215, ""epoch"": 2, ""learning_rate"": 0.035653174432883336, ""max_dropout"": 0.5550299620991536, ""max_units"": 169, ""momentum"": 0.5143200245768417, ""num_layers"": 4, ""weight_decay"": 0.042196439249933715}","{""time"": 8.88431453704834, ""val_accuracy"": 34.553836822509766, ""val_cross_entropy"": 1.0422236919403076, ""val_balanced_accuracy"": 0.325931191444397, ""test_cross_entropy"": 1.1060490608215332, ""test_balanced_accuracy"": 0.3295336067676544}"
2026-04-15T23:14:34.180639,random,lcbench,167201,2,607,20.296661376953125,"{""OpenML_task_id"": ""189906"", ""batch_size"": 497, ""epoch"": 5, ""learning_rate"": 0.000108585566031544, ""max_dropout"": 0.5723832853243871, ""max_units"": 166, ""momentum"": 0.2703882455741381, ""num_layers"": 2, ""weight_decay"": 0.0197148182894503}","{""time"": 20.296661376953125, ""val_accuracy"": 31.60760498046875, ""val_cross_entropy"": 1.0715469121932983, ""val_balanced_accuracy"": 0.313809871673584, ""test_cross_entropy"": 1.121097445487976, ""test_balanced_accuracy"": 0.3130267560482025}"
2026-04-15T23:14:34.180639,random,lcbench,167201,2,608,20.854450225830078,"{""OpenML_task_id"": ""167190"", ""batch_size"": 142, ""epoch"": 9, ""learning_rate"": 0.00011029706538006504, ""max_dropout"": 0.9729141278385767, ""max_units"": 172, ""momentum"": 0.10049388412267622, ""num_layers"": 3, ""weight_decay"": 0.06507795198672439}","{""time"": 20.854450225830078, ""val_accuracy"": 35.865943908691406, ""val_cross_entropy"": 0.9990875720977783, ""val_balanced_accuracy"": 0.3394317030906677, ""test_cross_entropy"": 1.1010708808898926, ""test_balanced_accuracy"": 0.34193214774131775}"
2026-04-15T23:14:34.180639,random,lcbench,167201,2,609,52.43781280517578,"{""OpenML_task_id"": ""168329"", ""batch_size"": 83, ""epoch"": 23, ""learning_rate"": 0.0008948273286210971, ""max_dropout"": 0.13703907668552895, ""max_units"": 83, ""momentum"": 0.9551144267132589, ""num_layers"": 2, ""weight_decay"": 0.04715921972357438}","{""time"": 52.43781280517578, ""val_accuracy"": 50.46133804321289, ""val_cross_entropy"": 1.041219711303711, ""val_balanced_accuracy"": 0.42702609300613403, ""test_cross_entropy"": 1.0871281623840332, ""test_balanced_accuracy"": 0.4255211353302002}"
2026-04-15T23:14:34.188288,random,lcbench,167201,2,610,36.0583610534668,"{""OpenML_task_id"": ""189354"", ""batch_size"": 266, ""epoch"": 22, ""learning_rate"": 0.0031122754067341545, ""max_dropout"": 0.34567953637669013, ""max_units"": 85, ""momentum"": 0.4108426669526558, ""num_layers"": 1, ""weight_decay"": 0.041892350597056156}","{""time"": 36.0583610534668, ""val_accuracy"": 45.218326568603516, ""val_cross_entropy"": 1.040664792060852, ""val_balanced_accuracy"": 0.4044598340988159, ""test_cross_entropy"": 1.0916885137557983, ""test_balanced_accuracy"": 0.40266942977905273}"
2026-04-15T23:14:34.188288,random,lcbench,167201,2,611,58.11749267578125,"{""OpenML_task_id"": ""168868"", ""batch_size"": 40, ""epoch"": 9, ""learning_rate"": 0.050044701785572444, ""max_dropout"": 0.14538250359025962, ""max_units"": 108, ""momentum"": 0.9102310853263372, ""num_layers"": 3, ""weight_decay"": 0.08754003287370865}","{""time"": 58.11749267578125, ""val_accuracy"": 37.29795455932617, ""val_cross_entropy"": 1.0175831317901611, ""val_balanced_accuracy"": 0.3184763789176941, ""test_cross_entropy"": 1.1109055280685425, ""test_balanced_accuracy"": 0.31346946954727173}"
2026-04-15T23:14:34.188288,random,lcbench,167201,2,612,102.58576965332031,"{""OpenML_task_id"": ""7593"", ""batch_size"": 33, ""epoch"": 29, ""learning_rate"": 0.0005438254472573338, ""max_dropout"": 0.39629921207831675, ""max_units"": 361, ""momentum"": 0.38540427299789304, ""num_layers"": 2, ""weight_decay"": 0.0714328302349398}","{""time"": 102.58576965332031, ""val_accuracy"": 51.87818145751953, ""val_cross_entropy"": 1.050038456916809, ""val_balanced_accuracy"": 0.4089411199092865, ""test_cross_entropy"": 1.0906347036361694, ""test_balanced_accuracy"": 0.40734368562698364}"
2026-04-15T23:14:34.188288,random,lcbench,167201,2,613,117.27233123779297,"{""OpenML_task_id"": ""167181"", ""batch_size"": 320, ""epoch"": 38, ""learning_rate"": 0.00021594684998392765, ""max_dropout"": 0.5908349979226801, ""max_units"": 387, ""momentum"": 0.27813268676783487, ""num_layers"": 2, ""weight_decay"": 0.08103001950348625}","{""time"": 117.27233123779297, ""val_accuracy"": 39.53630447387695, ""val_cross_entropy"": 1.0545917749404907, ""val_balanced_accuracy"": 0.39381977915763855, ""test_cross_entropy"": 1.101297378540039, ""test_balanced_accuracy"": 0.39469659328460693}"
2026-04-15T23:14:34.188288,random,lcbench,167201,2,614,203.76576232910156,"{""OpenML_task_id"": ""126029"", ""batch_size"": 192, ""epoch"": 28, ""learning_rate"": 0.0007541747926041798, ""max_dropout"": 0.5837960420990117, ""max_units"": 825, ""momentum"": 0.11127674132661741, ""num_layers"": 3, ""weight_decay"": 0.006834053239701263}","{""time"": 203.76576232910156, ""val_accuracy"": 43.17891311645508, ""val_cross_entropy"": 1.0480284690856934, ""val_balanced_accuracy"": 0.39348116517066956, ""test_cross_entropy"": 1.1087279319763184, ""test_balanced_accuracy"": 0.3896386921405792}"
2026-04-15T23:14:34.188288,random,lcbench,167201,2,615,158.91818237304688,"{""OpenML_task_id"": ""168908"", ""batch_size"": 46, ""epoch"": 37, ""learning_rate"": 0.004356817524571958, ""max_dropout"": 0.8726798636905486, ""max_units"": 916, ""momentum"": 0.7837174424204025, ""num_layers"": 2, ""weight_decay"": 0.05032043705255123}","{""time"": 158.91818237304688, ""val_accuracy"": 52.73516082763672, ""val_cross_entropy"": 1.0048019886016846, ""val_balanced_accuracy"": 0.42943641543388367, ""test_cross_entropy"": 1.09910249710083, ""test_balanced_accuracy"": 0.43140506744384766}"
2026-04-15T23:14:34.188288,random,lcbench,167201,2,616,102.65548706054688,"{""OpenML_task_id"": ""34539"", ""batch_size"": 22, ""epoch"": 50, ""learning_rate"": 0.0018637615655033733, ""max_dropout"": 0.47406168616374567, ""max_units"": 305, ""momentum"": 0.12168489190576184, ""num_layers"": 1, ""weight_decay"": 0.03459280427016617}","{""time"": 102.65548706054688, ""val_accuracy"": 46.4589729309082, ""val_cross_entropy"": 1.0382304191589355, ""val_balanced_accuracy"": 0.4222846031188965, ""test_cross_entropy"": 1.0877909660339355, ""test_balanced_accuracy"": 0.4222716987133026}"
2026-04-15T23:14:34.188288,random,lcbench,167201,2,617,14.080111503601074,"{""OpenML_task_id"": ""167168"", ""batch_size"": 226, ""epoch"": 3, ""learning_rate"": 0.001429980010024509, ""max_dropout"": 0.11863938476884661, ""max_units"": 312, ""momentum"": 0.2530974247269282, ""num_layers"": 1, ""weight_decay"": 0.055526586661969475}","{""time"": 14.080111503601074, ""val_accuracy"": 41.31035614013672, ""val_cross_entropy"": 1.0553778409957886, ""val_balanced_accuracy"": 0.3663927912712097, ""test_cross_entropy"": 1.101420521736145, ""test_balanced_accuracy"": 0.3652108907699585}"
2026-04-15T23:14:34.196646,random,lcbench,167201,2,618,486.9646301269531,"{""OpenML_task_id"": ""3945"", ""batch_size"": 491, ""epoch"": 30, ""learning_rate"": 0.005098405889557039, ""max_dropout"": 0.038623267940755435, ""max_units"": 820, ""momentum"": 0.6148021846163461, ""num_layers"": 5, ""weight_decay"": 0.05889630690258134}","{""time"": 486.9646301269531, ""val_accuracy"": 50.59462356567383, ""val_cross_entropy"": 1.025465726852417, ""val_balanced_accuracy"": 0.3485950231552124, ""test_cross_entropy"": 1.1079835891723633, ""test_balanced_accuracy"": 0.3437054455280304}"
2026-04-15T23:14:34.196646,random,lcbench,167201,2,619,54.173927307128906,"{""OpenML_task_id"": ""126029"", ""batch_size"": 161, ""epoch"": 24, ""learning_rate"": 0.0003829361568597025, ""max_dropout"": 0.5884007560490496, ""max_units"": 76, ""momentum"": 0.10742165946549168, ""num_layers"": 1, ""weight_decay"": 0.005669128349080048}","{""time"": 54.173927307128906, ""val_accuracy"": 42.69605255126953, ""val_cross_entropy"": 1.0199886560440063, ""val_balanced_accuracy"": 0.3693784475326538, ""test_cross_entropy"": 1.0959936380386353, ""test_balanced_accuracy"": 0.3685944378376007}"
2026-04-15T23:14:34.196646,random,lcbench,167201,2,620,113.13214874267578,"{""OpenML_task_id"": ""168330"", ""batch_size"": 28, ""epoch"": 38, ""learning_rate"": 0.007321380611553398, ""max_dropout"": 0.8306643632938704, ""max_units"": 113, ""momentum"": 0.6834665986322725, ""num_layers"": 2, ""weight_decay"": 0.09782950541845176}","{""time"": 113.13214874267578, ""val_accuracy"": 57.656471252441406, ""val_cross_entropy"": 1.0369510650634766, ""val_balanced_accuracy"": 0.35593584179878235, ""test_cross_entropy"": 1.0897144079208374, ""test_balanced_accuracy"": 0.3550178110599518}"
2026-04-15T23:14:34.196646,random,lcbench,167201,2,621,80.12921142578125,"{""OpenML_task_id"": ""189873"", ""batch_size"": 129, ""epoch"": 37, ""learning_rate"": 0.028037865435391166, ""max_dropout"": 0.03141835380453095, ""max_units"": 80, ""momentum"": 0.6562320485112614, ""num_layers"": 2, ""weight_decay"": 0.07516543166544128}","{""time"": 80.12921142578125, ""val_accuracy"": 48.72212219238281, ""val_cross_entropy"": 1.0607911348342896, ""val_balanced_accuracy"": 0.37217968702316284, ""test_cross_entropy"": 1.1046010255813599, ""test_balanced_accuracy"": 0.3667829632759094}"
2026-04-15T23:14:34.196646,random,lcbench,167201,2,622,217.43853759765625,"{""OpenML_task_id"": ""168335"", ""batch_size"": 483, ""epoch"": 34, ""learning_rate"": 0.0005801727692850768, ""max_dropout"": 0.454309667481515, ""max_units"": 760, ""momentum"": 0.466096600902731, ""num_layers"": 3, ""weight_decay"": 0.0803961163346312}","{""time"": 217.43853759765625, ""val_accuracy"": 42.31549835205078, ""val_cross_entropy"": 1.065711259841919, ""val_balanced_accuracy"": 0.39590370655059814, ""test_cross_entropy"": 1.1071512699127197, ""test_balanced_accuracy"": 0.3972827196121216}"
2026-04-15T23:14:34.196646,random,lcbench,167201,2,623,1444.4332275390625,"{""OpenML_task_id"": ""167185"", ""batch_size"": 32, ""epoch"": 51, ""learning_rate"": 0.053224269269853505, ""max_dropout"": 0.22216365092991752, ""max_units"": 853, ""momentum"": 0.7292291079716026, ""num_layers"": 3, ""weight_decay"": 0.07954066733868641}","{""time"": 1444.4332275390625, ""val_accuracy"": 47.19401550292969, ""val_cross_entropy"": 0.95768803358078, ""val_balanced_accuracy"": 0.3377377986907959, ""test_cross_entropy"": 1.1181122064590454, ""test_balanced_accuracy"": 0.3386014401912689}"
2026-04-15T23:14:34.196646,random,lcbench,167201,2,624,19.182479858398438,"{""OpenML_task_id"": ""168868"", ""batch_size"": 46, ""epoch"": 5, ""learning_rate"": 0.001677303293046885, ""max_dropout"": 0.2307928234368719, ""max_units"": 308, ""momentum"": 0.26472687025302294, ""num_layers"": 1, ""weight_decay"": 0.0979359609237591}","{""time"": 19.182479858398438, ""val_accuracy"": 43.938507080078125, ""val_cross_entropy"": 1.026776909828186, ""val_balanced_accuracy"": 0.40735769271850586, ""test_cross_entropy"": 1.092715859413147, ""test_balanced_accuracy"": 0.4050983190536499}"
2026-04-15T23:14:34.196646,random,lcbench,167201,2,625,83.8259506225586,"{""OpenML_task_id"": ""167201"", ""batch_size"": 272, ""epoch"": 20, ""learning_rate"": 0.06511427415430802, ""max_dropout"": 0.47993038241051245, ""max_units"": 456, ""momentum"": 0.4233546288046527, ""num_layers"": 5, ""weight_decay"": 0.009812138857540053}","{""time"": 83.8259506225586, ""val_accuracy"": 60.929786682128906, ""val_cross_entropy"": 0.8347831964492798, ""val_balanced_accuracy"": 0.5150927305221558, ""test_cross_entropy"": 1.0349408388137817, ""test_balanced_accuracy"": 0.5077515840530396}"
2026-04-15T23:14:34.196646,random,lcbench,167201,2,626,94.90502166748047,"{""OpenML_task_id"": ""189354"", ""batch_size"": 138, ""epoch"": 11, ""learning_rate"": 0.01960657765124425, ""max_dropout"": 0.6681886899472405, ""max_units"": 718, ""momentum"": 0.6902251868921763, ""num_layers"": 3, ""weight_decay"": 0.09266994170747653}","{""time"": 94.90502166748047, ""val_accuracy"": 46.67133331298828, ""val_cross_entropy"": 1.0839961767196655, ""val_balanced_accuracy"": 0.32700595259666443, ""test_cross_entropy"": 1.107149362564087, ""test_balanced_accuracy"": 0.32768714427948}"
2026-04-15T23:14:34.205271,random,lcbench,167201,2,627,11.245152473449707,"{""OpenML_task_id"": ""167181"", ""batch_size"": 372, ""epoch"": 2, ""learning_rate"": 0.004152235767938648, ""max_dropout"": 0.9844784684639705, ""max_units"": 70, ""momentum"": 0.6860049495980995, ""num_layers"": 5, ""weight_decay"": 0.00017547149219309736}","{""time"": 11.245152473449707, ""val_accuracy"": 36.817813873291016, ""val_cross_entropy"": 1.009737491607666, ""val_balanced_accuracy"": 0.3499573767185211, ""test_cross_entropy"": 1.0787334442138672, ""test_balanced_accuracy"": 0.34674158692359924}"
2026-04-15T23:14:34.205271,random,lcbench,167201,2,628,2435.0693359375,"{""OpenML_task_id"": ""167184"", ""batch_size"": 25, ""epoch"": 44, ""learning_rate"": 0.048596337224032844, ""max_dropout"": 0.2779201549552345, ""max_units"": 1001, ""momentum"": 0.4474307439064855, ""num_layers"": 4, ""weight_decay"": 0.02771680112702758}","{""time"": 2435.0693359375, ""val_accuracy"": 55.33654022216797, ""val_cross_entropy"": 0.9553245902061462, ""val_balanced_accuracy"": 0.3741605281829834, ""test_cross_entropy"": 1.0760239362716675, ""test_balanced_accuracy"": 0.37874507904052734}"
2026-04-15T23:14:34.205271,random,lcbench,167201,2,629,33.98478317260742,"{""OpenML_task_id"": ""146212"", ""batch_size"": 87, ""epoch"": 18, ""learning_rate"": 0.0008662550360657014, ""max_dropout"": 0.07349063997584449, ""max_units"": 66, ""momentum"": 0.4039349003991137, ""num_layers"": 1, ""weight_decay"": 0.09090653488002785}","{""time"": 33.98478317260742, ""val_accuracy"": 44.960838317871094, ""val_cross_entropy"": 1.0314483642578125, ""val_balanced_accuracy"": 0.4249047338962555, ""test_cross_entropy"": 1.0926764011383057, ""test_balanced_accuracy"": 0.42048826813697815}"
2026-04-15T23:14:34.205271,random,lcbench,167201,2,630,232.3133544921875,"{""OpenML_task_id"": ""167184"", ""batch_size"": 38, ""epoch"": 13, ""learning_rate"": 0.012736803175688961, ""max_dropout"": 0.25678000834576986, ""max_units"": 617, ""momentum"": 0.44098575335597656, ""num_layers"": 4, ""weight_decay"": 0.08637022918978961}","{""time"": 232.3133544921875, ""val_accuracy"": 56.64848327636719, ""val_cross_entropy"": 1.036844253540039, ""val_balanced_accuracy"": 0.3265123665332794, ""test_cross_entropy"": 1.104587435722351, ""test_balanced_accuracy"": 0.3268220126628876}"
2026-04-15T23:14:34.205271,random,lcbench,167201,2,631,63.721866607666016,"{""OpenML_task_id"": ""167190"", ""batch_size"": 94, ""epoch"": 26, ""learning_rate"": 0.0028794502035920516, ""max_dropout"": 0.8662381815391543, ""max_units"": 70, ""momentum"": 0.7081123267159156, ""num_layers"": 3, ""weight_decay"": 0.08916494879231847}","{""time"": 63.721866607666016, ""val_accuracy"": 54.132362365722656, ""val_cross_entropy"": 1.08680260181427, ""val_balanced_accuracy"": 0.3283096253871918, ""test_cross_entropy"": 1.1078593730926514, ""test_balanced_accuracy"": 0.3278352916240692}"
2026-04-15T23:14:34.205271,random,lcbench,167201,2,632,51.76149368286133,"{""OpenML_task_id"": ""189862"", ""batch_size"": 17, ""epoch"": 8, ""learning_rate"": 0.0002510462596429289, ""max_dropout"": 0.5348453685999367, ""max_units"": 908, ""momentum"": 0.42263806516087254, ""num_layers"": 2, ""weight_decay"": 0.09739993197048223}","{""time"": 51.76149368286133, ""val_accuracy"": 50.967037200927734, ""val_cross_entropy"": 1.0269516706466675, ""val_balanced_accuracy"": 0.41078683733940125, ""test_cross_entropy"": 1.0847867727279663, ""test_balanced_accuracy"": 0.4071060121059418}"
2026-04-15T23:14:34.205271,random,lcbench,167201,2,633,55.29090118408203,"{""OpenML_task_id"": ""189862"", ""batch_size"": 159, ""epoch"": 25, ""learning_rate"": 0.006478777145000563, ""max_dropout"": 0.49126934159181035, ""max_units"": 109, ""momentum"": 0.25892492471512807, ""num_layers"": 4, ""weight_decay"": 0.04090871985504534}","{""time"": 55.29090118408203, ""val_accuracy"": 54.768680572509766, ""val_cross_entropy"": 1.0794203281402588, ""val_balanced_accuracy"": 0.3386072814464569, ""test_cross_entropy"": 1.1032750606536865, ""test_balanced_accuracy"": 0.33810970187187195}"
2026-04-15T23:14:34.213143,random,lcbench,167201,2,634,397.5400085449219,"{""OpenML_task_id"": ""167161"", ""batch_size"": 25, ""epoch"": 52, ""learning_rate"": 0.0001138827086701646, ""max_dropout"": 0.7985850231552472, ""max_units"": 205, ""momentum"": 0.7193383313335332, ""num_layers"": 5, ""weight_decay"": 0.09756706011115844}","{""time"": 397.5400085449219, ""val_accuracy"": 68.12316131591797, ""val_cross_entropy"": 0.9695115089416504, ""val_balanced_accuracy"": 0.37245094776153564, ""test_cross_entropy"": 1.0561373233795166, ""test_balanced_accuracy"": 0.36710911989212036}"
2026-04-15T23:14:34.213922,random,lcbench,167201,2,635,21.021785736083984,"{""OpenML_task_id"": ""34539"", ""batch_size"": 231, ""epoch"": 4, ""learning_rate"": 0.00040209540982503376, ""max_dropout"": 0.031789417416622556, ""max_units"": 864, ""momentum"": 0.2996253491335215, ""num_layers"": 1, ""weight_decay"": 0.05605256362554343}","{""time"": 21.021785736083984, ""val_accuracy"": 41.00436019897461, ""val_cross_entropy"": 1.0750110149383545, ""val_balanced_accuracy"": 0.3698980510234833, ""test_cross_entropy"": 1.1147023439407349, ""test_balanced_accuracy"": 0.3663725256919861}"
2026-04-15T23:14:34.213922,random,lcbench,167201,2,636,23.830249786376953,"{""OpenML_task_id"": ""189873"", ""batch_size"": 179, ""epoch"": 6, ""learning_rate"": 0.0031741700222264026, ""max_dropout"": 0.7068612195263435, ""max_units"": 134, ""momentum"": 0.6019039969347151, ""num_layers"": 5, ""weight_decay"": 0.09726348759563469}","{""time"": 23.830249786376953, ""val_accuracy"": 39.37593460083008, ""val_cross_entropy"": 0.9425249695777893, ""val_balanced_accuracy"": 0.36547359824180603, ""test_cross_entropy"": 1.0816013813018799, ""test_balanced_accuracy"": 0.3619425892829895}"
2026-04-15T23:14:34.213922,random,lcbench,167201,2,637,95.0625991821289,"{""OpenML_task_id"": ""189909"", ""batch_size"": 253, ""epoch"": 45, ""learning_rate"": 0.0004776117064977868, ""max_dropout"": 0.27215252692740177, ""max_units"": 856, ""momentum"": 0.4983769283326641, ""num_layers"": 1, ""weight_decay"": 0.04459059736939389}","{""time"": 95.0625991821289, ""val_accuracy"": 44.949432373046875, ""val_cross_entropy"": 1.0471036434173584, ""val_balanced_accuracy"": 0.40138500928878784, ""test_cross_entropy"": 1.1022312641143799, ""test_balanced_accuracy"": 0.39829179644584656}"
2026-04-15T23:14:34.213922,random,lcbench,167201,2,638,69.76132202148438,"{""OpenML_task_id"": ""167161"", ""batch_size"": 47, ""epoch"": 21, ""learning_rate"": 0.00020678115035888256, ""max_dropout"": 0.248247676266652, ""max_units"": 246, ""momentum"": 0.9502297070472395, ""num_layers"": 2, ""weight_decay"": 0.07624829845059555}","{""time"": 69.76132202148438, ""val_accuracy"": 52.128334045410156, ""val_cross_entropy"": 1.0436304807662964, ""val_balanced_accuracy"": 0.4161160886287689, ""test_cross_entropy"": 1.0908842086791992, ""test_balanced_accuracy"": 0.41440606117248535}"
2026-04-15T23:14:34.213922,random,lcbench,167201,2,639,110.3348388671875,"{""OpenML_task_id"": ""189862"", ""batch_size"": 86, ""epoch"": 32, ""learning_rate"": 0.0011880357181260931, ""max_dropout"": 0.8006201351964024, ""max_units"": 132, ""momentum"": 0.5349689261254316, ""num_layers"": 5, ""weight_decay"": 0.007519825774208602}","{""time"": 110.3348388671875, ""val_accuracy"": 52.090667724609375, ""val_cross_entropy"": 0.9738602638244629, ""val_balanced_accuracy"": 0.3532043397426605, ""test_cross_entropy"": 1.091194987297058, ""test_balanced_accuracy"": 0.35417237877845764}"
2026-04-15T23:14:34.213922,random,lcbench,167201,2,640,48.68389892578125,"{""OpenML_task_id"": ""168868"", ""batch_size"": 45, ""epoch"": 21, ""learning_rate"": 0.04772250734293492, ""max_dropout"": 0.3373202172000377, ""max_units"": 87, ""momentum"": 0.28112210114579983, ""num_layers"": 5, ""weight_decay"": 0.04429415514753106}","{""time"": 48.68389892578125, ""val_accuracy"": 63.60431671142578, ""val_cross_entropy"": 1.0138006210327148, ""val_balanced_accuracy"": 0.35641613602638245, ""test_cross_entropy"": 1.0862147808074951, ""test_balanced_accuracy"": 0.349682480096817}"
2026-04-15T23:14:34.213922,random,lcbench,167201,2,641,97.4234390258789,"{""OpenML_task_id"": ""7593"", ""batch_size"": 314, ""epoch"": 35, ""learning_rate"": 0.012082474427144238, ""max_dropout"": 0.13884229261332037, ""max_units"": 122, ""momentum"": 0.5567991086272792, ""num_layers"": 4, ""weight_decay"": 0.04401139007706632}","{""time"": 97.4234390258789, ""val_accuracy"": 54.417354583740234, ""val_cross_entropy"": 1.0981471538543701, ""val_balanced_accuracy"": 0.33858466148376465, ""test_cross_entropy"": 1.1097187995910645, ""test_balanced_accuracy"": 0.3368840217590332}"
2026-04-15T23:14:34.213922,random,lcbench,167201,2,642,65.75779724121094,"{""OpenML_task_id"": ""189865"", ""batch_size"": 149, ""epoch"": 26, ""learning_rate"": 0.0017390490823597496, ""max_dropout"": 0.9655236516502669, ""max_units"": 177, ""momentum"": 0.7818439748857985, ""num_layers"": 3, ""weight_decay"": 0.08341262819600985}","{""time"": 65.75779724121094, ""val_accuracy"": 52.998443603515625, ""val_cross_entropy"": 1.0754189491271973, ""val_balanced_accuracy"": 0.3434334993362427, ""test_cross_entropy"": 1.1067625284194946, ""test_balanced_accuracy"": 0.34533247351646423}"
2026-04-15T23:14:34.213922,random,lcbench,167201,2,643,77.92176818847656,"{""OpenML_task_id"": ""168330"", ""batch_size"": 259, ""epoch"": 16, ""learning_rate"": 0.037803650296012396, ""max_dropout"": 0.10134986740142204, ""max_units"": 517, ""momentum"": 0.32409599766654185, ""num_layers"": 5, ""weight_decay"": 0.013459455790185258}","{""time"": 77.92176818847656, ""val_accuracy"": 60.55348587036133, ""val_cross_entropy"": 0.8963533043861389, ""val_balanced_accuracy"": 0.47163552045822144, ""test_cross_entropy"": 1.0490405559539795, ""test_balanced_accuracy"": 0.46837958693504333}"
2026-04-15T23:14:34.221531,random,lcbench,167201,2,644,76.44223022460938,"{""OpenML_task_id"": ""3945"", ""batch_size"": 246, ""epoch"": 42, ""learning_rate"": 0.00011382839921337543, ""max_dropout"": 0.3364346270190678, ""max_units"": 381, ""momentum"": 0.8848930902153923, ""num_layers"": 1, ""weight_decay"": 0.03972234441685363}","{""time"": 76.44223022460938, ""val_accuracy"": 45.3203010559082, ""val_cross_entropy"": 1.0687519311904907, ""val_balanced_accuracy"": 0.40515318512916565, ""test_cross_entropy"": 1.1031742095947266, ""test_balanced_accuracy"": 0.4011844992637634}"
2026-04-15T23:14:34.221531,random,lcbench,167201,2,645,280.05865478515625,"{""OpenML_task_id"": ""126026"", ""batch_size"": 49, ""epoch"": 52, ""learning_rate"": 0.007348233802727506, ""max_dropout"": 0.7331820382976201, ""max_units"": 181, ""momentum"": 0.7368353809394171, ""num_layers"": 5, ""weight_decay"": 0.09505675757578282}","{""time"": 280.05865478515625, ""val_accuracy"": 69.57179260253906, ""val_cross_entropy"": 1.0382859706878662, ""val_balanced_accuracy"": 0.3648063838481903, ""test_cross_entropy"": 1.0806255340576172, ""test_balanced_accuracy"": 0.35573020577430725}"
2026-04-15T23:14:34.221531,random,lcbench,167201,2,646,14.813603401184082,"{""OpenML_task_id"": ""167181"", ""batch_size"": 44, ""epoch"": 4, ""learning_rate"": 0.01419233830372548, ""max_dropout"": 0.34480149930836923, ""max_units"": 598, ""momentum"": 0.7251921013710119, ""num_layers"": 1, ""weight_decay"": 0.02846097308450632}","{""time"": 14.813603401184082, ""val_accuracy"": 44.02802276611328, ""val_cross_entropy"": 1.0687755346298218, ""val_balanced_accuracy"": 0.40010929107666016, ""test_cross_entropy"": 1.091904878616333, ""test_balanced_accuracy"": 0.3969842791557312}"
2026-04-15T23:14:34.224103,random,lcbench,167201,2,647,96.55328369140625,"{""OpenML_task_id"": ""168335"", ""batch_size"": 201, ""epoch"": 29, ""learning_rate"": 0.010971976947509801, ""max_dropout"": 0.975609164659656, ""max_units"": 264, ""momentum"": 0.23471560109689676, ""num_layers"": 5, ""weight_decay"": 0.010830822151149642}","{""time"": 96.55328369140625, ""val_accuracy"": 52.27709197998047, ""val_cross_entropy"": 1.0591316223144531, ""val_balanced_accuracy"": 0.34356844425201416, ""test_cross_entropy"": 1.099743366241455, ""test_balanced_accuracy"": 0.3396758735179901}"
2026-04-15T23:14:34.224103,random,lcbench,167201,2,648,330.20660400390625,"{""OpenML_task_id"": ""189873"", ""batch_size"": 27, ""epoch"": 22, ""learning_rate"": 0.0009534052952978061, ""max_dropout"": 0.16777870500199987, ""max_units"": 964, ""momentum"": 0.13114863950054342, ""num_layers"": 4, ""weight_decay"": 0.06691916524168139}","{""time"": 330.20660400390625, ""val_accuracy"": 61.620262145996094, ""val_cross_entropy"": 1.0353891849517822, ""val_balanced_accuracy"": 0.33963117003440857, ""test_cross_entropy"": 1.1089743375778198, ""test_balanced_accuracy"": 0.33940258622169495}"
2026-04-15T23:14:34.224103,random,lcbench,167201,2,649,24.367122650146484,"{""OpenML_task_id"": ""34539"", ""batch_size"": 215, ""epoch"": 7, ""learning_rate"": 0.0003976626294210867, ""max_dropout"": 0.5531979552762565, ""max_units"": 85, ""momentum"": 0.9441399657862769, ""num_layers"": 2, ""weight_decay"": 0.08129926899218005}","{""time"": 24.367122650146484, ""val_accuracy"": 41.43954086303711, ""val_cross_entropy"": 1.047326683998108, ""val_balanced_accuracy"": 0.3928137719631195, ""test_cross_entropy"": 1.1093047857284546, ""test_balanced_accuracy"": 0.38980594277381897}"
2026-04-15T23:14:34.224103,random,lcbench,167201,2,650,31.405014038085938,"{""OpenML_task_id"": ""3945"", ""batch_size"": 121, ""epoch"": 5, ""learning_rate"": 0.029001546358757083, ""max_dropout"": 0.30264279984194353, ""max_units"": 149, ""momentum"": 0.6471252932780004, ""num_layers"": 3, ""weight_decay"": 0.09693327196414771}","{""time"": 31.405014038085938, ""val_accuracy"": 43.22678756713867, ""val_cross_entropy"": 1.108067512512207, ""val_balanced_accuracy"": 0.3167111873626709, ""test_cross_entropy"": 1.1171287298202515, ""test_balanced_accuracy"": 0.3157804608345032}"
2026-04-15T23:14:34.224103,random,lcbench,167201,2,651,48.42452621459961,"{""OpenML_task_id"": ""168910"", ""batch_size"": 42, ""epoch"": 18, ""learning_rate"": 0.0013070831508709602, ""max_dropout"": 0.4855558943782754, ""max_units"": 144, ""momentum"": 0.6163133988164876, ""num_layers"": 5, ""weight_decay"": 0.012703464365127702}","{""time"": 48.42452621459961, ""val_accuracy"": 65.38956451416016, ""val_cross_entropy"": 0.9010586142539978, ""val_balanced_accuracy"": 0.3672918975353241, ""test_cross_entropy"": 1.064759373664856, ""test_balanced_accuracy"": 0.3672134578227997}"
2026-04-15T23:14:34.229775,random,lcbench,167201,2,652,41.1021614074707,"{""OpenML_task_id"": ""167104"", ""batch_size"": 57, ""epoch"": 19, ""learning_rate"": 0.014756122415627756, ""max_dropout"": 0.8548836757663292, ""max_units"": 210, ""momentum"": 0.37069801920276135, ""num_layers"": 1, ""weight_decay"": 0.08423616001193446}","{""time"": 41.1021614074707, ""val_accuracy"": 43.02033615112305, ""val_cross_entropy"": 1.0161516666412354, ""val_balanced_accuracy"": 0.40809959173202515, ""test_cross_entropy"": 1.0862138271331787, ""test_balanced_accuracy"": 0.4121398329734802}"
2026-04-15T23:14:34.230245,random,lcbench,167201,2,653,64.54600524902344,"{""OpenML_task_id"": ""189909"", ""batch_size"": 305, ""epoch"": 45, ""learning_rate"": 0.008351570704630471, ""max_dropout"": 0.023404002472631413, ""max_units"": 434, ""momentum"": 0.8212890554785381, ""num_layers"": 1, ""weight_decay"": 0.004092248440297338}","{""time"": 64.54600524902344, ""val_accuracy"": 47.50568389892578, ""val_cross_entropy"": 1.0446672439575195, ""val_balanced_accuracy"": 0.42875710129737854, ""test_cross_entropy"": 1.0825484991073608, ""test_balanced_accuracy"": 0.42981255054473877}"
2026-04-15T23:14:34.230245,random,lcbench,167201,2,654,97.15570068359375,"{""OpenML_task_id"": ""168335"", ""batch_size"": 157, ""epoch"": 23, ""learning_rate"": 0.00595098834226624, ""max_dropout"": 0.49206052352199325, ""max_units"": 487, ""momentum"": 0.7622146243675603, ""num_layers"": 3, ""weight_decay"": 0.029664757345599094}","{""time"": 97.15570068359375, ""val_accuracy"": 49.17689514160156, ""val_cross_entropy"": 1.0574874877929688, ""val_balanced_accuracy"": 0.4003123342990875, ""test_cross_entropy"": 1.09219491481781, ""test_balanced_accuracy"": 0.4000116288661957}"
2026-04-15T23:14:34.230245,random,lcbench,167201,2,655,37.628536224365234,"{""OpenML_task_id"": ""146212"", ""batch_size"": 181, ""epoch"": 8, ""learning_rate"": 0.012257281954862222, ""max_dropout"": 0.08661972811420482, ""max_units"": 267, ""momentum"": 0.7060358263344799, ""num_layers"": 5, ""weight_decay"": 0.07985427337810183}","{""time"": 37.628536224365234, ""val_accuracy"": 49.506473541259766, ""val_cross_entropy"": 0.9199272394180298, ""val_balanced_accuracy"": 0.3662530481815338, ""test_cross_entropy"": 1.0844762325286865, ""test_balanced_accuracy"": 0.36806613206863403}"
2026-04-15T23:14:34.230245,random,lcbench,167201,2,656,48.22093200683594,"{""OpenML_task_id"": ""167185"", ""batch_size"": 415, ""epoch"": 24, ""learning_rate"": 0.09202076628024171, ""max_dropout"": 0.46732455088699076, ""max_units"": 69, ""momentum"": 0.9115671123995807, ""num_layers"": 2, ""weight_decay"": 0.00550286311752341}","{""time"": 48.22093200683594, ""val_accuracy"": 53.5073127746582, ""val_cross_entropy"": 0.8662017583847046, ""val_balanced_accuracy"": 0.5537787079811096, ""test_cross_entropy"": 1.0247600078582764, ""test_balanced_accuracy"": 0.5518417954444885}"
2026-04-15T23:14:34.230245,random,lcbench,167201,2,657,108.71725463867188,"{""OpenML_task_id"": ""168868"", ""batch_size"": 432, ""epoch"": 46, ""learning_rate"": 0.00020652148274602125, ""max_dropout"": 0.10616898773900663, ""max_units"": 149, ""momentum"": 0.426715846486876, ""num_layers"": 2, ""weight_decay"": 0.05598528916451277}","{""time"": 108.71725463867188, ""val_accuracy"": 35.58011245727539, ""val_cross_entropy"": 1.0805517435073853, ""val_balanced_accuracy"": 0.36431893706321716, ""test_cross_entropy"": 1.1147346496582031, ""test_balanced_accuracy"": 0.36622023582458496}"
2026-04-15T23:14:34.230245,random,lcbench,167201,2,658,86.64418029785156,"{""OpenML_task_id"": ""167200"", ""batch_size"": 261, ""epoch"": 32, ""learning_rate"": 0.00014845419331209955, ""max_dropout"": 0.6982643703951479, ""max_units"": 75, ""momentum"": 0.6173386202314314, ""num_layers"": 3, ""weight_decay"": 0.04407028727994578}","{""time"": 86.64418029785156, ""val_accuracy"": 31.672178268432617, ""val_cross_entropy"": 1.0842499732971191, ""val_balanced_accuracy"": 0.3302616477012634, ""test_cross_entropy"": 1.116501808166504, ""test_balanced_accuracy"": 0.33602476119995117}"
2026-04-15T23:14:34.230245,random,lcbench,167201,2,659,32.48293685913086,"{""OpenML_task_id"": ""167149"", ""batch_size"": 59, ""epoch"": 11, ""learning_rate"": 0.06069460825376983, ""max_dropout"": 0.9163917246239999, ""max_units"": 272, ""momentum"": 0.6637442855186305, ""num_layers"": 4, ""weight_decay"": 0.007333660224358239}","{""time"": 32.48293685913086, ""val_accuracy"": 42.827369689941406, ""val_cross_entropy"": 1.0971369743347168, ""val_balanced_accuracy"": 0.3785760700702667, ""test_cross_entropy"": 1.0811214447021484, ""test_balanced_accuracy"": 0.37572169303894043}"
2026-04-15T23:14:34.230245,random,lcbench,167201,2,660,76.22469329833984,"{""OpenML_task_id"": ""189866"", ""batch_size"": 54, ""epoch"": 31, ""learning_rate"": 0.01100101597237101, ""max_dropout"": 0.14402702314968174, ""max_units"": 116, ""momentum"": 0.4468844929483018, ""num_layers"": 2, ""weight_decay"": 0.049880745653783184}","{""time"": 76.22469329833984, ""val_accuracy"": 53.15302658081055, ""val_cross_entropy"": 1.027775764465332, ""val_balanced_accuracy"": 0.4153762459754944, ""test_cross_entropy"": 1.092481255531311, ""test_balanced_accuracy"": 0.4163876175880432}"
2026-04-15T23:14:34.238506,random,lcbench,167201,2,661,31.332500457763672,"{""OpenML_task_id"": ""168329"", ""batch_size"": 235, ""epoch"": 6, ""learning_rate"": 0.001002691682789851, ""max_dropout"": 0.8941287761375636, ""max_units"": 414, ""momentum"": 0.364101285753215, ""num_layers"": 3, ""weight_decay"": 0.009005327512112424}","{""time"": 31.332500457763672, ""val_accuracy"": 39.334800720214844, ""val_cross_entropy"": 1.058640480041504, ""val_balanced_accuracy"": 0.3629615902900696, ""test_cross_entropy"": 1.106377124786377, ""test_balanced_accuracy"": 0.3624289333820343}"
2026-04-15T23:14:34.238506,random,lcbench,167201,2,662,169.41297912597656,"{""OpenML_task_id"": ""146212"", ""batch_size"": 287, ""epoch"": 27, ""learning_rate"": 0.003224295563252671, ""max_dropout"": 0.16557546938943568, ""max_units"": 521, ""momentum"": 0.35773208153424596, ""num_layers"": 4, ""weight_decay"": 0.09555693343935123}","{""time"": 169.41297912597656, ""val_accuracy"": 53.81107711791992, ""val_cross_entropy"": 1.081313133239746, ""val_balanced_accuracy"": 0.34117773175239563, ""test_cross_entropy"": 1.1108460426330566, ""test_balanced_accuracy"": 0.3412584364414215}"
2026-04-15T23:14:34.238506,random,lcbench,167201,2,663,69.38760375976562,"{""OpenML_task_id"": ""167104"", ""batch_size"": 153, ""epoch"": 39, ""learning_rate"": 0.00027501149266966497, ""max_dropout"": 0.45264430764650687, ""max_units"": 180, ""momentum"": 0.24715510133328195, ""num_layers"": 1, ""weight_decay"": 0.05035959774076774}","{""time"": 69.38760375976562, ""val_accuracy"": 41.358524322509766, ""val_cross_entropy"": 1.0290993452072144, ""val_balanced_accuracy"": 0.37557265162467957, ""test_cross_entropy"": 1.0944346189498901, ""test_balanced_accuracy"": 0.3748684227466583}"
2026-04-15T23:14:34.238506,random,lcbench,167201,2,664,831.580078125,"{""OpenML_task_id"": ""146212"", ""batch_size"": 422, ""epoch"": 46, ""learning_rate"": 0.0013858392535463409, ""max_dropout"": 0.9876406369257721, ""max_units"": 990, ""momentum"": 0.573769036828708, ""num_layers"": 5, ""weight_decay"": 0.06430089460308036}","{""time"": 831.580078125, ""val_accuracy"": 29.88167381286621, ""val_cross_entropy"": 1.1191006898880005, ""val_balanced_accuracy"": 0.30692368745803833, ""test_cross_entropy"": 1.1223506927490234, ""test_balanced_accuracy"": 0.3010297119617462}"
2026-04-15T23:14:34.238506,random,lcbench,167201,2,665,60.85065460205078,"{""OpenML_task_id"": ""167149"", ""batch_size"": 39, ""epoch"": 8, ""learning_rate"": 0.0017908071593801948, ""max_dropout"": 0.9233568735888548, ""max_units"": 956, ""momentum"": 0.538354730080049, ""num_layers"": 3, ""weight_decay"": 0.029954609973488224}","{""time"": 60.85065460205078, ""val_accuracy"": 50.121673583984375, ""val_cross_entropy"": 1.0722005367279053, ""val_balanced_accuracy"": 0.3783854842185974, ""test_cross_entropy"": 1.1035988330841064, ""test_balanced_accuracy"": 0.3787580728530884}"
2026-04-15T23:14:34.238506,random,lcbench,167201,2,666,751.9781494140625,"{""OpenML_task_id"": ""167149"", ""batch_size"": 18, ""epoch"": 35, ""learning_rate"": 0.050321891646588464, ""max_dropout"": 0.765231052896392, ""max_units"": 631, ""momentum"": 0.507764005455241, ""num_layers"": 4, ""weight_decay"": 0.09569023467018141}","{""time"": 751.9781494140625, ""val_accuracy"": 53.15829849243164, ""val_cross_entropy"": 0.9809547066688538, ""val_balanced_accuracy"": 0.3323754668235779, ""test_cross_entropy"": 1.113885760307312, ""test_balanced_accuracy"": 0.3329299986362457}"
2026-04-15T23:14:34.238506,random,lcbench,167201,2,667,86.71529388427734,"{""OpenML_task_id"": ""167181"", ""batch_size"": 31, ""epoch"": 12, ""learning_rate"": 0.01743689207844508, ""max_dropout"": 0.0002854325475687425, ""max_units"": 276, ""momentum"": 0.4133841853377358, ""num_layers"": 3, ""weight_decay"": 0.0996220581006907}","{""time"": 86.71529388427734, ""val_accuracy"": 56.49741744995117, ""val_cross_entropy"": 1.0625134706497192, ""val_balanced_accuracy"": 0.31740179657936096, ""test_cross_entropy"": 1.1107163429260254, ""test_balanced_accuracy"": 0.31546199321746826}"
2026-04-15T23:14:34.238506,random,lcbench,167201,2,668,32.971004486083984,"{""OpenML_task_id"": ""167190"", ""batch_size"": 197, ""epoch"": 6, ""learning_rate"": 0.001186253311721771, ""max_dropout"": 0.7687640198651043, ""max_units"": 694, ""momentum"": 0.6928413325587819, ""num_layers"": 3, ""weight_decay"": 0.022097834857706326}","{""time"": 32.971004486083984, ""val_accuracy"": 43.28660583496094, ""val_cross_entropy"": 1.0876133441925049, ""val_balanced_accuracy"": 0.3867916166782379, ""test_cross_entropy"": 1.109792709350586, ""test_balanced_accuracy"": 0.38446882367134094}"
2026-04-15T23:14:34.238506,random,lcbench,167201,2,669,66.72416687011719,"{""OpenML_task_id"": ""167168"", ""batch_size"": 18, ""epoch"": 20, ""learning_rate"": 0.0002724841518515898, ""max_dropout"": 0.3140878842399534, ""max_units"": 69, ""momentum"": 0.3786690779030759, ""num_layers"": 4, ""weight_decay"": 0.03625322853147697}","{""time"": 66.72416687011719, ""val_accuracy"": 62.75751876831055, ""val_cross_entropy"": 1.013204574584961, ""val_balanced_accuracy"": 0.33761993050575256, ""test_cross_entropy"": 1.098078727722168, ""test_balanced_accuracy"": 0.34136325120925903}"
2026-04-15T23:14:34.246335,random,lcbench,167201,2,670,215.8892822265625,"{""OpenML_task_id"": ""167161"", ""batch_size"": 30, ""epoch"": 50, ""learning_rate"": 0.00032283495652097075, ""max_dropout"": 0.6178976811989079, ""max_units"": 147, ""momentum"": 0.9570364208956226, ""num_layers"": 3, ""weight_decay"": 0.07679557991783854}","{""time"": 215.8892822265625, ""val_accuracy"": 64.9834976196289, ""val_cross_entropy"": 1.0705769062042236, ""val_balanced_accuracy"": 0.3380078077316284, ""test_cross_entropy"": 1.0976194143295288, ""test_balanced_accuracy"": 0.3391359746456146}"
2026-04-15T23:14:34.246335,random,lcbench,167201,2,671,13.956003189086914,"{""OpenML_task_id"": ""189906"", ""batch_size"": 64, ""epoch"": 4, ""learning_rate"": 0.001989805194117763, ""max_dropout"": 0.012365399823320411, ""max_units"": 167, ""momentum"": 0.1370960963207516, ""num_layers"": 1, ""weight_decay"": 0.08982032133666334}","{""time"": 13.956003189086914, ""val_accuracy"": 43.649078369140625, ""val_cross_entropy"": 1.026357650756836, ""val_balanced_accuracy"": 0.4040796756744385, ""test_cross_entropy"": 1.0888530015945435, ""test_balanced_accuracy"": 0.4018331468105316}"
2026-04-15T23:14:34.246335,random,lcbench,167201,2,672,48.87633514404297,"{""OpenML_task_id"": ""189862"", ""batch_size"": 26, ""epoch"": 21, ""learning_rate"": 0.007108295660455253, ""max_dropout"": 0.9235777013219615, ""max_units"": 643, ""momentum"": 0.9254613489765806, ""num_layers"": 1, ""weight_decay"": 0.09880243978371722}","{""time"": 48.87633514404297, ""val_accuracy"": 45.39850997924805, ""val_cross_entropy"": 1.0453485250473022, ""val_balanced_accuracy"": 0.39339110255241394, ""test_cross_entropy"": 1.0951685905456543, ""test_balanced_accuracy"": 0.3975396752357483}"
2026-04-15T23:14:34.246335,random,lcbench,167201,2,673,58.21928787231445,"{""OpenML_task_id"": ""7593"", ""batch_size"": 84, ""epoch"": 31, ""learning_rate"": 0.005541217702557194, ""max_dropout"": 0.5078388122475713, ""max_units"": 377, ""momentum"": 0.35813664512174814, ""num_layers"": 1, ""weight_decay"": 0.061808097109633225}","{""time"": 58.21928787231445, ""val_accuracy"": 44.39822769165039, ""val_cross_entropy"": 1.0400338172912598, ""val_balanced_accuracy"": 0.41607800126075745, ""test_cross_entropy"": 1.0919898748397827, ""test_balanced_accuracy"": 0.41779810190200806}"
2026-04-15T23:14:34.246335,random,lcbench,167201,2,674,77.71956634521484,"{""OpenML_task_id"": ""168335"", ""batch_size"": 121, ""epoch"": 23, ""learning_rate"": 0.0003454834992008853, ""max_dropout"": 0.022624468236998818, ""max_units"": 447, ""momentum"": 0.5683947216029881, ""num_layers"": 2, ""weight_decay"": 0.006814539466294447}","{""time"": 77.71956634521484, ""val_accuracy"": 43.75727462768555, ""val_cross_entropy"": 1.0874921083450317, ""val_balanced_accuracy"": 0.41322529315948486, ""test_cross_entropy"": 1.0778937339782715, ""test_balanced_accuracy"": 0.4117061495780945}"
2026-04-15T23:14:34.246335,random,lcbench,167201,2,675,46.03440475463867,"{""OpenML_task_id"": ""126029"", ""batch_size"": 359, ""epoch"": 26, ""learning_rate"": 0.02169943215521348, ""max_dropout"": 0.945062303044885, ""max_units"": 690, ""momentum"": 0.9119993966884659, ""num_layers"": 1, ""weight_decay"": 0.019406652796951085}","{""time"": 46.03440475463867, ""val_accuracy"": 45.18487548828125, ""val_cross_entropy"": 1.057723879814148, ""val_balanced_accuracy"": 0.4020393490791321, ""test_cross_entropy"": 1.0850486755371094, ""test_balanced_accuracy"": 0.4014815092086792}"
2026-04-15T23:14:34.246335,random,lcbench,167201,2,676,82.89862823486328,"{""OpenML_task_id"": ""126025"", ""batch_size"": 32, ""epoch"": 27, ""learning_rate"": 0.0007822320651226921, ""max_dropout"": 0.6288141747258436, ""max_units"": 82, ""momentum"": 0.2711600739795763, ""num_layers"": 4, ""weight_decay"": 0.04413426784323117}","{""time"": 82.89862823486328, ""val_accuracy"": 65.6694107055664, ""val_cross_entropy"": 1.0003268718719482, ""val_balanced_accuracy"": 0.345472127199173, ""test_cross_entropy"": 1.0919196605682373, ""test_balanced_accuracy"": 0.34671247005462646}"
2026-04-15T23:14:34.246335,random,lcbench,167201,2,677,40.198543548583984,"{""OpenML_task_id"": ""168868"", ""batch_size"": 61, ""epoch"": 24, ""learning_rate"": 0.0020891593979581414, ""max_dropout"": 0.9559687183737624, ""max_units"": 346, ""momentum"": 0.9132557624429211, ""num_layers"": 1, ""weight_decay"": 0.017467070118087527}","{""time"": 40.198543548583984, ""val_accuracy"": 45.818763732910156, ""val_cross_entropy"": 1.0079094171524048, ""val_balanced_accuracy"": 0.4315573275089264, ""test_cross_entropy"": 1.0838805437088013, ""test_balanced_accuracy"": 0.42995110154151917}"
2026-04-15T23:14:34.246335,random,lcbench,167201,2,678,33.753299713134766,"{""OpenML_task_id"": ""189909"", ""batch_size"": 97, ""epoch"": 8, ""learning_rate"": 0.00047376482520727203, ""max_dropout"": 0.7652576985726395, ""max_units"": 803, ""momentum"": 0.16496430253478353, ""num_layers"": 1, ""weight_decay"": 0.005922502534711331}","{""time"": 33.753299713134766, ""val_accuracy"": 43.604976654052734, ""val_cross_entropy"": 1.0102019309997559, ""val_balanced_accuracy"": 0.383154034614563, ""test_cross_entropy"": 1.0951197147369385, ""test_balanced_accuracy"": 0.37847137451171875}"
2026-04-15T23:14:34.254657,random,lcbench,167201,2,679,33.184356689453125,"{""OpenML_task_id"": ""167181"", ""batch_size"": 406, ""epoch"": 8, ""learning_rate"": 0.030616717529293062, ""max_dropout"": 0.25195700709445223, ""max_units"": 988, ""momentum"": 0.878098999408551, ""num_layers"": 1, ""weight_decay"": 0.07691424238857866}","{""time"": 33.184356689453125, ""val_accuracy"": 42.85000228881836, ""val_cross_entropy"": 1.1367567777633667, ""val_balanced_accuracy"": 0.37882453203201294, ""test_cross_entropy"": 1.1048990488052368, ""test_balanced_accuracy"": 0.3762078583240509}"
2026-04-15T23:14:34.254657,random,lcbench,167201,2,680,101.23173522949219,"{""OpenML_task_id"": ""189905"", ""batch_size"": 83, ""epoch"": 44, ""learning_rate"": 0.04808239503739369, ""max_dropout"": 0.029047897606491402, ""max_units"": 75, ""momentum"": 0.30686373379262954, ""num_layers"": 3, ""weight_decay"": 0.020110595615285595}","{""time"": 101.23173522949219, ""val_accuracy"": 59.20980453491211, ""val_cross_entropy"": 0.9729292392730713, ""val_balanced_accuracy"": 0.44981035590171814, ""test_cross_entropy"": 1.0414385795593262, ""test_balanced_accuracy"": 0.44625458121299744}"
2026-04-15T23:14:34.254657,random,lcbench,167201,2,681,50.32658386230469,"{""OpenML_task_id"": ""189906"", ""batch_size"": 35, ""epoch"": 13, ""learning_rate"": 0.0009991241340572387, ""max_dropout"": 0.2956502901678989, ""max_units"": 210, ""momentum"": 0.9283363687443411, ""num_layers"": 2, ""weight_decay"": 0.09454570106468262}","{""time"": 50.32658386230469, ""val_accuracy"": 53.93572235107422, ""val_cross_entropy"": 1.0842962265014648, ""val_balanced_accuracy"": 0.38700562715530396, ""test_cross_entropy"": 1.1039910316467285, ""test_balanced_accuracy"": 0.38521093130111694}"
2026-04-15T23:14:34.254657,random,lcbench,167201,2,682,23.225048065185547,"{""OpenML_task_id"": ""126025"", ""batch_size"": 157, ""epoch"": 5, ""learning_rate"": 0.0004016079791054752, ""max_dropout"": 0.14069639923850386, ""max_units"": 346, ""momentum"": 0.985398834130207, ""num_layers"": 5, ""weight_decay"": 0.0557701208147787}","{""time"": 23.225048065185547, ""val_accuracy"": 33.495967864990234, ""val_cross_entropy"": 0.9428835511207581, ""val_balanced_accuracy"": 0.35536468029022217, ""test_cross_entropy"": 1.0955919027328491, ""test_balanced_accuracy"": 0.35542160272598267}"
2026-04-15T23:14:34.254657,random,lcbench,167201,2,683,468.67193603515625,"{""OpenML_task_id"": ""167104"", ""batch_size"": 391, ""epoch"": 46, ""learning_rate"": 0.0016088821643301036, ""max_dropout"": 0.955973841652331, ""max_units"": 631, ""momentum"": 0.4228678635222466, ""num_layers"": 5, ""weight_decay"": 0.05129605602500543}","{""time"": 468.67193603515625, ""val_accuracy"": 29.773466110229492, ""val_cross_entropy"": 1.0908162593841553, ""val_balanced_accuracy"": 0.3142740726470947, ""test_cross_entropy"": 1.1046159267425537, ""test_balanced_accuracy"": 0.30993035435676575}"
2026-04-15T23:14:34.254657,random,lcbench,167201,2,684,95.7486801147461,"{""OpenML_task_id"": ""189873"", ""batch_size"": 25, ""epoch"": 26, ""learning_rate"": 0.0008623192300689354, ""max_dropout"": 0.08080103050161958, ""max_units"": 175, ""momentum"": 0.9492531580322009, ""num_layers"": 3, ""weight_decay"": 0.021070694442436675}","{""time"": 95.7486801147461, ""val_accuracy"": 63.018768310546875, ""val_cross_entropy"": 0.9819186329841614, ""val_balanced_accuracy"": 0.4547967314720154, ""test_cross_entropy"": 1.0455485582351685, ""test_balanced_accuracy"": 0.45349910855293274}"
2026-04-15T23:14:34.254657,random,lcbench,167201,2,685,71.20320892333984,"{""OpenML_task_id"": ""167200"", ""batch_size"": 115, ""epoch"": 23, ""learning_rate"": 0.00040856404778658983, ""max_dropout"": 0.7813099245880829, ""max_units"": 109, ""momentum"": 0.23177280415028484, ""num_layers"": 4, ""weight_decay"": 0.01883072092300192}","{""time"": 71.20320892333984, ""val_accuracy"": 37.37849807739258, ""val_cross_entropy"": 1.0570333003997803, ""val_balanced_accuracy"": 0.33604782819747925, ""test_cross_entropy"": 1.1078230142593384, ""test_balanced_accuracy"": 0.3403555452823639}"
2026-04-15T23:14:34.254657,random,lcbench,167201,2,686,181.85862731933594,"{""OpenML_task_id"": ""167184"", ""batch_size"": 85, ""epoch"": 52, ""learning_rate"": 0.0002624521375265481, ""max_dropout"": 0.21544129204505957, ""max_units"": 81, ""momentum"": 0.7950584245211283, ""num_layers"": 4, ""weight_decay"": 0.05348849659520986}","{""time"": 181.85862731933594, ""val_accuracy"": 52.874755859375, ""val_cross_entropy"": 1.0476267337799072, ""val_balanced_accuracy"": 0.3352399170398712, ""test_cross_entropy"": 1.1084487438201904, ""test_balanced_accuracy"": 0.34095656871795654}"
2026-04-15T23:14:34.254657,random,lcbench,167201,2,687,293.05511474609375,"{""OpenML_task_id"": ""189862"", ""batch_size"": 401, ""epoch"": 39, ""learning_rate"": 0.00017151010090353852, ""max_dropout"": 0.24429937312930228, ""max_units"": 533, ""momentum"": 0.8548904671233665, ""num_layers"": 4, ""weight_decay"": 0.048882784106389736}","{""time"": 293.05511474609375, ""val_accuracy"": 37.440860748291016, ""val_cross_entropy"": 1.0660319328308105, ""val_balanced_accuracy"": 0.3429229259490967, ""test_cross_entropy"": 1.1288608312606812, ""test_balanced_accuracy"": 0.34693145751953125}"
2026-04-15T23:14:34.263437,random,lcbench,167201,2,688,32.89988708496094,"{""OpenML_task_id"": ""34539"", ""batch_size"": 123, ""epoch"": 13, ""learning_rate"": 0.0005501076797095966, ""max_dropout"": 0.29766751490570753, ""max_units"": 425, ""momentum"": 0.9431010462557737, ""num_layers"": 1, ""weight_decay"": 0.04475553731170229}","{""time"": 32.89988708496094, ""val_accuracy"": 44.566471099853516, ""val_cross_entropy"": 1.0695050954818726, ""val_balanced_accuracy"": 0.4085848033428192, ""test_cross_entropy"": 1.100785732269287, ""test_balanced_accuracy"": 0.40602192282676697}"
2026-04-15T23:14:34.263437,random,lcbench,167201,2,689,27.004066467285156,"{""OpenML_task_id"": ""168335"", ""batch_size"": 24, ""epoch"": 8, ""learning_rate"": 0.00397407158617382, ""max_dropout"": 0.6804408509988246, ""max_units"": 74, ""momentum"": 0.7884860434913117, ""num_layers"": 4, ""weight_decay"": 0.006409337446261189}","{""time"": 27.004066467285156, ""val_accuracy"": 56.24335479736328, ""val_cross_entropy"": 1.0307475328445435, ""val_balanced_accuracy"": 0.3667123019695282, ""test_cross_entropy"": 1.0887722969055176, ""test_balanced_accuracy"": 0.3686746060848236}"
2026-04-15T23:14:34.263437,random,lcbench,167201,2,690,277.9028015136719,"{""OpenML_task_id"": ""167161"", ""batch_size"": 44, ""epoch"": 35, ""learning_rate"": 0.0095634359625002, ""max_dropout"": 0.48091927493417475, ""max_units"": 401, ""momentum"": 0.3483593745297438, ""num_layers"": 4, ""weight_decay"": 0.08012575495383722}","{""time"": 277.9028015136719, ""val_accuracy"": 65.13550567626953, ""val_cross_entropy"": 1.0527862310409546, ""val_balanced_accuracy"": 0.3373868763446808, ""test_cross_entropy"": 1.097681999206543, ""test_balanced_accuracy"": 0.3353230357170105}"
2026-04-15T23:14:34.263437,random,lcbench,167201,2,691,256.8226013183594,"{""OpenML_task_id"": ""189354"", ""batch_size"": 307, ""epoch"": 26, ""learning_rate"": 0.0022350233787913373, ""max_dropout"": 0.31233465861397713, ""max_units"": 892, ""momentum"": 0.7795506157036123, ""num_layers"": 4, ""weight_decay"": 0.08493345517088516}","{""time"": 256.8226013183594, ""val_accuracy"": 54.392555236816406, ""val_cross_entropy"": 1.040771722793579, ""val_balanced_accuracy"": 0.34402090311050415, ""test_cross_entropy"": 1.1121301651000977, ""test_balanced_accuracy"": 0.34275031089782715}"
2026-04-15T23:14:34.263437,random,lcbench,167201,2,692,53.701202392578125,"{""OpenML_task_id"": ""126026"", ""batch_size"": 23, ""epoch"": 12, ""learning_rate"": 0.0026017233005618365, ""max_dropout"": 0.5649301513212268, ""max_units"": 182, ""momentum"": 0.10709017588433709, ""num_layers"": 3, ""weight_decay"": 0.08530171017616839}","{""time"": 53.701202392578125, ""val_accuracy"": 62.18285369873047, ""val_cross_entropy"": 1.0824249982833862, ""val_balanced_accuracy"": 0.3376656472682953, ""test_cross_entropy"": 1.0932670831680298, ""test_balanced_accuracy"": 0.3336343467235565}"
2026-04-15T23:14:34.263437,random,lcbench,167201,2,693,53.016517639160156,"{""OpenML_task_id"": ""189908"", ""batch_size"": 427, ""epoch"": 15, ""learning_rate"": 0.0028604216901113575, ""max_dropout"": 0.9878118296367945, ""max_units"": 227, ""momentum"": 0.39414393782939616, ""num_layers"": 3, ""weight_decay"": 0.023031188603210295}","{""time"": 53.016517639160156, ""val_accuracy"": 41.428001403808594, ""val_cross_entropy"": 1.0761176347732544, ""val_balanced_accuracy"": 0.3696533143520355, ""test_cross_entropy"": 1.1042720079421997, ""test_balanced_accuracy"": 0.3696279525756836}"
2026-04-15T23:14:34.263437,random,lcbench,167201,2,694,168.4005889892578,"{""OpenML_task_id"": ""126025"", ""batch_size"": 290, ""epoch"": 33, ""learning_rate"": 0.0007788067561893249, ""max_dropout"": 0.3315009409279168, ""max_units"": 165, ""momentum"": 0.7304168887752909, ""num_layers"": 5, ""weight_decay"": 0.06925752132783473}","{""time"": 168.4005889892578, ""val_accuracy"": 36.008174896240234, ""val_cross_entropy"": 0.973095715045929, ""val_balanced_accuracy"": 0.35360878705978394, ""test_cross_entropy"": 1.092984914779663, ""test_balanced_accuracy"": 0.3544582724571228}"
2026-04-15T23:14:34.271190,random,lcbench,167201,2,695,137.9718475341797,"{""OpenML_task_id"": ""126029"", ""batch_size"": 48, ""epoch"": 48, ""learning_rate"": 0.004948817318003786, ""max_dropout"": 0.14197756423141394, ""max_units"": 127, ""momentum"": 0.307230898821493, ""num_layers"": 2, ""weight_decay"": 0.09491799124871933}","{""time"": 137.9718475341797, ""val_accuracy"": 55.13920593261719, ""val_cross_entropy"": 1.0662928819656372, ""val_balanced_accuracy"": 0.3597429394721985, ""test_cross_entropy"": 1.115465760231018, ""test_balanced_accuracy"": 0.3550442159175873}"
2026-04-15T23:14:34.271190,random,lcbench,167201,2,696,71.69963836669922,"{""OpenML_task_id"": ""146212"", ""batch_size"": 27, ""epoch"": 37, ""learning_rate"": 0.0020561159892900508, ""max_dropout"": 0.4269509786347897, ""max_units"": 545, ""momentum"": 0.6406558891302666, ""num_layers"": 1, ""weight_decay"": 0.0720020141510663}","{""time"": 71.69963836669922, ""val_accuracy"": 46.32014846801758, ""val_cross_entropy"": 1.0571011304855347, ""val_balanced_accuracy"": 0.4122239649295807, ""test_cross_entropy"": 1.0940829515457153, ""test_balanced_accuracy"": 0.4101620614528656}"
2026-04-15T23:14:34.271190,random,lcbench,167201,2,697,45.40549850463867,"{""OpenML_task_id"": ""168908"", ""batch_size"": 377, ""epoch"": 16, ""learning_rate"": 0.006570953347404777, ""max_dropout"": 0.22973894831899078, ""max_units"": 278, ""momentum"": 0.941306278650411, ""num_layers"": 2, ""weight_decay"": 0.03126079414545923}","{""time"": 45.40549850463867, ""val_accuracy"": 47.30423355102539, ""val_cross_entropy"": 1.0266104936599731, ""val_balanced_accuracy"": 0.4427049458026886, ""test_cross_entropy"": 1.082378625869751, ""test_balanced_accuracy"": 0.44016221165657043}"
2026-04-15T23:14:34.273757,random,lcbench,167201,2,698,111.0334701538086,"{""OpenML_task_id"": ""167149"", ""batch_size"": 268, ""epoch"": 22, ""learning_rate"": 0.056505668222409156, ""max_dropout"": 0.17470702709068098, ""max_units"": 212, ""momentum"": 0.4947637019968659, ""num_layers"": 3, ""weight_decay"": 0.09175606891741943}","{""time"": 111.0334701538086, ""val_accuracy"": 49.856895446777344, ""val_cross_entropy"": 1.1195034980773926, ""val_balanced_accuracy"": 0.32539886236190796, ""test_cross_entropy"": 1.1077399253845215, ""test_balanced_accuracy"": 0.32028988003730774}"
2026-04-15T23:14:34.273757,random,lcbench,167201,2,699,87.93685150146484,"{""OpenML_task_id"": ""189873"", ""batch_size"": 18, ""epoch"": 41, ""learning_rate"": 0.0010289310802181107, ""max_dropout"": 0.03543675853615791, ""max_units"": 351, ""momentum"": 0.4394971433509277, ""num_layers"": 1, ""weight_decay"": 0.06138043647269202}","{""time"": 87.93685150146484, ""val_accuracy"": 48.759403228759766, ""val_cross_entropy"": 1.0635297298431396, ""val_balanced_accuracy"": 0.42360517382621765, ""test_cross_entropy"": 1.094494104385376, ""test_balanced_accuracy"": 0.41985753178596497}"
2026-04-15T23:14:34.273757,random,lcbench,167201,2,700,90.72858428955078,"{""OpenML_task_id"": ""126026"", ""batch_size"": 30, ""epoch"": 48, ""learning_rate"": 0.0028143370164903135, ""max_dropout"": 0.4783838348199756, ""max_units"": 307, ""momentum"": 0.26196973892591113, ""num_layers"": 1, ""weight_decay"": 0.062313356136818744}","{""time"": 90.72858428955078, ""val_accuracy"": 46.519981384277344, ""val_cross_entropy"": 1.0418044328689575, ""val_balanced_accuracy"": 0.42280200123786926, ""test_cross_entropy"": 1.0898743867874146, ""test_balanced_accuracy"": 0.42316263914108276}"
2026-04-15T23:14:34.273757,random,lcbench,167201,2,701,64.52368927001953,"{""OpenML_task_id"": ""189354"", ""batch_size"": 110, ""epoch"": 39, ""learning_rate"": 0.003708969224705593, ""max_dropout"": 0.2287999542727387, ""max_units"": 852, ""momentum"": 0.9341512619598255, ""num_layers"": 1, ""weight_decay"": 0.07930291156849524}","{""time"": 64.52368927001953, ""val_accuracy"": 45.47113037109375, ""val_cross_entropy"": 1.0821876525878906, ""val_balanced_accuracy"": 0.4187203347682953, ""test_cross_entropy"": 1.1038262844085693, ""test_balanced_accuracy"": 0.4158455431461334}"
2026-04-15T23:14:34.276928,random,lcbench,167201,2,702,122.3175277709961,"{""OpenML_task_id"": ""189873"", ""batch_size"": 24, ""epoch"": 25, ""learning_rate"": 0.006428792512015845, ""max_dropout"": 0.17915667761399579, ""max_units"": 139, ""momentum"": 0.4702306734342194, ""num_layers"": 5, ""weight_decay"": 0.08829646612564016}","{""time"": 122.3175277709961, ""val_accuracy"": 72.6017074584961, ""val_cross_entropy"": 0.987804651260376, ""val_balanced_accuracy"": 0.36692920327186584, ""test_cross_entropy"": 1.0652883052825928, ""test_balanced_accuracy"": 0.35984039306640625}"
2026-04-15T23:14:34.276928,random,lcbench,167201,2,703,107.47199249267578,"{""OpenML_task_id"": ""167152"", ""batch_size"": 70, ""epoch"": 35, ""learning_rate"": 0.006221027575873025, ""max_dropout"": 0.18037188226711431, ""max_units"": 126, ""momentum"": 0.6628964947790252, ""num_layers"": 5, ""weight_decay"": 0.062787749159682}","{""time"": 107.47199249267578, ""val_accuracy"": 69.74437713623047, ""val_cross_entropy"": 0.9652870893478394, ""val_balanced_accuracy"": 0.37415623664855957, ""test_cross_entropy"": 1.0708725452423096, ""test_balanced_accuracy"": 0.371891587972641}"
2026-04-15T23:14:34.279742,random,lcbench,167201,2,704,119.26084899902344,"{""OpenML_task_id"": ""167201"", ""batch_size"": 418, ""epoch"": 19, ""learning_rate"": 0.009901706996489294, ""max_dropout"": 0.38195213047728993, ""max_units"": 674, ""momentum"": 0.8582191218640259, ""num_layers"": 3, ""weight_decay"": 0.07858977775402018}","{""time"": 119.26084899902344, ""val_accuracy"": 51.27818298339844, ""val_cross_entropy"": 1.0449539422988892, ""val_balanced_accuracy"": 0.3791201710700989, ""test_cross_entropy"": 1.0998913049697876, ""test_balanced_accuracy"": 0.3747154474258423}"
2026-04-15T23:14:34.279742,random,lcbench,167201,2,705,66.19287109375,"{""OpenML_task_id"": ""167185"", ""batch_size"": 24, ""epoch"": 13, ""learning_rate"": 0.00019092300638517997, ""max_dropout"": 0.22368947601005362, ""max_units"": 278, ""momentum"": 0.8821681210961706, ""num_layers"": 3, ""weight_decay"": 0.018630070457095117}","{""time"": 66.19287109375, ""val_accuracy"": 60.05968475341797, ""val_cross_entropy"": 1.0287673473358154, ""val_balanced_accuracy"": 0.4204513728618622, ""test_cross_entropy"": 1.0772714614868164, ""test_balanced_accuracy"": 0.4236132502555847}"
2026-04-15T23:14:34.279742,random,lcbench,167201,2,706,159.7144317626953,"{""OpenML_task_id"": ""168908"", ""batch_size"": 220, ""epoch"": 23, ""learning_rate"": 0.0006771706036278864, ""max_dropout"": 0.5008934025757001, ""max_units"": 604, ""momentum"": 0.8368775670434871, ""num_layers"": 4, ""weight_decay"": 0.010206517837077397}","{""time"": 159.7144317626953, ""val_accuracy"": 47.93620681762695, ""val_cross_entropy"": 1.030904769897461, ""val_balanced_accuracy"": 0.382170170545578, ""test_cross_entropy"": 1.110178828239441, ""test_balanced_accuracy"": 0.3818153440952301}"
2026-04-15T23:14:34.279742,random,lcbench,167201,2,707,94.47552490234375,"{""OpenML_task_id"": ""189354"", ""batch_size"": 122, ""epoch"": 45, ""learning_rate"": 0.001999410724028482, ""max_dropout"": 0.9553377954027282, ""max_units"": 74, ""momentum"": 0.48291700807177007, ""num_layers"": 3, ""weight_decay"": 0.08723836016071662}","{""time"": 94.47552490234375, ""val_accuracy"": 56.4368896484375, ""val_cross_entropy"": 1.0844545364379883, ""val_balanced_accuracy"": 0.3404730558395386, ""test_cross_entropy"": 1.1008570194244385, ""test_balanced_accuracy"": 0.3408096134662628}"
2026-04-15T23:14:34.279742,random,lcbench,167201,2,708,108.88180541992188,"{""OpenML_task_id"": ""126029"", ""batch_size"": 44, ""epoch"": 45, ""learning_rate"": 0.02585566033159487, ""max_dropout"": 0.8201955642092676, ""max_units"": 113, ""momentum"": 0.6587749639621379, ""num_layers"": 4, ""weight_decay"": 0.019144893182007322}","{""time"": 108.88180541992188, ""val_accuracy"": 58.00657653808594, ""val_cross_entropy"": 1.0978902578353882, ""val_balanced_accuracy"": 0.3179568350315094, ""test_cross_entropy"": 1.0984457731246948, ""test_balanced_accuracy"": 0.32277053594589233}"
2026-04-15T23:14:34.279742,random,lcbench,167201,2,709,62.38178253173828,"{""OpenML_task_id"": ""167190"", ""batch_size"": 169, ""epoch"": 20, ""learning_rate"": 0.0010113985358586937, ""max_dropout"": 0.5886740465021328, ""max_units"": 89, ""momentum"": 0.11232108077289368, ""num_layers"": 5, ""weight_decay"": 0.09834391381437056}","{""time"": 62.38178253173828, ""val_accuracy"": 35.98647689819336, ""val_cross_entropy"": 0.9724298715591431, ""val_balanced_accuracy"": 0.37521892786026, ""test_cross_entropy"": 1.0910942554473877, ""test_balanced_accuracy"": 0.3697950839996338}"
2026-04-15T23:14:34.279742,random,lcbench,167201,2,710,335.1681213378906,"{""OpenML_task_id"": ""189908"", ""batch_size"": 40, ""epoch"": 45, ""learning_rate"": 0.0001699480326145725, ""max_dropout"": 0.7523852326400645, ""max_units"": 423, ""momentum"": 0.25493818347055597, ""num_layers"": 4, ""weight_decay"": 0.07632134159660238}","{""time"": 335.1681213378906, ""val_accuracy"": 53.80574035644531, ""val_cross_entropy"": 1.0437105894088745, ""val_balanced_accuracy"": 0.34464022517204285, ""test_cross_entropy"": 1.0991146564483643, ""test_balanced_accuracy"": 0.345252126455307}"
2026-04-15T23:14:34.279742,random,lcbench,167201,2,711,41.82868194580078,"{""OpenML_task_id"": ""167149"", ""batch_size"": 146, ""epoch"": 10, ""learning_rate"": 0.016118173080345088, ""max_dropout"": 0.5135228787191558, ""max_units"": 212, ""momentum"": 0.8198347837912282, ""num_layers"": 3, ""weight_decay"": 0.05497895301974238}","{""time"": 41.82868194580078, ""val_accuracy"": 46.71622085571289, ""val_cross_entropy"": 1.106795310974121, ""val_balanced_accuracy"": 0.34669265151023865, ""test_cross_entropy"": 1.1016188859939575, ""test_balanced_accuracy"": 0.34520798921585083}"
2026-04-15T23:14:34.279742,random,lcbench,167201,2,712,5.329808712005615,"{""OpenML_task_id"": ""126029"", ""batch_size"": 85, ""epoch"": 1, ""learning_rate"": 0.0004222850587669451, ""max_dropout"": 0.5425997605842776, ""max_units"": 132, ""momentum"": 0.25253957695014234, ""num_layers"": 1, ""weight_decay"": 0.05825450374149442}","{""time"": 5.329808712005615, ""val_accuracy"": 38.24848556518555, ""val_cross_entropy"": 1.1158679723739624, ""val_balanced_accuracy"": 0.3402095139026642, ""test_cross_entropy"": 1.0948503017425537, ""test_balanced_accuracy"": 0.3292766511440277}"
2026-04-15T23:14:34.288025,random,lcbench,167201,2,713,76.5719223022461,"{""OpenML_task_id"": ""126029"", ""batch_size"": 33, ""epoch"": 21, ""learning_rate"": 0.00044045099710261564, ""max_dropout"": 0.506745899215758, ""max_units"": 174, ""momentum"": 0.2730820031243131, ""num_layers"": 4, ""weight_decay"": 0.017411947330293102}","{""time"": 76.5719223022461, ""val_accuracy"": 59.23759078979492, ""val_cross_entropy"": 1.0354199409484863, ""val_balanced_accuracy"": 0.347377747297287, ""test_cross_entropy"": 1.096447467803955, ""test_balanced_accuracy"": 0.3489209711551666}"
2026-04-15T23:14:34.288025,random,lcbench,167201,2,714,105.3733139038086,"{""OpenML_task_id"": ""189905"", ""batch_size"": 174, ""epoch"": 36, ""learning_rate"": 0.0012534649430169078, ""max_dropout"": 0.5423747148638728, ""max_units"": 140, ""momentum"": 0.22798892345638835, ""num_layers"": 4, ""weight_decay"": 0.045057187529334186}","{""time"": 105.3733139038086, ""val_accuracy"": 45.413665771484375, ""val_cross_entropy"": 1.0612833499908447, ""val_balanced_accuracy"": 0.3403724133968353, ""test_cross_entropy"": 1.102715015411377, ""test_balanced_accuracy"": 0.34200453758239746}"
2026-04-15T23:14:34.288025,random,lcbench,167201,2,715,125.81346130371094,"{""OpenML_task_id"": ""167181"", ""batch_size"": 55, ""epoch"": 29, ""learning_rate"": 0.0003375911261548767, ""max_dropout"": 0.055945236968144574, ""max_units"": 230, ""momentum"": 0.987821514629423, ""num_layers"": 4, ""weight_decay"": 0.05376048618323435}","{""time"": 125.81346130371094, ""val_accuracy"": 61.72236251831055, ""val_cross_entropy"": 1.0449354648590088, ""val_balanced_accuracy"": 0.3264992833137512, ""test_cross_entropy"": 1.1123932600021362, ""test_balanced_accuracy"": 0.3313007354736328}"
2026-04-15T23:14:34.288025,random,lcbench,167201,2,716,69.51868438720703,"{""OpenML_task_id"": ""168868"", ""batch_size"": 45, ""epoch"": 42, ""learning_rate"": 0.004752028884055452, ""max_dropout"": 0.09141830432719245, ""max_units"": 594, ""momentum"": 0.7704455012216153, ""num_layers"": 1, ""weight_decay"": 0.023003936520674267}","{""time"": 69.51868438720703, ""val_accuracy"": 45.795345306396484, ""val_cross_entropy"": 1.0754281282424927, ""val_balanced_accuracy"": 0.42699187994003296, ""test_cross_entropy"": 1.0858466625213623, ""test_balanced_accuracy"": 0.42226284742355347}"
2026-04-15T23:14:34.288025,random,lcbench,167201,2,717,94.64704895019531,"{""OpenML_task_id"": ""167200"", ""batch_size"": 500, ""epoch"": 52, ""learning_rate"": 0.09536005496644118, ""max_dropout"": 0.4913231090590353, ""max_units"": 317, ""momentum"": 0.42749651300586444, ""num_layers"": 1, ""weight_decay"": 0.06137288020002722}","{""time"": 94.64704895019531, ""val_accuracy"": 45.93741989135742, ""val_cross_entropy"": 1.145803689956665, ""val_balanced_accuracy"": 0.4088740348815918, ""test_cross_entropy"": 1.0939929485321045, ""test_balanced_accuracy"": 0.4148101508617401}"
2026-04-15T23:14:34.288025,random,lcbench,167201,2,718,192.66436767578125,"{""OpenML_task_id"": ""126025"", ""batch_size"": 52, ""epoch"": 27, ""learning_rate"": 0.0049643977978027195, ""max_dropout"": 0.017501987555282428, ""max_units"": 452, ""momentum"": 0.8771602739151616, ""num_layers"": 3, ""weight_decay"": 0.05360061746587858}","{""time"": 192.66436767578125, ""val_accuracy"": 54.51469421386719, ""val_cross_entropy"": 1.1006091833114624, ""val_balanced_accuracy"": 0.345303475856781, ""test_cross_entropy"": 1.1029812097549438, ""test_balanced_accuracy"": 0.3454115092754364}"
2026-04-15T23:14:34.288025,random,lcbench,167201,2,719,21.416419982910156,"{""OpenML_task_id"": ""167200"", ""batch_size"": 244, ""epoch"": 8, ""learning_rate"": 0.048503027543998586, ""max_dropout"": 0.29109288193761207, ""max_units"": 243, ""momentum"": 0.37380714313820484, ""num_layers"": 1, ""weight_decay"": 0.07025228877909567}","{""time"": 21.416419982910156, ""val_accuracy"": 43.19703674316406, ""val_cross_entropy"": 1.0842243432998657, ""val_balanced_accuracy"": 0.4057292938232422, ""test_cross_entropy"": 1.1006989479064941, ""test_balanced_accuracy"": 0.40545853972435}"
2026-04-15T23:14:34.288025,random,lcbench,167201,2,720,123.30062866210938,"{""OpenML_task_id"": ""167152"", ""batch_size"": 370, ""epoch"": 30, ""learning_rate"": 0.029286882716607836, ""max_dropout"": 0.1524443153573014, ""max_units"": 884, ""momentum"": 0.1253231828714625, ""num_layers"": 2, ""weight_decay"": 0.008866707728416794}","{""time"": 123.30062866210938, ""val_accuracy"": 49.97533416748047, ""val_cross_entropy"": 0.9755085110664368, ""val_balanced_accuracy"": 0.477994829416275, ""test_cross_entropy"": 1.06166672706604, ""test_balanced_accuracy"": 0.47797295451164246}"
2026-04-15T23:14:34.296450,random,lcbench,167201,2,721,15.95706844329834,"{""OpenML_task_id"": ""168331"", ""batch_size"": 254, ""epoch"": 2, ""learning_rate"": 0.001229654060858364, ""max_dropout"": 0.2349546337354711, ""max_units"": 607, ""momentum"": 0.1107081697773555, ""num_layers"": 3, ""weight_decay"": 0.0283455329049215}","{""time"": 15.95706844329834, ""val_accuracy"": 33.55786895751953, ""val_cross_entropy"": 1.020060658454895, ""val_balanced_accuracy"": 0.3401030898094177, ""test_cross_entropy"": 1.1114192008972168, ""test_balanced_accuracy"": 0.3433215022087097}"
2026-04-15T23:14:34.296450,random,lcbench,167201,2,722,408.3513488769531,"{""OpenML_task_id"": ""167104"", ""batch_size"": 266, ""epoch"": 33, ""learning_rate"": 0.005498608552961357, ""max_dropout"": 0.2947767552300534, ""max_units"": 524, ""momentum"": 0.6544457298784628, ""num_layers"": 5, ""weight_decay"": 0.09613618662956214}","{""time"": 408.3513488769531, ""val_accuracy"": 57.914710998535156, ""val_cross_entropy"": 0.960070013999939, ""val_balanced_accuracy"": 0.367514044046402, ""test_cross_entropy"": 1.0781735181808472, ""test_balanced_accuracy"": 0.3652840256690979}"
2026-04-15T23:14:34.296450,random,lcbench,167201,2,723,4.180764675140381,"{""OpenML_task_id"": ""7593"", ""batch_size"": 24, ""epoch"": 1, ""learning_rate"": 0.010396130194668724, ""max_dropout"": 0.578363549061707, ""max_units"": 138, ""momentum"": 0.15320013569505447, ""num_layers"": 4, ""weight_decay"": 0.034585864698933586}","{""time"": 4.180764675140381, ""val_accuracy"": 26.535524368286133, ""val_cross_entropy"": 1.1144025325775146, ""val_balanced_accuracy"": 0.31624096632003784, ""test_cross_entropy"": 1.112990379333496, ""test_balanced_accuracy"": 0.3109968304634094}"
2026-04-15T23:14:34.296450,random,lcbench,167201,2,724,581.3646850585938,"{""OpenML_task_id"": ""167149"", ""batch_size"": 69, ""epoch"": 38, ""learning_rate"": 0.07724910532229713, ""max_dropout"": 0.3900719919582992, ""max_units"": 632, ""momentum"": 0.6650458359760806, ""num_layers"": 5, ""weight_decay"": 0.019237530538583587}","{""time"": 581.3646850585938, ""val_accuracy"": 53.58656692504883, ""val_cross_entropy"": 0.9285076260566711, ""val_balanced_accuracy"": 0.3559263348579407, ""test_cross_entropy"": 1.0554273128509521, ""test_balanced_accuracy"": 0.36120328307151794}"
2026-04-15T23:14:34.296450,random,lcbench,167201,2,725,103.05012512207031,"{""OpenML_task_id"": ""126026"", ""batch_size"": 215, ""epoch"": 38, ""learning_rate"": 0.0022023067025921093, ""max_dropout"": 0.32550459721449587, ""max_units"": 119, ""momentum"": 0.4032649780821631, ""num_layers"": 3, ""weight_decay"": 0.022226365697071114}","{""time"": 103.05012512207031, ""val_accuracy"": 49.67824935913086, ""val_cross_entropy"": 1.042291522026062, ""val_balanced_accuracy"": 0.39435121417045593, ""test_cross_entropy"": 1.0940545797348022, ""test_balanced_accuracy"": 0.3904838562011719}"
2026-04-15T23:14:34.296450,random,lcbench,167201,2,726,144.03500366210938,"{""OpenML_task_id"": ""189865"", ""batch_size"": 38, ""epoch"": 9, ""learning_rate"": 0.03379520976627611, ""max_dropout"": 0.7723400790684775, ""max_units"": 589, ""momentum"": 0.8987805411143567, ""num_layers"": 4, ""weight_decay"": 0.04771892551450936}","{""time"": 144.03500366210938, ""val_accuracy"": 39.82101821899414, ""val_cross_entropy"": 1.0589425563812256, ""val_balanced_accuracy"": 0.3037225008010864, ""test_cross_entropy"": 1.1285109519958496, ""test_balanced_accuracy"": 0.30732786655426025}"
2026-04-15T23:14:34.296450,random,lcbench,167201,2,727,32.42855453491211,"{""OpenML_task_id"": ""167201"", ""batch_size"": 166, ""epoch"": 20, ""learning_rate"": 0.04457252517144608, ""max_dropout"": 0.2561298511183554, ""max_units"": 249, ""momentum"": 0.8386068794815439, ""num_layers"": 1, ""weight_decay"": 0.08631050550957065}","{""time"": 32.42855453491211, ""val_accuracy"": 41.55121612548828, ""val_cross_entropy"": 1.0894948244094849, ""val_balanced_accuracy"": 0.4003894627094269, ""test_cross_entropy"": 1.0869438648223877, ""test_balanced_accuracy"": 0.40122121572494507}"
2026-04-15T23:14:34.296450,random,lcbench,167201,2,728,180.25917053222656,"{""OpenML_task_id"": ""167104"", ""batch_size"": 268, ""epoch"": 46, ""learning_rate"": 0.0003263005228615976, ""max_dropout"": 0.4470972807707483, ""max_units"": 309, ""momentum"": 0.6335508872430582, ""num_layers"": 3, ""weight_decay"": 0.03828650758734695}","{""time"": 180.25917053222656, ""val_accuracy"": 42.54663848876953, ""val_cross_entropy"": 1.0924100875854492, ""val_balanced_accuracy"": 0.37508511543273926, ""test_cross_entropy"": 1.1122077703475952, ""test_balanced_accuracy"": 0.3744567930698395}"
2026-04-15T23:14:34.296450,random,lcbench,167201,2,729,4.375990867614746,"{""OpenML_task_id"": ""34539"", ""batch_size"": 219, ""epoch"": 1, ""learning_rate"": 0.00027275166266203153, ""max_dropout"": 0.43692325954358935, ""max_units"": 99, ""momentum"": 0.7368668944896898, ""num_layers"": 4, ""weight_decay"": 0.03193015089934488}","{""time"": 4.375990867614746, ""val_accuracy"": 24.759599685668945, ""val_cross_entropy"": 0.9954129457473755, ""val_balanced_accuracy"": 0.31985095143318176, ""test_cross_entropy"": 1.1163105964660645, ""test_balanced_accuracy"": 0.32297438383102417}"
2026-04-15T23:14:34.305243,random,lcbench,167201,2,730,569.0807495117188,"{""OpenML_task_id"": ""126025"", ""batch_size"": 16, ""epoch"": 29, ""learning_rate"": 0.008847164147284403, ""max_dropout"": 0.13492695286869327, ""max_units"": 657, ""momentum"": 0.30725656429258535, ""num_layers"": 4, ""weight_decay"": 0.07640959531799563}","{""time"": 569.0807495117188, ""val_accuracy"": 66.1239013671875, ""val_cross_entropy"": 1.07383131980896, ""val_balanced_accuracy"": 0.31662118434906006, ""test_cross_entropy"": 1.1080657243728638, ""test_balanced_accuracy"": 0.3177106976509094}"
2026-04-15T23:14:34.305243,random,lcbench,167201,2,731,163.63706970214844,"{""OpenML_task_id"": ""146212"", ""batch_size"": 126, ""epoch"": 42, ""learning_rate"": 0.0011810166922635041, ""max_dropout"": 0.15929092550249813, ""max_units"": 355, ""momentum"": 0.8587130897199746, ""num_layers"": 3, ""weight_decay"": 0.07590791267102943}","{""time"": 163.63706970214844, ""val_accuracy"": 56.987144470214844, ""val_cross_entropy"": 1.056755781173706, ""val_balanced_accuracy"": 0.3752790689468384, ""test_cross_entropy"": 1.0981658697128296, ""test_balanced_accuracy"": 0.3753828704357147}"
2026-04-15T23:14:34.305243,random,lcbench,167201,2,732,30.513946533203125,"{""OpenML_task_id"": ""167185"", ""batch_size"": 195, ""epoch"": 14, ""learning_rate"": 0.0023993250289308164, ""max_dropout"": 0.7454951337076962, ""max_units"": 112, ""momentum"": 0.3689099032867885, ""num_layers"": 1, ""weight_decay"": 0.07856347112078142}","{""time"": 30.513946533203125, ""val_accuracy"": 43.72015380859375, ""val_cross_entropy"": 1.0253618955612183, ""val_balanced_accuracy"": 0.4023723006248474, ""test_cross_entropy"": 1.092735767364502, ""test_balanced_accuracy"": 0.39906513690948486}"
2026-04-15T23:14:34.305243,random,lcbench,167201,2,733,110.51891326904297,"{""OpenML_task_id"": ""34539"", ""batch_size"": 58, ""epoch"": 32, ""learning_rate"": 0.00023436344069553493, ""max_dropout"": 0.02894461023809347, ""max_units"": 208, ""momentum"": 0.6413165375582764, ""num_layers"": 3, ""weight_decay"": 0.014655167954293589}","{""time"": 110.51891326904297, ""val_accuracy"": 52.43227005004883, ""val_cross_entropy"": 1.066066861152649, ""val_balanced_accuracy"": 0.39249923825263977, ""test_cross_entropy"": 1.0958173274993896, ""test_balanced_accuracy"": 0.3908407688140869}"
2026-04-15T23:14:34.305243,random,lcbench,167201,2,734,67.72958374023438,"{""OpenML_task_id"": ""167201"", ""batch_size"": 315, ""epoch"": 21, ""learning_rate"": 0.007050481771227291, ""max_dropout"": 0.16611678338682023, ""max_units"": 165, ""momentum"": 0.40266099133417044, ""num_layers"": 3, ""weight_decay"": 0.026569281192345348}","{""time"": 67.72958374023438, ""val_accuracy"": 50.391414642333984, ""val_cross_entropy"": 1.0569839477539062, ""val_balanced_accuracy"": 0.4081564247608185, ""test_cross_entropy"": 1.092746615409851, ""test_balanced_accuracy"": 0.4051748216152191}"
2026-04-15T23:14:34.305243,random,lcbench,167201,2,735,85.4644546508789,"{""OpenML_task_id"": ""189865"", ""batch_size"": 274, ""epoch"": 32, ""learning_rate"": 0.009534602273390633, ""max_dropout"": 0.2648557534846, ""max_units"": 282, ""momentum"": 0.14792832969107042, ""num_layers"": 2, ""weight_decay"": 0.066525475213741}","{""time"": 85.4644546508789, ""val_accuracy"": 46.8566780090332, ""val_cross_entropy"": 1.0325900316238403, ""val_balanced_accuracy"": 0.4115506708621979, ""test_cross_entropy"": 1.103816032409668, ""test_balanced_accuracy"": 0.40895748138427734}"
2026-04-15T23:14:34.305243,random,lcbench,167201,2,736,622.2798461914062,"{""OpenML_task_id"": ""167149"", ""batch_size"": 212, ""epoch"": 47, ""learning_rate"": 0.09654378796283096, ""max_dropout"": 0.16378190388318237, ""max_units"": 595, ""momentum"": 0.853695869956568, ""num_layers"": 3, ""weight_decay"": 0.057864008579068656}","{""time"": 622.2798461914062, ""val_accuracy"": 47.56135177612305, ""val_cross_entropy"": 1.0185900926589966, ""val_balanced_accuracy"": 0.3564052879810333, ""test_cross_entropy"": 1.0977106094360352, ""test_balanced_accuracy"": 0.35547247529029846}"
2026-04-15T23:14:34.305243,random,lcbench,167201,2,737,48.830318450927734,"{""OpenML_task_id"": ""189905"", ""batch_size"": 33, ""epoch"": 16, ""learning_rate"": 0.01145580588716001, ""max_dropout"": 0.440074867707983, ""max_units"": 311, ""momentum"": 0.4212293701296229, ""num_layers"": 2, ""weight_decay"": 0.047111679453037104}","{""time"": 48.830318450927734, ""val_accuracy"": 54.47654724121094, ""val_cross_entropy"": 1.0327883958816528, ""val_balanced_accuracy"": 0.43439075350761414, ""test_cross_entropy"": 1.086326003074646, ""test_balanced_accuracy"": 0.4377225637435913}"
2026-04-15T23:14:34.305243,random,lcbench,167201,2,738,89.06916046142578,"{""OpenML_task_id"": ""167200"", ""batch_size"": 56, ""epoch"": 30, ""learning_rate"": 0.0015229511181159819, ""max_dropout"": 0.4617447064303769, ""max_units"": 353, ""momentum"": 0.3138687811839701, ""num_layers"": 2, ""weight_decay"": 0.012964291905853324}","{""time"": 89.06916046142578, ""val_accuracy"": 49.3466796875, ""val_cross_entropy"": 1.0048471689224243, ""val_balanced_accuracy"": 0.45037007331848145, ""test_cross_entropy"": 1.0667093992233276, ""test_balanced_accuracy"": 0.448978066444397}"
2026-04-15T23:14:34.313359,random,lcbench,167201,2,739,129.2173614501953,"{""OpenML_task_id"": ""34539"", ""batch_size"": 285, ""epoch"": 43, ""learning_rate"": 0.00012822931919466142, ""max_dropout"": 0.517972533689121, ""max_units"": 358, ""momentum"": 0.8157128896694321, ""num_layers"": 2, ""weight_decay"": 0.0621933998777917}","{""time"": 129.2173614501953, ""val_accuracy"": 42.58268356323242, ""val_cross_entropy"": 1.0452601909637451, ""val_balanced_accuracy"": 0.4101526737213135, ""test_cross_entropy"": 1.1099413633346558, ""test_balanced_accuracy"": 0.40898948907852173}"
2026-04-15T23:14:34.313359,random,lcbench,167201,2,740,384.0959167480469,"{""OpenML_task_id"": ""167201"", ""batch_size"": 27, ""epoch"": 24, ""learning_rate"": 0.030116362507581106, ""max_dropout"": 0.43096784275124445, ""max_units"": 599, ""momentum"": 0.9392539448020021, ""num_layers"": 5, ""weight_decay"": 0.04955965648479854}","{""time"": 384.0959167480469, ""val_accuracy"": 42.430912017822266, ""val_cross_entropy"": 1.0081807374954224, ""val_balanced_accuracy"": 0.33109861612319946, ""test_cross_entropy"": 1.1021003723144531, ""test_balanced_accuracy"": 0.32629135251045227}"
2026-04-15T23:14:34.315433,random,lcbench,167201,2,741,185.86215209960938,"{""OpenML_task_id"": ""189908"", ""batch_size"": 62, ""epoch"": 50, ""learning_rate"": 0.0012730940132354405, ""max_dropout"": 0.44720262553688883, ""max_units"": 170, ""momentum"": 0.14390327355609883, ""num_layers"": 5, ""weight_decay"": 0.02502764569813617}","{""time"": 185.86215209960938, ""val_accuracy"": 68.28173828125, ""val_cross_entropy"": 0.9427170753479004, ""val_balanced_accuracy"": 0.377953439950943, ""test_cross_entropy"": 1.0629897117614746, ""test_balanced_accuracy"": 0.37645119428634644}"
2026-04-15T23:14:34.315433,random,lcbench,167201,2,742,19.556198120117188,"{""OpenML_task_id"": ""168330"", ""batch_size"": 476, ""epoch"": 4, ""learning_rate"": 0.0001898387516216767, ""max_dropout"": 0.9133624894209017, ""max_units"": 832, ""momentum"": 0.1391244018837023, ""num_layers"": 4, ""weight_decay"": 0.024076152237600807}","{""time"": 19.556198120117188, ""val_accuracy"": 25.0074405670166, ""val_cross_entropy"": 0.9672569632530212, ""val_balanced_accuracy"": 0.31863677501678467, ""test_cross_entropy"": 1.1022354364395142, ""test_balanced_accuracy"": 0.32613205909729004}"
2026-04-15T23:14:34.315433,random,lcbench,167201,2,743,52.37784957885742,"{""OpenML_task_id"": ""167190"", ""batch_size"": 167, ""epoch"": 34, ""learning_rate"": 0.013335493243826737, ""max_dropout"": 0.09831741272933248, ""max_units"": 141, ""momentum"": 0.3200991264769949, ""num_layers"": 1, ""weight_decay"": 0.020645773263663278}","{""time"": 52.37784957885742, ""val_accuracy"": 44.89922332763672, ""val_cross_entropy"": 1.0682278871536255, ""val_balanced_accuracy"": 0.41108155250549316, ""test_cross_entropy"": 1.0956871509552002, ""test_balanced_accuracy"": 0.41326311230659485}"
2026-04-15T23:14:34.315433,random,lcbench,167201,2,744,86.29834747314453,"{""OpenML_task_id"": ""189908"", ""batch_size"": 45, ""epoch"": 20, ""learning_rate"": 0.00011016891772977982, ""max_dropout"": 0.7321429133784918, ""max_units"": 270, ""momentum"": 0.9708117180257756, ""num_layers"": 3, ""weight_decay"": 0.0766646107133783}","{""time"": 86.29834747314453, ""val_accuracy"": 57.061649322509766, ""val_cross_entropy"": 1.0583157539367676, ""val_balanced_accuracy"": 0.35914990305900574, ""test_cross_entropy"": 1.0984623432159424, ""test_balanced_accuracy"": 0.36256512999534607}"
2026-04-15T23:14:34.315433,random,lcbench,167201,2,745,102.37799072265625,"{""OpenML_task_id"": ""168910"", ""batch_size"": 117, ""epoch"": 27, ""learning_rate"": 0.0012613460571178677, ""max_dropout"": 0.5329647180853645, ""max_units"": 134, ""momentum"": 0.9340019433931701, ""num_layers"": 5, ""weight_decay"": 0.0907727114270059}","{""time"": 102.37799072265625, ""val_accuracy"": 58.64949417114258, ""val_cross_entropy"": 0.9583816528320312, ""val_balanced_accuracy"": 0.3666633367538452, ""test_cross_entropy"": 1.074596881866455, ""test_balanced_accuracy"": 0.3636247217655182}"
2026-04-15T23:14:34.315433,random,lcbench,167201,2,746,92.89977264404297,"{""OpenML_task_id"": ""189909"", ""batch_size"": 114, ""epoch"": 45, ""learning_rate"": 0.010197539828421436, ""max_dropout"": 0.9962738211238988, ""max_units"": 201, ""momentum"": 0.8633582045687784, ""num_layers"": 3, ""weight_decay"": 0.02276121148690463}","{""time"": 92.89977264404297, ""val_accuracy"": 54.264373779296875, ""val_cross_entropy"": 1.004176139831543, ""val_balanced_accuracy"": 0.3635810315608978, ""test_cross_entropy"": 1.0963292121887207, ""test_balanced_accuracy"": 0.36749163269996643}"
2026-04-15T23:14:34.315433,random,lcbench,167201,2,747,148.23793029785156,"{""OpenML_task_id"": ""167161"", ""batch_size"": 37, ""epoch"": 40, ""learning_rate"": 0.00011453865021991183, ""max_dropout"": 0.8721593255560288, ""max_units"": 107, ""momentum"": 0.19020152084283204, ""num_layers"": 3, ""weight_decay"": 0.053087489833467734}","{""time"": 148.23793029785156, ""val_accuracy"": 49.25236511230469, ""val_cross_entropy"": 1.0609956979751587, ""val_balanced_accuracy"": 0.3414459526538849, ""test_cross_entropy"": 1.1028501987457275, ""test_balanced_accuracy"": 0.3413443863391876}"
2026-04-15T23:14:34.321567,random,lcbench,167201,2,748,59.935882568359375,"{""OpenML_task_id"": ""167152"", ""batch_size"": 128, ""epoch"": 29, ""learning_rate"": 0.006849464540747792, ""max_dropout"": 0.2987801663445385, ""max_units"": 167, ""momentum"": 0.5245120519204085, ""num_layers"": 5, ""weight_decay"": 0.025636083239928525}","{""time"": 59.935882568359375, ""val_accuracy"": 63.92576217651367, ""val_cross_entropy"": 0.9459036588668823, ""val_balanced_accuracy"": 0.37007588148117065, ""test_cross_entropy"": 1.0788109302520752, ""test_balanced_accuracy"": 0.36954405903816223}"
2026-04-15T23:14:34.321567,random,lcbench,167201,2,749,39.95730209350586,"{""OpenML_task_id"": ""189906"", ""batch_size"": 70, ""epoch"": 19, ""learning_rate"": 0.00019815830352341043, ""max_dropout"": 0.9623207273890276, ""max_units"": 94, ""momentum"": 0.7305281135958762, ""num_layers"": 1, ""weight_decay"": 0.05944468444247078}","{""time"": 39.95730209350586, ""val_accuracy"": 43.60181427001953, ""val_cross_entropy"": 1.015168309211731, ""val_balanced_accuracy"": 0.3982773721218109, ""test_cross_entropy"": 1.0900087356567383, ""test_balanced_accuracy"": 0.39444297552108765}"
2026-04-15T23:14:34.321567,random,lcbench,167201,2,750,84.1913070678711,"{""OpenML_task_id"": ""168335"", ""batch_size"": 25, ""epoch"": 20, ""learning_rate"": 0.0002079886191619764, ""max_dropout"": 0.19229757599674657, ""max_units"": 427, ""momentum"": 0.774297918799799, ""num_layers"": 2, ""weight_decay"": 0.08099750253032482}","{""time"": 84.1913070678711, ""val_accuracy"": 53.46640396118164, ""val_cross_entropy"": 1.0520689487457275, ""val_balanced_accuracy"": 0.4095273017883301, ""test_cross_entropy"": 1.0951958894729614, ""test_balanced_accuracy"": 0.40845781564712524}"
2026-04-15T23:14:34.321567,random,lcbench,167201,2,751,57.97525405883789,"{""OpenML_task_id"": ""126025"", ""batch_size"": 23, ""epoch"": 14, ""learning_rate"": 0.00017820104638599247, ""max_dropout"": 0.7121699558509742, ""max_units"": 103, ""momentum"": 0.48542790616332343, ""num_layers"": 4, ""weight_decay"": 0.09225065762522892}","{""time"": 57.97525405883789, ""val_accuracy"": 57.764564514160156, ""val_cross_entropy"": 0.9891497492790222, ""val_balanced_accuracy"": 0.34101444482803345, ""test_cross_entropy"": 1.1003419160842896, ""test_balanced_accuracy"": 0.34336864948272705}"
2026-04-15T23:14:34.321567,random,lcbench,167201,2,752,32.86083984375,"{""OpenML_task_id"": ""168910"", ""batch_size"": 49, ""epoch"": 8, ""learning_rate"": 0.006767875483013435, ""max_dropout"": 0.9719567741693199, ""max_units"": 482, ""momentum"": 0.290915973152016, ""num_layers"": 2, ""weight_decay"": 0.004211579350874377}","{""time"": 32.86083984375, ""val_accuracy"": 51.12495803833008, ""val_cross_entropy"": 1.0130113363265991, ""val_balanced_accuracy"": 0.43865615129470825, ""test_cross_entropy"": 1.0867525339126587, ""test_balanced_accuracy"": 0.43985840678215027}"
2026-04-15T23:14:34.321567,random,lcbench,167201,2,753,13.799822807312012,"{""OpenML_task_id"": ""189908"", ""batch_size"": 47, ""epoch"": 2, ""learning_rate"": 0.0017273483786651661, ""max_dropout"": 0.7397090229019897, ""max_units"": 267, ""momentum"": 0.9606672771525138, ""num_layers"": 3, ""weight_decay"": 0.08851075507732023}","{""time"": 13.799822807312012, ""val_accuracy"": 45.480064392089844, ""val_cross_entropy"": 1.0032893419265747, ""val_balanced_accuracy"": 0.34289413690567017, ""test_cross_entropy"": 1.0960807800292969, ""test_balanced_accuracy"": 0.35000142455101013}"
2026-04-15T23:14:34.321567,random,lcbench,167201,2,754,12.967324256896973,"{""OpenML_task_id"": ""168330"", ""batch_size"": 242, ""epoch"": 3, ""learning_rate"": 0.03928898687548565, ""max_dropout"": 0.8995339872170479, ""max_units"": 72, ""momentum"": 0.8568848508551258, ""num_layers"": 4, ""weight_decay"": 0.04715363458503453}","{""time"": 12.967324256896973, ""val_accuracy"": 35.708744049072266, ""val_cross_entropy"": 1.0285515785217285, ""val_balanced_accuracy"": 0.31462496519088745, ""test_cross_entropy"": 1.1097018718719482, ""test_balanced_accuracy"": 0.3164231777191162}"
2026-04-15T23:14:34.321567,random,lcbench,167201,2,755,83.18728637695312,"{""OpenML_task_id"": ""167181"", ""batch_size"": 16, ""epoch"": 52, ""learning_rate"": 0.007616610735509679, ""max_dropout"": 0.9505582922191864, ""max_units"": 65, ""momentum"": 0.666526520106318, ""num_layers"": 1, ""weight_decay"": 0.09404685661586279}","{""time"": 83.18728637695312, ""val_accuracy"": 49.976287841796875, ""val_cross_entropy"": 0.986653745174408, ""val_balanced_accuracy"": 0.41661879420280457, ""test_cross_entropy"": 1.075783610343933, ""test_balanced_accuracy"": 0.42383065819740295}"
2026-04-15T23:14:34.329923,random,lcbench,167201,2,756,60.73072814941406,"{""OpenML_task_id"": ""167181"", ""batch_size"": 195, ""epoch"": 22, ""learning_rate"": 0.0030226953453612038, ""max_dropout"": 0.7408291148834755, ""max_units"": 92, ""momentum"": 0.5409988546848598, ""num_layers"": 4, ""weight_decay"": 0.03594003483691389}","{""time"": 60.73072814941406, ""val_accuracy"": 47.19887924194336, ""val_cross_entropy"": 1.069565773010254, ""val_balanced_accuracy"": 0.3298291563987732, ""test_cross_entropy"": 1.1060078144073486, ""test_balanced_accuracy"": 0.33187881112098694}"
2026-04-15T23:14:34.329923,random,lcbench,167201,2,757,195.98880004882812,"{""OpenML_task_id"": ""146212"", ""batch_size"": 307, ""epoch"": 40, ""learning_rate"": 0.0009516344170110075, ""max_dropout"": 0.9245389934343566, ""max_units"": 367, ""momentum"": 0.4875798789791871, ""num_layers"": 4, ""weight_decay"": 0.030970897301760333}","{""time"": 195.98880004882812, ""val_accuracy"": 38.733463287353516, ""val_cross_entropy"": 1.081555724143982, ""val_balanced_accuracy"": 0.3353089690208435, ""test_cross_entropy"": 1.0962382555007935, ""test_balanced_accuracy"": 0.3399059474468231}"
2026-04-15T23:14:34.329923,random,lcbench,167201,2,758,147.7052459716797,"{""OpenML_task_id"": ""7593"", ""batch_size"": 189, ""epoch"": 41, ""learning_rate"": 0.0026874449925697926, ""max_dropout"": 0.9830003933297651, ""max_units"": 84, ""momentum"": 0.9675736385910838, ""num_layers"": 5, ""weight_decay"": 0.05405504553703325}","{""time"": 147.7052459716797, ""val_accuracy"": 56.716270446777344, ""val_cross_entropy"": 0.96061772108078, ""val_balanced_accuracy"": 0.3592451214790344, ""test_cross_entropy"": 1.0777651071548462, ""test_balanced_accuracy"": 0.3545549511909485}"
2026-04-15T23:14:34.329923,random,lcbench,167201,2,759,21.003658294677734,"{""OpenML_task_id"": ""189862"", ""batch_size"": 75, ""epoch"": 4, ""learning_rate"": 0.0005431696999738546, ""max_dropout"": 0.8790982308666514, ""max_units"": 628, ""momentum"": 0.4435217728500197, ""num_layers"": 2, ""weight_decay"": 0.058321153863237274}","{""time"": 21.003658294677734, ""val_accuracy"": 41.29121398925781, ""val_cross_entropy"": 1.0310527086257935, ""val_balanced_accuracy"": 0.394288033246994, ""test_cross_entropy"": 1.0997133255004883, ""test_balanced_accuracy"": 0.38902679085731506}"
2026-04-15T23:14:34.329923,random,lcbench,167201,2,760,434.020751953125,"{""OpenML_task_id"": ""167181"", ""batch_size"": 71, ""epoch"": 47, ""learning_rate"": 0.007743920675717825, ""max_dropout"": 0.9866216820306537, ""max_units"": 592, ""momentum"": 0.7353484808714829, ""num_layers"": 5, ""weight_decay"": 0.027592775267548574}","{""time"": 434.020751953125, ""val_accuracy"": 65.47630310058594, ""val_cross_entropy"": 1.0523875951766968, ""val_balanced_accuracy"": 0.33768948912620544, ""test_cross_entropy"": 1.1138442754745483, ""test_balanced_accuracy"": 0.33495357632637024}"
2026-04-15T23:14:34.329923,random,lcbench,167201,2,761,42.655601501464844,"{""OpenML_task_id"": ""167200"", ""batch_size"": 49, ""epoch"": 16, ""learning_rate"": 0.0019077611354342417, ""max_dropout"": 0.7690466726922648, ""max_units"": 105, ""momentum"": 0.4890294392542892, ""num_layers"": 2, ""weight_decay"": 0.08255726395079989}","{""time"": 42.655601501464844, ""val_accuracy"": 51.32730484008789, ""val_cross_entropy"": 1.041162133216858, ""val_balanced_accuracy"": 0.3892724812030792, ""test_cross_entropy"": 1.1015028953552246, ""test_balanced_accuracy"": 0.38791167736053467}"
2026-04-15T23:14:34.329923,random,lcbench,167201,2,762,34.98322296142578,"{""OpenML_task_id"": ""167168"", ""batch_size"": 204, ""epoch"": 10, ""learning_rate"": 0.03910011726051347, ""max_dropout"": 0.255467334361839, ""max_units"": 346, ""momentum"": 0.9020912661758841, ""num_layers"": 3, ""weight_decay"": 0.002733783225336124}","{""time"": 34.98322296142578, ""val_accuracy"": 58.957035064697266, ""val_cross_entropy"": 0.8895270228385925, ""val_balanced_accuracy"": 0.586986780166626, ""test_cross_entropy"": 0.9631067514419556, ""test_balanced_accuracy"": 0.5856749415397644}"
2026-04-15T23:14:34.329923,random,lcbench,167201,2,763,45.32740783691406,"{""OpenML_task_id"": ""167161"", ""batch_size"": 345, ""epoch"": 29, ""learning_rate"": 0.021439645876920044, ""max_dropout"": 0.9738451739350455, ""max_units"": 217, ""momentum"": 0.7501721127739925, ""num_layers"": 1, ""weight_decay"": 0.02973174022772332}","{""time"": 45.32740783691406, ""val_accuracy"": 43.947811126708984, ""val_cross_entropy"": 1.0650731325149536, ""val_balanced_accuracy"": 0.4022579789161682, ""test_cross_entropy"": 1.0904271602630615, ""test_balanced_accuracy"": 0.40400877594947815}"
2026-04-15T23:14:34.329923,random,lcbench,167201,2,764,94.3026123046875,"{""OpenML_task_id"": ""189906"", ""batch_size"": 109, ""epoch"": 42, ""learning_rate"": 0.0002443643685631258, ""max_dropout"": 0.41701050200080614, ""max_units"": 996, ""momentum"": 0.31032922776094374, ""num_layers"": 1, ""weight_decay"": 0.09756005930085432}","{""time"": 94.3026123046875, ""val_accuracy"": 41.607444763183594, ""val_cross_entropy"": 1.0548095703125, ""val_balanced_accuracy"": 0.3956983685493469, ""test_cross_entropy"": 1.1005417108535767, ""test_balanced_accuracy"": 0.3911450505256653}"
2026-04-15T23:14:34.338295,random,lcbench,167201,2,765,127.70157623291016,"{""OpenML_task_id"": ""168330"", ""batch_size"": 338, ""epoch"": 16, ""learning_rate"": 0.07872583607541789, ""max_dropout"": 0.062285778439724826, ""max_units"": 539, ""momentum"": 0.13583607840309064, ""num_layers"": 3, ""weight_decay"": 0.07697813412113395}","{""time"": 127.70157623291016, ""val_accuracy"": 51.544708251953125, ""val_cross_entropy"": 1.126265048980713, ""val_balanced_accuracy"": 0.34904012084007263, ""test_cross_entropy"": 1.1086474657058716, ""test_balanced_accuracy"": 0.34714987874031067}"
2026-04-15T23:14:34.338295,random,lcbench,167201,2,766,218.34634399414062,"{""OpenML_task_id"": ""168910"", ""batch_size"": 496, ""epoch"": 42, ""learning_rate"": 0.0014363907232402462, ""max_dropout"": 0.03653203936189342, ""max_units"": 428, ""momentum"": 0.16840472244622162, ""num_layers"": 3, ""weight_decay"": 0.007839416452070229}","{""time"": 218.34634399414062, ""val_accuracy"": 46.0776481628418, ""val_cross_entropy"": 1.047133445739746, ""val_balanced_accuracy"": 0.40388089418411255, ""test_cross_entropy"": 1.0954264402389526, ""test_balanced_accuracy"": 0.4025688171386719}"
2026-04-15T23:14:34.338295,random,lcbench,167201,2,767,23.09117889404297,"{""OpenML_task_id"": ""168330"", ""batch_size"": 86, ""epoch"": 9, ""learning_rate"": 0.08260068588340198, ""max_dropout"": 0.13729621808051629, ""max_units"": 260, ""momentum"": 0.23919545032575715, ""num_layers"": 1, ""weight_decay"": 0.08893944261245389}","{""time"": 23.09117889404297, ""val_accuracy"": 40.67525100708008, ""val_cross_entropy"": 1.0495586395263672, ""val_balanced_accuracy"": 0.4008968770503998, ""test_cross_entropy"": 1.0837538242340088, ""test_balanced_accuracy"": 0.40040016174316406}"
2026-04-15T23:14:34.338295,random,lcbench,167201,2,768,315.83935546875,"{""OpenML_task_id"": ""34539"", ""batch_size"": 39, ""epoch"": 19, ""learning_rate"": 0.018607701787301718, ""max_dropout"": 0.898103889602759, ""max_units"": 757, ""momentum"": 0.31134205934893233, ""num_layers"": 5, ""weight_decay"": 0.042669154117783395}","{""time"": 315.83935546875, ""val_accuracy"": 59.939979553222656, ""val_cross_entropy"": 0.987643301486969, ""val_balanced_accuracy"": 0.34160879254341125, ""test_cross_entropy"": 1.0952486991882324, ""test_balanced_accuracy"": 0.33734121918678284}"
2026-04-15T23:14:34.338295,random,lcbench,167201,2,769,90.7062759399414,"{""OpenML_task_id"": ""7593"", ""batch_size"": 31, ""epoch"": 41, ""learning_rate"": 0.01826496822678048, ""max_dropout"": 0.8242127257754159, ""max_units"": 141, ""momentum"": 0.8389721126598904, ""num_layers"": 2, ""weight_decay"": 0.0407832686907503}","{""time"": 90.7062759399414, ""val_accuracy"": 54.981781005859375, ""val_cross_entropy"": 0.9808787107467651, ""val_balanced_accuracy"": 0.39509353041648865, ""test_cross_entropy"": 1.0958993434906006, ""test_balanced_accuracy"": 0.3975791037082672}"
2026-04-15T23:14:34.338295,random,lcbench,167201,2,770,72.56978607177734,"{""OpenML_task_id"": ""189354"", ""batch_size"": 117, ""epoch"": 28, ""learning_rate"": 0.0052351477269709295, ""max_dropout"": 0.6350092527562907, ""max_units"": 129, ""momentum"": 0.5775971014396767, ""num_layers"": 4, ""weight_decay"": 0.0632017238929172}","{""time"": 72.56978607177734, ""val_accuracy"": 57.06611251831055, ""val_cross_entropy"": 1.0479309558868408, ""val_balanced_accuracy"": 0.3327306807041168, ""test_cross_entropy"": 1.101876974105835, ""test_balanced_accuracy"": 0.3317895829677582}"
2026-04-15T23:14:34.338295,random,lcbench,167201,2,771,30.744033813476562,"{""OpenML_task_id"": ""168908"", ""batch_size"": 105, ""epoch"": 19, ""learning_rate"": 0.05315808006309375, ""max_dropout"": 0.5671481406860271, ""max_units"": 67, ""momentum"": 0.6614764826513737, ""num_layers"": 1, ""weight_decay"": 0.08663595282297268}","{""time"": 30.744033813476562, ""val_accuracy"": 41.30846405029297, ""val_cross_entropy"": 1.0477685928344727, ""val_balanced_accuracy"": 0.4035343825817108, ""test_cross_entropy"": 1.0812350511550903, ""test_balanced_accuracy"": 0.4069196879863739}"
2026-04-15T23:14:34.338295,random,lcbench,167201,2,772,146.46974182128906,"{""OpenML_task_id"": ""189908"", ""batch_size"": 268, ""epoch"": 30, ""learning_rate"": 0.010447807421950296, ""max_dropout"": 0.1502300221363081, ""max_units"": 212, ""momentum"": 0.9061309704003938, ""num_layers"": 3, ""weight_decay"": 0.08088247771339385}","{""time"": 146.46974182128906, ""val_accuracy"": 53.66297149658203, ""val_cross_entropy"": 1.0495359897613525, ""val_balanced_accuracy"": 0.3528117835521698, ""test_cross_entropy"": 1.1044455766677856, ""test_balanced_accuracy"": 0.34928184747695923}"
2026-04-15T23:14:34.346593,random,lcbench,167201,2,773,8.184289932250977,"{""OpenML_task_id"": ""168335"", ""batch_size"": 332, ""epoch"": 2, ""learning_rate"": 0.00035180366914577517, ""max_dropout"": 0.6385583115867585, ""max_units"": 128, ""momentum"": 0.24474892345834004, ""num_layers"": 4, ""weight_decay"": 0.040455654034291064}","{""time"": 8.184289932250977, ""val_accuracy"": 24.275009155273438, ""val_cross_entropy"": 1.0031856298446655, ""val_balanced_accuracy"": 0.32061687111854553, ""test_cross_entropy"": 1.111728310585022, ""test_balanced_accuracy"": 0.3256372809410095}"
2026-04-15T23:14:34.346593,random,lcbench,167201,2,774,37.37892532348633,"{""OpenML_task_id"": ""167168"", ""batch_size"": 45, ""epoch"": 6, ""learning_rate"": 0.03527332181602784, ""max_dropout"": 0.9219400679402557, ""max_units"": 113, ""momentum"": 0.8315663373175969, ""num_layers"": 4, ""weight_decay"": 0.08454818529415337}","{""time"": 37.37892532348633, ""val_accuracy"": 37.04124069213867, ""val_cross_entropy"": 0.9685887098312378, ""val_balanced_accuracy"": 0.3202318549156189, ""test_cross_entropy"": 1.117659568786621, ""test_balanced_accuracy"": 0.31375420093536377}"
2026-04-15T23:14:34.346593,random,lcbench,167201,2,775,122.19620513916016,"{""OpenML_task_id"": ""167190"", ""batch_size"": 53, ""epoch"": 36, ""learning_rate"": 0.0037445162604742128, ""max_dropout"": 0.36815298967570065, ""max_units"": 542, ""momentum"": 0.8059241203638298, ""num_layers"": 2, ""weight_decay"": 0.061881972189301755}","{""time"": 122.19620513916016, ""val_accuracy"": 53.88842010498047, ""val_cross_entropy"": 1.0404038429260254, ""val_balanced_accuracy"": 0.4304935038089752, ""test_cross_entropy"": 1.0984153747558594, ""test_balanced_accuracy"": 0.43243980407714844}"
2026-04-15T23:14:34.346593,random,lcbench,167201,2,776,212.13258361816406,"{""OpenML_task_id"": ""168331"", ""batch_size"": 261, ""epoch"": 44, ""learning_rate"": 0.00014825158382658507, ""max_dropout"": 0.5718688153671238, ""max_units"": 208, ""momentum"": 0.3235854185816393, ""num_layers"": 5, ""weight_decay"": 0.03067423174939714}","{""time"": 212.13258361816406, ""val_accuracy"": 25.833467483520508, ""val_cross_entropy"": 1.0189169645309448, ""val_balanced_accuracy"": 0.3403354287147522, ""test_cross_entropy"": 1.1064485311508179, ""test_balanced_accuracy"": 0.3386189043521881}"
2026-04-15T23:14:34.346593,random,lcbench,167201,2,777,63.32305145263672,"{""OpenML_task_id"": ""167168"", ""batch_size"": 477, ""epoch"": 33, ""learning_rate"": 0.0015407091626117992, ""max_dropout"": 0.5401894883031553, ""max_units"": 146, ""momentum"": 0.35236066731920623, ""num_layers"": 1, ""weight_decay"": 0.09963241811775417}","{""time"": 63.32305145263672, ""val_accuracy"": 43.489524841308594, ""val_cross_entropy"": 1.0405713319778442, ""val_balanced_accuracy"": 0.4018722176551819, ""test_cross_entropy"": 1.0941988229751587, ""test_balanced_accuracy"": 0.3975927531719208}"
2026-04-15T23:14:34.346593,random,lcbench,167201,2,778,170.22315979003906,"{""OpenML_task_id"": ""167190"", ""batch_size"": 27, ""epoch"": 39, ""learning_rate"": 0.002107066077131639, ""max_dropout"": 0.40042712422665105, ""max_units"": 141, ""momentum"": 0.5857592658051562, ""num_layers"": 4, ""weight_decay"": 0.09181691084808032}","{""time"": 170.22315979003906, ""val_accuracy"": 69.9374008178711, ""val_cross_entropy"": 1.041959524154663, ""val_balanced_accuracy"": 0.3380606770515442, ""test_cross_entropy"": 1.0970884561538696, ""test_balanced_accuracy"": 0.33649101853370667}"
2026-04-15T23:14:34.346593,random,lcbench,167201,2,779,534.6373291015625,"{""OpenML_task_id"": ""189873"", ""batch_size"": 187, ""epoch"": 47, ""learning_rate"": 0.016105256423160744, ""max_dropout"": 0.976477577796485, ""max_units"": 648, ""momentum"": 0.6492086273833654, ""num_layers"": 5, ""weight_decay"": 0.03707107457948493}","{""time"": 534.6373291015625, ""val_accuracy"": 59.55514144897461, ""val_cross_entropy"": 1.0796772241592407, ""val_balanced_accuracy"": 0.3316434323787689, ""test_cross_entropy"": 1.1163674592971802, ""test_balanced_accuracy"": 0.3277996778488159}"
2026-04-15T23:14:34.346593,random,lcbench,167201,2,780,60.992889404296875,"{""OpenML_task_id"": ""189873"", ""batch_size"": 17, ""epoch"": 14, ""learning_rate"": 0.0001748099733179902, ""max_dropout"": 0.9513966151374893, ""max_units"": 148, ""momentum"": 0.7068409382791438, ""num_layers"": 3, ""weight_decay"": 0.06866437973814465}","{""time"": 60.992889404296875, ""val_accuracy"": 61.175025939941406, ""val_cross_entropy"": 1.0292112827301025, ""val_balanced_accuracy"": 0.3468804955482483, ""test_cross_entropy"": 1.0949972867965698, ""test_balanced_accuracy"": 0.3505345582962036}"
2026-04-15T23:14:34.346593,random,lcbench,167201,2,781,102.17021179199219,"{""OpenML_task_id"": ""167184"", ""batch_size"": 174, ""epoch"": 25, ""learning_rate"": 0.00021549939081849315, ""max_dropout"": 0.6326761999663867, ""max_units"": 416, ""momentum"": 0.48808373733772137, ""num_layers"": 3, ""weight_decay"": 0.04036253372490865}","{""time"": 102.17021179199219, ""val_accuracy"": 38.794090270996094, ""val_cross_entropy"": 1.0868744850158691, ""val_balanced_accuracy"": 0.36491772532463074, ""test_cross_entropy"": 1.1132839918136597, ""test_balanced_accuracy"": 0.364773690700531}"
2026-04-15T23:14:34.354784,random,lcbench,167201,2,782,171.60926818847656,"{""OpenML_task_id"": ""167201"", ""batch_size"": 391, ""epoch"": 45, ""learning_rate"": 0.0002898633501244317, ""max_dropout"": 0.4688411498169641, ""max_units"": 133, ""momentum"": 0.707686385893544, ""num_layers"": 4, ""weight_decay"": 0.05663066374634204}","{""time"": 171.60926818847656, ""val_accuracy"": 28.380903244018555, ""val_cross_entropy"": 1.0369243621826172, ""val_balanced_accuracy"": 0.3297933042049408, ""test_cross_entropy"": 1.1121177673339844, ""test_balanced_accuracy"": 0.33714115619659424}"
2026-04-15T23:14:34.356249,random,lcbench,167201,2,783,35.76133728027344,"{""OpenML_task_id"": ""167184"", ""batch_size"": 169, ""epoch"": 10, ""learning_rate"": 0.027877172833501787, ""max_dropout"": 0.12047914220407618, ""max_units"": 707, ""momentum"": 0.6226690722593426, ""num_layers"": 2, ""weight_decay"": 0.04582269048790352}","{""time"": 35.76133728027344, ""val_accuracy"": 48.176265716552734, ""val_cross_entropy"": 1.04911470413208, ""val_balanced_accuracy"": 0.43615078926086426, ""test_cross_entropy"": 1.0911660194396973, ""test_balanced_accuracy"": 0.4394567310810089}"
2026-04-15T23:14:34.356249,random,lcbench,167201,2,784,32.0478630065918,"{""OpenML_task_id"": ""167161"", ""batch_size"": 165, ""epoch"": 11, ""learning_rate"": 0.0005241861958576746, ""max_dropout"": 0.20427956772603195, ""max_units"": 94, ""momentum"": 0.4198156513380834, ""num_layers"": 2, ""weight_decay"": 0.07237155328386695}","{""time"": 32.0478630065918, ""val_accuracy"": 39.43207550048828, ""val_cross_entropy"": 1.0699623823165894, ""val_balanced_accuracy"": 0.3873763680458069, ""test_cross_entropy"": 1.106759786605835, ""test_balanced_accuracy"": 0.3839038610458374}"
2026-04-15T23:14:34.356249,random,lcbench,167201,2,785,26.304039001464844,"{""OpenML_task_id"": ""7593"", ""batch_size"": 403, ""epoch"": 4, ""learning_rate"": 0.000705842229607791, ""max_dropout"": 0.6409139128382247, ""max_units"": 699, ""momentum"": 0.2063491826530273, ""num_layers"": 1, ""weight_decay"": 0.07736014025740641}","{""time"": 26.304039001464844, ""val_accuracy"": 39.527862548828125, ""val_cross_entropy"": 1.115848422050476, ""val_balanced_accuracy"": 0.3407745063304901, ""test_cross_entropy"": 1.1096521615982056, ""test_balanced_accuracy"": 0.33743903040885925}"
2026-04-15T23:14:34.356249,random,lcbench,167201,2,786,26.87298583984375,"{""OpenML_task_id"": ""167161"", ""batch_size"": 47, ""epoch"": 4, ""learning_rate"": 0.07669727402923046, ""max_dropout"": 0.8532924603848547, ""max_units"": 68, ""momentum"": 0.1488081015276121, ""num_layers"": 4, ""weight_decay"": 0.0977702795874777}","{""time"": 26.87298583984375, ""val_accuracy"": 42.55596923828125, ""val_cross_entropy"": 1.035186767578125, ""val_balanced_accuracy"": 0.3237502872943878, ""test_cross_entropy"": 1.108134388923645, ""test_balanced_accuracy"": 0.3179580271244049}"
2026-04-15T23:14:34.356249,random,lcbench,167201,2,787,23.40911865234375,"{""OpenML_task_id"": ""168868"", ""batch_size"": 37, ""epoch"": 6, ""learning_rate"": 0.00011705257542368475, ""max_dropout"": 0.6572163876613327, ""max_units"": 298, ""momentum"": 0.6847703892631068, ""num_layers"": 1, ""weight_decay"": 0.034222223837919}","{""time"": 23.40911865234375, ""val_accuracy"": 43.87904739379883, ""val_cross_entropy"": 1.0188645124435425, ""val_balanced_accuracy"": 0.38355913758277893, ""test_cross_entropy"": 1.094429612159729, ""test_balanced_accuracy"": 0.3803238868713379}"
2026-04-15T23:14:34.356249,random,lcbench,167201,2,788,171.57440185546875,"{""OpenML_task_id"": ""189862"", ""batch_size"": 82, ""epoch"": 24, ""learning_rate"": 0.0007673120504209824, ""max_dropout"": 0.6323294694837158, ""max_units"": 772, ""momentum"": 0.276411963859691, ""num_layers"": 4, ""weight_decay"": 0.06311561456144582}","{""time"": 171.57440185546875, ""val_accuracy"": 49.35675048828125, ""val_cross_entropy"": 1.0519899129867554, ""val_balanced_accuracy"": 0.3524553179740906, ""test_cross_entropy"": 1.1049206256866455, ""test_balanced_accuracy"": 0.3526301383972168}"
2026-04-15T23:14:34.356249,random,lcbench,167201,2,789,28.67882537841797,"{""OpenML_task_id"": ""167185"", ""batch_size"": 373, ""epoch"": 7, ""learning_rate"": 0.0017039589373607316, ""max_dropout"": 0.7957982406227745, ""max_units"": 115, ""momentum"": 0.564591510354527, ""num_layers"": 4, ""weight_decay"": 0.061260747834482654}","{""time"": 28.67882537841797, ""val_accuracy"": 31.32373046875, ""val_cross_entropy"": 1.0394964218139648, ""val_balanced_accuracy"": 0.3294185996055603, ""test_cross_entropy"": 1.098073959350586, ""test_balanced_accuracy"": 0.33291858434677124}"
2026-04-15T23:14:34.362858,random,lcbench,167201,2,790,167.3101043701172,"{""OpenML_task_id"": ""189906"", ""batch_size"": 23, ""epoch"": 33, ""learning_rate"": 0.00014061544004285268, ""max_dropout"": 0.20806955062914811, ""max_units"": 261, ""momentum"": 0.7378023973397294, ""num_layers"": 4, ""weight_decay"": 0.028639448144471617}","{""time"": 167.3101043701172, ""val_accuracy"": 63.232364654541016, ""val_cross_entropy"": 1.0291712284088135, ""val_balanced_accuracy"": 0.3554507791996002, ""test_cross_entropy"": 1.10462486743927, ""test_balanced_accuracy"": 0.360964298248291}"
2026-04-15T23:14:34.362858,random,lcbench,167201,2,791,449.72528076171875,"{""OpenML_task_id"": ""146212"", ""batch_size"": 24, ""epoch"": 23, ""learning_rate"": 0.009864461683686505, ""max_dropout"": 0.07927676581503595, ""max_units"": 592, ""momentum"": 0.8501808271677328, ""num_layers"": 5, ""weight_decay"": 0.05139180314928995}","{""time"": 449.72528076171875, ""val_accuracy"": 57.30607223510742, ""val_cross_entropy"": 0.9990218281745911, ""val_balanced_accuracy"": 0.3351510465145111, ""test_cross_entropy"": 1.0754940509796143, ""test_balanced_accuracy"": 0.3353946805000305}"
2026-04-15T23:14:34.366628,random,lcbench,167201,2,792,30.26852035522461,"{""OpenML_task_id"": ""168335"", ""batch_size"": 269, ""epoch"": 8, ""learning_rate"": 0.0010030877850275752, ""max_dropout"": 0.7179520621244543, ""max_units"": 172, ""momentum"": 0.6663720564026713, ""num_layers"": 3, ""weight_decay"": 0.06884147324823109}","{""time"": 30.26852035522461, ""val_accuracy"": 40.284881591796875, ""val_cross_entropy"": 1.0620726346969604, ""val_balanced_accuracy"": 0.3557790517807007, ""test_cross_entropy"": 1.1096526384353638, ""test_balanced_accuracy"": 0.3574625551700592}"
2026-04-15T23:14:34.366628,random,lcbench,167201,2,793,312.9653625488281,"{""OpenML_task_id"": ""168910"", ""batch_size"": 45, ""epoch"": 42, ""learning_rate"": 0.0029321931233453145, ""max_dropout"": 0.9814612288566301, ""max_units"": 869, ""momentum"": 0.9722174544641518, ""num_layers"": 3, ""weight_decay"": 0.055645376821798785}","{""time"": 312.9653625488281, ""val_accuracy"": 58.70232009887695, ""val_cross_entropy"": 1.042441487312317, ""val_balanced_accuracy"": 0.35407716035842896, ""test_cross_entropy"": 1.1001615524291992, ""test_balanced_accuracy"": 0.36157551407814026}"
2026-04-15T23:14:34.366628,random,lcbench,167201,2,794,43.288692474365234,"{""OpenML_task_id"": ""167185"", ""batch_size"": 113, ""epoch"": 20, ""learning_rate"": 0.006443050740961109, ""max_dropout"": 0.028627855971904315, ""max_units"": 182, ""momentum"": 0.9263016069014033, ""num_layers"": 2, ""weight_decay"": 0.032256225768926394}","{""time"": 43.288692474365234, ""val_accuracy"": 52.221778869628906, ""val_cross_entropy"": 1.007912516593933, ""val_balanced_accuracy"": 0.459185391664505, ""test_cross_entropy"": 1.069867491722107, ""test_balanced_accuracy"": 0.4605141878128052}"
2026-04-15T23:14:34.366628,random,lcbench,167201,2,795,27.117015838623047,"{""OpenML_task_id"": ""189906"", ""batch_size"": 309, ""epoch"": 9, ""learning_rate"": 0.04703856422217025, ""max_dropout"": 0.20823955695721108, ""max_units"": 66, ""momentum"": 0.8034362538061067, ""num_layers"": 4, ""weight_decay"": 0.020684864890412914}","{""time"": 27.117015838623047, ""val_accuracy"": 43.74551010131836, ""val_cross_entropy"": 1.076058030128479, ""val_balanced_accuracy"": 0.3535608947277069, ""test_cross_entropy"": 1.1101042032241821, ""test_balanced_accuracy"": 0.3535204231739044}"
2026-04-15T23:14:34.371311,random,lcbench,167201,2,796,56.87362289428711,"{""OpenML_task_id"": ""167181"", ""batch_size"": 25, ""epoch"": 5, ""learning_rate"": 0.005891666902184331, ""max_dropout"": 0.5677304425007116, ""max_units"": 433, ""momentum"": 0.6554210745948439, ""num_layers"": 5, ""weight_decay"": 0.06752606137806241}","{""time"": 56.87362289428711, ""val_accuracy"": 57.62678527832031, ""val_cross_entropy"": 0.9325234293937683, ""val_balanced_accuracy"": 0.3607502579689026, ""test_cross_entropy"": 1.0656046867370605, ""test_balanced_accuracy"": 0.3579128384590149}"
2026-04-15T23:14:34.371311,random,lcbench,167201,2,797,19.164352416992188,"{""OpenML_task_id"": ""34539"", ""batch_size"": 29, ""epoch"": 5, ""learning_rate"": 0.008209577010989493, ""max_dropout"": 0.8156472055194813, ""max_units"": 87, ""momentum"": 0.24809448326976438, ""num_layers"": 4, ""weight_decay"": 0.008314866723430072}","{""time"": 19.164352416992188, ""val_accuracy"": 54.212852478027344, ""val_cross_entropy"": 1.0934449434280396, ""val_balanced_accuracy"": 0.3221548795700073, ""test_cross_entropy"": 1.1053063869476318, ""test_balanced_accuracy"": 0.32099929451942444}"
2026-04-15T23:14:34.371311,random,lcbench,167201,2,798,58.895606994628906,"{""OpenML_task_id"": ""34539"", ""batch_size"": 226, ""epoch"": 28, ""learning_rate"": 0.02721017948489356, ""max_dropout"": 0.9989213417895119, ""max_units"": 76, ""momentum"": 0.12451156536940243, ""num_layers"": 4, ""weight_decay"": 0.020973014284784722}","{""time"": 58.895606994628906, ""val_accuracy"": 52.85116195678711, ""val_cross_entropy"": 1.1464191675186157, ""val_balanced_accuracy"": 0.3227003812789917, ""test_cross_entropy"": 1.1117773056030273, ""test_balanced_accuracy"": 0.3209778964519501}"
2026-04-15T23:14:34.371311,random,lcbench,167201,2,799,105.8474349975586,"{""OpenML_task_id"": ""167201"", ""batch_size"": 37, ""epoch"": 35, ""learning_rate"": 0.01663445383532612, ""max_dropout"": 0.3126701720448116, ""max_units"": 64, ""momentum"": 0.211359430257121, ""num_layers"": 4, ""weight_decay"": 0.0004479680481230869}","{""time"": 105.8474349975586, ""val_accuracy"": 67.64667510986328, ""val_cross_entropy"": 0.7761715650558472, ""val_balanced_accuracy"": 0.6059802174568176, ""test_cross_entropy"": 0.9317418336868286, ""test_balanced_accuracy"": 0.5975511074066162}"
2026-04-15T23:14:34.371311,random,lcbench,167201,2,800,82.24323272705078,"{""OpenML_task_id"": ""167104"", ""batch_size"": 363, ""epoch"": 15, ""learning_rate"": 0.04114082067428836, ""max_dropout"": 0.9424670691806591, ""max_units"": 369, ""momentum"": 0.7394903301219268, ""num_layers"": 3, ""weight_decay"": 0.09878904065976304}","{""time"": 82.24323272705078, ""val_accuracy"": 43.99813461303711, ""val_cross_entropy"": 1.061079978942871, ""val_balanced_accuracy"": 0.3288341760635376, ""test_cross_entropy"": 1.101546049118042, ""test_balanced_accuracy"": 0.32983607053756714}"
2026-04-15T23:14:34.376933,random,lcbench,167201,2,801,300.0888366699219,"{""OpenML_task_id"": ""126026"", ""batch_size"": 100, ""epoch"": 45, ""learning_rate"": 0.00037864114118520614, ""max_dropout"": 0.7780636035569325, ""max_units"": 558, ""momentum"": 0.8877132048160585, ""num_layers"": 4, ""weight_decay"": 0.030124730908975664}","{""time"": 300.0888366699219, ""val_accuracy"": 51.42961502075195, ""val_cross_entropy"": 1.058389663696289, ""val_balanced_accuracy"": 0.35086166858673096, ""test_cross_entropy"": 1.1158260107040405, ""test_balanced_accuracy"": 0.35156166553497314}"
2026-04-15T23:14:34.379556,random,lcbench,167201,2,802,141.05502319335938,"{""OpenML_task_id"": ""168908"", ""batch_size"": 69, ""epoch"": 22, ""learning_rate"": 0.00042311147490166107, ""max_dropout"": 0.8518483167563464, ""max_units"": 562, ""momentum"": 0.6252584252835831, ""num_layers"": 4, ""weight_decay"": 0.01683089602832159}","{""time"": 141.05502319335938, ""val_accuracy"": 47.87909698486328, ""val_cross_entropy"": 1.0520689487457275, ""val_balanced_accuracy"": 0.3482128977775574, ""test_cross_entropy"": 1.108748197555542, ""test_balanced_accuracy"": 0.3495084345340729}"
2026-04-15T23:14:34.379556,random,lcbench,167201,2,803,89.09844970703125,"{""OpenML_task_id"": ""168335"", ""batch_size"": 401, ""epoch"": 41, ""learning_rate"": 0.0003200954041109069, ""max_dropout"": 0.48254429511031627, ""max_units"": 155, ""momentum"": 0.1414893368524352, ""num_layers"": 1, ""weight_decay"": 0.04019806663380875}","{""time"": 89.09844970703125, ""val_accuracy"": 39.01417922973633, ""val_cross_entropy"": 1.088000774383545, ""val_balanced_accuracy"": 0.34784913063049316, ""test_cross_entropy"": 1.1008790731430054, ""test_balanced_accuracy"": 0.3458261489868164}"
2026-04-15T23:14:34.379556,random,lcbench,167201,2,804,35.78783416748047,"{""OpenML_task_id"": ""167104"", ""batch_size"": 137, ""epoch"": 15, ""learning_rate"": 0.0692645283881082, ""max_dropout"": 0.9238050721121053, ""max_units"": 759, ""momentum"": 0.8138069065279603, ""num_layers"": 1, ""weight_decay"": 0.04155158432701543}","{""time"": 35.78783416748047, ""val_accuracy"": 42.10255813598633, ""val_cross_entropy"": 1.094525933265686, ""val_balanced_accuracy"": 0.38174107670783997, ""test_cross_entropy"": 1.1041007041931152, ""test_balanced_accuracy"": 0.3865607976913452}"
2026-04-15T23:14:34.379556,random,lcbench,167201,2,805,114.43737030029297,"{""OpenML_task_id"": ""168868"", ""batch_size"": 47, ""epoch"": 22, ""learning_rate"": 0.03227630445196283, ""max_dropout"": 0.24985176620524963, ""max_units"": 759, ""momentum"": 0.8374160512423475, ""num_layers"": 2, ""weight_decay"": 0.06836794958426982}","{""time"": 114.43737030029297, ""val_accuracy"": 48.26023483276367, ""val_cross_entropy"": 1.0164897441864014, ""val_balanced_accuracy"": 0.408351868391037, ""test_cross_entropy"": 1.0898486375808716, ""test_balanced_accuracy"": 0.4079805016517639}"
2026-04-15T23:14:34.379556,random,lcbench,167201,2,806,2.8894851207733154,"{""OpenML_task_id"": ""167168"", ""batch_size"": 89, ""epoch"": 1, ""learning_rate"": 0.0171363792724183, ""max_dropout"": 0.5252405597351523, ""max_units"": 83, ""momentum"": 0.8009072890168922, ""num_layers"": 5, ""weight_decay"": 0.00019832180805030364}","{""time"": 2.8894851207733154, ""val_accuracy"": 31.105052947998047, ""val_cross_entropy"": 0.9352588653564453, ""val_balanced_accuracy"": 0.332265168428421, ""test_cross_entropy"": 1.0774610042572021, ""test_balanced_accuracy"": 0.33619657158851624}"
2026-04-15T23:14:34.379556,random,lcbench,167201,2,807,41.88724899291992,"{""OpenML_task_id"": ""167152"", ""batch_size"": 65, ""epoch"": 10, ""learning_rate"": 0.004000264261104367, ""max_dropout"": 0.9816217886792539, ""max_units"": 194, ""momentum"": 0.9812366506146277, ""num_layers"": 3, ""weight_decay"": 0.05512152868874762}","{""time"": 41.88724899291992, ""val_accuracy"": 50.57088851928711, ""val_cross_entropy"": 1.1171513795852661, ""val_balanced_accuracy"": 0.3298291563987732, ""test_cross_entropy"": 1.1134655475616455, ""test_balanced_accuracy"": 0.33461514115333557}"
2026-04-15T23:14:34.387779,random,lcbench,167201,2,808,111.1310806274414,"{""OpenML_task_id"": ""3945"", ""batch_size"": 24, ""epoch"": 35, ""learning_rate"": 0.0008655599471059246, ""max_dropout"": 0.31075331991604005, ""max_units"": 187, ""momentum"": 0.3317973344443892, ""num_layers"": 2, ""weight_decay"": 0.046425447752459596}","{""time"": 111.1310806274414, ""val_accuracy"": 53.9431266784668, ""val_cross_entropy"": 1.0270698070526123, ""val_balanced_accuracy"": 0.4089060127735138, ""test_cross_entropy"": 1.088686466217041, ""test_balanced_accuracy"": 0.40685373544692993}"
2026-04-15T23:14:34.387779,random,lcbench,167201,2,809,40.986419677734375,"{""OpenML_task_id"": ""167161"", ""batch_size"": 435, ""epoch"": 10, ""learning_rate"": 0.00078929907629313, ""max_dropout"": 0.5920342612505745, ""max_units"": 153, ""momentum"": 0.8732144572255742, ""num_layers"": 3, ""weight_decay"": 0.017102975998130206}","{""time"": 40.986419677734375, ""val_accuracy"": 39.277671813964844, ""val_cross_entropy"": 1.040972113609314, ""val_balanced_accuracy"": 0.3707633316516876, ""test_cross_entropy"": 1.110419750213623, ""test_balanced_accuracy"": 0.3717341423034668}"
2026-04-15T23:14:34.387779,random,lcbench,167201,2,810,113.76802825927734,"{""OpenML_task_id"": ""126026"", ""batch_size"": 23, ""epoch"": 38, ""learning_rate"": 0.0046348546160200075, ""max_dropout"": 0.7918074633171807, ""max_units"": 141, ""momentum"": 0.8932403787420146, ""num_layers"": 3, ""weight_decay"": 0.008608595185821698}","{""time"": 113.76802825927734, ""val_accuracy"": 58.645023345947266, ""val_cross_entropy"": 0.9560017585754395, ""val_balanced_accuracy"": 0.454738587141037, ""test_cross_entropy"": 1.0199382305145264, ""test_balanced_accuracy"": 0.45288193225860596}"
2026-04-15T23:14:34.387779,random,lcbench,167201,2,811,123.50282287597656,"{""OpenML_task_id"": ""167152"", ""batch_size"": 156, ""epoch"": 28, ""learning_rate"": 0.09641743851344536, ""max_dropout"": 0.46888471765690043, ""max_units"": 263, ""momentum"": 0.21906083486353609, ""num_layers"": 5, ""weight_decay"": 0.06380332823741437}","{""time"": 123.50282287597656, ""val_accuracy"": 59.82678985595703, ""val_cross_entropy"": 1.0080204010009766, ""val_balanced_accuracy"": 0.35961052775382996, ""test_cross_entropy"": 1.0919679403305054, ""test_balanced_accuracy"": 0.35430482029914856}"
2026-04-15T23:14:34.387779,random,lcbench,167201,2,812,42.67512512207031,"{""OpenML_task_id"": ""168908"", ""batch_size"": 36, ""epoch"": 20, ""learning_rate"": 0.0122047770667818, ""max_dropout"": 0.4530711084303781, ""max_units"": 136, ""momentum"": 0.2610235975356575, ""num_layers"": 1, ""weight_decay"": 0.06714229165143355}","{""time"": 42.67512512207031, ""val_accuracy"": 44.80785369873047, ""val_cross_entropy"": 1.034815788269043, ""val_balanced_accuracy"": 0.414599746465683, ""test_cross_entropy"": 1.0873147249221802, ""test_balanced_accuracy"": 0.4169813096523285}"
2026-04-15T23:14:34.387779,random,lcbench,167201,2,813,87.67887878417969,"{""OpenML_task_id"": ""167168"", ""batch_size"": 30, ""epoch"": 17, ""learning_rate"": 0.03422397152506633, ""max_dropout"": 0.14764321146899606, ""max_units"": 101, ""momentum"": 0.6831016294716673, ""num_layers"": 3, ""weight_decay"": 0.0876632595347007}","{""time"": 87.67887878417969, ""val_accuracy"": 47.23480987548828, ""val_cross_entropy"": 1.032569408416748, ""val_balanced_accuracy"": 0.3157093822956085, ""test_cross_entropy"": 1.1082345247268677, ""test_balanced_accuracy"": 0.30985233187675476}"
2026-04-15T23:14:34.387779,random,lcbench,167201,2,814,94.83251190185547,"{""OpenML_task_id"": ""167200"", ""batch_size"": 47, ""epoch"": 42, ""learning_rate"": 0.0014583322143866776, ""max_dropout"": 0.026923867877722385, ""max_units"": 182, ""momentum"": 0.8857090128618244, ""num_layers"": 2, ""weight_decay"": 0.00887628606313556}","{""time"": 94.83251190185547, ""val_accuracy"": 55.362510681152344, ""val_cross_entropy"": 0.9345899224281311, ""val_balanced_accuracy"": 0.5038549900054932, ""test_cross_entropy"": 1.0354434251785278, ""test_balanced_accuracy"": 0.5021520256996155}"
2026-04-15T23:14:34.387779,random,lcbench,167201,2,815,94.30818939208984,"{""OpenML_task_id"": ""189866"", ""batch_size"": 141, ""epoch"": 37, ""learning_rate"": 0.0006136757605761928, ""max_dropout"": 0.5418469160068803, ""max_units"": 263, ""momentum"": 0.5002288614372367, ""num_layers"": 2, ""weight_decay"": 0.05638103639271242}","{""time"": 94.30818939208984, ""val_accuracy"": 44.166717529296875, ""val_cross_entropy"": 1.0474334955215454, ""val_balanced_accuracy"": 0.4128195643424988, ""test_cross_entropy"": 1.0973321199417114, ""test_balanced_accuracy"": 0.4107147455215454}"
2026-04-15T23:14:34.396417,random,lcbench,167201,2,816,46.938018798828125,"{""OpenML_task_id"": ""167152"", ""batch_size"": 54, ""epoch"": 18, ""learning_rate"": 0.00026842382361813924, ""max_dropout"": 0.7035680607884558, ""max_units"": 401, ""momentum"": 0.17707174076030524, ""num_layers"": 1, ""weight_decay"": 0.07672241703244768}","{""time"": 46.938018798828125, ""val_accuracy"": 42.91019821166992, ""val_cross_entropy"": 1.0029882192611694, ""val_balanced_accuracy"": 0.3880693018436432, ""test_cross_entropy"": 1.090348720550537, ""test_balanced_accuracy"": 0.38547036051750183}"
2026-04-15T23:14:34.396417,random,lcbench,167201,2,817,49.50524139404297,"{""OpenML_task_id"": ""167190"", ""batch_size"": 24, ""epoch"": 14, ""learning_rate"": 0.0037413855277305817, ""max_dropout"": 0.5110565884127288, ""max_units"": 91, ""momentum"": 0.8609273977729486, ""num_layers"": 4, ""weight_decay"": 0.018682510562090658}","{""time"": 49.50524139404297, ""val_accuracy"": 57.23048400878906, ""val_cross_entropy"": 1.0537368059158325, ""val_balanced_accuracy"": 0.3203381299972534, ""test_cross_entropy"": 1.0986220836639404, ""test_balanced_accuracy"": 0.3238682448863983}"
2026-04-15T23:14:34.396417,random,lcbench,167201,2,818,215.2087860107422,"{""OpenML_task_id"": ""168330"", ""batch_size"": 177, ""epoch"": 32, ""learning_rate"": 0.00020520229375302544, ""max_dropout"": 0.12834743722199482, ""max_units"": 510, ""momentum"": 0.14247675888573408, ""num_layers"": 5, ""weight_decay"": 0.05293618017437626}","{""time"": 215.2087860107422, ""val_accuracy"": 24.095565795898438, ""val_cross_entropy"": 1.0289534330368042, ""val_balanced_accuracy"": 0.3501349687576294, ""test_cross_entropy"": 1.0909613370895386, ""test_balanced_accuracy"": 0.3490660786628723}"
2026-04-15T23:14:34.396417,random,lcbench,167201,2,819,29.477855682373047,"{""OpenML_task_id"": ""126029"", ""batch_size"": 333, ""epoch"": 8, ""learning_rate"": 0.019305593199093214, ""max_dropout"": 0.9095413290452052, ""max_units"": 184, ""momentum"": 0.7104605416553325, ""num_layers"": 5, ""weight_decay"": 0.016290395262000316}","{""time"": 29.477855682373047, ""val_accuracy"": 43.974308013916016, ""val_cross_entropy"": 1.001345157623291, ""val_balanced_accuracy"": 0.3412350118160248, ""test_cross_entropy"": 1.1038360595703125, ""test_balanced_accuracy"": 0.33707815408706665}"
2026-04-15T23:14:34.396417,random,lcbench,167201,2,820,61.00962448120117,"{""OpenML_task_id"": ""3945"", ""batch_size"": 467, ""epoch"": 27, ""learning_rate"": 0.01485233119179764, ""max_dropout"": 0.07954643487878155, ""max_units"": 360, ""momentum"": 0.1369467607719815, ""num_layers"": 1, ""weight_decay"": 0.03364443928313761}","{""time"": 61.00962448120117, ""val_accuracy"": 46.1226692199707, ""val_cross_entropy"": 1.057861566543579, ""val_balanced_accuracy"": 0.4109247624874115, ""test_cross_entropy"": 1.1008487939834595, ""test_balanced_accuracy"": 0.4112626910209656}"
2026-04-15T23:14:34.396417,random,lcbench,167201,2,821,112.99549102783203,"{""OpenML_task_id"": ""168331"", ""batch_size"": 269, ""epoch"": 29, ""learning_rate"": 0.00010326189734259826, ""max_dropout"": 0.08104470584114609, ""max_units"": 577, ""momentum"": 0.20235398071285987, ""num_layers"": 2, ""weight_decay"": 0.041692990785545246}","{""time"": 112.99549102783203, ""val_accuracy"": 39.35783767700195, ""val_cross_entropy"": 1.0783978700637817, ""val_balanced_accuracy"": 0.3759094774723053, ""test_cross_entropy"": 1.116225004196167, ""test_balanced_accuracy"": 0.3758958578109741}"
2026-04-15T23:14:34.396417,random,lcbench,167201,2,822,133.3784637451172,"{""OpenML_task_id"": ""167168"", ""batch_size"": 23, ""epoch"": 22, ""learning_rate"": 0.0013126065539844638, ""max_dropout"": 0.20112023635394316, ""max_units"": 268, ""momentum"": 0.281450817772776, ""num_layers"": 5, ""weight_decay"": 0.05784678800663927}","{""time"": 133.3784637451172, ""val_accuracy"": 76.33697509765625, ""val_cross_entropy"": 0.9365115165710449, ""val_balanced_accuracy"": 0.3711503744125366, ""test_cross_entropy"": 1.049926519393921, ""test_balanced_accuracy"": 0.37001872062683105}"
2026-04-15T23:14:34.396417,random,lcbench,167201,2,823,245.37954711914062,"{""OpenML_task_id"": ""189862"", ""batch_size"": 36, ""epoch"": 13, ""learning_rate"": 0.040360186532270685, ""max_dropout"": 0.18528550860412218, ""max_units"": 846, ""momentum"": 0.8860855372121584, ""num_layers"": 3, ""weight_decay"": 0.0535179033492723}","{""time"": 245.37954711914062, ""val_accuracy"": 42.976707458496094, ""val_cross_entropy"": 0.9550451040267944, ""val_balanced_accuracy"": 0.3603823184967041, ""test_cross_entropy"": 1.1018468141555786, ""test_balanced_accuracy"": 0.3598012626171112}"
2026-04-15T23:14:34.396417,random,lcbench,167201,2,824,66.69348907470703,"{""OpenML_task_id"": ""168331"", ""batch_size"": 55, ""epoch"": 42, ""learning_rate"": 0.001018672415460241, ""max_dropout"": 0.20979402025902527, ""max_units"": 127, ""momentum"": 0.6473094633931318, ""num_layers"": 1, ""weight_decay"": 0.03865966524955134}","{""time"": 66.69348907470703, ""val_accuracy"": 44.89202880859375, ""val_cross_entropy"": 1.064893364906311, ""val_balanced_accuracy"": 0.4233967661857605, ""test_cross_entropy"": 1.0962697267532349, ""test_balanced_accuracy"": 0.41936612129211426}"
2026-04-15T23:14:34.405161,random,lcbench,167201,2,825,98.58084869384766,"{""OpenML_task_id"": ""168910"", ""batch_size"": 148, ""epoch"": 13, ""learning_rate"": 0.0929960696462944, ""max_dropout"": 0.439424064751628, ""max_units"": 830, ""momentum"": 0.3638285641175092, ""num_layers"": 4, ""weight_decay"": 0.0007095933523682689}","{""time"": 98.58084869384766, ""val_accuracy"": 66.58991241455078, ""val_cross_entropy"": 0.6999501585960388, ""val_balanced_accuracy"": 0.6825523376464844, ""test_cross_entropy"": 0.917108416557312, ""test_balanced_accuracy"": 0.6779308319091797}"
2026-04-15T23:14:34.405161,random,lcbench,167201,2,826,100.2821044921875,"{""OpenML_task_id"": ""168329"", ""batch_size"": 41, ""epoch"": 23, ""learning_rate"": 0.09715170856511407, ""max_dropout"": 0.759437720755209, ""max_units"": 128, ""momentum"": 0.3889067598020769, ""num_layers"": 3, ""weight_decay"": 0.09080290038795068}","{""time"": 100.2821044921875, ""val_accuracy"": 46.332340240478516, ""val_cross_entropy"": 1.0257740020751953, ""val_balanced_accuracy"": 0.32965871691703796, ""test_cross_entropy"": 1.098944067955017, ""test_balanced_accuracy"": 0.3274010121822357}"
2026-04-15T23:14:34.405161,random,lcbench,167201,2,827,24.236042022705078,"{""OpenML_task_id"": ""189906"", ""batch_size"": 25, ""epoch"": 2, ""learning_rate"": 0.0038625306465633245, ""max_dropout"": 0.041489494007969974, ""max_units"": 913, ""momentum"": 0.17029835113125336, ""num_layers"": 5, ""weight_decay"": 0.013684646224726468}","{""time"": 24.236042022705078, ""val_accuracy"": 46.34453582763672, ""val_cross_entropy"": 0.9682455062866211, ""val_balanced_accuracy"": 0.34218069911003113, ""test_cross_entropy"": 1.0974255800247192, ""test_balanced_accuracy"": 0.34525012969970703}"
2026-04-15T23:14:34.405161,random,lcbench,167201,2,828,72.16539001464844,"{""OpenML_task_id"": ""7593"", ""batch_size"": 66, ""epoch"": 45, ""learning_rate"": 0.0013775211001632408, ""max_dropout"": 0.9883798941103585, ""max_units"": 301, ""momentum"": 0.9715658496303319, ""num_layers"": 1, ""weight_decay"": 0.08189766308755547}","{""time"": 72.16539001464844, ""val_accuracy"": 48.195289611816406, ""val_cross_entropy"": 0.9947511553764343, ""val_balanced_accuracy"": 0.4373461902141571, ""test_cross_entropy"": 1.088985800743103, ""test_balanced_accuracy"": 0.4380566477775574}"
2026-04-15T23:14:34.405161,random,lcbench,167201,2,829,29.956157684326172,"{""OpenML_task_id"": ""168908"", ""batch_size"": 97, ""epoch"": 8, ""learning_rate"": 0.006569764485732827, ""max_dropout"": 0.10902353741550252, ""max_units"": 240, ""momentum"": 0.63933168795193, ""num_layers"": 5, ""weight_decay"": 0.07379995433455425}","{""time"": 29.956157684326172, ""val_accuracy"": 56.25998306274414, ""val_cross_entropy"": 0.9237220883369446, ""val_balanced_accuracy"": 0.37066999077796936, ""test_cross_entropy"": 1.0747021436691284, ""test_balanced_accuracy"": 0.3721023201942444}"
2026-04-15T23:14:34.405161,random,lcbench,167201,2,830,79.51145935058594,"{""OpenML_task_id"": ""126025"", ""batch_size"": 39, ""epoch"": 40, ""learning_rate"": 0.004335836594135638, ""max_dropout"": 0.1920071291723653, ""max_units"": 761, ""momentum"": 0.2989532165703522, ""num_layers"": 1, ""weight_decay"": 0.04882644835899992}","{""time"": 79.51145935058594, ""val_accuracy"": 45.109012603759766, ""val_cross_entropy"": 1.082190752029419, ""val_balanced_accuracy"": 0.415583074092865, ""test_cross_entropy"": 1.094895839691162, ""test_balanced_accuracy"": 0.41237887740135193}"
2026-04-15T23:14:34.405161,random,lcbench,167201,2,831,13.385664939880371,"{""OpenML_task_id"": ""189908"", ""batch_size"": 282, ""epoch"": 5, ""learning_rate"": 0.043101255632270435, ""max_dropout"": 0.3460062986946778, ""max_units"": 160, ""momentum"": 0.9270849336483455, ""num_layers"": 2, ""weight_decay"": 0.0325678143447503}","{""time"": 13.385664939880371, ""val_accuracy"": 46.602394104003906, ""val_cross_entropy"": 1.092519998550415, ""val_balanced_accuracy"": 0.44268637895584106, ""test_cross_entropy"": 1.084288239479065, ""test_balanced_accuracy"": 0.44254621863365173}"
2026-04-15T23:14:34.405161,random,lcbench,167201,2,832,267.1988525390625,"{""OpenML_task_id"": ""167190"", ""batch_size"": 120, ""epoch"": 49, ""learning_rate"": 0.009828745785907485, ""max_dropout"": 0.962987317081622, ""max_units"": 734, ""momentum"": 0.5858112299951478, ""num_layers"": 3, ""weight_decay"": 0.08112666941991838}","{""time"": 267.1988525390625, ""val_accuracy"": 58.735694885253906, ""val_cross_entropy"": 1.009028434753418, ""val_balanced_accuracy"": 0.3557491898536682, ""test_cross_entropy"": 1.0909498929977417, ""test_balanced_accuracy"": 0.3611440360546112}"
2026-04-15T23:14:34.413134,random,lcbench,167201,2,833,246.258056640625,"{""OpenML_task_id"": ""7593"", ""batch_size"": 145, ""epoch"": 11, ""learning_rate"": 0.07315751094610441, ""max_dropout"": 0.08030212717439933, ""max_units"": 692, ""momentum"": 0.39821472748329767, ""num_layers"": 4, ""weight_decay"": 0.09117334820651571}","{""time"": 246.258056640625, ""val_accuracy"": 45.41228103637695, ""val_cross_entropy"": 1.056304693222046, ""val_balanced_accuracy"": 0.3064410984516144, ""test_cross_entropy"": 1.1096285581588745, ""test_balanced_accuracy"": 0.3118688464164734}"
2026-04-15T23:14:34.413134,random,lcbench,167201,2,834,10.737565040588379,"{""OpenML_task_id"": ""167184"", ""batch_size"": 75, ""epoch"": 2, ""learning_rate"": 0.00016510568187467776, ""max_dropout"": 0.9779257319424353, ""max_units"": 681, ""momentum"": 0.3211739052202006, ""num_layers"": 4, ""weight_decay"": 0.050375758044036836}","{""time"": 10.737565040588379, ""val_accuracy"": 27.495019912719727, ""val_cross_entropy"": 0.9751498699188232, ""val_balanced_accuracy"": 0.32728925347328186, ""test_cross_entropy"": 1.1106821298599243, ""test_balanced_accuracy"": 0.33061015605926514}"
2026-04-15T23:14:34.415698,random,lcbench,167201,2,835,5.4092936515808105,"{""OpenML_task_id"": ""189908"", ""batch_size"": 81, ""epoch"": 1, ""learning_rate"": 0.02703296091049466, ""max_dropout"": 0.874841515371597, ""max_units"": 445, ""momentum"": 0.3260832759600155, ""num_layers"": 1, ""weight_decay"": 0.027603509071547197}","{""time"": 5.4092936515808105, ""val_accuracy"": 39.83233642578125, ""val_cross_entropy"": 1.1861395835876465, ""val_balanced_accuracy"": 0.34887170791625977, ""test_cross_entropy"": 1.1016464233398438, ""test_balanced_accuracy"": 0.3431735336780548}"
2026-04-15T23:14:34.415698,random,lcbench,167201,2,836,82.00059509277344,"{""OpenML_task_id"": ""167161"", ""batch_size"": 63, ""epoch"": 28, ""learning_rate"": 0.0514454455506679, ""max_dropout"": 0.5874795526656026, ""max_units"": 80, ""momentum"": 0.9557312726165161, ""num_layers"": 4, ""weight_decay"": 0.02236039811565849}","{""time"": 82.00059509277344, ""val_accuracy"": 43.8450813293457, ""val_cross_entropy"": 1.112209677696228, ""val_balanced_accuracy"": 0.30560290813446045, ""test_cross_entropy"": 1.115079641342163, ""test_balanced_accuracy"": 0.3102071285247803}"
2026-04-15T23:14:34.415698,random,lcbench,167201,2,837,49.27375793457031,"{""OpenML_task_id"": ""189862"", ""batch_size"": 36, ""epoch"": 23, ""learning_rate"": 0.03344765694221524, ""max_dropout"": 0.3944338239202414, ""max_units"": 306, ""momentum"": 0.13635019493445122, ""num_layers"": 1, ""weight_decay"": 0.018030938921581006}","{""time"": 49.27375793457031, ""val_accuracy"": 44.71487808227539, ""val_cross_entropy"": 1.036713719367981, ""val_balanced_accuracy"": 0.4097070097923279, ""test_cross_entropy"": 1.081483244895935, ""test_balanced_accuracy"": 0.4127376973628998}"
2026-04-15T23:14:34.415698,random,lcbench,167201,2,838,34.520259857177734,"{""OpenML_task_id"": ""167185"", ""batch_size"": 275, ""epoch"": 12, ""learning_rate"": 0.00022657987127445823, ""max_dropout"": 0.19220558642194785, ""max_units"": 378, ""momentum"": 0.9721103274855757, ""num_layers"": 1, ""weight_decay"": 0.018281637869761242}","{""time"": 34.520259857177734, ""val_accuracy"": 43.950828552246094, ""val_cross_entropy"": 1.0742886066436768, ""val_balanced_accuracy"": 0.3808392882347107, ""test_cross_entropy"": 1.1006455421447754, ""test_balanced_accuracy"": 0.3797222673892975}"
2026-04-15T23:14:34.415698,random,lcbench,167201,2,839,50.1313591003418,"{""OpenML_task_id"": ""34539"", ""batch_size"": 115, ""epoch"": 10, ""learning_rate"": 0.00127806371667256, ""max_dropout"": 0.8061620168436274, ""max_units"": 368, ""momentum"": 0.84777296858372, ""num_layers"": 4, ""weight_decay"": 0.056988523273292555}","{""time"": 50.1313591003418, ""val_accuracy"": 48.686729431152344, ""val_cross_entropy"": 1.0222103595733643, ""val_balanced_accuracy"": 0.3348366916179657, ""test_cross_entropy"": 1.1087697744369507, ""test_balanced_accuracy"": 0.3356378674507141}"
2026-04-15T23:14:34.415698,random,lcbench,167201,2,840,243.5988006591797,"{""OpenML_task_id"": ""168329"", ""batch_size"": 16, ""epoch"": 49, ""learning_rate"": 0.0010757029898073836, ""max_dropout"": 0.41028740087138915, ""max_units"": 252, ""momentum"": 0.16191826028447173, ""num_layers"": 3, ""weight_decay"": 0.06891484969612825}","{""time"": 243.5988006591797, ""val_accuracy"": 67.08325958251953, ""val_cross_entropy"": 1.0981173515319824, ""val_balanced_accuracy"": 0.34751754999160767, ""test_cross_entropy"": 1.097635269165039, ""test_balanced_accuracy"": 0.3432946503162384}"
2026-04-15T23:14:34.415698,random,lcbench,167201,2,841,73.66584014892578,"{""OpenML_task_id"": ""189862"", ""batch_size"": 99, ""epoch"": 50, ""learning_rate"": 0.002857161401769538, ""max_dropout"": 0.2225512345400874, ""max_units"": 98, ""momentum"": 0.5121389110889871, ""num_layers"": 1, ""weight_decay"": 0.03826882767440673}","{""time"": 73.66584014892578, ""val_accuracy"": 44.602272033691406, ""val_cross_entropy"": 1.067386269569397, ""val_balanced_accuracy"": 0.41998007893562317, ""test_cross_entropy"": 1.0959110260009766, ""test_balanced_accuracy"": 0.4185454547405243}"
2026-04-15T23:14:34.421516,random,lcbench,167201,2,842,48.689476013183594,"{""OpenML_task_id"": ""167161"", ""batch_size"": 32, ""epoch"": 30, ""learning_rate"": 0.05956528793506433, ""max_dropout"": 0.2510298155216947, ""max_units"": 280, ""momentum"": 0.6181565913931524, ""num_layers"": 1, ""weight_decay"": 0.04530245293677627}","{""time"": 48.689476013183594, ""val_accuracy"": 43.05949401855469, ""val_cross_entropy"": 1.0447392463684082, ""val_balanced_accuracy"": 0.38474318385124207, ""test_cross_entropy"": 1.087234377861023, ""test_balanced_accuracy"": 0.38822996616363525}"
2026-04-15T23:14:34.422014,random,lcbench,167201,2,843,23.159507751464844,"{""OpenML_task_id"": ""167190"", ""batch_size"": 30, ""epoch"": 8, ""learning_rate"": 0.03397608450751529, ""max_dropout"": 0.9220277731219332, ""max_units"": 276, ""momentum"": 0.5878392821076047, ""num_layers"": 5, ""weight_decay"": 0.008275981387246717}","{""time"": 23.159507751464844, ""val_accuracy"": 54.93104934692383, ""val_cross_entropy"": 0.9451884627342224, ""val_balanced_accuracy"": 0.3654617369174957, ""test_cross_entropy"": 1.0705381631851196, ""test_balanced_accuracy"": 0.35981088876724243}"
2026-04-15T23:14:34.422014,random,lcbench,167201,2,844,21.1947021484375,"{""OpenML_task_id"": ""168910"", ""batch_size"": 475, ""epoch"": 6, ""learning_rate"": 0.019088781942735642, ""max_dropout"": 0.1807216757011143, ""max_units"": 121, ""momentum"": 0.20501436104110726, ""num_layers"": 1, ""weight_decay"": 0.009103662029868754}","{""time"": 21.1947021484375, ""val_accuracy"": 45.111507415771484, ""val_cross_entropy"": 1.0641554594039917, ""val_balanced_accuracy"": 0.40206006169319153, ""test_cross_entropy"": 1.09990394115448, ""test_balanced_accuracy"": 0.39977821707725525}"
2026-04-15T23:14:34.422014,random,lcbench,167201,2,845,14.34784984588623,"{""OpenML_task_id"": ""168331"", ""batch_size"": 180, ""epoch"": 4, ""learning_rate"": 0.0026867595936286223, ""max_dropout"": 0.5133453354485528, ""max_units"": 136, ""momentum"": 0.850801250998462, ""num_layers"": 5, ""weight_decay"": 0.0071767033564228986}","{""time"": 14.34784984588623, ""val_accuracy"": 36.59894561767578, ""val_cross_entropy"": 0.9574548006057739, ""val_balanced_accuracy"": 0.3399072587490082, ""test_cross_entropy"": 1.0986518859863281, ""test_balanced_accuracy"": 0.34126755595207214}"
2026-04-15T23:14:34.422014,random,lcbench,167201,2,846,62.2841682434082,"{""OpenML_task_id"": ""189862"", ""batch_size"": 231, ""epoch"": 25, ""learning_rate"": 0.0002370912716084419, ""max_dropout"": 0.331094451532404, ""max_units"": 99, ""momentum"": 0.9701797679836516, ""num_layers"": 2, ""weight_decay"": 0.006673257982380961}","{""time"": 62.2841682434082, ""val_accuracy"": 42.69133377075195, ""val_cross_entropy"": 1.064688801765442, ""val_balanced_accuracy"": 0.39949771761894226, ""test_cross_entropy"": 1.092411756515503, ""test_balanced_accuracy"": 0.39527595043182373}"
2026-04-15T23:14:34.422014,random,lcbench,167201,2,847,52.57307434082031,"{""OpenML_task_id"": ""167152"", ""batch_size"": 282, ""epoch"": 16, ""learning_rate"": 0.0018435542864189193, ""max_dropout"": 0.8068361050183446, ""max_units"": 112, ""momentum"": 0.5222940734536958, ""num_layers"": 4, ""weight_decay"": 0.04824745383331854}","{""time"": 52.57307434082031, ""val_accuracy"": 37.980525970458984, ""val_cross_entropy"": 1.0528366565704346, ""val_balanced_accuracy"": 0.3264787197113037, ""test_cross_entropy"": 1.1008305549621582, ""test_balanced_accuracy"": 0.33068332076072693}"
2026-04-15T23:14:34.422014,random,lcbench,167201,2,848,201.2682647705078,"{""OpenML_task_id"": ""189906"", ""batch_size"": 31, ""epoch"": 50, ""learning_rate"": 0.0004402146240951307, ""max_dropout"": 0.7481854169751793, ""max_units"": 546, ""momentum"": 0.8607313078014063, ""num_layers"": 2, ""weight_decay"": 0.06458577906657885}","{""time"": 201.2682647705078, ""val_accuracy"": 53.952903747558594, ""val_cross_entropy"": 1.0082639455795288, ""val_balanced_accuracy"": 0.4144732654094696, ""test_cross_entropy"": 1.099623680114746, ""test_balanced_accuracy"": 0.4141761064529419}"
2026-04-15T23:14:34.422014,random,lcbench,167201,2,849,48.83589553833008,"{""OpenML_task_id"": ""189865"", ""batch_size"": 174, ""epoch"": 16, ""learning_rate"": 0.0010789579242642632, ""max_dropout"": 0.7559923185366666, ""max_units"": 233, ""momentum"": 0.14383575531960208, ""num_layers"": 2, ""weight_decay"": 0.0260542037657426}","{""time"": 48.83589553833008, ""val_accuracy"": 42.762229919433594, ""val_cross_entropy"": 1.0351436138153076, ""val_balanced_accuracy"": 0.40050405263900757, ""test_cross_entropy"": 1.094459056854248, ""test_balanced_accuracy"": 0.39746007323265076}"
2026-04-15T23:14:34.430402,random,lcbench,167201,2,850,648.8863525390625,"{""OpenML_task_id"": ""167201"", ""batch_size"": 219, ""epoch"": 45, ""learning_rate"": 0.0015711187505205056, ""max_dropout"": 0.26015697756063716, ""max_units"": 856, ""momentum"": 0.27921982009133106, ""num_layers"": 5, ""weight_decay"": 0.036755497496180047}","{""time"": 648.8863525390625, ""val_accuracy"": 47.00383758544922, ""val_cross_entropy"": 1.0369048118591309, ""val_balanced_accuracy"": 0.3432416021823883, ""test_cross_entropy"": 1.0976436138153076, ""test_balanced_accuracy"": 0.34032049775123596}"
2026-04-15T23:14:34.430402,random,lcbench,167201,2,851,30.314537048339844,"{""OpenML_task_id"": ""189862"", ""batch_size"": 17, ""epoch"": 6, ""learning_rate"": 0.00012988054872627576, ""max_dropout"": 0.6036442649625628, ""max_units"": 320, ""momentum"": 0.8652985309962598, ""num_layers"": 5, ""weight_decay"": 0.001441286135068433}","{""time"": 30.314537048339844, ""val_accuracy"": 46.25402069091797, ""val_cross_entropy"": 0.9564035534858704, ""val_balanced_accuracy"": 0.3275490403175354, ""test_cross_entropy"": 1.0846142768859863, ""test_balanced_accuracy"": 0.33264055848121643}"
2026-04-15T23:14:34.430402,random,lcbench,167201,2,852,10.061246871948242,"{""OpenML_task_id"": ""167184"", ""batch_size"": 21, ""epoch"": 2, ""learning_rate"": 0.0003874295722684387, ""max_dropout"": 0.6411905241060964, ""max_units"": 166, ""momentum"": 0.8021062934289076, ""num_layers"": 2, ""weight_decay"": 0.0529124619441737}","{""time"": 10.061246871948242, ""val_accuracy"": 45.395565032958984, ""val_cross_entropy"": 0.9966141581535339, ""val_balanced_accuracy"": 0.3901160955429077, ""test_cross_entropy"": 1.0860376358032227, ""test_balanced_accuracy"": 0.3887834846973419}"
2026-04-15T23:14:34.430402,random,lcbench,167201,2,853,25.401817321777344,"{""OpenML_task_id"": ""168910"", ""batch_size"": 228, ""epoch"": 12, ""learning_rate"": 0.019648888760112327, ""max_dropout"": 0.4374544990917365, ""max_units"": 95, ""momentum"": 0.343966899284042, ""num_layers"": 1, ""weight_decay"": 0.045967736962945455}","{""time"": 25.401817321777344, ""val_accuracy"": 43.363372802734375, ""val_cross_entropy"": 1.0611836910247803, ""val_balanced_accuracy"": 0.402846097946167, ""test_cross_entropy"": 1.0964170694351196, ""test_balanced_accuracy"": 0.40209993720054626}"
2026-04-15T23:14:34.430402,random,lcbench,167201,2,854,27.690143585205078,"{""OpenML_task_id"": ""168330"", ""batch_size"": 320, ""epoch"": 6, ""learning_rate"": 0.012514426858351088, ""max_dropout"": 0.34477811471500885, ""max_units"": 215, ""momentum"": 0.1971545081063183, ""num_layers"": 3, ""weight_decay"": 0.0084942300089259}","{""time"": 27.690143585205078, ""val_accuracy"": 46.59848403930664, ""val_cross_entropy"": 1.0781440734863281, ""val_balanced_accuracy"": 0.3916437327861786, ""test_cross_entropy"": 1.103657841682434, ""test_balanced_accuracy"": 0.3881218731403351}"
2026-04-15T23:14:34.430402,random,lcbench,167201,2,855,287.185791015625,"{""OpenML_task_id"": ""189866"", ""batch_size"": 274, ""epoch"": 23, ""learning_rate"": 0.011039228296144607, ""max_dropout"": 0.047448230197684516, ""max_units"": 885, ""momentum"": 0.3342768215916766, ""num_layers"": 4, ""weight_decay"": 0.0984264969285674}","{""time"": 287.185791015625, ""val_accuracy"": 57.37552261352539, ""val_cross_entropy"": 1.088997483253479, ""val_balanced_accuracy"": 0.32100605964660645, ""test_cross_entropy"": 1.1204147338867188, ""test_balanced_accuracy"": 0.3227551579475403}"
2026-04-15T23:14:34.430402,random,lcbench,167201,2,856,84.5259780883789,"{""OpenML_task_id"": ""167190"", ""batch_size"": 19, ""epoch"": 29, ""learning_rate"": 0.000344595116064892, ""max_dropout"": 0.0016533793808978237, ""max_units"": 122, ""momentum"": 0.7708033236399738, ""num_layers"": 2, ""weight_decay"": 0.024844317894539964}","{""time"": 84.5259780883789, ""val_accuracy"": 54.38985824584961, ""val_cross_entropy"": 1.050063133239746, ""val_balanced_accuracy"": 0.4199424386024475, ""test_cross_entropy"": 1.0783917903900146, ""test_balanced_accuracy"": 0.41784751415252686}"
2026-04-15T23:14:34.430402,random,lcbench,167201,2,857,129.41258239746094,"{""OpenML_task_id"": ""167200"", ""batch_size"": 76, ""epoch"": 45, ""learning_rate"": 0.0001982650402234546, ""max_dropout"": 0.5919612510817914, ""max_units"": 310, ""momentum"": 0.6804551240997392, ""num_layers"": 2, ""weight_decay"": 0.009281536304327917}","{""time"": 129.41258239746094, ""val_accuracy"": 43.83362579345703, ""val_cross_entropy"": 1.0493088960647583, ""val_balanced_accuracy"": 0.42234018445014954, ""test_cross_entropy"": 1.0872061252593994, ""test_balanced_accuracy"": 0.41868120431900024}"
2026-04-15T23:14:34.430402,random,lcbench,167201,2,858,88.19761657714844,"{""OpenML_task_id"": ""3945"", ""batch_size"": 19, ""epoch"": 47, ""learning_rate"": 0.009148474129666236, ""max_dropout"": 0.46482709147469614, ""max_units"": 616, ""momentum"": 0.7114133004187855, ""num_layers"": 1, ""weight_decay"": 0.08474817414600704}","{""time"": 88.19761657714844, ""val_accuracy"": 46.969154357910156, ""val_cross_entropy"": 1.0586661100387573, ""val_balanced_accuracy"": 0.4047878384590149, ""test_cross_entropy"": 1.091184377670288, ""test_balanced_accuracy"": 0.4070819616317749}"
2026-04-15T23:14:34.438351,random,lcbench,167201,2,859,26.86880111694336,"{""OpenML_task_id"": ""167168"", ""batch_size"": 304, ""epoch"": 6, ""learning_rate"": 0.0022435815888871375, ""max_dropout"": 0.9253052978962492, ""max_units"": 899, ""momentum"": 0.796290938208323, ""num_layers"": 1, ""weight_decay"": 0.04792276837465734}","{""time"": 26.86880111694336, ""val_accuracy"": 43.836551666259766, ""val_cross_entropy"": 1.041292667388916, ""val_balanced_accuracy"": 0.392372727394104, ""test_cross_entropy"": 1.1015071868896484, ""test_balanced_accuracy"": 0.3823210895061493}"
2026-04-15T23:14:34.438870,random,lcbench,167201,2,860,202.15235900878906,"{""OpenML_task_id"": ""189873"", ""batch_size"": 242, ""epoch"": 52, ""learning_rate"": 0.00022365788724787444, ""max_dropout"": 0.7714125950375936, ""max_units"": 341, ""momentum"": 0.3891180280952653, ""num_layers"": 3, ""weight_decay"": 0.018684943925281368}","{""time"": 202.15235900878906, ""val_accuracy"": 38.11528778076172, ""val_cross_entropy"": 1.0563222169876099, ""val_balanced_accuracy"": 0.3667640686035156, ""test_cross_entropy"": 1.1117680072784424, ""test_balanced_accuracy"": 0.36615318059921265}"
2026-04-15T23:14:34.438870,random,lcbench,167201,2,861,327.86248779296875,"{""OpenML_task_id"": ""189862"", ""batch_size"": 113, ""epoch"": 47, ""learning_rate"": 0.00013713867938772915, ""max_dropout"": 0.27640881091807623, ""max_units"": 459, ""momentum"": 0.4549500531317854, ""num_layers"": 4, ""weight_decay"": 0.0722299526876476}","{""time"": 327.86248779296875, ""val_accuracy"": 35.11344909667969, ""val_cross_entropy"": 1.0451852083206177, ""val_balanced_accuracy"": 0.34353896975517273, ""test_cross_entropy"": 1.1060833930969238, ""test_balanced_accuracy"": 0.3480854034423828}"
2026-04-15T23:14:34.438870,random,lcbench,167201,2,862,240.8809814453125,"{""OpenML_task_id"": ""167104"", ""batch_size"": 35, ""epoch"": 40, ""learning_rate"": 0.00014574953410389778, ""max_dropout"": 0.546976441174887, ""max_units"": 951, ""momentum"": 0.8072798398923743, ""num_layers"": 2, ""weight_decay"": 0.09694264512833302}","{""time"": 240.8809814453125, ""val_accuracy"": 51.04350280761719, ""val_cross_entropy"": 1.0457215309143066, ""val_balanced_accuracy"": 0.4291825592517853, ""test_cross_entropy"": 1.092680811882019, ""test_balanced_accuracy"": 0.42681437730789185}"
2026-04-15T23:14:34.438870,random,lcbench,167201,2,863,178.3347930908203,"{""OpenML_task_id"": ""168868"", ""batch_size"": 468, ""epoch"": 45, ""learning_rate"": 0.0002446712193572026, ""max_dropout"": 0.7690392874083607, ""max_units"": 231, ""momentum"": 0.4480425865903125, ""num_layers"": 4, ""weight_decay"": 0.006184161145264663}","{""time"": 178.3347930908203, ""val_accuracy"": 33.73466873168945, ""val_cross_entropy"": 1.0188531875610352, ""val_balanced_accuracy"": 0.33567947149276733, ""test_cross_entropy"": 1.0953518152236938, ""test_balanced_accuracy"": 0.34572064876556396}"
2026-04-15T23:14:34.438870,random,lcbench,167201,2,864,55.67577362060547,"{""OpenML_task_id"": ""168908"", ""batch_size"": 23, ""epoch"": 26, ""learning_rate"": 0.0035054595226069246, ""max_dropout"": 0.6036083526028664, ""max_units"": 707, ""momentum"": 0.653915913122473, ""num_layers"": 1, ""weight_decay"": 0.04132338039133995}","{""time"": 55.67577362060547, ""val_accuracy"": 45.2918701171875, ""val_cross_entropy"": 1.059638261795044, ""val_balanced_accuracy"": 0.4024129807949066, ""test_cross_entropy"": 1.091491460800171, ""test_balanced_accuracy"": 0.4017120599746704}"
2026-04-15T23:14:34.438870,random,lcbench,167201,2,865,62.09870529174805,"{""OpenML_task_id"": ""168868"", ""batch_size"": 126, ""epoch"": 18, ""learning_rate"": 0.000280528363214608, ""max_dropout"": 0.9532954267251668, ""max_units"": 105, ""momentum"": 0.5122871108491822, ""num_layers"": 4, ""weight_decay"": 0.014023100291645748}","{""time"": 62.09870529174805, ""val_accuracy"": 35.87312698364258, ""val_cross_entropy"": 1.042629599571228, ""val_balanced_accuracy"": 0.33292174339294434, ""test_cross_entropy"": 1.1045560836791992, ""test_balanced_accuracy"": 0.33783572912216187}"
2026-04-15T23:14:34.438870,random,lcbench,167201,2,866,94.9315185546875,"{""OpenML_task_id"": ""167200"", ""batch_size"": 141, ""epoch"": 32, ""learning_rate"": 0.03836653800333312, ""max_dropout"": 0.922766320339434, ""max_units"": 515, ""momentum"": 0.43373031210744817, ""num_layers"": 2, ""weight_decay"": 0.046995017828553955}","{""time"": 94.9315185546875, ""val_accuracy"": 49.382835388183594, ""val_cross_entropy"": 1.0456485748291016, ""val_balanced_accuracy"": 0.4137789309024811, ""test_cross_entropy"": 1.110230565071106, ""test_balanced_accuracy"": 0.41817522048950195}"
2026-04-15T23:14:34.447167,random,lcbench,167201,2,867,16.344730377197266,"{""OpenML_task_id"": ""34539"", ""batch_size"": 73, ""epoch"": 3, ""learning_rate"": 0.00035871166452141966, ""max_dropout"": 0.3397844854922758, ""max_units"": 246, ""momentum"": 0.3042638303354849, ""num_layers"": 3, ""weight_decay"": 0.05423434316888945}","{""time"": 16.344730377197266, ""val_accuracy"": 33.73061752319336, ""val_cross_entropy"": 1.0227159261703491, ""val_balanced_accuracy"": 0.3433581590652466, ""test_cross_entropy"": 1.1031575202941895, ""test_balanced_accuracy"": 0.348753958940506}"
2026-04-15T23:14:34.447167,random,lcbench,167201,2,868,227.35043334960938,"{""OpenML_task_id"": ""167181"", ""batch_size"": 395, ""epoch"": 46, ""learning_rate"": 0.002370693043886188, ""max_dropout"": 0.6538477214893033, ""max_units"": 78, ""momentum"": 0.4777939129957187, ""num_layers"": 5, ""weight_decay"": 0.07993562326854928}","{""time"": 227.35043334960938, ""val_accuracy"": 39.39832305908203, ""val_cross_entropy"": 0.9715810418128967, ""val_balanced_accuracy"": 0.3589848577976227, ""test_cross_entropy"": 1.0934529304504395, ""test_balanced_accuracy"": 0.35773196816444397}"
2026-04-15T23:14:34.447167,random,lcbench,167201,2,869,142.3170166015625,"{""OpenML_task_id"": ""167200"", ""batch_size"": 274, ""epoch"": 48, ""learning_rate"": 0.002027117080715305, ""max_dropout"": 0.5975718106985999, ""max_units"": 491, ""momentum"": 0.17694605515522618, ""num_layers"": 2, ""weight_decay"": 0.08793975043126412}","{""time"": 142.3170166015625, ""val_accuracy"": 44.87080001831055, ""val_cross_entropy"": 1.0594439506530762, ""val_balanced_accuracy"": 0.41591930389404297, ""test_cross_entropy"": 1.097439169883728, ""test_balanced_accuracy"": 0.41326943039894104}"
2026-04-15T23:14:34.447167,random,lcbench,167201,2,870,111.8882827758789,"{""OpenML_task_id"": ""168868"", ""batch_size"": 146, ""epoch"": 52, ""learning_rate"": 0.0029476454539045884, ""max_dropout"": 0.8580023548253717, ""max_units"": 224, ""momentum"": 0.7818817700583186, ""num_layers"": 2, ""weight_decay"": 0.0588971696983368}","{""time"": 111.8882827758789, ""val_accuracy"": 48.7625617980957, ""val_cross_entropy"": 1.0095679759979248, ""val_balanced_accuracy"": 0.4058345556259155, ""test_cross_entropy"": 1.1095010042190552, ""test_balanced_accuracy"": 0.4044698476791382}"
2026-04-15T23:14:34.447167,random,lcbench,167201,2,871,84.72259521484375,"{""OpenML_task_id"": ""189873"", ""batch_size"": 31, ""epoch"": 9, ""learning_rate"": 0.03581447632871859, ""max_dropout"": 0.7347120195442384, ""max_units"": 673, ""momentum"": 0.6223979375520358, ""num_layers"": 3, ""weight_decay"": 0.04526587875198937}","{""time"": 84.72259521484375, ""val_accuracy"": 48.37312316894531, ""val_cross_entropy"": 1.041052222251892, ""val_balanced_accuracy"": 0.35242170095443726, ""test_cross_entropy"": 1.0981864929199219, ""test_balanced_accuracy"": 0.35749325156211853}"
2026-04-15T23:14:34.447167,random,lcbench,167201,2,872,179.95516967773438,"{""OpenML_task_id"": ""189865"", ""batch_size"": 35, ""epoch"": 37, ""learning_rate"": 0.016009300537225494, ""max_dropout"": 0.5449924936429597, ""max_units"": 200, ""momentum"": 0.7288613924545222, ""num_layers"": 3, ""weight_decay"": 0.08582361974243274}","{""time"": 179.95516967773438, ""val_accuracy"": 56.090694427490234, ""val_cross_entropy"": 1.0426881313323975, ""val_balanced_accuracy"": 0.3311750292778015, ""test_cross_entropy"": 1.1003468036651611, ""test_balanced_accuracy"": 0.3265036344528198}"
2026-04-15T23:14:34.447167,random,lcbench,167201,2,873,14.611404418945312,"{""OpenML_task_id"": ""126026"", ""batch_size"": 156, ""epoch"": 3, ""learning_rate"": 0.00010492728618686844, ""max_dropout"": 0.02801925879220346, ""max_units"": 763, ""momentum"": 0.6072013724162642, ""num_layers"": 1, ""weight_decay"": 0.011092027054619346}","{""time"": 14.611404418945312, ""val_accuracy"": 39.07316207885742, ""val_cross_entropy"": 1.0819236040115356, ""val_balanced_accuracy"": 0.34186041355133057, ""test_cross_entropy"": 1.1325620412826538, ""test_balanced_accuracy"": 0.3350692391395569}"
2026-04-15T23:14:34.447167,random,lcbench,167201,2,874,49.38949966430664,"{""OpenML_task_id"": ""189865"", ""batch_size"": 146, ""epoch"": 8, ""learning_rate"": 0.00015081998907226081, ""max_dropout"": 0.41600594793952084, ""max_units"": 673, ""momentum"": 0.12164037420669532, ""num_layers"": 5, ""weight_decay"": 0.06595916302572569}","{""time"": 49.38949966430664, ""val_accuracy"": 22.428415298461914, ""val_cross_entropy"": 0.9979438781738281, ""val_balanced_accuracy"": 0.3472478985786438, ""test_cross_entropy"": 1.1002601385116577, ""test_balanced_accuracy"": 0.3481438457965851}"
2026-04-15T23:14:34.455029,random,lcbench,167201,2,875,21.926795959472656,"{""OpenML_task_id"": ""126029"", ""batch_size"": 64, ""epoch"": 8, ""learning_rate"": 0.005082560312111523, ""max_dropout"": 0.008843005179366759, ""max_units"": 665, ""momentum"": 0.7313323154444787, ""num_layers"": 1, ""weight_decay"": 0.07624379211465113}","{""time"": 21.926795959472656, ""val_accuracy"": 43.53093338012695, ""val_cross_entropy"": 1.0798920392990112, ""val_balanced_accuracy"": 0.4081019163131714, ""test_cross_entropy"": 1.0960893630981445, ""test_balanced_accuracy"": 0.4028061628341675}"
2026-04-15T23:14:34.455029,random,lcbench,167201,2,876,34.30411911010742,"{""OpenML_task_id"": ""167200"", ""batch_size"": 44, ""epoch"": 9, ""learning_rate"": 0.051504595798401664, ""max_dropout"": 0.3270879038321558, ""max_units"": 99, ""momentum"": 0.1885593676793001, ""num_layers"": 4, ""weight_decay"": 0.053938739004678535}","{""time"": 34.30411911010742, ""val_accuracy"": 52.51955032348633, ""val_cross_entropy"": 1.0715510845184326, ""val_balanced_accuracy"": 0.3145901560783386, ""test_cross_entropy"": 1.1062204837799072, ""test_balanced_accuracy"": 0.31411468982696533}"
2026-04-15T23:14:34.455029,random,lcbench,167201,2,877,106.78870391845703,"{""OpenML_task_id"": ""168331"", ""batch_size"": 49, ""epoch"": 20, ""learning_rate"": 0.039002005570636586, ""max_dropout"": 0.6300610424087966, ""max_units"": 203, ""momentum"": 0.6228070498461108, ""num_layers"": 5, ""weight_decay"": 0.09158199959527644}","{""time"": 106.78870391845703, ""val_accuracy"": 48.376075744628906, ""val_cross_entropy"": 1.0114052295684814, ""val_balanced_accuracy"": 0.3735387325286865, ""test_cross_entropy"": 1.0823822021484375, ""test_balanced_accuracy"": 0.35995638370513916}"
2026-04-15T23:14:34.455029,random,lcbench,167201,2,878,81.85974884033203,"{""OpenML_task_id"": ""3945"", ""batch_size"": 24, ""epoch"": 49, ""learning_rate"": 0.05114664693131117, ""max_dropout"": 0.5958908102704745, ""max_units"": 217, ""momentum"": 0.4157510938214499, ""num_layers"": 1, ""weight_decay"": 0.05734151682684145}","{""time"": 81.85974884033203, ""val_accuracy"": 44.61750411987305, ""val_cross_entropy"": 1.0270112752914429, ""val_balanced_accuracy"": 0.3947139084339142, ""test_cross_entropy"": 1.0908961296081543, ""test_balanced_accuracy"": 0.4014478027820587}"
2026-04-15T23:14:34.455029,random,lcbench,167201,2,879,81.98246765136719,"{""OpenML_task_id"": ""189862"", ""batch_size"": 281, ""epoch"": 43, ""learning_rate"": 0.00970354424556628, ""max_dropout"": 0.8760975326650714, ""max_units"": 786, ""momentum"": 0.6846966238384854, ""num_layers"": 1, ""weight_decay"": 0.07649986997263632}","{""time"": 81.98246765136719, ""val_accuracy"": 44.45474624633789, ""val_cross_entropy"": 1.0579694509506226, ""val_balanced_accuracy"": 0.39929357171058655, ""test_cross_entropy"": 1.0936191082000732, ""test_balanced_accuracy"": 0.3985821008682251}"
2026-04-15T23:14:34.455029,random,lcbench,167201,2,880,28.277217864990234,"{""OpenML_task_id"": ""167184"", ""batch_size"": 294, ""epoch"": 6, ""learning_rate"": 0.003600695497521453, ""max_dropout"": 0.44049764229564703, ""max_units"": 870, ""momentum"": 0.9050349091217273, ""num_layers"": 2, ""weight_decay"": 0.04087912812854824}","{""time"": 28.277217864990234, ""val_accuracy"": 45.45578384399414, ""val_cross_entropy"": 1.0414581298828125, ""val_balanced_accuracy"": 0.4319015443325043, ""test_cross_entropy"": 1.0915175676345825, ""test_balanced_accuracy"": 0.427435964345932}"
2026-04-15T23:14:34.455029,random,lcbench,167201,2,881,27.137935638427734,"{""OpenML_task_id"": ""189866"", ""batch_size"": 29, ""epoch"": 3, ""learning_rate"": 0.0002397971755156447, ""max_dropout"": 0.41059243659732625, ""max_units"": 580, ""momentum"": 0.944161565640248, ""num_layers"": 4, ""weight_decay"": 0.04697314775553997}","{""time"": 27.137935638427734, ""val_accuracy"": 49.10594177246094, ""val_cross_entropy"": 0.9736126065254211, ""val_balanced_accuracy"": 0.3334276080131531, ""test_cross_entropy"": 1.1152596473693848, ""test_balanced_accuracy"": 0.33761221170425415}"
2026-04-15T23:14:34.455029,random,lcbench,167201,2,882,23.397964477539062,"{""OpenML_task_id"": ""167181"", ""batch_size"": 133, ""epoch"": 8, ""learning_rate"": 0.00012054786441890062, ""max_dropout"": 0.7936191680699017, ""max_units"": 79, ""momentum"": 0.3444572408165555, ""num_layers"": 2, ""weight_decay"": 0.09624671561872844}","{""time"": 23.397964477539062, ""val_accuracy"": 35.799171447753906, ""val_cross_entropy"": 1.0656238794326782, ""val_balanced_accuracy"": 0.33864861726760864, ""test_cross_entropy"": 1.1161049604415894, ""test_balanced_accuracy"": 0.34142380952835083}"
2026-04-15T23:14:34.463285,random,lcbench,167201,2,883,127.47148895263672,"{""OpenML_task_id"": ""168908"", ""batch_size"": 64, ""epoch"": 28, ""learning_rate"": 0.0002876705260540924, ""max_dropout"": 0.9376576383096178, ""max_units"": 350, ""momentum"": 0.2495788399874256, ""num_layers"": 4, ""weight_decay"": 0.07969312922465846}","{""time"": 127.47148895263672, ""val_accuracy"": 49.736366271972656, ""val_cross_entropy"": 1.040722370147705, ""val_balanced_accuracy"": 0.3362703323364258, ""test_cross_entropy"": 1.0965124368667603, ""test_balanced_accuracy"": 0.33692774176597595}"
2026-04-15T23:14:34.464215,random,lcbench,167201,2,884,607.4398803710938,"{""OpenML_task_id"": ""189865"", ""batch_size"": 26, ""epoch"": 24, ""learning_rate"": 0.010502289082730248, ""max_dropout"": 0.21770163682939048, ""max_units"": 708, ""momentum"": 0.7537879459624639, ""num_layers"": 4, ""weight_decay"": 0.07483964291291023}","{""time"": 607.4398803710938, ""val_accuracy"": 55.0978889465332, ""val_cross_entropy"": 1.0179901123046875, ""val_balanced_accuracy"": 0.31614023447036743, ""test_cross_entropy"": 1.113683819770813, ""test_balanced_accuracy"": 0.3179374039173126}"
2026-04-15T23:14:34.464215,random,lcbench,167201,2,885,414.9095458984375,"{""OpenML_task_id"": ""168868"", ""batch_size"": 250, ""epoch"": 41, ""learning_rate"": 0.001273134448684964, ""max_dropout"": 0.6815372956736949, ""max_units"": 895, ""momentum"": 0.1394128138934535, ""num_layers"": 4, ""weight_decay"": 0.020676580194330836}","{""time"": 414.9095458984375, ""val_accuracy"": 41.120819091796875, ""val_cross_entropy"": 1.0805548429489136, ""val_balanced_accuracy"": 0.3669516146183014, ""test_cross_entropy"": 1.110931396484375, ""test_balanced_accuracy"": 0.3657413721084595}"
2026-04-15T23:14:34.464215,random,lcbench,167201,2,886,11.779234886169434,"{""OpenML_task_id"": ""189865"", ""batch_size"": 68, ""epoch"": 3, ""learning_rate"": 0.00826175430917409, ""max_dropout"": 0.08962248621037394, ""max_units"": 121, ""momentum"": 0.13024371492384723, ""num_layers"": 2, ""weight_decay"": 0.01885384059703078}","{""time"": 11.779234886169434, ""val_accuracy"": 45.83554458618164, ""val_cross_entropy"": 1.0087890625, ""val_balanced_accuracy"": 0.41037803888320923, ""test_cross_entropy"": 1.0837810039520264, ""test_balanced_accuracy"": 0.4115232229232788}"
2026-04-15T23:14:34.464215,random,lcbench,167201,2,887,53.072296142578125,"{""OpenML_task_id"": ""167200"", ""batch_size"": 331, ""epoch"": 30, ""learning_rate"": 0.0012243584624819113, ""max_dropout"": 0.7711682967858547, ""max_units"": 100, ""momentum"": 0.25415722455365686, ""num_layers"": 1, ""weight_decay"": 0.09838465075444158}","{""time"": 53.072296142578125, ""val_accuracy"": 43.80470657348633, ""val_cross_entropy"": 1.028386116027832, ""val_balanced_accuracy"": 0.39741456508636475, ""test_cross_entropy"": 1.087424397468567, ""test_balanced_accuracy"": 0.3937108814716339}"
2026-04-15T23:14:34.471779,random,lcbench,167201,2,888,39.83040237426758,"{""OpenML_task_id"": ""126026"", ""batch_size"": 102, ""epoch"": 14, ""learning_rate"": 0.0006312810989438051, ""max_dropout"": 0.09341486922898767, ""max_units"": 134, ""momentum"": 0.22526831657078855, ""num_layers"": 2, ""weight_decay"": 0.082867434456937}","{""time"": 39.83040237426758, ""val_accuracy"": 42.296295166015625, ""val_cross_entropy"": 1.052903413772583, ""val_balanced_accuracy"": 0.397180438041687, ""test_cross_entropy"": 1.10360586643219, ""test_balanced_accuracy"": 0.3943105936050415}"
2026-04-15T23:14:34.473016,random,lcbench,167201,2,889,78.935546875,"{""OpenML_task_id"": ""167168"", ""batch_size"": 62, ""epoch"": 36, ""learning_rate"": 0.01626620393995108, ""max_dropout"": 0.8620512151280932, ""max_units"": 80, ""momentum"": 0.5545034326032695, ""num_layers"": 2, ""weight_decay"": 0.006195190382842708}","{""time"": 78.935546875, ""val_accuracy"": 52.284271240234375, ""val_cross_entropy"": 0.9537986516952515, ""val_balanced_accuracy"": 0.47688111662864685, ""test_cross_entropy"": 1.0629957914352417, ""test_balanced_accuracy"": 0.47706669569015503}"
2026-04-15T23:14:34.474121,random,lcbench,167201,2,890,307.0500183105469,"{""OpenML_task_id"": ""146212"", ""batch_size"": 16, ""epoch"": 33, ""learning_rate"": 0.01458055465364763, ""max_dropout"": 0.32367368649163775, ""max_units"": 335, ""momentum"": 0.8957550752901621, ""num_layers"": 5, ""weight_decay"": 0.05721124284010481}","{""time"": 307.0500183105469, ""val_accuracy"": 58.391212463378906, ""val_cross_entropy"": 1.012318730354309, ""val_balanced_accuracy"": 0.3438916802406311, ""test_cross_entropy"": 1.0766143798828125, ""test_balanced_accuracy"": 0.33769655227661133}"
2026-04-15T23:14:34.474121,random,lcbench,167201,2,891,8.742077827453613,"{""OpenML_task_id"": ""168335"", ""batch_size"": 49, ""epoch"": 2, ""learning_rate"": 0.0034366284525271535, ""max_dropout"": 0.3555773946290104, ""max_units"": 83, ""momentum"": 0.8295563749994374, ""num_layers"": 2, ""weight_decay"": 0.07781854079414847}","{""time"": 8.742077827453613, ""val_accuracy"": 44.67847442626953, ""val_cross_entropy"": 1.053934097290039, ""val_balanced_accuracy"": 0.3910599946975708, ""test_cross_entropy"": 1.093309998512268, ""test_balanced_accuracy"": 0.3911517560482025}"
2026-04-15T23:14:34.475810,random,lcbench,167201,2,892,92.81610870361328,"{""OpenML_task_id"": ""168908"", ""batch_size"": 30, ""epoch"": 48, ""learning_rate"": 0.0014921138376618945, ""max_dropout"": 0.09624908295699686, ""max_units"": 127, ""momentum"": 0.36012389058709937, ""num_layers"": 1, ""weight_decay"": 0.037103029283970114}","{""time"": 92.81610870361328, ""val_accuracy"": 46.49221420288086, ""val_cross_entropy"": 1.0639572143554688, ""val_balanced_accuracy"": 0.42192068696022034, ""test_cross_entropy"": 1.0955301523208618, ""test_balanced_accuracy"": 0.41940852999687195}"
2026-04-15T23:14:34.476956,random,lcbench,167201,2,893,22.795551300048828,"{""OpenML_task_id"": ""126026"", ""batch_size"": 255, ""epoch"": 7, ""learning_rate"": 0.003005935204251513, ""max_dropout"": 0.8637863020013089, ""max_units"": 161, ""momentum"": 0.26771301041685774, ""num_layers"": 2, ""weight_decay"": 0.01275030508246392}","{""time"": 22.795551300048828, ""val_accuracy"": 43.46439743041992, ""val_cross_entropy"": 1.0380146503448486, ""val_balanced_accuracy"": 0.39677760004997253, ""test_cross_entropy"": 1.0954393148422241, ""test_balanced_accuracy"": 0.39277857542037964}"
2026-04-15T23:14:34.478846,random,lcbench,167201,2,894,298.3680419921875,"{""OpenML_task_id"": ""167184"", ""batch_size"": 188, ""epoch"": 39, ""learning_rate"": 0.005456950781548148, ""max_dropout"": 0.8241011654875213, ""max_units"": 784, ""momentum"": 0.3734501818889018, ""num_layers"": 4, ""weight_decay"": 0.013358120136770867}","{""time"": 298.3680419921875, ""val_accuracy"": 49.75667190551758, ""val_cross_entropy"": 1.0261861085891724, ""val_balanced_accuracy"": 0.39376193284988403, ""test_cross_entropy"": 1.100832223892212, ""test_balanced_accuracy"": 0.3910025656223297}"
2026-04-15T23:14:34.480379,random,lcbench,167201,2,895,54.629920959472656,"{""OpenML_task_id"": ""167190"", ""batch_size"": 51, ""epoch"": 12, ""learning_rate"": 0.0001619644058959337, ""max_dropout"": 0.9436549401565296, ""max_units"": 151, ""momentum"": 0.7247116621158624, ""num_layers"": 5, ""weight_decay"": 0.0013481978848703699}","{""time"": 54.629920959472656, ""val_accuracy"": 38.309085845947266, ""val_cross_entropy"": 1.0156728029251099, ""val_balanced_accuracy"": 0.3406887352466583, ""test_cross_entropy"": 1.0958894491195679, ""test_balanced_accuracy"": 0.34280848503112793}"
2026-04-15T23:14:34.481473,random,lcbench,167201,2,896,27.393123626708984,"{""OpenML_task_id"": ""168329"", ""batch_size"": 101, ""epoch"": 7, ""learning_rate"": 0.0009115329963221063, ""max_dropout"": 0.7699064929351607, ""max_units"": 588, ""momentum"": 0.773289549686044, ""num_layers"": 2, ""weight_decay"": 0.07308941676455834}","{""time"": 27.393123626708984, ""val_accuracy"": 45.099632263183594, ""val_cross_entropy"": 1.0420242547988892, ""val_balanced_accuracy"": 0.4158582389354706, ""test_cross_entropy"": 1.096359372138977, ""test_balanced_accuracy"": 0.4119763672351837}"
2026-04-15T23:14:34.481473,random,lcbench,167201,2,897,114.55171966552734,"{""OpenML_task_id"": ""189873"", ""batch_size"": 33, ""epoch"": 40, ""learning_rate"": 0.0051124542144753765, ""max_dropout"": 0.845629904040501, ""max_units"": 83, ""momentum"": 0.14808160366847745, ""num_layers"": 2, ""weight_decay"": 0.0069246845466785336}","{""time"": 114.55171966552734, ""val_accuracy"": 54.55193328857422, ""val_cross_entropy"": 0.9866280555725098, ""val_balanced_accuracy"": 0.4392514228820801, ""test_cross_entropy"": 1.0703961849212646, ""test_balanced_accuracy"": 0.43792298436164856}"
2026-04-15T23:14:34.481473,random,lcbench,167201,2,898,8.857819557189941,"{""OpenML_task_id"": ""7593"", ""batch_size"": 129, ""epoch"": 2, ""learning_rate"": 0.001362095707354128, ""max_dropout"": 0.47159471865543734, ""max_units"": 100, ""momentum"": 0.61894512414119, ""num_layers"": 2, ""weight_decay"": 0.06220512987116787}","{""time"": 8.857819557189941, ""val_accuracy"": 39.49831771850586, ""val_cross_entropy"": 1.0382592678070068, ""val_balanced_accuracy"": 0.3786923289299011, ""test_cross_entropy"": 1.1049119234085083, ""test_balanced_accuracy"": 0.37715768814086914}"
2026-04-15T23:14:34.481473,random,lcbench,167201,2,899,144.6318359375,"{""OpenML_task_id"": ""189908"", ""batch_size"": 387, ""epoch"": 41, ""learning_rate"": 0.014852010046795821, ""max_dropout"": 0.7941457181072681, ""max_units"": 353, ""momentum"": 0.8141005182801109, ""num_layers"": 3, ""weight_decay"": 0.0066138564301705715}","{""time"": 144.6318359375, ""val_accuracy"": 50.6844482421875, ""val_cross_entropy"": 0.8837016224861145, ""val_balanced_accuracy"": 0.4669033885002136, ""test_cross_entropy"": 1.085198163986206, ""test_balanced_accuracy"": 0.4655357301235199}"
2026-04-15T23:14:34.481473,random,lcbench,167201,2,900,62.86705780029297,"{""OpenML_task_id"": ""189354"", ""batch_size"": 155, ""epoch"": 19, ""learning_rate"": 0.0002825473358188435, ""max_dropout"": 0.16224791097812474, ""max_units"": 190, ""momentum"": 0.9265500961903527, ""num_layers"": 4, ""weight_decay"": 0.08656267376161561}","{""time"": 62.86705780029297, ""val_accuracy"": 44.579647064208984, ""val_cross_entropy"": 1.0095751285552979, ""val_balanced_accuracy"": 0.3403944969177246, ""test_cross_entropy"": 1.1137982606887817, ""test_balanced_accuracy"": 0.3444739580154419}"
2026-04-15T23:14:34.488120,random,lcbench,167201,2,901,684.2877197265625,"{""OpenML_task_id"": ""168910"", ""batch_size"": 500, ""epoch"": 41, ""learning_rate"": 0.02716986226903874, ""max_dropout"": 0.9941000862629925, ""max_units"": 963, ""momentum"": 0.5551296384231422, ""num_layers"": 5, ""weight_decay"": 0.040812472882001544}","{""time"": 684.2877197265625, ""val_accuracy"": 45.54178237915039, ""val_cross_entropy"": 1.0634649991989136, ""val_balanced_accuracy"": 0.322409987449646, ""test_cross_entropy"": 1.120849609375, ""test_balanced_accuracy"": 0.3197789490222931}"
2026-04-15T23:14:34.488120,random,lcbench,167201,2,902,12.118091583251953,"{""OpenML_task_id"": ""189354"", ""batch_size"": 99, ""epoch"": 3, ""learning_rate"": 0.0011910428648127652, ""max_dropout"": 0.41859142592234344, ""max_units"": 357, ""momentum"": 0.48366295334003606, ""num_layers"": 5, ""weight_decay"": 0.06794935015003489}","{""time"": 12.118091583251953, ""val_accuracy"": 34.43035125732422, ""val_cross_entropy"": 0.9340308904647827, ""val_balanced_accuracy"": 0.3647743761539459, ""test_cross_entropy"": 1.0873693227767944, ""test_balanced_accuracy"": 0.36371976137161255}"
2026-04-15T23:14:34.488120,random,lcbench,167201,2,903,79.42500305175781,"{""OpenML_task_id"": ""189909"", ""batch_size"": 362, ""epoch"": 21, ""learning_rate"": 0.002420833723405022, ""max_dropout"": 0.13771942624641187, ""max_units"": 284, ""momentum"": 0.17570981043642353, ""num_layers"": 3, ""weight_decay"": 0.09782624843105239}","{""time"": 79.42500305175781, ""val_accuracy"": 47.17466735839844, ""val_cross_entropy"": 1.1223499774932861, ""val_balanced_accuracy"": 0.3702467679977417, ""test_cross_entropy"": 1.1122069358825684, ""test_balanced_accuracy"": 0.37230321764945984}"
2026-04-15T23:14:34.488120,random,lcbench,167201,2,904,110.15774536132812,"{""OpenML_task_id"": ""189354"", ""batch_size"": 25, ""epoch"": 31, ""learning_rate"": 0.0015440333980909356, ""max_dropout"": 0.3641573294762237, ""max_units"": 322, ""momentum"": 0.4947241341205948, ""num_layers"": 2, ""weight_decay"": 0.07078237735275855}","{""time"": 110.15774536132812, ""val_accuracy"": 55.721107482910156, ""val_cross_entropy"": 1.055090069770813, ""val_balanced_accuracy"": 0.39926156401634216, ""test_cross_entropy"": 1.101155161857605, ""test_balanced_accuracy"": 0.4003619849681854}"
2026-04-15T23:14:34.488120,random,lcbench,167201,2,905,66.24446868896484,"{""OpenML_task_id"": ""167184"", ""batch_size"": 59, ""epoch"": 21, ""learning_rate"": 0.0002063915993873692, ""max_dropout"": 0.5437459611432205, ""max_units"": 85, ""momentum"": 0.15381485042314538, ""num_layers"": 4, ""weight_decay"": 0.08968670577247713}","{""time"": 66.24446868896484, ""val_accuracy"": 45.33197021484375, ""val_cross_entropy"": 1.0382479429244995, ""val_balanced_accuracy"": 0.3452988564968109, ""test_cross_entropy"": 1.1075581312179565, ""test_balanced_accuracy"": 0.3462221622467041}"
2026-04-15T23:14:34.488120,random,lcbench,167201,2,906,185.68365478515625,"{""OpenML_task_id"": ""3945"", ""batch_size"": 25, ""epoch"": 51, ""learning_rate"": 0.008111343826302634, ""max_dropout"": 0.7033028993561007, ""max_units"": 224, ""momentum"": 0.9713614821913465, ""num_layers"": 5, ""weight_decay"": 0.014006589443099954}","{""time"": 185.68365478515625, ""val_accuracy"": 67.11077117919922, ""val_cross_entropy"": 0.8892187476158142, ""val_balanced_accuracy"": 0.36230796575546265, ""test_cross_entropy"": 1.0485711097717285, ""test_balanced_accuracy"": 0.36452677845954895}"
2026-04-15T23:14:34.488120,random,lcbench,167201,2,907,25.125713348388672,"{""OpenML_task_id"": ""189908"", ""batch_size"": 68, ""epoch"": 8, ""learning_rate"": 0.0002666361131240796, ""max_dropout"": 0.8851044291959238, ""max_units"": 86, ""momentum"": 0.13326266137153292, ""num_layers"": 3, ""weight_decay"": 0.06831186524284474}","{""time"": 25.125713348388672, ""val_accuracy"": 37.9202995300293, ""val_cross_entropy"": 1.0848008394241333, ""val_balanced_accuracy"": 0.3367767632007599, ""test_cross_entropy"": 1.1091639995574951, ""test_balanced_accuracy"": 0.337064653635025}"
2026-04-15T23:14:34.496263,random,lcbench,167201,2,908,85.75032043457031,"{""OpenML_task_id"": ""3945"", ""batch_size"": 89, ""epoch"": 20, ""learning_rate"": 0.006203683033598089, ""max_dropout"": 0.7579513570793247, ""max_units"": 1009, ""momentum"": 0.31239364353796206, ""num_layers"": 2, ""weight_decay"": 0.006931637460733086}","{""time"": 85.75032043457031, ""val_accuracy"": 50.45748519897461, ""val_cross_entropy"": 0.9410226345062256, ""val_balanced_accuracy"": 0.49348512291908264, ""test_cross_entropy"": 1.0686179399490356, ""test_balanced_accuracy"": 0.49122941493988037}"
2026-04-15T23:14:34.496263,random,lcbench,167201,2,909,23.393779754638672,"{""OpenML_task_id"": ""167161"", ""batch_size"": 51, ""epoch"": 9, ""learning_rate"": 0.0008364312170072606, ""max_dropout"": 0.9648486271257322, ""max_units"": 197, ""momentum"": 0.870843785564753, ""num_layers"": 1, ""weight_decay"": 0.02051341062329203}","{""time"": 23.393779754638672, ""val_accuracy"": 44.96212387084961, ""val_cross_entropy"": 1.0159050226211548, ""val_balanced_accuracy"": 0.4177917242050171, ""test_cross_entropy"": 1.0922436714172363, ""test_balanced_accuracy"": 0.4126274883747101}"
2026-04-15T23:14:34.496263,random,lcbench,167201,2,910,257.8028869628906,"{""OpenML_task_id"": ""168335"", ""batch_size"": 29, ""epoch"": 51, ""learning_rate"": 0.00017911304940866236, ""max_dropout"": 0.493929311725372, ""max_units"": 336, ""momentum"": 0.43301798752302434, ""num_layers"": 3, ""weight_decay"": 0.035757277986831995}","{""time"": 257.8028869628906, ""val_accuracy"": 55.11607360839844, ""val_cross_entropy"": 1.0693674087524414, ""val_balanced_accuracy"": 0.37236785888671875, ""test_cross_entropy"": 1.1025433540344238, ""test_balanced_accuracy"": 0.3716738820075989}"
2026-04-15T23:14:34.496263,random,lcbench,167201,2,911,44.63574981689453,"{""OpenML_task_id"": ""168910"", ""batch_size"": 52, ""epoch"": 32, ""learning_rate"": 0.019056710762651488, ""max_dropout"": 0.9415942387910342, ""max_units"": 228, ""momentum"": 0.9892397709145674, ""num_layers"": 1, ""weight_decay"": 0.00211880236454452}","{""time"": 44.63574981689453, ""val_accuracy"": 49.325504302978516, ""val_cross_entropy"": 1.0083060264587402, ""val_balanced_accuracy"": 0.4481823444366455, ""test_cross_entropy"": 1.0590860843658447, ""test_balanced_accuracy"": 0.45105352997779846}"
2026-04-15T23:14:34.496263,random,lcbench,167201,2,912,273.11138916015625,"{""OpenML_task_id"": ""168330"", ""batch_size"": 224, ""epoch"": 40, ""learning_rate"": 0.09737915117813468, ""max_dropout"": 0.6732225841972452, ""max_units"": 342, ""momentum"": 0.4139563172420512, ""num_layers"": 4, ""weight_decay"": 0.06638641139967985}","{""time"": 273.11138916015625, ""val_accuracy"": 49.63789749145508, ""val_cross_entropy"": 1.081480622291565, ""val_balanced_accuracy"": 0.30959653854370117, ""test_cross_entropy"": 1.10889732837677, ""test_balanced_accuracy"": 0.30936750769615173}"
2026-04-15T23:14:34.496263,random,lcbench,167201,2,913,100.44525146484375,"{""OpenML_task_id"": ""126025"", ""batch_size"": 23, ""epoch"": 38, ""learning_rate"": 0.005732201886351036, ""max_dropout"": 0.9673104484532434, ""max_units"": 141, ""momentum"": 0.3976357018367268, ""num_layers"": 4, ""weight_decay"": 0.036186736368203354}","{""time"": 100.44525146484375, ""val_accuracy"": 69.9515380859375, ""val_cross_entropy"": 1.0673091411590576, ""val_balanced_accuracy"": 0.31906187534332275, ""test_cross_entropy"": 1.1020150184631348, ""test_balanced_accuracy"": 0.31697648763656616}"
2026-04-15T23:14:34.496263,random,lcbench,167201,2,914,133.39659118652344,"{""OpenML_task_id"": ""167104"", ""batch_size"": 23, ""epoch"": 43, ""learning_rate"": 0.08626414012241972, ""max_dropout"": 0.9099218075689967, ""max_units"": 272, ""momentum"": 0.26931515633625125, ""num_layers"": 5, ""weight_decay"": 0.013370436904999497}","{""time"": 133.39659118652344, ""val_accuracy"": 66.91227722167969, ""val_cross_entropy"": 1.0042377710342407, ""val_balanced_accuracy"": 0.34669727087020874, ""test_cross_entropy"": 1.0776021480560303, ""test_balanced_accuracy"": 0.34686726331710815}"
2026-04-15T23:14:34.504600,random,lcbench,167201,2,915,66.35044860839844,"{""OpenML_task_id"": ""126025"", ""batch_size"": 76, ""epoch"": 38, ""learning_rate"": 0.004586401600464283, ""max_dropout"": 0.6701308664904668, ""max_units"": 517, ""momentum"": 0.49326070763325236, ""num_layers"": 1, ""weight_decay"": 0.014061099347441217}","{""time"": 66.35044860839844, ""val_accuracy"": 45.27537155151367, ""val_cross_entropy"": 1.0366212129592896, ""val_balanced_accuracy"": 0.4187227189540863, ""test_cross_entropy"": 1.0847103595733643, ""test_balanced_accuracy"": 0.41752806305885315}"
2026-04-15T23:14:34.504600,random,lcbench,167201,2,916,36.11692810058594,"{""OpenML_task_id"": ""3945"", ""batch_size"": 16, ""epoch"": 11, ""learning_rate"": 0.019858360519828054, ""max_dropout"": 0.3477459176473139, ""max_units"": 866, ""momentum"": 0.2427346901401558, ""num_layers"": 1, ""weight_decay"": 0.003942050960288303}","{""time"": 36.11692810058594, ""val_accuracy"": 46.667236328125, ""val_cross_entropy"": 0.996880292892456, ""val_balanced_accuracy"": 0.4163344204425812, ""test_cross_entropy"": 1.0763123035430908, ""test_balanced_accuracy"": 0.4143871068954468}"
2026-04-15T23:14:34.504600,random,lcbench,167201,2,917,42.27630615234375,"{""OpenML_task_id"": ""34539"", ""batch_size"": 20, ""epoch"": 9, ""learning_rate"": 0.0030340809730818397, ""max_dropout"": 0.6624699023140449, ""max_units"": 239, ""momentum"": 0.42846063430732606, ""num_layers"": 3, ""weight_decay"": 0.049941168433079365}","{""time"": 42.27630615234375, ""val_accuracy"": 58.842105865478516, ""val_cross_entropy"": 1.060660719871521, ""val_balanced_accuracy"": 0.34407341480255127, ""test_cross_entropy"": 1.0980757474899292, ""test_balanced_accuracy"": 0.3439585864543915}"
2026-04-15T23:14:34.504600,random,lcbench,167201,2,918,38.89750289916992,"{""OpenML_task_id"": ""189354"", ""batch_size"": 178, ""epoch"": 13, ""learning_rate"": 0.016139833878606964, ""max_dropout"": 0.36109775893401774, ""max_units"": 76, ""momentum"": 0.2885906556395006, ""num_layers"": 3, ""weight_decay"": 0.06927371144395539}","{""time"": 38.89750289916992, ""val_accuracy"": 50.66559982299805, ""val_cross_entropy"": 1.1046589612960815, ""val_balanced_accuracy"": 0.3460458815097809, ""test_cross_entropy"": 1.1063177585601807, ""test_balanced_accuracy"": 0.34195300936698914}"
2026-04-15T23:14:34.504600,random,lcbench,167201,2,919,59.95819091796875,"{""OpenML_task_id"": ""167184"", ""batch_size"": 350, ""epoch"": 24, ""learning_rate"": 0.02015121647882563, ""max_dropout"": 0.9980562361519715, ""max_units"": 90, ""momentum"": 0.13624066479992972, ""num_layers"": 3, ""weight_decay"": 0.05290678982960584}","{""time"": 59.95819091796875, ""val_accuracy"": 49.462677001953125, ""val_cross_entropy"": 1.1032902002334595, ""val_balanced_accuracy"": 0.3532737195491791, ""test_cross_entropy"": 1.099057912826538, ""test_balanced_accuracy"": 0.35190585255622864}"
2026-04-15T23:14:34.504600,random,lcbench,167201,2,920,202.01011657714844,"{""OpenML_task_id"": ""168908"", ""batch_size"": 24, ""epoch"": 35, ""learning_rate"": 0.00035448682859424107, ""max_dropout"": 0.7956221433661619, ""max_units"": 141, ""momentum"": 0.6179163035312939, ""num_layers"": 5, ""weight_decay"": 0.07222404097827399}","{""time"": 202.01011657714844, ""val_accuracy"": 72.54454040527344, ""val_cross_entropy"": 0.9414901733398438, ""val_balanced_accuracy"": 0.3700554370880127, ""test_cross_entropy"": 1.055906057357788, ""test_balanced_accuracy"": 0.36604565382003784}"
2026-04-15T23:14:34.504600,random,lcbench,167201,2,921,619.8897094726562,"{""OpenML_task_id"": ""167181"", ""batch_size"": 131, ""epoch"": 49, ""learning_rate"": 0.015762041297816526, ""max_dropout"": 0.18986774236131654, ""max_units"": 887, ""momentum"": 0.4525649018580944, ""num_layers"": 4, ""weight_decay"": 0.021169532172549407}","{""time"": 619.8897094726562, ""val_accuracy"": 54.2391242980957, ""val_cross_entropy"": 1.002004861831665, ""val_balanced_accuracy"": 0.42414766550064087, ""test_cross_entropy"": 1.0644248723983765, ""test_balanced_accuracy"": 0.42067116498947144}"
2026-04-15T23:14:34.513936,random,lcbench,167201,2,922,44.21601486206055,"{""OpenML_task_id"": ""167201"", ""batch_size"": 215, ""epoch"": 28, ""learning_rate"": 0.0013240411259414996, ""max_dropout"": 0.9487818268076113, ""max_units"": 79, ""momentum"": 0.6221995324727149, ""num_layers"": 1, ""weight_decay"": 0.046059081971461115}","{""time"": 44.21601486206055, ""val_accuracy"": 43.735164642333984, ""val_cross_entropy"": 1.0360991954803467, ""val_balanced_accuracy"": 0.4016614854335785, ""test_cross_entropy"": 1.0896480083465576, ""test_balanced_accuracy"": 0.3996524214744568}"
2026-04-15T23:14:34.513936,random,lcbench,167201,2,923,65.17073059082031,"{""OpenML_task_id"": ""168908"", ""batch_size"": 17, ""epoch"": 11, ""learning_rate"": 0.0007335708888762647, ""max_dropout"": 0.21131350769950497, ""max_units"": 210, ""momentum"": 0.8235810813153251, ""num_layers"": 5, ""weight_decay"": 0.07126465676437395}","{""time"": 65.17073059082031, ""val_accuracy"": 68.92183685302734, ""val_cross_entropy"": 0.9257351756095886, ""val_balanced_accuracy"": 0.3564222753047943, ""test_cross_entropy"": 1.0588692426681519, ""test_balanced_accuracy"": 0.3568766713142395}"
2026-04-15T23:14:34.513936,random,lcbench,167201,2,924,65.10658264160156,"{""OpenML_task_id"": ""146212"", ""batch_size"": 30, ""epoch"": 22, ""learning_rate"": 0.00024493348118762064, ""max_dropout"": 0.35891527417603386, ""max_units"": 128, ""momentum"": 0.8684642263487061, ""num_layers"": 2, ""weight_decay"": 0.03333619502272414}","{""time"": 65.10658264160156, ""val_accuracy"": 52.99359130859375, ""val_cross_entropy"": 1.019986629486084, ""val_balanced_accuracy"": 0.41912463307380676, ""test_cross_entropy"": 1.0828197002410889, ""test_balanced_accuracy"": 0.4188033938407898}"
2026-04-15T23:14:34.513936,random,lcbench,167201,2,925,40.14834213256836,"{""OpenML_task_id"": ""7593"", ""batch_size"": 173, ""epoch"": 20, ""learning_rate"": 0.06597248846982036, ""max_dropout"": 0.6307437263858294, ""max_units"": 311, ""momentum"": 0.4943805053031808, ""num_layers"": 1, ""weight_decay"": 0.08489500207407627}","{""time"": 40.14834213256836, ""val_accuracy"": 41.06877517700195, ""val_cross_entropy"": 1.0767959356307983, ""val_balanced_accuracy"": 0.3979637622833252, ""test_cross_entropy"": 1.0931528806686401, ""test_balanced_accuracy"": 0.4005957245826721}"
2026-04-15T23:14:34.513936,random,lcbench,167201,2,926,16.9833984375,"{""OpenML_task_id"": ""168331"", ""batch_size"": 141, ""epoch"": 4, ""learning_rate"": 0.0016471495899546824, ""max_dropout"": 0.6004884878717105, ""max_units"": 319, ""momentum"": 0.9838407441238715, ""num_layers"": 2, ""weight_decay"": 0.07974776836589326}","{""time"": 16.9833984375, ""val_accuracy"": 46.355411529541016, ""val_cross_entropy"": 1.0719867944717407, ""val_balanced_accuracy"": 0.4062241017818451, ""test_cross_entropy"": 1.0966212749481201, ""test_balanced_accuracy"": 0.4019373953342438}"
2026-04-15T23:14:34.513936,random,lcbench,167201,2,927,101.31121826171875,"{""OpenML_task_id"": ""167200"", ""batch_size"": 16, ""epoch"": 44, ""learning_rate"": 0.0004270616923095449, ""max_dropout"": 0.039583095569054705, ""max_units"": 650, ""momentum"": 0.7000853450159599, ""num_layers"": 1, ""weight_decay"": 0.01711602015559982}","{""time"": 101.31121826171875, ""val_accuracy"": 48.94613265991211, ""val_cross_entropy"": 1.0705419778823853, ""val_balanced_accuracy"": 0.4226294755935669, ""test_cross_entropy"": 1.0933738946914673, ""test_balanced_accuracy"": 0.4180986285209656}"
2026-04-15T23:14:34.513936,random,lcbench,167201,2,928,110.0949935913086,"{""OpenML_task_id"": ""146212"", ""batch_size"": 185, ""epoch"": 30, ""learning_rate"": 0.0008518239921470043, ""max_dropout"": 0.3889870780688722, ""max_units"": 163, ""momentum"": 0.1685659501477293, ""num_layers"": 5, ""weight_decay"": 0.04440547574354607}","{""time"": 110.0949935913086, ""val_accuracy"": 37.32777404785156, ""val_cross_entropy"": 0.9760099649429321, ""val_balanced_accuracy"": 0.3649706244468689, ""test_cross_entropy"": 1.0844134092330933, ""test_balanced_accuracy"": 0.3629152178764343}"
2026-04-15T23:14:34.522063,random,lcbench,167201,2,929,54.98690414428711,"{""OpenML_task_id"": ""189865"", ""batch_size"": 159, ""epoch"": 27, ""learning_rate"": 0.00019049279795127776, ""max_dropout"": 0.33044004523211423, ""max_units"": 77, ""momentum"": 0.1350220279670288, ""num_layers"": 1, ""weight_decay"": 0.09868039470470691}","{""time"": 54.98690414428711, ""val_accuracy"": 39.68537139892578, ""val_cross_entropy"": 1.0256342887878418, ""val_balanced_accuracy"": 0.3633086085319519, ""test_cross_entropy"": 1.0975805521011353, ""test_balanced_accuracy"": 0.361356258392334}"
2026-04-15T23:14:34.522063,random,lcbench,167201,2,930,127.75038146972656,"{""OpenML_task_id"": ""168329"", ""batch_size"": 66, ""epoch"": 38, ""learning_rate"": 0.004450888109330225, ""max_dropout"": 0.8549255070821109, ""max_units"": 193, ""momentum"": 0.6203582860219459, ""num_layers"": 3, ""weight_decay"": 0.0961713676761313}","{""time"": 127.75038146972656, ""val_accuracy"": 59.624244689941406, ""val_cross_entropy"": 1.0810573101043701, ""val_balanced_accuracy"": 0.33603435754776, ""test_cross_entropy"": 1.096129059791565, ""test_balanced_accuracy"": 0.3328119218349457}"
2026-04-15T23:14:34.524252,random,lcbench,167201,2,931,82.41754150390625,"{""OpenML_task_id"": ""189862"", ""batch_size"": 279, ""epoch"": 26, ""learning_rate"": 0.04581876809328273, ""max_dropout"": 0.40943796931589294, ""max_units"": 206, ""momentum"": 0.1730411915874965, ""num_layers"": 5, ""weight_decay"": 0.04259740980982081}","{""time"": 82.41754150390625, ""val_accuracy"": 58.119537353515625, ""val_cross_entropy"": 0.9752115607261658, ""val_balanced_accuracy"": 0.3578486740589142, ""test_cross_entropy"": 1.0927741527557373, ""test_balanced_accuracy"": 0.35567933320999146}"
2026-04-15T23:14:34.524252,random,lcbench,167201,2,932,63.20591354370117,"{""OpenML_task_id"": ""146212"", ""batch_size"": 333, ""epoch"": 22, ""learning_rate"": 0.0005688152382064556, ""max_dropout"": 0.32847870910498833, ""max_units"": 157, ""momentum"": 0.9612857783522626, ""num_layers"": 2, ""weight_decay"": 0.055722139829647535}","{""time"": 63.20591354370117, ""val_accuracy"": 44.43550109863281, ""val_cross_entropy"": 1.023625373840332, ""val_balanced_accuracy"": 0.41563937067985535, ""test_cross_entropy"": 1.0928072929382324, ""test_balanced_accuracy"": 0.4117124080657959}"
2026-04-15T23:14:34.524252,random,lcbench,167201,2,933,36.51853561401367,"{""OpenML_task_id"": ""168331"", ""batch_size"": 89, ""epoch"": 10, ""learning_rate"": 0.06964054826580994, ""max_dropout"": 0.6262729619084787, ""max_units"": 208, ""momentum"": 0.6590006705751722, ""num_layers"": 2, ""weight_decay"": 0.08724374180736345}","{""time"": 36.51853561401367, ""val_accuracy"": 42.8231201171875, ""val_cross_entropy"": 1.0523978471755981, ""val_balanced_accuracy"": 0.3807993531227112, ""test_cross_entropy"": 1.0919309854507446, ""test_balanced_accuracy"": 0.38240131735801697}"
2026-04-15T23:14:34.524252,random,lcbench,167201,2,934,59.772727966308594,"{""OpenML_task_id"": ""167104"", ""batch_size"": 26, ""epoch"": 29, ""learning_rate"": 0.002545749093292694, ""max_dropout"": 0.9959647620234651, ""max_units"": 89, ""momentum"": 0.37854175208582586, ""num_layers"": 1, ""weight_decay"": 0.07014591386190724}","{""time"": 59.772727966308594, ""val_accuracy"": 47.882476806640625, ""val_cross_entropy"": 1.0272146463394165, ""val_balanced_accuracy"": 0.4219891130924225, ""test_cross_entropy"": 1.0847779512405396, ""test_balanced_accuracy"": 0.42493149638175964}"
2026-04-15T23:14:34.524252,random,lcbench,167201,2,935,136.5397186279297,"{""OpenML_task_id"": ""167152"", ""batch_size"": 27, ""epoch"": 47, ""learning_rate"": 0.023905164209594, ""max_dropout"": 0.947207828885212, ""max_units"": 68, ""momentum"": 0.39490637786532745, ""num_layers"": 3, ""weight_decay"": 0.09662942028483404}","{""time"": 136.5397186279297, ""val_accuracy"": 64.61702728271484, ""val_cross_entropy"": 1.0114185810089111, ""val_balanced_accuracy"": 0.33969661593437195, ""test_cross_entropy"": 1.089293360710144, ""test_balanced_accuracy"": 0.3382599949836731}"
2026-04-15T23:14:34.530373,random,lcbench,167201,2,936,84.76721954345703,"{""OpenML_task_id"": ""168868"", ""batch_size"": 21, ""epoch"": 24, ""learning_rate"": 0.0019103638399727001, ""max_dropout"": 0.05106285018291812, ""max_units"": 156, ""momentum"": 0.6602095489042361, ""num_layers"": 3, ""weight_decay"": 0.014904407310602354}","{""time"": 84.76721954345703, ""val_accuracy"": 63.18040466308594, ""val_cross_entropy"": 0.9893501400947571, ""val_balanced_accuracy"": 0.46872901916503906, ""test_cross_entropy"": 1.039414405822754, ""test_balanced_accuracy"": 0.4650254547595978}"
2026-04-15T23:14:34.530373,random,lcbench,167201,2,937,184.15811157226562,"{""OpenML_task_id"": ""168868"", ""batch_size"": 25, ""epoch"": 34, ""learning_rate"": 0.00028792805079871215, ""max_dropout"": 0.9205549911768617, ""max_units"": 420, ""momentum"": 0.20692285260024984, ""num_layers"": 3, ""weight_decay"": 0.019309204916835125}","{""time"": 184.15811157226562, ""val_accuracy"": 55.37211990356445, ""val_cross_entropy"": 1.058275580406189, ""val_balanced_accuracy"": 0.3650040626525879, ""test_cross_entropy"": 1.0946910381317139, ""test_balanced_accuracy"": 0.36329543590545654}"
2026-04-15T23:14:34.530373,random,lcbench,167201,2,938,13.850024223327637,"{""OpenML_task_id"": ""7593"", ""batch_size"": 56, ""epoch"": 3, ""learning_rate"": 0.04796834203072884, ""max_dropout"": 0.8170752518624895, ""max_units"": 268, ""momentum"": 0.1197333186737217, ""num_layers"": 3, ""weight_decay"": 0.04118823255443927}","{""time"": 13.850024223327637, ""val_accuracy"": 46.7930908203125, ""val_cross_entropy"": 1.1022276878356934, ""val_balanced_accuracy"": 0.35599425435066223, ""test_cross_entropy"": 1.1055045127868652, ""test_balanced_accuracy"": 0.3566874861717224}"
2026-04-15T23:14:34.530373,random,lcbench,167201,2,939,37.34824752807617,"{""OpenML_task_id"": ""167149"", ""batch_size"": 142, ""epoch"": 7, ""learning_rate"": 0.0031235586979696836, ""max_dropout"": 0.6871949066025488, ""max_units"": 661, ""momentum"": 0.2641389735698768, ""num_layers"": 4, ""weight_decay"": 0.0574254024090466}","{""time"": 37.34824752807617, ""val_accuracy"": 44.99789810180664, ""val_cross_entropy"": 1.0536412000656128, ""val_balanced_accuracy"": 0.3420240879058838, ""test_cross_entropy"": 1.1075189113616943, ""test_balanced_accuracy"": 0.3418349623680115}"
2026-04-15T23:14:34.530373,random,lcbench,167201,2,940,62.98558807373047,"{""OpenML_task_id"": ""168330"", ""batch_size"": 37, ""epoch"": 16, ""learning_rate"": 0.0004035757413725298, ""max_dropout"": 0.8269324019354695, ""max_units"": 233, ""momentum"": 0.6860648277848076, ""num_layers"": 3, ""weight_decay"": 0.05828513189751826}","{""time"": 62.98558807373047, ""val_accuracy"": 56.762699127197266, ""val_cross_entropy"": 1.0607634782791138, ""val_balanced_accuracy"": 0.3533667325973511, ""test_cross_entropy"": 1.0986584424972534, ""test_balanced_accuracy"": 0.3555687665939331}"
2026-04-15T23:14:34.530373,random,lcbench,167201,2,941,241.07760620117188,"{""OpenML_task_id"": ""167201"", ""batch_size"": 473, ""epoch"": 33, ""learning_rate"": 0.0936621709399778, ""max_dropout"": 0.12485707559801196, ""max_units"": 136, ""momentum"": 0.8964300589289896, ""num_layers"": 5, ""weight_decay"": 0.09614408741951633}","{""time"": 241.07760620117188, ""val_accuracy"": 39.848140716552734, ""val_cross_entropy"": 0.9569563865661621, ""val_balanced_accuracy"": 0.34501513838768005, ""test_cross_entropy"": 1.0821868181228638, ""test_balanced_accuracy"": 0.3378151059150696}"
2026-04-15T23:14:34.530373,random,lcbench,167201,2,942,142.68096923828125,"{""OpenML_task_id"": ""167200"", ""batch_size"": 40, ""epoch"": 42, ""learning_rate"": 0.02675355381343527, ""max_dropout"": 0.6835336440772473, ""max_units"": 106, ""momentum"": 0.4301784228823001, ""num_layers"": 3, ""weight_decay"": 0.062243148032154326}","{""time"": 142.68096923828125, ""val_accuracy"": 58.32286834716797, ""val_cross_entropy"": 1.081190824508667, ""val_balanced_accuracy"": 0.33200037479400635, ""test_cross_entropy"": 1.0897490978240967, ""test_balanced_accuracy"": 0.32989585399627686}"
2026-04-15T23:14:34.538046,random,lcbench,167201,2,943,202.6669158935547,"{""OpenML_task_id"": ""189908"", ""batch_size"": 332, ""epoch"": 27, ""learning_rate"": 0.002955868288743759, ""max_dropout"": 0.8466606397293789, ""max_units"": 465, ""momentum"": 0.21942736698352588, ""num_layers"": 5, ""weight_decay"": 0.07806823629923684}","{""time"": 202.6669158935547, ""val_accuracy"": 38.511802673339844, ""val_cross_entropy"": 1.0035154819488525, ""val_balanced_accuracy"": 0.3430851697921753, ""test_cross_entropy"": 1.086908221244812, ""test_balanced_accuracy"": 0.33943042159080505}"
2026-04-15T23:14:34.538046,random,lcbench,167201,2,944,246.0921173095703,"{""OpenML_task_id"": ""167149"", ""batch_size"": 259, ""epoch"": 44, ""learning_rate"": 0.0366734446157042, ""max_dropout"": 0.422408350482124, ""max_units"": 325, ""momentum"": 0.6600455245808842, ""num_layers"": 4, ""weight_decay"": 0.04217942721371905}","{""time"": 246.0921173095703, ""val_accuracy"": 54.15291213989258, ""val_cross_entropy"": 1.0605825185775757, ""val_balanced_accuracy"": 0.341973215341568, ""test_cross_entropy"": 1.095011830329895, ""test_balanced_accuracy"": 0.3403185307979584}"
2026-04-15T23:14:34.538046,random,lcbench,167201,2,945,26.981754302978516,"{""OpenML_task_id"": ""146212"", ""batch_size"": 26, ""epoch"": 7, ""learning_rate"": 0.00017285132301367987, ""max_dropout"": 0.6243515589394955, ""max_units"": 64, ""momentum"": 0.753192452447649, ""num_layers"": 5, ""weight_decay"": 0.09499983849131119}","{""time"": 26.981754302978516, ""val_accuracy"": 51.62479782104492, ""val_cross_entropy"": 0.9403300285339355, ""val_balanced_accuracy"": 0.3615375757217407, ""test_cross_entropy"": 1.0735892057418823, ""test_balanced_accuracy"": 0.35695087909698486}"
2026-04-15T23:14:34.538046,random,lcbench,167201,2,946,58.47168731689453,"{""OpenML_task_id"": ""167152"", ""batch_size"": 155, ""epoch"": 40, ""learning_rate"": 0.039496625705531044, ""max_dropout"": 0.4612495556808557, ""max_units"": 188, ""momentum"": 0.5261107570902964, ""num_layers"": 1, ""weight_decay"": 0.02722547592935164}","{""time"": 58.47168731689453, ""val_accuracy"": 44.45169448852539, ""val_cross_entropy"": 1.0593864917755127, ""val_balanced_accuracy"": 0.41076019406318665, ""test_cross_entropy"": 1.088166356086731, ""test_balanced_accuracy"": 0.4173361659049988}"
2026-04-15T23:14:34.538046,random,lcbench,167201,2,947,68.43797302246094,"{""OpenML_task_id"": ""168335"", ""batch_size"": 33, ""epoch"": 7, ""learning_rate"": 0.0007373741411336998, ""max_dropout"": 0.18673322102064915, ""max_units"": 773, ""momentum"": 0.924335956938744, ""num_layers"": 5, ""weight_decay"": 0.0011733219629476862}","{""time"": 68.43797302246094, ""val_accuracy"": 59.71221923828125, ""val_cross_entropy"": 0.9111536741256714, ""val_balanced_accuracy"": 0.42288830876350403, ""test_cross_entropy"": 1.0572288036346436, ""test_balanced_accuracy"": 0.4221034049987793}"
2026-04-15T23:14:34.538046,random,lcbench,167201,2,948,15.448086738586426,"{""OpenML_task_id"": ""189908"", ""batch_size"": 18, ""epoch"": 2, ""learning_rate"": 0.0020446845606543456, ""max_dropout"": 0.5002909082696645, ""max_units"": 627, ""momentum"": 0.6167612383186623, ""num_layers"": 3, ""weight_decay"": 0.030006554116484056}","{""time"": 15.448086738586426, ""val_accuracy"": 50.84828186035156, ""val_cross_entropy"": 1.0417777299880981, ""val_balanced_accuracy"": 0.3842020034790039, ""test_cross_entropy"": 1.0774205923080444, ""test_balanced_accuracy"": 0.38676801323890686}"
2026-04-15T23:14:34.547128,random,lcbench,167201,2,949,915.4826049804688,"{""OpenML_task_id"": ""167149"", ""batch_size"": 19, ""epoch"": 37, ""learning_rate"": 0.024965182958584707, ""max_dropout"": 0.7027233262004092, ""max_units"": 1012, ""momentum"": 0.4499312349615394, ""num_layers"": 5, ""weight_decay"": 0.012968491925755008}","{""time"": 915.4826049804688, ""val_accuracy"": 64.54238891601562, ""val_cross_entropy"": 0.768775999546051, ""val_balanced_accuracy"": 0.4457433223724365, ""test_cross_entropy"": 1.00125253200531, ""test_balanced_accuracy"": 0.44311466813087463}"
2026-04-15T23:14:34.549336,random,lcbench,167201,2,950,144.6206817626953,"{""OpenML_task_id"": ""167190"", ""batch_size"": 17, ""epoch"": 39, ""learning_rate"": 0.008969241918785856, ""max_dropout"": 0.1470941095071946, ""max_units"": 131, ""momentum"": 0.6029522745817, ""num_layers"": 5, ""weight_decay"": 0.047296290543462724}","{""time"": 144.6206817626953, ""val_accuracy"": 74.57929992675781, ""val_cross_entropy"": 0.9759401082992554, ""val_balanced_accuracy"": 0.3586939573287964, ""test_cross_entropy"": 1.0591436624526978, ""test_balanced_accuracy"": 0.35554367303848267}"
2026-04-15T23:14:34.549336,random,lcbench,167201,2,951,24.788249969482422,"{""OpenML_task_id"": ""189354"", ""batch_size"": 52, ""epoch"": 10, ""learning_rate"": 0.00317264350361636, ""max_dropout"": 0.7502198416977761, ""max_units"": 129, ""momentum"": 0.5757757322685616, ""num_layers"": 2, ""weight_decay"": 0.03289119688401205}","{""time"": 24.788249969482422, ""val_accuracy"": 49.96570587158203, ""val_cross_entropy"": 1.041575312614441, ""val_balanced_accuracy"": 0.4228495955467224, ""test_cross_entropy"": 1.0882896184921265, ""test_balanced_accuracy"": 0.42380961775779724}"
2026-04-15T23:14:34.549336,random,lcbench,167201,2,952,73.45667266845703,"{""OpenML_task_id"": ""189906"", ""batch_size"": 23, ""epoch"": 27, ""learning_rate"": 0.007358911250192211, ""max_dropout"": 0.9643528874748031, ""max_units"": 86, ""momentum"": 0.19409951374376655, ""num_layers"": 2, ""weight_decay"": 0.02297025125657283}","{""time"": 73.45667266845703, ""val_accuracy"": 54.607418060302734, ""val_cross_entropy"": 1.0346574783325195, ""val_balanced_accuracy"": 0.4026264250278473, ""test_cross_entropy"": 1.0950034856796265, ""test_balanced_accuracy"": 0.4045346677303314}"
2026-04-15T23:14:34.549336,random,lcbench,167201,2,953,162.5870361328125,"{""OpenML_task_id"": ""167184"", ""batch_size"": 386, ""epoch"": 34, ""learning_rate"": 0.00045499716122930335, ""max_dropout"": 0.5103648920115387, ""max_units"": 67, ""momentum"": 0.8195040628024801, ""num_layers"": 5, ""weight_decay"": 0.0854839867651192}","{""time"": 162.5870361328125, ""val_accuracy"": 27.045061111450195, ""val_cross_entropy"": 0.9863372445106506, ""val_balanced_accuracy"": 0.3525138199329376, ""test_cross_entropy"": 1.1084365844726562, ""test_balanced_accuracy"": 0.35030263662338257}"
2026-04-15T23:14:34.549336,random,lcbench,167201,2,954,151.28346252441406,"{""OpenML_task_id"": ""189866"", ""batch_size"": 30, ""epoch"": 33, ""learning_rate"": 0.009002759324839415, ""max_dropout"": 0.2749428371916951, ""max_units"": 234, ""momentum"": 0.613366801737437, ""num_layers"": 3, ""weight_decay"": 0.049251534326328186}","{""time"": 151.28346252441406, ""val_accuracy"": 58.631263732910156, ""val_cross_entropy"": 1.1037896871566772, ""val_balanced_accuracy"": 0.3338845372200012, ""test_cross_entropy"": 1.0954915285110474, ""test_balanced_accuracy"": 0.33106765151023865}"
2026-04-15T23:14:34.555384,random,lcbench,167201,2,955,108.95013427734375,"{""OpenML_task_id"": ""7593"", ""batch_size"": 480, ""epoch"": 45, ""learning_rate"": 0.054143303061244034, ""max_dropout"": 0.9619982229869258, ""max_units"": 106, ""momentum"": 0.877262075858994, ""num_layers"": 2, ""weight_decay"": 0.09812771758837947}","{""time"": 108.95013427734375, ""val_accuracy"": 53.85923767089844, ""val_cross_entropy"": 1.0521152019500732, ""val_balanced_accuracy"": 0.3931210935115814, ""test_cross_entropy"": 1.1156363487243652, ""test_balanced_accuracy"": 0.39413613080978394}"
2026-04-15T23:14:34.555687,random,lcbench,167201,2,956,60.326332092285156,"{""OpenML_task_id"": ""189905"", ""batch_size"": 178, ""epoch"": 6, ""learning_rate"": 0.07396876026238827, ""max_dropout"": 0.3573377233910121, ""max_units"": 220, ""momentum"": 0.8262637059694675, ""num_layers"": 4, ""weight_decay"": 0.09661918220271812}","{""time"": 60.326332092285156, ""val_accuracy"": 33.93608474731445, ""val_cross_entropy"": 0.9864492416381836, ""val_balanced_accuracy"": 0.31578528881073, ""test_cross_entropy"": 1.1149420738220215, ""test_balanced_accuracy"": 0.3148524761199951}"
2026-04-15T23:14:34.555687,random,lcbench,167201,2,957,100.44664764404297,"{""OpenML_task_id"": ""189909"", ""batch_size"": 57, ""epoch"": 35, ""learning_rate"": 0.0010254848018511225, ""max_dropout"": 0.32309458802360036, ""max_units"": 415, ""momentum"": 0.6542882202441415, ""num_layers"": 2, ""weight_decay"": 0.03491208216724197}","{""time"": 100.44664764404297, ""val_accuracy"": 50.38170623779297, ""val_cross_entropy"": 1.0177372694015503, ""val_balanced_accuracy"": 0.44424358010292053, ""test_cross_entropy"": 1.0805472135543823, ""test_balanced_accuracy"": 0.4428265690803528}"
2026-04-15T23:14:34.555687,random,lcbench,167201,2,958,84.95269012451172,"{""OpenML_task_id"": ""189865"", ""batch_size"": 114, ""epoch"": 30, ""learning_rate"": 0.06454344116822211, ""max_dropout"": 0.16427569009714993, ""max_units"": 402, ""momentum"": 0.9670884078039168, ""num_layers"": 2, ""weight_decay"": 0.010788128324741221}","{""time"": 84.95269012451172, ""val_accuracy"": 55.122802734375, ""val_cross_entropy"": 0.9627242684364319, ""val_balanced_accuracy"": 0.5467385649681091, ""test_cross_entropy"": 1.0064252614974976, ""test_balanced_accuracy"": 0.5488114356994629}"
2026-04-15T23:14:34.555687,random,lcbench,167201,2,959,57.48719024658203,"{""OpenML_task_id"": ""167190"", ""batch_size"": 25, ""epoch"": 6, ""learning_rate"": 0.0064364678304211125, ""max_dropout"": 0.3270514357434946, ""max_units"": 618, ""momentum"": 0.3882712689801826, ""num_layers"": 4, ""weight_decay"": 0.018394095604281246}","{""time"": 57.48719024658203, ""val_accuracy"": 58.47892761230469, ""val_cross_entropy"": 1.0552504062652588, ""val_balanced_accuracy"": 0.39247676730155945, ""test_cross_entropy"": 1.0870264768600464, ""test_balanced_accuracy"": 0.3940639793872833}"
2026-04-15T23:14:34.555687,random,lcbench,167201,2,960,464.26959228515625,"{""OpenML_task_id"": ""3945"", ""batch_size"": 155, ""epoch"": 33, ""learning_rate"": 0.0032938169926772336, ""max_dropout"": 0.46537092599992713, ""max_units"": 965, ""momentum"": 0.750306539599791, ""num_layers"": 4, ""weight_decay"": 0.08600671103774846}","{""time"": 464.26959228515625, ""val_accuracy"": 56.02846145629883, ""val_cross_entropy"": 1.0257421731948853, ""val_balanced_accuracy"": 0.3412877321243286, ""test_cross_entropy"": 1.1088746786117554, ""test_balanced_accuracy"": 0.3412734270095825}"
2026-04-15T23:14:34.555687,random,lcbench,167201,2,961,33.71146774291992,"{""OpenML_task_id"": ""189906"", ""batch_size"": 275, ""epoch"": 15, ""learning_rate"": 0.046489170978883866, ""max_dropout"": 0.02504175915036111, ""max_units"": 689, ""momentum"": 0.8368098544549092, ""num_layers"": 1, ""weight_decay"": 0.04684818909923299}","{""time"": 33.71146774291992, ""val_accuracy"": 42.44491195678711, ""val_cross_entropy"": 1.1212083101272583, ""val_balanced_accuracy"": 0.3967617154121399, ""test_cross_entropy"": 1.0947669744491577, ""test_balanced_accuracy"": 0.3979592025279999}"
2026-04-15T23:14:34.555687,random,lcbench,167201,2,962,100.01017761230469,"{""OpenML_task_id"": ""34539"", ""batch_size"": 153, ""epoch"": 33, ""learning_rate"": 0.006058829795253717, ""max_dropout"": 0.7233068892662979, ""max_units"": 175, ""momentum"": 0.5527561004854029, ""num_layers"": 4, ""weight_decay"": 0.06814371127226657}","{""time"": 100.01017761230469, ""val_accuracy"": 56.048343658447266, ""val_cross_entropy"": 1.0599383115768433, ""val_balanced_accuracy"": 0.329787015914917, ""test_cross_entropy"": 1.1035258769989014, ""test_balanced_accuracy"": 0.32819753885269165}"
2026-04-15T23:14:34.563369,random,lcbench,167201,2,963,99.05217742919922,"{""OpenML_task_id"": ""189862"", ""batch_size"": 118, ""epoch"": 44, ""learning_rate"": 0.052372795647196366, ""max_dropout"": 0.4827277422914217, ""max_units"": 86, ""momentum"": 0.2340504105439005, ""num_layers"": 3, ""weight_decay"": 0.01985620648913053}","{""time"": 99.05217742919922, ""val_accuracy"": 53.700653076171875, ""val_cross_entropy"": 0.9711967706680298, ""val_balanced_accuracy"": 0.4025573134422302, ""test_cross_entropy"": 1.064550518989563, ""test_balanced_accuracy"": 0.39957696199417114}"
2026-04-15T23:14:34.563369,random,lcbench,167201,2,964,149.72164916992188,"{""OpenML_task_id"": ""168908"", ""batch_size"": 44, ""epoch"": 31, ""learning_rate"": 0.05288886518852219, ""max_dropout"": 0.6684769326836952, ""max_units"": 178, ""momentum"": 0.9600873547762218, ""num_layers"": 3, ""weight_decay"": 0.09287325645891274}","{""time"": 149.72164916992188, ""val_accuracy"": 41.38306427001953, ""val_cross_entropy"": 0.9577568769454956, ""val_balanced_accuracy"": 0.3309148848056793, ""test_cross_entropy"": 1.1067006587982178, ""test_balanced_accuracy"": 0.3289659023284912}"
2026-04-15T23:14:34.565997,random,lcbench,167201,2,965,12.774887084960938,"{""OpenML_task_id"": ""168329"", ""batch_size"": 352, ""epoch"": 2, ""learning_rate"": 0.004809979646388883, ""max_dropout"": 0.8914287910808939, ""max_units"": 424, ""momentum"": 0.6316380428868796, ""num_layers"": 4, ""weight_decay"": 0.03075546648700265}","{""time"": 12.774887084960938, ""val_accuracy"": 32.17910385131836, ""val_cross_entropy"": 1.0313353538513184, ""val_balanced_accuracy"": 0.32967129349708557, ""test_cross_entropy"": 1.0941232442855835, ""test_balanced_accuracy"": 0.3289828598499298}"
2026-04-15T23:14:34.565997,random,lcbench,167201,2,966,164.4932861328125,"{""OpenML_task_id"": ""189862"", ""batch_size"": 254, ""epoch"": 28, ""learning_rate"": 0.03930216542896583, ""max_dropout"": 0.9210426850249711, ""max_units"": 619, ""momentum"": 0.3225268491962283, ""num_layers"": 4, ""weight_decay"": 0.042005172307857774}","{""time"": 164.4932861328125, ""val_accuracy"": 49.85232925415039, ""val_cross_entropy"": 1.0913259983062744, ""val_balanced_accuracy"": 0.32636603713035583, ""test_cross_entropy"": 1.105375051498413, ""test_balanced_accuracy"": 0.32668429613113403}"
2026-04-15T23:14:34.565997,random,lcbench,167201,2,967,95.6092300415039,"{""OpenML_task_id"": ""189908"", ""batch_size"": 16, ""epoch"": 19, ""learning_rate"": 0.00017568553483819646, ""max_dropout"": 0.3006172173288657, ""max_units"": 234, ""momentum"": 0.11129724573541536, ""num_layers"": 2, ""weight_decay"": 0.017513526292521134}","{""time"": 95.6092300415039, ""val_accuracy"": 52.65244674682617, ""val_cross_entropy"": 0.9813976287841797, ""val_balanced_accuracy"": 0.4121445417404175, ""test_cross_entropy"": 1.0734052658081055, ""test_balanced_accuracy"": 0.4123096466064453}"
2026-04-15T23:14:34.565997,random,lcbench,167201,2,968,146.85183715820312,"{""OpenML_task_id"": ""189354"", ""batch_size"": 19, ""epoch"": 28, ""learning_rate"": 0.002294611174296131, ""max_dropout"": 0.688707086188036, ""max_units"": 165, ""momentum"": 0.9147858606847956, ""num_layers"": 5, ""weight_decay"": 0.07375413444902827}","{""time"": 146.85183715820312, ""val_accuracy"": 70.39241790771484, ""val_cross_entropy"": 0.957165002822876, ""val_balanced_accuracy"": 0.35852980613708496, ""test_cross_entropy"": 1.071784496307373, ""test_balanced_accuracy"": 0.3525702953338623}"
2026-04-15T23:14:34.565997,random,lcbench,167201,2,969,434.2647705078125,"{""OpenML_task_id"": ""189866"", ""batch_size"": 322, ""epoch"": 44, ""learning_rate"": 0.006216273324637274, ""max_dropout"": 0.456369670206483, ""max_units"": 794, ""momentum"": 0.515095670714951, ""num_layers"": 4, ""weight_decay"": 0.07844608415701307}","{""time"": 434.2647705078125, ""val_accuracy"": 56.032630920410156, ""val_cross_entropy"": 1.0659589767456055, ""val_balanced_accuracy"": 0.34382542967796326, ""test_cross_entropy"": 1.1036314964294434, ""test_balanced_accuracy"": 0.34122392535209656}"
2026-04-15T23:14:34.565997,random,lcbench,167201,2,970,68.72383880615234,"{""OpenML_task_id"": ""189862"", ""batch_size"": 24, ""epoch"": 16, ""learning_rate"": 0.0003773563160909658, ""max_dropout"": 0.8694849418439428, ""max_units"": 102, ""momentum"": 0.5968615378498562, ""num_layers"": 5, ""weight_decay"": 0.002581889428820803}","{""time"": 68.72383880615234, ""val_accuracy"": 54.325679779052734, ""val_cross_entropy"": 0.9658810496330261, ""val_balanced_accuracy"": 0.3460801839828491, ""test_cross_entropy"": 1.0827339887619019, ""test_balanced_accuracy"": 0.3471836447715759}"
2026-04-15T23:14:34.571497,random,lcbench,167201,2,971,307.920166015625,"{""OpenML_task_id"": ""189862"", ""batch_size"": 174, ""epoch"": 38, ""learning_rate"": 0.00627881545185244, ""max_dropout"": 0.8749473778011674, ""max_units"": 424, ""momentum"": 0.7785427988659848, ""num_layers"": 5, ""weight_decay"": 0.07630963734049351}","{""time"": 307.920166015625, ""val_accuracy"": 57.93282699584961, ""val_cross_entropy"": 0.9775503277778625, ""val_balanced_accuracy"": 0.3564603328704834, ""test_cross_entropy"": 1.0832029581069946, ""test_balanced_accuracy"": 0.35187631845474243}"
2026-04-15T23:14:34.571497,random,lcbench,167201,2,972,114.43318939208984,"{""OpenML_task_id"": ""189865"", ""batch_size"": 183, ""epoch"": 50, ""learning_rate"": 0.001507161608183862, ""max_dropout"": 0.06584238089039784, ""max_units"": 66, ""momentum"": 0.5300589136429905, ""num_layers"": 2, ""weight_decay"": 0.03632311873573964}","{""time"": 114.43318939208984, ""val_accuracy"": 45.1457633972168, ""val_cross_entropy"": 1.0340430736541748, ""val_balanced_accuracy"": 0.4030505418777466, ""test_cross_entropy"": 1.1000685691833496, ""test_balanced_accuracy"": 0.4004620313644409}"
2026-04-15T23:14:34.571497,random,lcbench,167201,2,973,76.68905639648438,"{""OpenML_task_id"": ""167181"", ""batch_size"": 43, ""epoch"": 51, ""learning_rate"": 0.00034184669130507404, ""max_dropout"": 0.05258836674711842, ""max_units"": 67, ""momentum"": 0.861830006928685, ""num_layers"": 1, ""weight_decay"": 0.002498430381239844}","{""time"": 76.68905639648438, ""val_accuracy"": 46.58666229248047, ""val_cross_entropy"": 1.041085124015808, ""val_balanced_accuracy"": 0.42634978890419006, ""test_cross_entropy"": 1.104862928390503, ""test_balanced_accuracy"": 0.4264010190963745}"
2026-04-15T23:14:34.571497,random,lcbench,167201,2,974,61.918819427490234,"{""OpenML_task_id"": ""167149"", ""batch_size"": 123, ""epoch"": 16, ""learning_rate"": 0.016636272507475677, ""max_dropout"": 0.016273801186847403, ""max_units"": 390, ""momentum"": 0.20544054077699975, ""num_layers"": 5, ""weight_decay"": 0.0039977065089090045}","{""time"": 61.918819427490234, ""val_accuracy"": 68.69544982910156, ""val_cross_entropy"": 0.8215160369873047, ""val_balanced_accuracy"": 0.572364330291748, ""test_cross_entropy"": 1.005035638809204, ""test_balanced_accuracy"": 0.5683175921440125}"
2026-04-15T23:14:34.571497,random,lcbench,167201,2,975,71.44305419921875,"{""OpenML_task_id"": ""168908"", ""batch_size"": 169, ""epoch"": 22, ""learning_rate"": 0.0003383415501657157, ""max_dropout"": 0.6627379810102498, ""max_units"": 196, ""momentum"": 0.11518642349069232, ""num_layers"": 4, ""weight_decay"": 0.056933159267514084}","{""time"": 71.44305419921875, ""val_accuracy"": 29.45916748046875, ""val_cross_entropy"": 1.050665259361267, ""val_balanced_accuracy"": 0.33967262506484985, ""test_cross_entropy"": 1.1055669784545898, ""test_balanced_accuracy"": 0.34232041239738464}"
2026-04-15T23:14:34.571497,random,lcbench,167201,2,976,128.81016540527344,"{""OpenML_task_id"": ""167201"", ""batch_size"": 96, ""epoch"": 49, ""learning_rate"": 0.0001453131906755196, ""max_dropout"": 0.9507809109040393, ""max_units"": 113, ""momentum"": 0.18998381670037096, ""num_layers"": 4, ""weight_decay"": 0.08762010132270844}","{""time"": 128.81016540527344, ""val_accuracy"": 40.37881088256836, ""val_cross_entropy"": 1.0353326797485352, ""val_balanced_accuracy"": 0.3545813262462616, ""test_cross_entropy"": 1.1043659448623657, ""test_balanced_accuracy"": 0.3530494272708893}"
2026-04-15T23:14:34.577155,random,lcbench,167201,2,977,224.0399627685547,"{""OpenML_task_id"": ""189909"", ""batch_size"": 127, ""epoch"": 33, ""learning_rate"": 0.007497769642051474, ""max_dropout"": 0.13815438782212142, ""max_units"": 569, ""momentum"": 0.5733122642459121, ""num_layers"": 4, ""weight_decay"": 0.05267399683724409}","{""time"": 224.0399627685547, ""val_accuracy"": 58.426971435546875, ""val_cross_entropy"": 1.0604232549667358, ""val_balanced_accuracy"": 0.33285000920295715, ""test_cross_entropy"": 1.1043254137039185, ""test_balanced_accuracy"": 0.3355386555194855}"
2026-04-15T23:14:34.577155,random,lcbench,167201,2,978,88.21156311035156,"{""OpenML_task_id"": ""126025"", ""batch_size"": 234, ""epoch"": 24, ""learning_rate"": 0.00033244717872308075, ""max_dropout"": 0.2661563067895949, ""max_units"": 163, ""momentum"": 0.7877313099230474, ""num_layers"": 3, ""weight_decay"": 0.014559430662180097}","{""time"": 88.21156311035156, ""val_accuracy"": 45.02245330810547, ""val_cross_entropy"": 1.0720546245574951, ""val_balanced_accuracy"": 0.3721633553504944, ""test_cross_entropy"": 1.1122639179229736, ""test_balanced_accuracy"": 0.37092745304107666}"
2026-04-15T23:14:34.580274,random,lcbench,167201,2,979,77.08368682861328,"{""OpenML_task_id"": ""168910"", ""batch_size"": 47, ""epoch"": 7, ""learning_rate"": 0.025497843957731844, ""max_dropout"": 0.37470619859853105, ""max_units"": 846, ""momentum"": 0.2215122620882109, ""num_layers"": 3, ""weight_decay"": 0.0699940918349447}","{""time"": 77.08368682861328, ""val_accuracy"": 49.06062698364258, ""val_cross_entropy"": 1.0847032070159912, ""val_balanced_accuracy"": 0.3409721553325653, ""test_cross_entropy"": 1.1158937215805054, ""test_balanced_accuracy"": 0.33857303857803345}"
2026-04-15T23:14:34.580274,random,lcbench,167201,2,980,130.38174438476562,"{""OpenML_task_id"": ""167190"", ""batch_size"": 38, ""epoch"": 22, ""learning_rate"": 0.00021518970925596344, ""max_dropout"": 0.7866334474105127, ""max_units"": 337, ""momentum"": 0.6282509788696424, ""num_layers"": 5, ""weight_decay"": 0.018194090466217495}","{""time"": 130.38174438476562, ""val_accuracy"": 53.8377685546875, ""val_cross_entropy"": 0.9597956538200378, ""val_balanced_accuracy"": 0.34458962082862854, ""test_cross_entropy"": 1.0828510522842407, ""test_balanced_accuracy"": 0.34601882100105286}"
2026-04-15T23:14:34.580274,random,lcbench,167201,2,981,92.15652465820312,"{""OpenML_task_id"": ""167184"", ""batch_size"": 37, ""epoch"": 26, ""learning_rate"": 0.00037298007344767315, ""max_dropout"": 0.37864832375963686, ""max_units"": 132, ""momentum"": 0.7952360617327342, ""num_layers"": 3, ""weight_decay"": 0.017375377416154497}","{""time"": 92.15652465820312, ""val_accuracy"": 57.161319732666016, ""val_cross_entropy"": 1.0453013181686401, ""val_balanced_accuracy"": 0.40447062253952026, ""test_cross_entropy"": 1.0801982879638672, ""test_balanced_accuracy"": 0.40376612544059753}"
2026-04-15T23:14:34.580274,random,lcbench,167201,2,982,749.449951171875,"{""OpenML_task_id"": ""126025"", ""batch_size"": 47, ""epoch"": 33, ""learning_rate"": 0.016453133186735507, ""max_dropout"": 0.9686745071505956, ""max_units"": 912, ""momentum"": 0.3903468484535232, ""num_layers"": 5, ""weight_decay"": 0.046936158219379846}","{""time"": 749.449951171875, ""val_accuracy"": 62.76506042480469, ""val_cross_entropy"": 1.0413810014724731, ""val_balanced_accuracy"": 0.3323608934879303, ""test_cross_entropy"": 1.1188100576400757, ""test_balanced_accuracy"": 0.329025536775589}"
2026-04-15T23:14:34.580274,random,lcbench,167201,2,983,108.01722717285156,"{""OpenML_task_id"": ""168910"", ""batch_size"": 65, ""epoch"": 46, ""learning_rate"": 0.026164677064081904, ""max_dropout"": 0.05453410050280727, ""max_units"": 93, ""momentum"": 0.27610757707537614, ""num_layers"": 3, ""weight_decay"": 0.024567909863297085}","{""time"": 108.01722717285156, ""val_accuracy"": 58.653076171875, ""val_cross_entropy"": 1.020275354385376, ""val_balanced_accuracy"": 0.39839133620262146, ""test_cross_entropy"": 1.066281795501709, ""test_balanced_accuracy"": 0.3950762152671814}"
2026-04-15T23:14:34.580274,random,lcbench,167201,2,984,14.57933235168457,"{""OpenML_task_id"": ""146212"", ""batch_size"": 436, ""epoch"": 2, ""learning_rate"": 0.0099264307956529, ""max_dropout"": 0.061240948916707616, ""max_units"": 969, ""momentum"": 0.39210384956265676, ""num_layers"": 4, ""weight_decay"": 0.05019511905066142}","{""time"": 14.57933235168457, ""val_accuracy"": 37.830936431884766, ""val_cross_entropy"": 1.0369952917099, ""val_balanced_accuracy"": 0.34296151995658875, ""test_cross_entropy"": 1.1117374897003174, ""test_balanced_accuracy"": 0.34181344509124756}"
2026-04-15T23:14:34.580274,random,lcbench,167201,2,985,53.00396728515625,"{""OpenML_task_id"": ""168335"", ""batch_size"": 24, ""epoch"": 30, ""learning_rate"": 0.005189885903977983, ""max_dropout"": 0.9573932156243893, ""max_units"": 619, ""momentum"": 0.8436143863688158, ""num_layers"": 1, ""weight_decay"": 0.019608896473386674}","{""time"": 53.00396728515625, ""val_accuracy"": 47.285831451416016, ""val_cross_entropy"": 1.0596238374710083, ""val_balanced_accuracy"": 0.41668713092803955, ""test_cross_entropy"": 1.0819547176361084, ""test_balanced_accuracy"": 0.4175184965133667}"
2026-04-15T23:14:34.580274,random,lcbench,167201,2,986,105.81256866455078,"{""OpenML_task_id"": ""167104"", ""batch_size"": 81, ""epoch"": 41, ""learning_rate"": 0.0005679898101068375, ""max_dropout"": 0.4980403789400878, ""max_units"": 124, ""momentum"": 0.85454954677642, ""num_layers"": 2, ""weight_decay"": 0.0035042240036915165}","{""time"": 105.81256866455078, ""val_accuracy"": 49.6922721862793, ""val_cross_entropy"": 0.9966665506362915, ""val_balanced_accuracy"": 0.4628450870513916, ""test_cross_entropy"": 1.0703047513961792, ""test_balanced_accuracy"": 0.46049749851226807}"
2026-04-15T23:14:34.588022,random,lcbench,167201,2,987,34.952545166015625,"{""OpenML_task_id"": ""189905"", ""batch_size"": 178, ""epoch"": 13, ""learning_rate"": 0.003991803759649051, ""max_dropout"": 0.875053840828309, ""max_units"": 71, ""momentum"": 0.598513478194151, ""num_layers"": 3, ""weight_decay"": 0.034348522671093513}","{""time"": 34.952545166015625, ""val_accuracy"": 47.42619323730469, ""val_cross_entropy"": 1.0531623363494873, ""val_balanced_accuracy"": 0.35973745584487915, ""test_cross_entropy"": 1.1154879331588745, ""test_balanced_accuracy"": 0.35792648792266846}"
2026-04-15T23:14:34.588561,random,lcbench,167201,2,988,96.927001953125,"{""OpenML_task_id"": ""167161"", ""batch_size"": 25, ""epoch"": 44, ""learning_rate"": 0.01775351069735545, ""max_dropout"": 0.4772417632985535, ""max_units"": 649, ""momentum"": 0.1278518723444782, ""num_layers"": 1, ""weight_decay"": 0.09295033402011448}","{""time"": 96.927001953125, ""val_accuracy"": 45.74654769897461, ""val_cross_entropy"": 1.0491968393325806, ""val_balanced_accuracy"": 0.41009870171546936, ""test_cross_entropy"": 1.0966405868530273, ""test_balanced_accuracy"": 0.4147365987300873}"
2026-04-15T23:14:34.588561,random,lcbench,167201,2,989,158.17633056640625,"{""OpenML_task_id"": ""189354"", ""batch_size"": 167, ""epoch"": 19, ""learning_rate"": 0.004278610925333486, ""max_dropout"": 0.38791079647573246, ""max_units"": 907, ""momentum"": 0.10809200199786538, ""num_layers"": 4, ""weight_decay"": 0.09586390025834439}","{""time"": 158.17633056640625, ""val_accuracy"": 52.14275360107422, ""val_cross_entropy"": 1.050311803817749, ""val_balanced_accuracy"": 0.3436451256275177, ""test_cross_entropy"": 1.107409954071045, ""test_balanced_accuracy"": 0.34361696243286133}"
2026-04-15T23:14:34.588561,random,lcbench,167201,2,990,75.93743133544922,"{""OpenML_task_id"": ""189906"", ""batch_size"": 149, ""epoch"": 42, ""learning_rate"": 0.008872561702337666, ""max_dropout"": 0.41072318930517726, ""max_units"": 636, ""momentum"": 0.42710679232432613, ""num_layers"": 1, ""weight_decay"": 0.051129313436561345}","{""time"": 75.93743133544922, ""val_accuracy"": 44.922691345214844, ""val_cross_entropy"": 1.0673996210098267, ""val_balanced_accuracy"": 0.40955308079719543, ""test_cross_entropy"": 1.0975322723388672, ""test_balanced_accuracy"": 0.41197872161865234}"
2026-04-15T23:14:34.588561,random,lcbench,167201,2,991,79.7889633178711,"{""OpenML_task_id"": ""167200"", ""batch_size"": 282, ""epoch"": 32, ""learning_rate"": 0.003986236987328798, ""max_dropout"": 0.13596342362251712, ""max_units"": 166, ""momentum"": 0.8590209668109708, ""num_layers"": 2, ""weight_decay"": 0.07555589650879968}","{""time"": 79.7889633178711, ""val_accuracy"": 47.710540771484375, ""val_cross_entropy"": 1.0550140142440796, ""val_balanced_accuracy"": 0.4009006917476654, ""test_cross_entropy"": 1.1027673482894897, ""test_balanced_accuracy"": 0.39623913168907166}"
2026-04-15T23:14:34.588561,random,lcbench,167201,2,992,103.45731353759766,"{""OpenML_task_id"": ""168330"", ""batch_size"": 41, ""epoch"": 20, ""learning_rate"": 0.0010291848313725782, ""max_dropout"": 0.27208840174651083, ""max_units"": 515, ""momentum"": 0.24743264163945464, ""num_layers"": 3, ""weight_decay"": 0.058786205914106764}","{""time"": 103.45731353759766, ""val_accuracy"": 55.09379196166992, ""val_cross_entropy"": 1.09161376953125, ""val_balanced_accuracy"": 0.36987972259521484, ""test_cross_entropy"": 1.0979236364364624, ""test_balanced_accuracy"": 0.36951303482055664}"
2026-04-15T23:14:34.588561,random,lcbench,167201,2,993,19.464160919189453,"{""OpenML_task_id"": ""126025"", ""batch_size"": 89, ""epoch"": 13, ""learning_rate"": 0.013932318021378221, ""max_dropout"": 0.20363067296654558, ""max_units"": 69, ""momentum"": 0.9601196338483043, ""num_layers"": 1, ""weight_decay"": 0.005963849616063112}","{""time"": 19.464160919189453, ""val_accuracy"": 45.49125671386719, ""val_cross_entropy"": 1.0642223358154297, ""val_balanced_accuracy"": 0.42644330859184265, ""test_cross_entropy"": 1.0774370431900024, ""test_balanced_accuracy"": 0.4269503355026245}"
2026-04-15T23:14:34.588561,random,lcbench,167201,2,994,76.3139419555664,"{""OpenML_task_id"": ""167190"", ""batch_size"": 273, ""epoch"": 28, ""learning_rate"": 0.0003156434581551588, ""max_dropout"": 0.8581259167688267, ""max_units"": 1006, ""momentum"": 0.5800042931161276, ""num_layers"": 1, ""weight_decay"": 0.03417797665037917}","{""time"": 76.3139419555664, ""val_accuracy"": 44.874393463134766, ""val_cross_entropy"": 1.036359190940857, ""val_balanced_accuracy"": 0.3885692358016968, ""test_cross_entropy"": 1.0985336303710938, ""test_balanced_accuracy"": 0.3820914626121521}"
2026-04-15T23:14:34.588561,random,lcbench,167201,2,995,137.6790008544922,"{""OpenML_task_id"": ""126029"", ""batch_size"": 312, ""epoch"": 18, ""learning_rate"": 0.049356222014859945, ""max_dropout"": 0.9325411526301908, ""max_units"": 764, ""momentum"": 0.17175293781512635, ""num_layers"": 4, ""weight_decay"": 0.060730524625511324}","{""time"": 137.6790008544922, ""val_accuracy"": 47.655879974365234, ""val_cross_entropy"": 1.0685844421386719, ""val_balanced_accuracy"": 0.3290606737136841, ""test_cross_entropy"": 1.1010291576385498, ""test_balanced_accuracy"": 0.3297436237335205}"
2026-04-15T23:14:34.596810,random,lcbench,167201,2,996,32.0771484375,"{""OpenML_task_id"": ""167201"", ""batch_size"": 153, ""epoch"": 6, ""learning_rate"": 0.002068659056388412, ""max_dropout"": 0.79358770659621, ""max_units"": 585, ""momentum"": 0.2864332956524288, ""num_layers"": 5, ""weight_decay"": 0.03473578186477}","{""time"": 32.0771484375, ""val_accuracy"": 35.75870132446289, ""val_cross_entropy"": 0.9796291589736938, ""val_balanced_accuracy"": 0.34673959016799927, ""test_cross_entropy"": 1.0917119979858398, ""test_balanced_accuracy"": 0.3443662226200104}"
2026-04-15T23:14:34.596810,random,lcbench,167201,2,997,88.46954345703125,"{""OpenML_task_id"": ""167168"", ""batch_size"": 211, ""epoch"": 23, ""learning_rate"": 0.008411279753181868, ""max_dropout"": 0.15301652923530706, ""max_units"": 287, ""momentum"": 0.7590463613343389, ""num_layers"": 3, ""weight_decay"": 0.02551842800133537}","{""time"": 88.46954345703125, ""val_accuracy"": 52.55833053588867, ""val_cross_entropy"": 1.0642644166946411, ""val_balanced_accuracy"": 0.4255349338054657, ""test_cross_entropy"": 1.0804229974746704, ""test_balanced_accuracy"": 0.42353084683418274}"
2026-04-15T23:14:34.596810,random,lcbench,167201,2,998,100.03667449951172,"{""OpenML_task_id"": ""167201"", ""batch_size"": 208, ""epoch"": 30, ""learning_rate"": 0.05997523357074339, ""max_dropout"": 0.921330508619715, ""max_units"": 326, ""momentum"": 0.39742627012066045, ""num_layers"": 4, ""weight_decay"": 0.019829649123575918}","{""time"": 100.03667449951172, ""val_accuracy"": 49.093109130859375, ""val_cross_entropy"": 1.0996031761169434, ""val_balanced_accuracy"": 0.3292301893234253, ""test_cross_entropy"": 1.1012842655181885, ""test_balanced_accuracy"": 0.32727551460266113}"
2026-04-15T23:14:34.596810,random,lcbench,167201,2,999,159.3546600341797,"{""OpenML_task_id"": ""168329"", ""batch_size"": 393, ""epoch"": 34, ""learning_rate"": 0.00033938208772912957, ""max_dropout"": 0.9365180080038434, ""max_units"": 445, ""momentum"": 0.3434721521318578, ""num_layers"": 4, ""weight_decay"": 0.03980161582617687}","{""time"": 159.3546600341797, ""val_accuracy"": 28.569091796875, ""val_cross_entropy"": 1.0389230251312256, ""val_balanced_accuracy"": 0.33293381333351135, ""test_cross_entropy"": 1.1011936664581299, ""test_balanced_accuracy"": 0.33912110328674316}"
