timestamp,optimizer,bench,instance,seed,trial_id,score,cfg_json,out_json
2026-04-14T08:01:56.986704,tpe,lcbench,3945,1,0,90.51802062988281,"{""OpenML_task_id"": ""168335"", ""batch_size"": 359, ""epoch"": 17, ""learning_rate"": 0.06868144267539023, ""max_dropout"": 0.8346256718973729, ""max_units"": 81, ""momentum"": 0.7676284403010211, ""num_layers"": 5, ""weight_decay"": 0.07481908378144014}","{""time"": 90.51802062988281, ""val_accuracy"": 96.14550018310547, ""val_cross_entropy"": 0.4113711714744568, ""val_balanced_accuracy"": 0.6279517412185669, ""test_cross_entropy"": 0.6117093563079834, ""test_balanced_accuracy"": 0.6276367902755737}"
2026-04-14T08:01:56.996680,tpe,lcbench,3945,1,1,175.1595916748047,"{""OpenML_task_id"": ""189862"", ""batch_size"": 476, ""epoch"": 19, ""learning_rate"": 0.07510612910330196, ""max_dropout"": 0.7259979853504515, ""max_units"": 912, ""momentum"": 0.6550682642794919, ""num_layers"": 4, ""weight_decay"": 0.03489634521436448}","{""time"": 175.1595916748047, ""val_accuracy"": 83.13623809814453, ""val_cross_entropy"": 0.4701318144798279, ""val_balanced_accuracy"": 0.6761693954467773, ""test_cross_entropy"": 0.575567364692688, ""test_balanced_accuracy"": 0.6718575954437256}"
2026-04-14T08:01:57.000691,tpe,lcbench,3945,1,2,29.87527847290039,"{""OpenML_task_id"": ""189354"", ""batch_size"": 369, ""epoch"": 7, ""learning_rate"": 0.00208602537059558, ""max_dropout"": 0.026210986877719278, ""max_units"": 91, ""momentum"": 0.31912785016671086, ""num_layers"": 5, ""weight_decay"": 0.053887718123521874}","{""time"": 29.87527847290039, ""val_accuracy"": 77.09037017822266, ""val_cross_entropy"": 0.4807334542274475, ""val_balanced_accuracy"": 0.5857386589050293, ""test_cross_entropy"": 0.6473826169967651, ""test_balanced_accuracy"": 0.5800850987434387}"
2026-04-14T08:01:57.005911,tpe,lcbench,3945,1,3,41.897010803222656,"{""OpenML_task_id"": ""189908"", ""batch_size"": 135, ""epoch"": 26, ""learning_rate"": 0.06203357626629985, ""max_dropout"": 0.8289808995501787, ""max_units"": 214, ""momentum"": 0.11653281993789448, ""num_layers"": 1, ""weight_decay"": 0.04863964764259382}","{""time"": 41.897010803222656, ""val_accuracy"": 72.24972534179688, ""val_cross_entropy"": 0.5013478994369507, ""val_balanced_accuracy"": 0.7222223281860352, ""test_cross_entropy"": 0.5780066847801208, ""test_balanced_accuracy"": 0.698817253112793}"
2026-04-14T08:01:57.014296,tpe,lcbench,3945,1,4,375.1280822753906,"{""OpenML_task_id"": ""126025"", ""batch_size"": 471, ""epoch"": 34, ""learning_rate"": 0.039061770642710505, ""max_dropout"": 0.48599066709690975, ""max_units"": 644, ""momentum"": 0.5890976501426207, ""num_layers"": 5, ""weight_decay"": 0.09187415622900427}","{""time"": 375.1280822753906, ""val_accuracy"": 93.09822845458984, ""val_cross_entropy"": 0.5482964515686035, ""val_balanced_accuracy"": 0.5188544988632202, ""test_cross_entropy"": 0.6770133972167969, ""test_balanced_accuracy"": 0.5206547975540161}"
2026-04-14T08:01:57.020321,tpe,lcbench,3945,1,5,57.455116271972656,"{""OpenML_task_id"": ""7593"", ""batch_size"": 407, ""epoch"": 32, ""learning_rate"": 0.005485536280167922, ""max_dropout"": 0.4201936800011322, ""max_units"": 716, ""momentum"": 0.917555582399998, ""num_layers"": 1, ""weight_decay"": 0.09767614731161565}","{""time"": 57.455116271972656, ""val_accuracy"": 73.50614166259766, ""val_cross_entropy"": 0.5060994625091553, ""val_balanced_accuracy"": 0.7283048033714294, ""test_cross_entropy"": 0.5791022777557373, ""test_balanced_accuracy"": 0.7147141098976135}"
2026-04-14T08:01:57.031169,tpe,lcbench,3945,1,6,244.83709716796875,"{""OpenML_task_id"": ""168868"", ""batch_size"": 278, ""epoch"": 42, ""learning_rate"": 0.057291602867441484, ""max_dropout"": 0.7331425252875111, ""max_units"": 562, ""momentum"": 0.7860866803466803, ""num_layers"": 3, ""weight_decay"": 0.04657633076041218}","{""time"": 244.83709716796875, ""val_accuracy"": 83.6458511352539, ""val_cross_entropy"": 0.48982763290405273, ""val_balanced_accuracy"": 0.7054880261421204, ""test_cross_entropy"": 0.5704075694084167, ""test_balanced_accuracy"": 0.697839617729187}"
2026-04-14T08:01:57.045226,tpe,lcbench,3945,1,7,149.22801208496094,"{""OpenML_task_id"": ""126026"", ""batch_size"": 286, ""epoch"": 35, ""learning_rate"": 0.014540099458453517, ""max_dropout"": 0.7515278171352439, ""max_units"": 277, ""momentum"": 0.5622231236857694, ""num_layers"": 4, ""weight_decay"": 0.0022428194949007}","{""time"": 149.22801208496094, ""val_accuracy"": 87.14929962158203, ""val_cross_entropy"": 0.37104856967926025, ""val_balanced_accuracy"": 0.6636845469474792, ""test_cross_entropy"": 0.5222594141960144, ""test_balanced_accuracy"": 0.6508539319038391}"
2026-04-14T08:01:57.051663,tpe,lcbench,3945,1,8,12.892022132873535,"{""OpenML_task_id"": ""189905"", ""batch_size"": 192, ""epoch"": 2, ""learning_rate"": 0.016123478434012947, ""max_dropout"": 0.7456371927074961, ""max_units"": 93, ""momentum"": 0.42622335654693244, ""num_layers"": 5, ""weight_decay"": 0.06927084497356036}","{""time"": 12.892022132873535, ""val_accuracy"": 88.69442749023438, ""val_cross_entropy"": 0.4091227948665619, ""val_balanced_accuracy"": 0.6155911087989807, ""test_cross_entropy"": 0.6160356998443604, ""test_balanced_accuracy"": 0.61231929063797}"
2026-04-14T08:01:57.059766,tpe,lcbench,3945,1,9,466.7838439941406,"{""OpenML_task_id"": ""126026"", ""batch_size"": 415, ""epoch"": 37, ""learning_rate"": 0.07664451696946949, ""max_dropout"": 0.3424541198435198, ""max_units"": 876, ""momentum"": 0.4816042097495039, ""num_layers"": 5, ""weight_decay"": 0.06265335090084313}","{""time"": 466.7838439941406, ""val_accuracy"": 92.34026336669922, ""val_cross_entropy"": 0.5775601267814636, ""val_balanced_accuracy"": 0.5569852590560913, ""test_cross_entropy"": 0.6745518445968628, ""test_balanced_accuracy"": 0.5646083950996399}"
2026-04-14T08:01:57.094758,tpe,lcbench,3945,1,10,38.51402282714844,"{""OpenML_task_id"": ""189905"", ""batch_size"": 76, ""epoch"": 1, ""learning_rate"": 0.09876685256029641, ""max_dropout"": 0.9441666761301676, ""max_units"": 380, ""momentum"": 0.3355981232051136, ""num_layers"": 3, ""weight_decay"": 0.023377666396665706}","{""time"": 38.51402282714844, ""val_accuracy"": 32.996604919433594, ""val_cross_entropy"": 1.0216338634490967, ""val_balanced_accuracy"": 0.41409632563591003, ""test_cross_entropy"": 0.6964837312698364, ""test_balanced_accuracy"": 0.40927040576934814}"
2026-04-14T08:01:57.115866,tpe,lcbench,3945,1,11,8.914992332458496,"{""OpenML_task_id"": ""189905"", ""batch_size"": 175, ""epoch"": 1, ""learning_rate"": 0.025615912835326222, ""max_dropout"": 0.011803869089231993, ""max_units"": 107, ""momentum"": 0.3142338270813284, ""num_layers"": 4, ""weight_decay"": 0.07145299641855761}","{""time"": 8.914992332458496, ""val_accuracy"": 52.86527633666992, ""val_cross_entropy"": 0.616104006767273, ""val_balanced_accuracy"": 0.519806444644928, ""test_cross_entropy"": 0.6621779799461365, ""test_balanced_accuracy"": 0.5142377614974976}"
2026-04-14T08:01:57.142289,tpe,lcbench,3945,1,12,279.54827880859375,"{""OpenML_task_id"": ""189905"", ""batch_size"": 175, ""epoch"": 51, ""learning_rate"": 0.029674893363510646, ""max_dropout"": 0.004373107177595519, ""max_units"": 392, ""momentum"": 0.3421857640774041, ""num_layers"": 4, ""weight_decay"": 0.0759283720403953}","{""time"": 279.54827880859375, ""val_accuracy"": 94.07462310791016, ""val_cross_entropy"": 0.5866419672966003, ""val_balanced_accuracy"": 0.5170131325721741, ""test_cross_entropy"": 0.6459513902664185, ""test_balanced_accuracy"": 0.5303580164909363}"
2026-04-14T08:01:57.166530,tpe,lcbench,3945,1,13,52.757144927978516,"{""OpenML_task_id"": ""189906"", ""batch_size"": 192, ""epoch"": 8, ""learning_rate"": 0.024228236396312875, ""max_dropout"": 0.25262352238128827, ""max_units"": 213, ""momentum"": 0.13544649926020902, ""num_layers"": 2, ""weight_decay"": 0.07690984418474557}","{""time"": 52.757144927978516, ""val_accuracy"": 75.4483413696289, ""val_cross_entropy"": 0.520244300365448, ""val_balanced_accuracy"": 0.6927312612533569, ""test_cross_entropy"": 0.580119252204895, ""test_balanced_accuracy"": 0.6792911887168884}"
2026-04-14T08:01:57.188547,tpe,lcbench,3945,1,14,31.363178253173828,"{""OpenML_task_id"": ""189905"", ""batch_size"": 18, ""epoch"": 2, ""learning_rate"": 0.04432413150297216, ""max_dropout"": 0.6081804850531971, ""max_units"": 390, ""momentum"": 0.4077969291561305, ""num_layers"": 4, ""weight_decay"": 0.06476746544549705}","{""time"": 31.363178253173828, ""val_accuracy"": 86.2776870727539, ""val_cross_entropy"": 0.48119279742240906, ""val_balanced_accuracy"": 0.5113797187805176, ""test_cross_entropy"": 0.5718698501586914, ""test_balanced_accuracy"": 0.5006486773490906}"
2026-04-14T08:01:57.213524,tpe,lcbench,3945,1,15,46.6075325012207,"{""OpenML_task_id"": ""168330"", ""batch_size"": 223, ""epoch"": 15, ""learning_rate"": 0.024242865650869357, ""max_dropout"": 0.16905271041131292, ""max_units"": 75, ""momentum"": 0.2360690047833447, ""num_layers"": 4, ""weight_decay"": 0.08696108979040534}","{""time"": 46.6075325012207, ""val_accuracy"": 92.46821594238281, ""val_cross_entropy"": 0.6103525757789612, ""val_balanced_accuracy"": 0.5029716491699219, ""test_cross_entropy"": 0.6555498838424683, ""test_balanced_accuracy"": 0.511962354183197}"
2026-04-14T08:01:57.237495,tpe,lcbench,3945,1,16,69.76411437988281,"{""OpenML_task_id"": ""189909"", ""batch_size"": 114, ""epoch"": 10, ""learning_rate"": 0.015424775083360752, ""max_dropout"": 0.5711935076283979, ""max_units"": 284, ""momentum"": 0.46092333190167767, ""num_layers"": 3, ""weight_decay"": 0.06544391279198693}","{""time"": 69.76411437988281, ""val_accuracy"": 88.16111755371094, ""val_cross_entropy"": 0.4682328402996063, ""val_balanced_accuracy"": 0.6646701097488403, ""test_cross_entropy"": 0.5871796607971191, ""test_balanced_accuracy"": 0.6516339778900146}"
2026-04-14T08:01:57.259547,tpe,lcbench,3945,1,17,115.84160614013672,"{""OpenML_task_id"": ""189866"", ""batch_size"": 238, ""epoch"": 23, ""learning_rate"": 0.03608339933313053, ""max_dropout"": 0.1573497375055677, ""max_units"": 501, ""momentum"": 0.2220935003970137, ""num_layers"": 2, ""weight_decay"": 0.0809907571456404}","{""time"": 115.84160614013672, ""val_accuracy"": 77.1065444946289, ""val_cross_entropy"": 0.5122732520103455, ""val_balanced_accuracy"": 0.7009745240211487, ""test_cross_entropy"": 0.5688947439193726, ""test_balanced_accuracy"": 0.6863042116165161}"
2026-04-14T08:01:57.277453,tpe,lcbench,3945,1,18,63.212886810302734,"{""OpenML_task_id"": ""126029"", ""batch_size"": 306, ""epoch"": 12, ""learning_rate"": 0.013238335619904899, ""max_dropout"": 0.9691718494828373, ""max_units"": 174, ""momentum"": 0.2383057056385806, ""num_layers"": 5, ""weight_decay"": 0.03546949941097639}","{""time"": 63.212886810302734, ""val_accuracy"": 93.62603759765625, ""val_cross_entropy"": 0.42904675006866455, ""val_balanced_accuracy"": 0.6116971373558044, ""test_cross_entropy"": 0.6099344491958618, ""test_balanced_accuracy"": 0.6110441088676453}"
2026-04-14T08:01:57.302460,tpe,lcbench,3945,1,19,114.43318939208984,"{""OpenML_task_id"": ""167200"", ""batch_size"": 62, ""epoch"": 4, ""learning_rate"": 0.048964327842774207, ""max_dropout"": 0.6097662412959853, ""max_units"": 1020, ""momentum"": 0.6789344444646859, ""num_layers"": 4, ""weight_decay"": 0.06112103638765087}","{""time"": 114.43318939208984, ""val_accuracy"": 84.12905883789062, ""val_cross_entropy"": 0.5045354962348938, ""val_balanced_accuracy"": 0.5685766935348511, ""test_cross_entropy"": 0.5795028209686279, ""test_balanced_accuracy"": 0.563026487827301}"
2026-04-14T08:01:57.318960,tpe,lcbench,3945,1,20,119.7684326171875,"{""OpenML_task_id"": ""167161"", ""batch_size"": 174, ""epoch"": 21, ""learning_rate"": 0.03247309918349138, ""max_dropout"": 0.33494056059201693, ""max_units"": 483, ""momentum"": 0.43421765822993996, ""num_layers"": 3, ""weight_decay"": 0.03899512276952543}","{""time"": 119.7684326171875, ""val_accuracy"": 85.80897521972656, ""val_cross_entropy"": 0.4274735152721405, ""val_balanced_accuracy"": 0.7493426203727722, ""test_cross_entropy"": 0.528049647808075, ""test_balanced_accuracy"": 0.7341933846473694}"
2026-04-14T08:01:57.349108,tpe,lcbench,3945,1,21,33.31683349609375,"{""OpenML_task_id"": ""189354"", ""batch_size"": 352, ""epoch"": 7, ""learning_rate"": 0.0026682626441963606, ""max_dropout"": 8.440981555981816e-05, ""max_units"": 133, ""momentum"": 0.34173870984489535, ""num_layers"": 5, ""weight_decay"": 0.05563143893332691}","{""time"": 33.31683349609375, ""val_accuracy"": 80.54429626464844, ""val_cross_entropy"": 0.4899437427520752, ""val_balanced_accuracy"": 0.5830023288726807, ""test_cross_entropy"": 0.6470937132835388, ""test_balanced_accuracy"": 0.5785856246948242}"
2026-04-14T08:01:57.373909,tpe,lcbench,3945,1,22,21.568416595458984,"{""OpenML_task_id"": ""189354"", ""batch_size"": 220, ""epoch"": 6, ""learning_rate"": 0.00018157768325380297, ""max_dropout"": 0.11291301562181716, ""max_units"": 290, ""momentum"": 0.29838174037859505, ""num_layers"": 5, ""weight_decay"": 0.0699827550908886}","{""time"": 21.568416595458984, ""val_accuracy"": 65.28936767578125, ""val_cross_entropy"": 0.4948330223560333, ""val_balanced_accuracy"": 0.5942368507385254, ""test_cross_entropy"": 0.6483029127120972, ""test_balanced_accuracy"": 0.5859978795051575}"
2026-04-14T08:01:57.391184,tpe,lcbench,3945,1,23,6.968311309814453,"{""OpenML_task_id"": ""3945"", ""batch_size"": 136, ""epoch"": 1, ""learning_rate"": 0.01952714786472448, ""max_dropout"": 0.1179030458470368, ""max_units"": 282, ""momentum"": 0.19372227614904353, ""num_layers"": 5, ""weight_decay"": 0.07100928041372702}","{""time"": 6.968311309814453, ""val_accuracy"": 73.59747314453125, ""val_cross_entropy"": 0.5112353563308716, ""val_balanced_accuracy"": 0.5871838331222534, ""test_cross_entropy"": 0.6404098272323608, ""test_balanced_accuracy"": 0.5763552188873291}"
2026-04-14T08:01:57.413795,tpe,lcbench,3945,1,24,9.382140159606934,"{""OpenML_task_id"": ""3945"", ""batch_size"": 124, ""epoch"": 1, ""learning_rate"": 0.019880393999299917, ""max_dropout"": 0.09993272253598996, ""max_units"": 180, ""momentum"": 0.17925331065742672, ""num_layers"": 4, ""weight_decay"": 0.08651026377448749}","{""time"": 9.382140159606934, ""val_accuracy"": 54.94477462768555, ""val_cross_entropy"": 0.6181201338768005, ""val_balanced_accuracy"": 0.5167065262794495, ""test_cross_entropy"": 0.6629505157470703, ""test_balanced_accuracy"": 0.5108503699302673}"
2026-04-14T08:01:57.430200,tpe,lcbench,3945,1,25,49.53313064575195,"{""OpenML_task_id"": ""3945"", ""batch_size"": 127, ""epoch"": 13, ""learning_rate"": 0.023723150461900117, ""max_dropout"": 0.10170879620528467, ""max_units"": 197, ""momentum"": 0.1908692723296547, ""num_layers"": 4, ""weight_decay"": 0.085815150959541}","{""time"": 49.53313064575195, ""val_accuracy"": 93.66104888916016, ""val_cross_entropy"": 0.5892838835716248, ""val_balanced_accuracy"": 0.499422162771225, ""test_cross_entropy"": 0.6413705348968506, ""test_balanced_accuracy"": 0.5068951845169067}"
2026-04-14T08:01:57.462376,tpe,lcbench,3945,1,26,15.198476791381836,"{""OpenML_task_id"": ""3945"", ""batch_size"": 83, ""epoch"": 1, ""learning_rate"": 0.04349311698000336, ""max_dropout"": 0.22718959744925002, ""max_units"": 306, ""momentum"": 0.1042924439901603, ""num_layers"": 4, ""weight_decay"": 0.09952997707385519}","{""time"": 15.198476791381836, ""val_accuracy"": 52.66469955444336, ""val_cross_entropy"": 0.6318517923355103, ""val_balanced_accuracy"": 0.5071814656257629, ""test_cross_entropy"": 0.6572586297988892, ""test_balanced_accuracy"": 0.4991317093372345}"
2026-04-14T08:01:57.488737,tpe,lcbench,3945,1,27,66.59866333007812,"{""OpenML_task_id"": ""167190"", ""batch_size"": 30, ""epoch"": 9, ""learning_rate"": 0.00920854181008975, ""max_dropout"": 0.0710811142873703, ""max_units"": 357, ""momentum"": 0.18441474650891065, ""num_layers"": 3, ""weight_decay"": 0.08804151351173775}","{""time"": 66.59866333007812, ""val_accuracy"": 95.5418701171875, ""val_cross_entropy"": 0.2900375425815582, ""val_balanced_accuracy"": 0.6021137237548828, ""test_cross_entropy"": 0.5039674043655396, ""test_balanced_accuracy"": 0.5877799987792969}"
2026-04-14T08:01:57.507534,tpe,lcbench,3945,1,28,28.0303955078125,"{""OpenML_task_id"": ""167104"", ""batch_size"": 149, ""epoch"": 5, ""learning_rate"": 0.02136828786262245, ""max_dropout"": 0.25018682344193016, ""max_units"": 181, ""momentum"": 0.2727156173442304, ""num_layers"": 4, ""weight_decay"": 0.08230847810316287}","{""time"": 28.0303955078125, ""val_accuracy"": 90.90068054199219, ""val_cross_entropy"": 0.5685224533081055, ""val_balanced_accuracy"": 0.522737443447113, ""test_cross_entropy"": 0.6485395431518555, ""test_balanced_accuracy"": 0.5285634994506836}"
2026-04-14T08:01:57.523531,tpe,lcbench,3945,1,29,74.5917739868164,"{""OpenML_task_id"": ""168910"", ""batch_size"": 108, ""epoch"": 15, ""learning_rate"": 0.030567692119726323, ""max_dropout"": 0.3308378140880084, ""max_units"": 153, ""momentum"": 0.16710385660111754, ""num_layers"": 2, ""weight_decay"": 0.07376421171074428}","{""time"": 74.5917739868164, ""val_accuracy"": 81.39958953857422, ""val_cross_entropy"": 0.45086348056793213, ""val_balanced_accuracy"": 0.6918399930000305, ""test_cross_entropy"": 0.5577948689460754, ""test_balanced_accuracy"": 0.675258219242096}"
2026-04-14T08:01:57.547205,tpe,lcbench,3945,1,30,222.9104461669922,"{""OpenML_task_id"": ""146212"", ""batch_size"": 48, ""epoch"": 11, ""learning_rate"": 0.05472307655409192, ""max_dropout"": 0.1773298346741764, ""max_units"": 456, ""momentum"": 0.37067326016176894, ""num_layers"": 5, ""weight_decay"": 0.09157110749677508}","{""time"": 222.9104461669922, ""val_accuracy"": 96.95503997802734, ""val_cross_entropy"": 0.3864716589450836, ""val_balanced_accuracy"": 0.5687611103057861, ""test_cross_entropy"": 0.5637635588645935, ""test_balanced_accuracy"": 0.5668128132820129}"
2026-04-14T08:01:57.571915,tpe,lcbench,3945,1,31,5.466466903686523,"{""OpenML_task_id"": ""167149"", ""batch_size"": 199, ""epoch"": 1, ""learning_rate"": 0.01858291552459958, ""max_dropout"": 0.09438069635968652, ""max_units"": 112, ""momentum"": 0.2625705715715234, ""num_layers"": 5, ""weight_decay"": 0.07283662789943024}","{""time"": 5.466466903686523, ""val_accuracy"": 75.6847152709961, ""val_cross_entropy"": 0.47696220874786377, ""val_balanced_accuracy"": 0.6083473563194275, ""test_cross_entropy"": 0.6343533992767334, ""test_balanced_accuracy"": 0.5959120988845825}"
2026-04-14T08:01:57.590909,tpe,lcbench,3945,1,32,22.007675170898438,"{""OpenML_task_id"": ""167149"", ""batch_size"": 159, ""epoch"": 4, ""learning_rate"": 0.019225922475964847, ""max_dropout"": 0.07124763977443084, ""max_units"": 240, ""momentum"": 0.2679733468260135, ""num_layers"": 5, ""weight_decay"": 0.07945582787082468}","{""time"": 22.007675170898438, ""val_accuracy"": 95.00869750976562, ""val_cross_entropy"": 0.46235913038253784, ""val_balanced_accuracy"": 0.6013378500938416, ""test_cross_entropy"": 0.6302719116210938, ""test_balanced_accuracy"": 0.6023227572441101}"
2026-04-14T08:01:57.615753,tpe,lcbench,3945,1,33,19.490657806396484,"{""OpenML_task_id"": ""167201"", ""batch_size"": 251, ""epoch"": 5, ""learning_rate"": 0.008268338081403648, ""max_dropout"": 0.06516539827150915, ""max_units"": 69, ""momentum"": 0.1694970805947097, ""num_layers"": 5, ""weight_decay"": 0.05765684967478689}","{""time"": 19.490657806396484, ""val_accuracy"": 92.27265167236328, ""val_cross_entropy"": 0.4433497488498688, ""val_balanced_accuracy"": 0.6027893424034119, ""test_cross_entropy"": 0.6346068382263184, ""test_balanced_accuracy"": 0.6006031036376953}"
2026-04-14T08:01:57.638049,tpe,lcbench,3945,1,34,10.518633842468262,"{""OpenML_task_id"": ""167184"", ""batch_size"": 92, ""epoch"": 1, ""learning_rate"": 0.030748925279244246, ""max_dropout"": 0.14273446660205824, ""max_units"": 132, ""momentum"": 0.2816587066327552, ""num_layers"": 4, ""weight_decay"": 0.07026587612758253}","{""time"": 10.518633842468262, ""val_accuracy"": 52.04269790649414, ""val_cross_entropy"": 0.6290197372436523, ""val_balanced_accuracy"": 0.5053892135620117, ""test_cross_entropy"": 0.6600005626678467, ""test_balanced_accuracy"": 0.4960264265537262}"
2026-04-14T08:01:57.657744,tpe,lcbench,3945,1,35,93.14241027832031,"{""OpenML_task_id"": ""167181"", ""batch_size"": 213, ""epoch"": 18, ""learning_rate"": 0.010546511723974592, ""max_dropout"": 0.2113461803784568, ""max_units"": 242, ""momentum"": 0.21555484264260372, ""num_layers"": 5, ""weight_decay"": 0.09347050359768859}","{""time"": 93.14241027832031, ""val_accuracy"": 96.51148986816406, ""val_cross_entropy"": 0.47901636362075806, ""val_balanced_accuracy"": 0.5728175640106201, ""test_cross_entropy"": 0.6407248973846436, ""test_balanced_accuracy"": 0.5750112533569336}"
2026-04-14T08:01:57.681754,tpe,lcbench,3945,1,36,31.773155212402344,"{""OpenML_task_id"": ""189865"", ""batch_size"": 143, ""epoch"": 8, ""learning_rate"": 0.038538453001513595, ""max_dropout"": 0.29454158182866175, ""max_units"": 117, ""momentum"": 0.5116726773602077, ""num_layers"": 4, ""weight_decay"": 0.05060424364699373}","{""time"": 31.773155212402344, ""val_accuracy"": 92.21635437011719, ""val_cross_entropy"": 0.582953929901123, ""val_balanced_accuracy"": 0.5298171043395996, ""test_cross_entropy"": 0.630556583404541, ""test_balanced_accuracy"": 0.5372938513755798}"
2026-04-14T08:01:57.696914,tpe,lcbench,3945,1,37,109.20671081542969,"{""OpenML_task_id"": ""168329"", ""batch_size"": 328, ""epoch"": 27, ""learning_rate"": 0.0687144609956112, ""max_dropout"": 0.4027599292898647, ""max_units"": 327, ""momentum"": 0.38364133329132216, ""num_layers"": 5, ""weight_decay"": 0.04315447094333961}","{""time"": 109.20671081542969, ""val_accuracy"": 95.982421875, ""val_cross_entropy"": 0.5106075406074524, ""val_balanced_accuracy"": 0.5805522203445435, ""test_cross_entropy"": 0.6526521444320679, ""test_balanced_accuracy"": 0.5852182507514954}"
2026-04-14T08:01:57.722354,tpe,lcbench,3945,1,38,51.56626892089844,"{""OpenML_task_id"": ""168908"", ""batch_size"": 198, ""epoch"": 4, ""learning_rate"": 0.026992764701036048, ""max_dropout"": 0.040832418700823304, ""max_units"": 706, ""momentum"": 0.10203438978689763, ""num_layers"": 4, ""weight_decay"": 0.08219489608132742}","{""time"": 51.56626892089844, ""val_accuracy"": 84.91221618652344, ""val_cross_entropy"": 0.5853348970413208, ""val_balanced_accuracy"": 0.5646439790725708, ""test_cross_entropy"": 0.6556901931762695, ""test_balanced_accuracy"": 0.5655806064605713}"
2026-04-14T08:01:57.742828,tpe,lcbench,3945,1,39,120.47124481201172,"{""OpenML_task_id"": ""167152"", ""batch_size"": 272, ""epoch"": 43, ""learning_rate"": 0.018563387967652757, ""max_dropout"": 0.10875045340010657, ""max_units"": 238, ""momentum"": 0.9238022931899745, ""num_layers"": 5, ""weight_decay"": 0.023721988336273894}","{""time"": 120.47124481201172, ""val_accuracy"": 97.69981384277344, ""val_cross_entropy"": 0.3430179953575134, ""val_balanced_accuracy"": 0.6785892844200134, ""test_cross_entropy"": 0.5442221164703369, ""test_balanced_accuracy"": 0.6786048412322998}"
2026-04-14T08:01:57.765789,tpe,lcbench,3945,1,40,62.2716178894043,"{""OpenML_task_id"": ""189873"", ""batch_size"": 121, ""epoch"": 16, ""learning_rate"": 0.007940003528042222, ""max_dropout"": 0.43793800012330697, ""max_units"": 153, ""momentum"": 0.7047061464612653, ""num_layers"": 3, ""weight_decay"": 0.07321483337159733}","{""time"": 62.2716178894043, ""val_accuracy"": 91.17503356933594, ""val_cross_entropy"": 0.4485195577144623, ""val_balanced_accuracy"": 0.6465950012207031, ""test_cross_entropy"": 0.592839241027832, ""test_balanced_accuracy"": 0.6354107856750488}"
2026-04-14T08:01:57.780657,tpe,lcbench,3945,1,41,19.701221466064453,"{""OpenML_task_id"": ""167184"", ""batch_size"": 83, ""epoch"": 3, ""learning_rate"": 0.03355503792778949, ""max_dropout"": 0.1380088261625172, ""max_units"": 118, ""momentum"": 0.3071421888670932, ""num_layers"": 4, ""weight_decay"": 0.06712950001149828}","{""time"": 19.701221466064453, ""val_accuracy"": 90.57392883300781, ""val_cross_entropy"": 0.5419706106185913, ""val_balanced_accuracy"": 0.5133714079856873, ""test_cross_entropy"": 0.618827223777771, ""test_balanced_accuracy"": 0.5151556134223938}"
2026-04-14T08:01:57.809660,tpe,lcbench,3945,1,42,9.341700553894043,"{""OpenML_task_id"": ""168331"", ""batch_size"": 90, ""epoch"": 1, ""learning_rate"": 0.026866004100425726, ""max_dropout"": 0.19673672301623968, ""max_units"": 65, ""momentum"": 0.28153598003346825, ""num_layers"": 4, ""weight_decay"": 0.06042012173318304}","{""time"": 9.341700553894043, ""val_accuracy"": 51.96989059448242, ""val_cross_entropy"": 0.6297842860221863, ""val_balanced_accuracy"": 0.5044386982917786, ""test_cross_entropy"": 0.6602945327758789, ""test_balanced_accuracy"": 0.4941510260105133}"
2026-04-14T08:01:57.830164,tpe,lcbench,3945,1,43,22.205692291259766,"{""OpenML_task_id"": ""168331"", ""batch_size"": 171, ""epoch"": 7, ""learning_rate"": 0.018049734996370845, ""max_dropout"": 0.20147142562833903, ""max_units"": 75, ""momentum"": 0.14393341496918163, ""num_layers"": 5, ""weight_decay"": 0.05742465961756683}","{""time"": 22.205692291259766, ""val_accuracy"": 96.9690933227539, ""val_cross_entropy"": 0.4247760772705078, ""val_balanced_accuracy"": 0.6078740954399109, ""test_cross_entropy"": 0.6236735582351685, ""test_balanced_accuracy"": 0.6088743805885315}"
2026-04-14T08:01:57.849649,tpe,lcbench,3945,1,44,11.116861343383789,"{""OpenML_task_id"": ""34539"", ""batch_size"": 136, ""epoch"": 1, ""learning_rate"": 0.04149048604464198, ""max_dropout"": 0.04808249147605513, ""max_units"": 195, ""momentum"": 0.2610671555049106, ""num_layers"": 3, ""weight_decay"": 0.06119533519425164}","{""time"": 11.116861343383789, ""val_accuracy"": 43.9420280456543, ""val_cross_entropy"": 0.6823979020118713, ""val_balanced_accuracy"": 0.4840491712093353, ""test_cross_entropy"": 0.6836603879928589, ""test_balanced_accuracy"": 0.48898959159851074}"
2026-04-14T08:01:57.872457,tpe,lcbench,3945,1,45,96.0108413696289,"{""OpenML_task_id"": ""167168"", ""batch_size"": 107, ""epoch"": 6, ""learning_rate"": 0.09018921623887052, ""max_dropout"": 0.2710519523278837, ""max_units"": 600, ""momentum"": 0.36394075357972927, ""num_layers"": 4, ""weight_decay"": 0.07255383962833688}","{""time"": 96.0108413696289, ""val_accuracy"": 86.89899444580078, ""val_cross_entropy"": 0.5366620421409607, ""val_balanced_accuracy"": 0.5552308559417725, ""test_cross_entropy"": 0.6148772239685059, ""test_balanced_accuracy"": 0.558061420917511}"
2026-04-14T08:01:57.892673,tpe,lcbench,3945,1,46,43.70703125,"{""OpenML_task_id"": ""168335"", ""batch_size"": 51, ""epoch"": 10, ""learning_rate"": 0.025734044540551813, ""max_dropout"": 0.09616240818186647, ""max_units"": 106, ""momentum"": 0.2077003401728634, ""num_layers"": 4, ""weight_decay"": 0.05259431978863788}","{""time"": 43.70703125, ""val_accuracy"": 96.46695709228516, ""val_cross_entropy"": 0.471947580575943, ""val_balanced_accuracy"": 0.5262197256088257, ""test_cross_entropy"": 0.5571592450141907, ""test_balanced_accuracy"": 0.5261855721473694}"
2026-04-14T08:01:57.905999,tpe,lcbench,3945,1,47,20.95345687866211,"{""OpenML_task_id"": ""167149"", ""batch_size"": 490, ""epoch"": 3, ""learning_rate"": 0.013526065097192655, ""max_dropout"": 0.024420171653985967, ""max_units"": 246, ""momentum"": 0.5814622793151388, ""num_layers"": 5, ""weight_decay"": 0.0010798595272893952}","{""time"": 20.95345687866211, ""val_accuracy"": 76.76873016357422, ""val_cross_entropy"": 0.5284537076950073, ""val_balanced_accuracy"": 0.6575093865394592, ""test_cross_entropy"": 0.6516077518463135, ""test_balanced_accuracy"": 0.6592737436294556}"
2026-04-14T08:01:57.936785,tpe,lcbench,3945,1,48,51.285980224609375,"{""OpenML_task_id"": ""167185"", ""batch_size"": 186, ""epoch"": 13, ""learning_rate"": 0.004913859339426341, ""max_dropout"": 0.1714102381548121, ""max_units"": 171, ""momentum"": 0.15352254963309706, ""num_layers"": 4, ""weight_decay"": 0.0792101258169409}","{""time"": 51.285980224609375, ""val_accuracy"": 91.97745513916016, ""val_cross_entropy"": 0.5787747502326965, ""val_balanced_accuracy"": 0.5269619822502136, ""test_cross_entropy"": 0.6570643186569214, ""test_balanced_accuracy"": 0.5302811861038208}"
2026-04-14T08:01:57.958395,tpe,lcbench,3945,1,49,34.49097442626953,"{""OpenML_task_id"": ""168331"", ""batch_size"": 159, ""epoch"": 3, ""learning_rate"": 0.03614064880640343, ""max_dropout"": 0.8994756753246469, ""max_units"": 431, ""momentum"": 0.3184186012159669, ""num_layers"": 5, ""weight_decay"": 0.09387670046523823}","{""time"": 34.49097442626953, ""val_accuracy"": 91.14547729492188, ""val_cross_entropy"": 0.4072289764881134, ""val_balanced_accuracy"": 0.6282188892364502, ""test_cross_entropy"": 0.6034749746322632, ""test_balanced_accuracy"": 0.6286911368370056}"
2026-04-14T08:01:57.991545,tpe,lcbench,3945,1,50,11.059688568115234,"{""OpenML_task_id"": ""3945"", ""batch_size"": 240, ""epoch"": 1, ""learning_rate"": 0.048203266253171284, ""max_dropout"": 0.025230599837193238, ""max_units"": 854, ""momentum"": 0.8830197803916451, ""num_layers"": 1, ""weight_decay"": 0.04748550459195971}","{""time"": 11.059688568115234, ""val_accuracy"": 47.52798080444336, ""val_cross_entropy"": 0.8868861198425293, ""val_balanced_accuracy"": 0.4996699094772339, ""test_cross_entropy"": 0.6931232213973999, ""test_balanced_accuracy"": 0.4975842237472534}"
2026-04-14T08:01:58.015289,tpe,lcbench,3945,1,51,10.45588207244873,"{""OpenML_task_id"": ""167184"", ""batch_size"": 92, ""epoch"": 1, ""learning_rate"": 0.02765411845411181, ""max_dropout"": 0.14876492284130838, ""max_units"": 129, ""momentum"": 0.28223413151337134, ""num_layers"": 4, ""weight_decay"": 0.07000035586364882}","{""time"": 10.45588207244873, ""val_accuracy"": 52.2183952331543, ""val_cross_entropy"": 0.6291985511779785, ""val_balanced_accuracy"": 0.5055993795394897, ""test_cross_entropy"": 0.6602236032485962, ""test_balanced_accuracy"": 0.49621567130088806}"
2026-04-14T08:01:58.042055,tpe,lcbench,3945,1,52,24.78964614868164,"{""OpenML_task_id"": ""189862"", ""batch_size"": 92, ""epoch"": 5, ""learning_rate"": 0.022094800665684783, ""max_dropout"": 0.12277181271607031, ""max_units"": 70, ""momentum"": 0.4051488130438282, ""num_layers"": 4, ""weight_decay"": 0.06617385038474648}","{""time"": 24.78964614868164, ""val_accuracy"": 93.2055435180664, ""val_cross_entropy"": 0.5576156377792358, ""val_balanced_accuracy"": 0.5088995099067688, ""test_cross_entropy"": 0.6252315044403076, ""test_balanced_accuracy"": 0.5129172801971436}"
2026-04-14T08:01:58.063891,tpe,lcbench,3945,1,53,42.111759185791016,"{""OpenML_task_id"": ""189908"", ""batch_size"": 69, ""epoch"": 8, ""learning_rate"": 0.027607744281872314, ""max_dropout"": 0.20697467032844857, ""max_units"": 146, ""momentum"": 0.24183784703268013, ""num_layers"": 4, ""weight_decay"": 0.0765681575495882}","{""time"": 42.111759185791016, ""val_accuracy"": 94.69932556152344, ""val_cross_entropy"": 0.540494978427887, ""val_balanced_accuracy"": 0.49608317017555237, ""test_cross_entropy"": 0.609295129776001, ""test_balanced_accuracy"": 0.49976903200149536}"
2026-04-14T08:01:58.080778,tpe,lcbench,3945,1,54,22.26983642578125,"{""OpenML_task_id"": ""3945"", ""batch_size"": 133, ""epoch"": 3, ""learning_rate"": 0.012858068471513577, ""max_dropout"": 0.2932193932093933, ""max_units"": 109, ""momentum"": 0.20359025744249193, ""num_layers"": 3, ""weight_decay"": 0.06121507542248705}","{""time"": 22.26983642578125, ""val_accuracy"": 83.89063262939453, ""val_cross_entropy"": 0.5945585370063782, ""val_balanced_accuracy"": 0.5979090929031372, ""test_cross_entropy"": 0.647771954536438, ""test_balanced_accuracy"": 0.5921098589897156}"
2026-04-14T08:01:58.107257,tpe,lcbench,3945,1,55,12.578267097473145,"{""OpenML_task_id"": ""7593"", ""batch_size"": 104, ""epoch"": 1, ""learning_rate"": 0.020844461088202253, ""max_dropout"": 0.08524439954548614, ""max_units"": 220, ""momentum"": 0.3245644600503067, ""num_layers"": 3, ""weight_decay"": 0.06945866744702894}","{""time"": 12.578267097473145, ""val_accuracy"": 42.11468505859375, ""val_cross_entropy"": 0.6840440630912781, ""val_balanced_accuracy"": 0.47267839312553406, ""test_cross_entropy"": 0.6846303343772888, ""test_balanced_accuracy"": 0.4760477542877197}"
2026-04-14T08:01:58.133754,tpe,lcbench,3945,1,56,204.89527893066406,"{""OpenML_task_id"": ""126025"", ""batch_size"": 206, ""epoch"": 52, ""learning_rate"": 0.027819980047741645, ""max_dropout"": 0.14874398872265684, ""max_units"": 266, ""momentum"": 0.24869194453496865, ""num_layers"": 4, ""weight_decay"": 0.0850263648684949}","{""time"": 204.89527893066406, ""val_accuracy"": 94.06780242919922, ""val_cross_entropy"": 0.6365838050842285, ""val_balanced_accuracy"": 0.4964362382888794, ""test_cross_entropy"": 0.658676266670227, ""test_balanced_accuracy"": 0.5074737071990967}"
2026-04-14T08:01:58.156143,tpe,lcbench,3945,1,57,145.77391052246094,"{""OpenML_task_id"": ""168868"", ""batch_size"": 450, ""epoch"": 31, ""learning_rate"": 0.016948935606865077, ""max_dropout"": 0.5301251554572559, ""max_units"": 194, ""momentum"": 0.9892319154944255, ""num_layers"": 5, ""weight_decay"": 0.07694591117590938}","{""time"": 145.77391052246094, ""val_accuracy"": 95.90300750732422, ""val_cross_entropy"": 0.47331735491752625, ""val_balanced_accuracy"": 0.5406966805458069, ""test_cross_entropy"": 0.6505810618400574, ""test_balanced_accuracy"": 0.5413127541542053}"
2026-04-14T08:01:58.181285,tpe,lcbench,3945,1,58,46.75115966796875,"{""OpenML_task_id"": ""189905"", ""batch_size"": 43, ""epoch"": 6, ""learning_rate"": 0.03369994699603437, ""max_dropout"": 0.0031001060222799887, ""max_units"": 333, ""momentum"": 0.12740210219621023, ""num_layers"": 2, ""weight_decay"": 0.06514338277798622}","{""time"": 46.75115966796875, ""val_accuracy"": 88.24052429199219, ""val_cross_entropy"": 0.32739758491516113, ""val_balanced_accuracy"": 0.6515146493911743, ""test_cross_entropy"": 0.5042025446891785, ""test_balanced_accuracy"": 0.6293654441833496}"
2026-04-14T08:01:58.196868,tpe,lcbench,3945,1,59,95.43631744384766,"{""OpenML_task_id"": ""189866"", ""batch_size"": 176, ""epoch"": 40, ""learning_rate"": 0.022818583925681542, ""max_dropout"": 0.18178761308067418, ""max_units"": 97, ""momentum"": 0.28594889783921645, ""num_layers"": 4, ""weight_decay"": 0.0892773153234497}","{""time"": 95.43631744384766, ""val_accuracy"": 94.7506332397461, ""val_cross_entropy"": 0.6325145959854126, ""val_balanced_accuracy"": 0.4942876994609833, ""test_cross_entropy"": 0.6530963182449341, ""test_balanced_accuracy"": 0.5022392272949219}"
2026-04-14T08:01:58.224923,tpe,lcbench,3945,1,60,20.99529266357422,"{""OpenML_task_id"": ""189906"", ""batch_size"": 157, ""epoch"": 9, ""learning_rate"": 0.013709945487200477, ""max_dropout"": 0.05262389658319575, ""max_units"": 160, ""momentum"": 0.6289689127860869, ""num_layers"": 5, ""weight_decay"": 0.011375443164768448}","{""time"": 20.99529266357422, ""val_accuracy"": 97.34119415283203, ""val_cross_entropy"": 0.3523567020893097, ""val_balanced_accuracy"": 0.7519383430480957, ""test_cross_entropy"": 0.5368695855140686, ""test_balanced_accuracy"": 0.7486440539360046}"
2026-04-14T08:01:58.247238,tpe,lcbench,3945,1,61,10.264840126037598,"{""OpenML_task_id"": ""167184"", ""batch_size"": 95, ""epoch"": 1, ""learning_rate"": 0.029781808274697633, ""max_dropout"": 0.13883253833170628, ""max_units"": 123, ""momentum"": 0.2954706712386301, ""num_layers"": 4, ""weight_decay"": 0.07036606781580616}","{""time"": 10.264840126037598, ""val_accuracy"": 52.29972839355469, ""val_cross_entropy"": 0.6262617111206055, ""val_balanced_accuracy"": 0.5070856809616089, ""test_cross_entropy"": 0.6600164175033569, ""test_balanced_accuracy"": 0.4979241192340851}"
2026-04-14T08:01:58.276854,tpe,lcbench,3945,1,62,20.784725189208984,"{""OpenML_task_id"": ""167184"", ""batch_size"": 65, ""epoch"": 3, ""learning_rate"": 0.036433493516098384, ""max_dropout"": 0.6888627126482102, ""max_units"": 136, ""momentum"": 0.35072931386255557, ""num_layers"": 4, ""weight_decay"": 0.05841928183727331}","{""time"": 20.784725189208984, ""val_accuracy"": 91.0231704711914, ""val_cross_entropy"": 0.5361760258674622, ""val_balanced_accuracy"": 0.5084794163703918, ""test_cross_entropy"": 0.6091081500053406, ""test_balanced_accuracy"": 0.5084590315818787}"
2026-04-14T08:01:58.297214,tpe,lcbench,3945,1,63,23.654544830322266,"{""OpenML_task_id"": ""168330"", ""batch_size"": 120, ""epoch"": 5, ""learning_rate"": 0.024986334796669486, ""max_dropout"": 0.12464707447312832, ""max_units"": 65, ""momentum"": 0.451444017967338, ""num_layers"": 4, ""weight_decay"": 0.07114600759833946}","{""time"": 23.654544830322266, ""val_accuracy"": 92.02307891845703, ""val_cross_entropy"": 0.5709208846092224, ""val_balanced_accuracy"": 0.5132941007614136, ""test_cross_entropy"": 0.6381160020828247, ""test_balanced_accuracy"": 0.5188426375389099}"
2026-04-14T08:01:58.323867,tpe,lcbench,3945,1,64,14.734118461608887,"{""OpenML_task_id"": ""189909"", ""batch_size"": 97, ""epoch"": 2, ""learning_rate"": 0.030239509979701006, ""max_dropout"": 0.0849535814138675, ""max_units"": 209, ""momentum"": 0.22693169437222976, ""num_layers"": 3, ""weight_decay"": 0.06263714020352383}","{""time"": 14.734118461608887, ""val_accuracy"": 80.0865707397461, ""val_cross_entropy"": 0.5764297842979431, ""val_balanced_accuracy"": 0.5786319971084595, ""test_cross_entropy"": 0.6263291239738464, ""test_balanced_accuracy"": 0.5735412836074829}"
2026-04-14T08:01:58.346291,tpe,lcbench,3945,1,65,16.867656707763672,"{""OpenML_task_id"": ""167184"", ""batch_size"": 19, ""epoch"": 1, ""learning_rate"": 0.039357222960616986, ""max_dropout"": 0.24980574040863254, ""max_units"": 96, ""momentum"": 0.18358790836483327, ""num_layers"": 4, ""weight_decay"": 0.06777424199110205}","{""time"": 16.867656707763672, ""val_accuracy"": 50.38862609863281, ""val_cross_entropy"": 0.6153209805488586, ""val_balanced_accuracy"": 0.436774343252182, ""test_cross_entropy"": 0.642533540725708, ""test_balanced_accuracy"": 0.42082926630973816}"
2026-04-14T08:01:58.363664,tpe,lcbench,3945,1,66,32.90267562866211,"{""OpenML_task_id"": ""126026"", ""batch_size"": 147, ""epoch"": 7, ""learning_rate"": 0.020263387907211886, ""max_dropout"": 0.2239342509851324, ""max_units"": 170, ""momentum"": 0.285567335518269, ""num_layers"": 4, ""weight_decay"": 0.07573416074111822}","{""time"": 32.90267562866211, ""val_accuracy"": 92.25646209716797, ""val_cross_entropy"": 0.5772014856338501, ""val_balanced_accuracy"": 0.5144182443618774, ""test_cross_entropy"": 0.64894700050354, ""test_balanced_accuracy"": 0.5205703973770142}"
2026-04-14T08:01:58.391493,tpe,lcbench,3945,1,67,13.978315353393555,"{""OpenML_task_id"": ""3945"", ""batch_size"": 124, ""epoch"": 3, ""learning_rate"": 0.01719480015763121, ""max_dropout"": 0.36828232952313067, ""max_units"": 120, ""momentum"": 0.3975355760261228, ""num_layers"": 5, ""weight_decay"": 0.05500597695148571}","{""time"": 13.978315353393555, ""val_accuracy"": 95.59217834472656, ""val_cross_entropy"": 0.42078080773353577, ""val_balanced_accuracy"": 0.608008623123169, ""test_cross_entropy"": 0.6185716390609741, ""test_balanced_accuracy"": 0.6061882972717285}"
2026-04-14T08:01:58.413497,tpe,lcbench,3945,1,68,36.644039154052734,"{""OpenML_task_id"": ""126029"", ""batch_size"": 78, ""epoch"": 5, ""learning_rate"": 0.011422130022725118, ""max_dropout"": 0.17450249025262243, ""max_units"": 265, ""momentum"": 0.5119870063540328, ""num_layers"": 4, ""weight_decay"": 0.07932246349035615}","{""time"": 36.644039154052734, ""val_accuracy"": 93.23328399658203, ""val_cross_entropy"": 0.5288359522819519, ""val_balanced_accuracy"": 0.5094676613807678, ""test_cross_entropy"": 0.6187442541122437, ""test_balanced_accuracy"": 0.5138387084007263}"
2026-04-14T08:01:58.447273,tpe,lcbench,3945,1,69,56.88896179199219,"{""OpenML_task_id"": ""167200"", ""batch_size"": 186, ""epoch"": 11, ""learning_rate"": 0.004624798260198931, ""max_dropout"": 0.1358070322270619, ""max_units"": 220, ""momentum"": 0.31538084365019914, ""num_layers"": 5, ""weight_decay"": 0.096747353267984}","{""time"": 56.88896179199219, ""val_accuracy"": 96.0666732788086, ""val_cross_entropy"": 0.46322229504585266, ""val_balanced_accuracy"": 0.5847518444061279, ""test_cross_entropy"": 0.6341886520385742, ""test_balanced_accuracy"": 0.5860593914985657}"
2026-04-14T08:01:58.463809,tpe,lcbench,3945,1,70,58.19697570800781,"{""OpenML_task_id"": ""167161"", ""batch_size"": 223, ""epoch"": 21, ""learning_rate"": 0.02934626567729981, ""max_dropout"": 0.032052949478610517, ""max_units"": 147, ""momentum"": 0.2540983791395773, ""num_layers"": 3, ""weight_decay"": 0.07369945207048169}","{""time"": 58.19697570800781, ""val_accuracy"": 89.93424224853516, ""val_cross_entropy"": 0.43744421005249023, ""val_balanced_accuracy"": 0.6838384866714478, ""test_cross_entropy"": 0.5842677354812622, ""test_balanced_accuracy"": 0.6709662675857544}"
2026-04-14T08:01:58.498474,tpe,lcbench,3945,1,71,10.731987953186035,"{""OpenML_task_id"": ""167184"", ""batch_size"": 96, ""epoch"": 1, ""learning_rate"": 0.03211892813436538, ""max_dropout"": 0.1417896599800853, ""max_units"": 132, ""momentum"": 0.28284703878598516, ""num_layers"": 4, ""weight_decay"": 0.08343470333723482}","{""time"": 10.731987953186035, ""val_accuracy"": 53.57052230834961, ""val_cross_entropy"": 0.6221985816955566, ""val_balanced_accuracy"": 0.5128331780433655, ""test_cross_entropy"": 0.6583253145217896, ""test_balanced_accuracy"": 0.5036070942878723}"
2026-04-14T08:01:58.522291,tpe,lcbench,3945,1,72,16.952720642089844,"{""OpenML_task_id"": ""167184"", ""batch_size"": 55, ""epoch"": 2, ""learning_rate"": 0.02517379061058984, ""max_dropout"": 0.09337383596343948, ""max_units"": 98, ""momentum"": 0.22659683639727288, ""num_layers"": 4, ""weight_decay"": 0.07003202760881563}","{""time"": 16.952720642089844, ""val_accuracy"": 88.23513793945312, ""val_cross_entropy"": 0.5318683385848999, ""val_balanced_accuracy"": 0.4931802451610565, ""test_cross_entropy"": 0.6142541766166687, ""test_balanced_accuracy"": 0.4890064001083374}"
2026-04-14T08:01:58.546853,tpe,lcbench,3945,1,73,23.070262908935547,"{""OpenML_task_id"": ""167149"", ""batch_size"": 114, ""epoch"": 4, ""learning_rate"": 0.04590476750982754, ""max_dropout"": 0.1141831474672856, ""max_units"": 181, ""momentum"": 0.18708581134339977, ""num_layers"": 4, ""weight_decay"": 0.06468723326238218}","{""time"": 23.070262908935547, ""val_accuracy"": 90.66034698486328, ""val_cross_entropy"": 0.5638746619224548, ""val_balanced_accuracy"": 0.5264174938201904, ""test_cross_entropy"": 0.6306149959564209, ""test_balanced_accuracy"": 0.5311770439147949}"
2026-04-14T08:01:58.571964,tpe,lcbench,3945,1,74,69.20074462890625,"{""OpenML_task_id"": ""168331"", ""batch_size"": 89, ""epoch"": 7, ""learning_rate"": 0.015792510956955892, ""max_dropout"": 0.19173903174477747, ""max_units"": 533, ""momentum"": 0.33619559055610915, ""num_layers"": 4, ""weight_decay"": 0.06837475359419737}","{""time"": 69.20074462890625, ""val_accuracy"": 92.13583374023438, ""val_cross_entropy"": 0.5165880918502808, ""val_balanced_accuracy"": 0.5389545559883118, ""test_cross_entropy"": 0.6165328025817871, ""test_balanced_accuracy"": 0.5398074388504028}"
2026-04-14T08:01:58.599472,tpe,lcbench,3945,1,75,4.905889511108398,"{""OpenML_task_id"": ""167190"", ""batch_size"": 142, ""epoch"": 1, ""learning_rate"": 0.02328077387416821, ""max_dropout"": 0.1595834710114919, ""max_units"": 130, ""momentum"": 0.2968797048323062, ""num_layers"": 5, ""weight_decay"": 0.05911746016992177}","{""time"": 4.905889511108398, ""val_accuracy"": 75.89620208740234, ""val_cross_entropy"": 0.49377357959747314, ""val_balanced_accuracy"": 0.596815288066864, ""test_cross_entropy"": 0.635271430015564, ""test_balanced_accuracy"": 0.5843226313591003}"
2026-04-14T08:01:58.623963,tpe,lcbench,3945,1,76,102.61225891113281,"{""OpenML_task_id"": ""167190"", ""batch_size"": 137, ""epoch"": 46, ""learning_rate"": 0.05567382064456561, ""max_dropout"": 0.07665463934268157, ""max_units"": 90, ""momentum"": 0.358452369565355, ""num_layers"": 5, ""weight_decay"": 0.05862782793479468}","{""time"": 102.61225891113281, ""val_accuracy"": 98.38948822021484, ""val_cross_entropy"": 0.4407140016555786, ""val_balanced_accuracy"": 0.5626379251480103, ""test_cross_entropy"": 0.6260702013969421, ""test_balanced_accuracy"": 0.5648205876350403}"
2026-04-14T08:01:58.655282,tpe,lcbench,3945,1,77,13.331280708312988,"{""OpenML_task_id"": ""167190"", ""batch_size"": 168, ""epoch"": 4, ""learning_rate"": 0.02095024349335824, ""max_dropout"": 0.24412419869459306, ""max_units"": 64, ""momentum"": 0.16972790181520614, ""num_layers"": 5, ""weight_decay"": 0.043813295539573666}","{""time"": 13.331280708312988, ""val_accuracy"": 95.7962417602539, ""val_cross_entropy"": 0.4261705279350281, ""val_balanced_accuracy"": 0.6205660104751587, ""test_cross_entropy"": 0.6263843774795532, ""test_balanced_accuracy"": 0.6196812987327576}"
2026-04-14T08:01:58.679206,tpe,lcbench,3945,1,78,9.796298027038574,"{""OpenML_task_id"": ""168910"", ""batch_size"": 152, ""epoch"": 2, ""learning_rate"": 0.0233642418445605, ""max_dropout"": 0.06320443880388929, ""max_units"": 164, ""momentum"": 0.2976543376414827, ""num_layers"": 5, ""weight_decay"": 0.050771202452533575}","{""time"": 9.796298027038574, ""val_accuracy"": 90.39375305175781, ""val_cross_entropy"": 0.4561833143234253, ""val_balanced_accuracy"": 0.6056717038154602, ""test_cross_entropy"": 0.6288797855377197, ""test_balanced_accuracy"": 0.6010786890983582}"
2026-04-14T08:01:58.707552,tpe,lcbench,3945,1,79,27.950908660888672,"{""OpenML_task_id"": ""146212"", ""batch_size"": 152, ""epoch"": 6, ""learning_rate"": 0.02379088605968814, ""max_dropout"": 0.05451826619599776, ""max_units"": 313, ""momentum"": 0.3047497674786313, ""num_layers"": 5, ""weight_decay"": 0.052949596179358446}","{""time"": 27.950908660888672, ""val_accuracy"": 96.28827667236328, ""val_cross_entropy"": 0.4676275849342346, ""val_balanced_accuracy"": 0.6093297600746155, ""test_cross_entropy"": 0.6251633763313293, ""test_balanced_accuracy"": 0.613610029220581}"
2026-04-14T08:01:58.730430,tpe,lcbench,3945,1,80,28.058284759521484,"{""OpenML_task_id"": ""168910"", ""batch_size"": 196, ""epoch"": 9, ""learning_rate"": 0.019425593771114386, ""max_dropout"": 0.0025807431889936297, ""max_units"": 186, ""momentum"": 0.42034625685798876, ""num_layers"": 5, ""weight_decay"": 0.04273442815875997}","{""time"": 28.058284759521484, ""val_accuracy"": 97.04569244384766, ""val_cross_entropy"": 0.45667657256126404, ""val_balanced_accuracy"": 0.6284381747245789, ""test_cross_entropy"": 0.6251555681228638, ""test_balanced_accuracy"": 0.6319214701652527}"
2026-04-14T08:01:58.757304,tpe,lcbench,3945,1,81,10.271812438964844,"{""OpenML_task_id"": ""167201"", ""batch_size"": 131, ""epoch"": 2, ""learning_rate"": 0.027836962791959546, ""max_dropout"": 0.1488068467137321, ""max_units"": 124, ""momentum"": 0.3814684941607312, ""num_layers"": 5, ""weight_decay"": 0.0634571860331244}","{""time"": 10.271812438964844, ""val_accuracy"": 91.67060852050781, ""val_cross_entropy"": 0.4486880898475647, ""val_balanced_accuracy"": 0.6077222228050232, ""test_cross_entropy"": 0.6252318620681763, ""test_balanced_accuracy"": 0.6022998094558716}"
2026-04-14T08:01:58.779500,tpe,lcbench,3945,1,82,9.674979209899902,"{""OpenML_task_id"": ""167201"", ""batch_size"": 133, ""epoch"": 2, ""learning_rate"": 0.015305183026269297, ""max_dropout"": 0.05816445318052789, ""max_units"": 159, ""momentum"": 0.25485064231833393, ""num_layers"": 5, ""weight_decay"": 0.050419783605107085}","{""time"": 9.674979209899902, ""val_accuracy"": 91.1743392944336, ""val_cross_entropy"": 0.4525970220565796, ""val_balanced_accuracy"": 0.6038238406181335, ""test_cross_entropy"": 0.6272503137588501, ""test_balanced_accuracy"": 0.5984841585159302}"
2026-04-14T08:01:58.806012,tpe,lcbench,3945,1,83,13.544634819030762,"{""OpenML_task_id"": ""168910"", ""batch_size"": 164, ""epoch"": 3, ""learning_rate"": 0.0083260929049046, ""max_dropout"": 0.06236588560703259, ""max_units"": 158, ""momentum"": 0.26097253880467697, ""num_layers"": 5, ""weight_decay"": 0.049230056532121404}","{""time"": 13.544634819030762, ""val_accuracy"": 92.31173706054688, ""val_cross_entropy"": 0.45848512649536133, ""val_balanced_accuracy"": 0.6031942367553711, ""test_cross_entropy"": 0.6303251385688782, ""test_balanced_accuracy"": 0.6000820994377136}"
2026-04-14T08:01:58.838709,tpe,lcbench,3945,1,84,18.26073455810547,"{""OpenML_task_id"": ""167201"", ""batch_size"": 142, ""epoch"": 5, ""learning_rate"": 0.01464714600651285, ""max_dropout"": 0.10771303639884211, ""max_units"": 219, ""momentum"": 0.21628319822955105, ""num_layers"": 5, ""weight_decay"": 0.037493581767449255}","{""time"": 18.26073455810547, ""val_accuracy"": 96.36470794677734, ""val_cross_entropy"": 0.4530676603317261, ""val_balanced_accuracy"": 0.6321578025817871, ""test_cross_entropy"": 0.6214362382888794, ""test_balanced_accuracy"": 0.6341890692710876}"
2026-04-14T08:01:58.862784,tpe,lcbench,3945,1,85,20.005218505859375,"{""OpenML_task_id"": ""189905"", ""batch_size"": 179, ""epoch"": 4, ""learning_rate"": 0.022292238985897002, ""max_dropout"": 0.024114541627572705, ""max_units"": 282, ""momentum"": 0.2387167675925136, ""num_layers"": 5, ""weight_decay"": 0.05661498412147087}","{""time"": 20.005218505859375, ""val_accuracy"": 94.41472625732422, ""val_cross_entropy"": 0.47519782185554504, ""val_balanced_accuracy"": 0.615634560585022, ""test_cross_entropy"": 0.6316846609115601, ""test_balanced_accuracy"": 0.6174573302268982}"
2026-04-14T08:01:58.890338,tpe,lcbench,3945,1,86,8.050420761108398,"{""OpenML_task_id"": ""189865"", ""batch_size"": 113, ""epoch"": 2, ""learning_rate"": 0.017733810924149006, ""max_dropout"": 0.03877405987477085, ""max_units"": 94, ""momentum"": 0.15435996231109472, ""num_layers"": 5, ""weight_decay"": 0.045266522025636476}","{""time"": 8.050420761108398, ""val_accuracy"": 93.19629669189453, ""val_cross_entropy"": 0.4352307617664337, ""val_balanced_accuracy"": 0.6114614605903625, ""test_cross_entropy"": 0.6215242147445679, ""test_balanced_accuracy"": 0.6047482490539551}"
2026-04-14T08:01:58.912574,tpe,lcbench,3945,1,87,7.75758171081543,"{""OpenML_task_id"": ""189865"", ""batch_size"": 112, ""epoch"": 2, ""learning_rate"": 0.017933237451640976, ""max_dropout"": 0.03237854445979377, ""max_units"": 82, ""momentum"": 0.12949273495057345, ""num_layers"": 5, ""weight_decay"": 0.04509291999114184}","{""time"": 7.75758171081543, ""val_accuracy"": 93.38134765625, ""val_cross_entropy"": 0.43211615085601807, ""val_balanced_accuracy"": 0.6126019954681396, ""test_cross_entropy"": 0.621044397354126, ""test_balanced_accuracy"": 0.6057133078575134}"
2026-04-14T08:01:58.949238,tpe,lcbench,3945,1,88,9.868810653686523,"{""OpenML_task_id"": ""189865"", ""batch_size"": 117, ""epoch"": 3, ""learning_rate"": 0.011010954001867678, ""max_dropout"": 0.041328956914763106, ""max_units"": 94, ""momentum"": 0.12164184562841399, ""num_layers"": 5, ""weight_decay"": 0.02683332755956781}","{""time"": 9.868810653686523, ""val_accuracy"": 95.40966033935547, ""val_cross_entropy"": 0.43072274327278137, ""val_balanced_accuracy"": 0.6296079754829407, ""test_cross_entropy"": 0.6160104274749756, ""test_balanced_accuracy"": 0.6262640357017517}"
2026-04-14T08:01:58.977006,tpe,lcbench,3945,1,89,22.117839813232422,"{""OpenML_task_id"": ""189865"", ""batch_size"": 300, ""epoch"": 6, ""learning_rate"": 0.015565947177018072, ""max_dropout"": 0.025925892658036104, ""max_units"": 79, ""momentum"": 0.15056701389248073, ""num_layers"": 5, ""weight_decay"": 0.04037681198446229}","{""time"": 22.117839813232422, ""val_accuracy"": 93.3938217163086, ""val_cross_entropy"": 0.4619213938713074, ""val_balanced_accuracy"": 0.6324472427368164, ""test_cross_entropy"": 0.6377851963043213, ""test_balanced_accuracy"": 0.6317611932754517}"
2026-04-14T08:01:59.007130,tpe,lcbench,3945,1,90,218.1427459716797,"{""OpenML_task_id"": ""189865"", ""batch_size"": 109, ""epoch"": 28, ""learning_rate"": 0.006565765574752311, ""max_dropout"": 0.08817858115084504, ""max_units"": 812, ""momentum"": 0.10541520211966679, ""num_layers"": 5, ""weight_decay"": 0.046371935934325925}","{""time"": 218.1427459716797, ""val_accuracy"": 96.68394470214844, ""val_cross_entropy"": 0.45098987221717834, ""val_balanced_accuracy"": 0.5685452222824097, ""test_cross_entropy"": 0.6133230924606323, ""test_balanced_accuracy"": 0.5711026191711426}"
2026-04-14T08:01:59.031262,tpe,lcbench,3945,1,91,9.560632705688477,"{""OpenML_task_id"": ""168908"", ""batch_size"": 141, ""epoch"": 2, ""learning_rate"": 0.01828566191278106, ""max_dropout"": 0.06647191689873955, ""max_units"": 164, ""momentum"": 0.19981616188582838, ""num_layers"": 5, ""weight_decay"": 0.05332333173090611}","{""time"": 9.560632705688477, ""val_accuracy"": 90.87779998779297, ""val_cross_entropy"": 0.4514440894126892, ""val_balanced_accuracy"": 0.6035256385803223, ""test_cross_entropy"": 0.628325343132019, ""test_balanced_accuracy"": 0.5989169478416443}"
2026-04-14T08:01:59.057911,tpe,lcbench,3945,1,92,8.262380599975586,"{""OpenML_task_id"": ""168908"", ""batch_size"": 130, ""epoch"": 2, ""learning_rate"": 0.018534011888031176, ""max_dropout"": 0.014076755581816425, ""max_units"": 107, ""momentum"": 0.1993026389457366, ""num_layers"": 5, ""weight_decay"": 0.04496644256264577}","{""time"": 8.262380599975586, ""val_accuracy"": 92.01395416259766, ""val_cross_entropy"": 0.44396528601646423, ""val_balanced_accuracy"": 0.6097622513771057, ""test_cross_entropy"": 0.6249229907989502, ""test_balanced_accuracy"": 0.603641927242279}"
2026-04-14T08:01:59.088751,tpe,lcbench,3945,1,93,13.187650680541992,"{""OpenML_task_id"": ""168908"", ""batch_size"": 79, ""epoch"": 4, ""learning_rate"": 0.019317527798147185, ""max_dropout"": 0.0001972665928042499, ""max_units"": 86, ""momentum"": 0.13925551990955723, ""num_layers"": 5, ""weight_decay"": 0.05395937459438255}","{""time"": 13.187650680541992, ""val_accuracy"": 97.85758972167969, ""val_cross_entropy"": 0.38639765977859497, ""val_balanced_accuracy"": 0.6107190251350403, ""test_cross_entropy"": 0.5918133854866028, ""test_balanced_accuracy"": 0.6079819202423096}"
2026-04-14T08:01:59.112814,tpe,lcbench,3945,1,94,23.912525177001953,"{""OpenML_task_id"": ""167104"", ""batch_size"": 144, ""epoch"": 8, ""learning_rate"": 0.010581902799705556, ""max_dropout"": 0.10780634169297434, ""max_units"": 111, ""momentum"": 0.1989725573035528, ""num_layers"": 5, ""weight_decay"": 0.04675774243758615}","{""time"": 23.912525177001953, ""val_accuracy"": 97.41734313964844, ""val_cross_entropy"": 0.43175238370895386, ""val_balanced_accuracy"": 0.60686856508255, ""test_cross_entropy"": 0.6209897994995117, ""test_balanced_accuracy"": 0.6073989272117615}"
2026-04-14T08:01:59.140615,tpe,lcbench,3945,1,95,8.055998802185059,"{""OpenML_task_id"": ""168329"", ""batch_size"": 125, ""epoch"": 2, ""learning_rate"": 0.06282637520778267, ""max_dropout"": 0.024865281978083145, ""max_units"": 193, ""momentum"": 0.1666422575562501, ""num_layers"": 5, ""weight_decay"": 0.03724165958668442}","{""time"": 8.055998802185059, ""val_accuracy"": 92.17379760742188, ""val_cross_entropy"": 0.44075509905815125, ""val_balanced_accuracy"": 0.6096715331077576, ""test_cross_entropy"": 0.6192303895950317, ""test_balanced_accuracy"": 0.6069067716598511}"
2026-04-14T08:01:59.167433,tpe,lcbench,3945,1,96,14.258604049682617,"{""OpenML_task_id"": ""167181"", ""batch_size"": 105, ""epoch"": 5, ""learning_rate"": 0.06337342553798711, ""max_dropout"": 0.026079088122799826, ""max_units"": 199, ""momentum"": 0.16855639952974483, ""num_layers"": 5, ""weight_decay"": 0.030351698779753238}","{""time"": 14.258604049682617, ""val_accuracy"": 97.33264923095703, ""val_cross_entropy"": 0.3830816447734833, ""val_balanced_accuracy"": 0.6647816896438599, ""test_cross_entropy"": 0.5750234723091125, ""test_balanced_accuracy"": 0.6637275815010071}"
2026-04-14T08:01:59.196372,tpe,lcbench,3945,1,97,4.37180757522583,"{""OpenML_task_id"": ""168329"", ""batch_size"": 118, ""epoch"": 1, ""learning_rate"": 0.06960066531305537, ""max_dropout"": 0.017200560496034634, ""max_units"": 139, ""momentum"": 0.15155431507855982, ""num_layers"": 5, ""weight_decay"": 0.03487729439166427}","{""time"": 4.37180757522583, ""val_accuracy"": 74.4387435913086, ""val_cross_entropy"": 0.5075719952583313, ""val_balanced_accuracy"": 0.5882229804992676, ""test_cross_entropy"": 0.639366626739502, ""test_balanced_accuracy"": 0.5751526951789856}"
2026-04-14T08:01:59.227315,tpe,lcbench,3945,1,98,10.755693435668945,"{""OpenML_task_id"": ""168329"", ""batch_size"": 70, ""epoch"": 3, ""learning_rate"": 0.07372976039040283, ""max_dropout"": 0.017636326179522255, ""max_units"": 145, ""momentum"": 0.14800811770775565, ""num_layers"": 5, ""weight_decay"": 0.036611413851236896}","{""time"": 10.755693435668945, ""val_accuracy"": 96.84414672851562, ""val_cross_entropy"": 0.361761212348938, ""val_balanced_accuracy"": 0.6134087443351746, ""test_cross_entropy"": 0.5750223398208618, ""test_balanced_accuracy"": 0.6093425750732422}"
2026-04-14T08:01:59.247628,tpe,lcbench,3945,1,99,56.22519302368164,"{""OpenML_task_id"": ""168329"", ""batch_size"": 127, ""epoch"": 4, ""learning_rate"": 0.08117453247156842, ""max_dropout"": 0.07782785391972485, ""max_units"": 1011, ""momentum"": 0.12145204747895423, ""num_layers"": 5, ""weight_decay"": 0.030896704989494064}","{""time"": 56.22519302368164, ""val_accuracy"": 92.62709045410156, ""val_cross_entropy"": 0.42195841670036316, ""val_balanced_accuracy"": 0.6999524831771851, ""test_cross_entropy"": 0.5716844797134399, ""test_balanced_accuracy"": 0.697376549243927}"
2026-04-14T08:01:59.280513,tpe,lcbench,3945,1,100,4.25048828125,"{""OpenML_task_id"": ""168329"", ""batch_size"": 204, ""epoch"": 1, ""learning_rate"": 0.06623321979606502, ""max_dropout"": 0.047742417245897895, ""max_units"": 110, ""momentum"": 0.16170110117314485, ""num_layers"": 5, ""weight_decay"": 0.033083138451690856}","{""time"": 4.25048828125, ""val_accuracy"": 73.23046875, ""val_cross_entropy"": 0.4906414747238159, ""val_balanced_accuracy"": 0.601594865322113, ""test_cross_entropy"": 0.6375448703765869, ""test_balanced_accuracy"": 0.5896799564361572}"
2026-04-14T08:01:59.307341,tpe,lcbench,3945,1,101,4.222599029541016,"{""OpenML_task_id"": ""168329"", ""batch_size"": 210, ""epoch"": 1, ""learning_rate"": 0.06528675106477702, ""max_dropout"": 0.037216212687782885, ""max_units"": 106, ""momentum"": 0.15744784301690667, ""num_layers"": 5, ""weight_decay"": 0.03233650016789339}","{""time"": 4.222599029541016, ""val_accuracy"": 73.07405853271484, ""val_cross_entropy"": 0.49085521697998047, ""val_balanced_accuracy"": 0.6020448207855225, ""test_cross_entropy"": 0.6378769278526306, ""test_balanced_accuracy"": 0.5900017023086548}"
2026-04-14T08:01:59.328769,tpe,lcbench,3945,1,102,4.678590774536133,"{""OpenML_task_id"": ""168329"", ""batch_size"": 240, ""epoch"": 1, ""learning_rate"": 0.0637951279988245, ""max_dropout"": 0.0424472710282902, ""max_units"": 113, ""momentum"": 0.15934743807802734, ""num_layers"": 5, ""weight_decay"": 0.03305022391221757}","{""time"": 4.678590774536133, ""val_accuracy"": 71.41248321533203, ""val_cross_entropy"": 0.4938475489616394, ""val_balanced_accuracy"": 0.6014227271080017, ""test_cross_entropy"": 0.639655351638794, ""test_balanced_accuracy"": 0.5891538262367249}"
2026-04-14T08:01:59.357324,tpe,lcbench,3945,1,103,4.62978458404541,"{""OpenML_task_id"": ""168329"", ""batch_size"": 236, ""epoch"": 1, ""learning_rate"": 0.06211019155477494, ""max_dropout"": 0.043322997919650566, ""max_units"": 113, ""momentum"": 0.15585210455952372, ""num_layers"": 5, ""weight_decay"": 0.03400132554039927}","{""time"": 4.62978458404541, ""val_accuracy"": 71.67229461669922, ""val_cross_entropy"": 0.492653489112854, ""val_balanced_accuracy"": 0.6018289923667908, ""test_cross_entropy"": 0.6393396854400635, ""test_balanced_accuracy"": 0.5896293520927429}"
2026-04-14T08:01:59.388709,tpe,lcbench,3945,1,104,4.98955774307251,"{""OpenML_task_id"": ""168329"", ""batch_size"": 238, ""epoch"": 1, ""learning_rate"": 0.061885124035052266, ""max_dropout"": 0.039952765611714416, ""max_units"": 143, ""momentum"": 0.1650563677260056, ""num_layers"": 5, ""weight_decay"": 0.03355520384851424}","{""time"": 4.98955774307251, ""val_accuracy"": 70.7287368774414, ""val_cross_entropy"": 0.49864640831947327, ""val_balanced_accuracy"": 0.5994769334793091, ""test_cross_entropy"": 0.6404602527618408, ""test_balanced_accuracy"": 0.5874907970428467}"
2026-04-14T08:01:59.412903,tpe,lcbench,3945,1,105,5.0955376625061035,"{""OpenML_task_id"": ""168329"", ""batch_size"": 259, ""epoch"": 1, ""learning_rate"": 0.06580077951863086, ""max_dropout"": 0.04497622386732429, ""max_units"": 138, ""momentum"": 0.13289924594586774, ""num_layers"": 5, ""weight_decay"": 0.033300636128170844}","{""time"": 5.0955376625061035, ""val_accuracy"": 69.70594024658203, ""val_cross_entropy"": 0.49967604875564575, ""val_balanced_accuracy"": 0.6000580787658691, ""test_cross_entropy"": 0.641895055770874, ""test_balanced_accuracy"": 0.58802330493927}"
2026-04-14T08:01:59.441193,tpe,lcbench,3945,1,106,5.170838832855225,"{""OpenML_task_id"": ""168329"", ""batch_size"": 257, ""epoch"": 1, ""learning_rate"": 0.06564917562122595, ""max_dropout"": 0.122972632118501, ""max_units"": 133, ""momentum"": 0.12990340811015397, ""num_layers"": 5, ""weight_decay"": 0.031878933652734275}","{""time"": 5.170838832855225, ""val_accuracy"": 69.55958557128906, ""val_cross_entropy"": 0.49491626024246216, ""val_balanced_accuracy"": 0.5995501279830933, ""test_cross_entropy"": 0.6426107287406921, ""test_balanced_accuracy"": 0.5877463221549988}"
2026-04-14T08:01:59.462831,tpe,lcbench,3945,1,107,5.052309036254883,"{""OpenML_task_id"": ""168329"", ""batch_size"": 245, ""epoch"": 1, ""learning_rate"": 0.0656516213034516, ""max_dropout"": 0.12274583690936913, ""max_units"": 135, ""momentum"": 0.10983815591451448, ""num_layers"": 5, ""weight_decay"": 0.03429127524936521}","{""time"": 5.052309036254883, ""val_accuracy"": 70.31807708740234, ""val_cross_entropy"": 0.49082234501838684, ""val_balanced_accuracy"": 0.5999150276184082, ""test_cross_entropy"": 0.6414158940315247, ""test_balanced_accuracy"": 0.5884148478507996}"
2026-04-14T08:01:59.496460,tpe,lcbench,3945,1,108,5.181994915008545,"{""OpenML_task_id"": ""168329"", ""batch_size"": 255, ""epoch"": 1, ""learning_rate"": 0.0668701241236554, ""max_dropout"": 0.12194175756874215, ""max_units"": 137, ""momentum"": 0.10957825152617053, ""num_layers"": 5, ""weight_decay"": 0.03290961686662406}","{""time"": 5.181994915008545, ""val_accuracy"": 69.62316131591797, ""val_cross_entropy"": 0.49372732639312744, ""val_balanced_accuracy"": 0.5994963645935059, ""test_cross_entropy"": 0.6424566507339478, ""test_balanced_accuracy"": 0.587849497795105}"
2026-04-14T08:01:59.524876,tpe,lcbench,3945,1,109,16.429794311523438,"{""OpenML_task_id"": ""168329"", ""batch_size"": 255, ""epoch"": 4, ""learning_rate"": 0.06600544857506001, ""max_dropout"": 0.1620511980637135, ""max_units"": 231, ""momentum"": 0.10808536494509488, ""num_layers"": 5, ""weight_decay"": 0.033044515306764236}","{""time"": 16.429794311523438, ""val_accuracy"": 94.29810333251953, ""val_cross_entropy"": 0.47784388065338135, ""val_balanced_accuracy"": 0.6587973237037659, ""test_cross_entropy"": 0.6266229748725891, ""test_balanced_accuracy"": 0.662403404712677}"
2026-04-14T08:01:59.549094,tpe,lcbench,3945,1,110,15.865034103393555,"{""OpenML_task_id"": ""168329"", ""batch_size"": 236, ""epoch"": 6, ""learning_rate"": 0.05916955217988467, ""max_dropout"": 0.12708311054435764, ""max_units"": 143, ""momentum"": 0.1019853866062739, ""num_layers"": 5, ""weight_decay"": 0.02094428355569547}","{""time"": 15.865034103393555, ""val_accuracy"": 96.24310302734375, ""val_cross_entropy"": 0.409321129322052, ""val_balanced_accuracy"": 0.7071855068206787, ""test_cross_entropy"": 0.5946934223175049, ""test_balanced_accuracy"": 0.7071113586425781}"
2026-04-14T08:01:59.575797,tpe,lcbench,3945,1,111,5.067647933959961,"{""OpenML_task_id"": ""168329"", ""batch_size"": 275, ""epoch"": 1, ""learning_rate"": 0.07024682751950712, ""max_dropout"": 0.0977933737558751, ""max_units"": 127, ""momentum"": 0.14070673599693945, ""num_layers"": 5, ""weight_decay"": 0.03363688590130994}","{""time"": 5.067647933959961, ""val_accuracy"": 69.24017333984375, ""val_cross_entropy"": 0.4977400600910187, ""val_balanced_accuracy"": 0.6009617447853088, ""test_cross_entropy"": 0.6428233981132507, ""test_balanced_accuracy"": 0.5891841650009155}"
2026-04-14T08:01:59.597363,tpe,lcbench,3945,1,112,5.073225975036621,"{""OpenML_task_id"": ""168329"", ""batch_size"": 282, ""epoch"": 1, ""learning_rate"": 0.07073098976882092, ""max_dropout"": 0.04872651586877801, ""max_units"": 137, ""momentum"": 0.13402388362336196, ""num_layers"": 5, ""weight_decay"": 0.03363939265797004}","{""time"": 5.073225975036621, ""val_accuracy"": 68.90396118164062, ""val_cross_entropy"": 0.5032386779785156, ""val_balanced_accuracy"": 0.6008070707321167, ""test_cross_entropy"": 0.643185019493103, ""test_balanced_accuracy"": 0.5890257358551025}"
2026-04-14T08:01:59.629458,tpe,lcbench,3945,1,113,12.553166389465332,"{""OpenML_task_id"": ""168329"", ""batch_size"": 282, ""epoch"": 3, ""learning_rate"": 0.07223549367742506, ""max_dropout"": 0.043344196677759156, ""max_units"": 177, ""momentum"": 0.135034861712865, ""num_layers"": 5, ""weight_decay"": 0.029024758304593307}","{""time"": 12.553166389465332, ""val_accuracy"": 92.91480255126953, ""val_cross_entropy"": 0.4816223382949829, ""val_balanced_accuracy"": 0.6712670922279358, ""test_cross_entropy"": 0.6253451108932495, ""test_balanced_accuracy"": 0.6724126935005188}"
2026-04-14T08:01:59.657309,tpe,lcbench,3945,1,114,4.965851783752441,"{""OpenML_task_id"": ""168329"", ""batch_size"": 272, ""epoch"": 1, ""learning_rate"": 0.07114412213617467, ""max_dropout"": 0.08386126494213016, ""max_units"": 122, ""momentum"": 0.173047623775954, ""num_layers"": 5, ""weight_decay"": 0.02571381134746025}","{""time"": 4.965851783752441, ""val_accuracy"": 69.07923889160156, ""val_cross_entropy"": 0.5042005181312561, ""val_balanced_accuracy"": 0.6003305315971375, ""test_cross_entropy"": 0.6436949968338013, ""test_balanced_accuracy"": 0.5881264805793762}"
2026-04-14T08:01:59.690182,tpe,lcbench,3945,1,115,16.160659790039062,"{""OpenML_task_id"": ""168329"", ""batch_size"": 321, ""epoch"": 5, ""learning_rate"": 0.07008325228789357, ""max_dropout"": 0.07604804196126773, ""max_units"": 114, ""momentum"": 0.17803933248078319, ""num_layers"": 5, ""weight_decay"": 0.02502275303607893}","{""time"": 16.160659790039062, ""val_accuracy"": 95.13381958007812, ""val_cross_entropy"": 0.4558411240577698, ""val_balanced_accuracy"": 0.6863277554512024, ""test_cross_entropy"": 0.6185225248336792, ""test_balanced_accuracy"": 0.6874347925186157}"
2026-04-14T08:01:59.712507,tpe,lcbench,3945,1,116,12.109724998474121,"{""OpenML_task_id"": ""168329"", ""batch_size"": 271, ""epoch"": 3, ""learning_rate"": 0.07828794617622413, ""max_dropout"": 0.09499160331073511, ""max_units"": 149, ""momentum"": 0.15152806290997256, ""num_layers"": 5, ""weight_decay"": 0.03412833293216326}","{""time"": 12.109724998474121, ""val_accuracy"": 93.36460876464844, ""val_cross_entropy"": 0.47021403908729553, ""val_balanced_accuracy"": 0.6617593765258789, ""test_cross_entropy"": 0.6273391246795654, ""test_balanced_accuracy"": 0.6631202101707458}"
2026-04-14T08:01:59.740793,tpe,lcbench,3945,1,117,14.60303783416748,"{""OpenML_task_id"": ""168329"", ""batch_size"": 232, ""epoch"": 1, ""learning_rate"": 0.059573954738555035, ""max_dropout"": 0.7984613981395507, ""max_units"": 659, ""momentum"": 0.16331727933780818, ""num_layers"": 5, ""weight_decay"": 0.018245248818302546}","{""time"": 14.60303783416748, ""val_accuracy"": 54.071170806884766, ""val_cross_entropy"": 0.5460336804389954, ""val_balanced_accuracy"": 0.5449020862579346, ""test_cross_entropy"": 0.6573576927185059, ""test_balanced_accuracy"": 0.5374425053596497}"
2026-04-14T08:01:59.763641,tpe,lcbench,3945,1,118,16.308475494384766,"{""OpenML_task_id"": ""168329"", ""batch_size"": 294, ""epoch"": 4, ""learning_rate"": 0.07000922744573006, ""max_dropout"": 0.046188004116269686, ""max_units"": 209, ""momentum"": 0.18283282478016646, ""num_layers"": 5, ""weight_decay"": 0.028183594971933484}","{""time"": 16.308475494384766, ""val_accuracy"": 93.98853302001953, ""val_cross_entropy"": 0.47227126359939575, ""val_balanced_accuracy"": 0.6817924976348877, ""test_cross_entropy"": 0.6191415786743164, ""test_balanced_accuracy"": 0.6831267476081848}"
2026-04-14T08:01:59.799259,tpe,lcbench,3945,1,119,12.38025188446045,"{""OpenML_task_id"": ""168329"", ""batch_size"": 244, ""epoch"": 3, ""learning_rate"": 0.07756442870730232, ""max_dropout"": 6.6524506150134055e-06, ""max_units"": 180, ""momentum"": 0.14240163759333488, ""num_layers"": 5, ""weight_decay"": 0.03971670375568425}","{""time"": 12.38025188446045, ""val_accuracy"": 93.54286193847656, ""val_cross_entropy"": 0.4690333306789398, ""val_balanced_accuracy"": 0.6533414721488953, ""test_cross_entropy"": 0.6253621578216553, ""test_balanced_accuracy"": 0.6547648906707764}"
2026-04-14T08:01:59.823783,tpe,lcbench,3945,1,120,4.415035724639893,"{""OpenML_task_id"": ""167152"", ""batch_size"": 214, ""epoch"": 1, ""learning_rate"": 0.052926393214672435, ""max_dropout"": 0.05922135431344164, ""max_units"": 120, ""momentum"": 0.12468284326994578, ""num_layers"": 5, ""weight_decay"": 0.03508639742853388}","{""time"": 4.415035724639893, ""val_accuracy"": 72.51742553710938, ""val_cross_entropy"": 0.48915866017341614, ""val_balanced_accuracy"": 0.6028468608856201, ""test_cross_entropy"": 0.6388801336288452, ""test_balanced_accuracy"": 0.5910165309906006}"
2026-04-14T08:01:59.849247,tpe,lcbench,3945,1,121,4.246304988861084,"{""OpenML_task_id"": ""167152"", ""batch_size"": 208, ""epoch"": 1, ""learning_rate"": 0.06056175353622521, ""max_dropout"": 0.0588509640651112, ""max_units"": 111, ""momentum"": 0.120296349291299, ""num_layers"": 5, ""weight_decay"": 0.03495005377248436}","{""time"": 4.246304988861084, ""val_accuracy"": 73.0899429321289, ""val_cross_entropy"": 0.487886518239975, ""val_balanced_accuracy"": 0.602781355381012, ""test_cross_entropy"": 0.6378951072692871, ""test_balanced_accuracy"": 0.5910638570785522}"
2026-04-14T08:01:59.881399,tpe,lcbench,3945,1,122,4.4749979972839355,"{""OpenML_task_id"": ""189873"", ""batch_size"": 206, ""epoch"": 1, ""learning_rate"": 0.05324403996736206, ""max_dropout"": 0.06826035566927656, ""max_units"": 115, ""momentum"": 0.15872422510009107, ""num_layers"": 5, ""weight_decay"": 0.041245767591171156}","{""time"": 4.4749979972839355, ""val_accuracy"": 73.21160888671875, ""val_cross_entropy"": 0.4876707196235657, ""val_balanced_accuracy"": 0.6025548577308655, ""test_cross_entropy"": 0.637065052986145, ""test_balanced_accuracy"": 0.5906750559806824}"
2026-04-14T08:01:59.907134,tpe,lcbench,3945,1,123,8.28469181060791,"{""OpenML_task_id"": ""34539"", ""batch_size"": 230, ""epoch"": 2, ""learning_rate"": 0.05362267289580665, ""max_dropout"": 0.07846244493854287, ""max_units"": 114, ""momentum"": 0.20963654400562595, ""num_layers"": 5, ""weight_decay"": 0.03541778780498845}","{""time"": 8.28469181060791, ""val_accuracy"": 89.17991638183594, ""val_cross_entropy"": 0.4648921489715576, ""val_balanced_accuracy"": 0.621766209602356, ""test_cross_entropy"": 0.630459725856781, ""test_balanced_accuracy"": 0.6175562739372253}"
2026-04-14T08:01:59.938788,tpe,lcbench,3945,1,124,11.589587211608887,"{""OpenML_task_id"": ""167152"", ""batch_size"": 204, ""epoch"": 4, ""learning_rate"": 0.050914800399091194, ""max_dropout"": 0.09726181299613659, ""max_units"": 82, ""momentum"": 0.16241825476177169, ""num_layers"": 5, ""weight_decay"": 0.03972390416563555}","{""time"": 11.589587211608887, ""val_accuracy"": 95.81122589111328, ""val_cross_entropy"": 0.43620800971984863, ""val_balanced_accuracy"": 0.6496359705924988, ""test_cross_entropy"": 0.6232521533966064, ""test_balanced_accuracy"": 0.6514301896095276}"
2026-04-14T08:01:59.963306,tpe,lcbench,3945,1,125,12.797198295593262,"{""OpenML_task_id"": ""189873"", ""batch_size"": 220, ""epoch"": 6, ""learning_rate"": 0.06077508022117609, ""max_dropout"": 0.06687845156680011, ""max_units"": 64, ""momentum"": 0.18893052422354872, ""num_layers"": 5, ""weight_decay"": 0.026413580203614572}","{""time"": 12.797198295593262, ""val_accuracy"": 96.92767333984375, ""val_cross_entropy"": 0.40900978446006775, ""val_balanced_accuracy"": 0.6875278949737549, ""test_cross_entropy"": 0.6029231548309326, ""test_balanced_accuracy"": 0.6887826919555664}"
2026-04-14T08:01:59.991125,tpe,lcbench,3945,1,126,13.144421577453613,"{""OpenML_task_id"": ""167152"", ""batch_size"": 269, ""epoch"": 3, ""learning_rate"": 0.05775466359040364, ""max_dropout"": 0.47446711266380887, ""max_units"": 100, ""momentum"": 0.11716099632266065, ""num_layers"": 5, ""weight_decay"": 0.041845722169866484}","{""time"": 13.144421577453613, ""val_accuracy"": 92.75650024414062, ""val_cross_entropy"": 0.43871840834617615, ""val_balanced_accuracy"": 0.6199331283569336, ""test_cross_entropy"": 0.6364637613296509, ""test_balanced_accuracy"": 0.6195312142372131}"
2026-04-14T08:02:00.012965,tpe,lcbench,3945,1,127,44.970420837402344,"{""OpenML_task_id"": ""167152"", ""batch_size"": 213, ""epoch"": 36, ""learning_rate"": 0.05127894469673863, ""max_dropout"": 0.10407530210329513, ""max_units"": 118, ""momentum"": 0.1005424590376659, ""num_layers"": 5, ""weight_decay"": 0.021181478204621806}","{""time"": 44.970420837402344, ""val_accuracy"": 98.09117889404297, ""val_cross_entropy"": 0.3244381248950958, ""val_balanced_accuracy"": 0.7256300449371338, ""test_cross_entropy"": 0.5374296307563782, ""test_balanced_accuracy"": 0.7237240076065063}"
2026-04-14T08:02:00.049638,tpe,lcbench,3945,1,128,5.714682579040527,"{""OpenML_task_id"": ""189354"", ""batch_size"": 248, ""epoch"": 1, ""learning_rate"": 0.06809974913376556, ""max_dropout"": 0.05882371128969646, ""max_units"": 170, ""momentum"": 0.22231126722136574, ""num_layers"": 5, ""weight_decay"": 0.03605218631663575}","{""time"": 5.714682579040527, ""val_accuracy"": 69.5992660522461, ""val_cross_entropy"": 0.5062289834022522, ""val_balanced_accuracy"": 0.5960371494293213, ""test_cross_entropy"": 0.6413183212280273, ""test_balanced_accuracy"": 0.5840362310409546}"
2026-04-14T08:02:00.074745,tpe,lcbench,3945,1,129,6.817708492279053,"{""OpenML_task_id"": ""167168"", ""batch_size"": 211, ""epoch"": 2, ""learning_rate"": 0.06395613426337973, ""max_dropout"": 0.08593066908837074, ""max_units"": 86, ""momentum"": 0.15442309117090167, ""num_layers"": 5, ""weight_decay"": 0.02953965645112414}","{""time"": 6.817708492279053, ""val_accuracy"": 90.6368408203125, ""val_cross_entropy"": 0.4539976418018341, ""val_balanced_accuracy"": 0.6337066292762756, ""test_cross_entropy"": 0.6272030472755432, ""test_balanced_accuracy"": 0.6301101446151733}"
2026-04-14T08:02:00.107231,tpe,lcbench,3945,1,130,58.222076416015625,"{""OpenML_task_id"": ""167185"", ""batch_size"": 225, ""epoch"": 7, ""learning_rate"": 0.07533556934399838, ""max_dropout"": 0.16717411235821344, ""max_units"": 417, ""momentum"": 0.7860987468061846, ""num_layers"": 5, ""weight_decay"": 0.037470233933050434}","{""time"": 58.222076416015625, ""val_accuracy"": 95.15740966796875, ""val_cross_entropy"": 0.43823131918907166, ""val_balanced_accuracy"": 0.6441994905471802, ""test_cross_entropy"": 0.6149157285690308, ""test_balanced_accuracy"": 0.6461129784584045}"
2026-04-14T08:02:00.140477,tpe,lcbench,3945,1,131,11.740189552307129,"{""OpenML_task_id"": ""168335"", ""batch_size"": 241, ""epoch"": 1, ""learning_rate"": 0.07185302779195223, ""max_dropout"": 0.060739125774675495, ""max_units"": 131, ""momentum"": 0.17477126882358995, ""num_layers"": 1, ""weight_decay"": 0.03103061384893045}","{""time"": 11.740189552307129, ""val_accuracy"": 51.40764617919922, ""val_cross_entropy"": 0.7300482392311096, ""val_balanced_accuracy"": 0.5508522391319275, ""test_cross_entropy"": 0.6828287839889526, ""test_balanced_accuracy"": 0.5437496900558472}"
2026-04-14T08:02:00.162862,tpe,lcbench,3945,1,132,9.340306282043457,"{""OpenML_task_id"": ""189873"", ""batch_size"": 290, ""epoch"": 2, ""learning_rate"": 0.06108421759117387, ""max_dropout"": 0.042682470937014785, ""max_units"": 148, ""momentum"": 0.1214176828154685, ""num_layers"": 5, ""weight_decay"": 0.034890882712663183}","{""time"": 9.340306282043457, ""val_accuracy"": 86.77841186523438, ""val_cross_entropy"": 0.48634204268455505, ""val_balanced_accuracy"": 0.6236713528633118, ""test_cross_entropy"": 0.6358883380889893, ""test_balanced_accuracy"": 0.6201282143592834}"
2026-04-14T08:02:00.196336,tpe,lcbench,3945,1,133,3.9715943336486816,"{""OpenML_task_id"": ""189908"", ""batch_size"": 187, ""epoch"": 1, ""learning_rate"": 0.05683499394313271, ""max_dropout"": 0.01766938023223761, ""max_units"": 105, ""momentum"": 0.13973906036043787, ""num_layers"": 5, ""weight_decay"": 0.027605147138848256}","{""time"": 3.9715943336486816, ""val_accuracy"": 73.7336196899414, ""val_cross_entropy"": 0.4915919899940491, ""val_balanced_accuracy"": 0.6024192571640015, ""test_cross_entropy"": 0.6377784013748169, ""test_balanced_accuracy"": 0.5901491641998291}"
2026-04-14T08:02:00.224269,tpe,lcbench,3945,1,134,9.000055313110352,"{""OpenML_task_id"": ""189908"", ""batch_size"": 206, ""epoch"": 3, ""learning_rate"": 0.057130521230851716, ""max_dropout"": 0.015584769596860573, ""max_units"": 116, ""momentum"": 0.1477776437026062, ""num_layers"": 5, ""weight_decay"": 0.02712017484803206}","{""time"": 9.000055313110352, ""val_accuracy"": 94.78099822998047, ""val_cross_entropy"": 0.4492717683315277, ""val_balanced_accuracy"": 0.6777188181877136, ""test_cross_entropy"": 0.6166383028030396, ""test_balanced_accuracy"": 0.6784327030181885}"
2026-04-14T08:02:00.257638,tpe,lcbench,3945,1,135,9.521587371826172,"{""OpenML_task_id"": ""189908"", ""batch_size"": 181, ""epoch"": 4, ""learning_rate"": 0.055349752753863224, ""max_dropout"": 0.07630112579952633, ""max_units"": 102, ""momentum"": 0.17364468388861395, ""num_layers"": 5, ""weight_decay"": 0.023642447478592392}","{""time"": 9.521587371826172, ""val_accuracy"": 96.32868957519531, ""val_cross_entropy"": 0.4274858236312866, ""val_balanced_accuracy"": 0.6884267926216125, ""test_cross_entropy"": 0.6047716736793518, ""test_balanced_accuracy"": 0.689873993396759}"
2026-04-14T08:02:00.279661,tpe,lcbench,3945,1,136,14.442673683166504,"{""OpenML_task_id"": ""167190"", ""batch_size"": 191, ""epoch"": 5, ""learning_rate"": 0.0680705712278093, ""max_dropout"": 0.01563785718337192, ""max_units"": 166, ""momentum"": 0.19195466812566855, ""num_layers"": 5, ""weight_decay"": 0.038778609993324706}","{""time"": 14.442673683166504, ""val_accuracy"": 96.36764526367188, ""val_cross_entropy"": 0.4451346695423126, ""val_balanced_accuracy"": 0.6525257229804993, ""test_cross_entropy"": 0.6168583631515503, ""test_balanced_accuracy"": 0.6566909551620483}"
2026-04-14T08:02:00.312949,tpe,lcbench,3945,1,137,7.901212215423584,"{""OpenML_task_id"": ""189862"", ""batch_size"": 220, ""epoch"": 2, ""learning_rate"": 0.05267585116421747, ""max_dropout"": 0.10755737903790792, ""max_units"": 80, ""momentum"": 0.12312453421042464, ""num_layers"": 5, ""weight_decay"": 0.041612775150191204}","{""time"": 7.901212215423584, ""val_accuracy"": 89.54125213623047, ""val_cross_entropy"": 0.4411476254463196, ""val_balanced_accuracy"": 0.6129467487335205, ""test_cross_entropy"": 0.6287510991096497, ""test_balanced_accuracy"": 0.6088534593582153}"
2026-04-14T08:02:00.341254,tpe,lcbench,3945,1,138,4.267221927642822,"{""OpenML_task_id"": ""168868"", ""batch_size"": 197, ""epoch"": 1, ""learning_rate"": 0.06377931861314134, ""max_dropout"": 0.03055487841914155, ""max_units"": 123, ""momentum"": 0.15602495613457257, ""num_layers"": 5, ""weight_decay"": 0.029043822932096335}","{""time"": 4.267221927642822, ""val_accuracy"": 72.98504638671875, ""val_cross_entropy"": 0.4942585825920105, ""val_balanced_accuracy"": 0.6005836129188538, ""test_cross_entropy"": 0.6384021043777466, ""test_balanced_accuracy"": 0.5886663198471069}"
2026-04-14T08:02:00.363029,tpe,lcbench,3945,1,139,8.630520820617676,"{""OpenML_task_id"": ""168868"", ""batch_size"": 190, ""epoch"": 3, ""learning_rate"": 0.04720083676804038, ""max_dropout"": 0.034621801122031184, ""max_units"": 101, ""momentum"": 0.21796123175549115, ""num_layers"": 5, ""weight_decay"": 0.0258018468527813}","{""time"": 8.630520820617676, ""val_accuracy"": 95.00108337402344, ""val_cross_entropy"": 0.44800472259521484, ""val_balanced_accuracy"": 0.6784262657165527, ""test_cross_entropy"": 0.6163634657859802, ""test_balanced_accuracy"": 0.6787174344062805}"
2026-04-14T08:02:00.396453,tpe,lcbench,3945,1,140,29.145973205566406,"{""OpenML_task_id"": ""168868"", ""batch_size"": 198, ""epoch"": 23, ""learning_rate"": 0.06393172064265669, ""max_dropout"": 0.058696126300936804, ""max_units"": 64, ""momentum"": 0.15666254383276557, ""num_layers"": 5, ""weight_decay"": 0.028556830532582428}","{""time"": 29.145973205566406, ""val_accuracy"": 98.12149047851562, ""val_cross_entropy"": 0.3696027398109436, ""val_balanced_accuracy"": 0.6538750529289246, ""test_cross_entropy"": 0.5857451558113098, ""test_balanced_accuracy"": 0.6551446318626404}"
2026-04-14T08:02:00.423600,tpe,lcbench,3945,1,141,4.395513534545898,"{""OpenML_task_id"": ""167152"", ""batch_size"": 218, ""epoch"": 1, ""learning_rate"": 0.0618457954290925, ""max_dropout"": 0.017207843292555324, ""max_units"": 124, ""momentum"": 0.1328075098240274, ""num_layers"": 5, ""weight_decay"": 0.03062650317942188}","{""time"": 4.395513534545898, ""val_accuracy"": 72.17108154296875, ""val_cross_entropy"": 0.49500975012779236, ""val_balanced_accuracy"": 0.6010924577713013, ""test_cross_entropy"": 0.639572024345398, ""test_balanced_accuracy"": 0.589172899723053}"
2026-04-14T08:02:00.455481,tpe,lcbench,3945,1,142,4.765048027038574,"{""OpenML_task_id"": ""167152"", ""batch_size"": 216, ""epoch"": 1, ""learning_rate"": 0.0577577725576233, ""max_dropout"": 0.0032769285756474795, ""max_units"": 163, ""momentum"": 0.11991858435342871, ""num_layers"": 5, ""weight_decay"": 0.03020677902748171}","{""time"": 4.765048027038574, ""val_accuracy"": 71.19419860839844, ""val_cross_entropy"": 0.5023128390312195, ""val_balanced_accuracy"": 0.5983665585517883, ""test_cross_entropy"": 0.641398012638092, ""test_balanced_accuracy"": 0.5868255496025085}"
2026-04-14T08:02:00.479929,tpe,lcbench,3945,1,143,7.968146800994873,"{""OpenML_task_id"": ""167152"", ""batch_size"": 230, ""epoch"": 2, ""learning_rate"": 0.05810790199994388, ""max_dropout"": 0.000543380387638924, ""max_units"": 158, ""momentum"": 0.17938162186926318, ""num_layers"": 5, ""weight_decay"": 0.021117725865877686}","{""time"": 7.968146800994873, ""val_accuracy"": 89.69441223144531, ""val_cross_entropy"": 0.4843577742576599, ""val_balanced_accuracy"": 0.655349612236023, ""test_cross_entropy"": 0.6267445087432861, ""test_balanced_accuracy"": 0.6527697443962097}"
2026-04-14T08:02:00.508562,tpe,lcbench,3945,1,144,4.818037986755371,"{""OpenML_task_id"": ""167152"", ""batch_size"": 212, ""epoch"": 1, ""learning_rate"": 0.06093999811762635, ""max_dropout"": 0.6632737143847005, ""max_units"": 108, ""momentum"": 0.15865495345349218, ""num_layers"": 5, ""weight_decay"": 0.03160797940393814}","{""time"": 4.818037986755371, ""val_accuracy"": 70.61026000976562, ""val_cross_entropy"": 0.46958720684051514, ""val_balanced_accuracy"": 0.5993271470069885, ""test_cross_entropy"": 0.6366785764694214, ""test_balanced_accuracy"": 0.5886629223823547}"
2026-04-14T08:02:00.538796,tpe,lcbench,3945,1,145,22.78021240234375,"{""OpenML_task_id"": ""167152"", ""batch_size"": 205, ""epoch"": 3, ""learning_rate"": 0.06022377967694137, ""max_dropout"": 0.5895973370120491, ""max_units"": 95, ""momentum"": 0.1340497325903504, ""num_layers"": 2, ""weight_decay"": 0.029033032810480305}","{""time"": 22.78021240234375, ""val_accuracy"": 77.331298828125, ""val_cross_entropy"": 0.451852023601532, ""val_balanced_accuracy"": 0.7385585904121399, ""test_cross_entropy"": 0.5631517767906189, ""test_balanced_accuracy"": 0.7296242117881775}"
2026-04-14T08:02:00.562549,tpe,lcbench,3945,1,146,12.859950065612793,"{""OpenML_task_id"": ""189906"", ""batch_size"": 217, ""epoch"": 4, ""learning_rate"": 0.055995985106104734, ""max_dropout"": 0.5449219215692556, ""max_units"": 122, ""momentum"": 0.2024515240185058, ""num_layers"": 5, ""weight_decay"": 0.03138689433842324}","{""time"": 12.859950065612793, ""val_accuracy"": 95.40310668945312, ""val_cross_entropy"": 0.4361278712749481, ""val_balanced_accuracy"": 0.6464433073997498, ""test_cross_entropy"": 0.6247303485870361, ""test_balanced_accuracy"": 0.6490006446838379}"
2026-04-14T08:02:00.591942,tpe,lcbench,3945,1,147,8.920570373535156,"{""OpenML_task_id"": ""167152"", ""batch_size"": 170, ""epoch"": 2, ""learning_rate"": 0.06251394916271584, ""max_dropout"": 0.7266430151198792, ""max_units"": 191, ""momentum"": 0.1510770780780442, ""num_layers"": 5, ""weight_decay"": 0.024329054161041322}","{""time"": 8.920570373535156, ""val_accuracy"": 89.26705169677734, ""val_cross_entropy"": 0.4401529133319855, ""val_balanced_accuracy"": 0.6188722252845764, ""test_cross_entropy"": 0.6228601336479187, ""test_balanced_accuracy"": 0.6157214641571045}"
2026-04-14T08:02:00.622447,tpe,lcbench,3945,1,148,3.8488807678222656,"{""OpenML_task_id"": ""167152"", ""batch_size"": 198, ""epoch"": 1, ""learning_rate"": 0.05367617086010383, ""max_dropout"": 0.025779245436376767, ""max_units"": 86, ""momentum"": 0.12132267369029, ""num_layers"": 5, ""weight_decay"": 0.03130624081586143}","{""time"": 3.8488807678222656, ""val_accuracy"": 74.04154968261719, ""val_cross_entropy"": 0.4864889979362488, ""val_balanced_accuracy"": 0.6052871346473694, ""test_cross_entropy"": 0.6371673941612244, ""test_balanced_accuracy"": 0.5929201245307922}"
2026-04-14T08:02:00.649362,tpe,lcbench,3945,1,149,11.436195373535156,"{""OpenML_task_id"": ""167152"", ""batch_size"": 185, ""epoch"": 5, ""learning_rate"": 0.054068782976819746, ""max_dropout"": 0.02692036976348238, ""max_units"": 90, ""momentum"": 0.1293711345620603, ""num_layers"": 5, ""weight_decay"": 0.03149275328124525}","{""time"": 11.436195373535156, ""val_accuracy"": 96.8145980834961, ""val_cross_entropy"": 0.4294012486934662, ""val_balanced_accuracy"": 0.6673542857170105, ""test_cross_entropy"": 0.61250239610672, ""test_balanced_accuracy"": 0.6703318357467651}"
2026-04-14T08:02:00.690586,tpe,lcbench,3945,1,150,9.186914443969727,"{""OpenML_task_id"": ""167152"", ""batch_size"": 194, ""epoch"": 3, ""learning_rate"": 0.049216810094402416, ""max_dropout"": 0.012429586107137368, ""max_units"": 78, ""momentum"": 0.11733201752712498, ""num_layers"": 5, ""weight_decay"": 0.03858245758212222}","{""time"": 9.186914443969727, ""val_accuracy"": 94.724609375, ""val_cross_entropy"": 0.4387153387069702, ""val_balanced_accuracy"": 0.6455438733100891, ""test_cross_entropy"": 0.6238760948181152, ""test_balanced_accuracy"": 0.6449518799781799}"
2026-04-14T08:02:00.724690,tpe,lcbench,3945,1,151,4.942145824432373,"{""OpenML_task_id"": ""7593"", ""batch_size"": 217, ""epoch"": 1, ""learning_rate"": 0.05238936946250648, ""max_dropout"": 0.6404010731171242, ""max_units"": 109, ""momentum"": 0.10094288931798039, ""num_layers"": 5, ""weight_decay"": 0.027297397720112374}","{""time"": 4.942145824432373, ""val_accuracy"": 70.21514892578125, ""val_cross_entropy"": 0.47410961985588074, ""val_balanced_accuracy"": 0.5973687767982483, ""test_cross_entropy"": 0.6399890184402466, ""test_balanced_accuracy"": 0.5865983963012695}"
2026-04-14T08:02:00.757912,tpe,lcbench,3945,1,152,4.109646797180176,"{""OpenML_task_id"": ""7593"", ""batch_size"": 212, ""epoch"": 1, ""learning_rate"": 0.05176581325105784, ""max_dropout"": 0.0012082674106973154, ""max_units"": 108, ""momentum"": 0.10489720907033366, ""num_layers"": 5, ""weight_decay"": 0.030231378182716807}","{""time"": 4.109646797180176, ""val_accuracy"": 72.83666229248047, ""val_cross_entropy"": 0.4915817081928253, ""val_balanced_accuracy"": 0.6041556596755981, ""test_cross_entropy"": 0.6389451026916504, ""test_balanced_accuracy"": 0.5919257998466492}"
2026-04-14T08:02:00.790115,tpe,lcbench,3945,1,153,48.826133728027344,"{""OpenML_task_id"": ""126025"", ""batch_size"": 204, ""epoch"": 33, ""learning_rate"": 0.05783735696383989, ""max_dropout"": 0.0002535736516174475, ""max_units"": 107, ""momentum"": 0.14635926357152718, ""num_layers"": 5, ""weight_decay"": 0.035724262451197274}","{""time"": 48.826133728027344, ""val_accuracy"": 98.18252563476562, ""val_cross_entropy"": 0.4057430624961853, ""val_balanced_accuracy"": 0.6056497693061829, ""test_cross_entropy"": 0.6061398386955261, ""test_balanced_accuracy"": 0.6086943745613098}"
2026-04-14T08:02:00.812771,tpe,lcbench,3945,1,154,9.514615058898926,"{""OpenML_task_id"": ""7593"", ""batch_size"": 211, ""epoch"": 2, ""learning_rate"": 0.05633399740029336, ""max_dropout"": 0.6994099643390935, ""max_units"": 159, ""momentum"": 0.12144867192341288, ""num_layers"": 5, ""weight_decay"": 0.030739987025295068}","{""time"": 9.514615058898926, ""val_accuracy"": 87.9776840209961, ""val_cross_entropy"": 0.4388735890388489, ""val_balanced_accuracy"": 0.6059525012969971, ""test_cross_entropy"": 0.6305761337280273, ""test_balanced_accuracy"": 0.602385938167572}"
2026-04-14T08:02:00.849290,tpe,lcbench,3945,1,155,4.104068756103516,"{""OpenML_task_id"": ""189866"", ""batch_size"": 225, ""epoch"": 1, ""learning_rate"": 0.06424996129891415, ""max_dropout"": 0.025918156564150772, ""max_units"": 85, ""momentum"": 0.13964768734230143, ""num_layers"": 5, ""weight_decay"": 0.030482846588365628}","{""time"": 4.104068756103516, ""val_accuracy"": 72.83985900878906, ""val_cross_entropy"": 0.48896855115890503, ""val_balanced_accuracy"": 0.6035394668579102, ""test_cross_entropy"": 0.6384578347206116, ""test_balanced_accuracy"": 0.5911303758621216}"
2026-04-14T08:02:00.873659,tpe,lcbench,3945,1,156,98.1248550415039,"{""OpenML_task_id"": ""189866"", ""batch_size"": 225, ""epoch"": 49, ""learning_rate"": 0.06359309690814574, ""max_dropout"": 0.8606881586423956, ""max_units"": 78, ""momentum"": 0.13971833155813893, ""num_layers"": 5, ""weight_decay"": 0.03145420423151736}","{""time"": 98.1248550415039, ""val_accuracy"": 97.9419937133789, ""val_cross_entropy"": 0.4472648799419403, ""val_balanced_accuracy"": 0.5897901654243469, ""test_cross_entropy"": 0.6094499230384827, ""test_balanced_accuracy"": 0.5940023064613342}"
2026-04-14T08:02:00.906020,tpe,lcbench,3945,1,157,6.569492816925049,"{""OpenML_task_id"": ""189866"", ""batch_size"": 196, ""epoch"": 2, ""learning_rate"": 0.060382403565628476, ""max_dropout"": 0.02432242779805939, ""max_units"": 95, ""momentum"": 0.16118974563068977, ""num_layers"": 5, ""weight_decay"": 0.02930720377183513}","{""time"": 6.569492816925049, ""val_accuracy"": 90.91143035888672, ""val_cross_entropy"": 0.4555996358394623, ""val_balanced_accuracy"": 0.635288417339325, ""test_cross_entropy"": 0.6260123252868652, ""test_balanced_accuracy"": 0.6317262649536133}"
2026-04-14T08:02:00.940346,tpe,lcbench,3945,1,158,52.736228942871094,"{""OpenML_task_id"": ""168330"", ""batch_size"": 232, ""epoch"": 39, ""learning_rate"": 0.05925328373513061, ""max_dropout"": 0.03961124896997269, ""max_units"": 64, ""momentum"": 0.102069499009837, ""num_layers"": 5, ""weight_decay"": 0.03574020703384395}","{""time"": 52.736228942871094, ""val_accuracy"": 98.24359130859375, ""val_cross_entropy"": 0.4182426631450653, ""val_balanced_accuracy"": 0.604691743850708, ""test_cross_entropy"": 0.6166367530822754, ""test_balanced_accuracy"": 0.6081385016441345}"
2026-04-14T08:02:00.962754,tpe,lcbench,3945,1,159,8.16058349609375,"{""OpenML_task_id"": ""167152"", ""batch_size"": 177, ""epoch"": 3, ""learning_rate"": 0.06487263252103095, ""max_dropout"": 0.022687770772307547, ""max_units"": 106, ""momentum"": 0.12155484777270455, ""num_layers"": 5, ""weight_decay"": 0.028103909760940404}","{""time"": 8.16058349609375, ""val_accuracy"": 95.34526062011719, ""val_cross_entropy"": 0.4353962242603302, ""val_balanced_accuracy"": 0.672644853591919, ""test_cross_entropy"": 0.612825870513916, ""test_balanced_accuracy"": 0.6735949516296387}"
2026-04-14T08:02:00.996018,tpe,lcbench,3945,1,160,5.622647285461426,"{""OpenML_task_id"": ""189909"", ""batch_size"": 209, ""epoch"": 1, ""learning_rate"": 0.04332907444362479, ""max_dropout"": 0.7671401074052135, ""max_units"": 154, ""momentum"": 0.19092023354648924, ""num_layers"": 5, ""weight_decay"": 0.03224514272278821}","{""time"": 5.622647285461426, ""val_accuracy"": 69.39022827148438, ""val_cross_entropy"": 0.46788549423217773, ""val_balanced_accuracy"": 0.5974314212799072, ""test_cross_entropy"": 0.635732114315033, ""test_balanced_accuracy"": 0.586455225944519}"
2026-04-14T08:02:01.023517,tpe,lcbench,3945,1,161,4.571216583251953,"{""OpenML_task_id"": ""167152"", ""batch_size"": 220, ""epoch"": 1, ""learning_rate"": 0.06733614302027043, ""max_dropout"": 0.05559244327481587, ""max_units"": 125, ""momentum"": 0.1410099425816446, ""num_layers"": 5, ""weight_decay"": 0.03729483124248168}","{""time"": 4.571216583251953, ""val_accuracy"": 72.24737548828125, ""val_cross_entropy"": 0.49188485741615295, ""val_balanced_accuracy"": 0.600676417350769, ""test_cross_entropy"": 0.6384212970733643, ""test_balanced_accuracy"": 0.5890695452690125}"
2026-04-14T08:02:01.057777,tpe,lcbench,3945,1,162,4.558666229248047,"{""OpenML_task_id"": ""167152"", ""batch_size"": 222, ""epoch"": 1, ""learning_rate"": 0.06765295597495044, ""max_dropout"": 0.05576144330097842, ""max_units"": 121, ""momentum"": 0.1402718716864141, ""num_layers"": 5, ""weight_decay"": 0.037812845100701875}","{""time"": 4.558666229248047, ""val_accuracy"": 72.28280639648438, ""val_cross_entropy"": 0.4911634922027588, ""val_balanced_accuracy"": 0.6009594798088074, ""test_cross_entropy"": 0.6382945775985718, ""test_balanced_accuracy"": 0.5893043875694275}"
2026-04-14T08:02:01.091179,tpe,lcbench,3945,1,163,8.155006408691406,"{""OpenML_task_id"": ""167200"", ""batch_size"": 227, ""epoch"": 2, ""learning_rate"": 0.06834600629994865, ""max_dropout"": 0.05439676334946487, ""max_units"": 127, ""momentum"": 0.1369412754185667, ""num_layers"": 5, ""weight_decay"": 0.03700943944789336}","{""time"": 8.155006408691406, ""val_accuracy"": 89.49242401123047, ""val_cross_entropy"": 0.462988018989563, ""val_balanced_accuracy"": 0.6227049827575684, ""test_cross_entropy"": 0.6301491856575012, ""test_balanced_accuracy"": 0.6191956996917725}"
2026-04-14T08:02:01.125160,tpe,lcbench,3945,1,164,10.685970306396484,"{""OpenML_task_id"": ""167152"", ""batch_size"": 199, ""epoch"": 4, ""learning_rate"": 0.0665027664459156, ""max_dropout"": 0.03748282334911615, ""max_units"": 84, ""momentum"": 0.11870795612269341, ""num_layers"": 5, ""weight_decay"": 0.03814087347957028}","{""time"": 10.685970306396484, ""val_accuracy"": 96.03992462158203, ""val_cross_entropy"": 0.4347735047340393, ""val_balanced_accuracy"": 0.6545600891113281, ""test_cross_entropy"": 0.6198225021362305, ""test_balanced_accuracy"": 0.6571031808853149}"
2026-04-14T08:02:01.156772,tpe,lcbench,3945,1,165,11.903343200683594,"{""OpenML_task_id"": ""126026"", ""batch_size"": 238, ""epoch"": 3, ""learning_rate"": 0.054238990418622346, ""max_dropout"": 0.06635384909113196, ""max_units"": 132, ""momentum"": 0.1425113517355357, ""num_layers"": 5, ""weight_decay"": 0.04143144136989206}","{""time"": 11.903343200683594, ""val_accuracy"": 93.41305541992188, ""val_cross_entropy"": 0.45866185426712036, ""val_balanced_accuracy"": 0.6444735527038574, ""test_cross_entropy"": 0.6285101771354675, ""test_balanced_accuracy"": 0.6443961262702942}"
2026-04-14T08:02:01.189900,tpe,lcbench,3945,1,166,16.478599548339844,"{""OpenML_task_id"": ""189873"", ""batch_size"": 220, ""epoch"": 1, ""learning_rate"": 0.06230119193403332, ""max_dropout"": 0.013951850260613767, ""max_units"": 780, ""momentum"": 0.17784316618920065, ""num_layers"": 5, ""weight_decay"": 0.034646625008553714}","{""time"": 16.478599548339844, ""val_accuracy"": 59.99019241333008, ""val_cross_entropy"": 0.5490075349807739, ""val_balanced_accuracy"": 0.5456603169441223, ""test_cross_entropy"": 0.6610917448997498, ""test_balanced_accuracy"": 0.5393144488334656}"
2026-04-14T08:02:01.212881,tpe,lcbench,3945,1,167,10.253684043884277,"{""OpenML_task_id"": ""167161"", ""batch_size"": 185, ""epoch"": 2, ""learning_rate"": 0.04903397378054948, ""max_dropout"": 0.992368705038971, ""max_units"": 178, ""momentum"": 0.16364125965230444, ""num_layers"": 5, ""weight_decay"": 0.02965232936585046}","{""time"": 10.253684043884277, ""val_accuracy"": 87.39498901367188, ""val_cross_entropy"": 0.40088769793510437, ""val_balanced_accuracy"": 0.6293438076972961, ""test_cross_entropy"": 0.6019517183303833, ""test_balanced_accuracy"": 0.6249383091926575}"
2026-04-14T08:02:01.248518,tpe,lcbench,3945,1,168,11.451534271240234,"{""OpenML_task_id"": ""146212"", ""batch_size"": 246, ""epoch"": 3, ""learning_rate"": 0.07365563485100518, ""max_dropout"": 0.057128292391793074, ""max_units"": 153, ""momentum"": 0.10022406936203221, ""num_layers"": 5, ""weight_decay"": 0.03320940896869101}","{""time"": 11.451534271240234, ""val_accuracy"": 93.75685119628906, ""val_cross_entropy"": 0.46433109045028687, ""val_balanced_accuracy"": 0.6623124480247498, ""test_cross_entropy"": 0.6243476867675781, ""test_balanced_accuracy"": 0.6637300848960876}"
2026-04-14T08:02:01.273681,tpe,lcbench,3945,1,169,4.677196502685547,"{""OpenML_task_id"": ""126029"", ""batch_size"": 371, ""epoch"": 1, ""learning_rate"": 0.06746164218137216, ""max_dropout"": 0.02978961376067578, ""max_units"": 120, ""momentum"": 0.12670925887058465, ""num_layers"": 5, ""weight_decay"": 0.022446293881801558}","{""time"": 4.677196502685547, ""val_accuracy"": 66.6661605834961, ""val_cross_entropy"": 0.5126133561134338, ""val_balanced_accuracy"": 0.60028475522995, ""test_cross_entropy"": 0.6495499014854431, ""test_balanced_accuracy"": 0.5888718366622925}"
2026-04-14T08:02:01.307296,tpe,lcbench,3945,1,170,15.607056617736816,"{""OpenML_task_id"": ""189908"", ""batch_size"": 382, ""epoch"": 5, ""learning_rate"": 0.06793966883173964, ""max_dropout"": 0.035897341140390795, ""max_units"": 116, ""momentum"": 0.1416754529385811, ""num_layers"": 5, ""weight_decay"": 0.01336063971680617}","{""time"": 15.607056617736816, ""val_accuracy"": 94.00825500488281, ""val_cross_entropy"": 0.4343069791793823, ""val_balanced_accuracy"": 0.7171666622161865, ""test_cross_entropy"": 0.6028029918670654, ""test_balanced_accuracy"": 0.716074526309967}"
2026-04-14T08:02:01.341944,tpe,lcbench,3945,1,171,4.260249614715576,"{""OpenML_task_id"": ""126029"", ""batch_size"": 437, ""epoch"": 1, ""learning_rate"": 0.06411600809826559, ""max_dropout"": 0.0009024941702817329, ""max_units"": 92, ""momentum"": 0.1217137689089567, ""num_layers"": 5, ""weight_decay"": 0.02294048781144056}","{""time"": 4.260249614715576, ""val_accuracy"": 65.99663543701172, ""val_cross_entropy"": 0.5024988055229187, ""val_balanced_accuracy"": 0.6032471656799316, ""test_cross_entropy"": 0.6514151096343994, ""test_balanced_accuracy"": 0.5916233062744141}"
2026-04-14T08:02:01.363988,tpe,lcbench,3945,1,172,3.939521551132202,"{""OpenML_task_id"": ""126029"", ""batch_size"": 200, ""epoch"": 1, ""learning_rate"": 0.06624286593831534, ""max_dropout"": 0.02543882650778533, ""max_units"": 88, ""momentum"": 0.13290616177100328, ""num_layers"": 5, ""weight_decay"": 0.01785727510576992}","{""time"": 3.939521551132202, ""val_accuracy"": 72.87696075439453, ""val_cross_entropy"": 0.4960825741291046, ""val_balanced_accuracy"": 0.6016132235527039, ""test_cross_entropy"": 0.6402469873428345, ""test_balanced_accuracy"": 0.5890133380889893}"
2026-04-14T08:02:01.398974,tpe,lcbench,3945,1,173,6.996201038360596,"{""OpenML_task_id"": ""126029"", ""batch_size"": 429, ""epoch"": 2, ""learning_rate"": 0.06678364552201702, ""max_dropout"": 0.022052044515763692, ""max_units"": 86, ""momentum"": 0.12829016544455085, ""num_layers"": 5, ""weight_decay"": 0.017293309265479527}","{""time"": 6.996201038360596, ""val_accuracy"": 84.82318878173828, ""val_cross_entropy"": 0.49224039912223816, ""val_balanced_accuracy"": 0.6454256772994995, ""test_cross_entropy"": 0.6433694362640381, ""test_balanced_accuracy"": 0.6426604986190796}"
2026-04-14T08:02:01.429729,tpe,lcbench,3945,1,174,4.336945533752441,"{""OpenML_task_id"": ""126029"", ""batch_size"": 503, ""epoch"": 1, ""learning_rate"": 0.0651090173157787, ""max_dropout"": 0.07290261535633354, ""max_units"": 95, ""momentum"": 0.14639640762875564, ""num_layers"": 5, ""weight_decay"": 0.01671486312113631}","{""time"": 4.336945533752441, ""val_accuracy"": 64.4605712890625, ""val_cross_entropy"": 0.5017661452293396, ""val_balanced_accuracy"": 0.6003144979476929, ""test_cross_entropy"": 0.6569457650184631, ""test_balanced_accuracy"": 0.5889863967895508}"
2026-04-14T08:02:01.456808,tpe,lcbench,3945,1,175,13.723127365112305,"{""OpenML_task_id"": ""126029"", ""batch_size"": 448, ""epoch"": 4, ""learning_rate"": 0.0646895973994389, ""max_dropout"": 0.07090722860897981, ""max_units"": 64, ""momentum"": 0.14837718884938217, ""num_layers"": 5, ""weight_decay"": 0.018694940939075824}","{""time"": 13.723127365112305, ""val_accuracy"": 92.83898162841797, ""val_cross_entropy"": 0.4810180962085724, ""val_balanced_accuracy"": 0.6788560152053833, ""test_cross_entropy"": 0.6389485597610474, ""test_balanced_accuracy"": 0.6807347536087036}"
2026-04-14T08:02:01.489957,tpe,lcbench,3945,1,176,7.506577014923096,"{""OpenML_task_id"": ""126029"", ""batch_size"": 201, ""epoch"": 3, ""learning_rate"": 0.0688733827071216, ""max_dropout"": 0.050539314840172433, ""max_units"": 95, ""momentum"": 0.1801136746326272, ""num_layers"": 5, ""weight_decay"": 0.012998594353828961}","{""time"": 7.506577014923096, ""val_accuracy"": 94.86600494384766, ""val_cross_entropy"": 0.42154327034950256, ""val_balanced_accuracy"": 0.7141758799552917, ""test_cross_entropy"": 0.592923641204834, ""test_balanced_accuracy"": 0.7120309472084045}"
2026-04-14T08:02:01.522127,tpe,lcbench,3945,1,177,7.1705098152160645,"{""OpenML_task_id"": ""126029"", ""batch_size"": 479, ""epoch"": 2, ""learning_rate"": 0.062072345524059866, ""max_dropout"": 0.0007039750548079524, ""max_units"": 86, ""momentum"": 0.10028825983724884, ""num_layers"": 5, ""weight_decay"": 0.017282094068740383}","{""time"": 7.1705098152160645, ""val_accuracy"": 82.5018539428711, ""val_cross_entropy"": 0.4848027229309082, ""val_balanced_accuracy"": 0.6394838094711304, ""test_cross_entropy"": 0.6471554040908813, ""test_balanced_accuracy"": 0.6369081139564514}"
2026-04-14T08:02:01.546168,tpe,lcbench,3945,1,178,4.5349602699279785,"{""OpenML_task_id"": ""126029"", ""batch_size"": 186, ""epoch"": 1, ""learning_rate"": 0.05076362376303312, ""max_dropout"": 0.07866902286350187, ""max_units"": 139, ""momentum"": 0.15913032500765564, ""num_layers"": 5, ""weight_decay"": 0.019422422936324304}","{""time"": 4.5349602699279785, ""val_accuracy"": 71.8532485961914, ""val_cross_entropy"": 0.5006974339485168, ""val_balanced_accuracy"": 0.5975168943405151, ""test_cross_entropy"": 0.6415151357650757, ""test_balanced_accuracy"": 0.585382342338562}"
2026-04-14T08:02:01.587946,tpe,lcbench,3945,1,179,8.454816818237305,"{""OpenML_task_id"": ""126029"", ""batch_size"": 512, ""epoch"": 2, ""learning_rate"": 0.05030517217041898, ""max_dropout"": 0.07360076236648648, ""max_units"": 144, ""momentum"": 0.1982139879482104, ""num_layers"": 5, ""weight_decay"": 0.0133081022686442}","{""time"": 8.454816818237305, ""val_accuracy"": 78.4513168334961, ""val_cross_entropy"": 0.5037021040916443, ""val_balanced_accuracy"": 0.6307642459869385, ""test_cross_entropy"": 0.653809130191803, ""test_balanced_accuracy"": 0.6285964250564575}"
2026-04-14T08:02:01.612795,tpe,lcbench,3945,1,180,15.0325345993042,"{""OpenML_task_id"": ""126029"", ""batch_size"": 510, ""epoch"": 4, ""learning_rate"": 0.05167984310358894, ""max_dropout"": 0.08716260657399884, ""max_units"": 98, ""momentum"": 0.13429798310738317, ""num_layers"": 5, ""weight_decay"": 0.009909094167443122}","{""time"": 15.0325345993042, ""val_accuracy"": 89.57131958007812, ""val_cross_entropy"": 0.4912004768848419, ""val_balanced_accuracy"": 0.6831006407737732, ""test_cross_entropy"": 0.6423879861831665, ""test_balanced_accuracy"": 0.6853649616241455}"
2026-04-14T08:02:01.649425,tpe,lcbench,3945,1,181,4.456870079040527,"{""OpenML_task_id"": ""168868"", ""batch_size"": 192, ""epoch"": 1, ""learning_rate"": 0.045407688396195516, ""max_dropout"": 0.05152451648205225, ""max_units"": 131, ""momentum"": 0.16006485796390676, ""num_layers"": 5, ""weight_decay"": 0.019921623077981412}","{""time"": 4.456870079040527, ""val_accuracy"": 71.8777847290039, ""val_cross_entropy"": 0.501255452632904, ""val_balanced_accuracy"": 0.5991511344909668, ""test_cross_entropy"": 0.6413648128509521, ""test_balanced_accuracy"": 0.5867158770561218}"
2026-04-14T08:02:01.680005,tpe,lcbench,3945,1,182,4.494520664215088,"{""OpenML_task_id"": ""168868"", ""batch_size"": 171, ""epoch"": 1, ""learning_rate"": 0.04524661077161708, ""max_dropout"": 0.06330238155752126, ""max_units"": 137, ""momentum"": 0.16192710139701252, ""num_layers"": 5, ""weight_decay"": 0.015475326111205348}","{""time"": 4.494520664215088, ""val_accuracy"": 71.93881225585938, ""val_cross_entropy"": 0.5049002766609192, ""val_balanced_accuracy"": 0.5953657031059265, ""test_cross_entropy"": 0.6419291496276855, ""test_balanced_accuracy"": 0.5828521847724915}"
2026-04-14T08:02:01.706857,tpe,lcbench,3945,1,183,4.39830207824707,"{""OpenML_task_id"": ""168868"", ""batch_size"": 167, ""epoch"": 1, ""learning_rate"": 0.04631817867673532, ""max_dropout"": 0.022124665009862272, ""max_units"": 139, ""momentum"": 0.16641947956790443, ""num_layers"": 5, ""weight_decay"": 0.018689827973478693}","{""time"": 4.39830207824707, ""val_accuracy"": 72.55117797851562, ""val_cross_entropy"": 0.504086434841156, ""val_balanced_accuracy"": 0.5961269736289978, ""test_cross_entropy"": 0.6407451629638672, ""test_balanced_accuracy"": 0.5835318565368652}"
2026-04-14T08:02:01.740732,tpe,lcbench,3945,1,184,7.480082035064697,"{""OpenML_task_id"": ""168868"", ""batch_size"": 175, ""epoch"": 3, ""learning_rate"": 0.045830177281207675, ""max_dropout"": 0.017411148573788393, ""max_units"": 80, ""momentum"": 0.17114958137974048, ""num_layers"": 5, ""weight_decay"": 0.018621621351033013}","{""time"": 7.480082035064697, ""val_accuracy"": 95.25982666015625, ""val_cross_entropy"": 0.43770110607147217, ""val_balanced_accuracy"": 0.6900160908699036, ""test_cross_entropy"": 0.6076425909996033, ""test_balanced_accuracy"": 0.6895556449890137}"
2026-04-14T08:02:01.763338,tpe,lcbench,3945,1,185,7.068713188171387,"{""OpenML_task_id"": ""168868"", ""batch_size"": 165, ""epoch"": 2, ""learning_rate"": 0.042471857955926326, ""max_dropout"": 0.021891563112347752, ""max_units"": 147, ""momentum"": 0.16182472792612004, ""num_layers"": 5, ""weight_decay"": 0.014771466436154655}","{""time"": 7.068713188171387, ""val_accuracy"": 90.86012268066406, ""val_cross_entropy"": 0.4684455394744873, ""val_balanced_accuracy"": 0.6545775532722473, ""test_cross_entropy"": 0.622031033039093, ""test_balanced_accuracy"": 0.6519373059272766}"
2026-04-14T08:02:01.807660,tpe,lcbench,3945,1,186,4.735764026641846,"{""OpenML_task_id"": ""168868"", ""batch_size"": 189, ""epoch"": 1, ""learning_rate"": 0.04619569362640498, ""max_dropout"": 0.07791585670269989, ""max_units"": 134, ""momentum"": 0.1876165040571216, ""num_layers"": 5, ""weight_decay"": 0.010383850592086071}","{""time"": 4.735764026641846, ""val_accuracy"": 70.59961700439453, ""val_cross_entropy"": 0.511665940284729, ""val_balanced_accuracy"": 0.5946348309516907, ""test_cross_entropy"": 0.6438274383544922, ""test_balanced_accuracy"": 0.5819779634475708}"
2026-04-14T08:02:01.840861,tpe,lcbench,3945,1,187,6.573676586151123,"{""OpenML_task_id"": ""168868"", ""batch_size"": 183, ""epoch"": 2, ""learning_rate"": 0.046647640887380486, ""max_dropout"": 0.001031636878076539, ""max_units"": 103, ""momentum"": 0.11659232456866767, ""num_layers"": 5, ""weight_decay"": 0.021835066483481127}","{""time"": 6.573676586151123, ""val_accuracy"": 90.68006896972656, ""val_cross_entropy"": 0.4618515074253082, ""val_balanced_accuracy"": 0.6417136788368225, ""test_cross_entropy"": 0.625744104385376, ""test_balanced_accuracy"": 0.6380972862243652}"
2026-04-14T08:02:01.872059,tpe,lcbench,3945,1,188,8.262380599975586,"{""OpenML_task_id"": ""168868"", ""batch_size"": 161, ""epoch"": 3, ""learning_rate"": 0.04888367379466525, ""max_dropout"": 0.03453819967661018, ""max_units"": 142, ""momentum"": 0.208660143985807, ""num_layers"": 5, ""weight_decay"": 0.019257465411502205}","{""time"": 8.262380599975586, ""val_accuracy"": 95.28926849365234, ""val_cross_entropy"": 0.43592336773872375, ""val_balanced_accuracy"": 0.693073570728302, ""test_cross_entropy"": 0.601402223110199, ""test_balanced_accuracy"": 0.693006157875061}"
2026-04-14T08:02:01.907646,tpe,lcbench,3945,1,189,4.9086785316467285,"{""OpenML_task_id"": ""167181"", ""batch_size"": 188, ""epoch"": 1, ""learning_rate"": 0.04459378994542914, ""max_dropout"": 0.042278081012852395, ""max_units"": 170, ""momentum"": 0.15943955315458588, ""num_layers"": 5, ""weight_decay"": 0.01583229404476913}","{""time"": 4.9086785316467285, ""val_accuracy"": 70.56542205810547, ""val_cross_entropy"": 0.5115724205970764, ""val_balanced_accuracy"": 0.5937655568122864, ""test_cross_entropy"": 0.6436492204666138, ""test_balanced_accuracy"": 0.5817038416862488}"
2026-04-14T08:02:01.929673,tpe,lcbench,3945,1,190,4.518226623535156,"{""OpenML_task_id"": ""167104"", ""batch_size"": 172, ""epoch"": 1, ""learning_rate"": 0.0526874437249188, ""max_dropout"": 0.06547537448745272, ""max_units"": 78, ""momentum"": 0.6391000074111881, ""num_layers"": 5, ""weight_decay"": 0.023265498838066556}","{""time"": 4.518226623535156, ""val_accuracy"": 74.6826400756836, ""val_cross_entropy"": 0.5187665820121765, ""val_balanced_accuracy"": 0.5912532806396484, ""test_cross_entropy"": 0.6410090923309326, ""test_balanced_accuracy"": 0.5754753351211548}"
2026-04-14T08:02:01.962698,tpe,lcbench,3945,1,191,4.328578948974609,"{""OpenML_task_id"": ""7593"", ""batch_size"": 169, ""epoch"": 1, ""learning_rate"": 0.05303338920652237, ""max_dropout"": 0.06855385577293814, ""max_units"": 80, ""momentum"": 0.5443001257768574, ""num_layers"": 5, ""weight_decay"": 0.01989315596980628}","{""time"": 4.328578948974609, ""val_accuracy"": 74.37786102294922, ""val_cross_entropy"": 0.5131826400756836, ""val_balanced_accuracy"": 0.5953088998794556, ""test_cross_entropy"": 0.6396259069442749, ""test_balanced_accuracy"": 0.5798063278198242}"
2026-04-14T08:02:01.996328,tpe,lcbench,3945,1,192,8.143850326538086,"{""OpenML_task_id"": ""167104"", ""batch_size"": 166, ""epoch"": 3, ""learning_rate"": 0.05379614916937316, ""max_dropout"": 0.020225648906747166, ""max_units"": 64, ""momentum"": 0.5597992514325395, ""num_layers"": 5, ""weight_decay"": 0.022469952588149496}","{""time"": 8.143850326538086, ""val_accuracy"": 95.87045288085938, ""val_cross_entropy"": 0.405426561832428, ""val_balanced_accuracy"": 0.7004799842834473, ""test_cross_entropy"": 0.5922135710716248, ""test_balanced_accuracy"": 0.6976373195648193}"
2026-04-14T08:02:02.023645,tpe,lcbench,3945,1,193,7.272305965423584,"{""OpenML_task_id"": ""7593"", ""batch_size"": 172, ""epoch"": 2, ""learning_rate"": 0.04090009223046227, ""max_dropout"": 0.05777932584665479, ""max_units"": 84, ""momentum"": 0.613415031217163, ""num_layers"": 5, ""weight_decay"": 0.024261386342206273}","{""time"": 7.272305965423584, ""val_accuracy"": 91.6136245727539, ""val_cross_entropy"": 0.4607170522212982, ""val_balanced_accuracy"": 0.6488323211669922, ""test_cross_entropy"": 0.6198984384536743, ""test_balanced_accuracy"": 0.6440606117248535}"
2026-04-14T08:02:02.057346,tpe,lcbench,3945,1,194,13.628302574157715,"{""OpenML_task_id"": ""7593"", ""batch_size"": 152, ""epoch"": 1, ""learning_rate"": 0.056415820195538, ""max_dropout"": 0.09618207789328538, ""max_units"": 489, ""momentum"": 0.6026811933741054, ""num_layers"": 5, ""weight_decay"": 0.015257867993093473}","{""time"": 13.628302574157715, ""val_accuracy"": 65.30829620361328, ""val_cross_entropy"": 0.5751010775566101, ""val_balanced_accuracy"": 0.5424320697784424, ""test_cross_entropy"": 0.6583640575408936, ""test_balanced_accuracy"": 0.5313047170639038}"
2026-04-14T08:02:02.091536,tpe,lcbench,3945,1,195,8.2066011428833,"{""OpenML_task_id"": ""167104"", ""batch_size"": 206, ""epoch"": 2, ""learning_rate"": 0.05378948239345687, ""max_dropout"": 0.00024732659632850933, ""max_units"": 92, ""momentum"": 0.7291925915180636, ""num_layers"": 5, ""weight_decay"": 0.02071747453180805}","{""time"": 8.2066011428833, ""val_accuracy"": 91.31495666503906, ""val_cross_entropy"": 0.44713127613067627, ""val_balanced_accuracy"": 0.6673160791397095, ""test_cross_entropy"": 0.6081247329711914, ""test_balanced_accuracy"": 0.6606180667877197}"
2026-04-14T08:02:02.124583,tpe,lcbench,3945,1,196,12.444397926330566,"{""OpenML_task_id"": ""189866"", ""batch_size"": 196, ""epoch"": 4, ""learning_rate"": 0.048421040389891194, ""max_dropout"": 0.035613460477411596, ""max_units"": 101, ""momentum"": 0.7792634827128528, ""num_layers"": 5, ""weight_decay"": 0.016317473196448558}","{""time"": 12.444397926330566, ""val_accuracy"": 96.19355773925781, ""val_cross_entropy"": 0.3658808171749115, ""val_balanced_accuracy"": 0.7408527135848999, ""test_cross_entropy"": 0.5586315989494324, ""test_balanced_accuracy"": 0.7350718975067139}"
2026-04-14T08:02:02.156823,tpe,lcbench,3945,1,197,5.057887077331543,"{""OpenML_task_id"": ""7593"", ""batch_size"": 176, ""epoch"": 1, ""learning_rate"": 0.052511333063388226, ""max_dropout"": 0.0639427585124593, ""max_units"": 110, ""momentum"": 0.6591328332826003, ""num_layers"": 5, ""weight_decay"": 0.02544947811604096}","{""time"": 5.057887077331543, ""val_accuracy"": 74.1506576538086, ""val_cross_entropy"": 0.5223056077957153, ""val_balanced_accuracy"": 0.588290274143219, ""test_cross_entropy"": 0.6413330435752869, ""test_balanced_accuracy"": 0.5729519128799438}"
2026-04-14T08:02:02.189797,tpe,lcbench,3945,1,198,8.599842071533203,"{""OpenML_task_id"": ""168868"", ""batch_size"": 197, ""epoch"": 3, ""learning_rate"": 0.058658776894204026, ""max_dropout"": 0.020424535436419963, ""max_units"": 79, ""momentum"": 0.5359098902237037, ""num_layers"": 5, ""weight_decay"": 0.02353908487829564}","{""time"": 8.599842071533203, ""val_accuracy"": 95.42567443847656, ""val_cross_entropy"": 0.41972240805625916, ""val_balanced_accuracy"": 0.6999818682670593, ""test_cross_entropy"": 0.5986166000366211, ""test_balanced_accuracy"": 0.6979500651359558}"
2026-04-14T08:02:02.223200,tpe,lcbench,3945,1,199,17.02523422241211,"{""OpenML_task_id"": ""34539"", ""batch_size"": 157, ""epoch"": 1, ""learning_rate"": 0.0552568612506486, ""max_dropout"": 0.044209200188945696, ""max_units"": 594, ""momentum"": 0.44692815861283336, ""num_layers"": 5, ""weight_decay"": 0.007256224605340542}","{""time"": 17.02523422241211, ""val_accuracy"": 60.944313049316406, ""val_cross_entropy"": 0.5786575675010681, ""val_balanced_accuracy"": 0.533607006072998, ""test_cross_entropy"": 0.6609530448913574, ""test_balanced_accuracy"": 0.524024248123169}"
2026-04-14T08:02:02.262025,tpe,lcbench,3945,1,200,9.358433723449707,"{""OpenML_task_id"": ""167104"", ""batch_size"": 461, ""epoch"": 2, ""learning_rate"": 0.06413412738640957, ""max_dropout"": 0.06992431920884273, ""max_units"": 65, ""momentum"": 0.8644769110380321, ""num_layers"": 5, ""weight_decay"": 0.020034243293148443}","{""time"": 9.358433723449707, ""val_accuracy"": 87.6009292602539, ""val_cross_entropy"": 0.5134251713752747, ""val_balanced_accuracy"": 0.6757155656814575, ""test_cross_entropy"": 0.638724684715271, ""test_balanced_accuracy"": 0.670883059501648}"
2026-04-14T08:02:02.290243,tpe,lcbench,3945,1,201,5.497145175933838,"{""OpenML_task_id"": ""126029"", ""batch_size"": 182, ""epoch"": 1, ""learning_rate"": 0.05034219620609028, ""max_dropout"": 0.08253459964245037, ""max_units"": 122, ""momentum"": 0.7389053621986704, ""num_layers"": 5, ""weight_decay"": 0.019421776679488124}","{""time"": 5.497145175933838, ""val_accuracy"": 73.4668960571289, ""val_cross_entropy"": 0.53181391954422, ""val_balanced_accuracy"": 0.5828232765197754, ""test_cross_entropy"": 0.6445108652114868, ""test_balanced_accuracy"": 0.5665015578269958}"
2026-04-14T08:02:02.324514,tpe,lcbench,3945,1,202,5.089959621429443,"{""OpenML_task_id"": ""167168"", ""batch_size"": 192, ""epoch"": 1, ""learning_rate"": 0.04482947893720582, ""max_dropout"": 0.0466381540350446, ""max_units"": 97, ""momentum"": 0.6790224915144584, ""num_layers"": 5, ""weight_decay"": 0.027624402969008904}","{""time"": 5.089959621429443, ""val_accuracy"": 74.09339904785156, ""val_cross_entropy"": 0.5198239684104919, ""val_balanced_accuracy"": 0.5901536345481873, ""test_cross_entropy"": 0.6399539709091187, ""test_balanced_accuracy"": 0.5745683312416077}"
2026-04-14T08:02:02.356900,tpe,lcbench,3945,1,203,74.23339080810547,"{""OpenML_task_id"": ""189873"", ""batch_size"": 205, ""epoch"": 18, ""learning_rate"": 0.051133924461539526, ""max_dropout"": 0.022125903574500803, ""max_units"": 141, ""momentum"": 0.11888061388349856, ""num_layers"": 2, ""weight_decay"": 0.01660457003274087}","{""time"": 74.23339080810547, ""val_accuracy"": 80.73316955566406, ""val_cross_entropy"": 0.4153808355331421, ""val_balanced_accuracy"": 0.73536217212677, ""test_cross_entropy"": 0.5221062898635864, ""test_balanced_accuracy"": 0.7192392349243164}"
2026-04-14T08:02:02.382338,tpe,lcbench,3945,1,204,6.710334300994873,"{""OpenML_task_id"": ""189354"", ""batch_size"": 184, ""epoch"": 2, ""learning_rate"": 0.04878892480796628, ""max_dropout"": 0.09800297895826887, ""max_units"": 108, ""momentum"": 0.15520932943908863, ""num_layers"": 5, ""weight_decay"": 0.02276236394754619}","{""time"": 6.710334300994873, ""val_accuracy"": 90.83967590332031, ""val_cross_entropy"": 0.4594685137271881, ""val_balanced_accuracy"": 0.6408061385154724, ""test_cross_entropy"": 0.6259329319000244, ""test_balanced_accuracy"": 0.6375486254692078}"
2026-04-14T08:02:02.406957,tpe,lcbench,3945,1,205,4.735764026641846,"{""OpenML_task_id"": ""168335"", ""batch_size"": 499, ""epoch"": 1, ""learning_rate"": 0.047114961447567286, ""max_dropout"": 0.06809874146081665, ""max_units"": 131, ""momentum"": 0.1695362180578204, ""num_layers"": 5, ""weight_decay"": 0.019927348991255013}","{""time"": 4.735764026641846, ""val_accuracy"": 63.032833099365234, ""val_cross_entropy"": 0.49945101141929626, ""val_balanced_accuracy"": 0.597602367401123, ""test_cross_entropy"": 0.6555218696594238, ""test_balanced_accuracy"": 0.5864574313163757}"
2026-04-14T08:02:02.449572,tpe,lcbench,3945,1,206,7.824516296386719,"{""OpenML_task_id"": ""168868"", ""batch_size"": 170, ""epoch"": 3, ""learning_rate"": 0.05206098658629617, ""max_dropout"": 0.03524989149312164, ""max_units"": 80, ""momentum"": 0.13590905998235664, ""num_layers"": 5, ""weight_decay"": 0.025592378923921973}","{""time"": 7.824516296386719, ""val_accuracy"": 95.50834655761719, ""val_cross_entropy"": 0.43459057807922363, ""val_balanced_accuracy"": 0.6746415495872498, ""test_cross_entropy"": 0.6136013269424438, ""test_balanced_accuracy"": 0.6750586032867432}"
2026-04-14T08:02:02.481516,tpe,lcbench,3945,1,207,9.207831382751465,"{""OpenML_task_id"": ""126029"", ""batch_size"": 401, ""epoch"": 2, ""learning_rate"": 0.056016176518519756, ""max_dropout"": 0.015900792689451625, ""max_units"": 118, ""momentum"": 0.5049815246195029, ""num_layers"": 5, ""weight_decay"": 0.027118797735226536}","{""time"": 9.207831382751465, ""val_accuracy"": 86.30665588378906, ""val_cross_entropy"": 0.5245087742805481, ""val_balanced_accuracy"": 0.6561989188194275, ""test_cross_entropy"": 0.6426109075546265, ""test_balanced_accuracy"": 0.6520305871963501}"
2026-04-14T08:02:02.507132,tpe,lcbench,3945,1,208,4.229571342468262,"{""OpenML_task_id"": ""126025"", ""batch_size"": 206, ""epoch"": 1, ""learning_rate"": 0.04028789898404983, ""max_dropout"": 0.059014677742033624, ""max_units"": 100, ""momentum"": 0.11820309142195896, ""num_layers"": 5, ""weight_decay"": 0.017163932405587407}","{""time"": 4.229571342468262, ""val_accuracy"": 71.68692016601562, ""val_cross_entropy"": 0.4986145496368408, ""val_balanced_accuracy"": 0.6021803021430969, ""test_cross_entropy"": 0.6417539119720459, ""test_balanced_accuracy"": 0.5895034074783325}"
2026-04-14T08:02:02.544915,tpe,lcbench,3945,1,209,10.821233749389648,"{""OpenML_task_id"": ""189862"", ""batch_size"": 210, ""epoch"": 4, ""learning_rate"": 0.04007359413045208, ""max_dropout"": 0.05625358337381097, ""max_units"": 97, ""momentum"": 0.11556795637771777, ""num_layers"": 5, ""weight_decay"": 0.015273051633194248}","{""time"": 10.821233749389648, ""val_accuracy"": 95.46318054199219, ""val_cross_entropy"": 0.4407818019390106, ""val_balanced_accuracy"": 0.6974138021469116, ""test_cross_entropy"": 0.6067380905151367, ""test_balanced_accuracy"": 0.697361946105957}"
2026-04-14T08:02:02.574942,tpe,lcbench,3945,1,210,37.528133392333984,"{""OpenML_task_id"": ""167185"", ""batch_size"": 201, ""epoch"": 29, ""learning_rate"": 0.04378682163073177, ""max_dropout"": 0.03545237868847545, ""max_units"": 76, ""momentum"": 0.4774114325142225, ""num_layers"": 5, ""weight_decay"": 0.0117280542230969}","{""time"": 37.528133392333984, ""val_accuracy"": 97.99767303466797, ""val_cross_entropy"": 0.27547967433929443, ""val_balanced_accuracy"": 0.7766957879066467, ""test_cross_entropy"": 0.4849410355091095, ""test_balanced_accuracy"": 0.7710087895393372}"
2026-04-14T08:02:02.607075,tpe,lcbench,3945,1,211,4.193315029144287,"{""OpenML_task_id"": ""167149"", ""batch_size"": 191, ""epoch"": 1, ""learning_rate"": 0.06523756984716299, ""max_dropout"": 0.07708621463743834, ""max_units"": 111, ""momentum"": 0.1527504206452776, ""num_layers"": 5, ""weight_decay"": 0.018853590457030087}","{""time"": 4.193315029144287, ""val_accuracy"": 72.55740356445312, ""val_cross_entropy"": 0.4956221878528595, ""val_balanced_accuracy"": 0.5996392965316772, ""test_cross_entropy"": 0.6403987407684326, ""test_balanced_accuracy"": 0.5874471068382263}"
2026-04-14T08:02:02.644917,tpe,lcbench,3945,1,212,4.2114434242248535,"{""OpenML_task_id"": ""167149"", ""batch_size"": 195, ""epoch"": 1, ""learning_rate"": 0.036867745351519, ""max_dropout"": 0.000767608294774038, ""max_units"": 110, ""momentum"": 0.1427875233315812, ""num_layers"": 5, ""weight_decay"": 0.018077154398124917}","{""time"": 4.2114434242248535, ""val_accuracy"": 72.14492797851562, ""val_cross_entropy"": 0.5024638772010803, ""val_balanced_accuracy"": 0.6014445424079895, ""test_cross_entropy"": 0.6410481333732605, ""test_balanced_accuracy"": 0.5884148478507996}"
2026-04-14T08:02:02.673318,tpe,lcbench,3945,1,213,7.421514511108398,"{""OpenML_task_id"": ""167149"", ""batch_size"": 212, ""epoch"": 2, ""learning_rate"": 0.03441596586620344, ""max_dropout"": 0.0015315288388467047, ""max_units"": 113, ""momentum"": 0.14062810679797658, ""num_layers"": 5, ""weight_decay"": 0.016935104693486136}","{""time"": 7.421514511108398, ""val_accuracy"": 88.35841369628906, ""val_cross_entropy"": 0.4838974177837372, ""val_balanced_accuracy"": 0.6402600407600403, ""test_cross_entropy"": 0.631219208240509, ""test_balanced_accuracy"": 0.6356556415557861}"
2026-04-14T08:02:02.706837,tpe,lcbench,3945,1,214,9.304049491882324,"{""OpenML_task_id"": ""167149"", ""batch_size"": 203, ""epoch"": 3, ""learning_rate"": 0.03848034382418908, ""max_dropout"": 0.019501162129316046, ""max_units"": 123, ""momentum"": 0.122391610188622, ""num_layers"": 5, ""weight_decay"": 0.017868925620154966}","{""time"": 9.304049491882324, ""val_accuracy"": 94.08683013916016, ""val_cross_entropy"": 0.4603707492351532, ""val_balanced_accuracy"": 0.6829573512077332, ""test_cross_entropy"": 0.6170584559440613, ""test_balanced_accuracy"": 0.6827684640884399}"
2026-04-14T08:02:02.744996,tpe,lcbench,3945,1,215,4.176581382751465,"{""OpenML_task_id"": ""167149"", ""batch_size"": 193, ""epoch"": 1, ""learning_rate"": 0.03581157233394072, ""max_dropout"": 0.044897384159292036, ""max_units"": 100, ""momentum"": 0.14690116910593237, ""num_layers"": 5, ""weight_decay"": 0.018157567600205014}","{""time"": 4.176581382751465, ""val_accuracy"": 72.40975189208984, ""val_cross_entropy"": 0.49840593338012695, ""val_balanced_accuracy"": 0.6022412180900574, ""test_cross_entropy"": 0.6406906247138977, ""test_balanced_accuracy"": 0.589225709438324}"
2026-04-14T08:02:02.773139,tpe,lcbench,3945,1,216,49.75764083862305,"{""OpenML_task_id"": ""126025"", ""batch_size"": 193, ""epoch"": 14, ""learning_rate"": 0.036478633792299264, ""max_dropout"": 0.03668041072050365, ""max_units"": 371, ""momentum"": 0.1339822284634291, ""num_layers"": 5, ""weight_decay"": 0.021043479735787372}","{""time"": 49.75764083862305, ""val_accuracy"": 96.62348175048828, ""val_cross_entropy"": 0.37138354778289795, ""val_balanced_accuracy"": 0.7356287240982056, ""test_cross_entropy"": 0.5455294251441956, ""test_balanced_accuracy"": 0.7326014637947083}"
2026-04-14T08:02:02.806015,tpe,lcbench,3945,1,217,7.262544631958008,"{""OpenML_task_id"": ""167149"", ""batch_size"": 195, ""epoch"": 2, ""learning_rate"": 0.03817642355030863, ""max_dropout"": 0.017193260055247846, ""max_units"": 98, ""momentum"": 0.11273769024665244, ""num_layers"": 5, ""weight_decay"": 0.029822595697658046}","{""time"": 7.262544631958008, ""val_accuracy"": 89.57473754882812, ""val_cross_entropy"": 0.457617849111557, ""val_balanced_accuracy"": 0.6200016736984253, ""test_cross_entropy"": 0.6290646195411682, ""test_balanced_accuracy"": 0.6152917742729187}"
2026-04-14T08:02:02.848409,tpe,lcbench,3945,1,218,4.197498321533203,"{""OpenML_task_id"": ""167149"", ""batch_size"": 206, ""epoch"": 1, ""learning_rate"": 0.06545028666180086, ""max_dropout"": 0.04815075050104545, ""max_units"": 103, ""momentum"": 0.15128209537348827, ""num_layers"": 5, ""weight_decay"": 0.018322772730565803}","{""time"": 4.197498321533203, ""val_accuracy"": 72.20109558105469, ""val_cross_entropy"": 0.49745234847068787, ""val_balanced_accuracy"": 0.6003076434135437, ""test_cross_entropy"": 0.6409121751785278, ""test_balanced_accuracy"": 0.5878809094429016}"
2026-04-14T08:02:02.881550,tpe,lcbench,3945,1,219,8.044842720031738,"{""OpenML_task_id"": ""167149"", ""batch_size"": 216, ""epoch"": 3, ""learning_rate"": 0.06553680268341044, ""max_dropout"": 0.0013960568695708196, ""max_units"": 98, ""momentum"": 0.14082860029083924, ""num_layers"": 5, ""weight_decay"": 0.018002172312900633}","{""time"": 8.044842720031738, ""val_accuracy"": 94.81318664550781, ""val_cross_entropy"": 0.4389115869998932, ""val_balanced_accuracy"": 0.6998350024223328, ""test_cross_entropy"": 0.6039379835128784, ""test_balanced_accuracy"": 0.6991198658943176}"
2026-04-14T08:02:02.913123,tpe,lcbench,3945,1,220,4.2212042808532715,"{""OpenML_task_id"": ""167149"", ""batch_size"": 227, ""epoch"": 1, ""learning_rate"": 0.034719483341940374, ""max_dropout"": 0.046024529901583185, ""max_units"": 89, ""momentum"": 0.10036465562273106, ""num_layers"": 5, ""weight_decay"": 0.021125687064949453}","{""time"": 4.2212042808532715, ""val_accuracy"": 71.26063537597656, ""val_cross_entropy"": 0.4949686527252197, ""val_balanced_accuracy"": 0.6044922471046448, ""test_cross_entropy"": 0.6416842937469482, ""test_balanced_accuracy"": 0.5914608240127563}"
2026-04-14T08:02:02.955365,tpe,lcbench,3945,1,221,4.289533615112305,"{""OpenML_task_id"": ""167149"", ""batch_size"": 345, ""epoch"": 1, ""learning_rate"": 0.03481918168690935, ""max_dropout"": 0.04510449347197275, ""max_units"": 91, ""momentum"": 0.10299915117717294, ""num_layers"": 5, ""weight_decay"": 0.02073870382378521}","{""time"": 4.289533615112305, ""val_accuracy"": 67.34003448486328, ""val_cross_entropy"": 0.49768561124801636, ""val_balanced_accuracy"": 0.6015765070915222, ""test_cross_entropy"": 0.6473756432533264, ""test_balanced_accuracy"": 0.589172899723053}"
2026-04-14T08:02:02.989672,tpe,lcbench,3945,1,222,7.276489734649658,"{""OpenML_task_id"": ""167149"", ""batch_size"": 226, ""epoch"": 2, ""learning_rate"": 0.032636072037328795, ""max_dropout"": 0.03176167589322458, ""max_units"": 90, ""momentum"": 0.1037540909437137, ""num_layers"": 5, ""weight_decay"": 0.01431035478034259}","{""time"": 7.276489734649658, ""val_accuracy"": 87.32401275634766, ""val_cross_entropy"": 0.4838501513004303, ""val_balanced_accuracy"": 0.6341975927352905, ""test_cross_entropy"": 0.6335402727127075, ""test_balanced_accuracy"": 0.6291446089744568}"
2026-04-14T08:02:03.023029,tpe,lcbench,3945,1,223,4.136141777038574,"{""OpenML_task_id"": ""167149"", ""batch_size"": 339, ""epoch"": 1, ""learning_rate"": 0.032843159322288096, ""max_dropout"": 0.0443668440802306, ""max_units"": 66, ""momentum"": 0.11643979373741704, ""num_layers"": 5, ""weight_decay"": 0.022012190506978488}","{""time"": 4.136141777038574, ""val_accuracy"": 68.2323989868164, ""val_cross_entropy"": 0.4936687648296356, ""val_balanced_accuracy"": 0.6038457751274109, ""test_cross_entropy"": 0.6462075710296631, ""test_balanced_accuracy"": 0.5908812284469604}"
2026-04-14T08:02:03.056577,tpe,lcbench,3945,1,224,11.441773414611816,"{""OpenML_task_id"": ""167149"", ""batch_size"": 337, ""epoch"": 3, ""learning_rate"": 0.036455754525831274, ""max_dropout"": 0.01882298389031351, ""max_units"": 73, ""momentum"": 0.11270269554441922, ""num_layers"": 5, ""weight_decay"": 0.021319291285580237}","{""time"": 11.441773414611816, ""val_accuracy"": 89.94007110595703, ""val_cross_entropy"": 0.49541667103767395, ""val_balanced_accuracy"": 0.6531283855438232, ""test_cross_entropy"": 0.6393682956695557, ""test_balanced_accuracy"": 0.651007890701294}"
2026-04-14T08:02:03.099022,tpe,lcbench,3945,1,225,4.264432907104492,"{""OpenML_task_id"": ""167149"", ""batch_size"": 417, ""epoch"": 1, ""learning_rate"": 0.03685722459510092, ""max_dropout"": 0.046290474519581445, ""max_units"": 67, ""momentum"": 0.10303263581166607, ""num_layers"": 5, ""weight_decay"": 0.023039537807257426}","{""time"": 4.264432907104492, ""val_accuracy"": 66.41309356689453, ""val_cross_entropy"": 0.49011534452438354, ""val_balanced_accuracy"": 0.6021814942359924, ""test_cross_entropy"": 0.6502931714057922, ""test_balanced_accuracy"": 0.5904779434204102}"
2026-04-14T08:02:03.127808,tpe,lcbench,3945,1,226,7.848222255706787,"{""OpenML_task_id"": ""167149"", ""batch_size"": 354, ""epoch"": 2, ""learning_rate"": 0.0342481610541413, ""max_dropout"": 0.04400464663991365, ""max_units"": 65, ""momentum"": 0.10318103335259628, ""num_layers"": 5, ""weight_decay"": 0.024192673590219732}","{""time"": 7.848222255706787, ""val_accuracy"": 81.76463317871094, ""val_cross_entropy"": 0.4856360852718353, ""val_balanced_accuracy"": 0.606192946434021, ""test_cross_entropy"": 0.64537513256073, ""test_balanced_accuracy"": 0.600564181804657}"
2026-04-14T08:02:03.158196,tpe,lcbench,3945,1,227,4.2184157371521,"{""OpenML_task_id"": ""167149"", ""batch_size"": 428, ""epoch"": 1, ""learning_rate"": 0.03181777551824633, ""max_dropout"": 0.00015136074326183718, ""max_units"": 86, ""momentum"": 0.13090883293124772, ""num_layers"": 5, ""weight_decay"": 0.021847538541679944}","{""time"": 4.2184157371521, ""val_accuracy"": 64.83616638183594, ""val_cross_entropy"": 0.493594765663147, ""val_balanced_accuracy"": 0.6008036136627197, ""test_cross_entropy"": 0.6503722071647644, ""test_balanced_accuracy"": 0.5889594554901123}"
2026-04-14T08:02:03.197995,tpe,lcbench,3945,1,228,8.520357131958008,"{""OpenML_task_id"": ""167149"", ""batch_size"": 425, ""epoch"": 2, ""learning_rate"": 0.03150297957620537, ""max_dropout"": 0.04155210163976667, ""max_units"": 87, ""momentum"": 0.10209689248233995, ""num_layers"": 5, ""weight_decay"": 0.022307561227435654}","{""time"": 8.520357131958008, ""val_accuracy"": 77.08698272705078, ""val_cross_entropy"": 0.48958203196525574, ""val_balanced_accuracy"": 0.5990049242973328, ""test_cross_entropy"": 0.6514376401901245, ""test_balanced_accuracy"": 0.5940917730331421}"
2026-04-14T08:02:03.229383,tpe,lcbench,3945,1,229,12.830665588378906,"{""OpenML_task_id"": ""167149"", ""batch_size"": 408, ""epoch"": 3, ""learning_rate"": 0.037371283244286624, ""max_dropout"": 0.051481286432132345, ""max_units"": 65, ""momentum"": 0.12138119755832447, ""num_layers"": 5, ""weight_decay"": 0.02547155941480635}","{""time"": 12.830665588378906, ""val_accuracy"": 88.36852264404297, ""val_cross_entropy"": 0.48113319277763367, ""val_balanced_accuracy"": 0.6412255167961121, ""test_cross_entropy"": 0.6435233354568481, ""test_balanced_accuracy"": 0.6396216750144958}"
2026-04-14T08:02:03.262935,tpe,lcbench,3945,1,230,4.25606632232666,"{""OpenML_task_id"": ""167149"", ""batch_size"": 436, ""epoch"": 1, ""learning_rate"": 0.03434328911036597, ""max_dropout"": 0.0023144744746191673, ""max_units"": 90, ""momentum"": 0.12355794331145459, ""num_layers"": 5, ""weight_decay"": 0.02166356047761622}","{""time"": 4.25606632232666, ""val_accuracy"": 64.54829406738281, ""val_cross_entropy"": 0.4945514500141144, ""val_balanced_accuracy"": 0.6004037857055664, ""test_cross_entropy"": 0.6509941220283508, ""test_balanced_accuracy"": 0.5887561440467834}"
2026-04-14T08:02:03.299401,tpe,lcbench,3945,1,231,4.270010948181152,"{""OpenML_task_id"": ""167149"", ""batch_size"": 438, ""epoch"": 1, ""learning_rate"": 0.03433627729329768, ""max_dropout"": 0.00603162921011402, ""max_units"": 89, ""momentum"": 0.12647234012244324, ""num_layers"": 5, ""weight_decay"": 0.021270741514966076}","{""time"": 4.270010948181152, ""val_accuracy"": 64.52392578125, ""val_cross_entropy"": 0.49494606256484985, ""val_balanced_accuracy"": 0.600161075592041, ""test_cross_entropy"": 0.6512911319732666, ""test_balanced_accuracy"": 0.5885024070739746}"
2026-04-14T08:02:03.330539,tpe,lcbench,3945,1,232,4.2184157371521,"{""OpenML_task_id"": ""167149"", ""batch_size"": 451, ""epoch"": 1, ""learning_rate"": 0.03495326296241823, ""max_dropout"": 0.0024615347229223865, ""max_units"": 84, ""momentum"": 0.12337788849133893, ""num_layers"": 5, ""weight_decay"": 0.021470251177306787}","{""time"": 4.2184157371521, ""val_accuracy"": 64.3235092163086, ""val_cross_entropy"": 0.4930717349052429, ""val_balanced_accuracy"": 0.6008196473121643, ""test_cross_entropy"": 0.6517030000686646, ""test_balanced_accuracy"": 0.589120090007782}"
2026-04-14T08:02:03.363292,tpe,lcbench,3945,1,233,4.1486921310424805,"{""OpenML_task_id"": ""167149"", ""batch_size"": 446, ""epoch"": 1, ""learning_rate"": 0.03433530229446417, ""max_dropout"": 0.002289717774934634, ""max_units"": 82, ""momentum"": 0.10099053565696245, ""num_layers"": 5, ""weight_decay"": 0.021450744469486634}","{""time"": 4.1486921310424805, ""val_accuracy"": 64.45860290527344, ""val_cross_entropy"": 0.4914337396621704, ""val_balanced_accuracy"": 0.6011956334114075, ""test_cross_entropy"": 0.651290774345398, ""test_balanced_accuracy"": 0.589529275894165}"
2026-04-14T08:02:03.406240,tpe,lcbench,3945,1,234,7.923523902893066,"{""OpenML_task_id"": ""167149"", ""batch_size"": 438, ""epoch"": 2, ""learning_rate"": 0.03401690054774244, ""max_dropout"": 0.0026538145152133073, ""max_units"": 65, ""momentum"": 0.11802766195422798, ""num_layers"": 5, ""weight_decay"": 0.021967780820708143}","{""time"": 7.923523902893066, ""val_accuracy"": 77.884765625, ""val_cross_entropy"": 0.4857213795185089, ""val_balanced_accuracy"": 0.602857232093811, ""test_cross_entropy"": 0.6505870223045349, ""test_balanced_accuracy"": 0.5978691577911377}"
2026-04-14T08:02:03.439577,tpe,lcbench,3945,1,235,4.25885534286499,"{""OpenML_task_id"": ""167149"", ""batch_size"": 446, ""epoch"": 1, ""learning_rate"": 0.034815246867450536, ""max_dropout"": 0.0006371660519861773, ""max_units"": 88, ""momentum"": 0.12724725563243078, ""num_layers"": 5, ""weight_decay"": 0.023723807993066174}","{""time"": 4.25885534286499, ""val_accuracy"": 64.50768280029297, ""val_cross_entropy"": 0.49141421914100647, ""val_balanced_accuracy"": 0.601464033126831, ""test_cross_entropy"": 0.6508516073226929, ""test_balanced_accuracy"": 0.5898441672325134}"
2026-04-14T08:02:03.473051,tpe,lcbench,3945,1,236,8.65283203125,"{""OpenML_task_id"": ""167149"", ""batch_size"": 448, ""epoch"": 2, ""learning_rate"": 0.02975311035083608, ""max_dropout"": 0.0030767084911084877, ""max_units"": 104, ""momentum"": 0.1277864695200084, ""num_layers"": 5, ""weight_decay"": 0.023948635304478834}","{""time"": 8.65283203125, ""val_accuracy"": 75.48662567138672, ""val_cross_entropy"": 0.49110081791877747, ""val_balanced_accuracy"": 0.6001302003860474, ""test_cross_entropy"": 0.6519788503646851, ""test_balanced_accuracy"": 0.5954622030258179}"
2026-04-14T08:02:03.506384,tpe,lcbench,3945,1,237,4.288139343261719,"{""OpenML_task_id"": ""167149"", ""batch_size"": 458, ""epoch"": 1, ""learning_rate"": 0.03266875975253008, ""max_dropout"": 0.01641747544510298, ""max_units"": 83, ""momentum"": 0.125006069430572, ""num_layers"": 5, ""weight_decay"": 0.02340841155991801}","{""time"": 4.288139343261719, ""val_accuracy"": 64.28021240234375, ""val_cross_entropy"": 0.48884114623069763, ""val_balanced_accuracy"": 0.6012323498725891, ""test_cross_entropy"": 0.6516963839530945, ""test_balanced_accuracy"": 0.5895787477493286}"
2026-04-14T08:02:03.546459,tpe,lcbench,3945,1,238,13.41773796081543,"{""OpenML_task_id"": ""167149"", ""batch_size"": 440, ""epoch"": 3, ""learning_rate"": 0.03137013579288647, ""max_dropout"": 8.428909875233138e-05, ""max_units"": 103, ""momentum"": 0.13459985303142127, ""num_layers"": 5, ""weight_decay"": 0.02674437620634698}","{""time"": 13.41773796081543, ""val_accuracy"": 86.1103286743164, ""val_cross_entropy"": 0.4879368543624878, ""val_balanced_accuracy"": 0.63963383436203, ""test_cross_entropy"": 0.6464203596115112, ""test_balanced_accuracy"": 0.6383176445960999}"
2026-04-14T08:02:03.573273,tpe,lcbench,3945,1,239,4.2797722816467285,"{""OpenML_task_id"": ""167149"", ""batch_size"": 428, ""epoch"": 1, ""learning_rate"": 0.03576685597346197, ""max_dropout"": 0.026930723950366088, ""max_units"": 83, ""momentum"": 0.10120536873082087, ""num_layers"": 5, ""weight_decay"": 0.022032869043032432}","{""time"": 4.2797722816467285, ""val_accuracy"": 65.25849151611328, ""val_cross_entropy"": 0.49285799264907837, ""val_balanced_accuracy"": 0.6006936430931091, ""test_cross_entropy"": 0.6508873105049133, ""test_balanced_accuracy"": 0.5891594290733337}"
2026-04-14T08:02:03.607951,tpe,lcbench,3945,1,240,8.406010627746582,"{""OpenML_task_id"": ""167149"", ""batch_size"": 469, ""epoch"": 2, ""learning_rate"": 0.03853807738558009, ""max_dropout"": 0.02365278313170578, ""max_units"": 65, ""momentum"": 0.1251935980438212, ""num_layers"": 5, ""weight_decay"": 0.025493420896710108}","{""time"": 8.406010627746582, ""val_accuracy"": 78.56436920166016, ""val_cross_entropy"": 0.4769704341888428, ""val_balanced_accuracy"": 0.6049605011940002, ""test_cross_entropy"": 0.6514579057693481, ""test_balanced_accuracy"": 0.6001187562942505}"
2026-04-14T08:02:03.647435,tpe,lcbench,3945,1,241,4.225388050079346,"{""OpenML_task_id"": ""167149"", ""batch_size"": 419, ""epoch"": 1, ""learning_rate"": 0.03509095331848961, ""max_dropout"": 0.0018630789769983464, ""max_units"": 92, ""momentum"": 0.10246433829042483, ""num_layers"": 5, ""weight_decay"": 0.02132339759605411}","{""time"": 4.225388050079346, ""val_accuracy"": 64.9458236694336, ""val_cross_entropy"": 0.49572497606277466, ""val_balanced_accuracy"": 0.6003694534301758, ""test_cross_entropy"": 0.6502647399902344, ""test_balanced_accuracy"": 0.588738203048706}"
2026-04-14T08:02:03.684060,tpe,lcbench,3945,1,242,7.8677449226379395,"{""OpenML_task_id"": ""167149"", ""batch_size"": 416, ""epoch"": 2, ""learning_rate"": 0.03564703831481223, ""max_dropout"": 0.00376915326946624, ""max_units"": 104, ""momentum"": 0.11231705041779139, ""num_layers"": 5, ""weight_decay"": 0.018162582138118243}","{""time"": 7.8677449226379395, ""val_accuracy"": 78.27479553222656, ""val_cross_entropy"": 0.4976629912853241, ""val_balanced_accuracy"": 0.6070537567138672, ""test_cross_entropy"": 0.6491284370422363, ""test_balanced_accuracy"": 0.6029883027076721}"
2026-04-14T08:02:03.713276,tpe,lcbench,3945,1,243,4.377385139465332,"{""OpenML_task_id"": ""167149"", ""batch_size"": 419, ""epoch"": 1, ""learning_rate"": 0.03345875158206928, ""max_dropout"": 0.027395753364729276, ""max_units"": 88, ""momentum"": 0.14356707407569078, ""num_layers"": 5, ""weight_decay"": 0.021026497622112682}","{""time"": 4.377385139465332, ""val_accuracy"": 65.41014862060547, ""val_cross_entropy"": 0.4969508647918701, ""val_balanced_accuracy"": 0.599617600440979, ""test_cross_entropy"": 0.6508708000183105, ""test_balanced_accuracy"": 0.5876947641372681}"
2026-04-14T08:02:03.748889,tpe,lcbench,3945,1,244,8.436689376831055,"{""OpenML_task_id"": ""167149"", ""batch_size"": 440, ""epoch"": 2, ""learning_rate"": 0.031521709482729865, ""max_dropout"": 0.00015308029332118146, ""max_units"": 105, ""momentum"": 0.10093014033555384, ""num_layers"": 5, ""weight_decay"": 0.024221313886368896}","{""time"": 8.436689376831055, ""val_accuracy"": 76.23265075683594, ""val_cross_entropy"": 0.488892525434494, ""val_balanced_accuracy"": 0.6007360219955444, ""test_cross_entropy"": 0.6512064337730408, ""test_balanced_accuracy"": 0.5961486101150513}"
2026-04-14T08:02:03.779646,tpe,lcbench,3945,1,245,4.172398090362549,"{""OpenML_task_id"": ""126025"", ""batch_size"": 451, ""epoch"": 1, ""learning_rate"": 0.036214639146866706, ""max_dropout"": 0.0007641832732716552, ""max_units"": 83, ""momentum"": 0.1188504769786551, ""num_layers"": 5, ""weight_decay"": 0.019316112865693444}","{""time"": 4.172398090362549, ""val_accuracy"": 64.20816040039062, ""val_cross_entropy"": 0.4956047236919403, ""val_balanced_accuracy"": 0.6002023220062256, ""test_cross_entropy"": 0.6522184610366821, ""test_balanced_accuracy"": 0.588519275188446}"
2026-04-14T08:02:03.818782,tpe,lcbench,3945,1,246,12.331445693969727,"{""OpenML_task_id"": ""126025"", ""batch_size"": 458, ""epoch"": 3, ""learning_rate"": 0.03722147109248617, ""max_dropout"": 0.03171690174221888, ""max_units"": 81, ""momentum"": 0.11820014074017882, ""num_layers"": 5, ""weight_decay"": 0.018753846147161666}","{""time"": 12.331445693969727, ""val_accuracy"": 86.6801528930664, ""val_cross_entropy"": 0.48786595463752747, ""val_balanced_accuracy"": 0.649353563785553, ""test_cross_entropy"": 0.6470212936401367, ""test_balanced_accuracy"": 0.6485576629638672}"
2026-04-14T08:02:03.856172,tpe,lcbench,3945,1,247,4.495915412902832,"{""OpenML_task_id"": ""126025"", ""batch_size"": 448, ""epoch"": 1, ""learning_rate"": 0.03579495331548792, ""max_dropout"": 0.028512202286114226, ""max_units"": 111, ""momentum"": 0.14347915215936027, ""num_layers"": 5, ""weight_decay"": 0.018684998265123542}","{""time"": 4.495915412902832, ""val_accuracy"": 63.595703125, ""val_cross_entropy"": 0.5008413195610046, ""val_balanced_accuracy"": 0.596964418888092, ""test_cross_entropy"": 0.6529883146286011, ""test_balanced_accuracy"": 0.5855867266654968}"
2026-04-14T08:02:03.889713,tpe,lcbench,3945,1,248,40.07443618774414,"{""OpenML_task_id"": ""189908"", ""batch_size"": 399, ""epoch"": 3, ""learning_rate"": 0.032977204135491385, ""max_dropout"": 0.0018879785727975006, ""max_units"": 957, ""momentum"": 0.13535830574992821, ""num_layers"": 5, ""weight_decay"": 0.022794471617582312}","{""time"": 40.07443618774414, ""val_accuracy"": 76.71662139892578, ""val_cross_entropy"": 0.6036033630371094, ""val_balanced_accuracy"": 0.6394338011741638, ""test_cross_entropy"": 0.6609045267105103, ""test_balanced_accuracy"": 0.6393008828163147}"
2026-04-14T08:02:03.938624,tpe,lcbench,3945,1,249,4.204470634460449,"{""OpenML_task_id"": ""126025"", ""batch_size"": 473, ""epoch"": 1, ""learning_rate"": 0.02995383851640647, ""max_dropout"": 0.03541318469238122, ""max_units"": 64, ""momentum"": 0.11623479256041669, ""num_layers"": 5, ""weight_decay"": 0.020529756159526832}","{""time"": 4.204470634460449, ""val_accuracy"": 64.20791625976562, ""val_cross_entropy"": 0.4871487021446228, ""val_balanced_accuracy"": 0.6004999876022339, ""test_cross_entropy"": 0.6537878513336182, ""test_balanced_accuracy"": 0.58858323097229}"
2026-04-14T08:02:03.973112,tpe,lcbench,3945,1,250,8.329315185546875,"{""OpenML_task_id"": ""126025"", ""batch_size"": 468, ""epoch"": 2, ""learning_rate"": 0.02867824716539048, ""max_dropout"": 0.020085204003998113, ""max_units"": 68, ""momentum"": 0.11761553059934853, ""num_layers"": 5, ""weight_decay"": 0.017020554522197494}","{""time"": 8.329315185546875, ""val_accuracy"": 73.90088653564453, ""val_cross_entropy"": 0.4879368543624878, ""val_balanced_accuracy"": 0.5956735014915466, ""test_cross_entropy"": 0.65459805727005, ""test_balanced_accuracy"": 0.5906761884689331}"
2026-04-14T08:02:04.006174,tpe,lcbench,3945,1,251,45.293941497802734,"{""OpenML_task_id"": ""126025"", ""batch_size"": 432, ""epoch"": 23, ""learning_rate"": 0.03966655210541829, ""max_dropout"": 0.3642922060549071, ""max_units"": 64, ""momentum"": 0.10316094341641685, ""num_layers"": 5, ""weight_decay"": 0.02073217089761443}","{""time"": 45.293941497802734, ""val_accuracy"": 96.66366577148438, ""val_cross_entropy"": 0.4427979290485382, ""val_balanced_accuracy"": 0.665817141532898, ""test_cross_entropy"": 0.6246509552001953, ""test_balanced_accuracy"": 0.6671417355537415}"
2026-04-14T08:02:04.046948,tpe,lcbench,3945,1,252,17.04615020751953,"{""OpenML_task_id"": ""167149"", ""batch_size"": 421, ""epoch"": 4, ""learning_rate"": 0.030817579753529327, ""max_dropout"": 0.0395563629889709, ""max_units"": 88, ""momentum"": 0.10006799077637406, ""num_layers"": 5, ""weight_decay"": 0.019656721784438017}","{""time"": 17.04615020751953, ""val_accuracy"": 89.48764038085938, ""val_cross_entropy"": 0.4942452311515808, ""val_balanced_accuracy"": 0.6536044478416443, ""test_cross_entropy"": 0.6453974843025208, ""test_balanced_accuracy"": 0.6536880135536194}"
2026-04-14T08:02:04.088693,tpe,lcbench,3945,1,253,4.331367492675781,"{""OpenML_task_id"": ""189905"", ""batch_size"": 483, ""epoch"": 1, ""learning_rate"": 0.0372401571092418, ""max_dropout"": 0.0002766681033520811, ""max_units"": 102, ""momentum"": 0.12951241767435506, ""num_layers"": 5, ""weight_decay"": 0.023218711213669977}","{""time"": 4.331367492675781, ""val_accuracy"": 63.06674575805664, ""val_cross_entropy"": 0.4899899959564209, ""val_balanced_accuracy"": 0.6010890007019043, ""test_cross_entropy"": 0.6523257493972778, ""test_balanced_accuracy"": 0.5896023511886597}"
2026-04-14T08:02:04.122097,tpe,lcbench,3945,1,254,8.650043487548828,"{""OpenML_task_id"": ""167149"", ""batch_size"": 453, ""epoch"": 2, ""learning_rate"": 0.029319890584172142, ""max_dropout"": 0.04495091957892367, ""max_units"": 92, ""momentum"": 0.14365638956316668, ""num_layers"": 5, ""weight_decay"": 0.01702941420332641}","{""time"": 8.650043487548828, ""val_accuracy"": 74.57332611083984, ""val_cross_entropy"": 0.49652236700057983, ""val_balanced_accuracy"": 0.5975693464279175, ""test_cross_entropy"": 0.6541399955749512, ""test_balanced_accuracy"": 0.592950701713562}"
2026-04-14T08:02:04.171940,tpe,lcbench,3945,1,255,4.235149383544922,"{""OpenML_task_id"": ""126025"", ""batch_size"": 435, ""epoch"": 1, ""learning_rate"": 0.035013138626555904, ""max_dropout"": 0.019669790481972486, ""max_units"": 78, ""momentum"": 0.11941080541739432, ""num_layers"": 5, ""weight_decay"": 0.019857807978396484}","{""time"": 4.235149383544922, ""val_accuracy"": 64.96428680419922, ""val_cross_entropy"": 0.49535298347473145, ""val_balanced_accuracy"": 0.6000580787658691, ""test_cross_entropy"": 0.6517709493637085, ""test_balanced_accuracy"": 0.588354229927063}"
2026-04-14T08:02:04.205796,tpe,lcbench,3945,1,256,12.82369327545166,"{""OpenML_task_id"": ""126025"", ""batch_size"": 442, ""epoch"": 3, ""learning_rate"": 0.031767564283868586, ""max_dropout"": 0.018837359279636777, ""max_units"": 104, ""momentum"": 0.12507568127151983, ""num_layers"": 5, ""weight_decay"": 0.019471083376216145}","{""time"": 12.82369327545166, ""val_accuracy"": 85.60137176513672, ""val_cross_entropy"": 0.4947826564311981, ""val_balanced_accuracy"": 0.6441466212272644, ""test_cross_entropy"": 0.6472288370132446, ""test_balanced_accuracy"": 0.6432381272315979}"
2026-04-14T08:02:04.249320,tpe,lcbench,3945,1,257,8.209390640258789,"{""OpenML_task_id"": ""126025"", ""batch_size"": 460, ""epoch"": 2, ""learning_rate"": 0.034568740290046834, ""max_dropout"": 0.021482082996870565, ""max_units"": 83, ""momentum"": 0.1512763343259244, ""num_layers"": 5, ""weight_decay"": 0.018065202854296622}","{""time"": 8.209390640258789, ""val_accuracy"": 76.71369934082031, ""val_cross_entropy"": 0.49246442317962646, ""val_balanced_accuracy"": 0.6046686768531799, ""test_cross_entropy"": 0.6523903608322144, ""test_balanced_accuracy"": 0.6003156304359436}"
2026-04-14T08:02:04.288870,tpe,lcbench,3945,1,258,4.438742160797119,"{""OpenML_task_id"": ""168331"", ""batch_size"": 434, ""epoch"": 1, ""learning_rate"": 0.03313721517005921, ""max_dropout"": 0.016841174476164136, ""max_units"": 111, ""momentum"": 0.11876886850934455, ""num_layers"": 5, ""weight_decay"": 0.020450158305676876}","{""time"": 4.438742160797119, ""val_accuracy"": 63.9032096862793, ""val_cross_entropy"": 0.49780067801475525, ""val_balanced_accuracy"": 0.597905695438385, ""test_cross_entropy"": 0.6515436172485352, ""test_balanced_accuracy"": 0.5865100026130676}"
2026-04-14T08:02:04.323576,tpe,lcbench,3945,1,259,11.426433563232422,"{""OpenML_task_id"": ""126026"", ""batch_size"": 313, ""epoch"": 3, ""learning_rate"": 0.04093996444318688, ""max_dropout"": 0.000915120045118053, ""max_units"": 81, ""momentum"": 0.1372899998781394, ""num_layers"": 5, ""weight_decay"": 0.024649954732499268}","{""time"": 11.426433563232422, ""val_accuracy"": 91.31914520263672, ""val_cross_entropy"": 0.49374788999557495, ""val_balanced_accuracy"": 0.6594007611274719, ""test_cross_entropy"": 0.6366307735443115, ""test_balanced_accuracy"": 0.6575808525085449}"
2026-04-14T08:02:04.356529,tpe,lcbench,3945,1,260,4.502887725830078,"{""OpenML_task_id"": ""189866"", ""batch_size"": 466, ""epoch"": 1, ""learning_rate"": 0.03526333808971357, ""max_dropout"": 0.03776892387815883, ""max_units"": 115, ""momentum"": 0.14536913175106275, ""num_layers"": 5, ""weight_decay"": 0.01668472737639166}","{""time"": 4.502887725830078, ""val_accuracy"": 62.72736358642578, ""val_cross_entropy"": 0.5015226006507874, ""val_balanced_accuracy"": 0.5955985188484192, ""test_cross_entropy"": 0.6546933054924011, ""test_balanced_accuracy"": 0.5843459963798523}"
2026-04-14T08:02:04.401446,tpe,lcbench,3945,1,261,8.4436616897583,"{""OpenML_task_id"": ""189906"", ""batch_size"": 451, ""epoch"": 2, ""learning_rate"": 0.029800818331917507, ""max_dropout"": 0.04988298521927475, ""max_units"": 92, ""momentum"": 0.11861342391152005, ""num_layers"": 5, ""weight_decay"": 0.0142353088953724}","{""time"": 8.4436616897583, ""val_accuracy"": 74.20738983154297, ""val_cross_entropy"": 0.4954896569252014, ""val_balanced_accuracy"": 0.5954349637031555, ""test_cross_entropy"": 0.6545602083206177, ""test_balanced_accuracy"": 0.5909533500671387}"
2026-04-14T08:02:04.423797,tpe,lcbench,3945,1,262,19.786285400390625,"{""OpenML_task_id"": ""168330"", ""batch_size"": 445, ""epoch"": 4, ""learning_rate"": 0.026386773766137153, ""max_dropout"": 0.02131842077806754, ""max_units"": 114, ""momentum"": 0.13544763322850434, ""num_layers"": 5, ""weight_decay"": 0.027794014975596547}","{""time"": 19.786285400390625, ""val_accuracy"": 88.29540252685547, ""val_cross_entropy"": 0.4876306354999542, ""val_balanced_accuracy"": 0.643887460231781, ""test_cross_entropy"": 0.646236002445221, ""test_balanced_accuracy"": 0.6438579559326172}"
2026-04-14T08:02:04.469933,tpe,lcbench,3945,1,263,4.1570587158203125,"{""OpenML_task_id"": ""189909"", ""batch_size"": 482, ""epoch"": 1, ""learning_rate"": 0.03899803791666358, ""max_dropout"": 0.001156738933135379, ""max_units"": 79, ""momentum"": 0.11741726664800724, ""num_layers"": 5, ""weight_decay"": 0.022168323483115135}","{""time"": 4.1570587158203125, ""val_accuracy"": 63.82050323486328, ""val_cross_entropy"": 0.488775372505188, ""val_balanced_accuracy"": 0.6024330854415894, ""test_cross_entropy"": 0.652618408203125, ""test_balanced_accuracy"": 0.5907099843025208}"
2026-04-14T08:02:04.496824,tpe,lcbench,3945,1,264,11.521258354187012,"{""OpenML_task_id"": ""189909"", ""batch_size"": 491, ""epoch"": 2, ""learning_rate"": 0.032928789250713256, ""max_dropout"": 0.4419507762149998, ""max_units"": 66, ""momentum"": 0.1161090154400377, ""num_layers"": 5, ""weight_decay"": 0.020358677022317785}","{""time"": 11.521258354187012, ""val_accuracy"": 77.2469711303711, ""val_cross_entropy"": 0.4809029996395111, ""val_balanced_accuracy"": 0.589081883430481, ""test_cross_entropy"": 0.6633362770080566, ""test_balanced_accuracy"": 0.5834049582481384}"
2026-04-14T08:02:04.540136,tpe,lcbench,3945,1,265,4.278378009796143,"{""OpenML_task_id"": ""167200"", ""batch_size"": 477, ""epoch"": 1, ""learning_rate"": 0.039082269051321665, ""max_dropout"": 0.029597521675969116, ""max_units"": 81, ""momentum"": 0.15111058641103942, ""num_layers"": 5, ""weight_decay"": 0.018440747151257604}","{""time"": 4.278378009796143, ""val_accuracy"": 63.87152862548828, ""val_cross_entropy"": 0.495880126953125, ""val_balanced_accuracy"": 0.5997331142425537, ""test_cross_entropy"": 0.6542362570762634, ""test_balanced_accuracy"": 0.5879963636398315}"
2026-04-14T08:02:04.573142,tpe,lcbench,3945,1,266,13.223906517028809,"{""OpenML_task_id"": ""189909"", ""batch_size"": 474, ""epoch"": 3, ""learning_rate"": 0.03889336085124197, ""max_dropout"": 0.0511302187353506, ""max_units"": 104, ""momentum"": 0.17778334957651265, ""num_layers"": 5, ""weight_decay"": 0.021135760623870504}","{""time"": 13.223906517028809, ""val_accuracy"": 86.87811279296875, ""val_cross_entropy"": 0.4927305579185486, ""val_balanced_accuracy"": 0.6543079614639282, ""test_cross_entropy"": 0.6474138498306274, ""test_balanced_accuracy"": 0.6537528038024902}"
2026-04-14T08:02:04.607939,tpe,lcbench,3945,1,267,4.50846529006958,"{""OpenML_task_id"": ""126025"", ""batch_size"": 455, ""epoch"": 1, ""learning_rate"": 0.03572773886420085, ""max_dropout"": 0.03351705409617432, ""max_units"": 121, ""momentum"": 0.13213207137954866, ""num_layers"": 5, ""weight_decay"": 0.01603599346697287}","{""time"": 4.50846529006958, ""val_accuracy"": 62.763145446777344, ""val_cross_entropy"": 0.5038501024246216, ""val_balanced_accuracy"": 0.5948458313941956, ""test_cross_entropy"": 0.6544163227081299, ""test_balanced_accuracy"": 0.5837289094924927}"
2026-04-14T08:02:04.648729,tpe,lcbench,3945,1,268,16.41724395751953,"{""OpenML_task_id"": ""167161"", ""batch_size"": 485, ""epoch"": 3, ""learning_rate"": 0.03779058041655126, ""max_dropout"": 0.30896036212864586, ""max_units"": 84, ""momentum"": 0.11572880887208134, ""num_layers"": 5, ""weight_decay"": 0.025443224992326693}","{""time"": 16.41724395751953, ""val_accuracy"": 85.96722412109375, ""val_cross_entropy"": 0.47511768341064453, ""val_balanced_accuracy"": 0.6236225962638855, ""test_cross_entropy"": 0.6556397676467896, ""test_balanced_accuracy"": 0.6217851638793945}"
2026-04-14T08:02:04.678158,tpe,lcbench,3945,1,269,4.487548351287842,"{""OpenML_task_id"": ""3945"", ""batch_size"": 428, ""epoch"": 1, ""learning_rate"": 0.0414737221887428, ""max_dropout"": 0.017399008654376, ""max_units"": 102, ""momentum"": 0.14744719250496766, ""num_layers"": 5, ""weight_decay"": 0.022210448607823202}","{""time"": 4.487548351287842, ""val_accuracy"": 65.00518798828125, ""val_cross_entropy"": 0.5005864500999451, ""val_balanced_accuracy"": 0.5994392037391663, ""test_cross_entropy"": 0.6514688730239868, ""test_balanced_accuracy"": 0.5879167914390564}"
2026-04-14T08:02:04.722041,tpe,lcbench,3945,1,270,6.7354350090026855,"{""OpenML_task_id"": ""189909"", ""batch_size"": 207, ""epoch"": 2, ""learning_rate"": 0.03407584019176928, ""max_dropout"": 0.0003315543571154847, ""max_units"": 64, ""momentum"": 0.13276065428140063, ""num_layers"": 5, ""weight_decay"": 0.019231101612141928}","{""time"": 6.7354350090026855, ""val_accuracy"": 88.90105438232422, ""val_cross_entropy"": 0.46697917580604553, ""val_balanced_accuracy"": 0.6319456100463867, ""test_cross_entropy"": 0.629565954208374, ""test_balanced_accuracy"": 0.6265113353729248}"
2026-04-14T08:02:04.756106,tpe,lcbench,3945,1,271,11.161484718322754,"{""OpenML_task_id"": ""146212"", ""batch_size"": 200, ""epoch"": 4, ""learning_rate"": 0.03128708459161954, ""max_dropout"": 0.053953154801555714, ""max_units"": 82, ""momentum"": 0.10259875103762835, ""num_layers"": 5, ""weight_decay"": 0.026787268166101556}","{""time"": 11.161484718322754, ""val_accuracy"": 95.63850402832031, ""val_cross_entropy"": 0.44912582635879517, ""val_balanced_accuracy"": 0.6670857667922974, ""test_cross_entropy"": 0.6234076023101807, ""test_balanced_accuracy"": 0.6678445339202881}"
2026-04-14T08:02:04.799224,tpe,lcbench,3945,1,272,14.6406888961792,"{""OpenML_task_id"": ""168910"", ""batch_size"": 492, ""epoch"": 2, ""learning_rate"": 0.035625832458356696, ""max_dropout"": 0.03422991433041599, ""max_units"": 530, ""momentum"": 0.171326717283615, ""num_layers"": 1, ""weight_decay"": 0.014825305263033035}","{""time"": 14.6406888961792, ""val_accuracy"": 61.43437194824219, ""val_cross_entropy"": 0.6711406111717224, ""val_balanced_accuracy"": 0.6874583959579468, ""test_cross_entropy"": 0.6462897062301636, ""test_balanced_accuracy"": 0.6759359836578369}"
2026-04-14T08:02:04.840624,tpe,lcbench,3945,1,273,4.583766937255859,"{""OpenML_task_id"": ""167201"", ""batch_size"": 389, ""epoch"": 1, ""learning_rate"": 0.03743710831630713, ""max_dropout"": 0.02109155798018485, ""max_units"": 124, ""momentum"": 0.11612118744269397, ""num_layers"": 5, ""weight_decay"": 0.02183271426092063}","{""time"": 4.583766937255859, ""val_accuracy"": 65.40328979492188, ""val_cross_entropy"": 0.503266453742981, ""val_balanced_accuracy"": 0.5979330539703369, ""test_cross_entropy"": 0.6499158143997192, ""test_balanced_accuracy"": 0.5862751603126526}"
2026-04-14T08:02:04.873368,tpe,lcbench,3945,1,274,8.710005760192871,"{""OpenML_task_id"": ""167149"", ""batch_size"": 462, ""epoch"": 2, ""learning_rate"": 0.033557999155029584, ""max_dropout"": 0.05945332910120408, ""max_units"": 99, ""momentum"": 0.15215668437023452, ""num_layers"": 5, ""weight_decay"": 0.017798968438094597}","{""time"": 8.710005760192871, ""val_accuracy"": 75.89403533935547, ""val_cross_entropy"": 0.4952193796634674, ""val_balanced_accuracy"": 0.602197527885437, ""test_cross_entropy"": 0.6537888050079346, ""test_balanced_accuracy"": 0.5979421734809875}"
2026-04-14T08:02:04.907307,tpe,lcbench,3945,1,275,17.248348236083984,"{""OpenML_task_id"": ""189908"", ""batch_size"": 430, ""epoch"": 4, ""learning_rate"": 0.030560744321277748, ""max_dropout"": 0.0008956764841830053, ""max_units"": 82, ""momentum"": 0.13257120725290134, ""num_layers"": 5, ""weight_decay"": 0.023652457521970337}","{""time"": 17.248348236083984, ""val_accuracy"": 89.76731872558594, ""val_cross_entropy"": 0.48849689960479736, ""val_balanced_accuracy"": 0.6540471911430359, ""test_cross_entropy"": 0.6441088914871216, ""test_balanced_accuracy"": 0.6540234684944153}"
2026-04-14T08:02:04.955493,tpe,lcbench,3945,1,276,4.679985523223877,"{""OpenML_task_id"": ""167149"", ""batch_size"": 448, ""epoch"": 1, ""learning_rate"": 0.040327939266391596, ""max_dropout"": 0.08265846225530217, ""max_units"": 121, ""momentum"": 0.10069986579221873, ""num_layers"": 5, ""weight_decay"": 0.020030436488293543}","{""time"": 4.679985523223877, ""val_accuracy"": 64.02167510986328, ""val_cross_entropy"": 0.49903997778892517, ""val_balanced_accuracy"": 0.596297562122345, ""test_cross_entropy"": 0.6537050008773804, ""test_balanced_accuracy"": 0.5852707028388977}"
2026-04-14T08:02:04.990023,tpe,lcbench,3945,1,277,14.314382553100586,"{""OpenML_task_id"": ""126025"", ""batch_size"": 472, ""epoch"": 3, ""learning_rate"": 0.028439712912482287, ""max_dropout"": 0.04028292655204052, ""max_units"": 65, ""momentum"": 0.1524099568762607, ""num_layers"": 5, ""weight_decay"": 0.028691878579717174}","{""time"": 14.314382553100586, ""val_accuracy"": 84.96600341796875, ""val_cross_entropy"": 0.47699612379074097, ""val_balanced_accuracy"": 0.6263082027435303, ""test_cross_entropy"": 0.6501496434211731, ""test_balanced_accuracy"": 0.6241092681884766}"
2026-04-14T08:02:05.029175,tpe,lcbench,3945,1,278,13.681292533874512,"{""OpenML_task_id"": ""167181"", ""batch_size"": 212, ""epoch"": 1, ""learning_rate"": 0.035021586145685756, ""max_dropout"": 0.01855519240141673, ""max_units"": 680, ""momentum"": 0.123619257455667, ""num_layers"": 5, ""weight_decay"": 0.01190698835340875}","{""time"": 13.681292533874512, ""val_accuracy"": 57.30574417114258, ""val_cross_entropy"": 0.555235743522644, ""val_balanced_accuracy"": 0.5426493883132935, ""test_cross_entropy"": 0.6616519689559937, ""test_balanced_accuracy"": 0.5364193916320801}"
2026-04-14T08:02:05.056835,tpe,lcbench,3945,1,279,8.057393074035645,"{""OpenML_task_id"": ""168908"", ""batch_size"": 406, ""epoch"": 2, ""learning_rate"": 0.09914250082721882, ""max_dropout"": 0.05680640206168495, ""max_units"": 101, ""momentum"": 0.10014721655327355, ""num_layers"": 5, ""weight_decay"": 0.031969355663126156}","{""time"": 8.057393074035645, ""val_accuracy"": 87.1951904296875, ""val_cross_entropy"": 0.47758492827415466, ""val_balanced_accuracy"": 0.6350388526916504, ""test_cross_entropy"": 0.6400080323219299, ""test_balanced_accuracy"": 0.6321529746055603}"
2026-04-14T08:02:05.098344,tpe,lcbench,3945,1,280,13.272712707519531,"{""OpenML_task_id"": ""167149"", ""batch_size"": 229, ""epoch"": 5, ""learning_rate"": 0.033073463281865965, ""max_dropout"": 0.019007901123694066, ""max_units"": 85, ""momentum"": 0.17267130314765944, ""num_layers"": 5, ""weight_decay"": 0.024719866188169654}","{""time"": 13.272712707519531, ""val_accuracy"": 96.0659408569336, ""val_cross_entropy"": 0.45479607582092285, ""val_balanced_accuracy"": 0.6789673566818237, ""test_cross_entropy"": 0.6194844245910645, ""test_balanced_accuracy"": 0.6804946064949036}"
2026-04-14T08:02:05.128347,tpe,lcbench,3945,1,281,4.2839555740356445,"{""OpenML_task_id"": ""167149"", ""batch_size"": 188, ""epoch"": 1, ""learning_rate"": 0.036753480688711204, ""max_dropout"": 0.036653048165034244, ""max_units"": 116, ""momentum"": 0.13634984962982827, ""num_layers"": 5, ""weight_decay"": 0.01583383290625994}","{""time"": 4.2839555740356445, ""val_accuracy"": 71.88463592529297, ""val_cross_entropy"": 0.5031349062919617, ""val_balanced_accuracy"": 0.5996450185775757, ""test_cross_entropy"": 0.6418527364730835, ""test_balanced_accuracy"": 0.5868681073188782}"
2026-04-14T08:02:05.173551,tpe,lcbench,3945,1,282,8.191262245178223,"{""OpenML_task_id"": ""126025"", ""batch_size"": 206, ""epoch"": 3, ""learning_rate"": 0.06584636504463134, ""max_dropout"": 0.07854654043454974, ""max_units"": 99, ""momentum"": 0.11811409027940716, ""num_layers"": 5, ""weight_decay"": 0.02187218959219144}","{""time"": 8.191262245178223, ""val_accuracy"": 95.01847839355469, ""val_cross_entropy"": 0.43889927864074707, ""val_balanced_accuracy"": 0.6882127523422241, ""test_cross_entropy"": 0.6103664636611938, ""test_balanced_accuracy"": 0.6887708902359009}"
2026-04-14T08:02:05.206773,tpe,lcbench,3945,1,283,7.673913478851318,"{""OpenML_task_id"": ""189866"", ""batch_size"": 200, ""epoch"": 2, ""learning_rate"": 0.03219624372571124, ""max_dropout"": 0.0008413541755158218, ""max_units"": 130, ""momentum"": 0.1546677520819229, ""num_layers"": 5, ""weight_decay"": 0.018589980790544924}","{""time"": 7.673913478851318, ""val_accuracy"": 88.47815704345703, ""val_cross_entropy"": 0.48325207829475403, ""val_balanced_accuracy"": 0.637053906917572, ""test_cross_entropy"": 0.6310561895370483, ""test_balanced_accuracy"": 0.6325304508209229}"
2026-04-14T08:02:05.286738,tpe,lcbench,3945,1,284,8.587291717529297,"{""OpenML_task_id"": ""167149"", ""batch_size"": 223, ""epoch"": 3, ""learning_rate"": 0.061363401777822874, ""max_dropout"": 0.03583779428462955, ""max_units"": 64, ""momentum"": 0.13598739080532052, ""num_layers"": 5, ""weight_decay"": 0.026953354631944548}","{""time"": 8.587291717529297, ""val_accuracy"": 94.81644439697266, ""val_cross_entropy"": 0.4457625448703766, ""val_balanced_accuracy"": 0.6745977997779846, ""test_cross_entropy"": 0.619702160358429, ""test_balanced_accuracy"": 0.6748989820480347}"
2026-04-14T08:02:05.335919,tpe,lcbench,3945,1,285,196.38064575195312,"{""OpenML_task_id"": ""167149"", ""batch_size"": 446, ""epoch"": 42, ""learning_rate"": 0.03836411816899655, ""max_dropout"": 0.0611206076987533, ""max_units"": 446, ""momentum"": 0.12073251239111905, ""num_layers"": 5, ""weight_decay"": 0.02097021566800619}","{""time"": 196.38064575195312, ""val_accuracy"": 96.19649505615234, ""val_cross_entropy"": 0.3593207001686096, ""val_balanced_accuracy"": 0.7785512804985046, ""test_cross_entropy"": 0.5454467535018921, ""test_balanced_accuracy"": 0.7702826261520386}"
2026-04-14T08:02:05.372043,tpe,lcbench,3945,1,286,4.129169464111328,"{""OpenML_task_id"": ""34539"", ""batch_size"": 364, ""epoch"": 1, ""learning_rate"": 0.02743990816230907, ""max_dropout"": 0.017338049111178734, ""max_units"": 86, ""momentum"": 0.10013923515713503, ""num_layers"": 5, ""weight_decay"": 0.0181775078524817}","{""time"": 4.129169464111328, ""val_accuracy"": 66.54724884033203, ""val_cross_entropy"": 0.49659430980682373, ""val_balanced_accuracy"": 0.6004965901374817, ""test_cross_entropy"": 0.6482381224632263, ""test_balanced_accuracy"": 0.587774395942688}"
2026-04-14T08:02:05.406503,tpe,lcbench,3945,1,287,4.370412826538086,"{""OpenML_task_id"": ""34539"", ""batch_size"": 215, ""epoch"": 1, ""learning_rate"": 0.02593407082956794, ""max_dropout"": 0.054908373493784246, ""max_units"": 107, ""momentum"": 0.11304011210021078, ""num_layers"": 5, ""weight_decay"": 0.014833513205496507}","{""time"": 4.370412826538086, ""val_accuracy"": 70.79244232177734, ""val_cross_entropy"": 0.5005371570587158, ""val_balanced_accuracy"": 0.6004335880279541, ""test_cross_entropy"": 0.6429009437561035, ""test_balanced_accuracy"": 0.5876578092575073}"
2026-04-14T08:02:05.449790,tpe,lcbench,3945,1,288,25.371139526367188,"{""OpenML_task_id"": ""168335"", ""batch_size"": 184, ""epoch"": 20, ""learning_rate"": 0.02969191715809734, ""max_dropout"": 0.02259775403710218, ""max_units"": 80, ""momentum"": 0.10079274667144043, ""num_layers"": 5, ""weight_decay"": 0.017306913744073976}","{""time"": 25.371139526367188, ""val_accuracy"": 97.9677734375, ""val_cross_entropy"": 0.3475784361362457, ""val_balanced_accuracy"": 0.7200422286987305, ""test_cross_entropy"": 0.5524024963378906, ""test_balanced_accuracy"": 0.7173376083374023}"
2026-04-14T08:02:05.492710,tpe,lcbench,3945,1,289,7.463348388671875,"{""OpenML_task_id"": ""34539"", ""batch_size"": 393, ""epoch"": 2, ""learning_rate"": 0.0633104130035768, ""max_dropout"": 0.09047845675842817, ""max_units"": 124, ""momentum"": 0.14488635318459844, ""num_layers"": 5, ""weight_decay"": 0.013052849641063883}","{""time"": 7.463348388671875, ""val_accuracy"": 84.46316528320312, ""val_cross_entropy"": 0.5098491907119751, ""val_balanced_accuracy"": 0.6482682228088379, ""test_cross_entropy"": 0.6452841758728027, ""test_balanced_accuracy"": 0.646083414554596}"
2026-04-14T08:02:05.523776,tpe,lcbench,3945,1,290,27.07239532470703,"{""OpenML_task_id"": ""167185"", ""batch_size"": 359, ""epoch"": 4, ""learning_rate"": 0.026664290631028553, ""max_dropout"": 0.039039444524126166, ""max_units"": 150, ""momentum"": 0.1841780536205921, ""num_layers"": 3, ""weight_decay"": 0.019166285849211873}","{""time"": 27.07239532470703, ""val_accuracy"": 79.58436584472656, ""val_cross_entropy"": 0.5348483920097351, ""val_balanced_accuracy"": 0.6700582504272461, ""test_cross_entropy"": 0.607709527015686, ""test_balanced_accuracy"": 0.6585674285888672}"
2026-04-14T08:02:05.573484,tpe,lcbench,3945,1,291,4.066418170928955,"{""OpenML_task_id"": ""34539"", ""batch_size"": 196, ""epoch"": 1, ""learning_rate"": 0.05975377707262233, ""max_dropout"": 0.018213192610120284, ""max_units"": 96, ""momentum"": 0.162496759485488, ""num_layers"": 5, ""weight_decay"": 0.016460373627689907}","{""time"": 4.066418170928955, ""val_accuracy"": 72.54702758789062, ""val_cross_entropy"": 0.5004600882530212, ""val_balanced_accuracy"": 0.6004748344421387, ""test_cross_entropy"": 0.6406784057617188, ""test_balanced_accuracy"": 0.5875670313835144}"
2026-04-14T08:02:05.621971,tpe,lcbench,3945,1,292,10.752904891967773,"{""OpenML_task_id"": ""167190"", ""batch_size"": 372, ""epoch"": 3, ""learning_rate"": 0.06150387975351863, ""max_dropout"": 0.06973921545150419, ""max_units"": 109, ""momentum"": 0.16930449137544468, ""num_layers"": 5, ""weight_decay"": 0.016473916011143515}","{""time"": 10.752904891967773, ""val_accuracy"": 91.24740600585938, ""val_cross_entropy"": 0.4946131110191345, ""val_balanced_accuracy"": 0.6768919825553894, ""test_cross_entropy"": 0.6321313381195068, ""test_balanced_accuracy"": 0.6770133972167969}"
2026-04-14T08:02:05.662278,tpe,lcbench,3945,1,293,5.9838151931762695,"{""OpenML_task_id"": ""167168"", ""batch_size"": 195, ""epoch"": 2, ""learning_rate"": 0.05943042654632456, ""max_dropout"": 0.04766222077532646, ""max_units"": 64, ""momentum"": 0.16122819288945633, ""num_layers"": 5, ""weight_decay"": 0.009157786700970841}","{""time"": 5.9838151931762695, ""val_accuracy"": 91.02386474609375, ""val_cross_entropy"": 0.45371606945991516, ""val_balanced_accuracy"": 0.6707513332366943, ""test_cross_entropy"": 0.6147840023040771, ""test_balanced_accuracy"": 0.6670628786087036}"
2026-04-14T08:02:05.706576,tpe,lcbench,3945,1,294,4.567033290863037,"{""OpenML_task_id"": ""34539"", ""batch_size"": 204, ""epoch"": 1, ""learning_rate"": 0.06896010043438823, ""max_dropout"": 0.02336419712358987, ""max_units"": 132, ""momentum"": 0.14752480562966352, ""num_layers"": 5, ""weight_decay"": 0.01399531553836905}","{""time"": 4.567033290863037, ""val_accuracy"": 71.02249908447266, ""val_cross_entropy"": 0.5089038014411926, ""val_balanced_accuracy"": 0.5962691307067871, ""test_cross_entropy"": 0.6430912613868713, ""test_balanced_accuracy"": 0.5839827656745911}"
2026-04-14T08:02:05.750452,tpe,lcbench,3945,1,295,3.9590439796447754,"{""OpenML_task_id"": ""189862"", ""batch_size"": 191, ""epoch"": 1, ""learning_rate"": 0.0660448522960924, ""max_dropout"": 0.03433668260018263, ""max_units"": 97, ""momentum"": 0.10012101459821138, ""num_layers"": 5, ""weight_decay"": 0.016591981203929893}","{""time"": 3.9590439796447754, ""val_accuracy"": 72.85542297363281, ""val_cross_entropy"": 0.49650079011917114, ""val_balanced_accuracy"": 0.6005469560623169, ""test_cross_entropy"": 0.6407786011695862, ""test_balanced_accuracy"": 0.5883194804191589}"
2026-04-14T08:02:05.793411,tpe,lcbench,3945,1,296,5.861102104187012,"{""OpenML_task_id"": ""34539"", ""batch_size"": 180, ""epoch"": 2, ""learning_rate"": 0.06015180477775986, ""max_dropout"": 0.020274834338250215, ""max_units"": 85, ""momentum"": 0.11357040234245654, ""num_layers"": 5, ""weight_decay"": 0.01707836462224618}","{""time"": 5.861102104187012, ""val_accuracy"": 91.64578247070312, ""val_cross_entropy"": 0.45274603366851807, ""val_balanced_accuracy"": 0.6575206518173218, ""test_cross_entropy"": 0.6201798915863037, ""test_balanced_accuracy"": 0.6548247933387756}"
2026-04-14T08:02:05.833462,tpe,lcbench,3945,1,297,31.993480682373047,"{""OpenML_task_id"": ""189862"", ""batch_size"": 189, ""epoch"": 3, ""learning_rate"": 0.06497946572235301, ""max_dropout"": 0.0342734416447384, ""max_units"": 770, ""momentum"": 0.10287333441969977, ""num_layers"": 5, ""weight_decay"": 0.015866045419913273}","{""time"": 31.993480682373047, ""val_accuracy"": 89.90234375, ""val_cross_entropy"": 0.4469555616378784, ""val_balanced_accuracy"": 0.7250628471374512, ""test_cross_entropy"": 0.582158088684082, ""test_balanced_accuracy"": 0.7234976291656494}"
2026-04-14T08:02:05.862759,tpe,lcbench,3945,1,298,4.116619110107422,"{""OpenML_task_id"": ""34539"", ""batch_size"": 195, ""epoch"": 1, ""learning_rate"": 0.02849174303534592, ""max_dropout"": 0.019434514259831618, ""max_units"": 99, ""momentum"": 0.12956464070161416, ""num_layers"": 5, ""weight_decay"": 0.01901501829382551}","{""time"": 4.116619110107422, ""val_accuracy"": 72.55823516845703, ""val_cross_entropy"": 0.49768251180648804, ""val_balanced_accuracy"": 0.6034565567970276, ""test_cross_entropy"": 0.6403037309646606, ""test_balanced_accuracy"": 0.590316891670227}"
2026-04-14T08:02:05.906594,tpe,lcbench,3945,1,299,5.0369696617126465,"{""OpenML_task_id"": ""34539"", ""batch_size"": 193, ""epoch"": 1, ""learning_rate"": 0.02472461272193955, ""max_dropout"": 0.9171748002419521, ""max_units"": 79, ""momentum"": 0.13531805689044446, ""num_layers"": 5, ""weight_decay"": 0.012670048444695077}","{""time"": 5.0369696617126465, ""val_accuracy"": 70.7427749633789, ""val_cross_entropy"": 0.46446672081947327, ""val_balanced_accuracy"": 0.6041740775108337, ""test_cross_entropy"": 0.6277065277099609, ""test_balanced_accuracy"": 0.5918512940406799}"
2026-04-14T08:02:05.950692,tpe,lcbench,3945,1,300,7.146803855895996,"{""OpenML_task_id"": ""189862"", ""batch_size"": 184, ""epoch"": 2, ""learning_rate"": 0.028855349730577566, ""max_dropout"": 0.02023156715693218, ""max_units"": 99, ""momentum"": 0.10160613622758996, ""num_layers"": 5, ""weight_decay"": 0.01843058917333798}","{""time"": 7.146803855895996, ""val_accuracy"": 88.80276489257812, ""val_cross_entropy"": 0.470542848110199, ""val_balanced_accuracy"": 0.6268531680107117, ""test_cross_entropy"": 0.6303415298461914, ""test_balanced_accuracy"": 0.6217211484909058}"
2026-04-14T08:02:05.988790,tpe,lcbench,3945,1,301,10.81147289276123,"{""OpenML_task_id"": ""34539"", ""batch_size"": 197, ""epoch"": 4, ""learning_rate"": 0.027932014126505395, ""max_dropout"": 0.015339670830762524, ""max_units"": 78, ""momentum"": 0.13027341017987543, ""num_layers"": 5, ""weight_decay"": 0.014710210718735002}","{""time"": 10.81147289276123, ""val_accuracy"": 95.30162811279297, ""val_cross_entropy"": 0.4521890878677368, ""val_balanced_accuracy"": 0.6871333122253418, ""test_cross_entropy"": 0.6144098043441772, ""test_balanced_accuracy"": 0.6870795488357544}"
2026-04-14T08:02:06.027778,tpe,lcbench,3945,1,302,4.2156267166137695,"{""OpenML_task_id"": ""34539"", ""batch_size"": 213, ""epoch"": 1, ""learning_rate"": 0.03237564839146949, ""max_dropout"": 4.937766841336955e-06, ""max_units"": 104, ""momentum"": 0.11654004577299479, ""num_layers"": 5, ""weight_decay"": 0.019701939652021355}","{""time"": 4.2156267166137695, ""val_accuracy"": 71.68418884277344, ""val_cross_entropy"": 0.49985072016716003, ""val_balanced_accuracy"": 0.6033403277397156, ""test_cross_entropy"": 0.641196608543396, ""test_balanced_accuracy"": 0.5903056263923645}"
2026-04-14T08:02:06.073817,tpe,lcbench,3945,1,303,11.669072151184082,"{""OpenML_task_id"": ""34539"", ""batch_size"": 323, ""epoch"": 3, ""learning_rate"": 0.030988849529286634, ""max_dropout"": 0.0010167827227524156, ""max_units"": 119, ""momentum"": 0.10040815643714769, ""num_layers"": 5, ""weight_decay"": 0.01716293684162902}","{""time"": 11.669072151184082, ""val_accuracy"": 88.95431518554688, ""val_cross_entropy"": 0.5084351897239685, ""val_balanced_accuracy"": 0.6575507521629333, ""test_cross_entropy"": 0.6390790939331055, ""test_balanced_accuracy"": 0.6559848785400391}"
2026-04-14T08:02:06.106384,tpe,lcbench,3945,1,304,8.361387252807617,"{""OpenML_task_id"": ""34539"", ""batch_size"": 212, ""epoch"": 2, ""learning_rate"": 0.027379175265467952, ""max_dropout"": 0.03680444305300421, ""max_units"": 147, ""momentum"": 0.14410499154636233, ""num_layers"": 5, ""weight_decay"": 0.019399439234332374}","{""time"": 8.361387252807617, ""val_accuracy"": 86.9367904663086, ""val_cross_entropy"": 0.4874230623245239, ""val_balanced_accuracy"": 0.6273208260536194, ""test_cross_entropy"": 0.6334652304649353, ""test_balanced_accuracy"": 0.622590959072113}"
2026-04-14T08:02:06.170064,tpe,lcbench,3945,1,305,4.2755889892578125,"{""OpenML_task_id"": ""189908"", ""batch_size"": 216, ""epoch"": 1, ""learning_rate"": 0.03146001772053455, ""max_dropout"": 0.04137390547570049, ""max_units"": 98, ""momentum"": 0.12085224653784411, ""num_layers"": 5, ""weight_decay"": 0.01584569968507438}","{""time"": 4.2755889892578125, ""val_accuracy"": 71.14655303955078, ""val_cross_entropy"": 0.5003377795219421, ""val_balanced_accuracy"": 0.6021229028701782, ""test_cross_entropy"": 0.6423226594924927, ""test_balanced_accuracy"": 0.5891751646995544}"
2026-04-14T08:02:06.206614,tpe,lcbench,3945,1,306,10.64692497253418,"{""OpenML_task_id"": ""34539"", ""batch_size"": 178, ""epoch"": 3, ""learning_rate"": 0.03175347807988669, ""max_dropout"": 0.00022887613473155472, ""max_units"": 110, ""momentum"": 0.14768613085590393, ""num_layers"": 5, ""weight_decay"": 0.0034454552531993643}","{""time"": 10.64692497253418, ""val_accuracy"": 92.86873626708984, ""val_cross_entropy"": 0.43576616048812866, ""val_balanced_accuracy"": 0.6958751082420349, ""test_cross_entropy"": 0.5997154116630554, ""test_balanced_accuracy"": 0.6947398781776428}"
2026-04-14T08:02:06.251580,tpe,lcbench,3945,1,307,37.43749237060547,"{""OpenML_task_id"": ""189862"", ""batch_size"": 224, ""epoch"": 25, ""learning_rate"": 0.04247925927720442, ""max_dropout"": 0.01733800272895265, ""max_units"": 132, ""momentum"": 0.190339015340365, ""num_layers"": 5, ""weight_decay"": 0.018349365401817214}","{""time"": 37.43749237060547, ""val_accuracy"": 97.73261260986328, ""val_cross_entropy"": 0.3276873826980591, ""val_balanced_accuracy"": 0.7407425045967102, ""test_cross_entropy"": 0.5321667194366455, ""test_balanced_accuracy"": 0.7371723651885986}"
2026-04-14T08:02:06.289023,tpe,lcbench,3945,1,308,31.749446868896484,"{""OpenML_task_id"": ""34539"", ""batch_size"": 338, ""epoch"": 16, ""learning_rate"": 0.06665064142717558, ""max_dropout"": 0.05398876479159003, ""max_units"": 96, ""momentum"": 0.11521798818765924, ""num_layers"": 5, ""weight_decay"": 0.020117891961601714}","{""time"": 31.749446868896484, ""val_accuracy"": 96.82752227783203, ""val_cross_entropy"": 0.3796299695968628, ""val_balanced_accuracy"": 0.7203595042228699, ""test_cross_entropy"": 0.5737165212631226, ""test_balanced_accuracy"": 0.7181344032287598}"
2026-04-14T08:02:06.322711,tpe,lcbench,3945,1,309,4.3355512619018555,"{""OpenML_task_id"": ""189354"", ""batch_size"": 200, ""epoch"": 1, ""learning_rate"": 0.03917678423244376, ""max_dropout"": 0.03157043124644417, ""max_units"": 118, ""momentum"": 0.10036959366140716, ""num_layers"": 5, ""weight_decay"": 0.013858316897617231}","{""time"": 4.3355512619018555, ""val_accuracy"": 71.07521057128906, ""val_cross_entropy"": 0.5054922103881836, ""val_balanced_accuracy"": 0.5992951393127441, ""test_cross_entropy"": 0.6432091593742371, ""test_balanced_accuracy"": 0.5868647694587708}"
2026-04-14T08:02:06.357682,tpe,lcbench,3945,1,310,6.006126880645752,"{""OpenML_task_id"": ""189905"", ""batch_size"": 232, ""epoch"": 2, ""learning_rate"": 0.08904470816198161, ""max_dropout"": 0.07122470014226144, ""max_units"": 65, ""momentum"": 0.16625454060901268, ""num_layers"": 5, ""weight_decay"": 0.017808661671467222}","{""time"": 6.006126880645752, ""val_accuracy"": 91.34457397460938, ""val_cross_entropy"": 0.45320844650268555, ""val_balanced_accuracy"": 0.6637529134750366, ""test_cross_entropy"": 0.6185072660446167, ""test_balanced_accuracy"": 0.6608890295028687}"
2026-04-14T08:02:06.396752,tpe,lcbench,3945,1,311,4.045501232147217,"{""OpenML_task_id"": ""189909"", ""batch_size"": 192, ""epoch"": 1, ""learning_rate"": 0.029501734861630505, ""max_dropout"": 0.016458378775411592, ""max_units"": 93, ""momentum"": 0.13442662098811278, ""num_layers"": 5, ""weight_decay"": 0.022318367285861954}","{""time"": 4.045501232147217, ""val_accuracy"": 73.1634521484375, ""val_cross_entropy"": 0.49498817324638367, ""val_balanced_accuracy"": 0.6047805547714233, ""test_cross_entropy"": 0.6393355131149292, ""test_balanced_accuracy"": 0.5914878845214844}"
2026-04-14T08:02:06.438891,tpe,lcbench,3945,1,312,11.67325496673584,"{""OpenML_task_id"": ""189909"", ""batch_size"": 191, ""epoch"": 2, ""learning_rate"": 0.02852636450129928, ""max_dropout"": 0.017368722933706417, ""max_units"": 91, ""momentum"": 0.13339369083352967, ""num_layers"": 2, ""weight_decay"": 0.02247309676166929}","{""time"": 11.67325496673584, ""val_accuracy"": 72.76459503173828, ""val_cross_entropy"": 0.49084699153900146, ""val_balanced_accuracy"": 0.6691489219665527, ""test_cross_entropy"": 0.610041081905365, ""test_balanced_accuracy"": 0.6654717922210693}"
2026-04-14T08:02:06.473146,tpe,lcbench,3945,1,313,13.349409103393555,"{""OpenML_task_id"": ""189909"", ""batch_size"": 186, ""epoch"": 5, ""learning_rate"": 0.024942078415311174, ""max_dropout"": 0.0022840448661972644, ""max_units"": 133, ""momentum"": 0.15162685574239598, ""num_layers"": 5, ""weight_decay"": 0.02137867916818177}","{""time"": 13.349409103393555, ""val_accuracy"": 96.1396255493164, ""val_cross_entropy"": 0.45429667830467224, ""val_balanced_accuracy"": 0.6782218217849731, ""test_cross_entropy"": 0.6155636310577393, ""test_balanced_accuracy"": 0.6798251867294312}"
2026-04-14T08:02:06.507112,tpe,lcbench,3945,1,314,4.498703956604004,"{""OpenML_task_id"": ""189909"", ""batch_size"": 479, ""epoch"": 1, ""learning_rate"": 0.029553617669713313, ""max_dropout"": 0.03353573477525976, ""max_units"": 84, ""momentum"": 0.1778919319671387, ""num_layers"": 5, ""weight_decay"": 0.02497635865321395}","{""time"": 4.498703956604004, ""val_accuracy"": 63.76185989379883, ""val_cross_entropy"": 0.48730385303497314, ""val_balanced_accuracy"": 0.6005997061729431, ""test_cross_entropy"": 0.6528952121734619, ""test_balanced_accuracy"": 0.5886797904968262}"
2026-04-14T08:02:06.556056,tpe,lcbench,3945,1,315,10.666447639465332,"{""OpenML_task_id"": ""167184"", ""batch_size"": 176, ""epoch"": 4, ""learning_rate"": 0.027632091776977688, ""max_dropout"": 0.01901222115751411, ""max_units"": 103, ""momentum"": 0.13471228778437963, ""num_layers"": 5, ""weight_decay"": 0.020298252972191694}","{""time"": 10.666447639465332, ""val_accuracy"": 95.85472869873047, ""val_cross_entropy"": 0.4498728811740875, ""val_balanced_accuracy"": 0.678981602191925, ""test_cross_entropy"": 0.616042971611023, ""test_balanced_accuracy"": 0.6798368692398071}"
2026-04-14T08:02:06.599860,tpe,lcbench,3945,1,316,9.177152633666992,"{""OpenML_task_id"": ""189906"", ""batch_size"": 198, ""epoch"": 3, ""learning_rate"": 0.030061464947137025, ""max_dropout"": 0.0011354104031464085, ""max_units"": 77, ""momentum"": 0.15594549794383641, ""num_layers"": 5, ""weight_decay"": 0.0227924700184735}","{""time"": 9.177152633666992, ""val_accuracy"": 94.1299057006836, ""val_cross_entropy"": 0.458635151386261, ""val_balanced_accuracy"": 0.6688069701194763, ""test_cross_entropy"": 0.6234607100486755, ""test_balanced_accuracy"": 0.6673924922943115}"
2026-04-14T08:02:06.645571,tpe,lcbench,3945,1,317,4.051079273223877,"{""OpenML_task_id"": ""168330"", ""batch_size"": 498, ""epoch"": 1, ""learning_rate"": 0.07148236169995666, ""max_dropout"": 0.040700617267191166, ""max_units"": 65, ""momentum"": 0.1301146396678299, ""num_layers"": 5, ""weight_decay"": 0.0195958531351988}","{""time"": 4.051079273223877, ""val_accuracy"": 65.48004913330078, ""val_cross_entropy"": 0.4963034987449646, ""val_balanced_accuracy"": 0.6048139929771423, ""test_cross_entropy"": 0.6551270484924316, ""test_balanced_accuracy"": 0.5930977463722229}"
2026-04-14T08:02:06.689054,tpe,lcbench,3945,1,318,7.160748481750488,"{""OpenML_task_id"": ""168330"", ""batch_size"": 482, ""epoch"": 2, ""learning_rate"": 0.07216248968713031, ""max_dropout"": 0.04560020814575793, ""max_units"": 65, ""momentum"": 0.13533553412460403, ""num_layers"": 5, ""weight_decay"": 0.018927908884552}","{""time"": 7.160748481750488, ""val_accuracy"": 84.30414581298828, ""val_cross_entropy"": 0.4809410274028778, ""val_balanced_accuracy"": 0.6433411836624146, ""test_cross_entropy"": 0.6467188596725464, ""test_balanced_accuracy"": 0.6404847502708435}"
2026-04-14T08:02:06.723262,tpe,lcbench,3945,1,319,68.6722412109375,"{""OpenML_task_id"": ""168330"", ""batch_size"": 499, ""epoch"": 45, ""learning_rate"": 0.07104733279847311, ""max_dropout"": 0.039433046171199554, ""max_units"": 117, ""momentum"": 0.1661987558529056, ""num_layers"": 5, ""weight_decay"": 0.01571628005745726}","{""time"": 68.6722412109375, ""val_accuracy"": 97.60184478759766, ""val_cross_entropy"": 0.3156563639640808, ""val_balanced_accuracy"": 0.7860866189002991, ""test_cross_entropy"": 0.5331234335899353, ""test_balanced_accuracy"": 0.7805898189544678}"
2026-04-14T08:02:06.756494,tpe,lcbench,3945,1,320,7.091024875640869,"{""OpenML_task_id"": ""189866"", ""batch_size"": 501, ""epoch"": 1, ""learning_rate"": 0.0755133989342795, ""max_dropout"": 0.0602770461506706, ""max_units"": 64, ""momentum"": 0.15103408197119864, ""num_layers"": 3, ""weight_decay"": 0.019864576931301718}","{""time"": 7.091024875640869, ""val_accuracy"": 45.016357421875, ""val_cross_entropy"": 0.7272850275039673, ""val_balanced_accuracy"": 0.5082418322563171, ""test_cross_entropy"": 0.6837648153305054, ""test_balanced_accuracy"": 0.5113231539726257}"
2026-04-14T08:02:06.805631,tpe,lcbench,3945,1,321,7.6125569343566895,"{""OpenML_task_id"": ""168330"", ""batch_size"": 495, ""epoch"": 2, ""learning_rate"": 0.06912886379374551, ""max_dropout"": 0.03025583778672366, ""max_units"": 84, ""momentum"": 0.12983847009895505, ""num_layers"": 5, ""weight_decay"": 0.023543133990668187}","{""time"": 7.6125569343566895, ""val_accuracy"": 83.47309112548828, ""val_cross_entropy"": 0.4780452847480774, ""val_balanced_accuracy"": 0.6382116675376892, ""test_cross_entropy"": 0.6475843191146851, ""test_balanced_accuracy"": 0.6353247165679932}"
2026-04-14T08:02:06.840498,tpe,lcbench,3945,1,322,11.511496543884277,"{""OpenML_task_id"": ""7593"", ""batch_size"": 471, ""epoch"": 3, ""learning_rate"": 0.06320131219823286, ""max_dropout"": 0.08220095364327239, ""max_units"": 104, ""momentum"": 0.18038291392850814, ""num_layers"": 5, ""weight_decay"": 0.01789725355534982}","{""time"": 11.511496543884277, ""val_accuracy"": 89.62395477294922, ""val_cross_entropy"": 0.49255794286727905, ""val_balanced_accuracy"": 0.6715987920761108, ""test_cross_entropy"": 0.6430381536483765, ""test_balanced_accuracy"": 0.6723024249076843}"
2026-04-14T08:02:06.873188,tpe,lcbench,3945,1,323,7.906790256500244,"{""OpenML_task_id"": ""168331"", ""batch_size"": 309, ""epoch"": 1, ""learning_rate"": 0.06689020665364673, ""max_dropout"": 0.04924580225378283, ""max_units"": 349, ""momentum"": 0.11933914067718983, ""num_layers"": 5, ""weight_decay"": 0.021958140456308416}","{""time"": 7.906790256500244, ""val_accuracy"": 61.895782470703125, ""val_cross_entropy"": 0.5371255278587341, ""val_balanced_accuracy"": 0.5807526707649231, ""test_cross_entropy"": 0.6519128084182739, ""test_balanced_accuracy"": 0.5720871090888977}"
2026-04-14T08:02:06.920263,tpe,lcbench,3945,1,324,6.085611820220947,"{""OpenML_task_id"": ""167200"", ""batch_size"": 213, ""epoch"": 2, ""learning_rate"": 0.05829277311555992, ""max_dropout"": 0.017889641743190316, ""max_units"": 64, ""momentum"": 0.14133194428251963, ""num_layers"": 5, ""weight_decay"": 0.01593288688394412}","{""time"": 6.085611820220947, ""val_accuracy"": 90.92808532714844, ""val_cross_entropy"": 0.45965760946273804, ""val_balanced_accuracy"": 0.6597617864608765, ""test_cross_entropy"": 0.6224558353424072, ""test_balanced_accuracy"": 0.6564217209815979}"
2026-04-14T08:02:06.955473,tpe,lcbench,3945,1,325,15.56522274017334,"{""OpenML_task_id"": ""189865"", ""batch_size"": 488, ""epoch"": 4, ""learning_rate"": 0.07297030643290754, ""max_dropout"": 0.03260333557923524, ""max_units"": 150, ""momentum"": 0.16143767171141696, ""num_layers"": 5, ""weight_decay"": 0.025659578750552407}","{""time"": 15.56522274017334, ""val_accuracy"": 92.146728515625, ""val_cross_entropy"": 0.49178004264831543, ""val_balanced_accuracy"": 0.6796035170555115, ""test_cross_entropy"": 0.6419435739517212, ""test_balanced_accuracy"": 0.6829208731651306}"
2026-04-14T08:02:06.989623,tpe,lcbench,3945,1,326,4.332762241363525,"{""OpenML_task_id"": ""34539"", ""batch_size"": 191, ""epoch"": 1, ""learning_rate"": 0.03271645980575487, ""max_dropout"": 0.020012691032153074, ""max_units"": 125, ""momentum"": 0.1195409745325487, ""num_layers"": 5, ""weight_decay"": 0.01966543704384164}","{""time"": 4.332762241363525, ""val_accuracy"": 72.10489654541016, ""val_cross_entropy"": 0.5011506080627441, ""val_balanced_accuracy"": 0.6006214618682861, ""test_cross_entropy"": 0.6411871910095215, ""test_balanced_accuracy"": 0.5880165696144104}"
2026-04-14T08:02:07.029572,tpe,lcbench,3945,1,327,14.131707191467285,"{""OpenML_task_id"": ""167161"", ""batch_size"": 510, ""epoch"": 3, ""learning_rate"": 0.023935833416489843, ""max_dropout"": 0.06750780451037587, ""max_units"": 98, ""momentum"": 0.1372469979995241, ""num_layers"": 5, ""weight_decay"": 0.01770993174540078}","{""time"": 14.131707191467285, ""val_accuracy"": 79.95652770996094, ""val_cross_entropy"": 0.49445486068725586, ""val_balanced_accuracy"": 0.621314525604248, ""test_cross_entropy"": 0.6569955348968506, ""test_balanced_accuracy"": 0.6198278665542603}"
2026-04-14T08:02:07.073117,tpe,lcbench,3945,1,328,6.2348198890686035,"{""OpenML_task_id"": ""168910"", ""batch_size"": 206, ""epoch"": 2, ""learning_rate"": 0.05576345440968611, ""max_dropout"": 0.04590011711528098, ""max_units"": 82, ""momentum"": 0.11614322807814739, ""num_layers"": 5, ""weight_decay"": 0.012557956780697994}","{""time"": 6.2348198890686035, ""val_accuracy"": 90.591552734375, ""val_cross_entropy"": 0.46180424094200134, ""val_balanced_accuracy"": 0.6623958349227905, ""test_cross_entropy"": 0.6218001842498779, ""test_balanced_accuracy"": 0.6593265533447266}"
2026-04-14T08:02:07.109800,tpe,lcbench,3945,1,329,4.172398090362549,"{""OpenML_task_id"": ""167201"", ""batch_size"": 183, ""epoch"": 1, ""learning_rate"": 0.06494502499652394, ""max_dropout"": 0.0001003282705157411, ""max_units"": 113, ""momentum"": 0.19747474144909688, ""num_layers"": 5, ""weight_decay"": 0.02138385216010962}","{""time"": 4.172398090362549, ""val_accuracy"": 73.23577117919922, ""val_cross_entropy"": 0.5010406374931335, ""val_balanced_accuracy"": 0.5992220044136047, ""test_cross_entropy"": 0.6389032602310181, ""test_balanced_accuracy"": 0.5864473581314087}"
2026-04-14T08:02:07.156571,tpe,lcbench,3945,1,330,4.056656837463379,"{""OpenML_task_id"": ""167201"", ""batch_size"": 178, ""epoch"": 1, ""learning_rate"": 0.0794697982978107, ""max_dropout"": 0.0023088452776796227, ""max_units"": 115, ""momentum"": 0.14692594904714568, ""num_layers"": 5, ""weight_decay"": 0.021236311601700916}","{""time"": 4.056656837463379, ""val_accuracy"": 73.4290771484375, ""val_cross_entropy"": 0.4999462962150574, ""val_balanced_accuracy"": 0.5984270572662354, ""test_cross_entropy"": 0.6388530135154724, ""test_balanced_accuracy"": 0.5862035751342773}"
2026-04-14T08:02:07.190507,tpe,lcbench,3945,1,331,6.144179344177246,"{""OpenML_task_id"": ""189909"", ""batch_size"": 182, ""epoch"": 2, ""learning_rate"": 0.09024938227774604, ""max_dropout"": 0.0004820671666945196, ""max_units"": 135, ""momentum"": 0.20246239676674344, ""num_layers"": 5, ""weight_decay"": 0.02303564506336356}","{""time"": 6.144179344177246, ""val_accuracy"": 91.90169525146484, ""val_cross_entropy"": 0.4472093880176544, ""val_balanced_accuracy"": 0.659614622592926, ""test_cross_entropy"": 0.6139490604400635, ""test_balanced_accuracy"": 0.6573702096939087}"
2026-04-14T08:02:07.239396,tpe,lcbench,3945,1,332,14.605827331542969,"{""OpenML_task_id"": ""167201"", ""batch_size"": 162, ""epoch"": 1, ""learning_rate"": 0.07823784149235066, ""max_dropout"": 0.016531910828170276, ""max_units"": 612, ""momentum"": 0.18173721035470247, ""num_layers"": 5, ""weight_decay"": 0.02017825930545322}","{""time"": 14.605827331542969, ""val_accuracy"": 62.485313415527344, ""val_cross_entropy"": 0.5488996505737305, ""val_balanced_accuracy"": 0.5468094944953918, ""test_cross_entropy"": 0.6601841449737549, ""test_balanced_accuracy"": 0.5393566489219666}"
2026-04-14T08:02:07.273336,tpe,lcbench,3945,1,333,38.26580810546875,"{""OpenML_task_id"": ""167201"", ""batch_size"": 176, ""epoch"": 3, ""learning_rate"": 0.026894564017776117, ""max_dropout"": 0.0014879241117912556, ""max_units"": 894, ""momentum"": 0.16674210986187699, ""num_layers"": 5, ""weight_decay"": 0.02500435061602642}","{""time"": 38.26580810546875, ""val_accuracy"": 88.21460723876953, ""val_cross_entropy"": 0.5422254204750061, ""val_balanced_accuracy"": 0.6531097292900085, ""test_cross_entropy"": 0.6339594721794128, ""test_balanced_accuracy"": 0.6557422280311584}"
2026-04-14T08:02:07.328729,tpe,lcbench,3945,1,334,12.239410400390625,"{""OpenML_task_id"": ""167201"", ""batch_size"": 177, ""epoch"": 5, ""learning_rate"": 0.0629562165805046, ""max_dropout"": 0.016987384652114572, ""max_units"": 157, ""momentum"": 0.1486498259447045, ""num_layers"": 5, ""weight_decay"": 0.018300268740560188}","{""time"": 12.239410400390625, ""val_accuracy"": 96.47468566894531, ""val_cross_entropy"": 0.39193329215049744, ""val_balanced_accuracy"": 0.7272289991378784, ""test_cross_entropy"": 0.5725277662277222, ""test_balanced_accuracy"": 0.7248733639717102}"
2026-04-14T08:02:07.368941,tpe,lcbench,3945,1,335,7.594429016113281,"{""OpenML_task_id"": ""189908"", ""batch_size"": 189, ""epoch"": 3, ""learning_rate"": 0.06917826120338165, ""max_dropout"": 0.019560615917677483, ""max_units"": 114, ""momentum"": 0.1345995070284278, ""num_layers"": 5, ""weight_decay"": 0.014685764952755712}","{""time"": 7.594429016113281, ""val_accuracy"": 94.99492645263672, ""val_cross_entropy"": 0.42330971360206604, ""val_balanced_accuracy"": 0.7118747234344482, ""test_cross_entropy"": 0.5927174091339111, ""test_balanced_accuracy"": 0.7102296948432922}"
2026-04-14T08:02:07.408086,tpe,lcbench,3945,1,336,4.101280212402344,"{""OpenML_task_id"": ""189862"", ""batch_size"": 183, ""epoch"": 1, ""learning_rate"": 0.08409024444116013, ""max_dropout"": 0.02942295913157283, ""max_units"": 113, ""momentum"": 0.1523270127786832, ""num_layers"": 5, ""weight_decay"": 0.021992452801487667}","{""time"": 4.101280212402344, ""val_accuracy"": 73.32354736328125, ""val_cross_entropy"": 0.4976167678833008, ""val_balanced_accuracy"": 0.5987604260444641, ""test_cross_entropy"": 0.6387356519699097, ""test_balanced_accuracy"": 0.5866946578025818}"
2026-04-14T08:02:07.449086,tpe,lcbench,3945,1,337,6.2947821617126465,"{""OpenML_task_id"": ""189862"", ""batch_size"": 181, ""epoch"": 2, ""learning_rate"": 0.07695046013376464, ""max_dropout"": 0.03348816676243954, ""max_units"": 130, ""momentum"": 0.18903964300882165, ""num_layers"": 5, ""weight_decay"": 0.02407618970085014}","{""time"": 6.2947821617126465, ""val_accuracy"": 91.73637390136719, ""val_cross_entropy"": 0.45361125469207764, ""val_balanced_accuracy"": 0.6527884006500244, ""test_cross_entropy"": 0.6195300221443176, ""test_balanced_accuracy"": 0.6508154273033142}"
2026-04-14T08:02:07.491327,tpe,lcbench,3945,1,338,123.15281677246094,"{""OpenML_task_id"": ""3945"", ""batch_size"": 159, ""epoch"": 39, ""learning_rate"": 0.08168914502996988, ""max_dropout"": 1.1711054548026872e-05, ""max_units"": 149, ""momentum"": 0.8281165853347006, ""num_layers"": 5, ""weight_decay"": 0.022086854250375633}","{""time"": 123.15281677246094, ""val_accuracy"": 97.75349426269531, ""val_cross_entropy"": 0.3621876537799835, ""val_balanced_accuracy"": 0.6871752142906189, ""test_cross_entropy"": 0.5464093089103699, ""test_balanced_accuracy"": 0.686558187007904}"
2026-04-14T08:02:07.540296,tpe,lcbench,3945,1,339,4.367623805999756,"{""OpenML_task_id"": ""189862"", ""batch_size"": 169, ""epoch"": 1, ""learning_rate"": 0.08085993210007512, ""max_dropout"": 0.5297777499742996, ""max_units"": 114, ""momentum"": 0.16601178468744737, ""num_layers"": 5, ""weight_decay"": 0.019558066731469103}","{""time"": 4.367623805999756, ""val_accuracy"": 71.55072784423828, ""val_cross_entropy"": 0.48546960949897766, ""val_balanced_accuracy"": 0.5913107991218567, ""test_cross_entropy"": 0.6425970196723938, ""test_balanced_accuracy"": 0.5804370641708374}"
2026-04-14T08:02:07.573275,tpe,lcbench,3945,1,340,9.449074745178223,"{""OpenML_task_id"": ""167201"", ""batch_size"": 196, ""epoch"": 4, ""learning_rate"": 0.08474206971267398, ""max_dropout"": 0.031465488435280665, ""max_units"": 107, ""momentum"": 0.15050611563943478, ""num_layers"": 5, ""weight_decay"": 0.016625787553111823}","{""time"": 9.449074745178223, ""val_accuracy"": 96.08536529541016, ""val_cross_entropy"": 0.38894301652908325, ""val_balanced_accuracy"": 0.7303621768951416, ""test_cross_entropy"": 0.5745019316673279, ""test_balanced_accuracy"": 0.7274662256240845}"
2026-04-14T08:02:07.622015,tpe,lcbench,3945,1,341,6.39518404006958,"{""OpenML_task_id"": ""167201"", ""batch_size"": 186, ""epoch"": 2, ""learning_rate"": 0.09638722090493074, ""max_dropout"": 0.054393385317624575, ""max_units"": 137, ""momentum"": 0.14961518230725765, ""num_layers"": 5, ""weight_decay"": 0.02715588816777621}","{""time"": 6.39518404006958, ""val_accuracy"": 91.73567962646484, ""val_cross_entropy"": 0.4492183327674866, ""val_balanced_accuracy"": 0.6478566527366638, ""test_cross_entropy"": 0.6199334859848022, ""test_balanced_accuracy"": 0.646416187286377}"
2026-04-14T08:02:07.670803,tpe,lcbench,3945,1,342,4.126380443572998,"{""OpenML_task_id"": ""189862"", ""batch_size"": 198, ""epoch"": 1, ""learning_rate"": 0.08449977098074866, ""max_dropout"": 0.019473969270095412, ""max_units"": 100, ""momentum"": 0.17192342135862348, ""num_layers"": 5, ""weight_decay"": 0.018423441078185124}","{""time"": 4.126380443572998, ""val_accuracy"": 72.89823150634766, ""val_cross_entropy"": 0.5002196431159973, ""val_balanced_accuracy"": 0.5993660092353821, ""test_cross_entropy"": 0.6399863958358765, ""test_balanced_accuracy"": 0.5867863893508911}"
2026-04-14T08:02:07.705921,tpe,lcbench,3945,1,343,4.527987957000732,"{""OpenML_task_id"": ""189862"", ""batch_size"": 196, ""epoch"": 1, ""learning_rate"": 0.08568503383480185, ""max_dropout"": 0.06995149819378854, ""max_units"": 119, ""momentum"": 0.199645850212082, ""num_layers"": 5, ""weight_decay"": 0.014340742453845387}","{""time"": 4.527987957000732, ""val_accuracy"": 71.75572967529297, ""val_cross_entropy"": 0.506347119808197, ""val_balanced_accuracy"": 0.5964818596839905, ""test_cross_entropy"": 0.6422193050384521, ""test_balanced_accuracy"": 0.5839304327964783}"
2026-04-14T08:02:07.750112,tpe,lcbench,3945,1,344,15.494104385375977,"{""OpenML_task_id"": ""189862"", ""batch_size"": 176, ""epoch"": 3, ""learning_rate"": 0.08382854319089267, ""max_dropout"": 0.032394733163648375, ""max_units"": 395, ""momentum"": 0.17638449588912067, ""num_layers"": 5, ""weight_decay"": 0.016306784247870666}","{""time"": 15.494104385375977, ""val_accuracy"": 93.37992858886719, ""val_cross_entropy"": 0.412632018327713, ""val_balanced_accuracy"": 0.7364093065261841, ""test_cross_entropy"": 0.5686713457107544, ""test_balanced_accuracy"": 0.7333088517189026}"
2026-04-14T08:02:07.788820,tpe,lcbench,3945,1,345,5.703526496887207,"{""OpenML_task_id"": ""189862"", ""batch_size"": 190, ""epoch"": 2, ""learning_rate"": 0.0875622522247652, ""max_dropout"": 0.051700484375810894, ""max_units"": 98, ""momentum"": 0.17169659052693753, ""num_layers"": 5, ""weight_decay"": 0.01860305773046362}","{""time"": 5.703526496887207, ""val_accuracy"": 92.14005279541016, ""val_cross_entropy"": 0.4430394172668457, ""val_balanced_accuracy"": 0.6685799360275269, ""test_cross_entropy"": 0.6124496459960938, ""test_balanced_accuracy"": 0.66612708568573}"
2026-04-14T08:02:07.828183,tpe,lcbench,3945,1,346,54.40541076660156,"{""OpenML_task_id"": ""126026"", ""batch_size"": 198, ""epoch"": 35, ""learning_rate"": 0.09250777295653577, ""max_dropout"": 0.10234173726584236, ""max_units"": 133, ""momentum"": 0.19376311325354229, ""num_layers"": 5, ""weight_decay"": 0.010555457732571582}","{""time"": 54.40541076660156, ""val_accuracy"": 97.59141540527344, ""val_cross_entropy"": 0.24802657961845398, ""val_balanced_accuracy"": 0.8008419275283813, ""test_cross_entropy"": 0.46336522698402405, ""test_balanced_accuracy"": 0.7932150959968567}"
2026-04-14T08:02:07.860610,tpe,lcbench,3945,1,347,5.087170600891113,"{""OpenML_task_id"": ""34539"", ""batch_size"": 202, ""epoch"": 1, ""learning_rate"": 0.08494123409979527, ""max_dropout"": 0.023229220454187665, ""max_units"": 162, ""momentum"": 0.22404267710868364, ""num_layers"": 5, ""weight_decay"": 0.017808038465297923}","{""time"": 5.087170600891113, ""val_accuracy"": 70.9327392578125, ""val_cross_entropy"": 0.5141198039054871, ""val_balanced_accuracy"": 0.5935922861099243, ""test_cross_entropy"": 0.642673909664154, ""test_balanced_accuracy"": 0.5812746286392212}"
2026-04-14T08:02:07.906120,tpe,lcbench,3945,1,348,19.130882263183594,"{""OpenML_task_id"": ""189862"", ""batch_size"": 177, ""epoch"": 11, ""learning_rate"": 0.08249692594768623, ""max_dropout"": 0.03614716616260106, ""max_units"": 111, ""momentum"": 0.16115181304501003, ""num_layers"": 5, ""weight_decay"": 0.01990048926996596}","{""time"": 19.130882263183594, ""val_accuracy"": 97.61561584472656, ""val_cross_entropy"": 0.3392621576786041, ""val_balanced_accuracy"": 0.738351583480835, ""test_cross_entropy"": 0.5394301414489746, ""test_balanced_accuracy"": 0.7352261543273926}"
2026-04-14T08:02:07.955347,tpe,lcbench,3945,1,349,5.520851135253906,"{""OpenML_task_id"": ""167201"", ""batch_size"": 187, ""epoch"": 2, ""learning_rate"": 0.08358714682835346, ""max_dropout"": 0.08004070066255992, ""max_units"": 81, ""momentum"": 0.14419301103657928, ""num_layers"": 5, ""weight_decay"": 0.01600648183452022}","{""time"": 5.520851135253906, ""val_accuracy"": 92.2269058227539, ""val_cross_entropy"": 0.44131922721862793, ""val_balanced_accuracy"": 0.670322835445404, ""test_cross_entropy"": 0.6123661398887634, ""test_balanced_accuracy"": 0.6678355932235718}"
2026-04-14T08:02:08.005696,tpe,lcbench,3945,1,350,9.42397403717041,"{""OpenML_task_id"": ""189866"", ""batch_size"": 205, ""epoch"": 4, ""learning_rate"": 0.08021924614930871, ""max_dropout"": 0.02186659185307914, ""max_units"": 97, ""momentum"": 0.15884687931089728, ""num_layers"": 5, ""weight_decay"": 0.020469983333379994}","{""time"": 9.42397403717041, ""val_accuracy"": 96.12569427490234, ""val_cross_entropy"": 0.40641099214553833, ""val_balanced_accuracy"": 0.7107635736465454, ""test_cross_entropy"": 0.5912275314331055, ""test_balanced_accuracy"": 0.7097584009170532}"
2026-04-14T08:02:08.048964,tpe,lcbench,3945,1,351,8.62354850769043,"{""OpenML_task_id"": ""167181"", ""batch_size"": 164, ""epoch"": 1, ""learning_rate"": 0.08724960116938514, ""max_dropout"": 0.05244739506568184, ""max_units"": 121, ""momentum"": 0.1307091393975406, ""num_layers"": 2, ""weight_decay"": 0.02308875169727696}","{""time"": 8.62354850769043, ""val_accuracy"": 44.360389709472656, ""val_cross_entropy"": 0.6652494668960571, ""val_balanced_accuracy"": 0.5227993130683899, ""test_cross_entropy"": 0.6783266067504883, ""test_balanced_accuracy"": 0.538030207157135}"
2026-04-14T08:02:08.089865,tpe,lcbench,3945,1,352,7.600006580352783,"{""OpenML_task_id"": ""168908"", ""batch_size"": 183, ""epoch"": 3, ""learning_rate"": 0.06523418778836396, ""max_dropout"": 0.392871907736899, ""max_units"": 64, ""momentum"": 0.18703441888961198, ""num_layers"": 5, ""weight_decay"": 0.018115303224434547}","{""time"": 7.600006580352783, ""val_accuracy"": 95.42312622070312, ""val_cross_entropy"": 0.42593520879745483, ""val_balanced_accuracy"": 0.6794816851615906, ""test_cross_entropy"": 0.6113085746765137, ""test_balanced_accuracy"": 0.6804453134536743}"
2026-04-14T08:02:08.123431,tpe,lcbench,3945,1,353,13.394031524658203,"{""OpenML_task_id"": ""146212"", ""batch_size"": 195, ""epoch"": 2, ""learning_rate"": 0.08694062031998899, ""max_dropout"": 0.01711932893000721, ""max_units"": 99, ""momentum"": 0.11488526170703411, ""num_layers"": 1, ""weight_decay"": 0.012708382251763607}","{""time"": 13.394031524658203, ""val_accuracy"": 69.75408935546875, ""val_cross_entropy"": 0.6007477045059204, ""val_balanced_accuracy"": 0.7236508131027222, ""test_cross_entropy"": 0.5960053205490112, ""test_balanced_accuracy"": 0.7108503580093384}"
2026-04-14T08:02:08.178503,tpe,lcbench,3945,1,354,4.36622953414917,"{""OpenML_task_id"": ""7593"", ""batch_size"": 298, ""epoch"": 1, ""learning_rate"": 0.06732432112557651, ""max_dropout"": 0.03829798325787043, ""max_units"": 83, ""momentum"": 0.14251184000907435, ""num_layers"": 5, ""weight_decay"": 0.020623921011087887}","{""time"": 4.36622953414917, ""val_accuracy"": 69.2824478149414, ""val_cross_entropy"": 0.5062700510025024, ""val_balanced_accuracy"": 0.6045982837677002, ""test_cross_entropy"": 0.644821047782898, ""test_balanced_accuracy"": 0.5919596552848816}"
2026-04-14T08:02:08.222154,tpe,lcbench,3945,1,355,9.089301109313965,"{""OpenML_task_id"": ""168330"", ""batch_size"": 212, ""epoch"": 3, ""learning_rate"": 0.07867508501475957, ""max_dropout"": 6.783428552170102e-06, ""max_units"": 144, ""momentum"": 0.17471661809044683, ""num_layers"": 5, ""weight_decay"": 0.025892405994401343}","{""time"": 9.089301109313965, ""val_accuracy"": 94.79438018798828, ""val_cross_entropy"": 0.44458696246147156, ""val_balanced_accuracy"": 0.6856709122657776, ""test_cross_entropy"": 0.607965350151062, ""test_balanced_accuracy"": 0.6862910985946655}"
2026-04-14T08:02:08.255475,tpe,lcbench,3945,1,356,7.466137409210205,"{""OpenML_task_id"": ""189909"", ""batch_size"": 170, ""epoch"": 1, ""learning_rate"": 0.05886072014438314, ""max_dropout"": 0.06407469005803107, ""max_units"": 118, ""momentum"": 0.9497219716673255, ""num_layers"": 5, ""weight_decay"": 0.016858535858177013}","{""time"": 7.466137409210205, ""val_accuracy"": 72.70674896240234, ""val_cross_entropy"": 0.5601907968521118, ""val_balanced_accuracy"": 0.5620222687721252, ""test_cross_entropy"": 0.6600619554519653, ""test_balanced_accuracy"": 0.5428792238235474}"
2026-04-14T08:02:08.304161,tpe,lcbench,3945,1,357,6.926477432250977,"{""OpenML_task_id"": ""34539"", ""batch_size"": 378, ""epoch"": 2, ""learning_rate"": 0.056634698168105915, ""max_dropout"": 0.01769893616517887, ""max_units"": 95, ""momentum"": 0.12862043162980732, ""num_layers"": 5, ""weight_decay"": 0.014279990547668157}","{""time"": 6.926477432250977, ""val_accuracy"": 84.52149963378906, ""val_cross_entropy"": 0.5044615268707275, ""val_balanced_accuracy"": 0.64251708984375, ""test_cross_entropy"": 0.6430115699768066, ""test_balanced_accuracy"": 0.6395301818847656}"
2026-04-14T08:02:08.340014,tpe,lcbench,3945,1,358,5.890385627746582,"{""OpenML_task_id"": ""167168"", ""batch_size"": 200, ""epoch"": 2, ""learning_rate"": 0.07406859451348796, ""max_dropout"": 0.04330338898505434, ""max_units"": 77, ""momentum"": 0.11692305545235925, ""num_layers"": 5, ""weight_decay"": 0.02263030382478654}","{""time"": 5.890385627746582, ""val_accuracy"": 91.61222839355469, ""val_cross_entropy"": 0.45063844323158264, ""val_balanced_accuracy"": 0.6516227722167969, ""test_cross_entropy"": 0.6224336624145508, ""test_balanced_accuracy"": 0.6491182446479797}"
2026-04-14T08:02:08.373033,tpe,lcbench,3945,1,359,3.9144210815429688,"{""OpenML_task_id"": ""167185"", ""batch_size"": 218, ""epoch"": 1, ""learning_rate"": 0.060949407810542665, ""max_dropout"": 0.020086454353223513, ""max_units"": 64, ""momentum"": 0.15997600662662864, ""num_layers"": 5, ""weight_decay"": 0.019019593438855665}","{""time"": 3.9144210815429688, ""val_accuracy"": 72.77986907958984, ""val_cross_entropy"": 0.49334093928337097, ""val_balanced_accuracy"": 0.6035728454589844, ""test_cross_entropy"": 0.639824628829956, ""test_balanced_accuracy"": 0.5904216170310974}"
2026-04-14T08:02:08.422301,tpe,lcbench,3945,1,360,8.650043487548828,"{""OpenML_task_id"": ""168335"", ""batch_size"": 186, ""epoch"": 4, ""learning_rate"": 0.06105919353025376, ""max_dropout"": 0.08163810999913167, ""max_units"": 66, ""momentum"": 0.16228725115608583, ""num_layers"": 5, ""weight_decay"": 0.018647353146362067}","{""time"": 8.650043487548828, ""val_accuracy"": 96.38749694824219, ""val_cross_entropy"": 0.40928515791893005, ""val_balanced_accuracy"": 0.7053453922271729, ""test_cross_entropy"": 0.5955430269241333, ""test_balanced_accuracy"": 0.7051395773887634}"
2026-04-14T08:02:08.455948,tpe,lcbench,3945,1,361,47.371700286865234,"{""OpenML_task_id"": ""189862"", ""batch_size"": 489, ""epoch"": 31, ""learning_rate"": 0.062604115313998, ""max_dropout"": 0.05596163591438516, ""max_units"": 81, ""momentum"": 0.2079217292909697, ""num_layers"": 5, ""weight_decay"": 0.015627869817869337}","{""time"": 47.371700286865234, ""val_accuracy"": 97.19611358642578, ""val_cross_entropy"": 0.3433961272239685, ""val_balanced_accuracy"": 0.7590278387069702, ""test_cross_entropy"": 0.5562458038330078, ""test_balanced_accuracy"": 0.755206823348999}"
2026-04-14T08:02:08.505484,tpe,lcbench,3945,1,362,4.391329765319824,"{""OpenML_task_id"": ""167185"", ""batch_size"": 221, ""epoch"": 1, ""learning_rate"": 0.06514796257635411, ""max_dropout"": 0.26689129203571405, ""max_units"": 66, ""momentum"": 0.17595537426831415, ""num_layers"": 5, ""weight_decay"": 0.029698398172689076}","{""time"": 4.391329765319824, ""val_accuracy"": 72.50884246826172, ""val_cross_entropy"": 0.48219674825668335, ""val_balanced_accuracy"": 0.5992105603218079, ""test_cross_entropy"": 0.6396166086196899, ""test_balanced_accuracy"": 0.5875681042671204}"
2026-04-14T08:02:08.540130,tpe,lcbench,3945,1,363,10.16025447845459,"{""OpenML_task_id"": ""167190"", ""batch_size"": 263, ""epoch"": 3, ""learning_rate"": 0.05951897684900622, ""max_dropout"": 0.030534317813086537, ""max_units"": 96, ""momentum"": 0.14740464077294424, ""num_layers"": 5, ""weight_decay"": 0.024728655663207585}","{""time"": 10.16025447845459, ""val_accuracy"": 93.72502136230469, ""val_cross_entropy"": 0.4672936201095581, ""val_balanced_accuracy"": 0.6763654947280884, ""test_cross_entropy"": 0.6233422756195068, ""test_balanced_accuracy"": 0.6765074133872986}"
2026-04-14T08:02:08.588764,tpe,lcbench,3945,1,364,11.15172290802002,"{""OpenML_task_id"": ""167185"", ""batch_size"": 152, ""epoch"": 6, ""learning_rate"": 0.06399197998188415, ""max_dropout"": 0.019132865866641924, ""max_units"": 81, ""momentum"": 0.15929282798933053, ""num_layers"": 5, ""weight_decay"": 0.02200347913813111}","{""time"": 11.15172290802002, ""val_accuracy"": 97.45079803466797, ""val_cross_entropy"": 0.3767342269420624, ""val_balanced_accuracy"": 0.7114322781562805, ""test_cross_entropy"": 0.5741943717002869, ""test_balanced_accuracy"": 0.7100400328636169}"
2026-04-14T08:02:08.628492,tpe,lcbench,3945,1,365,8.13129997253418,"{""OpenML_task_id"": ""167185"", ""batch_size"": 192, ""epoch"": 2, ""learning_rate"": 0.057493089264443735, ""max_dropout"": 0.8426497104398002, ""max_units"": 127, ""momentum"": 0.18972431424647443, ""num_layers"": 5, ""weight_decay"": 0.01776996997632679}","{""time"": 8.13129997253418, ""val_accuracy"": 88.48017883300781, ""val_cross_entropy"": 0.43202367424964905, ""val_balanced_accuracy"": 0.6179144382476807, ""test_cross_entropy"": 0.6178913116455078, ""test_balanced_accuracy"": 0.6133432388305664}"
2026-04-14T08:02:08.673779,tpe,lcbench,3945,1,366,4.230965614318848,"{""OpenML_task_id"": ""189908"", ""batch_size"": 206, ""epoch"": 1, ""learning_rate"": 0.054870204001822305, ""max_dropout"": 0.042761983406667814, ""max_units"": 108, ""momentum"": 0.13986669016417042, ""num_layers"": 5, ""weight_decay"": 0.020858994745324204}","{""time"": 4.230965614318848, ""val_accuracy"": 72.20922088623047, ""val_cross_entropy"": 0.49614524841308594, ""val_balanced_accuracy"": 0.601389467716217, ""test_cross_entropy"": 0.6407289505004883, ""test_balanced_accuracy"": 0.5889908671379089}"
2026-04-14T08:02:08.717287,tpe,lcbench,3945,1,367,7.243022441864014,"{""OpenML_task_id"": ""167185"", ""batch_size"": 180, ""epoch"": 3, ""learning_rate"": 0.06147467925664077, ""max_dropout"": 0.06477302490849231, ""max_units"": 80, ""momentum"": 0.15125579959742746, ""num_layers"": 5, ""weight_decay"": 0.019324080685566947}","{""time"": 7.243022441864014, ""val_accuracy"": 95.46135711669922, ""val_cross_entropy"": 0.4290354251861572, ""val_balanced_accuracy"": 0.6937758922576904, ""test_cross_entropy"": 0.6041236519813538, ""test_balanced_accuracy"": 0.6937031149864197}"
2026-04-14T08:02:08.758088,tpe,lcbench,3945,1,368,4.783175945281982,"{""OpenML_task_id"": ""167201"", ""batch_size"": 202, ""epoch"": 1, ""learning_rate"": 0.06762458857997639, ""max_dropout"": 0.018955823401226108, ""max_units"": 171, ""momentum"": 0.1338593998022192, ""num_layers"": 5, ""weight_decay"": 0.027849984529660338}","{""time"": 4.783175945281982, ""val_accuracy"": 71.52071380615234, ""val_cross_entropy"": 0.5035048127174377, ""val_balanced_accuracy"": 0.5963601469993591, ""test_cross_entropy"": 0.641014575958252, ""test_balanced_accuracy"": 0.5851233601570129}"
2026-04-14T08:02:08.793211,tpe,lcbench,3945,1,369,5.990787506103516,"{""OpenML_task_id"": ""189909"", ""batch_size"": 172, ""epoch"": 2, ""learning_rate"": 0.06510555077052625, ""max_dropout"": 0.035194661479030845, ""max_units"": 96, ""momentum"": 0.17450208085192015, ""num_layers"": 5, ""weight_decay"": 0.0082850199519923}","{""time"": 5.990787506103516, ""val_accuracy"": 91.48126983642578, ""val_cross_entropy"": 0.4478033185005188, ""val_balanced_accuracy"": 0.6776993870735168, ""test_cross_entropy"": 0.605737566947937, ""test_balanced_accuracy"": 0.6741360425949097}"
2026-04-14T08:02:08.840313,tpe,lcbench,3945,1,370,4.527987957000732,"{""OpenML_task_id"": ""189354"", ""batch_size"": 216, ""epoch"": 1, ""learning_rate"": 0.08015726764211217, ""max_dropout"": 0.09364236996422909, ""max_units"": 130, ""momentum"": 0.13007191590841988, ""num_layers"": 5, ""weight_decay"": 0.023929852054415165}","{""time"": 4.527987957000732, ""val_accuracy"": 71.53040313720703, ""val_cross_entropy"": 0.4950714111328125, ""val_balanced_accuracy"": 0.5983232259750366, ""test_cross_entropy"": 0.6410717964172363, ""test_balanced_accuracy"": 0.5869476199150085}"
2026-04-14T08:02:08.888512,tpe,lcbench,3945,1,371,51.61647033691406,"{""OpenML_task_id"": ""189905"", ""batch_size"": 190, ""epoch"": 49, ""learning_rate"": 0.06972865000784495, ""max_dropout"": 0.05316335008764781, ""max_units"": 66, ""momentum"": 0.15865682049747304, ""num_layers"": 5, ""weight_decay"": 0.014483529170625257}","{""time"": 51.61647033691406, ""val_accuracy"": 98.36734008789062, ""val_cross_entropy"": 0.2535950839519501, ""val_balanced_accuracy"": 0.7843014001846313, ""test_cross_entropy"": 0.48019829392433167, ""test_balanced_accuracy"": 0.780625581741333}"
2026-04-14T08:02:08.928166,tpe,lcbench,3945,1,372,9.019577980041504,"{""OpenML_task_id"": ""189862"", ""batch_size"": 180, ""epoch"": 4, ""learning_rate"": 0.08306527688959472, ""max_dropout"": 0.018931173844283188, ""max_units"": 104, ""momentum"": 0.10063440521308417, ""num_layers"": 5, ""weight_decay"": 0.01680243398159189}","{""time"": 9.019577980041504, ""val_accuracy"": 96.24420928955078, ""val_cross_entropy"": 0.3895626366138458, ""val_balanced_accuracy"": 0.7269807457923889, ""test_cross_entropy"": 0.5743536353111267, ""test_balanced_accuracy"": 0.7244587540626526}"
2026-04-14T08:02:08.973286,tpe,lcbench,3945,1,373,10.9592866897583,"{""OpenML_task_id"": ""168331"", ""batch_size"": 502, ""epoch"": 3, ""learning_rate"": 0.062445010721229294, ""max_dropout"": 0.03865153184797582, ""max_units"": 116, ""momentum"": 0.11457321218995496, ""num_layers"": 5, ""weight_decay"": 0.011730121218546701}","{""time"": 10.9592866897583, ""val_accuracy"": 87.85728454589844, ""val_cross_entropy"": 0.4938187897205353, ""val_balanced_accuracy"": 0.6760959029197693, ""test_cross_entropy"": 0.6439225077629089, ""test_balanced_accuracy"": 0.6775391697883606}"
2026-04-14T08:02:09.022194,tpe,lcbench,3945,1,374,8.382305145263672,"{""OpenML_task_id"": ""167184"", ""batch_size"": 193, ""epoch"": 2, ""learning_rate"": 0.02252671319716487, ""max_dropout"": 0.018977045263958686, ""max_units"": 145, ""momentum"": 0.1401591722397637, ""num_layers"": 5, ""weight_decay"": 0.021174089494634982}","{""time"": 8.382305145263672, ""val_accuracy"": 87.03202819824219, ""val_cross_entropy"": 0.48178261518478394, ""val_balanced_accuracy"": 0.6189678311347961, ""test_cross_entropy"": 0.6329553127288818, ""test_balanced_accuracy"": 0.6138184070587158}"
2026-04-14T08:02:09.056507,tpe,lcbench,3945,1,375,4.233754634857178,"{""OpenML_task_id"": ""168330"", ""batch_size"": 481, ""epoch"": 1, ""learning_rate"": 0.06051947386314756, ""max_dropout"": 0.0690758775697352, ""max_units"": 64, ""momentum"": 0.16345253254868397, ""num_layers"": 5, ""weight_decay"": 0.018294745996290065}","{""time"": 4.233754634857178, ""val_accuracy"": 65.5958023071289, ""val_cross_entropy"": 0.49998122453689575, ""val_balanced_accuracy"": 0.6018404364585876, ""test_cross_entropy"": 0.6555472016334534, ""test_balanced_accuracy"": 0.5900275707244873}"
2026-04-14T08:02:09.112020,tpe,lcbench,3945,1,376,6.368689060211182,"{""OpenML_task_id"": ""7593"", ""batch_size"": 206, ""epoch"": 2, ""learning_rate"": 0.057631964458216896, ""max_dropout"": 0.0006932760853942781, ""max_units"": 87, ""momentum"": 0.20410307411508016, ""num_layers"": 5, ""weight_decay"": 0.022930707884357547}","{""time"": 6.368689060211182, ""val_accuracy"": 90.96797943115234, ""val_cross_entropy"": 0.46317195892333984, ""val_balanced_accuracy"": 0.6506751775741577, ""test_cross_entropy"": 0.6244937181472778, ""test_balanced_accuracy"": 0.6472291946411133}"
2026-04-14T08:02:09.157255,tpe,lcbench,3945,1,377,12.424875259399414,"{""OpenML_task_id"": ""189906"", ""batch_size"": 361, ""epoch"": 3, ""learning_rate"": 0.025756507005775052, ""max_dropout"": 0.04708034298997797, ""max_units"": 95, ""momentum"": 0.127030762098221, ""num_layers"": 5, ""weight_decay"": 0.019786787045263318}","{""time"": 12.424875259399414, ""val_accuracy"": 86.88971710205078, ""val_cross_entropy"": 0.4980308711528778, ""val_balanced_accuracy"": 0.6387779712677002, ""test_cross_entropy"": 0.6437954902648926, ""test_balanced_accuracy"": 0.6363337635993958}"
2026-04-14T08:02:09.200245,tpe,lcbench,3945,1,378,13.066330909729004,"{""OpenML_task_id"": ""189873"", ""batch_size"": 240, ""epoch"": 5, ""learning_rate"": 0.0639388870308842, ""max_dropout"": 0.030766487432791357, ""max_units"": 115, ""momentum"": 0.15075651148214997, ""num_layers"": 5, ""weight_decay"": 0.01582230904166747}","{""time"": 13.066330909729004, ""val_accuracy"": 95.94544982910156, ""val_cross_entropy"": 0.39729732275009155, ""val_balanced_accuracy"": 0.7296144962310791, ""test_cross_entropy"": 0.5799980163574219, ""test_balanced_accuracy"": 0.7268240451812744}"
2026-04-14T08:02:09.243369,tpe,lcbench,3945,1,379,3.7707905769348145,"{""OpenML_task_id"": ""167200"", ""batch_size"": 201, ""epoch"": 1, ""learning_rate"": 0.0674216404945571, ""max_dropout"": 0.018888319022861547, ""max_units"": 64, ""momentum"": 0.18372639501074237, ""num_layers"": 5, ""weight_decay"": 0.0255619180931979}","{""time"": 3.7707905769348145, ""val_accuracy"": 74.22239685058594, ""val_cross_entropy"": 0.4883129596710205, ""val_balanced_accuracy"": 0.6043746471405029, ""test_cross_entropy"": 0.6368054151535034, ""test_balanced_accuracy"": 0.5914360284805298}"
2026-04-14T08:02:09.282407,tpe,lcbench,3945,1,380,4.203076362609863,"{""OpenML_task_id"": ""167200"", ""batch_size"": 221, ""epoch"": 1, ""learning_rate"": 0.06812041275856659, ""max_dropout"": 0.06982446317271418, ""max_units"": 78, ""momentum"": 0.21835089979399314, ""num_layers"": 5, ""weight_decay"": 0.02642666979809475}","{""time"": 4.203076362609863, ""val_accuracy"": 72.86028289794922, ""val_cross_entropy"": 0.49024689197540283, ""val_balanced_accuracy"": 0.6022549867630005, ""test_cross_entropy"": 0.6386175751686096, ""test_balanced_accuracy"": 0.5894910097122192}"
2026-04-14T08:02:09.323073,tpe,lcbench,3945,1,381,4.25885534286499,"{""OpenML_task_id"": ""167200"", ""batch_size"": 230, ""epoch"": 1, ""learning_rate"": 0.07105795382531258, ""max_dropout"": 0.08834602761351494, ""max_units"": 64, ""momentum"": 0.24224929607412538, ""num_layers"": 5, ""weight_decay"": 0.0274838796286696}","{""time"": 4.25885534286499, ""val_accuracy"": 72.79000091552734, ""val_cross_entropy"": 0.48941555619239807, ""val_balanced_accuracy"": 0.6021079421043396, ""test_cross_entropy"": 0.6386010646820068, ""test_balanced_accuracy"": 0.589090883731842}"
2026-04-14T08:02:09.357284,tpe,lcbench,3945,1,382,6.754957675933838,"{""OpenML_task_id"": ""167200"", ""batch_size"": 224, ""epoch"": 2, ""learning_rate"": 0.06674240014279369, ""max_dropout"": 0.06601143317825217, ""max_units"": 87, ""momentum"": 0.21171911755649458, ""num_layers"": 5, ""weight_decay"": 0.026080097152113138}","{""time"": 6.754957675933838, ""val_accuracy"": 90.6849136352539, ""val_cross_entropy"": 0.4615606963634491, ""val_balanced_accuracy"": 0.6438984870910645, ""test_cross_entropy"": 0.6264467239379883, ""test_balanced_accuracy"": 0.6405776143074036}"
2026-04-14T08:02:09.404630,tpe,lcbench,3945,1,383,8.790884971618652,"{""OpenML_task_id"": ""167200"", ""batch_size"": 218, ""epoch"": 3, ""learning_rate"": 0.06589128285595287, ""max_dropout"": 0.07655860600474329, ""max_units"": 81, ""momentum"": 0.22641615296462658, ""num_layers"": 5, ""weight_decay"": 0.02809298740895381}","{""time"": 8.790884971618652, ""val_accuracy"": 94.90437316894531, ""val_cross_entropy"": 0.4450339674949646, ""val_balanced_accuracy"": 0.6755995750427246, ""test_cross_entropy"": 0.6176506280899048, ""test_balanced_accuracy"": 0.6761423349380493}"
2026-04-14T08:02:09.448715,tpe,lcbench,3945,1,384,7.258361339569092,"{""OpenML_task_id"": ""167200"", ""batch_size"": 207, ""epoch"": 1, ""learning_rate"": 0.06652409815301123, ""max_dropout"": 0.05531848424491994, ""max_units"": 315, ""momentum"": 0.19927714381075065, ""num_layers"": 5, ""weight_decay"": 0.029533653521998066}","{""time"": 7.258361339569092, ""val_accuracy"": 67.81888580322266, ""val_cross_entropy"": 0.5268639922142029, ""val_balanced_accuracy"": 0.5812025666236877, ""test_cross_entropy"": 0.6463897824287415, ""test_balanced_accuracy"": 0.5714066028594971}"
2026-04-14T08:02:09.490341,tpe,lcbench,3945,1,385,11.161484718322754,"{""OpenML_task_id"": ""167200"", ""batch_size"": 249, ""epoch"": 4, ""learning_rate"": 0.07071126223436235, ""max_dropout"": 0.09422701563109498, ""max_units"": 93, ""momentum"": 0.19284786300669848, ""num_layers"": 5, ""weight_decay"": 0.025318361602938093}","{""time"": 11.161484718322754, ""val_accuracy"": 95.6206283569336, ""val_cross_entropy"": 0.44093698263168335, ""val_balanced_accuracy"": 0.6862779855728149, ""test_cross_entropy"": 0.6124235391616821, ""test_balanced_accuracy"": 0.687554121017456}"
2026-04-14T08:02:09.539919,tpe,lcbench,3945,1,386,6.944605350494385,"{""OpenML_task_id"": ""167200"", ""batch_size"": 235, ""epoch"": 2, ""learning_rate"": 0.06819554574476352, ""max_dropout"": 0.01875711626840597, ""max_units"": 86, ""momentum"": 0.18283097100329673, ""num_layers"": 5, ""weight_decay"": 0.025544469228363936}","{""time"": 6.944605350494385, ""val_accuracy"": 90.33584594726562, ""val_cross_entropy"": 0.46667706966400146, ""val_balanced_accuracy"": 0.6453357934951782, ""test_cross_entropy"": 0.6269187927246094, ""test_balanced_accuracy"": 0.6418740153312683}"
2026-04-14T08:02:09.588988,tpe,lcbench,3945,1,387,4.013428211212158,"{""OpenML_task_id"": ""189866"", ""batch_size"": 218, ""epoch"": 1, ""learning_rate"": 0.06391823074426203, ""max_dropout"": 0.0442444376561579, ""max_units"": 64, ""momentum"": 0.21379732778558388, ""num_layers"": 5, ""weight_decay"": 0.03035799624984005}","{""time"": 4.013428211212158, ""val_accuracy"": 73.69341278076172, ""val_cross_entropy"": 0.4875165820121765, ""val_balanced_accuracy"": 0.6042420864105225, ""test_cross_entropy"": 0.6370906829833984, ""test_balanced_accuracy"": 0.5912589430809021}"
2026-04-14T08:02:09.639287,tpe,lcbench,3945,1,388,33.513450622558594,"{""OpenML_task_id"": ""126026"", ""batch_size"": 207, ""epoch"": 3, ""learning_rate"": 0.06311320845967269, ""max_dropout"": 0.04012782825922691, ""max_units"": 837, ""momentum"": 0.1677087946164838, ""num_layers"": 5, ""weight_decay"": 0.02853295667276298}","{""time"": 33.513450622558594, ""val_accuracy"": 89.87079620361328, ""val_cross_entropy"": 0.48591867089271545, ""val_balanced_accuracy"": 0.6883479952812195, ""test_cross_entropy"": 0.6091129779815674, ""test_balanced_accuracy"": 0.6900660991668701}"
2026-04-14T08:02:09.673773,tpe,lcbench,3945,1,389,3.8419084548950195,"{""OpenML_task_id"": ""189866"", ""batch_size"": 197, ""epoch"": 1, ""learning_rate"": 0.06513767148504683, ""max_dropout"": 0.11480755779950078, ""max_units"": 64, ""momentum"": 0.17393869191232447, ""num_layers"": 5, ""weight_decay"": 0.030171304217778586}","{""time"": 3.8419084548950195, ""val_accuracy"": 74.35587310791016, ""val_cross_entropy"": 0.4807632565498352, ""val_balanced_accuracy"": 0.6043215990066528, ""test_cross_entropy"": 0.6362749338150024, ""test_balanced_accuracy"": 0.5920082330703735}"
2026-04-14T08:02:09.728953,tpe,lcbench,3945,1,390,6.064694404602051,"{""OpenML_task_id"": ""167161"", ""batch_size"": 163, ""epoch"": 2, ""learning_rate"": 0.06013822806058835, ""max_dropout"": 0.11637802753032307, ""max_units"": 77, ""momentum"": 0.23309790826484472, ""num_layers"": 5, ""weight_decay"": 0.029935695297416763}","{""time"": 6.064694404602051, ""val_accuracy"": 91.9030990600586, ""val_cross_entropy"": 0.44006043672561646, ""val_balanced_accuracy"": 0.6269476413726807, ""test_cross_entropy"": 0.623096764087677, ""test_balanced_accuracy"": 0.6230210065841675}"
2026-04-14T08:02:09.779517,tpe,lcbench,3945,1,391,16.500911712646484,"{""OpenML_task_id"": ""189866"", ""batch_size"": 184, ""epoch"": 1, ""learning_rate"": 0.06409093289450804, ""max_dropout"": 0.017992745918801015, ""max_units"": 730, ""momentum"": 0.1888895415736235, ""num_layers"": 5, ""weight_decay"": 0.031807774705929916}","{""time"": 16.500911712646484, ""val_accuracy"": 61.91242980957031, ""val_cross_entropy"": 0.5493866801261902, ""val_balanced_accuracy"": 0.5448698997497559, ""test_cross_entropy"": 0.660775899887085, ""test_balanced_accuracy"": 0.5383987426757812}"
2026-04-14T08:02:09.822034,tpe,lcbench,3945,1,392,8.506412506103516,"{""OpenML_task_id"": ""189865"", ""batch_size"": 198, ""epoch"": 3, ""learning_rate"": 0.0628051098177902, ""max_dropout"": 0.10992156540680037, ""max_units"": 65, ""momentum"": 0.20891846238316136, ""num_layers"": 5, ""weight_decay"": 0.030848846134228492}","{""time"": 8.506412506103516, ""val_accuracy"": 95.150146484375, ""val_cross_entropy"": 0.43632617592811584, ""val_balanced_accuracy"": 0.6665948033332825, ""test_cross_entropy"": 0.619166910648346, ""test_balanced_accuracy"": 0.6671124696731567}"
2026-04-14T08:02:09.858382,tpe,lcbench,3945,1,393,20.91301727294922,"{""OpenML_task_id"": ""189866"", ""batch_size"": 176, ""epoch"": 13, ""learning_rate"": 0.09007478903311135, ""max_dropout"": 0.018117346904185625, ""max_units"": 65, ""momentum"": 0.18314558774879652, ""num_layers"": 5, ""weight_decay"": 0.03197073346746593}","{""time"": 20.91301727294922, ""val_accuracy"": 97.94647216796875, ""val_cross_entropy"": 0.3836570978164673, ""val_balanced_accuracy"": 0.6476268172264099, ""test_cross_entropy"": 0.5925161838531494, ""test_balanced_accuracy"": 0.649442732334137}"
2026-04-14T08:02:09.906677,tpe,lcbench,3945,1,394,11.4696626663208,"{""OpenML_task_id"": ""189866"", ""batch_size"": 198, ""epoch"": 5, ""learning_rate"": 0.06151850891158337, ""max_dropout"": 0.050512644411585865, ""max_units"": 97, ""momentum"": 0.17689646357317698, ""num_layers"": 5, ""weight_decay"": 0.02798970879215773}","{""time"": 11.4696626663208, ""val_accuracy"": 96.70165252685547, ""val_cross_entropy"": 0.4204992651939392, ""val_balanced_accuracy"": 0.6827659010887146, ""test_cross_entropy"": 0.6054911613464355, ""test_balanced_accuracy"": 0.6848357319831848}"
2026-04-14T08:02:09.962016,tpe,lcbench,3945,1,395,6.325460433959961,"{""OpenML_task_id"": ""167201"", ""batch_size"": 186, ""epoch"": 2, ""learning_rate"": 0.05515850030774962, ""max_dropout"": 0.03285871954436439, ""max_units"": 80, ""momentum"": 0.1989850035611211, ""num_layers"": 5, ""weight_decay"": 0.028877281647846274}","{""time"": 6.325460433959961, ""val_accuracy"": 91.10167694091797, ""val_cross_entropy"": 0.45267102122306824, ""val_balanced_accuracy"": 0.6324062347412109, ""test_cross_entropy"": 0.6255630254745483, ""test_balanced_accuracy"": 0.6282955408096313}"
2026-04-14T08:02:10.004606,tpe,lcbench,3945,1,396,4.395513534545898,"{""OpenML_task_id"": ""189866"", ""batch_size"": 213, ""epoch"": 1, ""learning_rate"": 0.06476700370809156, ""max_dropout"": 0.017144883831321917, ""max_units"": 120, ""momentum"": 0.1706395357678081, ""num_layers"": 5, ""weight_decay"": 0.03083255725993358}","{""time"": 4.395513534545898, ""val_accuracy"": 72.53153228759766, ""val_cross_entropy"": 0.49549785256385803, ""val_balanced_accuracy"": 0.600701630115509, ""test_cross_entropy"": 0.638744056224823, ""test_balanced_accuracy"": 0.5885989665985107}"
2026-04-14T08:02:10.039950,tpe,lcbench,3945,1,397,6.001943588256836,"{""OpenML_task_id"": ""189862"", ""batch_size"": 191, ""epoch"": 2, ""learning_rate"": 0.08571326361994773, ""max_dropout"": 0.05030460879874722, ""max_units"": 65, ""momentum"": 0.15949745657581457, ""num_layers"": 5, ""weight_decay"": 0.033142406795091284}","{""time"": 6.001943588256836, ""val_accuracy"": 91.55213928222656, ""val_cross_entropy"": 0.43892186880111694, ""val_balanced_accuracy"": 0.6276284456253052, ""test_cross_entropy"": 0.6241973638534546, ""test_balanced_accuracy"": 0.6241533160209656}"
2026-04-14T08:02:10.088695,tpe,lcbench,3945,1,398,11.749951362609863,"{""OpenML_task_id"": ""189866"", ""batch_size"": 512, ""epoch"": 3, ""learning_rate"": 0.05891001523963085, ""max_dropout"": 0.00020680119759553027, ""max_units"": 100, ""momentum"": 0.10107816114585413, ""num_layers"": 5, ""weight_decay"": 0.022777037372739204}","{""time"": 11.749951362609863, ""val_accuracy"": 88.2576904296875, ""val_cross_entropy"": 0.48267456889152527, ""val_balanced_accuracy"": 0.6660102009773254, ""test_cross_entropy"": 0.646325945854187, ""test_balanced_accuracy"": 0.6665223240852356}"
2026-04-14T08:02:10.123066,tpe,lcbench,3945,1,399,4.055262565612793,"{""OpenML_task_id"": ""3945"", ""batch_size"": 167, ""epoch"": 1, ""learning_rate"": 0.06862143605309887, ""max_dropout"": 0.4932462288377246, ""max_units"": 83, ""momentum"": 0.18859200590019046, ""num_layers"": 5, ""weight_decay"": 0.024065025615721748}","{""time"": 4.055262565612793, ""val_accuracy"": 72.94593811035156, ""val_cross_entropy"": 0.4795137047767639, ""val_balanced_accuracy"": 0.5946030616760254, ""test_cross_entropy"": 0.6395337581634521, ""test_balanced_accuracy"": 0.5834494829177856}"
2026-04-14T08:02:10.186322,tpe,lcbench,3945,1,400,32.64190673828125,"{""OpenML_task_id"": ""3945"", ""batch_size"": 164, ""epoch"": 25, ""learning_rate"": 0.068939180376515, ""max_dropout"": 0.31036844022682336, ""max_units"": 86, ""momentum"": 0.3952472390677008, ""num_layers"": 5, ""weight_decay"": 0.024246064656377457}","{""time"": 32.64190673828125, ""val_accuracy"": 98.22110748291016, ""val_cross_entropy"": 0.3512890636920929, ""val_balanced_accuracy"": 0.6676267385482788, ""test_cross_entropy"": 0.5649288296699524, ""test_balanced_accuracy"": 0.6692420840263367}"
2026-04-14T08:02:10.223555,tpe,lcbench,3945,1,401,3.747084617614746,"{""OpenML_task_id"": ""189866"", ""batch_size"": 169, ""epoch"": 1, ""learning_rate"": 0.07505369304257097, ""max_dropout"": 0.0002435545066680478, ""max_units"": 81, ""momentum"": 0.21340335200630342, ""num_layers"": 5, ""weight_decay"": 0.025972541538614283}","{""time"": 3.747084617614746, ""val_accuracy"": 74.82536315917969, ""val_cross_entropy"": 0.49600446224212646, ""val_balanced_accuracy"": 0.6009973287582397, ""test_cross_entropy"": 0.6363711953163147, ""test_balanced_accuracy"": 0.5878337621688843}"
2026-04-14T08:02:10.275450,tpe,lcbench,3945,1,402,21.281158447265625,"{""OpenML_task_id"": ""3945"", ""batch_size"": 166, ""epoch"": 2, ""learning_rate"": 0.08086404406411744, ""max_dropout"": 0.631693476196592, ""max_units"": 466, ""momentum"": 0.26936117143273736, ""num_layers"": 3, ""weight_decay"": 0.02695818967735584}","{""time"": 21.281158447265625, ""val_accuracy"": 70.95236206054688, ""val_cross_entropy"": 0.6996336579322815, ""val_balanced_accuracy"": 0.6343645453453064, ""test_cross_entropy"": 0.6146508455276489, ""test_balanced_accuracy"": 0.6335398554801941}"
2026-04-14T08:02:10.323247,tpe,lcbench,3945,1,403,10.28994083404541,"{""OpenML_task_id"": ""189866"", ""batch_size"": 156, ""epoch"": 4, ""learning_rate"": 0.07350130984866343, ""max_dropout"": 0.6998419037998845, ""max_units"": 65, ""momentum"": 0.2092855375572208, ""num_layers"": 5, ""weight_decay"": 0.02578667297853242}","{""time"": 10.28994083404541, ""val_accuracy"": 96.5903091430664, ""val_cross_entropy"": 0.3889337480068207, ""val_balanced_accuracy"": 0.6603547930717468, ""test_cross_entropy"": 0.5948562622070312, ""test_balanced_accuracy"": 0.6636376976966858}"
2026-04-14T08:02:10.359453,tpe,lcbench,3945,1,404,3.6299490928649902,"{""OpenML_task_id"": ""189866"", ""batch_size"": 151, ""epoch"": 1, ""learning_rate"": 0.07606811495761866, ""max_dropout"": 0.0002516054238108738, ""max_units"": 80, ""momentum"": 0.23341909793470111, ""num_layers"": 5, ""weight_decay"": 0.029353749761838396}","{""time"": 3.6299490928649902, ""val_accuracy"": 75.28675842285156, ""val_cross_entropy"": 0.49893105030059814, ""val_balanced_accuracy"": 0.5992220044136047, ""test_cross_entropy"": 0.6370364427566528, ""test_balanced_accuracy"": 0.5857788324356079}"
2026-04-14T08:02:10.406661,tpe,lcbench,3945,1,405,5.940586566925049,"{""OpenML_task_id"": ""189866"", ""batch_size"": 140, ""epoch"": 2, ""learning_rate"": 0.06890158979778482, ""max_dropout"": 0.21515126023881836, ""max_units"": 64, ""momentum"": 0.22058294129219438, ""num_layers"": 5, ""weight_decay"": 0.029776790813940343}","{""time"": 5.940586566925049, ""val_accuracy"": 92.74234771728516, ""val_cross_entropy"": 0.4234689772129059, ""val_balanced_accuracy"": 0.6196801066398621, ""test_cross_entropy"": 0.6190457344055176, ""test_balanced_accuracy"": 0.6158929467201233}"
2026-04-14T08:02:10.459777,tpe,lcbench,3945,1,406,3.9548606872558594,"{""OpenML_task_id"": ""189866"", ""batch_size"": 154, ""epoch"": 1, ""learning_rate"": 0.0756287985474898, ""max_dropout"": 0.43552229500636963, ""max_units"": 84, ""momentum"": 0.22257564584417786, ""num_layers"": 5, ""weight_decay"": 0.030112254794714282}","{""time"": 3.9548606872558594, ""val_accuracy"": 73.68511962890625, ""val_cross_entropy"": 0.4805762469768524, ""val_balanced_accuracy"": 0.5947187542915344, ""test_cross_entropy"": 0.6375011205673218, ""test_balanced_accuracy"": 0.583532989025116}"
2026-04-14T08:02:10.506748,tpe,lcbench,3945,1,407,8.213573455810547,"{""OpenML_task_id"": ""189866"", ""batch_size"": 135, ""epoch"": 3, ""learning_rate"": 0.0751148470598023, ""max_dropout"": 0.5033486443450531, ""max_units"": 82, ""momentum"": 0.26035830409004124, ""num_layers"": 5, ""weight_decay"": 0.030337322276290837}","{""time"": 8.213573455810547, ""val_accuracy"": 95.96265411376953, ""val_cross_entropy"": 0.3999536335468292, ""val_balanced_accuracy"": 0.6456202268600464, ""test_cross_entropy"": 0.605944037437439, ""test_balanced_accuracy"": 0.6472823023796082}"
2026-04-14T08:02:10.563074,tpe,lcbench,3945,1,408,3.928365707397461,"{""OpenML_task_id"": ""189866"", ""batch_size"": 148, ""epoch"": 1, ""learning_rate"": 0.07741481697114413, ""max_dropout"": 0.5596058279278688, ""max_units"": 82, ""momentum"": 0.22336039035340932, ""num_layers"": 5, ""weight_decay"": 0.03278360348833502}","{""time"": 3.928365707397461, ""val_accuracy"": 73.42445373535156, ""val_cross_entropy"": 0.4753190875053406, ""val_balanced_accuracy"": 0.5947902202606201, ""test_cross_entropy"": 0.6351227760314941, ""test_balanced_accuracy"": 0.5835808515548706}"
2026-04-14T08:02:10.606674,tpe,lcbench,3945,1,409,10.75987720489502,"{""OpenML_task_id"": ""189866"", ""batch_size"": 146, ""epoch"": 4, ""learning_rate"": 0.07753248628410629, ""max_dropout"": 0.5833129806571562, ""max_units"": 91, ""momentum"": 0.24394845109426797, ""num_layers"": 5, ""weight_decay"": 0.03341899273605084}","{""time"": 10.75987720489502, ""val_accuracy"": 96.58773040771484, ""val_cross_entropy"": 0.3942854404449463, ""val_balanced_accuracy"": 0.6438543200492859, ""test_cross_entropy"": 0.6028953790664673, ""test_balanced_accuracy"": 0.6472020745277405}"
2026-04-14T08:02:10.662718,tpe,lcbench,3945,1,410,7.127281188964844,"{""OpenML_task_id"": ""189866"", ""batch_size"": 149, ""epoch"": 2, ""learning_rate"": 0.07881543071186578, ""max_dropout"": 0.4722366231333241, ""max_units"": 81, ""momentum"": 0.2382193027208272, ""num_layers"": 5, ""weight_decay"": 0.032309294750376846}","{""time"": 7.127281188964844, ""val_accuracy"": 92.30258178710938, ""val_cross_entropy"": 0.4163683354854584, ""val_balanced_accuracy"": 0.6123356223106384, ""test_cross_entropy"": 0.6226459741592407, ""test_balanced_accuracy"": 0.6091578006744385}"
2026-04-14T08:02:10.707484,tpe,lcbench,3945,1,411,3.747084617614746,"{""OpenML_task_id"": ""167185"", ""batch_size"": 148, ""epoch"": 1, ""learning_rate"": 0.07404036654317739, ""max_dropout"": 0.5623165576077022, ""max_units"": 64, ""momentum"": 0.2321006371597178, ""num_layers"": 5, ""weight_decay"": 0.028604760770846217}","{""time"": 3.747084617614746, ""val_accuracy"": 73.79988861083984, ""val_cross_entropy"": 0.4738146960735321, ""val_balanced_accuracy"": 0.5955280661582947, ""test_cross_entropy"": 0.6354283094406128, ""test_balanced_accuracy"": 0.5840451717376709}"
2026-04-14T08:02:10.760138,tpe,lcbench,3945,1,412,7.972330570220947,"{""OpenML_task_id"": ""189866"", ""batch_size"": 149, ""epoch"": 3, ""learning_rate"": 0.07346106251783605, ""max_dropout"": 0.5319443880622031, ""max_units"": 64, ""momentum"": 0.23786309611878004, ""num_layers"": 5, ""weight_decay"": 0.029289739710244143}","{""time"": 7.972330570220947, ""val_accuracy"": 95.83753967285156, ""val_cross_entropy"": 0.4030117392539978, ""val_balanced_accuracy"": 0.6504418849945068, ""test_cross_entropy"": 0.60889732837677, ""test_balanced_accuracy"": 0.6520990133285522}"
2026-04-14T08:02:10.805377,tpe,lcbench,3945,1,413,4.112435817718506,"{""OpenML_task_id"": ""189866"", ""batch_size"": 145, ""epoch"": 1, ""learning_rate"": 0.07579360200612972, ""max_dropout"": 0.48875236562358515, ""max_units"": 97, ""momentum"": 0.25423485727356715, ""num_layers"": 5, ""weight_decay"": 0.03040277865166563}","{""time"": 4.112435817718506, ""val_accuracy"": 73.12104034423828, ""val_cross_entropy"": 0.48374223709106445, ""val_balanced_accuracy"": 0.5916616320610046, ""test_cross_entropy"": 0.6383094787597656, ""test_balanced_accuracy"": 0.5802555084228516}"
2026-04-14T08:02:10.839669,tpe,lcbench,3945,1,414,8.2330961227417,"{""OpenML_task_id"": ""189866"", ""batch_size"": 127, ""epoch"": 1, ""learning_rate"": 0.07492521956698966, ""max_dropout"": 0.46129949256431413, ""max_units"": 102, ""momentum"": 0.25973162566070285, ""num_layers"": 4, ""weight_decay"": 0.03479760993851741}","{""time"": 8.2330961227417, ""val_accuracy"": 47.281681060791016, ""val_cross_entropy"": 0.6262874007225037, ""val_balanced_accuracy"": 0.4978756904602051, ""test_cross_entropy"": 0.6666093468666077, ""test_balanced_accuracy"": 0.4928332567214966}"
2026-04-14T08:02:10.896212,tpe,lcbench,3945,1,415,7.300195693969727,"{""OpenML_task_id"": ""189866"", ""batch_size"": 138, ""epoch"": 2, ""learning_rate"": 0.07596535267820845, ""max_dropout"": 0.5559859296457736, ""max_units"": 98, ""momentum"": 0.24529688809275396, ""num_layers"": 5, ""weight_decay"": 0.030247714106646464}","{""time"": 7.300195693969727, ""val_accuracy"": 92.42449188232422, ""val_cross_entropy"": 0.4101380705833435, ""val_balanced_accuracy"": 0.6142716407775879, ""test_cross_entropy"": 0.6171169877052307, ""test_balanced_accuracy"": 0.6113448739051819}"
2026-04-14T08:02:10.940775,tpe,lcbench,3945,1,416,9.341700553894043,"{""OpenML_task_id"": ""189866"", ""batch_size"": 154, ""epoch"": 3, ""learning_rate"": 0.07572103370233604, ""max_dropout"": 0.5728699665540762, ""max_units"": 128, ""momentum"": 0.22395820807754488, ""num_layers"": 5, ""weight_decay"": 0.03096834187021744}","{""time"": 9.341700553894043, ""val_accuracy"": 95.29145050048828, ""val_cross_entropy"": 0.4131571352481842, ""val_balanced_accuracy"": 0.6470761299133301, ""test_cross_entropy"": 0.6116681694984436, ""test_balanced_accuracy"": 0.6491442918777466}"
2026-04-14T08:02:10.988684,tpe,lcbench,3945,1,417,3.7749738693237305,"{""OpenML_task_id"": ""167185"", ""batch_size"": 149, ""epoch"": 1, ""learning_rate"": 0.07703448712044741, ""max_dropout"": 0.5004891316533617, ""max_units"": 64, ""momentum"": 0.2839000859683366, ""num_layers"": 5, ""weight_decay"": 0.03320494663644624}","{""time"": 3.7749738693237305, ""val_accuracy"": 74.22254180908203, ""val_cross_entropy"": 0.4801795780658722, ""val_balanced_accuracy"": 0.5944601893424988, ""test_cross_entropy"": 0.6361651420593262, ""test_balanced_accuracy"": 0.5829411745071411}"
2026-04-14T08:02:11.037216,tpe,lcbench,3945,1,418,7.159354209899902,"{""OpenML_task_id"": ""167185"", ""batch_size"": 144, ""epoch"": 2, ""learning_rate"": 0.07653485409692451, ""max_dropout"": 0.5209474933071954, ""max_units"": 80, ""momentum"": 0.25528308174854675, ""num_layers"": 5, ""weight_decay"": 0.031993742103299916}","{""time"": 7.159354209899902, ""val_accuracy"": 92.44176483154297, ""val_cross_entropy"": 0.41233301162719727, ""val_balanced_accuracy"": 0.6132578253746033, ""test_cross_entropy"": 0.6202081441879272, ""test_balanced_accuracy"": 0.6101054549217224}"
2026-04-14T08:02:11.073162,tpe,lcbench,3945,1,419,12.91294002532959,"{""OpenML_task_id"": ""167185"", ""batch_size"": 155, ""epoch"": 5, ""learning_rate"": 0.07721344529847421, ""max_dropout"": 0.561887942623087, ""max_units"": 99, ""momentum"": 0.2784091490262899, ""num_layers"": 5, ""weight_decay"": 0.03388340225611424}","{""time"": 12.91294002532959, ""val_accuracy"": 96.9931411743164, ""val_cross_entropy"": 0.39670848846435547, ""val_balanced_accuracy"": 0.6462621092796326, ""test_cross_entropy"": 0.6045818328857422, ""test_balanced_accuracy"": 0.6504902839660645}"
2026-04-14T08:02:11.128774,tpe,lcbench,3945,1,420,3.8335416316986084,"{""OpenML_task_id"": ""167185"", ""batch_size"": 129, ""epoch"": 1, ""learning_rate"": 0.0723983512529239, ""max_dropout"": 0.5066186360262526, ""max_units"": 65, ""momentum"": 0.23036704748208825, ""num_layers"": 5, ""weight_decay"": 0.0363041500314362}","{""time"": 3.8335416316986084, ""val_accuracy"": 74.54302978515625, ""val_cross_entropy"": 0.47736912965774536, ""val_balanced_accuracy"": 0.5925244688987732, ""test_cross_entropy"": 0.6339341998100281, ""test_balanced_accuracy"": 0.5808534622192383}"
2026-04-14T08:02:11.174122,tpe,lcbench,3945,1,421,33.5064811706543,"{""OpenML_task_id"": ""167185"", ""batch_size"": 125, ""epoch"": 2, ""learning_rate"": 0.07210342457705782, ""max_dropout"": 0.4928434532326412, ""max_units"": 968, ""momentum"": 0.23011984224064672, ""num_layers"": 5, ""weight_decay"": 0.03619725150942077}","{""time"": 33.5064811706543, ""val_accuracy"": 83.70905303955078, ""val_cross_entropy"": 0.5243166089057922, ""val_balanced_accuracy"": 0.5992780327796936, ""test_cross_entropy"": 0.6300846934318542, ""test_balanced_accuracy"": 0.5992014408111572}"
2026-04-14T08:02:11.222143,tpe,lcbench,3945,1,422,7.784076690673828,"{""OpenML_task_id"": ""167185"", ""batch_size"": 139, ""epoch"": 3, ""learning_rate"": 0.07402579372907035, ""max_dropout"": 0.5034808570196783, ""max_units"": 65, ""momentum"": 0.2560530269135573, ""num_layers"": 5, ""weight_decay"": 0.028513014767043852}","{""time"": 7.784076690673828, ""val_accuracy"": 96.03845977783203, ""val_cross_entropy"": 0.400031715631485, ""val_balanced_accuracy"": 0.6512214541435242, ""test_cross_entropy"": 0.6059238910675049, ""test_balanced_accuracy"": 0.652904212474823}"
2026-04-14T08:02:11.261457,tpe,lcbench,3945,1,423,3.7763683795928955,"{""OpenML_task_id"": ""167185"", ""batch_size"": 131, ""epoch"": 1, ""learning_rate"": 0.07909413922530951, ""max_dropout"": 0.510622302211852, ""max_units"": 64, ""momentum"": 0.2297300434618839, ""num_layers"": 5, ""weight_decay"": 0.034206019487440446}","{""time"": 3.7763683795928955, ""val_accuracy"": 74.36509704589844, ""val_cross_entropy"": 0.47789525985717773, ""val_balanced_accuracy"": 0.5923346281051636, ""test_cross_entropy"": 0.6346563100814819, ""test_balanced_accuracy"": 0.5806717872619629}"
2026-04-14T08:02:11.306367,tpe,lcbench,3945,1,424,4.052473545074463,"{""OpenML_task_id"": ""189866"", ""batch_size"": 115, ""epoch"": 1, ""learning_rate"": 0.07826344299629195, ""max_dropout"": 0.5157601685400369, ""max_units"": 78, ""momentum"": 0.2739126362113128, ""num_layers"": 5, ""weight_decay"": 0.034901906153424665}","{""time"": 4.052473545074463, ""val_accuracy"": 73.97478485107422, ""val_cross_entropy"": 0.4848746359348297, ""val_balanced_accuracy"": 0.5874459743499756, ""test_cross_entropy"": 0.6344183683395386, ""test_balanced_accuracy"": 0.5750232934951782}"
2026-04-14T08:02:11.361941,tpe,lcbench,3945,1,425,10.821233749389648,"{""OpenML_task_id"": ""167185"", ""batch_size"": 115, ""epoch"": 4, ""learning_rate"": 0.07975689748796855, ""max_dropout"": 0.6001533219903933, ""max_units"": 65, ""momentum"": 0.29070933008001126, ""num_layers"": 5, ""weight_decay"": 0.03367268842508298}","{""time"": 10.821233749389648, ""val_accuracy"": 97.09605407714844, ""val_cross_entropy"": 0.36493852734565735, ""val_balanced_accuracy"": 0.6348099112510681, ""test_cross_entropy"": 0.5885483026504517, ""test_balanced_accuracy"": 0.6370927691459656}"
2026-04-14T08:02:11.405333,tpe,lcbench,3945,1,426,15.913840293884277,"{""OpenML_task_id"": ""167185"", ""batch_size"": 135, ""epoch"": 2, ""learning_rate"": 0.07776807487169388, ""max_dropout"": 0.5248908786023652, ""max_units"": 64, ""momentum"": 0.31218408011310295, ""num_layers"": 3, ""weight_decay"": 0.036544207304139285}","{""time"": 15.913840293884277, ""val_accuracy"": 74.32524871826172, ""val_cross_entropy"": 0.605103611946106, ""val_balanced_accuracy"": 0.5962225198745728, ""test_cross_entropy"": 0.62237149477005, ""test_balanced_accuracy"": 0.5946382284164429}"
2026-04-14T08:02:11.455318,tpe,lcbench,3945,1,427,4.081757545471191,"{""OpenML_task_id"": ""189866"", ""batch_size"": 119, ""epoch"": 1, ""learning_rate"": 0.07266132107116802, ""max_dropout"": 0.4442381237553285, ""max_units"": 79, ""momentum"": 0.22749834564846733, ""num_layers"": 5, ""weight_decay"": 0.034238726350651075}","{""time"": 4.081757545471191, ""val_accuracy"": 74.0726318359375, ""val_cross_entropy"": 0.48477086424827576, ""val_balanced_accuracy"": 0.5879997611045837, ""test_cross_entropy"": 0.6368125677108765, ""test_balanced_accuracy"": 0.5758486390113831}"
2026-04-14T08:02:11.490191,tpe,lcbench,3945,1,428,4.205865383148193,"{""OpenML_task_id"": ""167185"", ""batch_size"": 101, ""epoch"": 1, ""learning_rate"": 0.07237128851201595, ""max_dropout"": 0.5447475570678156, ""max_units"": 79, ""momentum"": 0.2285189604982119, ""num_layers"": 5, ""weight_decay"": 0.03353053835302136}","{""time"": 4.205865383148193, ""val_accuracy"": 73.85832977294922, ""val_cross_entropy"": 0.4829602539539337, ""val_balanced_accuracy"": 0.5827988386154175, ""test_cross_entropy"": 0.6326210498809814, ""test_balanced_accuracy"": 0.5695459246635437}"
2026-04-14T08:02:11.538765,tpe,lcbench,3945,1,429,8.55103588104248,"{""OpenML_task_id"": ""189866"", ""batch_size"": 114, ""epoch"": 3, ""learning_rate"": 0.07435978129444841, ""max_dropout"": 0.44457198982106416, ""max_units"": 65, ""momentum"": 0.23387486859384157, ""num_layers"": 5, ""weight_decay"": 0.03627162116868979}","{""time"": 8.55103588104248, ""val_accuracy"": 96.20787048339844, ""val_cross_entropy"": 0.38132959604263306, ""val_balanced_accuracy"": 0.6191638112068176, ""test_cross_entropy"": 0.600873589515686, ""test_balanced_accuracy"": 0.6195536851882935}"
2026-04-14T08:02:11.578759,tpe,lcbench,3945,1,430,10.083559036254883,"{""OpenML_task_id"": ""189866"", ""batch_size"": 125, ""epoch"": 2, ""learning_rate"": 0.0786039330226439, ""max_dropout"": 0.5083281565047498, ""max_units"": 257, ""momentum"": 0.2796616074929075, ""num_layers"": 5, ""weight_decay"": 0.035082695182063195}","{""time"": 10.083559036254883, ""val_accuracy"": 91.10237121582031, ""val_cross_entropy"": 0.43104642629623413, ""val_balanced_accuracy"": 0.6081257462501526, ""test_cross_entropy"": 0.619828462600708, ""test_balanced_accuracy"": 0.6061420440673828}"
2026-04-14T08:02:11.623477,tpe,lcbench,3945,1,431,4.0245842933654785,"{""OpenML_task_id"": ""167185"", ""batch_size"": 103, ""epoch"": 1, ""learning_rate"": 0.07246190818074431, ""max_dropout"": 0.482621403140254, ""max_units"": 64, ""momentum"": 0.21917972514132433, ""num_layers"": 5, ""weight_decay"": 0.034739558060019056}","{""time"": 4.0245842933654785, ""val_accuracy"": 74.49513244628906, ""val_cross_entropy"": 0.48466089367866516, ""val_balanced_accuracy"": 0.583532989025116, ""test_cross_entropy"": 0.6338763236999512, ""test_balanced_accuracy"": 0.570309042930603}"
2026-04-14T08:02:11.672693,tpe,lcbench,3945,1,432,40.26408386230469,"{""OpenML_task_id"": ""167185"", ""batch_size"": 106, ""epoch"": 28, ""learning_rate"": 0.07209979495636977, ""max_dropout"": 0.4114302523060082, ""max_units"": 65, ""momentum"": 0.21607407357143765, ""num_layers"": 5, ""weight_decay"": 0.03465224632476094}","{""time"": 40.26408386230469, ""val_accuracy"": 98.46345520019531, ""val_cross_entropy"": 0.3817817270755768, ""val_balanced_accuracy"": 0.5935118794441223, ""test_cross_entropy"": 0.5898444652557373, ""test_balanced_accuracy"": 0.5978417992591858}"
2026-04-14T08:02:11.721461,tpe,lcbench,3945,1,433,4.120802402496338,"{""OpenML_task_id"": ""167185"", ""batch_size"": 118, ""epoch"": 1, ""learning_rate"": 0.07648133361177181, ""max_dropout"": 0.4650425313201875, ""max_units"": 83, ""momentum"": 0.24287294520116048, ""num_layers"": 5, ""weight_decay"": 0.03724037634962337}","{""time"": 4.120802402496338, ""val_accuracy"": 74.00667572021484, ""val_cross_entropy"": 0.4858076870441437, ""val_balanced_accuracy"": 0.5879874229431152, ""test_cross_entropy"": 0.6357409954071045, ""test_balanced_accuracy"": 0.5759244561195374}"
2026-04-14T08:02:11.762475,tpe,lcbench,3945,1,434,39.40927505493164,"{""OpenML_task_id"": ""167185"", ""batch_size"": 86, ""epoch"": 4, ""learning_rate"": 0.07132858857916384, ""max_dropout"": 0.4768029910032545, ""max_units"": 560, ""momentum"": 0.3399801988418925, ""num_layers"": 5, ""weight_decay"": 0.032526257258589174}","{""time"": 39.40927505493164, ""val_accuracy"": 94.77919006347656, ""val_cross_entropy"": 0.43254464864730835, ""val_balanced_accuracy"": 0.6423528790473938, ""test_cross_entropy"": 0.5804152488708496, ""test_balanced_accuracy"": 0.6406399607658386}"
2026-04-14T08:02:11.806815,tpe,lcbench,3945,1,435,8.881525039672852,"{""OpenML_task_id"": ""167185"", ""batch_size"": 101, ""epoch"": 3, ""learning_rate"": 0.07417025075536808, ""max_dropout"": 0.4332617504269761, ""max_units"": 65, ""momentum"": 0.21631671969656452, ""num_layers"": 5, ""weight_decay"": 0.038627324059967064}","{""time"": 8.881525039672852, ""val_accuracy"": 96.42648315429688, ""val_cross_entropy"": 0.37380251288414, ""val_balanced_accuracy"": 0.6164841055870056, ""test_cross_entropy"": 0.5955101251602173, ""test_balanced_accuracy"": 0.6162114143371582}"
2026-04-14T08:02:11.855406,tpe,lcbench,3945,1,436,7.478687763214111,"{""OpenML_task_id"": ""167185"", ""batch_size"": 134, ""epoch"": 2, ""learning_rate"": 0.07929370004991312, ""max_dropout"": 0.5439933146260307, ""max_units"": 64, ""momentum"": 0.2674496429245052, ""num_layers"": 5, ""weight_decay"": 0.0401468359233973}","{""time"": 7.478687763214111, ""val_accuracy"": 92.79330444335938, ""val_cross_entropy"": 0.4100209176540375, ""val_balanced_accuracy"": 0.6141040921211243, ""test_cross_entropy"": 0.6185241937637329, ""test_balanced_accuracy"": 0.6107609868049622}"
2026-04-14T08:02:11.950940,tpe,lcbench,3945,1,437,4.0245842933654785,"{""OpenML_task_id"": ""189866"", ""batch_size"": 126, ""epoch"": 1, ""learning_rate"": 0.07657346549192781, ""max_dropout"": 0.5004488949061283, ""max_units"": 82, ""momentum"": 0.22209868330656857, ""num_layers"": 5, ""weight_decay"": 0.035784957044565614}","{""time"": 4.0245842933654785, ""val_accuracy"": 73.91202545166016, ""val_cross_entropy"": 0.4809245765209198, ""val_balanced_accuracy"": 0.590140163898468, ""test_cross_entropy"": 0.63535475730896, ""test_balanced_accuracy"": 0.5784719586372375}"
2026-04-14T08:02:11.988726,tpe,lcbench,3945,1,438,7.227683067321777,"{""OpenML_task_id"": ""189866"", ""batch_size"": 127, ""epoch"": 2, ""learning_rate"": 0.07652723121213877, ""max_dropout"": 0.5205909244920259, ""max_units"": 86, ""momentum"": 0.2267800797044835, ""num_layers"": 5, ""weight_decay"": 0.0355050296041755}","{""time"": 7.227683067321777, ""val_accuracy"": 92.89459991455078, ""val_cross_entropy"": 0.407490998506546, ""val_balanced_accuracy"": 0.6119071841239929, ""test_cross_entropy"": 0.6170611381530762, ""test_balanced_accuracy"": 0.6087849140167236}"
2026-04-14T08:02:12.038675,tpe,lcbench,3945,1,439,4.080362796783447,"{""OpenML_task_id"": ""189866"", ""batch_size"": 121, ""epoch"": 1, ""learning_rate"": 0.07238657742593779, ""max_dropout"": 0.5015653655757881, ""max_units"": 81, ""momentum"": 0.24215152748830332, ""num_layers"": 5, ""weight_decay"": 0.035117923565130396}","{""time"": 4.080362796783447, ""val_accuracy"": 73.95602416992188, ""val_cross_entropy"": 0.4822594225406647, ""val_balanced_accuracy"": 0.5889807939529419, ""test_cross_entropy"": 0.6351693868637085, ""test_balanced_accuracy"": 0.5770096778869629}"
2026-04-14T08:02:12.078918,tpe,lcbench,3945,1,440,9.337516784667969,"{""OpenML_task_id"": ""189866"", ""batch_size"": 130, ""epoch"": 3, ""learning_rate"": 0.07527338534205893, ""max_dropout"": 0.4888778293618751, ""max_units"": 84, ""momentum"": 0.2501540683346011, ""num_layers"": 5, ""weight_decay"": 0.03948074480238726}","{""time"": 9.337516784667969, ""val_accuracy"": 95.72026062011719, ""val_cross_entropy"": 0.39310064911842346, ""val_balanced_accuracy"": 0.6171688437461853, ""test_cross_entropy"": 0.608315110206604, ""test_balanced_accuracy"": 0.617963969707489}"
2026-04-14T08:02:12.123226,tpe,lcbench,3945,1,441,15.413225173950195,"{""OpenML_task_id"": ""189866"", ""batch_size"": 109, ""epoch"": 6, ""learning_rate"": 0.0709639189736359, ""max_dropout"": 0.5074409279443927, ""max_units"": 79, ""momentum"": 0.2676393129131109, ""num_layers"": 5, ""weight_decay"": 0.03747058908995013}","{""time"": 15.413225173950195, ""val_accuracy"": 97.72478485107422, ""val_cross_entropy"": 0.3643815517425537, ""val_balanced_accuracy"": 0.6192252039909363, ""test_cross_entropy"": 0.5894390344619751, ""test_balanced_accuracy"": 0.6224496960639954}"
2026-04-14T08:02:12.172074,tpe,lcbench,3945,1,442,31.97674560546875,"{""OpenML_task_id"": ""3945"", ""batch_size"": 144, ""epoch"": 22, ""learning_rate"": 0.07818574539292882, ""max_dropout"": 0.5118755883094035, ""max_units"": 65, ""momentum"": 0.24434159129352745, ""num_layers"": 5, ""weight_decay"": 0.032661658332666085}","{""time"": 31.97674560546875, ""val_accuracy"": 98.22522735595703, ""val_cross_entropy"": 0.38918039202690125, ""val_balanced_accuracy"": 0.600564181804657, ""test_cross_entropy"": 0.5999437570571899, ""test_balanced_accuracy"": 0.6062357425689697}"
2026-04-14T08:02:12.216739,tpe,lcbench,3945,1,443,7.721325874328613,"{""OpenML_task_id"": ""167185"", ""batch_size"": 93, ""epoch"": 1, ""learning_rate"": 0.07376583998567336, ""max_dropout"": 0.49277003019283366, ""max_units"": 290, ""momentum"": 0.22449295207343742, ""num_layers"": 5, ""weight_decay"": 0.03564729835766777}","{""time"": 7.721325874328613, ""val_accuracy"": 68.0643310546875, ""val_cross_entropy"": 0.5198106169700623, ""val_balanced_accuracy"": 0.5650619864463806, ""test_cross_entropy"": 0.6426162123680115, ""test_balanced_accuracy"": 0.5525527596473694}"
2026-04-14T08:02:12.263279,tpe,lcbench,3945,1,444,6.76332426071167,"{""OpenML_task_id"": ""168910"", ""batch_size"": 132, ""epoch"": 2, ""learning_rate"": 0.08112624568218359, ""max_dropout"": 0.5482431231648033, ""max_units"": 64, ""momentum"": 0.21238148656471875, ""num_layers"": 5, ""weight_decay"": 0.03227083676853542}","{""time"": 6.76332426071167, ""val_accuracy"": 92.99281311035156, ""val_cross_entropy"": 0.4034237861633301, ""val_balanced_accuracy"": 0.6153152585029602, ""test_cross_entropy"": 0.6153731346130371, ""test_balanced_accuracy"": 0.6122597455978394}"
2026-04-14T08:02:12.305552,tpe,lcbench,3945,1,445,3.9701998233795166,"{""OpenML_task_id"": ""189866"", ""batch_size"": 155, ""epoch"": 1, ""learning_rate"": 0.07661988186030562, ""max_dropout"": 0.4648832010047629, ""max_units"": 85, ""momentum"": 0.2110068420636525, ""num_layers"": 5, ""weight_decay"": 0.034471164178394346}","{""time"": 3.9701998233795166, ""val_accuracy"": 73.79158782958984, ""val_cross_entropy"": 0.4781007766723633, ""val_balanced_accuracy"": 0.5956416726112366, ""test_cross_entropy"": 0.6356841325759888, ""test_balanced_accuracy"": 0.5847139358520508}"
2026-04-14T08:02:12.354587,tpe,lcbench,3945,1,446,9.114401817321777,"{""OpenML_task_id"": ""167185"", ""batch_size"": 155, ""epoch"": 3, ""learning_rate"": 0.07735248030979441, ""max_dropout"": 0.4776368487820236, ""max_units"": 88, ""momentum"": 0.20901698214942854, ""num_layers"": 5, ""weight_decay"": 0.038205854141461826}","{""time"": 9.114401817321777, ""val_accuracy"": 95.39983367919922, ""val_cross_entropy"": 0.40602463483810425, ""val_balanced_accuracy"": 0.6295875310897827, ""test_cross_entropy"": 0.6159069538116455, ""test_balanced_accuracy"": 0.6308857798576355}"
2026-04-14T08:02:12.405318,tpe,lcbench,3945,1,447,7.188637733459473,"{""OpenML_task_id"": ""189866"", ""batch_size"": 148, ""epoch"": 2, ""learning_rate"": 0.07928850524615666, ""max_dropout"": 0.5398876951543361, ""max_units"": 89, ""momentum"": 0.2063167799740344, ""num_layers"": 5, ""weight_decay"": 0.03206513668681497}","{""time"": 7.188637733459473, ""val_accuracy"": 92.22655487060547, ""val_cross_entropy"": 0.41374799609184265, ""val_balanced_accuracy"": 0.6130625605583191, ""test_cross_entropy"": 0.6209043264389038, ""test_balanced_accuracy"": 0.6100647449493408}"
2026-04-14T08:02:12.440290,tpe,lcbench,3945,1,448,29.6800537109375,"{""OpenML_task_id"": ""146212"", ""batch_size"": 162, ""epoch"": 4, ""learning_rate"": 0.07657491944181813, ""max_dropout"": 0.5792339235832656, ""max_units"": 101, ""momentum"": 0.21518115186529146, ""num_layers"": 2, ""weight_decay"": 0.03382671294066034}","{""time"": 29.6800537109375, ""val_accuracy"": 79.4184799194336, ""val_cross_entropy"": 0.4651983678340912, ""val_balanced_accuracy"": 0.7444790005683899, ""test_cross_entropy"": 0.5470446348190308, ""test_balanced_accuracy"": 0.7338321805000305}"
2026-04-14T08:02:12.490618,tpe,lcbench,3945,1,449,3.800074338912964,"{""OpenML_task_id"": ""189908"", ""batch_size"": 154, ""epoch"": 1, ""learning_rate"": 0.0744516474373652, ""max_dropout"": 0.4700599108823397, ""max_units"": 64, ""momentum"": 0.30297962896260405, ""num_layers"": 5, ""weight_decay"": 0.028007215949827746}","{""time"": 3.800074338912964, ""val_accuracy"": 73.96998596191406, ""val_cross_entropy"": 0.48297256231307983, ""val_balanced_accuracy"": 0.5939048528671265, ""test_cross_entropy"": 0.6390311121940613, ""test_balanced_accuracy"": 0.5821022987365723}"
2026-04-14T08:02:12.539696,tpe,lcbench,3945,1,450,7.982091426849365,"{""OpenML_task_id"": ""189908"", ""batch_size"": 156, ""epoch"": 3, ""learning_rate"": 0.07499019922293997, ""max_dropout"": 0.4628290300331225, ""max_units"": 65, ""momentum"": 0.29445102556297925, ""num_layers"": 5, ""weight_decay"": 0.02935582363969335}","{""time"": 7.982091426849365, ""val_accuracy"": 95.82949829101562, ""val_cross_entropy"": 0.40945473313331604, ""val_balanced_accuracy"": 0.6556934118270874, ""test_cross_entropy"": 0.6113469004631042, ""test_balanced_accuracy"": 0.6572560667991638}"
2026-04-14T08:02:12.590635,tpe,lcbench,3945,1,451,4.005061626434326,"{""OpenML_task_id"": ""189908"", ""batch_size"": 146, ""epoch"": 1, ""learning_rate"": 0.07081491834386482, ""max_dropout"": 0.4565656181970142, ""max_units"": 83, ""momentum"": 0.27628391857541806, ""num_layers"": 5, ""weight_decay"": 0.031571779876444155}","{""time"": 4.005061626434326, ""val_accuracy"": 73.74613952636719, ""val_cross_entropy"": 0.48362407088279724, ""val_balanced_accuracy"": 0.5929201245307922, ""test_cross_entropy"": 0.637435793876648, ""test_balanced_accuracy"": 0.5813389420509338}"
2026-04-14T08:02:12.638646,tpe,lcbench,3945,1,452,7.070107936859131,"{""OpenML_task_id"": ""189908"", ""batch_size"": 143, ""epoch"": 2, ""learning_rate"": 0.07085448056969848, ""max_dropout"": 0.4603480379518464, ""max_units"": 65, ""momentum"": 0.3192134123269774, ""num_layers"": 5, ""weight_decay"": 0.0315902995132649}","{""time"": 7.070107936859131, ""val_accuracy"": 92.67515563964844, ""val_cross_entropy"": 0.4144323766231537, ""val_balanced_accuracy"": 0.6134204268455505, ""test_cross_entropy"": 0.6208018064498901, ""test_balanced_accuracy"": 0.609815776348114}"
2026-04-14T08:02:12.680616,tpe,lcbench,3945,1,453,3.7931020259857178,"{""OpenML_task_id"": ""189908"", ""batch_size"": 149, ""epoch"": 1, ""learning_rate"": 0.07344844166774339, ""max_dropout"": 0.4517578869389469, ""max_units"": 64, ""momentum"": 0.2765417919781814, ""num_layers"": 5, ""weight_decay"": 0.02911880614804707}","{""time"": 3.7931020259857178, ""val_accuracy"": 74.14542388916016, ""val_cross_entropy"": 0.481795996427536, ""val_balanced_accuracy"": 0.5940374135971069, ""test_cross_entropy"": 0.6380356550216675, ""test_balanced_accuracy"": 0.5822810530662537}"
2026-04-14T08:02:12.722772,tpe,lcbench,3945,1,454,6.647583484649658,"{""OpenML_task_id"": ""189908"", ""batch_size"": 138, ""epoch"": 2, ""learning_rate"": 0.07351671593732255, ""max_dropout"": 0.43622511956036936, ""max_units"": 80, ""momentum"": 0.2834465103970916, ""num_layers"": 5, ""weight_decay"": 0.027958348349453963}","{""time"": 6.647583484649658, ""val_accuracy"": 92.75650024414062, ""val_cross_entropy"": 0.4162522256374359, ""val_balanced_accuracy"": 0.6179191470146179, ""test_cross_entropy"": 0.6188271045684814, ""test_balanced_accuracy"": 0.6147814989089966}"
2026-04-14T08:02:12.773606,tpe,lcbench,3945,1,455,30.965755462646484,"{""OpenML_task_id"": ""189908"", ""batch_size"": 152, ""epoch"": 9, ""learning_rate"": 0.07474258928393893, ""max_dropout"": 0.41626382979487175, ""max_units"": 82, ""momentum"": 0.29269553207332233, ""num_layers"": 4, ""weight_decay"": 0.030802636957719908}","{""time"": 30.965755462646484, ""val_accuracy"": 91.59161376953125, ""val_cross_entropy"": 0.5017641186714172, ""val_balanced_accuracy"": 0.600072979927063, ""test_cross_entropy"": 0.5791076421737671, ""test_balanced_accuracy"": 0.6021263599395752}"
2026-04-14T08:02:12.822113,tpe,lcbench,3945,1,456,9.91622257232666,"{""OpenML_task_id"": ""189908"", ""batch_size"": 137, ""epoch"": 4, ""learning_rate"": 0.07648868163595804, ""max_dropout"": 0.4507229196163097, ""max_units"": 66, ""momentum"": 0.28288295513733447, ""num_layers"": 5, ""weight_decay"": 0.03316786955529076}","{""time"": 9.91622257232666, ""val_accuracy"": 96.9106674194336, ""val_cross_entropy"": 0.38989248871803284, ""val_balanced_accuracy"": 0.6451807618141174, ""test_cross_entropy"": 0.602799654006958, ""test_balanced_accuracy"": 0.6478603482246399}"
2026-04-14T08:02:12.873276,tpe,lcbench,3945,1,457,3.7875242233276367,"{""OpenML_task_id"": ""189908"", ""batch_size"": 149, ""epoch"": 1, ""learning_rate"": 0.07270620029393889, ""max_dropout"": 0.48476770637139754, ""max_units"": 64, ""momentum"": 0.2650985972938302, ""num_layers"": 5, ""weight_decay"": 0.028667154782994704}","{""time"": 3.7875242233276367, ""val_accuracy"": 74.01063537597656, ""val_cross_entropy"": 0.4801405370235443, ""val_balanced_accuracy"": 0.5939728021621704, ""test_cross_entropy"": 0.6382031440734863, ""test_balanced_accuracy"": 0.5822599530220032}"
2026-04-14T08:02:12.906655,tpe,lcbench,3945,1,458,8.124327659606934,"{""OpenML_task_id"": ""167104"", ""batch_size"": 150, ""epoch"": 3, ""learning_rate"": 0.07030575830322372, ""max_dropout"": 0.4789359361322823, ""max_units"": 82, ""momentum"": 0.26235035089824715, ""num_layers"": 5, ""weight_decay"": 0.0283619904929766}","{""time"": 8.124327659606934, ""val_accuracy"": 95.79696655273438, ""val_cross_entropy"": 0.4109642505645752, ""val_balanced_accuracy"": 0.6561200618743896, ""test_cross_entropy"": 0.6106380224227905, ""test_balanced_accuracy"": 0.6578493118286133}"
2026-04-14T08:02:12.964818,tpe,lcbench,3945,1,459,6.844203472137451,"{""OpenML_task_id"": ""189908"", ""batch_size"": 157, ""epoch"": 2, ""learning_rate"": 0.07316661511105911, ""max_dropout"": 0.3990719813234667, ""max_units"": 96, ""momentum"": 0.2631628763253309, ""num_layers"": 5, ""weight_decay"": 0.028755429747917872}","{""time"": 6.844203472137451, ""val_accuracy"": 92.10701751708984, ""val_cross_entropy"": 0.4281763732433319, ""val_balanced_accuracy"": 0.6218658089637756, ""test_cross_entropy"": 0.6230807304382324, ""test_balanced_accuracy"": 0.6189418435096741}"
2026-04-14T08:02:13.006419,tpe,lcbench,3945,1,460,3.8237802982330322,"{""OpenML_task_id"": ""189908"", ""batch_size"": 143, ""epoch"": 1, ""learning_rate"": 0.07182029267704815, ""max_dropout"": 0.4292932379370331, ""max_units"": 64, ""momentum"": 0.30592479110587245, ""num_layers"": 5, ""weight_decay"": 0.029846630292000763}","{""time"": 3.8237802982330322, ""val_accuracy"": 74.25708770751953, ""val_cross_entropy"": 0.48539459705352783, ""val_balanced_accuracy"": 0.5925538539886475, ""test_cross_entropy"": 0.6381877660751343, ""test_balanced_accuracy"": 0.580510139465332}"
2026-04-14T08:02:13.055374,tpe,lcbench,3945,1,461,3.985538959503174,"{""OpenML_task_id"": ""189908"", ""batch_size"": 144, ""epoch"": 1, ""learning_rate"": 0.07482731051057634, ""max_dropout"": 0.4180322864622379, ""max_units"": 82, ""momentum"": 0.30666665998782927, ""num_layers"": 5, ""weight_decay"": 0.03072077022183214}","{""time"": 3.985538959503174, ""val_accuracy"": 73.83312225341797, ""val_cross_entropy"": 0.4879368543624878, ""val_balanced_accuracy"": 0.5919573903083801, ""test_cross_entropy"": 0.6383647322654724, ""test_balanced_accuracy"": 0.5801260471343994}"
2026-04-14T08:02:13.106691,tpe,lcbench,3945,1,462,27.872817993164062,"{""OpenML_task_id"": ""189908"", ""batch_size"": 145, ""epoch"": 19, ""learning_rate"": 0.07456915038518187, ""max_dropout"": 0.42226473514555257, ""max_units"": 66, ""momentum"": 0.32573349582468425, ""num_layers"": 5, ""weight_decay"": 0.031093547471117963}","{""time"": 27.872817993164062, ""val_accuracy"": 98.23310089111328, ""val_cross_entropy"": 0.3829233944416046, ""val_balanced_accuracy"": 0.6145681142807007, ""test_cross_entropy"": 0.594727635383606, ""test_balanced_accuracy"": 0.6198846101760864}"
2026-04-14T08:02:13.155327,tpe,lcbench,3945,1,463,8.149428367614746,"{""OpenML_task_id"": ""189908"", ""batch_size"": 131, ""epoch"": 3, ""learning_rate"": 0.07231761973197859, ""max_dropout"": 0.4525379960504371, ""max_units"": 65, ""momentum"": 0.35800049508431336, ""num_layers"": 5, ""weight_decay"": 0.030211853165699114}","{""time"": 8.149428367614746, ""val_accuracy"": 96.23870086669922, ""val_cross_entropy"": 0.3931037187576294, ""val_balanced_accuracy"": 0.6504108905792236, ""test_cross_entropy"": 0.6035186052322388, ""test_balanced_accuracy"": 0.6513233184814453}"
2026-04-14T08:02:13.211992,tpe,lcbench,3945,1,464,3.7805519104003906,"{""OpenML_task_id"": ""189908"", ""batch_size"": 148, ""epoch"": 1, ""learning_rate"": 0.07578184744279359, ""max_dropout"": 0.3753551689354605, ""max_units"": 64, ""momentum"": 0.29440157131153655, ""num_layers"": 5, ""weight_decay"": 0.032128509197262026}","{""time"": 3.7805519104003906, ""val_accuracy"": 74.59736633300781, ""val_cross_entropy"": 0.4854603707790375, ""val_balanced_accuracy"": 0.5947414636611938, ""test_cross_entropy"": 0.6368692517280579, ""test_balanced_accuracy"": 0.5829222202301025}"
2026-04-14T08:02:13.265649,tpe,lcbench,3945,1,465,11.167062759399414,"{""OpenML_task_id"": ""189908"", ""batch_size"": 146, ""epoch"": 5, ""learning_rate"": 0.07079798096378118, ""max_dropout"": 0.3784213491096762, ""max_units"": 64, ""momentum"": 0.29971017934334604, ""num_layers"": 5, ""weight_decay"": 0.031147330259665495}","{""time"": 11.167062759399414, ""val_accuracy"": 97.33822631835938, ""val_cross_entropy"": 0.3949122726917267, ""val_balanced_accuracy"": 0.6546025276184082, ""test_cross_entropy"": 0.6039751768112183, ""test_balanced_accuracy"": 0.658028781414032}"
2026-04-14T08:02:13.308250,tpe,lcbench,3945,1,466,6.519291877746582,"{""OpenML_task_id"": ""189908"", ""batch_size"": 153, ""epoch"": 2, ""learning_rate"": 0.07445039710083397, ""max_dropout"": 0.4256766839099449, ""max_units"": 64, ""momentum"": 0.3229371619599181, ""num_layers"": 5, ""weight_decay"": 0.02835250383723934}","{""time"": 6.519291877746582, ""val_accuracy"": 92.54232025146484, ""val_cross_entropy"": 0.4216049313545227, ""val_balanced_accuracy"": 0.6212837100028992, ""test_cross_entropy"": 0.622402548789978, ""test_balanced_accuracy"": 0.6179497838020325}"
2026-04-14T08:02:13.365777,tpe,lcbench,3945,1,467,4.124986171722412,"{""OpenML_task_id"": ""189908"", ""batch_size"": 161, ""epoch"": 1, ""learning_rate"": 0.0731672147960885, ""max_dropout"": 0.431569621849417, ""max_units"": 94, ""momentum"": 0.30575122413419026, ""num_layers"": 5, ""weight_decay"": 0.03194366903866735}","{""time"": 4.124986171722412, ""val_accuracy"": 73.48889923095703, ""val_cross_entropy"": 0.4856700003147125, ""val_balanced_accuracy"": 0.5944817066192627, ""test_cross_entropy"": 0.6375609636306763, ""test_balanced_accuracy"": 0.5831847190856934}"
2026-04-14T08:02:13.412685,tpe,lcbench,3945,1,468,7.961174488067627,"{""OpenML_task_id"": ""189908"", ""batch_size"": 141, ""epoch"": 3, ""learning_rate"": 0.0696684012611352, ""max_dropout"": 0.4574157277112645, ""max_units"": 64, ""momentum"": 0.3016168053287316, ""num_layers"": 5, ""weight_decay"": 0.029315626080804146}","{""time"": 7.961174488067627, ""val_accuracy"": 96.05055236816406, ""val_cross_entropy"": 0.4033302962779999, ""val_balanced_accuracy"": 0.6519733667373657, ""test_cross_entropy"": 0.6076817512512207, ""test_balanced_accuracy"": 0.6533128023147583}"
2026-04-14T08:02:13.456932,tpe,lcbench,3945,1,469,6.552759170532227,"{""OpenML_task_id"": ""189908"", ""batch_size"": 156, ""epoch"": 2, ""learning_rate"": 0.07580075328706455, ""max_dropout"": 0.3974257157984745, ""max_units"": 84, ""momentum"": 0.31028643819333157, ""num_layers"": 5, ""weight_decay"": 0.027319995374491198}","{""time"": 6.552759170532227, ""val_accuracy"": 92.40333557128906, ""val_cross_entropy"": 0.426765501499176, ""val_balanced_accuracy"": 0.6269799470901489, ""test_cross_entropy"": 0.6219071745872498, ""test_balanced_accuracy"": 0.624100923538208}"
2026-04-14T08:02:13.504642,tpe,lcbench,3945,1,470,4.2184157371521,"{""OpenML_task_id"": ""189908"", ""batch_size"": 140, ""epoch"": 1, ""learning_rate"": 0.07226311629259376, ""max_dropout"": 0.47383403127892065, ""max_units"": 102, ""momentum"": 0.27222871637445367, ""num_layers"": 5, ""weight_decay"": 0.03293758118395848}","{""time"": 4.2184157371521, ""val_accuracy"": 73.20016479492188, ""val_cross_entropy"": 0.48613959550857544, ""val_balanced_accuracy"": 0.5906119346618652, ""test_cross_entropy"": 0.6376605033874512, ""test_balanced_accuracy"": 0.5791100263595581}"
2026-04-14T08:02:13.555447,tpe,lcbench,3945,1,471,17.129817962646484,"{""OpenML_task_id"": ""189908"", ""batch_size"": 160, ""epoch"": 2, ""learning_rate"": 0.07487851050907178, ""max_dropout"": 0.6172904332844875, ""max_units"": 83, ""momentum"": 0.34629235721784285, ""num_layers"": 1, ""weight_decay"": 0.030109306163906856}","{""time"": 17.129817962646484, ""val_accuracy"": 67.57691192626953, ""val_cross_entropy"": 0.6336326003074646, ""val_balanced_accuracy"": 0.7153291702270508, ""test_cross_entropy"": 0.6037011742591858, ""test_balanced_accuracy"": 0.7049378752708435}"
2026-04-14T08:02:13.599329,tpe,lcbench,3945,1,472,4.264432907104492,"{""OpenML_task_id"": ""189908"", ""batch_size"": 149, ""epoch"": 1, ""learning_rate"": 0.07023674050281768, ""max_dropout"": 0.44470019027702873, ""max_units"": 105, ""momentum"": 0.33191573458266094, ""num_layers"": 5, ""weight_decay"": 0.027800814121090266}","{""time"": 4.264432907104492, ""val_accuracy"": 72.88446807861328, ""val_cross_entropy"": 0.491390585899353, ""val_balanced_accuracy"": 0.5904576182365417, ""test_cross_entropy"": 0.6401606798171997, ""test_balanced_accuracy"": 0.5786386132240295}"
2026-04-14T08:02:13.648456,tpe,lcbench,3945,1,473,10.051486015319824,"{""OpenML_task_id"": ""189908"", ""batch_size"": 137, ""epoch"": 4, ""learning_rate"": 0.0777249484925021, ""max_dropout"": 0.42589644360370976, ""max_units"": 81, ""momentum"": 0.27855527756126447, ""num_layers"": 5, ""weight_decay"": 0.03259815659651056}","{""time"": 10.051486015319824, ""val_accuracy"": 96.84747314453125, ""val_cross_entropy"": 0.39428237080574036, ""val_balanced_accuracy"": 0.647284746170044, ""test_cross_entropy"": 0.6037415266036987, ""test_balanced_accuracy"": 0.6500921249389648}"
2026-04-14T08:02:13.704514,tpe,lcbench,3945,1,474,8.242857933044434,"{""OpenML_task_id"": ""189908"", ""batch_size"": 150, ""epoch"": 3, ""learning_rate"": 0.07331952697431715, ""max_dropout"": 0.37719621961455796, ""max_units"": 83, ""momentum"": 0.29468137379775045, ""num_layers"": 5, ""weight_decay"": 0.030337162153523032}","{""time"": 8.242857933044434, ""val_accuracy"": 95.82511138916016, ""val_cross_entropy"": 0.4138466417789459, ""val_balanced_accuracy"": 0.6544901728630066, ""test_cross_entropy"": 0.6126589775085449, ""test_balanced_accuracy"": 0.6559411287307739}"
2026-04-14T08:02:13.740494,tpe,lcbench,3945,1,475,6.4258623123168945,"{""OpenML_task_id"": ""189908"", ""batch_size"": 162, ""epoch"": 2, ""learning_rate"": 0.0764829009055206, ""max_dropout"": 0.46797609800602474, ""max_units"": 64, ""momentum"": 0.24847092979251995, ""num_layers"": 5, ""weight_decay"": 0.027393069275380676}","{""time"": 6.4258623123168945, ""val_accuracy"": 92.23957061767578, ""val_cross_entropy"": 0.4219553470611572, ""val_balanced_accuracy"": 0.6212055087089539, ""test_cross_entropy"": 0.6235451698303223, ""test_balanced_accuracy"": 0.618065357208252}"
2026-04-14T08:02:13.805546,tpe,lcbench,3945,1,476,4.328578948974609,"{""OpenML_task_id"": ""189908"", ""batch_size"": 130, ""epoch"": 1, ""learning_rate"": 0.07154057603954027, ""max_dropout"": 0.4816656059772171, ""max_units"": 107, ""momentum"": 0.26556134987327273, ""num_layers"": 5, ""weight_decay"": 0.03334394407247896}","{""time"": 4.328578948974609, ""val_accuracy"": 73.08381652832031, ""val_cross_entropy"": 0.4874919056892395, ""val_balanced_accuracy"": 0.5882858037948608, ""test_cross_entropy"": 0.6378874778747559, ""test_balanced_accuracy"": 0.5765674114227295}"
2026-04-14T08:02:13.847977,tpe,lcbench,3945,1,477,70.9382553100586,"{""OpenML_task_id"": ""167185"", ""batch_size"": 144, ""epoch"": 52, ""learning_rate"": 0.07485468274829274, ""max_dropout"": 0.4499800978782404, ""max_units"": 94, ""momentum"": 0.3142988514646545, ""num_layers"": 5, ""weight_decay"": 0.031371223496581356}","{""time"": 70.9382553100586, ""val_accuracy"": 98.49425506591797, ""val_cross_entropy"": 0.39585867524147034, ""val_balanced_accuracy"": 0.5985081195831299, ""test_cross_entropy"": 0.5963249802589417, ""test_balanced_accuracy"": 0.6047239899635315}"
2026-04-14T08:02:13.889795,tpe,lcbench,3945,1,478,3.9576494693756104,"{""OpenML_task_id"": ""167181"", ""batch_size"": 160, ""epoch"": 1, ""learning_rate"": 0.08025246758563194, ""max_dropout"": 0.40903848170002893, ""max_units"": 85, ""momentum"": 0.244557458263936, ""num_layers"": 5, ""weight_decay"": 0.0294671828041706}","{""time"": 3.9576494693756104, ""val_accuracy"": 73.66053009033203, ""val_cross_entropy"": 0.4826468229293823, ""val_balanced_accuracy"": 0.5951783657073975, ""test_cross_entropy"": 0.6380363702774048, ""test_balanced_accuracy"": 0.5840039849281311}"
2026-04-14T08:02:13.938715,tpe,lcbench,3945,1,479,8.482707023620605,"{""OpenML_task_id"": ""168908"", ""batch_size"": 163, ""epoch"": 3, ""learning_rate"": 0.081442356743318, ""max_dropout"": 0.3444993168512277, ""max_units"": 112, ""momentum"": 0.24353439808460703, ""num_layers"": 5, ""weight_decay"": 0.02957495911613362}","{""time"": 8.482707023620605, ""val_accuracy"": 95.53312683105469, ""val_cross_entropy"": 0.42453768849372864, ""val_balanced_accuracy"": 0.6601885557174683, ""test_cross_entropy"": 0.6146336793899536, ""test_balanced_accuracy"": 0.6623099446296692}"
2026-04-14T08:02:13.973655,tpe,lcbench,3945,1,480,6.7326459884643555,"{""OpenML_task_id"": ""189908"", ""batch_size"": 153, ""epoch"": 2, ""learning_rate"": 0.07978489420793627, ""max_dropout"": 0.41557703516439937, ""max_units"": 94, ""momentum"": 0.28762693946027956, ""num_layers"": 5, ""weight_decay"": 0.027870555684023416}","{""time"": 6.7326459884643555, ""val_accuracy"": 92.3730239868164, ""val_cross_entropy"": 0.42480894923210144, ""val_balanced_accuracy"": 0.6247416734695435, ""test_cross_entropy"": 0.6214900016784668, ""test_balanced_accuracy"": 0.6220212578773499}"
2026-04-14T08:02:14.038671,tpe,lcbench,3945,1,481,9.680557250976562,"{""OpenML_task_id"": ""167181"", ""batch_size"": 168, ""epoch"": 4, ""learning_rate"": 0.07820823650647304, ""max_dropout"": 0.41592924339948495, ""max_units"": 83, ""momentum"": 0.25750209418061965, ""num_layers"": 5, ""weight_decay"": 0.029642130065016488}","{""time"": 9.680557250976562, ""val_accuracy"": 96.52584838867188, ""val_cross_entropy"": 0.4126906096935272, ""val_balanced_accuracy"": 0.6588677167892456, ""test_cross_entropy"": 0.6120265126228333, ""test_balanced_accuracy"": 0.6622316241264343}"
2026-04-14T08:02:14.078835,tpe,lcbench,3945,1,482,4.300689220428467,"{""OpenML_task_id"": ""167181"", ""batch_size"": 135, ""epoch"": 1, ""learning_rate"": 0.08006529181448725, ""max_dropout"": 0.3922292350246456, ""max_units"": 111, ""momentum"": 0.27235725763825824, ""num_layers"": 5, ""weight_decay"": 0.026287890067539135}","{""time"": 4.300689220428467, ""val_accuracy"": 72.78292083740234, ""val_cross_entropy"": 0.49349918961524963, ""val_balanced_accuracy"": 0.5883160829544067, ""test_cross_entropy"": 0.6409318447113037, ""test_balanced_accuracy"": 0.5764266848564148}"
2026-04-14T08:02:14.123509,tpe,lcbench,3945,1,483,6.619693756103516,"{""OpenML_task_id"": ""167181"", ""batch_size"": 146, ""epoch"": 2, ""learning_rate"": 0.07726193860079947, ""max_dropout"": 0.3590860366711939, ""max_units"": 64, ""momentum"": 0.2380313276662932, ""num_layers"": 5, ""weight_decay"": 0.03181158614834323}","{""time"": 6.619693756103516, ""val_accuracy"": 92.60482788085938, ""val_cross_entropy"": 0.41779977083206177, ""val_balanced_accuracy"": 0.6135128736495972, ""test_cross_entropy"": 0.6216096878051758, ""test_balanced_accuracy"": 0.6100833415985107}"
2026-04-14T08:02:14.178853,tpe,lcbench,3945,1,484,4.031556606292725,"{""OpenML_task_id"": ""126029"", ""batch_size"": 156, ""epoch"": 1, ""learning_rate"": 0.08214502084118011, ""max_dropout"": 0.4051578495437486, ""max_units"": 92, ""momentum"": 0.29992420072361525, ""num_layers"": 5, ""weight_decay"": 0.02708495994162895}","{""time"": 4.031556606292725, ""val_accuracy"": 73.32201385498047, ""val_cross_entropy"": 0.4888010621070862, ""val_balanced_accuracy"": 0.5929585695266724, ""test_cross_entropy"": 0.6399271488189697, ""test_balanced_accuracy"": 0.5813777446746826}"
2026-04-14T08:02:14.235836,tpe,lcbench,3945,1,485,8.287480354309082,"{""OpenML_task_id"": ""189908"", ""batch_size"": 167, ""epoch"": 3, ""learning_rate"": 0.07491510412851057, ""max_dropout"": 0.43463701809647143, ""max_units"": 83, ""momentum"": 0.25566421429830716, ""num_layers"": 5, ""weight_decay"": 0.029244410072096605}","{""time"": 8.287480354309082, ""val_accuracy"": 95.5466079711914, ""val_cross_entropy"": 0.41906267404556274, ""val_balanced_accuracy"": 0.6570054292678833, ""test_cross_entropy"": 0.6158890724182129, ""test_balanced_accuracy"": 0.6586540937423706}"
2026-04-14T08:02:14.285403,tpe,lcbench,3945,1,486,26.94689178466797,"{""OpenML_task_id"": ""168335"", ""batch_size"": 140, ""epoch"": 15, ""learning_rate"": 0.06886905321822265, ""max_dropout"": 0.4573801536580747, ""max_units"": 116, ""momentum"": 0.28112434789615287, ""num_layers"": 5, ""weight_decay"": 0.03158165328736353}","{""time"": 26.94689178466797, ""val_accuracy"": 98.027587890625, ""val_cross_entropy"": 0.3885011374950409, ""val_balanced_accuracy"": 0.6210005879402161, ""test_cross_entropy"": 0.594638466835022, ""test_balanced_accuracy"": 0.6263679265975952}"
2026-04-14T08:02:14.324572,tpe,lcbench,3945,1,487,6.643399715423584,"{""OpenML_task_id"": ""167190"", ""batch_size"": 129, ""epoch"": 2, ""learning_rate"": 0.07649654702647476, ""max_dropout"": 0.5699347340961098, ""max_units"": 64, ""momentum"": 0.23696645888799395, ""num_layers"": 5, ""weight_decay"": 0.028633791269588687}","{""time"": 6.643399715423584, ""val_accuracy"": 93.0627212524414, ""val_cross_entropy"": 0.3992805480957031, ""val_balanced_accuracy"": 0.6161984801292419, ""test_cross_entropy"": 0.6121280193328857, ""test_balanced_accuracy"": 0.6131303310394287}"
2026-04-14T08:02:14.374003,tpe,lcbench,3945,1,488,15.480159759521484,"{""OpenML_task_id"": ""167181"", ""batch_size"": 156, ""epoch"": 7, ""learning_rate"": 0.0787502392470744, ""max_dropout"": 0.4364766242308162, ""max_units"": 96, ""momentum"": 0.2520490743800085, ""num_layers"": 5, ""weight_decay"": 0.03332096953986707}","{""time"": 15.480159759521484, ""val_accuracy"": 97.49652862548828, ""val_cross_entropy"": 0.39967721700668335, ""val_balanced_accuracy"": 0.6423565745353699, ""test_cross_entropy"": 0.6062673330307007, ""test_balanced_accuracy"": 0.6474847793579102}"
2026-04-14T08:02:14.423266,tpe,lcbench,3945,1,489,11.745767593383789,"{""OpenML_task_id"": ""167168"", ""batch_size"": 146, ""epoch"": 1, ""learning_rate"": 0.07336830197005235, ""max_dropout"": 0.3944401328690311, ""max_units"": 525, ""momentum"": 0.3342534840920376, ""num_layers"": 5, ""weight_decay"": 0.03035872987513874}","{""time"": 11.745767593383789, ""val_accuracy"": 64.5505142211914, ""val_cross_entropy"": 0.5388312935829163, ""val_balanced_accuracy"": 0.5524020195007324, ""test_cross_entropy"": 0.6528054475784302, ""test_balanced_accuracy"": 0.5443016886711121}"
2026-04-14T08:02:14.472177,tpe,lcbench,3945,1,490,4.311845302581787,"{""OpenML_task_id"": ""189354"", ""batch_size"": 167, ""epoch"": 1, ""learning_rate"": 0.07082325491040617, ""max_dropout"": 0.46762828212340174, ""max_units"": 108, ""momentum"": 0.3033636046592112, ""num_layers"": 5, ""weight_decay"": 0.026539054429884416}","{""time"": 4.311845302581787, ""val_accuracy"": 72.50898742675781, ""val_cross_entropy"": 0.48790910840034485, ""val_balanced_accuracy"": 0.5925719141960144, ""test_cross_entropy"": 0.6401842832565308, ""test_balanced_accuracy"": 0.5812391638755798}"
2026-04-14T08:02:14.519711,tpe,lcbench,3945,1,491,15.473187446594238,"{""OpenML_task_id"": ""189908"", ""batch_size"": 136, ""epoch"": 5, ""learning_rate"": 0.07599014231261109, ""max_dropout"": 0.5278105629257552, ""max_units"": 82, ""momentum"": 0.2733082466067568, ""num_layers"": 5, ""weight_decay"": 0.0484551566146187}","{""time"": 15.473187446594238, ""val_accuracy"": 97.03459167480469, ""val_cross_entropy"": 0.38753315806388855, ""val_balanced_accuracy"": 0.6196032762527466, ""test_cross_entropy"": 0.6034343242645264, ""test_balanced_accuracy"": 0.6228594183921814}"
2026-04-14T08:02:14.556915,tpe,lcbench,3945,1,492,8.61239242553711,"{""OpenML_task_id"": ""167152"", ""batch_size"": 150, ""epoch"": 3, ""learning_rate"": 0.0703227680489888, ""max_dropout"": 0.44700464396891954, ""max_units"": 82, ""momentum"": 0.3687012453349279, ""num_layers"": 5, ""weight_decay"": 0.03143877578091336}","{""time"": 8.61239242553711, ""val_accuracy"": 95.87667083740234, ""val_cross_entropy"": 0.40837162733078003, ""val_balanced_accuracy"": 0.654022216796875, ""test_cross_entropy"": 0.6109883785247803, ""test_balanced_accuracy"": 0.655284583568573}"
2026-04-14T08:02:14.607943,tpe,lcbench,3945,1,493,6.466301918029785,"{""OpenML_task_id"": ""189873"", ""batch_size"": 161, ""epoch"": 2, ""learning_rate"": 0.07805302231712795, ""max_dropout"": 0.4164462282067737, ""max_units"": 64, ""momentum"": 0.23347370672060452, ""num_layers"": 5, ""weight_decay"": 0.029109969834572844}","{""time"": 6.466301918029785, ""val_accuracy"": 92.23112487792969, ""val_cross_entropy"": 0.4223170578479767, ""val_balanced_accuracy"": 0.6176811456680298, ""test_cross_entropy"": 0.6240186095237732, ""test_balanced_accuracy"": 0.614420473575592}"
2026-04-14T08:02:14.656454,tpe,lcbench,3945,1,494,4.477787017822266,"{""OpenML_task_id"": ""189908"", ""batch_size"": 138, ""epoch"": 1, ""learning_rate"": 0.0009437737252501258, ""max_dropout"": 0.6031308852389772, ""max_units"": 120, ""momentum"": 0.28975319518481013, ""num_layers"": 5, ""weight_decay"": 0.03372990456029288}","{""time"": 4.477787017822266, ""val_accuracy"": 77.10713195800781, ""val_cross_entropy"": 0.4599422514438629, ""val_balanced_accuracy"": 0.6081072092056274, ""test_cross_entropy"": 0.6177916526794434, ""test_balanced_accuracy"": 0.594575822353363}"
2026-04-14T08:02:14.705487,tpe,lcbench,3945,1,495,7.057557582855225,"{""OpenML_task_id"": ""167184"", ""batch_size"": 123, ""epoch"": 2, ""learning_rate"": 0.0739607436914435, ""max_dropout"": 0.48819622502046517, ""max_units"": 97, ""momentum"": 0.3167566487536439, ""num_layers"": 5, ""weight_decay"": 0.027514351498430383}","{""time"": 7.057557582855225, ""val_accuracy"": 93.0243911743164, ""val_cross_entropy"": 0.4086470305919647, ""val_balanced_accuracy"": 0.6172053813934326, ""test_cross_entropy"": 0.6132141351699829, ""test_balanced_accuracy"": 0.6142622828483582}"
2026-04-14T08:02:14.756686,tpe,lcbench,3945,1,496,8.099226951599121,"{""OpenML_task_id"": ""168331"", ""batch_size"": 170, ""epoch"": 3, ""learning_rate"": 0.08137305528628422, ""max_dropout"": 0.19498461144460452, ""max_units"": 82, ""momentum"": 0.2532775111306162, ""num_layers"": 5, ""weight_decay"": 0.03094729917580413}","{""time"": 8.099226951599121, ""val_accuracy"": 95.65674591064453, ""val_cross_entropy"": 0.4233929514884949, ""val_balanced_accuracy"": 0.6649008989334106, ""test_cross_entropy"": 0.6136878728866577, ""test_balanced_accuracy"": 0.6664308309555054}"
2026-04-14T08:02:14.805351,tpe,lcbench,3945,1,497,276.25732421875,"{""OpenML_task_id"": ""189905"", ""batch_size"": 155, ""epoch"": 31, ""learning_rate"": 0.06822810196914363, ""max_dropout"": 0.376283685995026, ""max_units"": 631, ""momentum"": 0.23904501556165642, ""num_layers"": 5, ""weight_decay"": 0.03702160456964495}","{""time"": 276.25732421875, ""val_accuracy"": 96.23209381103516, ""val_cross_entropy"": 0.44619515538215637, ""val_balanced_accuracy"": 0.6509172320365906, ""test_cross_entropy"": 0.5855971574783325, ""test_balanced_accuracy"": 0.6550509333610535}"
2026-04-14T08:02:14.855395,tpe,lcbench,3945,1,498,3.7763683795928955,"{""OpenML_task_id"": ""189906"", ""batch_size"": 143, ""epoch"": 1, ""learning_rate"": 0.07514384191060672, ""max_dropout"": 0.5111019035493557, ""max_units"": 64, ""momentum"": 0.271094037185607, ""num_layers"": 5, ""weight_decay"": 0.03264540175984046}","{""time"": 3.7763683795928955, ""val_accuracy"": 74.2199935913086, ""val_cross_entropy"": 0.4793071746826172, ""val_balanced_accuracy"": 0.5937632918357849, ""test_cross_entropy"": 0.6357028484344482, ""test_balanced_accuracy"": 0.582152247428894}"
2026-04-14T08:02:14.911818,tpe,lcbench,3945,1,499,10.818445205688477,"{""OpenML_task_id"": ""189865"", ""batch_size"": 147, ""epoch"": 4, ""learning_rate"": 0.07566215052092319, ""max_dropout"": 0.5067126639349443, ""max_units"": 102, ""momentum"": 0.28683212433807836, ""num_layers"": 5, ""weight_decay"": 0.03360103618816196}","{""time"": 10.818445205688477, ""val_accuracy"": 96.59546661376953, ""val_cross_entropy"": 0.4013018310070038, ""val_balanced_accuracy"": 0.646381676197052, ""test_cross_entropy"": 0.6066069602966309, ""test_balanced_accuracy"": 0.6495926380157471}"
2026-04-14T08:02:14.968125,tpe,lcbench,3945,1,500,4.012033939361572,"{""OpenML_task_id"": ""189908"", ""batch_size"": 128, ""epoch"": 1, ""learning_rate"": 0.07957741909393062, ""max_dropout"": 0.5282084381436155, ""max_units"": 83, ""momentum"": 0.263216735914099, ""num_layers"": 5, ""weight_decay"": 0.035855083755105474}","{""time"": 4.012033939361572, ""val_accuracy"": 73.82058715820312, ""val_cross_entropy"": 0.48168089985847473, ""val_balanced_accuracy"": 0.5907663106918335, ""test_cross_entropy"": 0.634546160697937, ""test_balanced_accuracy"": 0.5790625810623169}"
2026-04-14T08:02:15.006999,tpe,lcbench,3945,1,501,8.35720443725586,"{""OpenML_task_id"": ""126026"", ""batch_size"": 136, ""epoch"": 2, ""learning_rate"": 0.0724562983371313, ""max_dropout"": 0.5539723562629589, ""max_units"": 120, ""momentum"": 0.4188698344469058, ""num_layers"": 5, ""weight_decay"": 0.03298036465107627}","{""time"": 8.35720443725586, ""val_accuracy"": 92.2557601928711, ""val_cross_entropy"": 0.4154990017414093, ""val_balanced_accuracy"": 0.6151075959205627, ""test_cross_entropy"": 0.6177157163619995, ""test_balanced_accuracy"": 0.6119047999382019}"
2026-04-14T08:02:15.057621,tpe,lcbench,3945,1,502,8.31397533416748,"{""OpenML_task_id"": ""126029"", ""batch_size"": 157, ""epoch"": 3, ""learning_rate"": 0.0774017650129658, ""max_dropout"": 0.4684803625900823, ""max_units"": 98, ""momentum"": 0.27709036795079983, ""num_layers"": 5, ""weight_decay"": 0.028083672319101097}","{""time"": 8.31397533416748, ""val_accuracy"": 95.6326675415039, ""val_cross_entropy"": 0.416434109210968, ""val_balanced_accuracy"": 0.6587684154510498, ""test_cross_entropy"": 0.6121918559074402, ""test_balanced_accuracy"": 0.660765528678894}"
2026-04-14T08:02:15.107241,tpe,lcbench,3945,1,503,3.99530029296875,"{""OpenML_task_id"": ""189906"", ""batch_size"": 145, ""epoch"": 1, ""learning_rate"": 0.07439092125857612, ""max_dropout"": 0.48930871160021616, ""max_units"": 82, ""momentum"": 0.3195540900252157, ""num_layers"": 5, ""weight_decay"": 0.03211343833387084}","{""time"": 3.99530029296875, ""val_accuracy"": 73.6584243774414, ""val_cross_entropy"": 0.4859556555747986, ""val_balanced_accuracy"": 0.5917745232582092, ""test_cross_entropy"": 0.637566089630127, ""test_balanced_accuracy"": 0.5800651907920837}"
2026-04-14T08:02:15.142464,tpe,lcbench,3945,1,504,17.451942443847656,"{""OpenML_task_id"": ""167181"", ""batch_size"": 171, ""epoch"": 2, ""learning_rate"": 0.07509864101403, ""max_dropout"": 0.5171077373566131, ""max_units"": 130, ""momentum"": 0.32380702535994654, ""num_layers"": 3, ""weight_decay"": 0.034652155921175785}","{""time"": 17.451942443847656, ""val_accuracy"": 74.17173767089844, ""val_cross_entropy"": 0.598369836807251, ""val_balanced_accuracy"": 0.613912045955658, ""test_cross_entropy"": 0.6237654685974121, ""test_balanced_accuracy"": 0.610668957233429}"
2026-04-14T08:02:15.205394,tpe,lcbench,3945,1,505,3.9771721363067627,"{""OpenML_task_id"": ""167161"", ""batch_size"": 139, ""epoch"": 1, ""learning_rate"": 0.07709343636229843, ""max_dropout"": 0.49192718583715456, ""max_units"": 81, ""momentum"": 0.3070213546831473, ""num_layers"": 5, ""weight_decay"": 0.02631890214623302}","{""time"": 3.9771721363067627, ""val_accuracy"": 73.36117553710938, ""val_cross_entropy"": 0.48688870668411255, ""val_balanced_accuracy"": 0.5903461575508118, ""test_cross_entropy"": 0.6391056776046753, ""test_balanced_accuracy"": 0.5782557725906372}"
2026-04-14T08:02:15.255588,tpe,lcbench,3945,1,506,18.387630462646484,"{""OpenML_task_id"": ""189906"", ""batch_size"": 128, ""epoch"": 4, ""learning_rate"": 0.0799311851287007, ""max_dropout"": 0.5361458564421335, ""max_units"": 64, ""momentum"": 0.2902127785974011, ""num_layers"": 4, ""weight_decay"": 0.02637657233165588}","{""time"": 18.387630462646484, ""val_accuracy"": 89.08641052246094, ""val_cross_entropy"": 0.5249125957489014, ""val_balanced_accuracy"": 0.5800186991691589, ""test_cross_entropy"": 0.5879956483840942, ""test_balanced_accuracy"": 0.5815851092338562}"
2026-04-14T08:02:15.305503,tpe,lcbench,3945,1,507,8.643071174621582,"{""OpenML_task_id"": ""167185"", ""batch_size"": 161, ""epoch"": 2, ""learning_rate"": 0.07760208595148801, ""max_dropout"": 0.49997377258389286, ""max_units"": 106, ""momentum"": 0.34819561041080727, ""num_layers"": 5, ""weight_decay"": 0.04369764227478277}","{""time"": 8.643071174621582, ""val_accuracy"": 91.44812774658203, ""val_cross_entropy"": 0.42874154448509216, ""val_balanced_accuracy"": 0.6107935905456543, ""test_cross_entropy"": 0.6284066438674927, ""test_balanced_accuracy"": 0.6075252294540405}"
2026-04-14T08:02:15.340016,tpe,lcbench,3945,1,508,8.019742012023926,"{""OpenML_task_id"": ""189906"", ""batch_size"": 135, ""epoch"": 3, ""learning_rate"": 0.07650046255739568, ""max_dropout"": 0.5543282241216312, ""max_units"": 80, ""momentum"": 0.30706103151360026, ""num_layers"": 5, ""weight_decay"": 0.026617211427646212}","{""time"": 8.019742012023926, ""val_accuracy"": 96.04431915283203, ""val_cross_entropy"": 0.3952257037162781, ""val_balanced_accuracy"": 0.6571570634841919, ""test_cross_entropy"": 0.6013178825378418, ""test_balanced_accuracy"": 0.6588827967643738}"
2026-04-14T08:02:15.397185,tpe,lcbench,3945,1,509,11.574248313903809,"{""OpenML_task_id"": ""146212"", ""batch_size"": 121, ""epoch"": 1, ""learning_rate"": 0.07849059564021056, ""max_dropout"": 0.48772619849378906, ""max_units"": 417, ""momentum"": 0.25411930964204654, ""num_layers"": 5, ""weight_decay"": 0.09005645007324276}","{""time"": 11.574248313903809, ""val_accuracy"": 69.42028045654297, ""val_cross_entropy"": 0.5260306000709534, ""val_balanced_accuracy"": 0.5748884081840515, ""test_cross_entropy"": 0.6357725858688354, ""test_balanced_accuracy"": 0.5662595629692078}"
2026-04-14T08:02:15.449213,tpe,lcbench,3945,1,510,7.152381896972656,"{""OpenML_task_id"": ""189906"", ""batch_size"": 154, ""epoch"": 2, ""learning_rate"": 0.07323484719806268, ""max_dropout"": 0.5273604742808167, ""max_units"": 100, ""momentum"": 0.22797083543558203, ""num_layers"": 5, ""weight_decay"": 0.029062390454285457}","{""time"": 7.152381896972656, ""val_accuracy"": 91.96272277832031, ""val_cross_entropy"": 0.42157307267189026, ""val_balanced_accuracy"": 0.6165405511856079, ""test_cross_entropy"": 0.6226091384887695, ""test_balanced_accuracy"": 0.6135948300361633}"
2026-04-14T08:02:15.505373,tpe,lcbench,3945,1,511,3.754056930541992,"{""OpenML_task_id"": ""168910"", ""batch_size"": 141, ""epoch"": 1, ""learning_rate"": 0.08131691384169597, ""max_dropout"": 0.5144429246469454, ""max_units"": 64, ""momentum"": 0.30084211874778444, ""num_layers"": 5, ""weight_decay"": 0.02591663675312314}","{""time"": 3.754056930541992, ""val_accuracy"": 73.8128433227539, ""val_cross_entropy"": 0.4831174612045288, ""val_balanced_accuracy"": 0.5921990871429443, ""test_cross_entropy"": 0.6378251314163208, ""test_balanced_accuracy"": 0.580141544342041}"
2026-04-14T08:02:15.555558,tpe,lcbench,3945,1,512,8.01834774017334,"{""OpenML_task_id"": ""168910"", ""batch_size"": 171, ""epoch"": 3, ""learning_rate"": 0.07679809310584619, ""max_dropout"": 0.5690139715582119, ""max_units"": 65, ""momentum"": 0.2620102205766632, ""num_layers"": 5, ""weight_decay"": 0.025469133849856322}","{""time"": 8.01834774017334, ""val_accuracy"": 95.5374984741211, ""val_cross_entropy"": 0.4109765887260437, ""val_balanced_accuracy"": 0.6612118482589722, ""test_cross_entropy"": 0.6104063391685486, ""test_balanced_accuracy"": 0.6629444360733032}"
2026-04-14T08:02:15.606102,tpe,lcbench,3945,1,513,3.751267910003662,"{""OpenML_task_id"": ""167104"", ""batch_size"": 136, ""epoch"": 1, ""learning_rate"": 0.08005397856169157, ""max_dropout"": 0.5074187915904956, ""max_units"": 64, ""momentum"": 0.23988180430094067, ""num_layers"": 5, ""weight_decay"": 0.026222491293941306}","{""time"": 3.751267910003662, ""val_accuracy"": 73.87989044189453, ""val_cross_entropy"": 0.4799370765686035, ""val_balanced_accuracy"": 0.5918399691581726, ""test_cross_entropy"": 0.6377927660942078, ""test_balanced_accuracy"": 0.5799080729484558}"
2026-04-14T08:02:15.655360,tpe,lcbench,3945,1,514,6.437018394470215,"{""OpenML_task_id"": ""168910"", ""batch_size"": 119, ""epoch"": 2, ""learning_rate"": 0.08192961639030841, ""max_dropout"": 0.5139118498585195, ""max_units"": 64, ""momentum"": 0.23446616474964718, ""num_layers"": 5, ""weight_decay"": 0.02831146052997381}","{""time"": 6.437018394470215, ""val_accuracy"": 93.4971923828125, ""val_cross_entropy"": 0.3956069350242615, ""val_balanced_accuracy"": 0.614412248134613, ""test_cross_entropy"": 0.6098649501800537, ""test_balanced_accuracy"": 0.6113868355751038}"
2026-04-14T08:02:15.706645,tpe,lcbench,3945,1,515,8.737895011901855,"{""OpenML_task_id"": ""167104"", ""batch_size"": 133, ""epoch"": 4, ""learning_rate"": 0.08084366038518984, ""max_dropout"": 0.5441772689714377, ""max_units"": 65, ""momentum"": 0.19950984394355298, ""num_layers"": 5, ""weight_decay"": 0.025835143600338277}","{""time"": 8.737895011901855, ""val_accuracy"": 96.93506622314453, ""val_cross_entropy"": 0.38357898592948914, ""val_balanced_accuracy"": 0.6608524918556213, ""test_cross_entropy"": 0.5943052768707275, ""test_balanced_accuracy"": 0.6638491153717041}"
2026-04-14T08:02:15.755343,tpe,lcbench,3945,1,516,4.052473545074463,"{""OpenML_task_id"": ""167104"", ""batch_size"": 161, ""epoch"": 1, ""learning_rate"": 0.08113282607427123, ""max_dropout"": 0.532659359394956, ""max_units"": 96, ""momentum"": 0.22816448905877362, ""num_layers"": 5, ""weight_decay"": 0.028733014468037506}","{""time"": 4.052473545074463, ""val_accuracy"": 72.7955551147461, ""val_cross_entropy"": 0.4800059199333191, ""val_balanced_accuracy"": 0.5940102338790894, ""test_cross_entropy"": 0.6386656761169434, ""test_balanced_accuracy"": 0.5829911828041077}"
2026-04-14T08:02:15.805524,tpe,lcbench,3945,1,517,7.947229862213135,"{""OpenML_task_id"": ""168910"", ""batch_size"": 153, ""epoch"": 3, ""learning_rate"": 0.08314453670013232, ""max_dropout"": 0.5906207763715178, ""max_units"": 64, ""momentum"": 0.24782859074780325, ""num_layers"": 5, ""weight_decay"": 0.0271050801809882}","{""time"": 7.947229862213135, ""val_accuracy"": 95.75823974609375, ""val_cross_entropy"": 0.3998498320579529, ""val_balanced_accuracy"": 0.655622124671936, ""test_cross_entropy"": 0.6050582528114319, ""test_balanced_accuracy"": 0.6575683355331421}"
2026-04-14T08:02:15.856652,tpe,lcbench,3945,1,518,10.814261436462402,"{""OpenML_task_id"": ""167104"", ""batch_size"": 145, ""epoch"": 2, ""learning_rate"": 0.07979186909329099, ""max_dropout"": 0.5144967921042138, ""max_units"": 85, ""momentum"": 0.20601076085959436, ""num_layers"": 5, ""weight_decay"": 0.0984769307502926}","{""time"": 10.814261436462402, ""val_accuracy"": 90.99990844726562, ""val_cross_entropy"": 0.4108327031135559, ""val_balanced_accuracy"": 0.6159458160400391, ""test_cross_entropy"": 0.6181410551071167, ""test_balanced_accuracy"": 0.6138616800308228}"
2026-04-14T08:02:15.900813,tpe,lcbench,3945,1,519,20.257617950439453,"{""OpenML_task_id"": ""168910"", ""batch_size"": 127, ""epoch"": 12, ""learning_rate"": 0.08201336071985897, ""max_dropout"": 0.5080424494975783, ""max_units"": 64, ""momentum"": 0.21733414874875273, ""num_layers"": 5, ""weight_decay"": 0.029908036804364085}","{""time"": 20.257617950439453, ""val_accuracy"": 98.08032989501953, ""val_cross_entropy"": 0.36846110224723816, ""val_balanced_accuracy"": 0.6260669827461243, ""test_cross_entropy"": 0.5849658250808716, ""test_balanced_accuracy"": 0.6313384175300598}"
2026-04-14T08:02:15.943270,tpe,lcbench,3945,1,520,4.342523574829102,"{""OpenML_task_id"": ""167104"", ""batch_size"": 171, ""epoch"": 1, ""learning_rate"": 0.0793929158422281, ""max_dropout"": 0.48199268606673057, ""max_units"": 116, ""momentum"": 0.24824932986901746, ""num_layers"": 5, ""weight_decay"": 0.026061992885037213}","{""time"": 4.342523574829102, ""val_accuracy"": 72.09939575195312, ""val_cross_entropy"": 0.4862269461154938, ""val_balanced_accuracy"": 0.5926001667976379, ""test_cross_entropy"": 0.640395998954773, ""test_balanced_accuracy"": 0.5816927552223206}"
2026-04-14T08:02:15.989994,tpe,lcbench,3945,1,521,7.563750267028809,"{""OpenML_task_id"": ""167152"", ""batch_size"": 151, ""epoch"": 2, ""learning_rate"": 0.08325354703996149, ""max_dropout"": 0.46957258875791336, ""max_units"": 96, ""momentum"": 0.26533616516405373, ""num_layers"": 5, ""weight_decay"": 0.036466167349522995}","{""time"": 7.563750267028809, ""val_accuracy"": 92.06591796875, ""val_cross_entropy"": 0.4201231598854065, ""val_balanced_accuracy"": 0.6112760901451111, ""test_cross_entropy"": 0.6245236396789551, ""test_balanced_accuracy"": 0.6082626581192017}"
2026-04-14T08:02:16.038432,tpe,lcbench,3945,1,522,11.228419303894043,"{""OpenML_task_id"": ""167185"", ""batch_size"": 141, ""epoch"": 5, ""learning_rate"": 0.07854572348794746, ""max_dropout"": 0.5474747029846586, ""max_units"": 84, ""momentum"": 0.23931415683674273, ""num_layers"": 5, ""weight_decay"": 0.028587781113228336}","{""time"": 11.228419303894043, ""val_accuracy"": 97.19611358642578, ""val_cross_entropy"": 0.388920396566391, ""val_balanced_accuracy"": 0.6557509899139404, ""test_cross_entropy"": 0.597456157207489, ""test_balanced_accuracy"": 0.6598524451255798}"
2026-04-14T08:02:16.079142,tpe,lcbench,3945,1,523,5.020236015319824,"{""OpenML_task_id"": ""168908"", ""batch_size"": 162, ""epoch"": 1, ""learning_rate"": 0.07265601157243881, ""max_dropout"": 0.5601720052577887, ""max_units"": 110, ""momentum"": 0.20407418064054392, ""num_layers"": 5, ""weight_decay"": 0.0058859787002298256}","{""time"": 5.020236015319824, ""val_accuracy"": 69.6656723022461, ""val_cross_entropy"": 0.5081844925880432, ""val_balanced_accuracy"": 0.5834038853645325, ""test_cross_entropy"": 0.65113765001297, ""test_balanced_accuracy"": 0.57169109582901}"
2026-04-14T08:02:16.139056,tpe,lcbench,3945,1,524,8.401826858520508,"{""OpenML_task_id"": ""167185"", ""batch_size"": 134, ""epoch"": 3, ""learning_rate"": 0.07483054857369577, ""max_dropout"": 0.5017714323157335, ""max_units"": 79, ""momentum"": 0.22651553883065467, ""num_layers"": 5, ""weight_decay"": 0.03300314869813168}","{""time"": 8.401826858520508, ""val_accuracy"": 95.89569091796875, ""val_cross_entropy"": 0.39732712507247925, ""val_balanced_accuracy"": 0.6366068720817566, ""test_cross_entropy"": 0.6068713665008545, ""test_balanced_accuracy"": 0.6380267143249512}"
2026-04-14T08:02:16.185092,tpe,lcbench,3945,1,525,8.2066011428833,"{""OpenML_task_id"": ""126029"", ""batch_size"": 117, ""epoch"": 2, ""learning_rate"": 0.07826113508264464, ""max_dropout"": 0.7592518226474106, ""max_units"": 97, ""momentum"": 0.2659983577777, ""num_layers"": 5, ""weight_decay"": 0.030430571348219436}","{""time"": 8.2066011428833, ""val_accuracy"": 92.73173522949219, ""val_cross_entropy"": 0.38692378997802734, ""val_balanced_accuracy"": 0.6280535459518433, ""test_cross_entropy"": 0.5979129076004028, ""test_balanced_accuracy"": 0.6241878271102905}"
2026-04-14T08:02:16.232509,tpe,lcbench,3945,1,526,58.17327117919922,"{""OpenML_task_id"": ""168335"", ""batch_size"": 151, ""epoch"": 41, ""learning_rate"": 0.07616967537059303, ""max_dropout"": 0.525397444684427, ""max_units"": 131, ""momentum"": 0.28572966337590056, ""num_layers"": 5, ""weight_decay"": 0.025246839165253637}","{""time"": 58.17327117919922, ""val_accuracy"": 98.22859954833984, ""val_cross_entropy"": 0.3589528203010559, ""val_balanced_accuracy"": 0.6578217148780823, ""test_cross_entropy"": 0.5652876496315002, ""test_balanced_accuracy"": 0.6612761616706848}"
2026-04-14T08:02:16.283214,tpe,lcbench,3945,1,527,4.002272605895996,"{""OpenML_task_id"": ""189906"", ""batch_size"": 169, ""epoch"": 1, ""learning_rate"": 0.08042586325157282, ""max_dropout"": 0.6642322504277913, ""max_units"": 84, ""momentum"": 0.2501924132290526, ""num_layers"": 5, ""weight_decay"": 0.027391257588246856}","{""time"": 4.002272605895996, ""val_accuracy"": 72.10709381103516, ""val_cross_entropy"": 0.4708501100540161, ""val_balanced_accuracy"": 0.5996564626693726, ""test_cross_entropy"": 0.6327661275863647, ""test_balanced_accuracy"": 0.5883194804191589}"
2026-04-14T08:02:16.339037,tpe,lcbench,3945,1,528,8.820168495178223,"{""OpenML_task_id"": ""168910"", ""batch_size"": 141, ""epoch"": 3, ""learning_rate"": 0.07271819108023242, ""max_dropout"": 0.4755497785708016, ""max_units"": 64, ""momentum"": 0.2212722534407002, ""num_layers"": 5, ""weight_decay"": 0.03883780422334779}","{""time"": 8.820168495178223, ""val_accuracy"": 95.72171783447266, ""val_cross_entropy"": 0.3950643539428711, ""val_balanced_accuracy"": 0.622005820274353, ""test_cross_entropy"": 0.611404299736023, ""test_balanced_accuracy"": 0.6227608323097229}"
2026-04-14T08:02:16.386819,tpe,lcbench,3945,1,529,3.814019203186035,"{""OpenML_task_id"": ""167190"", ""batch_size"": 159, ""epoch"": 1, ""learning_rate"": 0.06975551300022671, ""max_dropout"": 0.4459233405569305, ""max_units"": 64, ""momentum"": 0.19556000347612537, ""num_layers"": 5, ""weight_decay"": 0.034253528472777545}","{""time"": 3.814019203186035, ""val_accuracy"": 74.47339630126953, ""val_cross_entropy"": 0.4742216169834137, ""val_balanced_accuracy"": 0.5980550646781921, ""test_cross_entropy"": 0.6347110271453857, ""test_balanced_accuracy"": 0.5869800448417664}"
2026-04-14T08:02:16.423364,tpe,lcbench,3945,1,530,7.1063642501831055,"{""OpenML_task_id"": ""167190"", ""batch_size"": 158, ""epoch"": 2, ""learning_rate"": 0.0695835937971573, ""max_dropout"": 0.443438974745059, ""max_units"": 64, ""momentum"": 0.20003839157175782, ""num_layers"": 5, ""weight_decay"": 0.0349506406150117}","{""time"": 7.1063642501831055, ""val_accuracy"": 92.06099700927734, ""val_cross_entropy"": 0.4232870936393738, ""val_balanced_accuracy"": 0.6121277809143066, ""test_cross_entropy"": 0.6263415217399597, ""test_balanced_accuracy"": 0.6084482669830322}"
2026-04-14T08:02:16.484305,tpe,lcbench,3945,1,531,73.65189361572266,"{""OpenML_task_id"": ""167190"", ""batch_size"": 149, ""epoch"": 45, ""learning_rate"": 0.0696180006373757, ""max_dropout"": 0.4614075478135307, ""max_units"": 82, ""momentum"": 0.47347564943748, ""num_layers"": 5, ""weight_decay"": 0.037865881864789806}","{""time"": 73.65189361572266, ""val_accuracy"": 98.34258270263672, ""val_cross_entropy"": 0.42286065220832825, ""val_balanced_accuracy"": 0.569551408290863, ""test_cross_entropy"": 0.6208056211471558, ""test_balanced_accuracy"": 0.5758937001228333}"
2026-04-14T08:02:16.533261,tpe,lcbench,3945,1,532,3.855853319168091,"{""OpenML_task_id"": ""167185"", ""batch_size"": 130, ""epoch"": 1, ""learning_rate"": 0.06745645939747062, ""max_dropout"": 0.48132885305999284, ""max_units"": 64, ""momentum"": 0.2145362295049367, ""num_layers"": 5, ""weight_decay"": 0.034953006170033774}","{""time"": 3.855853319168091, ""val_accuracy"": 74.53762817382812, ""val_cross_entropy"": 0.47739994525909424, ""val_balanced_accuracy"": 0.5923900008201599, ""test_cross_entropy"": 0.6348497867584229, ""test_balanced_accuracy"": 0.5806363821029663}"
2026-04-14T08:02:16.582506,tpe,lcbench,3945,1,533,41.6822624206543,"{""OpenML_task_id"": ""167190"", ""batch_size"": 123, ""epoch"": 4, ""learning_rate"": 0.06740481058436, ""max_dropout"": 0.4973890165384718, ""max_units"": 709, ""momentum"": 0.23790732281028681, ""num_layers"": 5, ""weight_decay"": 0.03629211233231623}","{""time"": 41.6822624206543, ""val_accuracy"": 92.90629577636719, ""val_cross_entropy"": 0.48860788345336914, ""val_balanced_accuracy"": 0.638827919960022, ""test_cross_entropy"": 0.6106200218200684, ""test_balanced_accuracy"": 0.6417932510375977}"
2026-04-14T08:02:16.623104,tpe,lcbench,3945,1,534,3.6662051677703857,"{""OpenML_task_id"": ""167185"", ""batch_size"": 128, ""epoch"": 1, ""learning_rate"": 0.06690089586751972, ""max_dropout"": 0.240816306341547, ""max_units"": 64, ""momentum"": 0.21808480644979245, ""num_layers"": 5, ""weight_decay"": 0.0332375855253936}","{""time"": 3.6662051677703857, ""val_accuracy"": 75.0788345336914, ""val_cross_entropy"": 0.4883396625518799, ""val_balanced_accuracy"": 0.5938844680786133, ""test_cross_entropy"": 0.6370781064033508, ""test_balanced_accuracy"": 0.5809465050697327}"
2026-04-14T08:02:16.688694,tpe,lcbench,3945,1,535,8.02392578125,"{""OpenML_task_id"": ""167185"", ""batch_size"": 107, ""epoch"": 3, ""learning_rate"": 0.06800032388947846, ""max_dropout"": 0.28560031339996095, ""max_units"": 78, ""momentum"": 0.19712768074425618, ""num_layers"": 5, ""weight_decay"": 0.032121125834346155}","{""time"": 8.02392578125, ""val_accuracy"": 96.47026824951172, ""val_cross_entropy"": 0.3838893175125122, ""val_balanced_accuracy"": 0.6320058703422546, ""test_cross_entropy"": 0.598838210105896, ""test_balanced_accuracy"": 0.631969690322876}"
2026-04-14T08:02:16.746321,tpe,lcbench,3945,1,536,45.39712905883789,"{""OpenML_task_id"": ""167185"", ""batch_size"": 115, ""epoch"": 33, ""learning_rate"": 0.06721028998622139, ""max_dropout"": 0.43103528410343184, ""max_units"": 66, ""momentum"": 0.22322554951754517, ""num_layers"": 5, ""weight_decay"": 0.034379552741429516}","{""time"": 45.39712905883789, ""val_accuracy"": 98.48373413085938, ""val_cross_entropy"": 0.3884209990501404, ""val_balanced_accuracy"": 0.5902932286262512, ""test_cross_entropy"": 0.5949025750160217, ""test_balanced_accuracy"": 0.5950875282287598}"
2026-04-14T08:02:16.789906,tpe,lcbench,3945,1,537,3.5783536434173584,"{""OpenML_task_id"": ""167185"", ""batch_size"": 128, ""epoch"": 1, ""learning_rate"": 0.07078324830929274, ""max_dropout"": 0.17281616945425204, ""max_units"": 65, ""momentum"": 0.2085219802926629, ""num_layers"": 5, ""weight_decay"": 0.03273573794481881}","{""time"": 3.5783536434173584, ""val_accuracy"": 75.37814331054688, ""val_cross_entropy"": 0.4902366101741791, ""val_balanced_accuracy"": 0.594513475894928, ""test_cross_entropy"": 0.6375391483306885, ""test_balanced_accuracy"": 0.5813356041908264}"
2026-04-14T08:02:16.838772,tpe,lcbench,3945,1,538,8.94845962524414,"{""OpenML_task_id"": ""167185"", ""batch_size"": 128, ""epoch"": 2, ""learning_rate"": 0.07040084897570746, ""max_dropout"": 0.13911276297244257, ""max_units"": 80, ""momentum"": 0.2150485555210376, ""num_layers"": 2, ""weight_decay"": 0.033625692835225644}","{""time"": 8.94845962524414, ""val_accuracy"": 76.68970489501953, ""val_cross_entropy"": 0.4806358516216278, ""val_balanced_accuracy"": 0.702492356300354, ""test_cross_entropy"": 0.5724478960037231, ""test_balanced_accuracy"": 0.6995587348937988}"
2026-04-14T08:02:16.889908,tpe,lcbench,3945,1,539,3.7275619506835938,"{""OpenML_task_id"": ""167185"", ""batch_size"": 112, ""epoch"": 1, ""learning_rate"": 0.07005504751480558, ""max_dropout"": 0.15230343920475783, ""max_units"": 64, ""momentum"": 0.19928523062275819, ""num_layers"": 5, ""weight_decay"": 0.03878799237556913}","{""time"": 3.7275619506835938, ""val_accuracy"": 75.76559448242188, ""val_cross_entropy"": 0.4973413646221161, ""val_balanced_accuracy"": 0.5896574258804321, ""test_cross_entropy"": 0.6372252702713013, ""test_balanced_accuracy"": 0.5756729245185852}"
2026-04-14T08:02:16.938820,tpe,lcbench,3945,1,540,10.236950874328613,"{""OpenML_task_id"": ""167185"", ""batch_size"": 112, ""epoch"": 4, ""learning_rate"": 0.06888321837374332, ""max_dropout"": 0.21479058222778874, ""max_units"": 64, ""momentum"": 0.20285267536086934, ""num_layers"": 5, ""weight_decay"": 0.03771838619615275}","{""time"": 10.236950874328613, ""val_accuracy"": 97.16682434082031, ""val_cross_entropy"": 0.37736618518829346, ""val_balanced_accuracy"": 0.6243605017662048, ""test_cross_entropy"": 0.5987344980239868, ""test_balanced_accuracy"": 0.6252161264419556}"
2026-04-14T08:02:16.990232,tpe,lcbench,3945,1,541,6.520686626434326,"{""OpenML_task_id"": ""167185"", ""batch_size"": 119, ""epoch"": 2, ""learning_rate"": 0.07048351351738749, ""max_dropout"": 0.14873597635386845, ""max_units"": 64, ""momentum"": 0.18764164688751406, ""num_layers"": 5, ""weight_decay"": 0.03646119407524753}","{""time"": 6.520686626434326, ""val_accuracy"": 93.3247299194336, ""val_cross_entropy"": 0.417009562253952, ""val_balanced_accuracy"": 0.6133467555046082, ""test_cross_entropy"": 0.6154859066009521, ""test_balanced_accuracy"": 0.6090741157531738}"
2026-04-14T08:02:17.049185,tpe,lcbench,3945,1,542,7.814754962921143,"{""OpenML_task_id"": ""167185"", ""batch_size"": 125, ""epoch"": 1, ""learning_rate"": 0.06742433513155091, ""max_dropout"": 0.24203561604872642, ""max_units"": 64, ""momentum"": 0.21304076752829768, ""num_layers"": 4, ""weight_decay"": 0.042718717351411674}","{""time"": 7.814754962921143, ""val_accuracy"": 49.865169525146484, ""val_cross_entropy"": 0.6229909062385559, ""val_balanced_accuracy"": 0.507293701171875, ""test_cross_entropy"": 0.6634566783905029, ""test_balanced_accuracy"": 0.5008463859558105}"
2026-04-14T08:02:17.105387,tpe,lcbench,3945,1,543,12.551772117614746,"{""OpenML_task_id"": ""167185"", ""batch_size"": 112, ""epoch"": 5, ""learning_rate"": 0.07171534386659283, ""max_dropout"": 0.17751419596425114, ""max_units"": 64, ""momentum"": 0.23052123524403523, ""num_layers"": 5, ""weight_decay"": 0.038729616379606494}","{""time"": 12.551772117614746, ""val_accuracy"": 97.5404281616211, ""val_cross_entropy"": 0.3746965229511261, ""val_balanced_accuracy"": 0.6194863319396973, ""test_cross_entropy"": 0.5963218212127686, ""test_balanced_accuracy"": 0.6210159659385681}"
2026-04-14T08:02:17.155661,tpe,lcbench,3945,1,544,10.161648750305176,"{""OpenML_task_id"": ""167185"", ""batch_size"": 129, ""epoch"": 3, ""learning_rate"": 0.06945484352502174, ""max_dropout"": 0.15974403156392986, ""max_units"": 82, ""momentum"": 0.1922913628677779, ""num_layers"": 5, ""weight_decay"": 0.05145066138605677}","{""time"": 10.161648750305176, ""val_accuracy"": 95.56046295166016, ""val_cross_entropy"": 0.4135352671146393, ""val_balanced_accuracy"": 0.6138136982917786, ""test_cross_entropy"": 0.614518404006958, ""test_balanced_accuracy"": 0.6133268475532532}"
2026-04-14T08:02:17.205674,tpe,lcbench,3945,1,545,3.864220142364502,"{""OpenML_task_id"": ""167185"", ""batch_size"": 101, ""epoch"": 1, ""learning_rate"": 0.07165719111083857, ""max_dropout"": 0.18885492537819226, ""max_units"": 65, ""momentum"": 0.18999310082246235, ""num_layers"": 5, ""weight_decay"": 0.035627876788354634}","{""time"": 3.864220142364502, ""val_accuracy"": 75.39151763916016, ""val_cross_entropy"": 0.49982091784477234, ""val_balanced_accuracy"": 0.5843727588653564, ""test_cross_entropy"": 0.6376492381095886, ""test_balanced_accuracy"": 0.5696741342544556}"
2026-04-14T08:02:17.257123,tpe,lcbench,3945,1,546,7.113336563110352,"{""OpenML_task_id"": ""167185"", ""batch_size"": 96, ""epoch"": 2, ""learning_rate"": 0.07150793621789553, ""max_dropout"": 0.18928731636692614, ""max_units"": 80, ""momentum"": 0.20070458065094596, ""num_layers"": 5, ""weight_decay"": 0.03648148764341869}","{""time"": 7.113336563110352, ""val_accuracy"": 93.91900634765625, ""val_cross_entropy"": 0.4073522686958313, ""val_balanced_accuracy"": 0.6069669723510742, ""test_cross_entropy"": 0.6059857606887817, ""test_balanced_accuracy"": 0.602249264717102}"
2026-04-14T08:02:17.305601,tpe,lcbench,3945,1,547,3.8433029651641846,"{""OpenML_task_id"": ""167185"", ""batch_size"": 104, ""epoch"": 1, ""learning_rate"": 0.07020611615864143, ""max_dropout"": 0.16834210988522233, ""max_units"": 64, ""momentum"": 0.19718927922575097, ""num_layers"": 5, ""weight_decay"": 0.03958225072792795}","{""time"": 3.8433029651641846, ""val_accuracy"": 75.72630310058594, ""val_cross_entropy"": 0.5011270046234131, ""val_balanced_accuracy"": 0.5857833027839661, ""test_cross_entropy"": 0.6372026205062866, ""test_balanced_accuracy"": 0.5712191462516785}"
2026-04-14T08:02:17.357415,tpe,lcbench,3945,1,548,7.138436794281006,"{""OpenML_task_id"": ""167185"", ""batch_size"": 91, ""epoch"": 2, ""learning_rate"": 0.0713791311065633, ""max_dropout"": 0.1701161429374687, ""max_units"": 66, ""momentum"": 0.19060470924257503, ""num_layers"": 5, ""weight_decay"": 0.03875285474197399}","{""time"": 7.138436794281006, ""val_accuracy"": 94.12020874023438, ""val_cross_entropy"": 0.404892235994339, ""val_balanced_accuracy"": 0.6065781116485596, ""test_cross_entropy"": 0.604042649269104, ""test_balanced_accuracy"": 0.6013275384902954}"
2026-04-14T08:02:17.405683,tpe,lcbench,3945,1,549,8.65841007232666,"{""OpenML_task_id"": ""167185"", ""batch_size"": 106, ""epoch"": 3, ""learning_rate"": 0.06915765266236544, ""max_dropout"": 0.15690934324919956, ""max_units"": 64, ""momentum"": 0.1849950061226786, ""num_layers"": 5, ""weight_decay"": 0.03973770108186583}","{""time"": 8.65841007232666, ""val_accuracy"": 96.38419342041016, ""val_cross_entropy"": 0.38589414954185486, ""val_balanced_accuracy"": 0.6174691319465637, ""test_cross_entropy"": 0.6012340784072876, ""test_balanced_accuracy"": 0.6161714196205139}"
2026-04-14T08:02:17.455676,tpe,lcbench,3945,1,550,4.5307769775390625,"{""OpenML_task_id"": ""167185"", ""batch_size"": 74, ""epoch"": 1, ""learning_rate"": 0.0675611235169969, ""max_dropout"": 0.22849291107374675, ""max_units"": 64, ""momentum"": 0.20324357099946674, ""num_layers"": 5, ""weight_decay"": 0.039062618296581815}","{""time"": 4.5307769775390625, ""val_accuracy"": 75.06523132324219, ""val_cross_entropy"": 0.517491340637207, ""val_balanced_accuracy"": 0.5687285661697388, ""test_cross_entropy"": 0.6362058520317078, ""test_balanced_accuracy"": 0.5514556169509888}"
2026-04-14T08:02:17.507290,tpe,lcbench,3945,1,551,4.13753604888916,"{""OpenML_task_id"": ""167185"", ""batch_size"": 106, ""epoch"": 1, ""learning_rate"": 0.07096585991328909, ""max_dropout"": 0.1265863244917266, ""max_units"": 95, ""momentum"": 0.1982688188688443, ""num_layers"": 5, ""weight_decay"": 0.03672074010791104}","{""time"": 4.13753604888916, ""val_accuracy"": 74.93033599853516, ""val_cross_entropy"": 0.5053894519805908, ""val_balanced_accuracy"": 0.585312008857727, ""test_cross_entropy"": 0.63858962059021, ""test_balanced_accuracy"": 0.5711418390274048}"
2026-04-14T08:02:17.555420,tpe,lcbench,3945,1,552,8.868974685668945,"{""OpenML_task_id"": ""167185"", ""batch_size"": 112, ""epoch"": 3, ""learning_rate"": 0.07235530677611332, ""max_dropout"": 0.2002173345714303, ""max_units"": 64, ""momentum"": 0.21182228502086875, ""num_layers"": 5, ""weight_decay"": 0.040619988321088076}","{""time"": 8.868974685668945, ""val_accuracy"": 96.17337799072266, ""val_cross_entropy"": 0.39021414518356323, ""val_balanced_accuracy"": 0.6170017123222351, ""test_cross_entropy"": 0.6047846078872681, ""test_balanced_accuracy"": 0.6160691976547241}"
2026-04-14T08:02:17.606449,tpe,lcbench,3945,1,553,9.6094388961792,"{""OpenML_task_id"": ""167185"", ""batch_size"": 94, ""epoch"": 2, ""learning_rate"": 0.06960411986759965, ""max_dropout"": 0.20719244528167435, ""max_units"": 84, ""momentum"": 0.5230763028430717, ""num_layers"": 5, ""weight_decay"": 0.04115093120158373}","{""time"": 9.6094388961792, ""val_accuracy"": 92.77667236328125, ""val_cross_entropy"": 0.410363107919693, ""val_balanced_accuracy"": 0.6057121753692627, ""test_cross_entropy"": 0.6062412261962891, ""test_balanced_accuracy"": 0.5991648435592651}"
2026-04-14T08:02:17.655502,tpe,lcbench,3945,1,554,4.119408130645752,"{""OpenML_task_id"": ""167185"", ""batch_size"": 120, ""epoch"": 1, ""learning_rate"": 0.07246514669165975, ""max_dropout"": 0.17234244488642012, ""max_units"": 97, ""momentum"": 0.2728694633800133, ""num_layers"": 5, ""weight_decay"": 0.04052379618496361}","{""time"": 4.119408130645752, ""val_accuracy"": 74.53634643554688, ""val_cross_entropy"": 0.5062937140464783, ""val_balanced_accuracy"": 0.5890234708786011, ""test_cross_entropy"": 0.6384240984916687, ""test_balanced_accuracy"": 0.5756246447563171}"
2026-04-14T08:02:17.706817,tpe,lcbench,3945,1,555,10.3568754196167,"{""OpenML_task_id"": ""167185"", ""batch_size"": 106, ""epoch"": 4, ""learning_rate"": 0.06682692336498157, ""max_dropout"": 0.1794128386215771, ""max_units"": 78, ""momentum"": 0.23793891835497816, ""num_layers"": 5, ""weight_decay"": 0.03518816873799584}","{""time"": 10.3568754196167, ""val_accuracy"": 97.27994537353516, ""val_cross_entropy"": 0.3768852651119232, ""val_balanced_accuracy"": 0.6320300102233887, ""test_cross_entropy"": 0.5952061414718628, ""test_balanced_accuracy"": 0.6326583623886108}"
2026-04-14T08:02:17.756673,tpe,lcbench,3945,1,556,6.757746696472168,"{""OpenML_task_id"": ""167185"", ""batch_size"": 97, ""epoch"": 2, ""learning_rate"": 0.06938736308358952, ""max_dropout"": 0.14596859647440963, ""max_units"": 64, ""momentum"": 0.19719609413264988, ""num_layers"": 5, ""weight_decay"": 0.03534161449792226}","{""time"": 6.757746696472168, ""val_accuracy"": 94.0993881225586, ""val_cross_entropy"": 0.4053320288658142, ""val_balanced_accuracy"": 0.6096203923225403, ""test_cross_entropy"": 0.6053357124328613, ""test_balanced_accuracy"": 0.6047009825706482}"
2026-04-14T08:02:17.820390,tpe,lcbench,3945,1,557,4.123591423034668,"{""OpenML_task_id"": ""167190"", ""batch_size"": 123, ""epoch"": 1, ""learning_rate"": 0.07316397534566628, ""max_dropout"": 0.13780996420573896, ""max_units"": 98, ""momentum"": 0.29354016205282574, ""num_layers"": 5, ""weight_decay"": 0.04215821730797484}","{""time"": 4.123591423034668, ""val_accuracy"": 74.6568603515625, ""val_cross_entropy"": 0.5104071497917175, ""val_balanced_accuracy"": 0.5896552205085754, ""test_cross_entropy"": 0.6387434005737305, ""test_balanced_accuracy"": 0.5761463642120361}"
2026-04-14T08:02:17.872084,tpe,lcbench,3945,1,558,8.74905014038086,"{""OpenML_task_id"": ""167185"", ""batch_size"": 131, ""epoch"": 3, ""learning_rate"": 0.07376147956590672, ""max_dropout"": 0.19173526355796366, ""max_units"": 81, ""momentum"": 0.2572568930520367, ""num_layers"": 5, ""weight_decay"": 0.03740644745471359}","{""time"": 8.74905014038086, ""val_accuracy"": 95.89020538330078, ""val_cross_entropy"": 0.40506690740585327, ""val_balanced_accuracy"": 0.6312733888626099, ""test_cross_entropy"": 0.6097577810287476, ""test_balanced_accuracy"": 0.6314058303833008}"
2026-04-14T08:02:17.923193,tpe,lcbench,3945,1,559,7.779893398284912,"{""OpenML_task_id"": ""167185"", ""batch_size"": 84, ""epoch"": 2, ""learning_rate"": 0.06698150692306344, ""max_dropout"": 0.1538563648150127, ""max_units"": 64, ""momentum"": 0.2104495039025371, ""num_layers"": 5, ""weight_decay"": 0.04415560149559668}","{""time"": 7.779893398284912, ""val_accuracy"": 94.14714050292969, ""val_cross_entropy"": 0.4065476655960083, ""val_balanced_accuracy"": 0.6042420864105225, ""test_cross_entropy"": 0.6023632287979126, ""test_balanced_accuracy"": 0.5981942415237427}"
2026-04-14T08:02:17.973102,tpe,lcbench,3945,1,560,3.7136173248291016,"{""OpenML_task_id"": ""167168"", ""batch_size"": 118, ""epoch"": 1, ""learning_rate"": 0.07108644955616833, ""max_dropout"": 0.23676336538505866, ""max_units"": 64, ""momentum"": 0.1858323026229301, ""num_layers"": 5, ""weight_decay"": 0.034434583987993574}","{""time"": 3.7136173248291016, ""val_accuracy"": 75.17354583740234, ""val_cross_entropy"": 0.4890785217285156, ""val_balanced_accuracy"": 0.5915048122406006, ""test_cross_entropy"": 0.6372307538986206, ""test_balanced_accuracy"": 0.5783263444900513}"
2026-04-14T08:02:18.023278,tpe,lcbench,3945,1,561,8.976348876953125,"{""OpenML_task_id"": ""167168"", ""batch_size"": 102, ""epoch"": 3, ""learning_rate"": 0.07089655332789253, ""max_dropout"": 0.23292507306803, ""max_units"": 99, ""momentum"": 0.2314035329711541, ""num_layers"": 5, ""weight_decay"": 0.03544377396400496}","{""time"": 8.976348876953125, ""val_accuracy"": 96.36176300048828, ""val_cross_entropy"": 0.38250207901000977, ""val_balanced_accuracy"": 0.6206287741661072, ""test_cross_entropy"": 0.5981351137161255, ""test_balanced_accuracy"": 0.6198657155036926}"
2026-04-14T08:02:18.076681,tpe,lcbench,3945,1,562,5.144343852996826,"{""OpenML_task_id"": ""167104"", ""batch_size"": 63, ""epoch"": 1, ""learning_rate"": 0.07178257538634317, ""max_dropout"": 0.26132800794969074, ""max_units"": 81, ""momentum"": 0.1881750706786145, ""num_layers"": 5, ""weight_decay"": 0.034149162310500004}","{""time"": 5.144343852996826, ""val_accuracy"": 73.83678436279297, ""val_cross_entropy"": 0.5228009223937988, ""val_balanced_accuracy"": 0.5594543218612671, ""test_cross_entropy"": 0.6370657086372375, ""test_balanced_accuracy"": 0.5413426756858826}"
2026-04-14T08:02:18.123632,tpe,lcbench,3945,1,563,7.752004146575928,"{""OpenML_task_id"": ""167168"", ""batch_size"": 112, ""epoch"": 2, ""learning_rate"": 0.0733320826742996, ""max_dropout"": 0.28375112845541683, ""max_units"": 103, ""momentum"": 0.2692178882360071, ""num_layers"": 5, ""weight_decay"": 0.03784884628569196}","{""time"": 7.752004146575928, ""val_accuracy"": 92.94953918457031, ""val_cross_entropy"": 0.41819846630096436, ""val_balanced_accuracy"": 0.6065086722373962, ""test_cross_entropy"": 0.6148863434791565, ""test_balanced_accuracy"": 0.6025893688201904}"
2026-04-14T08:02:18.173229,tpe,lcbench,3945,1,564,397.22625732421875,"{""OpenML_task_id"": ""189354"", ""batch_size"": 119, ""epoch"": 36, ""learning_rate"": 0.07043593208507326, ""max_dropout"": 0.3315601870304054, ""max_units"": 680, ""momentum"": 0.21595924448375312, ""num_layers"": 5, ""weight_decay"": 0.03343157020186065}","{""time"": 397.22625732421875, ""val_accuracy"": 96.54021453857422, ""val_cross_entropy"": 0.38961300253868103, ""val_balanced_accuracy"": 0.6969683170318604, ""test_cross_entropy"": 0.5504934191703796, ""test_balanced_accuracy"": 0.7000899910926819}"
2026-04-14T08:02:18.223520,tpe,lcbench,3945,1,565,9.465807914733887,"{""OpenML_task_id"": ""167152"", ""batch_size"": 133, ""epoch"": 4, ""learning_rate"": 0.07388096029118195, ""max_dropout"": 0.23741335289671509, ""max_units"": 64, ""momentum"": 0.24469656421590288, ""num_layers"": 5, ""weight_decay"": 0.0324589810623066}","{""time"": 9.465807914733887, ""val_accuracy"": 97.0186767578125, ""val_cross_entropy"": 0.3943029046058655, ""val_balanced_accuracy"": 0.652018129825592, ""test_cross_entropy"": 0.604108452796936, ""test_balanced_accuracy"": 0.6539660692214966}"
2026-04-14T08:02:18.280218,tpe,lcbench,3945,1,566,10.844940185546875,"{""OpenML_task_id"": ""167184"", ""batch_size"": 122, ""epoch"": 1, ""learning_rate"": 0.07170681362694575, ""max_dropout"": 0.310992523656477, ""max_units"": 768, ""momentum"": 0.5656954370006382, ""num_layers"": 1, ""weight_decay"": 0.03697451619230433}","{""time"": 10.844940185546875, ""val_accuracy"": 47.28240203857422, ""val_cross_entropy"": 0.8903418779373169, ""val_balanced_accuracy"": 0.4898923337459564, ""test_cross_entropy"": 0.6865959167480469, ""test_balanced_accuracy"": 0.4862774908542633}"
2026-04-14T08:02:18.337997,tpe,lcbench,3945,1,567,7.2332611083984375,"{""OpenML_task_id"": ""167168"", ""batch_size"": 108, ""epoch"": 2, ""learning_rate"": 0.06869684932502432, ""max_dropout"": 0.18527700013456153, ""max_units"": 85, ""momentum"": 0.28093654950360797, ""num_layers"": 5, ""weight_decay"": 0.03484601470380059}","{""time"": 7.2332611083984375, ""val_accuracy"": 93.37458038330078, ""val_cross_entropy"": 0.41361337900161743, ""val_balanced_accuracy"": 0.6099472045898438, ""test_cross_entropy"": 0.6103783845901489, ""test_balanced_accuracy"": 0.6054961681365967}"
2026-04-14T08:02:18.386717,tpe,lcbench,3945,1,568,30.589248657226562,"{""OpenML_task_id"": ""167168"", ""batch_size"": 134, ""epoch"": 5, ""learning_rate"": 0.07402944998346445, ""max_dropout"": 0.207224230019791, ""max_units"": 501, ""momentum"": 0.18857512889566042, ""num_layers"": 5, ""weight_decay"": 0.03201527484615131}","{""time"": 30.589248657226562, ""val_accuracy"": 95.29035949707031, ""val_cross_entropy"": 0.43322286009788513, ""val_balanced_accuracy"": 0.6851153373718262, ""test_cross_entropy"": 0.5855255722999573, ""test_balanced_accuracy"": 0.6858880519866943}"
2026-04-14T08:02:18.446050,tpe,lcbench,3945,1,569,31.358997344970703,"{""OpenML_task_id"": ""167168"", ""batch_size"": 87, ""epoch"": 1, ""learning_rate"": 0.06921823758840147, ""max_dropout"": 0.17004960376498762, ""max_units"": 1022, ""momentum"": 0.2242650070354519, ""num_layers"": 5, ""weight_decay"": 0.09547345895745915}","{""time"": 31.358997344970703, ""val_accuracy"": 62.820274353027344, ""val_cross_entropy"": 0.6447243690490723, ""val_balanced_accuracy"": 0.5155035853385925, ""test_cross_entropy"": 0.6563576459884644, ""test_balanced_accuracy"": 0.503684937953949}"
2026-04-14T08:02:18.500440,tpe,lcbench,3945,1,570,8.774150848388672,"{""OpenML_task_id"": ""167200"", ""batch_size"": 119, ""epoch"": 3, ""learning_rate"": 0.07422793115735338, ""max_dropout"": 0.2602938501120891, ""max_units"": 84, ""momentum"": 0.2980455513181108, ""num_layers"": 5, ""weight_decay"": 0.03434125035795416}","{""time"": 8.774150848388672, ""val_accuracy"": 96.12349700927734, ""val_cross_entropy"": 0.3944673240184784, ""val_balanced_accuracy"": 0.6339278817176819, ""test_cross_entropy"": 0.6048785448074341, ""test_balanced_accuracy"": 0.6338964700698853}"
2026-04-14T08:02:18.557481,tpe,lcbench,3945,1,571,8.563586235046387,"{""OpenML_task_id"": ""189865"", ""batch_size"": 100, ""epoch"": 2, ""learning_rate"": 0.07100740546636698, ""max_dropout"": 0.12560724742641166, ""max_units"": 109, ""momentum"": 0.25415612151944844, ""num_layers"": 5, ""weight_decay"": 0.04699152101658959}","{""time"": 8.563586235046387, ""val_accuracy"": 92.99281311035156, ""val_cross_entropy"": 0.42640069127082825, ""val_balanced_accuracy"": 0.6043031811714172, ""test_cross_entropy"": 0.6114498972892761, ""test_balanced_accuracy"": 0.5992985963821411}"
2026-04-14T08:02:18.605409,tpe,lcbench,3945,1,572,3.544886350631714,"{""OpenML_task_id"": ""189905"", ""batch_size"": 133, ""epoch"": 1, ""learning_rate"": 0.0722656261113834, ""max_dropout"": 0.15923974134876465, ""max_units"": 64, ""momentum"": 0.21172637995643176, ""num_layers"": 5, ""weight_decay"": 0.0363449287222704}","{""time"": 3.544886350631714, ""val_accuracy"": 75.58084869384766, ""val_cross_entropy"": 0.49072882533073425, ""val_balanced_accuracy"": 0.5957632660865784, ""test_cross_entropy"": 0.6368555426597595, ""test_balanced_accuracy"": 0.5827799439430237}"
2026-04-14T08:02:18.656424,tpe,lcbench,3945,1,573,3.556041955947876,"{""OpenML_task_id"": ""189905"", ""batch_size"": 139, ""epoch"": 1, ""learning_rate"": 0.07492200434647202, ""max_dropout"": 0.13234507335613482, ""max_units"": 64, ""momentum"": 0.234091860176261, ""num_layers"": 5, ""weight_decay"": 0.0392685314759744}","{""time"": 3.556041955947876, ""val_accuracy"": 75.64776611328125, ""val_cross_entropy"": 0.49388864636421204, ""val_balanced_accuracy"": 0.5966764092445374, ""test_cross_entropy"": 0.637126088142395, ""test_balanced_accuracy"": 0.5837567448616028}"
2026-04-14T08:02:18.712680,tpe,lcbench,3945,1,574,9.871599197387695,"{""OpenML_task_id"": ""168910"", ""batch_size"": 136, ""epoch"": 3, ""learning_rate"": 0.07515840833058073, ""max_dropout"": 0.11997319208510077, ""max_units"": 84, ""momentum"": 0.3345173772864099, ""num_layers"": 5, ""weight_decay"": 0.043323036406342164}","{""time"": 9.871599197387695, ""val_accuracy"": 95.56118774414062, ""val_cross_entropy"": 0.4084024727344513, ""val_balanced_accuracy"": 0.6185523867607117, ""test_cross_entropy"": 0.6118446588516235, ""test_balanced_accuracy"": 0.6179180145263672}"
2026-04-14T08:02:18.757354,tpe,lcbench,3945,1,575,70.99403381347656,"{""OpenML_task_id"": ""189905"", ""batch_size"": 138, ""epoch"": 48, ""learning_rate"": 0.07348041968753045, ""max_dropout"": 0.1286798122056307, ""max_units"": 101, ""momentum"": 0.23792257571956626, ""num_layers"": 5, ""weight_decay"": 0.03825318858399852}","{""time"": 70.99403381347656, ""val_accuracy"": 98.59049224853516, ""val_cross_entropy"": 0.4045777916908264, ""val_balanced_accuracy"": 0.5885035395622253, ""test_cross_entropy"": 0.6034609079360962, ""test_balanced_accuracy"": 0.5942606329917908}"
2026-04-14T08:02:18.806248,tpe,lcbench,3945,1,576,6.88185453414917,"{""OpenML_task_id"": ""189905"", ""batch_size"": 140, ""epoch"": 2, ""learning_rate"": 0.0753554573923662, ""max_dropout"": 0.1410623875987364, ""max_units"": 64, ""momentum"": 0.2589607457653067, ""num_layers"": 5, ""weight_decay"": 0.03918780104711703}","{""time"": 6.88185453414917, ""val_accuracy"": 92.48585510253906, ""val_cross_entropy"": 0.42792564630508423, ""val_balanced_accuracy"": 0.6151697635650635, ""test_cross_entropy"": 0.6210359334945679, ""test_balanced_accuracy"": 0.6108587980270386}"
2026-04-14T08:02:18.878597,tpe,lcbench,3945,1,577,4.007850646972656,"{""OpenML_task_id"": ""189905"", ""batch_size"": 127, ""epoch"": 1, ""learning_rate"": 0.0734147097297947, ""max_dropout"": 0.16945683194367245, ""max_units"": 95, ""momentum"": 0.27336878562714706, ""num_layers"": 5, ""weight_decay"": 0.03990409824210524}","{""time"": 4.007850646972656, ""val_accuracy"": 74.63735961914062, ""val_cross_entropy"": 0.5032171010971069, ""val_balanced_accuracy"": 0.5914202332496643, ""test_cross_entropy"": 0.6382187604904175, ""test_balanced_accuracy"": 0.578328549861908}"
2026-04-14T08:02:18.938944,tpe,lcbench,3945,1,578,11.086183547973633,"{""OpenML_task_id"": ""168331"", ""batch_size"": 142, ""epoch"": 4, ""learning_rate"": 0.07568599133145852, ""max_dropout"": 0.151647894537734, ""max_units"": 82, ""momentum"": 0.24351706298106376, ""num_layers"": 5, ""weight_decay"": 0.04144109676768592}","{""time"": 11.086183547973633, ""val_accuracy"": 96.69721984863281, ""val_cross_entropy"": 0.4016943573951721, ""val_balanced_accuracy"": 0.6320950984954834, ""test_cross_entropy"": 0.6100931763648987, ""test_balanced_accuracy"": 0.6338105797767639}"
2026-04-14T08:02:18.989219,tpe,lcbench,3945,1,579,19.271724700927734,"{""OpenML_task_id"": ""189873"", ""batch_size"": 128, ""epoch"": 3, ""learning_rate"": 0.07310470678184094, ""max_dropout"": 0.15533164501121088, ""max_units"": 64, ""momentum"": 0.23083236458386922, ""num_layers"": 3, ""weight_decay"": 0.03230922903003822}","{""time"": 19.271724700927734, ""val_accuracy"": 82.86900329589844, ""val_cross_entropy"": 0.48325106501579285, ""val_balanced_accuracy"": 0.6714591383934021, ""test_cross_entropy"": 0.5669999122619629, ""test_balanced_accuracy"": 0.660499632358551}"
2026-04-14T08:02:19.040342,tpe,lcbench,3945,1,580,6.65316104888916,"{""OpenML_task_id"": ""167104"", ""batch_size"": 135, ""epoch"": 2, ""learning_rate"": 0.07040755825161009, ""max_dropout"": 0.21334429590007856, ""max_units"": 113, ""momentum"": 0.2176297745368318, ""num_layers"": 5, ""weight_decay"": 0.031040022666607738}","{""time"": 6.65316104888916, ""val_accuracy"": 92.50596618652344, ""val_cross_entropy"": 0.42774683237075806, ""val_balanced_accuracy"": 0.6181961894035339, ""test_cross_entropy"": 0.6180074214935303, ""test_balanced_accuracy"": 0.6151052117347717}"
2026-04-14T08:02:19.088843,tpe,lcbench,3945,1,581,4.003666877746582,"{""OpenML_task_id"": ""189905"", ""batch_size"": 117, ""epoch"": 1, ""learning_rate"": 0.07228916232410584, ""max_dropout"": 0.12974826298851466, ""max_units"": 84, ""momentum"": 0.28305363941868134, ""num_layers"": 5, ""weight_decay"": 0.0406343796093334}","{""time"": 4.003666877746582, ""val_accuracy"": 75.0141372680664, ""val_cross_entropy"": 0.5098049640655518, ""val_balanced_accuracy"": 0.5886528491973877, ""test_cross_entropy"": 0.6388792991638184, ""test_balanced_accuracy"": 0.5746603608131409}"
2026-04-14T08:02:19.152828,tpe,lcbench,3945,1,582,13.734282493591309,"{""OpenML_task_id"": ""189905"", ""batch_size"": 143, ""epoch"": 6, ""learning_rate"": 0.07645778208087399, ""max_dropout"": 0.11484210222515531, ""max_units"": 64, ""momentum"": 0.2559111877128714, ""num_layers"": 5, ""weight_decay"": 0.03723344537625766}","{""time"": 13.734282493591309, ""val_accuracy"": 97.599609375, ""val_cross_entropy"": 0.3964392840862274, ""val_balanced_accuracy"": 0.6398449540138245, ""test_cross_entropy"": 0.6051837205886841, ""test_balanced_accuracy"": 0.6429829597473145}"
2026-04-14T08:02:19.205507,tpe,lcbench,3945,1,583,4.0845465660095215,"{""OpenML_task_id"": ""189905"", ""batch_size"": 124, ""epoch"": 1, ""learning_rate"": 0.07495614545700992, ""max_dropout"": 0.16252851815950997, ""max_units"": 99, ""momentum"": 0.30978180811006245, ""num_layers"": 5, ""weight_decay"": 0.031130550666211364}","{""time"": 4.0845465660095215, ""val_accuracy"": 74.21022033691406, ""val_cross_entropy"": 0.506958544254303, ""val_balanced_accuracy"": 0.5897631645202637, ""test_cross_entropy"": 0.6403166055679321, ""test_balanced_accuracy"": 0.576107919216156}"
2026-04-14T08:02:19.294931,tpe,lcbench,3945,1,584,8.350232124328613,"{""OpenML_task_id"": ""189905"", ""batch_size"": 140, ""epoch"": 3, ""learning_rate"": 0.06980897106462972, ""max_dropout"": 0.34683540372494764, ""max_units"": 83, ""momentum"": 0.23189465960630576, ""num_layers"": 5, ""weight_decay"": 0.03256160930568737}","{""time"": 8.350232124328613, ""val_accuracy"": 95.8609390258789, ""val_cross_entropy"": 0.41047510504722595, ""val_balanced_accuracy"": 0.6433301568031311, ""test_cross_entropy"": 0.612550675868988, ""test_balanced_accuracy"": 0.644491970539093}"
2026-04-14T08:02:19.362929,tpe,lcbench,3945,1,585,71.37472534179688,"{""OpenML_task_id"": ""189905"", ""batch_size"": 146, ""epoch"": 38, ""learning_rate"": 0.07225189267975428, ""max_dropout"": 0.5257647321130021, ""max_units"": 115, ""momentum"": 0.20351713914729638, ""num_layers"": 5, ""weight_decay"": 0.045526728338314296}","{""time"": 71.37472534179688, ""val_accuracy"": 98.17952728271484, ""val_cross_entropy"": 0.42193788290023804, ""val_balanced_accuracy"": 0.5674759149551392, ""test_cross_entropy"": 0.619460940361023, ""test_balanced_accuracy"": 0.5719125270843506}"
2026-04-14T08:02:19.412968,tpe,lcbench,3945,1,586,7.604190349578857,"{""OpenML_task_id"": ""167190"", ""batch_size"": 113, ""epoch"": 2, ""learning_rate"": 0.07559970538944345, ""max_dropout"": 0.5162117344080115, ""max_units"": 85, ""momentum"": 0.29042357310551886, ""num_layers"": 5, ""weight_decay"": 0.0369105169778903}","{""time"": 7.604190349578857, ""val_accuracy"": 93.26885223388672, ""val_cross_entropy"": 0.4034196734428406, ""val_balanced_accuracy"": 0.6098273992538452, ""test_cross_entropy"": 0.6122214794158936, ""test_balanced_accuracy"": 0.6062657833099365}"
2026-04-14T08:02:19.463026,tpe,lcbench,3945,1,587,252.65170288085938,"{""OpenML_task_id"": ""126026"", ""batch_size"": 131, ""epoch"": 18, ""learning_rate"": 0.07825033107413083, ""max_dropout"": 0.1887881694808026, ""max_units"": 921, ""momentum"": 0.2684592147387565, ""num_layers"": 5, ""weight_decay"": 0.028933172114330913}","{""time"": 252.65170288085938, ""val_accuracy"": 95.18136596679688, ""val_cross_entropy"": 0.38675424456596375, ""val_balanced_accuracy"": 0.7321768403053284, ""test_cross_entropy"": 0.5396826267242432, ""test_balanced_accuracy"": 0.7314021587371826}"
2026-04-14T08:02:19.506600,tpe,lcbench,3945,1,588,9.065595626831055,"{""OpenML_task_id"": ""167161"", ""batch_size"": 146, ""epoch"": 1, ""learning_rate"": 0.06893397338889731, ""max_dropout"": 0.49141182261835564, ""max_units"": 235, ""momentum"": 0.7018346814290848, ""num_layers"": 5, ""weight_decay"": 0.055678851466601786}","{""time"": 9.065595626831055, ""val_accuracy"": 73.0761489868164, ""val_cross_entropy"": 0.5206008553504944, ""val_balanced_accuracy"": 0.5745770931243896, ""test_cross_entropy"": 0.640610933303833, ""test_balanced_accuracy"": 0.5620930194854736}"
2026-04-14T08:02:19.572387,tpe,lcbench,3945,1,589,9.992918014526367,"{""OpenML_task_id"": ""189906"", ""batch_size"": 134, ""epoch"": 4, ""learning_rate"": 0.0740097830823744, ""max_dropout"": 0.16468479968289826, ""max_units"": 98, ""momentum"": 0.20498999740080115, ""num_layers"": 5, ""weight_decay"": 0.03401466512909487}","{""time"": 9.992918014526367, ""val_accuracy"": 96.88552856445312, ""val_cross_entropy"": 0.40182384848594666, ""val_balanced_accuracy"": 0.6525692939758301, ""test_cross_entropy"": 0.6043718457221985, ""test_balanced_accuracy"": 0.6547374129295349}"
2026-04-14T08:02:19.623882,tpe,lcbench,3945,1,590,5.926641941070557,"{""OpenML_task_id"": ""146212"", ""batch_size"": 121, ""epoch"": 2, ""learning_rate"": 0.07166391425556355, ""max_dropout"": 0.13678434080081, ""max_units"": 64, ""momentum"": 0.2490688167648215, ""num_layers"": 5, ""weight_decay"": 0.029857035772601903}","{""time"": 5.926641941070557, ""val_accuracy"": 93.40094757080078, ""val_cross_entropy"": 0.41628408432006836, ""val_balanced_accuracy"": 0.6206063032150269, ""test_cross_entropy"": 0.6125807762145996, ""test_balanced_accuracy"": 0.6166523098945618}"
2026-04-14T08:02:19.676536,tpe,lcbench,3945,1,591,8.35720443725586,"{""OpenML_task_id"": ""189905"", ""batch_size"": 148, ""epoch"": 1, ""learning_rate"": 0.07427665229722429, ""max_dropout"": 0.3083459170619417, ""max_units"": 81, ""momentum"": 0.23275326140870906, ""num_layers"": 4, ""weight_decay"": 0.027173936765158863}","{""time"": 8.35720443725586, ""val_accuracy"": 47.2122917175293, ""val_cross_entropy"": 0.6423938274383545, ""val_balanced_accuracy"": 0.4976744055747986, ""test_cross_entropy"": 0.6677448749542236, ""test_balanced_accuracy"": 0.4927505552768707}"
2026-04-14T08:02:19.732798,tpe,lcbench,3945,1,592,8.870368957519531,"{""OpenML_task_id"": ""168908"", ""batch_size"": 130, ""epoch"": 3, ""learning_rate"": 0.07728219589949996, ""max_dropout"": 0.5019989753003721, ""max_units"": 112, ""momentum"": 0.22075456323855636, ""num_layers"": 5, ""weight_decay"": 0.033059609213420056}","{""time"": 8.870368957519531, ""val_accuracy"": 95.76920318603516, ""val_cross_entropy"": 0.40091031789779663, ""val_balanced_accuracy"": 0.6367623209953308, ""test_cross_entropy"": 0.6067860126495361, ""test_balanced_accuracy"": 0.6385294795036316}"
2026-04-14T08:02:19.797645,tpe,lcbench,3945,1,593,6.494191646575928,"{""OpenML_task_id"": ""167190"", ""batch_size"": 42, ""epoch"": 1, ""learning_rate"": 0.07073530121074409, ""max_dropout"": 0.1431017069182574, ""max_units"": 81, ""momentum"": 0.19099896319964504, ""num_layers"": 5, ""weight_decay"": 0.041978326892942584}","{""time"": 6.494191646575928, ""val_accuracy"": 73.91766357421875, ""val_cross_entropy"": 0.544437825679779, ""val_balanced_accuracy"": 0.536396861076355, ""test_cross_entropy"": 0.6298755407333374, ""test_balanced_accuracy"": 0.5156461596488953}"
2026-04-14T08:02:19.849333,tpe,lcbench,3945,1,594,11.320454597473145,"{""OpenML_task_id"": ""167152"", ""batch_size"": 141, ""epoch"": 2, ""learning_rate"": 0.07235351902026728, ""max_dropout"": 0.5114761315404952, ""max_units"": 330, ""momentum"": 0.3279852851015189, ""num_layers"": 5, ""weight_decay"": 0.03097252352412001}","{""time"": 11.320454597473145, ""val_accuracy"": 90.1379165649414, ""val_cross_entropy"": 0.4528292715549469, ""val_balanced_accuracy"": 0.6246976256370544, ""test_cross_entropy"": 0.6228231191635132, ""test_balanced_accuracy"": 0.6236630082130432}"
2026-04-14T08:02:19.907286,tpe,lcbench,3945,1,595,7.40059757232666,"{""OpenML_task_id"": ""167200"", ""batch_size"": 117, ""epoch"": 2, ""learning_rate"": 0.0686784104196388, ""max_dropout"": 0.5358382092882811, ""max_units"": 64, ""momentum"": 0.26656052436998656, ""num_layers"": 5, ""weight_decay"": 0.03853992743250796}","{""time"": 7.40059757232666, ""val_accuracy"": 93.3460922241211, ""val_cross_entropy"": 0.4036467969417572, ""val_balanced_accuracy"": 0.6115944385528564, ""test_cross_entropy"": 0.6137035489082336, ""test_balanced_accuracy"": 0.6078799366950989}"
2026-04-14T08:02:19.969686,tpe,lcbench,3945,1,596,3.8335416316986084,"{""OpenML_task_id"": ""168335"", ""batch_size"": 150, ""epoch"": 1, ""learning_rate"": 0.0753595608319232, ""max_dropout"": 0.10939140512392168, ""max_units"": 97, ""momentum"": 0.20560241030025728, ""num_layers"": 5, ""weight_decay"": 0.036272093315412396}","{""time"": 3.8335416316986084, ""val_accuracy"": 74.79596710205078, ""val_cross_entropy"": 0.4940304756164551, ""val_balanced_accuracy"": 0.5971523523330688, ""test_cross_entropy"": 0.6368892192840576, ""test_balanced_accuracy"": 0.5848667621612549}"
2026-04-14T08:02:20.025847,tpe,lcbench,3945,1,597,8.638887405395508,"{""OpenML_task_id"": ""167168"", ""batch_size"": 150, ""epoch"": 3, ""learning_rate"": 0.07536493377448107, ""max_dropout"": 0.10920035631690683, ""max_units"": 98, ""momentum"": 0.2087394803279229, ""num_layers"": 5, ""weight_decay"": 0.03670264041868647}","{""time"": 8.638887405395508, ""val_accuracy"": 95.64616394042969, ""val_cross_entropy"": 0.4224352240562439, ""val_balanced_accuracy"": 0.6456792950630188, ""test_cross_entropy"": 0.6137306690216064, ""test_balanced_accuracy"": 0.6466665267944336}"
2026-04-14T08:02:20.077278,tpe,lcbench,3945,1,598,3.7066447734832764,"{""OpenML_task_id"": ""168335"", ""batch_size"": 157, ""epoch"": 1, ""learning_rate"": 0.07792254811736017, ""max_dropout"": 0.14559105948869636, ""max_units"": 80, ""momentum"": 0.19170297388562996, ""num_layers"": 5, ""weight_decay"": 0.03898512727512393}","{""time"": 3.7066447734832764, ""val_accuracy"": 75.08484649658203, ""val_cross_entropy"": 0.4889654815196991, ""val_balanced_accuracy"": 0.5990060567855835, ""test_cross_entropy"": 0.635871171951294, ""test_balanced_accuracy"": 0.5869106650352478}"
2026-04-14T08:02:20.123388,tpe,lcbench,3945,1,599,10.701309204101562,"{""OpenML_task_id"": ""189906"", ""batch_size"": 159, ""epoch"": 4, ""learning_rate"": 0.07857432176875896, ""max_dropout"": 0.10945861919641492, ""max_units"": 125, ""momentum"": 0.18526304036983848, ""num_layers"": 5, ""weight_decay"": 0.03613418990101093}","{""time"": 10.701309204101562, ""val_accuracy"": 96.47725677490234, ""val_cross_entropy"": 0.4226510226726532, ""val_balanced_accuracy"": 0.6565181612968445, ""test_cross_entropy"": 0.6115586757659912, ""test_balanced_accuracy"": 0.6596083045005798}"
2026-04-14T08:02:20.194668,tpe,lcbench,3945,1,600,6.605749130249023,"{""OpenML_task_id"": ""167104"", ""batch_size"": 153, ""epoch"": 2, ""learning_rate"": 0.08267752248831174, ""max_dropout"": 0.12940260233732792, ""max_units"": 99, ""momentum"": 0.21902266908785833, ""num_layers"": 5, ""weight_decay"": 0.03484038733396338}","{""time"": 6.605749130249023, ""val_accuracy"": 92.1228256225586, ""val_cross_entropy"": 0.43279537558555603, ""val_balanced_accuracy"": 0.6200324296951294, ""test_cross_entropy"": 0.6213186979293823, ""test_balanced_accuracy"": 0.6168110966682434}"
2026-04-14T08:02:20.255549,tpe,lcbench,3945,1,601,3.749873399734497,"{""OpenML_task_id"": ""189905"", ""batch_size"": 139, ""epoch"": 1, ""learning_rate"": 0.07747943627472764, ""max_dropout"": 0.1484787159899483, ""max_units"": 82, ""momentum"": 0.24741292760790795, ""num_layers"": 5, ""weight_decay"": 0.038271782750070885}","{""time"": 3.749873399734497, ""val_accuracy"": 75.05477905273438, ""val_cross_entropy"": 0.49666520953178406, ""val_balanced_accuracy"": 0.595421314239502, ""test_cross_entropy"": 0.6374582648277283, ""test_balanced_accuracy"": 0.5826810002326965}"
2026-04-14T08:02:20.312832,tpe,lcbench,3945,1,602,4.162636756896973,"{""OpenML_task_id"": ""189908"", ""batch_size"": 138, ""epoch"": 1, ""learning_rate"": 0.07938108246341434, ""max_dropout"": 0.1453050823573042, ""max_units"": 116, ""momentum"": 0.24633639513820507, ""num_layers"": 5, ""weight_decay"": 0.04231502948710245}","{""time"": 4.162636756896973, ""val_accuracy"": 74.21688079833984, ""val_cross_entropy"": 0.5032263398170471, ""val_balanced_accuracy"": 0.5931814312934875, ""test_cross_entropy"": 0.6379943490028381, ""test_balanced_accuracy"": 0.580873429775238}"
2026-04-14T08:02:20.357561,tpe,lcbench,3945,1,603,7.521916389465332,"{""OpenML_task_id"": ""168335"", ""batch_size"": 143, ""epoch"": 2, ""learning_rate"": 0.07761568839194466, ""max_dropout"": 0.18068880643417884, ""max_units"": 98, ""momentum"": 0.2546109989200529, ""num_layers"": 5, ""weight_decay"": 0.03972299357357433}","{""time"": 7.521916389465332, ""val_accuracy"": 92.11193084716797, ""val_cross_entropy"": 0.4312293529510498, ""val_balanced_accuracy"": 0.612829864025116, ""test_cross_entropy"": 0.6220568418502808, ""test_balanced_accuracy"": 0.6090973615646362}"
2026-04-14T08:02:20.417146,tpe,lcbench,3945,1,604,14.451040267944336,"{""OpenML_task_id"": ""168335"", ""batch_size"": 133, ""epoch"": 3, ""learning_rate"": 0.08152623137425476, ""max_dropout"": 0.15116146428561078, ""max_units"": 123, ""momentum"": 0.2949976791222772, ""num_layers"": 2, ""weight_decay"": 0.03822585768158577}","{""time"": 14.451040267944336, ""val_accuracy"": 81.19180297851562, ""val_cross_entropy"": 0.47653576731681824, ""val_balanced_accuracy"": 0.7366003394126892, ""test_cross_entropy"": 0.5490692257881165, ""test_balanced_accuracy"": 0.7306339144706726}"
2026-04-14T08:02:20.472166,tpe,lcbench,3945,1,605,4.109646797180176,"{""OpenML_task_id"": ""168335"", ""batch_size"": 159, ""epoch"": 1, ""learning_rate"": 0.07691277567789166, ""max_dropout"": 0.4814130026199508, ""max_units"": 85, ""momentum"": 0.3827245340919653, ""num_layers"": 5, ""weight_decay"": 0.04111157601183006}","{""time"": 4.109646797180176, ""val_accuracy"": 74.0546875, ""val_cross_entropy"": 0.48701614141464233, ""val_balanced_accuracy"": 0.5947176218032837, ""test_cross_entropy"": 0.6363918781280518, ""test_balanced_accuracy"": 0.5833359956741333}"
2026-04-14T08:02:20.522058,tpe,lcbench,3945,1,606,7.553989410400391,"{""OpenML_task_id"": ""168335"", ""batch_size"": 146, ""epoch"": 2, ""learning_rate"": 0.0789333366510708, ""max_dropout"": 0.254046807046584, ""max_units"": 107, ""momentum"": 0.23162661249312683, ""num_layers"": 5, ""weight_decay"": 0.03837890187149631}","{""time"": 7.553989410400391, ""val_accuracy"": 92.02904510498047, ""val_cross_entropy"": 0.42890697717666626, ""val_balanced_accuracy"": 0.6121557950973511, ""test_cross_entropy"": 0.6226600408554077, ""test_balanced_accuracy"": 0.6088488101959229}"
2026-04-14T08:02:20.577875,tpe,lcbench,3945,1,607,10.712465286254883,"{""OpenML_task_id"": ""168335"", ""batch_size"": 152, ""epoch"": 4, ""learning_rate"": 0.07656009156512134, ""max_dropout"": 0.4558053996984909, ""max_units"": 81, ""momentum"": 0.2739882866634819, ""num_layers"": 5, ""weight_decay"": 0.036663266962955625}","{""time"": 10.712465286254883, ""val_accuracy"": 96.60615539550781, ""val_cross_entropy"": 0.3995939791202545, ""val_balanced_accuracy"": 0.6397912502288818, ""test_cross_entropy"": 0.6093533635139465, ""test_balanced_accuracy"": 0.6427242159843445}"
2026-04-14T08:02:20.629783,tpe,lcbench,3945,1,608,8.346048355102539,"{""OpenML_task_id"": ""168335"", ""batch_size"": 129, ""epoch"": 1, ""learning_rate"": 0.07999036062197562, ""max_dropout"": 0.12911909607630373, ""max_units"": 365, ""momentum"": 0.24168576332402109, ""num_layers"": 5, ""weight_decay"": 0.03594373094589137}","{""time"": 8.346048355102539, ""val_accuracy"": 68.98957061767578, ""val_cross_entropy"": 0.5381900668144226, ""val_balanced_accuracy"": 0.5690779685974121, ""test_cross_entropy"": 0.647669792175293, ""test_balanced_accuracy"": 0.5592846870422363}"
2026-04-14T08:02:20.694568,tpe,lcbench,3945,1,609,9.414213180541992,"{""OpenML_task_id"": ""189905"", ""batch_size"": 139, ""epoch"": 3, ""learning_rate"": 0.07570929536379387, ""max_dropout"": 0.28024186727632217, ""max_units"": 97, ""momentum"": 0.26147201135771536, ""num_layers"": 5, ""weight_decay"": 0.03973037971756953}","{""time"": 9.414213180541992, ""val_accuracy"": 95.56629180908203, ""val_cross_entropy"": 0.4103456437587738, ""val_balanced_accuracy"": 0.6249645352363586, ""test_cross_entropy"": 0.614303469657898, ""test_balanced_accuracy"": 0.6256073713302612}"
2026-04-14T08:02:20.755420,tpe,lcbench,3945,1,610,3.871192455291748,"{""OpenML_task_id"": ""189905"", ""batch_size"": 163, ""epoch"": 1, ""learning_rate"": 0.07815035972498792, ""max_dropout"": 0.22023634699558947, ""max_units"": 81, ""momentum"": 0.30962772511746883, ""num_layers"": 5, ""weight_decay"": 0.03422540652673252}","{""time"": 3.871192455291748, ""val_accuracy"": 74.48419189453125, ""val_cross_entropy"": 0.49332040548324585, ""val_balanced_accuracy"": 0.5981041193008423, ""test_cross_entropy"": 0.6366544961929321, ""test_balanced_accuracy"": 0.5857867002487183}"
2026-04-14T08:02:20.807445,tpe,lcbench,3945,1,611,8.13687801361084,"{""OpenML_task_id"": ""168335"", ""batch_size"": 124, ""epoch"": 2, ""learning_rate"": 0.07455118248917293, ""max_dropout"": 0.5020103954171221, ""max_units"": 128, ""momentum"": 0.2824196315058515, ""num_layers"": 5, ""weight_decay"": 0.03720616661763808}","{""time"": 8.13687801361084, ""val_accuracy"": 92.4671630859375, ""val_cross_entropy"": 0.4138980209827423, ""val_balanced_accuracy"": 0.6081849336624146, ""test_cross_entropy"": 0.6186139583587646, ""test_balanced_accuracy"": 0.6050551533699036}"
2026-04-14T08:02:20.855714,tpe,lcbench,3945,1,612,11.38320541381836,"{""OpenML_task_id"": ""168335"", ""batch_size"": 151, ""epoch"": 5, ""learning_rate"": 0.08240274492815759, ""max_dropout"": 0.15881508572153288, ""max_units"": 83, ""momentum"": 0.21492911731109285, ""num_layers"": 5, ""weight_decay"": 0.033943302424124966}","{""time"": 11.38320541381836, ""val_accuracy"": 97.18647003173828, ""val_cross_entropy"": 0.4026695489883423, ""val_balanced_accuracy"": 0.6554720997810364, ""test_cross_entropy"": 0.6050289869308472, ""test_balanced_accuracy"": 0.6584493517875671}"
2026-04-14T08:02:20.912913,tpe,lcbench,3945,1,613,7.973724842071533,"{""OpenML_task_id"": ""189905"", ""batch_size"": 139, ""epoch"": 3, ""learning_rate"": 0.07628945458145367, ""max_dropout"": 0.47272105972927786, ""max_units"": 109, ""momentum"": 0.24037187644712554, ""num_layers"": 5, ""weight_decay"": 0.025062637085785513}","{""time"": 7.973724842071533, ""val_accuracy"": 95.8620376586914, ""val_cross_entropy"": 0.4068097174167633, ""val_balanced_accuracy"": 0.6633339524269104, ""test_cross_entropy"": 0.6040260791778564, ""test_balanced_accuracy"": 0.6651406288146973}"
2026-04-14T08:02:20.972081,tpe,lcbench,3945,1,614,38.97419738769531,"{""OpenML_task_id"": ""189905"", ""batch_size"": 163, ""epoch"": 26, ""learning_rate"": 0.07419406270346797, ""max_dropout"": 0.5271334272227667, ""max_units"": 64, ""momentum"": 0.22709260505008796, ""num_layers"": 5, ""weight_decay"": 0.03745200326823437}","{""time"": 38.97419738769531, ""val_accuracy"": 98.15592956542969, ""val_cross_entropy"": 0.4052385091781616, ""val_balanced_accuracy"": 0.5883733630180359, ""test_cross_entropy"": 0.6130716800689697, ""test_balanced_accuracy"": 0.593059241771698}"
2026-04-14T08:02:21.024569,tpe,lcbench,3945,1,615,3.9032652378082275,"{""OpenML_task_id"": ""189905"", ""batch_size"": 131, ""epoch"": 1, ""learning_rate"": 0.08024664645160008, ""max_dropout"": 0.18009739625479684, ""max_units"": 96, ""momentum"": 0.20955466605022133, ""num_layers"": 5, ""weight_decay"": 0.03537258646244706}","{""time"": 3.9032652378082275, ""val_accuracy"": 74.52667999267578, ""val_cross_entropy"": 0.4960887134075165, ""val_balanced_accuracy"": 0.5927358269691467, ""test_cross_entropy"": 0.6381661295890808, ""test_balanced_accuracy"": 0.5801514983177185}"
2026-04-14T08:02:21.089445,tpe,lcbench,3945,1,616,7.844038963317871,"{""OpenML_task_id"": ""168335"", ""batch_size"": 148, ""epoch"": 2, ""learning_rate"": 0.07771680889326091, ""max_dropout"": 0.48645223378847513, ""max_units"": 81, ""momentum"": 0.25384874533480706, ""num_layers"": 5, ""weight_decay"": 0.04337716583996914}","{""time"": 7.844038963317871, ""val_accuracy"": 92.18363952636719, ""val_cross_entropy"": 0.4217313230037689, ""val_balanced_accuracy"": 0.611760139465332, ""test_cross_entropy"": 0.6256994605064392, ""test_balanced_accuracy"": 0.6084865927696228}"
2026-04-14T08:02:21.143917,tpe,lcbench,3945,1,617,13.062148094177246,"{""OpenML_task_id"": ""168910"", ""batch_size"": 140, ""epoch"": 1, ""learning_rate"": 0.07332737600515239, ""max_dropout"": 0.19693512244607383, ""max_units"": 584, ""momentum"": 0.2881613170066883, ""num_layers"": 5, ""weight_decay"": 0.040247562460727644}","{""time"": 13.062148094177246, ""val_accuracy"": 65.78450012207031, ""val_cross_entropy"": 0.5444850921630859, ""val_balanced_accuracy"": 0.5530651807785034, ""test_cross_entropy"": 0.6533178687095642, ""test_balanced_accuracy"": 0.5448064804077148}"
2026-04-14T08:02:21.190645,tpe,lcbench,3945,1,618,12.244988441467285,"{""OpenML_task_id"": ""189905"", ""batch_size"": 156, ""epoch"": 2, ""learning_rate"": 0.07505601236631457, ""max_dropout"": 0.13563415062947176, ""max_units"": 396, ""momentum"": 0.23170335651786436, ""num_layers"": 5, ""weight_decay"": 0.031789251808835385}","{""time"": 12.244988441467285, ""val_accuracy"": 89.84405517578125, ""val_cross_entropy"": 0.48652905225753784, ""val_balanced_accuracy"": 0.6360837817192078, ""test_cross_entropy"": 0.6274269223213196, ""test_balanced_accuracy"": 0.6365984082221985}"
2026-04-14T08:02:21.256688,tpe,lcbench,3945,1,619,9.278949737548828,"{""OpenML_task_id"": ""189354"", ""batch_size"": 123, ""epoch"": 3, ""learning_rate"": 0.08400151408849105, ""max_dropout"": 0.5123618915131081, ""max_units"": 64, ""momentum"": 0.43628336404647655, ""num_layers"": 5, ""weight_decay"": 0.03355909148148089}","{""time"": 9.278949737548828, ""val_accuracy"": 96.18841552734375, ""val_cross_entropy"": 0.3782416880130768, ""val_balanced_accuracy"": 0.6364757418632507, ""test_cross_entropy"": 0.5992705821990967, ""test_balanced_accuracy"": 0.6368194222450256}"
2026-04-14T08:02:21.305448,tpe,lcbench,3945,1,620,26.415599822998047,"{""OpenML_task_id"": ""167200"", ""batch_size"": 134, ""epoch"": 16, ""learning_rate"": 0.07664914076907653, ""max_dropout"": 0.46213904742526757, ""max_units"": 112, ""momentum"": 0.27368507977252116, ""num_layers"": 5, ""weight_decay"": 0.027394762756725033}","{""time"": 26.415599822998047, ""val_accuracy"": 98.03656005859375, ""val_cross_entropy"": 0.36492106318473816, ""val_balanced_accuracy"": 0.6464482545852661, ""test_cross_entropy"": 0.5765495300292969, ""test_balanced_accuracy"": 0.6501863598823547}"
2026-04-14T08:02:21.356974,tpe,lcbench,3945,1,621,8.542668342590332,"{""OpenML_task_id"": ""189873"", ""batch_size"": 148, ""epoch"": 1, ""learning_rate"": 0.07911728505699962, ""max_dropout"": 0.11459667974748411, ""max_units"": 82, ""momentum"": 0.2021845818616826, ""num_layers"": 4, ""weight_decay"": 0.025294789187368664}","{""time"": 8.542668342590332, ""val_accuracy"": 47.72282791137695, ""val_cross_entropy"": 0.6530057191848755, ""val_balanced_accuracy"": 0.4970265030860901, ""test_cross_entropy"": 0.6681620478630066, ""test_balanced_accuracy"": 0.49156495928764343}"
2026-04-14T08:02:21.422712,tpe,lcbench,3945,1,622,7.924918174743652,"{""OpenML_task_id"": ""167184"", ""batch_size"": 164, ""epoch"": 2, ""learning_rate"": 0.07372353458284442, ""max_dropout"": 0.5446161584328961, ""max_units"": 96, ""momentum"": 0.2581305764142153, ""num_layers"": 5, ""weight_decay"": 0.035772912435247835}","{""time"": 7.924918174743652, ""val_accuracy"": 91.52734375, ""val_cross_entropy"": 0.42358818650245667, ""val_balanced_accuracy"": 0.6120530962944031, ""test_cross_entropy"": 0.6261268854141235, ""test_balanced_accuracy"": 0.6087942123413086}"
2026-04-14T08:02:21.472386,tpe,lcbench,3945,1,623,8.80622386932373,"{""OpenML_task_id"": ""168335"", ""batch_size"": 125, ""epoch"": 3, ""learning_rate"": 0.08113201910033478, ""max_dropout"": 0.15681099560275097, ""max_units"": 81, ""momentum"": 0.21858194091530392, ""num_layers"": 5, ""weight_decay"": 0.039071500136415235}","{""time"": 8.80622386932373, ""val_accuracy"": 95.90409851074219, ""val_cross_entropy"": 0.399360716342926, ""val_balanced_accuracy"": 0.6231255531311035, ""test_cross_entropy"": 0.6078064441680908, ""test_balanced_accuracy"": 0.6229960322380066}"
2026-04-14T08:02:21.522138,tpe,lcbench,3945,1,624,4.741342067718506,"{""OpenML_task_id"": ""189865"", ""batch_size"": 139, ""epoch"": 1, ""learning_rate"": 0.07588699791202266, ""max_dropout"": 0.5833126775120347, ""max_units"": 135, ""momentum"": 0.35536184201910853, ""num_layers"": 5, ""weight_decay"": 0.028876819196686943}","{""time"": 4.741342067718506, ""val_accuracy"": 71.62664794921875, ""val_cross_entropy"": 0.48934775590896606, ""val_balanced_accuracy"": 0.5883306860923767, ""test_cross_entropy"": 0.6368207931518555, ""test_balanced_accuracy"": 0.5764728784561157}"
2026-04-14T08:02:21.579221,tpe,lcbench,3945,1,625,10.465643882751465,"{""OpenML_task_id"": ""167190"", ""batch_size"": 116, ""epoch"": 4, ""learning_rate"": 0.07237095606313393, ""max_dropout"": 0.49699842396312044, ""max_units"": 97, ""momentum"": 0.24207657072992186, ""num_layers"": 5, ""weight_decay"": 0.03308579030253555}","{""time"": 10.465643882751465, ""val_accuracy"": 96.98833465576172, ""val_cross_entropy"": 0.3811929225921631, ""val_balanced_accuracy"": 0.636915385723114, ""test_cross_entropy"": 0.5958020687103271, ""test_balanced_accuracy"": 0.639615535736084}"
2026-04-14T08:02:21.629768,tpe,lcbench,3945,1,626,3.7666070461273193,"{""OpenML_task_id"": ""189906"", ""batch_size"": 151, ""epoch"": 1, ""learning_rate"": 0.07780249191185326, ""max_dropout"": 0.23693136236921974, ""max_units"": 78, ""momentum"": 0.18886903131721708, ""num_layers"": 5, ""weight_decay"": 0.03570297177632587}","{""time"": 3.7666070461273193, ""val_accuracy"": 74.64034271240234, ""val_cross_entropy"": 0.4859464168548584, ""val_balanced_accuracy"": 0.5974701642990112, ""test_cross_entropy"": 0.6356340646743774, ""test_balanced_accuracy"": 0.5855733156204224}"
2026-04-14T08:02:21.696995,tpe,lcbench,3945,1,627,14.134495735168457,"{""OpenML_task_id"": ""189906"", ""batch_size"": 160, ""epoch"": 7, ""learning_rate"": 0.07885731303455717, ""max_dropout"": 0.2539501820891175, ""max_units"": 64, ""momentum"": 0.3024929335852707, ""num_layers"": 5, ""weight_decay"": 0.031215616125116082}","{""time"": 14.134495735168457, ""val_accuracy"": 97.67446899414062, ""val_cross_entropy"": 0.3943563401699066, ""val_balanced_accuracy"": 0.6572548151016235, ""test_cross_entropy"": 0.6015797853469849, ""test_balanced_accuracy"": 0.6606130599975586}"
2026-04-14T08:02:21.755445,tpe,lcbench,3945,1,628,6.335221767425537,"{""OpenML_task_id"": ""167168"", ""batch_size"": 133, ""epoch"": 2, ""learning_rate"": 0.08260567515047217, ""max_dropout"": 0.23910406037570187, ""max_units"": 64, ""momentum"": 0.18542359288265098, ""num_layers"": 5, ""weight_decay"": 0.03352584928133897}","{""time"": 6.335221767425537, ""val_accuracy"": 92.95415496826172, ""val_cross_entropy"": 0.4170321524143219, ""val_balanced_accuracy"": 0.6144778728485107, ""test_cross_entropy"": 0.6183034181594849, ""test_balanced_accuracy"": 0.6108996272087097}"
2026-04-14T08:02:21.807800,tpe,lcbench,3945,1,629,16.800724029541016,"{""OpenML_task_id"": ""189906"", ""batch_size"": 143, ""epoch"": 3, ""learning_rate"": 0.07710755231798265, ""max_dropout"": 0.2254952095823775, ""max_units"": 117, ""momentum"": 0.3209594386761592, ""num_layers"": 5, ""weight_decay"": 0.08398755413557879}","{""time"": 16.800724029541016, ""val_accuracy"": 94.11698150634766, ""val_cross_entropy"": 0.43506738543510437, ""val_balanced_accuracy"": 0.6129128932952881, ""test_cross_entropy"": 0.6195369958877563, ""test_balanced_accuracy"": 0.612575113773346}"
2026-04-14T08:02:21.864610,tpe,lcbench,3945,1,630,3.8948984146118164,"{""OpenML_task_id"": ""189906"", ""batch_size"": 169, ""epoch"": 1, ""learning_rate"": 0.07926857506187358, ""max_dropout"": 0.27023150734845647, ""max_units"": 81, ""momentum"": 0.1811017909405676, ""num_layers"": 5, ""weight_decay"": 0.026740623071954704}","{""time"": 3.8948984146118164, ""val_accuracy"": 73.87650299072266, ""val_cross_entropy"": 0.48378026485443115, ""val_balanced_accuracy"": 0.5982296466827393, ""test_cross_entropy"": 0.6374717950820923, ""test_balanced_accuracy"": 0.5868233442306519}"
2026-04-14T08:02:21.907308,tpe,lcbench,3945,1,631,3.7749738693237305,"{""OpenML_task_id"": ""189906"", ""batch_size"": 151, ""epoch"": 1, ""learning_rate"": 0.08143383282052312, ""max_dropout"": 0.21074888714288154, ""max_units"": 79, ""momentum"": 0.2739707147421705, ""num_layers"": 5, ""weight_decay"": 0.02908148983080116}","{""time"": 3.7749738693237305, ""val_accuracy"": 74.3809814453125, ""val_cross_entropy"": 0.49423494935035706, ""val_balanced_accuracy"": 0.5962440967559814, ""test_cross_entropy"": 0.6383841037750244, ""test_balanced_accuracy"": 0.583647608757019}"
2026-04-14T08:02:21.973599,tpe,lcbench,3945,1,632,9.842315673828125,"{""OpenML_task_id"": ""189906"", ""batch_size"": 157, ""epoch"": 4, ""learning_rate"": 0.08394435724787777, ""max_dropout"": 0.2176634153269711, ""max_units"": 109, ""momentum"": 0.29007143071434915, ""num_layers"": 5, ""weight_decay"": 0.028219303385728887}","{""time"": 9.842315673828125, ""val_accuracy"": 96.63011169433594, ""val_cross_entropy"": 0.4051491320133209, ""val_balanced_accuracy"": 0.674900233745575, ""test_cross_entropy"": 0.6009087562561035, ""test_balanced_accuracy"": 0.6766545176506042}"
2026-04-14T08:02:22.029682,tpe,lcbench,3945,1,633,5.9154863357543945,"{""OpenML_task_id"": ""189906"", ""batch_size"": 153, ""epoch"": 2, ""learning_rate"": 0.0815985556617203, ""max_dropout"": 0.23785725190390233, ""max_units"": 83, ""momentum"": 0.2688277898041765, ""num_layers"": 5, ""weight_decay"": 0.025598184162158026}","{""time"": 5.9154863357543945, ""val_accuracy"": 92.62779235839844, ""val_cross_entropy"": 0.43139684200286865, ""val_balanced_accuracy"": 0.6355925798416138, ""test_cross_entropy"": 0.6182118058204651, ""test_balanced_accuracy"": 0.632928729057312}"
2026-04-14T08:02:22.080406,tpe,lcbench,3945,1,634,4.5265936851501465,"{""OpenML_task_id"": ""189906"", ""batch_size"": 165, ""epoch"": 1, ""learning_rate"": 0.0858154115601125, ""max_dropout"": 0.20611382227475827, ""max_units"": 144, ""momentum"": 0.2889369193578382, ""num_layers"": 5, ""weight_decay"": 0.02968213588315751}","{""time"": 4.5265936851501465, ""val_accuracy"": 72.60225677490234, ""val_cross_entropy"": 0.5020538568496704, ""val_balanced_accuracy"": 0.5942583680152893, ""test_cross_entropy"": 0.6391468644142151, ""test_balanced_accuracy"": 0.5825377106666565}"
2026-04-14T08:02:22.139124,tpe,lcbench,3945,1,635,6.688023090362549,"{""OpenML_task_id"": ""189906"", ""batch_size"": 145, ""epoch"": 2, ""learning_rate"": 0.08261336779226328, ""max_dropout"": 0.22492214183730097, ""max_units"": 95, ""momentum"": 0.32400876800265155, ""num_layers"": 5, ""weight_decay"": 0.02957815376949944}","{""time"": 6.688023090362549, ""val_accuracy"": 92.53031921386719, ""val_cross_entropy"": 0.4307381510734558, ""val_balanced_accuracy"": 0.624474823474884, ""test_cross_entropy"": 0.61821049451828, ""test_balanced_accuracy"": 0.6213915944099426}"
2026-04-14T08:02:22.195083,tpe,lcbench,3945,1,636,6.533236503601074,"{""OpenML_task_id"": ""189906"", ""batch_size"": 154, ""epoch"": 2, ""learning_rate"": 0.08070301857250439, ""max_dropout"": 0.19693633498898472, ""max_units"": 122, ""momentum"": 0.26945250628857764, ""num_layers"": 5, ""weight_decay"": 0.027750955708667206}","{""time"": 6.533236503601074, ""val_accuracy"": 92.26948547363281, ""val_cross_entropy"": 0.43820255994796753, ""val_balanced_accuracy"": 0.6352932453155518, ""test_cross_entropy"": 0.6186954975128174, ""test_balanced_accuracy"": 0.6329673528671265}"
2026-04-14T08:02:22.246973,tpe,lcbench,3945,1,637,13.946242332458496,"{""OpenML_task_id"": ""189906"", ""batch_size"": 145, ""epoch"": 5, ""learning_rate"": 0.08476324768125262, ""max_dropout"": 0.24438960808346538, ""max_units"": 82, ""momentum"": 0.49193040234503693, ""num_layers"": 5, ""weight_decay"": 0.03253682907750177}","{""time"": 13.946242332458496, ""val_accuracy"": 97.2769775390625, ""val_cross_entropy"": 0.3959573209285736, ""val_balanced_accuracy"": 0.656059980392456, ""test_cross_entropy"": 0.6027292013168335, ""test_balanced_accuracy"": 0.6578781604766846}"
2026-04-14T08:02:22.307813,tpe,lcbench,3945,1,638,7.591639995574951,"{""OpenML_task_id"": ""189908"", ""batch_size"": 164, ""epoch"": 3, ""learning_rate"": 0.08028650385952682, ""max_dropout"": 0.21000436303752537, ""max_units"": 82, ""momentum"": 0.28117756299352137, ""num_layers"": 5, ""weight_decay"": 0.02482051789930517}","{""time"": 7.591639995574951, ""val_accuracy"": 95.81707000732422, ""val_cross_entropy"": 0.41183358430862427, ""val_balanced_accuracy"": 0.6820356845855713, ""test_cross_entropy"": 0.6033691167831421, ""test_balanced_accuracy"": 0.6824482083320618}"
2026-04-14T08:02:22.363306,tpe,lcbench,3945,1,639,67.95687866210938,"{""OpenML_task_id"": ""167161"", ""batch_size"": 173, ""epoch"": 21, ""learning_rate"": 0.07790393036916664, ""max_dropout"": 0.19619368879751373, ""max_units"": 99, ""momentum"": 0.8831623299411049, ""num_layers"": 5, ""weight_decay"": 0.031191221165933793}","{""time"": 67.95687866210938, ""val_accuracy"": 97.56424713134766, ""val_cross_entropy"": 0.3798457682132721, ""val_balanced_accuracy"": 0.6085759401321411, ""test_cross_entropy"": 0.5966140031814575, ""test_balanced_accuracy"": 0.6131455302238464}"
2026-04-14T08:02:22.419459,tpe,lcbench,3945,1,640,21.077564239501953,"{""OpenML_task_id"": ""168331"", ""batch_size"": 138, ""epoch"": 1, ""learning_rate"": 0.07816134325399877, ""max_dropout"": 0.29318784898560835, ""max_units"": 811, ""momentum"": 0.3365991275516793, ""num_layers"": 5, ""weight_decay"": 0.029498695207320284}","{""time"": 21.077564239501953, ""val_accuracy"": 60.43914031982422, ""val_cross_entropy"": 0.560811460018158, ""val_balanced_accuracy"": 0.5286734104156494, ""test_cross_entropy"": 0.6620422005653381, ""test_balanced_accuracy"": 0.5210213661193848}"
2026-04-14T08:02:22.472466,tpe,lcbench,3945,1,641,3.678755521774292,"{""OpenML_task_id"": ""189906"", ""batch_size"": 153, ""epoch"": 1, ""learning_rate"": 0.08105220848565568, ""max_dropout"": 0.25577670400602287, ""max_units"": 64, ""momentum"": 0.25581004834273213, ""num_layers"": 5, ""weight_decay"": 0.026902462186909136}","{""time"": 3.678755521774292, ""val_accuracy"": 74.52284240722656, ""val_cross_entropy"": 0.48900145292282104, ""val_balanced_accuracy"": 0.5966092944145203, ""test_cross_entropy"": 0.6381065845489502, ""test_balanced_accuracy"": 0.5842992067337036}"
2026-04-14T08:02:22.529307,tpe,lcbench,3945,1,642,7.947229862213135,"{""OpenML_task_id"": ""189906"", ""batch_size"": 158, ""epoch"": 3, ""learning_rate"": 0.08367860520281616, ""max_dropout"": 0.228334133909765, ""max_units"": 116, ""momentum"": 0.24526313445509298, ""num_layers"": 5, ""weight_decay"": 0.024574133605521478}","{""time"": 7.947229862213135, ""val_accuracy"": 95.71478271484375, ""val_cross_entropy"": 0.41431522369384766, ""val_balanced_accuracy"": 0.6810282468795776, ""test_cross_entropy"": 0.6020451188087463, ""test_balanced_accuracy"": 0.6817587018013}"
2026-04-14T08:02:22.589006,tpe,lcbench,3945,1,643,6.000548839569092,"{""OpenML_task_id"": ""189906"", ""batch_size"": 151, ""epoch"": 2, ""learning_rate"": 0.08775417407907853, ""max_dropout"": 0.2705384611756235, ""max_units"": 81, ""momentum"": 0.25373949502001036, ""num_layers"": 5, ""weight_decay"": 0.026342584439234342}","{""time"": 6.000548839569092, ""val_accuracy"": 92.70378875732422, ""val_cross_entropy"": 0.4273594319820404, ""val_balanced_accuracy"": 0.6320034861564636, ""test_cross_entropy"": 0.6182171106338501, ""test_balanced_accuracy"": 0.6294770836830139}"
2026-04-14T08:02:22.639857,tpe,lcbench,3945,1,644,3.752662420272827,"{""OpenML_task_id"": ""189906"", ""batch_size"": 171, ""epoch"": 1, ""learning_rate"": 0.08087295217371479, ""max_dropout"": 0.2598646852664969, ""max_units"": 64, ""momentum"": 0.2617483458592492, ""num_layers"": 5, ""weight_decay"": 0.027495730093848265}","{""time"": 3.752662420272827, ""val_accuracy"": 74.42015075683594, ""val_cross_entropy"": 0.4863050580024719, ""val_balanced_accuracy"": 0.5990517139434814, ""test_cross_entropy"": 0.6373583674430847, ""test_balanced_accuracy"": 0.5871402025222778}"
2026-04-14T08:02:22.699041,tpe,lcbench,3945,1,645,4.0845465660095215,"{""OpenML_task_id"": ""189906"", ""batch_size"": 169, ""epoch"": 1, ""learning_rate"": 0.08180163164725272, ""max_dropout"": 0.25440677175712373, ""max_units"": 98, ""momentum"": 0.2667232937664813, ""num_layers"": 5, ""weight_decay"": 0.02426756146001298}","{""time"": 4.0845465660095215, ""val_accuracy"": 73.31263732910156, ""val_cross_entropy"": 0.49313852190971375, ""val_balanced_accuracy"": 0.5961906909942627, ""test_cross_entropy"": 0.6393411159515381, ""test_balanced_accuracy"": 0.5843382477760315}"
2026-04-14T08:02:22.747689,tpe,lcbench,3945,1,646,6.310121536254883,"{""OpenML_task_id"": ""189906"", ""batch_size"": 172, ""epoch"": 2, ""learning_rate"": 0.08093314905701625, ""max_dropout"": 0.26184416772596775, ""max_units"": 96, ""momentum"": 0.25681889498247107, ""num_layers"": 5, ""weight_decay"": 0.026784890124557755}","{""time"": 6.310121536254883, ""val_accuracy"": 92.03712463378906, ""val_cross_entropy"": 0.43805253505706787, ""val_balanced_accuracy"": 0.6354835033416748, ""test_cross_entropy"": 0.6216365098953247, ""test_balanced_accuracy"": 0.6330385804176331}"
2026-04-14T08:02:22.811780,tpe,lcbench,3945,1,647,18.666526794433594,"{""OpenML_task_id"": ""189906"", ""batch_size"": 127, ""epoch"": 3, ""learning_rate"": 0.08548079008783327, ""max_dropout"": 0.29684866949775035, ""max_units"": 64, ""momentum"": 0.27610687780169574, ""num_layers"": 3, ""weight_decay"": 0.027351120261455798}","{""time"": 18.666526794433594, ""val_accuracy"": 81.99577331542969, ""val_cross_entropy"": 0.500707745552063, ""val_balanced_accuracy"": 0.6796631217002869, ""test_cross_entropy"": 0.563213586807251, ""test_balanced_accuracy"": 0.6690199971199036}"
2026-04-14T08:02:22.863008,tpe,lcbench,3945,1,648,4.37180757522583,"{""OpenML_task_id"": ""126026"", ""batch_size"": 112, ""epoch"": 1, ""learning_rate"": 0.08281635643575883, ""max_dropout"": 0.2543065437852039, ""max_units"": 111, ""momentum"": 0.2482599282500244, ""num_layers"": 5, ""weight_decay"": 0.025855365895051993}","{""time"": 4.37180757522583, ""val_accuracy"": 73.09133911132812, ""val_cross_entropy"": 0.5045139193534851, ""val_balanced_accuracy"": 0.5838279724121094, ""test_cross_entropy"": 0.6425806283950806, ""test_balanced_accuracy"": 0.5703058242797852}"
2026-04-14T08:02:22.927662,tpe,lcbench,3945,1,649,9.42955207824707,"{""OpenML_task_id"": ""189906"", ""batch_size"": 134, ""epoch"": 4, ""learning_rate"": 0.0811685414886345, ""max_dropout"": 0.2830288555375921, ""max_units"": 82, ""momentum"": 0.2684363753376132, ""num_layers"": 5, ""weight_decay"": 0.02895545462411076}","{""time"": 9.42955207824707, ""val_accuracy"": 96.93358612060547, ""val_cross_entropy"": 0.39170002937316895, ""val_balanced_accuracy"": 0.6625677347183228, ""test_cross_entropy"": 0.5985415577888489, ""test_balanced_accuracy"": 0.664237916469574}"
2026-04-14T08:02:22.985124,tpe,lcbench,3945,1,650,6.349166393280029,"{""OpenML_task_id"": ""189906"", ""batch_size"": 151, ""epoch"": 2, ""learning_rate"": 0.07974587365849574, ""max_dropout"": 0.2273691669539647, ""max_units"": 131, ""momentum"": 0.22829642589522148, ""num_layers"": 5, ""weight_decay"": 0.024112736306794114}","{""time"": 6.349166393280029, ""val_accuracy"": 92.385009765625, ""val_cross_entropy"": 0.43730032444000244, ""val_balanced_accuracy"": 0.6411007642745972, ""test_cross_entropy"": 0.6174050569534302, ""test_balanced_accuracy"": 0.6393094062805176}"
2026-04-14T08:02:23.038855,tpe,lcbench,3945,1,651,7.669730186462402,"{""OpenML_task_id"": ""189906"", ""batch_size"": 142, ""epoch"": 3, ""learning_rate"": 0.07986242854306945, ""max_dropout"": 0.24634234922513246, ""max_units"": 83, ""momentum"": 0.2506811289838779, ""num_layers"": 5, ""weight_decay"": 0.027580764007090985}","{""time"": 7.669730186462402, ""val_accuracy"": 96.05641174316406, ""val_cross_entropy"": 0.40538135170936584, ""val_balanced_accuracy"": 0.6673339009284973, ""test_cross_entropy"": 0.6041669845581055, ""test_balanced_accuracy"": 0.6680840253829956}"
2026-04-14T08:02:23.089714,tpe,lcbench,3945,1,652,3.879559278488159,"{""OpenML_task_id"": ""189906"", ""batch_size"": 168, ""epoch"": 1, ""learning_rate"": 0.08642318086313427, ""max_dropout"": 0.22541963768376594, ""max_units"": 81, ""momentum"": 0.2959184677412063, ""num_layers"": 5, ""weight_decay"": 0.027820040661196227}","{""time"": 3.879559278488159, ""val_accuracy"": 74.14160919189453, ""val_cross_entropy"": 0.4935629069805145, ""val_balanced_accuracy"": 0.5978053212165833, ""test_cross_entropy"": 0.6381292343139648, ""test_balanced_accuracy"": 0.585564374923706}"
2026-04-14T08:02:23.146347,tpe,lcbench,3945,1,653,72.5405044555664,"{""OpenML_task_id"": ""7593"", ""batch_size"": 122, ""epoch"": 14, ""learning_rate"": 0.07843040085869217, ""max_dropout"": 0.3166035320674918, ""max_units"": 275, ""momentum"": 0.2385537845507347, ""num_layers"": 3, ""weight_decay"": 0.024904032782388744}","{""time"": 72.5405044555664, ""val_accuracy"": 84.70516204833984, ""val_cross_entropy"": 0.4800439476966858, ""val_balanced_accuracy"": 0.7391688227653503, ""test_cross_entropy"": 0.5188851356506348, ""test_balanced_accuracy"": 0.7216315865516663}"
2026-04-14T08:02:23.205418,tpe,lcbench,3945,1,654,8.624942779541016,"{""OpenML_task_id"": ""168910"", ""batch_size"": 159, ""epoch"": 2, ""learning_rate"": 0.08385597274700575, ""max_dropout"": 0.20096607115795562, ""max_units"": 64, ""momentum"": 0.2811785922508154, ""num_layers"": 5, ""weight_decay"": 0.06038608314787397}","{""time"": 8.624942779541016, ""val_accuracy"": 91.19486236572266, ""val_cross_entropy"": 0.4387071132659912, ""val_balanced_accuracy"": 0.6133970618247986, ""test_cross_entropy"": 0.6279053092002869, ""test_balanced_accuracy"": 0.6094087958335876}"
2026-04-14T08:02:23.255371,tpe,lcbench,3945,1,655,4.037134170532227,"{""OpenML_task_id"": ""168868"", ""batch_size"": 137, ""epoch"": 1, ""learning_rate"": 0.08240721850812281, ""max_dropout"": 0.2682524968010642, ""max_units"": 100, ""momentum"": 0.22670816973699912, ""num_layers"": 5, ""weight_decay"": 0.030467324792163065}","{""time"": 4.037134170532227, ""val_accuracy"": 73.77216339111328, ""val_cross_entropy"": 0.4934632480144501, ""val_balanced_accuracy"": 0.5919054746627808, ""test_cross_entropy"": 0.6389656066894531, ""test_balanced_accuracy"": 0.5798671841621399}"
2026-04-14T08:02:23.306691,tpe,lcbench,3945,1,656,7.7352705001831055,"{""OpenML_task_id"": ""189905"", ""batch_size"": 151, ""epoch"": 3, ""learning_rate"": 0.07744162622575179, ""max_dropout"": 0.1789484188187695, ""max_units"": 82, ""momentum"": 0.26289501861929965, ""num_layers"": 5, ""weight_decay"": 0.02837905863379758}","{""time"": 7.7352705001831055, ""val_accuracy"": 95.96595001220703, ""val_cross_entropy"": 0.41153764724731445, ""val_balanced_accuracy"": 0.6709368228912354, ""test_cross_entropy"": 0.6057184934616089, ""test_balanced_accuracy"": 0.6715962290763855}"
2026-04-14T08:02:23.372092,tpe,lcbench,3945,1,657,3.754056930541992,"{""OpenML_task_id"": ""167104"", ""batch_size"": 173, ""epoch"": 1, ""learning_rate"": 0.07980786731029953, ""max_dropout"": 0.2455143762894688, ""max_units"": 64, ""momentum"": 0.25078783617670264, ""num_layers"": 5, ""weight_decay"": 0.02682324936136071}","{""time"": 3.754056930541992, ""val_accuracy"": 74.37615966796875, ""val_cross_entropy"": 0.4859505295753479, ""val_balanced_accuracy"": 0.5995901226997375, ""test_cross_entropy"": 0.6373260021209717, ""test_balanced_accuracy"": 0.587624192237854}"
2026-04-14T08:02:23.429063,tpe,lcbench,3945,1,658,8.859213829040527,"{""OpenML_task_id"": ""167104"", ""batch_size"": 176, ""epoch"": 2, ""learning_rate"": 0.08040930915515757, ""max_dropout"": 0.2382468947555239, ""max_units"": 113, ""momentum"": 0.7519419413683832, ""num_layers"": 5, ""weight_decay"": 0.025553744752485362}","{""time"": 8.859213829040527, ""val_accuracy"": 91.69229125976562, ""val_cross_entropy"": 0.4224300980567932, ""val_balanced_accuracy"": 0.6438285112380981, ""test_cross_entropy"": 0.6117879152297974, ""test_balanced_accuracy"": 0.6382129192352295}"
2026-04-14T08:02:23.489039,tpe,lcbench,3945,1,659,11.30511474609375,"{""OpenML_task_id"": ""189906"", ""batch_size"": 173, ""epoch"": 5, ""learning_rate"": 0.08463673940311736, ""max_dropout"": 0.24830264790563097, ""max_units"": 81, ""momentum"": 0.2448696456262522, ""num_layers"": 5, ""weight_decay"": 0.031306199782990256}","{""time"": 11.30511474609375, ""val_accuracy"": 96.98796081542969, ""val_cross_entropy"": 0.4081661105155945, ""val_balanced_accuracy"": 0.6616344451904297, ""test_cross_entropy"": 0.6086578369140625, ""test_balanced_accuracy"": 0.6649376749992371}"
2026-04-14T08:02:23.555877,tpe,lcbench,3945,1,660,3.742901086807251,"{""OpenML_task_id"": ""167104"", ""batch_size"": 166, ""epoch"": 1, ""learning_rate"": 0.08194166005136892, ""max_dropout"": 0.2825026449923479, ""max_units"": 64, ""momentum"": 0.22555399960688158, ""num_layers"": 5, ""weight_decay"": 0.0240364338296487}","{""time"": 3.742901086807251, ""val_accuracy"": 74.17725372314453, ""val_cross_entropy"": 0.4851037859916687, ""val_balanced_accuracy"": 0.5976548194885254, ""test_cross_entropy"": 0.6386375427246094, ""test_balanced_accuracy"": 0.5858626961708069}"
2026-04-14T08:02:23.606493,tpe,lcbench,3945,1,661,21.02039337158203,"{""OpenML_task_id"": ""167104"", ""batch_size"": 177, ""epoch"": 4, ""learning_rate"": 0.08306570299809746, ""max_dropout"": 0.2782041161597273, ""max_units"": 96, ""momentum"": 0.2202587023654822, ""num_layers"": 1, ""weight_decay"": 0.08057545182473928}","{""time"": 21.02039337158203, ""val_accuracy"": 69.2088851928711, ""val_cross_entropy"": 0.5602555274963379, ""val_balanced_accuracy"": 0.7353299260139465, ""test_cross_entropy"": 0.5887833833694458, ""test_balanced_accuracy"": 0.7208144664764404}"
2026-04-14T08:02:23.673075,tpe,lcbench,3945,1,662,8.358598709106445,"{""OpenML_task_id"": ""167104"", ""batch_size"": 165, ""epoch"": 3, ""learning_rate"": 0.08091970086386603, ""max_dropout"": 0.3009924792582221, ""max_units"": 124, ""momentum"": 0.2110845181949684, ""num_layers"": 5, ""weight_decay"": 0.02639745038647507}","{""time"": 8.358598709106445, ""val_accuracy"": 95.49158477783203, ""val_cross_entropy"": 0.42603179812431335, ""val_balanced_accuracy"": 0.66933274269104, ""test_cross_entropy"": 0.6104423999786377, ""test_balanced_accuracy"": 0.671159565448761}"
2026-04-14T08:02:23.729733,tpe,lcbench,3945,1,663,6.208324909210205,"{""OpenML_task_id"": ""167200"", ""batch_size"": 173, ""epoch"": 2, ""learning_rate"": 0.08217993398345928, ""max_dropout"": 0.2748710242642037, ""max_units"": 99, ""momentum"": 0.23499770234713682, ""num_layers"": 5, ""weight_decay"": 0.024913209204199184}","{""time"": 6.208324909210205, ""val_accuracy"": 92.06450653076172, ""val_cross_entropy"": 0.4384286403656006, ""val_balanced_accuracy"": 0.638905942440033, ""test_cross_entropy"": 0.6211905479431152, ""test_balanced_accuracy"": 0.6367805600166321}"
2026-04-14T08:02:23.786400,tpe,lcbench,3945,1,664,3.670388698577881,"{""OpenML_task_id"": ""167104"", ""batch_size"": 165, ""epoch"": 1, ""learning_rate"": 0.08567791821125828, ""max_dropout"": 0.219470541434633, ""max_units"": 64, ""momentum"": 0.22409300292631362, ""num_layers"": 5, ""weight_decay"": 0.023978257849984135}","{""time"": 3.670388698577881, ""val_accuracy"": 74.3519058227539, ""val_cross_entropy"": 0.48787829279899597, ""val_balanced_accuracy"": 0.5988301038742065, ""test_cross_entropy"": 0.6382077932357788, ""test_balanced_accuracy"": 0.586564838886261}"
2026-04-14T08:02:23.851175,tpe,lcbench,3945,1,665,3.8265693187713623,"{""OpenML_task_id"": ""167104"", ""batch_size"": 160, ""epoch"": 1, ""learning_rate"": 0.08838870892105703, ""max_dropout"": 0.21757635315290264, ""max_units"": 82, ""momentum"": 0.2158536001720923, ""num_layers"": 5, ""weight_decay"": 0.0237516306125244}","{""time"": 3.8265693187713623, ""val_accuracy"": 73.86932373046875, ""val_cross_entropy"": 0.4910751283168793, ""val_balanced_accuracy"": 0.5969416499137878, ""test_cross_entropy"": 0.6389573812484741, ""test_balanced_accuracy"": 0.5847574472427368}"
2026-04-14T08:02:23.905650,tpe,lcbench,3945,1,666,8.174528121948242,"{""OpenML_task_id"": ""167104"", ""batch_size"": 168, ""epoch"": 2, ""learning_rate"": 0.08486858210077486, ""max_dropout"": 0.2548626226071614, ""max_units"": 138, ""momentum"": 0.198648411395196, ""num_layers"": 5, ""weight_decay"": 0.04143688947397476}","{""time"": 8.174528121948242, ""val_accuracy"": 91.08499908447266, ""val_cross_entropy"": 0.43794259428977966, ""val_balanced_accuracy"": 0.611306369304657, ""test_cross_entropy"": 0.6262757182121277, ""test_balanced_accuracy"": 0.6085748076438904}"
2026-04-14T08:02:23.963070,tpe,lcbench,3945,1,667,7.439642429351807,"{""OpenML_task_id"": ""167104"", ""batch_size"": 171, ""epoch"": 3, ""learning_rate"": 0.08566906077550004, ""max_dropout"": 0.20804725784965078, ""max_units"": 81, ""momentum"": 0.22710155756239764, ""num_layers"": 5, ""weight_decay"": 0.02351757366511902}","{""time"": 7.439642429351807, ""val_accuracy"": 95.73413848876953, ""val_cross_entropy"": 0.4137685298919678, ""val_balanced_accuracy"": 0.6837537288665771, ""test_cross_entropy"": 0.6030910015106201, ""test_balanced_accuracy"": 0.6843003630638123}"
2026-04-14T08:02:24.022681,tpe,lcbench,3945,1,668,3.7680015563964844,"{""OpenML_task_id"": ""167104"", ""batch_size"": 179, ""epoch"": 1, ""learning_rate"": 0.09020877733328105, ""max_dropout"": 0.24127679575232075, ""max_units"": 64, ""momentum"": 0.20911387618476426, ""num_layers"": 5, ""weight_decay"": 0.024426910936795318}","{""time"": 3.7680015563964844, ""val_accuracy"": 74.12252044677734, ""val_cross_entropy"": 0.48492705821990967, ""val_balanced_accuracy"": 0.5994449257850647, ""test_cross_entropy"": 0.6381034851074219, ""test_balanced_accuracy"": 0.5877665281295776}"
2026-04-14T08:02:24.073369,tpe,lcbench,3945,1,669,4.214231967926025,"{""OpenML_task_id"": ""167104"", ""batch_size"": 177, ""epoch"": 1, ""learning_rate"": 0.09767591512076748, ""max_dropout"": 0.23601919633904234, ""max_units"": 110, ""momentum"": 0.20510731056406878, ""num_layers"": 5, ""weight_decay"": 0.023878284335647166}","{""time"": 4.214231967926025, ""val_accuracy"": 72.86862182617188, ""val_cross_entropy"": 0.4921715557575226, ""val_balanced_accuracy"": 0.5961633920669556, ""test_cross_entropy"": 0.6396216154098511, ""test_balanced_accuracy"": 0.5848812460899353}"
2026-04-14T08:02:24.136397,tpe,lcbench,3945,1,670,5.961503982543945,"{""OpenML_task_id"": ""167104"", ""batch_size"": 178, ""epoch"": 2, ""learning_rate"": 0.08828259035680239, ""max_dropout"": 0.23811919139038407, ""max_units"": 96, ""momentum"": 0.19851715768035172, ""num_layers"": 5, ""weight_decay"": 0.023253366528576284}","{""time"": 5.961503982543945, ""val_accuracy"": 92.08769226074219, ""val_cross_entropy"": 0.4397203028202057, ""val_balanced_accuracy"": 0.6437081694602966, ""test_cross_entropy"": 0.6204398274421692, ""test_balanced_accuracy"": 0.6418728232383728}"
2026-04-14T08:02:24.188736,tpe,lcbench,3945,1,671,7.411753177642822,"{""OpenML_task_id"": ""167104"", ""batch_size"": 180, ""epoch"": 3, ""learning_rate"": 0.0863112231312238, ""max_dropout"": 0.2649632143239357, ""max_units"": 64, ""momentum"": 0.1804529325800095, ""num_layers"": 5, ""weight_decay"": 0.024182993641174558}","{""time"": 7.411753177642822, ""val_accuracy"": 95.61880493164062, ""val_cross_entropy"": 0.41888079047203064, ""val_balanced_accuracy"": 0.6743173599243164, ""test_cross_entropy"": 0.609611988067627, ""test_balanced_accuracy"": 0.6755377650260925}"
2026-04-14T08:02:24.240939,tpe,lcbench,3945,1,672,3.8948984146118164,"{""OpenML_task_id"": ""167104"", ""batch_size"": 174, ""epoch"": 1, ""learning_rate"": 0.09443763941889054, ""max_dropout"": 0.21548880024896258, ""max_units"": 83, ""momentum"": 0.2151110267474403, ""num_layers"": 5, ""weight_decay"": 0.024197417075873}","{""time"": 3.8948984146118164, ""val_accuracy"": 73.74065399169922, ""val_cross_entropy"": 0.4899190664291382, ""val_balanced_accuracy"": 0.5983037948608398, ""test_cross_entropy"": 0.6385836601257324, ""test_balanced_accuracy"": 0.5864764451980591}"
2026-04-14T08:02:24.300079,tpe,lcbench,3945,1,673,58.5107307434082,"{""OpenML_task_id"": ""167104"", ""batch_size"": 164, ""epoch"": 4, ""learning_rate"": 0.09269265372921552, ""max_dropout"": 0.24241086981122978, ""max_units"": 991, ""momentum"": 0.23235338056496313, ""num_layers"": 5, ""weight_decay"": 0.025073581127063715}","{""time"": 58.5107307434082, ""val_accuracy"": 91.5898666381836, ""val_cross_entropy"": 0.43010208010673523, ""val_balanced_accuracy"": 0.7233527898788452, ""test_cross_entropy"": 0.5686531662940979, ""test_balanced_accuracy"": 0.7218669652938843}"
2026-04-14T08:02:24.356725,tpe,lcbench,3945,1,674,6.304543495178223,"{""OpenML_task_id"": ""167104"", ""batch_size"": 168, ""epoch"": 2, ""learning_rate"": 0.08891777697899217, ""max_dropout"": 0.22762290087621434, ""max_units"": 114, ""momentum"": 0.18854952400615577, ""num_layers"": 5, ""weight_decay"": 0.026440443523481787}","{""time"": 6.304543495178223, ""val_accuracy"": 92.07469940185547, ""val_cross_entropy"": 0.4380802810192108, ""val_balanced_accuracy"": 0.6375729441642761, ""test_cross_entropy"": 0.6202816963195801, ""test_balanced_accuracy"": 0.6356678009033203}"
2026-04-14T08:02:24.406654,tpe,lcbench,3945,1,675,4.006455898284912,"{""OpenML_task_id"": ""167104"", ""batch_size"": 162, ""epoch"": 1, ""learning_rate"": 0.09195320004784287, ""max_dropout"": 0.25721179079375833, ""max_units"": 97, ""momentum"": 0.2157302238470075, ""num_layers"": 5, ""weight_decay"": 0.02589240710578202}","{""time"": 4.006455898284912, ""val_accuracy"": 73.47657012939453, ""val_cross_entropy"": 0.4910237491130829, ""val_balanced_accuracy"": 0.5954485535621643, ""test_cross_entropy"": 0.639091968536377, ""test_balanced_accuracy"": 0.5839070677757263}"
2026-04-14T08:02:24.462577,tpe,lcbench,3945,1,676,7.144014835357666,"{""OpenML_task_id"": ""167104"", ""batch_size"": 118, ""epoch"": 3, ""learning_rate"": 0.08399957287326816, ""max_dropout"": 0.1957591406690363, ""max_units"": 82, ""momentum"": 0.23552375350970045, ""num_layers"": 5, ""weight_decay"": 0.024167291036408575}","{""time"": 7.144014835357666, ""val_accuracy"": 96.46621704101562, ""val_cross_entropy"": 0.38075003027915955, ""val_balanced_accuracy"": 0.6763255000114441, ""test_cross_entropy"": 0.5870895385742188, ""test_balanced_accuracy"": 0.6752105355262756}"
2026-04-14T08:02:24.522132,tpe,lcbench,3945,1,677,10.337352752685547,"{""OpenML_task_id"": ""167104"", ""batch_size"": 110, ""epoch"": 2, ""learning_rate"": 0.09050596041187946, ""max_dropout"": 0.2776111218308681, ""max_units"": 212, ""momentum"": 0.22065633578377575, ""num_layers"": 5, ""weight_decay"": 0.04949202102040863}","{""time"": 10.337352752685547, ""val_accuracy"": 91.42266082763672, ""val_cross_entropy"": 0.4376024603843689, ""val_balanced_accuracy"": 0.5997514128684998, ""test_cross_entropy"": 0.6181263327598572, ""test_balanced_accuracy"": 0.5965068936347961}"
2026-04-14T08:02:24.572172,tpe,lcbench,3945,1,678,3.6397101879119873,"{""OpenML_task_id"": ""167104"", ""batch_size"": 163, ""epoch"": 1, ""learning_rate"": 0.08592398908904592, ""max_dropout"": 0.22252938991316099, ""max_units"": 64, ""momentum"": 0.1975090314167656, ""num_layers"": 5, ""weight_decay"": 0.02615972405358091}","{""time"": 3.6397101879119873, ""val_accuracy"": 74.50763702392578, ""val_cross_entropy"": 0.4854336678981781, ""val_balanced_accuracy"": 0.5990825891494751, ""test_cross_entropy"": 0.6375529766082764, ""test_balanced_accuracy"": 0.5870248079299927}"
2026-04-14T08:02:24.629396,tpe,lcbench,3945,1,679,4.14032506942749,"{""OpenML_task_id"": ""167104"", ""batch_size"": 181, ""epoch"": 1, ""learning_rate"": 0.09106255014131748, ""max_dropout"": 0.21723819394539434, ""max_units"": 98, ""momentum"": 0.19085999746266022, ""num_layers"": 5, ""weight_decay"": 0.04508216530688499}","{""time"": 4.14032506942749, ""val_accuracy"": 74.06443786621094, ""val_cross_entropy"": 0.4870223104953766, ""val_balanced_accuracy"": 0.599959671497345, ""test_cross_entropy"": 0.6351331472396851, ""test_balanced_accuracy"": 0.5890279412269592}"
2026-04-14T08:02:24.688727,tpe,lcbench,3945,1,680,8.836901664733887,"{""OpenML_task_id"": ""167104"", ""batch_size"": 174, ""epoch"": 4, ""learning_rate"": 0.08459050157492243, ""max_dropout"": 0.24620840686682735, ""max_units"": 81, ""momentum"": 0.20400978112920393, ""num_layers"": 5, ""weight_decay"": 0.02317152553621032}","{""time"": 8.836901664733887, ""val_accuracy"": 96.51885223388672, ""val_cross_entropy"": 0.40024033188819885, ""val_balanced_accuracy"": 0.6878623962402344, ""test_cross_entropy"": 0.5990296602249146, ""test_balanced_accuracy"": 0.6889626979827881}"
2026-04-14T08:02:24.748928,tpe,lcbench,3945,1,681,13.021708488464355,"{""OpenML_task_id"": ""167104"", ""batch_size"": 164, ""epoch"": 2, ""learning_rate"": 0.0953220632849882, ""max_dropout"": 0.22811456151248616, ""max_units"": 462, ""momentum"": 0.18498222637150077, ""num_layers"": 5, ""weight_decay"": 0.02645848060533399}","{""time"": 13.021708488464355, ""val_accuracy"": 89.14148712158203, ""val_cross_entropy"": 0.48534321784973145, ""val_balanced_accuracy"": 0.6480321288108826, ""test_cross_entropy"": 0.6217803955078125, ""test_balanced_accuracy"": 0.6495517492294312}"
2026-04-14T08:02:24.811195,tpe,lcbench,3945,1,682,3.5755646228790283,"{""OpenML_task_id"": ""167104"", ""batch_size"": 158, ""epoch"": 1, ""learning_rate"": 0.08637623794347624, ""max_dropout"": 0.18506945822312074, ""max_units"": 64, ""momentum"": 0.1795695024514054, ""num_layers"": 5, ""weight_decay"": 0.025667640616967916}","{""time"": 3.5755646228790283, ""val_accuracy"": 74.68976593017578, ""val_cross_entropy"": 0.4859936833381653, ""val_balanced_accuracy"": 0.5990551710128784, ""test_cross_entropy"": 0.6374866962432861, ""test_balanced_accuracy"": 0.5867326855659485}"
2026-04-14T08:02:24.871429,tpe,lcbench,3945,1,683,10.970441818237305,"{""OpenML_task_id"": ""167104"", ""batch_size"": 179, ""epoch"": 2, ""learning_rate"": 0.08952060435697806, ""max_dropout"": 0.18434575080650498, ""max_units"": 121, ""momentum"": 0.17641598376665146, ""num_layers"": 4, ""weight_decay"": 0.02337211439625233}","{""time"": 10.970441818237305, ""val_accuracy"": 81.4570541381836, ""val_cross_entropy"": 0.5759724974632263, ""val_balanced_accuracy"": 0.5767709016799927, ""test_cross_entropy"": 0.6252224445343018, ""test_balanced_accuracy"": 0.5748522281646729}"
2026-04-14T08:02:24.923415,tpe,lcbench,3945,1,684,7.512155055999756,"{""OpenML_task_id"": ""167104"", ""batch_size"": 167, ""epoch"": 3, ""learning_rate"": 0.08667951904954992, ""max_dropout"": 0.18373744698412287, ""max_units"": 83, ""momentum"": 0.20552013139313963, ""num_layers"": 5, ""weight_decay"": 0.025678327129282023}","{""time"": 7.512155055999756, ""val_accuracy"": 95.76956176757812, ""val_cross_entropy"": 0.4148475229740143, ""val_balanced_accuracy"": 0.6788935661315918, ""test_cross_entropy"": 0.604866623878479, ""test_balanced_accuracy"": 0.6797396540641785}"
2026-04-14T08:02:24.988838,tpe,lcbench,3945,1,685,3.616004228591919,"{""OpenML_task_id"": ""167104"", ""batch_size"": 161, ""epoch"": 1, ""learning_rate"": 0.08589457548553371, ""max_dropout"": 0.21257394366755494, ""max_units"": 64, ""momentum"": 0.18659692235505143, ""num_layers"": 5, ""weight_decay"": 0.025908474301609866}","{""time"": 3.616004228591919, ""val_accuracy"": 74.54786682128906, ""val_cross_entropy"": 0.4853206276893616, ""val_balanced_accuracy"": 0.5991054177284241, ""test_cross_entropy"": 0.6375725269317627, ""test_balanced_accuracy"": 0.5869655013084412}"
2026-04-14T08:02:25.049264,tpe,lcbench,3945,1,686,11.589587211608887,"{""OpenML_task_id"": ""167104"", ""batch_size"": 175, ""epoch"": 6, ""learning_rate"": 0.08722924915896094, ""max_dropout"": 0.20391537421108422, ""max_units"": 81, ""momentum"": 0.17789943500327643, ""num_layers"": 5, ""weight_decay"": 0.02358037071659366}","{""time"": 11.589587211608887, ""val_accuracy"": 97.21168518066406, ""val_cross_entropy"": 0.3779447078704834, ""val_balanced_accuracy"": 0.7004973888397217, ""test_cross_entropy"": 0.5856196880340576, ""test_balanced_accuracy"": 0.7007700204849243}"
2026-04-14T08:02:25.105681,tpe,lcbench,3945,1,687,3.5964818000793457,"{""OpenML_task_id"": ""167104"", ""batch_size"": 166, ""epoch"": 1, ""learning_rate"": 0.08824670415916433, ""max_dropout"": 0.17729856920447667, ""max_units"": 64, ""momentum"": 0.17696757463442345, ""num_layers"": 5, ""weight_decay"": 0.025122942356890776}","{""time"": 3.5964818000793457, ""val_accuracy"": 74.61202239990234, ""val_cross_entropy"": 0.4851623773574829, ""val_balanced_accuracy"": 0.6002114415168762, ""test_cross_entropy"": 0.6373717784881592, ""test_balanced_accuracy"": 0.5880199670791626}"
2026-04-14T08:02:25.163122,tpe,lcbench,3945,1,688,22.382789611816406,"{""OpenML_task_id"": ""167104"", ""batch_size"": 17, ""epoch"": 4, ""learning_rate"": 0.08710937341913318, ""max_dropout"": 0.1732360237805354, ""max_units"": 104, ""momentum"": 0.17543629034826325, ""num_layers"": 5, ""weight_decay"": 0.024962887992811794}","{""time"": 22.382789611816406, ""val_accuracy"": 98.50553131103516, ""val_cross_entropy"": 0.24908602237701416, ""val_balanced_accuracy"": 0.678458571434021, ""test_cross_entropy"": 0.47769150137901306, ""test_balanced_accuracy"": 0.6687304377555847}"
2026-04-14T08:02:25.219992,tpe,lcbench,3945,1,689,5.562685012817383,"{""OpenML_task_id"": ""167104"", ""batch_size"": 167, ""epoch"": 2, ""learning_rate"": 0.08901883757237541, ""max_dropout"": 0.19260506432067978, ""max_units"": 82, ""momentum"": 0.17762289617811175, ""num_layers"": 5, ""weight_decay"": 0.023011642552826173}","{""time"": 5.562685012817383, ""val_accuracy"": 92.4735107421875, ""val_cross_entropy"": 0.4351218342781067, ""val_balanced_accuracy"": 0.6447415351867676, ""test_cross_entropy"": 0.6183164715766907, ""test_balanced_accuracy"": 0.6426960825920105}"
2026-04-14T08:02:25.316042,tpe,lcbench,3945,1,690,33.15786361694336,"{""OpenML_task_id"": ""167104"", ""batch_size"": 174, ""epoch"": 30, ""learning_rate"": 0.08965566176516937, ""max_dropout"": 0.1687785668328329, ""max_units"": 65, ""momentum"": 0.19353864339604043, ""num_layers"": 5, ""weight_decay"": 0.02594131530896914}","{""time"": 33.15786361694336, ""val_accuracy"": 98.29082489013672, ""val_cross_entropy"": 0.34702250361442566, ""val_balanced_accuracy"": 0.6681019067764282, ""test_cross_entropy"": 0.5620880126953125, ""test_balanced_accuracy"": 0.6691795587539673}"
2026-04-14T08:02:25.372740,tpe,lcbench,3945,1,691,7.668335914611816,"{""OpenML_task_id"": ""167104"", ""batch_size"": 182, ""epoch"": 3, ""learning_rate"": 0.09108253704903392, ""max_dropout"": 0.20712575761127577, ""max_units"": 97, ""momentum"": 0.18122817921063333, ""num_layers"": 5, ""weight_decay"": 0.022923033596100265}","{""time"": 7.668335914611816, ""val_accuracy"": 95.50724792480469, ""val_cross_entropy"": 0.42007896304130554, ""val_balanced_accuracy"": 0.6841503381729126, ""test_cross_entropy"": 0.604033350944519, ""test_balanced_accuracy"": 0.6850473880767822}"
2026-04-14T08:02:25.425752,tpe,lcbench,3945,1,692,3.800074338912964,"{""OpenML_task_id"": ""167104"", ""batch_size"": 162, ""epoch"": 1, ""learning_rate"": 0.0892028607789542, ""max_dropout"": 0.22468819697410344, ""max_units"": 80, ""momentum"": 0.19932840713355418, ""num_layers"": 5, ""weight_decay"": 0.026186664884366273}","{""time"": 3.800074338912964, ""val_accuracy"": 74.04367065429688, ""val_cross_entropy"": 0.4885554611682892, ""val_balanced_accuracy"": 0.5975784659385681, ""test_cross_entropy"": 0.6380867958068848, ""test_balanced_accuracy"": 0.5856749415397644}"
2026-04-14T08:02:25.482540,tpe,lcbench,3945,1,693,11.376233100891113,"{""OpenML_task_id"": ""167104"", ""batch_size"": 161, ""epoch"": 2, ""learning_rate"": 0.08662058579260928, ""max_dropout"": 0.23831300256506333, ""max_units"": 64, ""momentum"": 0.9729138725002566, ""num_layers"": 5, ""weight_decay"": 0.024500115948860597}","{""time"": 11.376233100891113, ""val_accuracy"": 90.30380249023438, ""val_cross_entropy"": 0.40923789143562317, ""val_balanced_accuracy"": 0.6127877831459045, ""test_cross_entropy"": 0.6092275381088257, ""test_balanced_accuracy"": 0.6020528674125671}"
2026-04-14T08:02:25.547239,tpe,lcbench,3945,1,694,3.6508660316467285,"{""OpenML_task_id"": ""167104"", ""batch_size"": 176, ""epoch"": 1, ""learning_rate"": 0.08720618470671165, ""max_dropout"": 0.1751545074765967, ""max_units"": 64, ""momentum"": 0.1805305635982813, ""num_layers"": 5, ""weight_decay"": 0.026606328892533997}","{""time"": 3.6508660316467285, ""val_accuracy"": 74.58157348632812, ""val_cross_entropy"": 0.4831904172897339, ""val_balanced_accuracy"": 0.6016189455986023, ""test_cross_entropy"": 0.6367262601852417, ""test_balanced_accuracy"": 0.5896349549293518}"
2026-04-14T08:02:25.605684,tpe,lcbench,3945,1,695,8.164767265319824,"{""OpenML_task_id"": ""167104"", ""batch_size"": 181, ""epoch"": 3, ""learning_rate"": 0.08754819384177656, ""max_dropout"": 0.1773383543517457, ""max_units"": 110, ""momentum"": 0.19509499533551353, ""num_layers"": 5, ""weight_decay"": 0.026900343583398392}","{""time"": 8.164767265319824, ""val_accuracy"": 95.42203521728516, ""val_cross_entropy"": 0.4266997277736664, ""val_balanced_accuracy"": 0.6758869886398315, ""test_cross_entropy"": 0.6087321043014526, ""test_balanced_accuracy"": 0.677305281162262}"
2026-04-14T08:02:25.663397,tpe,lcbench,3945,1,696,9.309627532958984,"{""OpenML_task_id"": ""167104"", ""batch_size"": 171, ""epoch"": 1, ""learning_rate"": 0.09369828066347854, ""max_dropout"": 0.16303208405802258, ""max_units"": 142, ""momentum"": 0.1799294566868939, ""num_layers"": 2, ""weight_decay"": 0.02332664070975691}","{""time"": 9.309627532958984, ""val_accuracy"": 44.006107330322266, ""val_cross_entropy"": 0.6731187701225281, ""val_balanced_accuracy"": 0.5225301384925842, ""test_cross_entropy"": 0.675220251083374, ""test_balanced_accuracy"": 0.5379819273948669}"
2026-04-14T08:02:25.722014,tpe,lcbench,3945,1,697,5.908514022827148,"{""OpenML_task_id"": ""167104"", ""batch_size"": 159, ""epoch"": 2, ""learning_rate"": 0.08596720076362604, ""max_dropout"": 0.18997192496935805, ""max_units"": 98, ""momentum"": 0.20579072112393162, ""num_layers"": 5, ""weight_decay"": 0.025614776105499112}","{""time"": 5.908514022827148, ""val_accuracy"": 92.43753051757812, ""val_cross_entropy"": 0.4351156949996948, ""val_balanced_accuracy"": 0.6390607357025146, ""test_cross_entropy"": 0.6184484362602234, ""test_balanced_accuracy"": 0.6368376612663269}"
2026-04-14T08:02:25.773477,tpe,lcbench,3945,1,698,30.95599365234375,"{""OpenML_task_id"": ""167104"", ""batch_size"": 165, ""epoch"": 24, ""learning_rate"": 0.09174196636295569, ""max_dropout"": 0.2603739772678501, ""max_units"": 86, ""momentum"": 0.17083651068570208, ""num_layers"": 5, ""weight_decay"": 0.02745049968737878}","{""time"": 30.95599365234375, ""val_accuracy"": 98.09754180908203, ""val_cross_entropy"": 0.3593505024909973, ""val_balanced_accuracy"": 0.6517309546470642, ""test_cross_entropy"": 0.5732154846191406, ""test_balanced_accuracy"": 0.6535932421684265}"
2026-04-14T08:02:25.840575,tpe,lcbench,3945,1,699,4.394118785858154,"{""OpenML_task_id"": ""167104"", ""batch_size"": 178, ""epoch"": 1, ""learning_rate"": 0.08559471683790039, ""max_dropout"": 0.20284517442895883, ""max_units"": 124, ""momentum"": 0.1961348090448593, ""num_layers"": 5, ""weight_decay"": 0.022253761477435505}","{""time"": 4.394118785858154, ""val_accuracy"": 72.37467956542969, ""val_cross_entropy"": 0.49452370405197144, ""val_balanced_accuracy"": 0.5957984924316406, ""test_cross_entropy"": 0.6402863264083862, ""test_balanced_accuracy"": 0.5843114852905273}"
2026-04-14T08:02:25.904304,tpe,lcbench,3945,1,700,7.407569885253906,"{""OpenML_task_id"": ""167104"", ""batch_size"": 169, ""epoch"": 3, ""learning_rate"": 0.08844516010563754, ""max_dropout"": 0.17212242308812978, ""max_units"": 80, ""momentum"": 0.21433201190212572, ""num_layers"": 5, ""weight_decay"": 0.024745456065812663}","{""time"": 7.407569885253906, ""val_accuracy"": 95.78089141845703, ""val_cross_entropy"": 0.4126546382904053, ""val_balanced_accuracy"": 0.6826916933059692, ""test_cross_entropy"": 0.6028006076812744, ""test_balanced_accuracy"": 0.6832453012466431}"
2026-04-14T08:02:25.960831,tpe,lcbench,3945,1,701,5.902935981750488,"{""OpenML_task_id"": ""167104"", ""batch_size"": 162, ""epoch"": 2, ""learning_rate"": 0.09081845399743922, ""max_dropout"": 0.15622341915672833, ""max_units"": 99, ""momentum"": 0.17593203222609022, ""num_layers"": 5, ""weight_decay"": 0.026942981123530114}","{""time"": 5.902935981750488, ""val_accuracy"": 92.36492156982422, ""val_cross_entropy"": 0.43526262044906616, ""val_balanced_accuracy"": 0.6380376219749451, ""test_cross_entropy"": 0.6188442707061768, ""test_balanced_accuracy"": 0.6358641982078552}"
2026-04-14T08:02:26.022119,tpe,lcbench,3945,1,702,10.0933198928833,"{""OpenML_task_id"": ""167104"", ""batch_size"": 157, ""epoch"": 5, ""learning_rate"": 0.08840431435488673, ""max_dropout"": 0.2182797653238806, ""max_units"": 65, ""momentum"": 0.20604016040799558, ""num_layers"": 5, ""weight_decay"": 0.026949011892177445}","{""time"": 10.0933198928833, ""val_accuracy"": 97.19499969482422, ""val_cross_entropy"": 0.3886409103870392, ""val_balanced_accuracy"": 0.6775830984115601, ""test_cross_entropy"": 0.596278190612793, ""test_balanced_accuracy"": 0.6792199611663818}"
2026-04-14T08:02:26.085085,tpe,lcbench,3945,1,703,3.8335416316986084,"{""OpenML_task_id"": ""167104"", ""batch_size"": 183, ""epoch"": 1, ""learning_rate"": 0.08666027129645248, ""max_dropout"": 0.2882697375475458, ""max_units"": 64, ""momentum"": 0.1924127076077627, ""num_layers"": 5, ""weight_decay"": 0.024261077945498363}","{""time"": 3.8335416316986084, ""val_accuracy"": 73.89228820800781, ""val_cross_entropy"": 0.48145174980163574, ""val_balanced_accuracy"": 0.5989706516265869, ""test_cross_entropy"": 0.6385529041290283, ""test_balanced_accuracy"": 0.5876768231391907}"
2026-04-14T08:02:26.147120,tpe,lcbench,3945,1,704,3.6634163856506348,"{""OpenML_task_id"": ""167104"", ""batch_size"": 173, ""epoch"": 1, ""learning_rate"": 0.08553345535630602, ""max_dropout"": 0.18689676894432014, ""max_units"": 64, ""momentum"": 0.21498531353458172, ""num_layers"": 5, ""weight_decay"": 0.026750127503243983}","{""time"": 3.6634163856506348, ""val_accuracy"": 74.56393432617188, ""val_cross_entropy"": 0.485556960105896, ""val_balanced_accuracy"": 0.6008505821228027, ""test_cross_entropy"": 0.6370847225189209, ""test_balanced_accuracy"": 0.5886977314949036}"
2026-04-14T08:02:26.213293,tpe,lcbench,3945,1,705,18.942630767822266,"{""OpenML_task_id"": ""167104"", ""batch_size"": 156, ""epoch"": 11, ""learning_rate"": 0.08406048356962795, ""max_dropout"": 0.1873958530597918, ""max_units"": 94, ""momentum"": 0.17175565785064167, ""num_layers"": 5, ""weight_decay"": 0.027902821885389423}","{""time"": 18.942630767822266, ""val_accuracy"": 97.8553466796875, ""val_cross_entropy"": 0.37010011076927185, ""val_balanced_accuracy"": 0.6729105114936829, ""test_cross_entropy"": 0.5808883309364319, ""test_balanced_accuracy"": 0.67460036277771}"
2026-04-14T08:02:26.272298,tpe,lcbench,3945,1,706,38.060821533203125,"{""OpenML_task_id"": ""167104"", ""batch_size"": 171, ""epoch"": 28, ""learning_rate"": 0.08521454507538681, ""max_dropout"": 0.16060448892591794, ""max_units"": 113, ""momentum"": 0.22055420548226098, ""num_layers"": 5, ""weight_decay"": 0.027156139753734418}","{""time"": 38.060821533203125, ""val_accuracy"": 98.16903686523438, ""val_cross_entropy"": 0.35531309247016907, ""val_balanced_accuracy"": 0.6676025390625, ""test_cross_entropy"": 0.564355731010437, ""test_balanced_accuracy"": 0.668725311756134}"
2026-04-14T08:02:26.329429,tpe,lcbench,3945,1,707,7.435459136962891,"{""OpenML_task_id"": ""167104"", ""batch_size"": 155, ""epoch"": 3, ""learning_rate"": 0.08702667143047785, ""max_dropout"": 0.20153936515058965, ""max_units"": 83, ""momentum"": 0.19014668679938745, ""num_layers"": 5, ""weight_decay"": 0.02645620792823753}","{""time"": 7.435459136962891, ""val_accuracy"": 95.89971160888672, ""val_cross_entropy"": 0.41046279668807983, ""val_balanced_accuracy"": 0.6741219162940979, ""test_cross_entropy"": 0.6042909622192383, ""test_balanced_accuracy"": 0.675048291683197}"
2026-04-14T08:02:26.389489,tpe,lcbench,3945,1,708,8.633309364318848,"{""OpenML_task_id"": ""189905"", ""batch_size"": 160, ""epoch"": 4, ""learning_rate"": 0.08464165262040552, ""max_dropout"": 0.1429317758562453, ""max_units"": 81, ""momentum"": 0.2188156831674563, ""num_layers"": 5, ""weight_decay"": 0.022406508688319515}","{""time"": 8.633309364318848, ""val_accuracy"": 96.69427490234375, ""val_cross_entropy"": 0.39211004972457886, ""val_balanced_accuracy"": 0.6988652348518372, ""test_cross_entropy"": 0.5896596312522888, ""test_balanced_accuracy"": 0.6985134482383728}"
2026-04-14T08:02:26.450259,tpe,lcbench,3945,1,709,4.049684524536133,"{""OpenML_task_id"": ""167104"", ""batch_size"": 170, ""epoch"": 1, ""learning_rate"": 0.08372854080526686, ""max_dropout"": 0.17396780628524006, ""max_units"": 105, ""momentum"": 0.22685060532742454, ""num_layers"": 5, ""weight_decay"": 0.02810153745905679}","{""time"": 4.049684524536133, ""val_accuracy"": 73.59578704833984, ""val_cross_entropy"": 0.4924510717391968, ""val_balanced_accuracy"": 0.5981486439704895, ""test_cross_entropy"": 0.6377323865890503, ""test_balanced_accuracy"": 0.5862326622009277}"
2026-04-14T08:02:26.515731,tpe,lcbench,3945,1,710,5.591969013214111,"{""OpenML_task_id"": ""168330"", ""batch_size"": 154, ""epoch"": 2, ""learning_rate"": 0.08461708663082997, ""max_dropout"": 0.19257686893527381, ""max_units"": 80, ""momentum"": 0.16987214253714278, ""num_layers"": 5, ""weight_decay"": 0.025036411538910806}","{""time"": 5.591969013214111, ""val_accuracy"": 92.65040588378906, ""val_cross_entropy"": 0.4298862814903259, ""val_balanced_accuracy"": 0.6365789771080017, ""test_cross_entropy"": 0.6178622245788574, ""test_balanced_accuracy"": 0.6341128945350647}"
2026-04-14T08:02:26.579751,tpe,lcbench,3945,1,711,7.871928691864014,"{""OpenML_task_id"": ""3945"", ""batch_size"": 286, ""epoch"": 2, ""learning_rate"": 0.0866913802966295, ""max_dropout"": 0.21407675838818288, ""max_units"": 64, ""momentum"": 0.19995938385633197, ""num_layers"": 5, ""weight_decay"": 0.027539189091808185}","{""time"": 7.871928691864014, ""val_accuracy"": 89.23572540283203, ""val_cross_entropy"": 0.46800780296325684, ""val_balanced_accuracy"": 0.6295923590660095, ""test_cross_entropy"": 0.6348201632499695, ""test_balanced_accuracy"": 0.6259534955024719}"
2026-04-14T08:02:26.646823,tpe,lcbench,3945,1,712,4.316028594970703,"{""OpenML_task_id"": ""146212"", ""batch_size"": 163, ""epoch"": 1, ""learning_rate"": 0.08815035830189759, ""max_dropout"": 0.15609166526697993, ""max_units"": 134, ""momentum"": 0.2132356899135593, ""num_layers"": 5, ""weight_decay"": 0.02582478411088606}","{""time"": 4.316028594970703, ""val_accuracy"": 72.87501525878906, ""val_cross_entropy"": 0.4985487759113312, ""val_balanced_accuracy"": 0.5951147675514221, ""test_cross_entropy"": 0.6389812231063843, ""test_balanced_accuracy"": 0.5833538174629211}"
2026-04-14T08:02:26.705442,tpe,lcbench,3945,1,713,9.38353443145752,"{""OpenML_task_id"": ""168908"", ""batch_size"": 145, ""epoch"": 3, ""learning_rate"": 0.08611516364313031, ""max_dropout"": 0.18660286325841585, ""max_units"": 95, ""momentum"": 0.1903512835154946, ""num_layers"": 5, ""weight_decay"": 0.04334802887995322}","{""time"": 9.38353443145752, ""val_accuracy"": 95.36490631103516, ""val_cross_entropy"": 0.4123668968677521, ""val_balanced_accuracy"": 0.6192571520805359, ""test_cross_entropy"": 0.6155136823654175, ""test_balanced_accuracy"": 0.6198373436927795}"
2026-04-14T08:02:26.756784,tpe,lcbench,3945,1,714,18.573097229003906,"{""OpenML_task_id"": ""168329"", ""batch_size"": 172, ""epoch"": 10, ""learning_rate"": 0.08822185015367087, ""max_dropout"": 0.21615271823997556, ""max_units"": 112, ""momentum"": 0.23772658937555796, ""num_layers"": 5, ""weight_decay"": 0.022890237579076208}","{""time"": 18.573097229003906, ""val_accuracy"": 97.64801788330078, ""val_cross_entropy"": 0.35560286045074463, ""val_balanced_accuracy"": 0.7121721506118774, ""test_cross_entropy"": 0.5629005432128906, ""test_balanced_accuracy"": 0.7120322585105896}"
2026-04-14T08:02:26.822096,tpe,lcbench,3945,1,715,4.0887298583984375,"{""OpenML_task_id"": ""167104"", ""batch_size"": 156, ""epoch"": 1, ""learning_rate"": 0.0825826307305948, ""max_dropout"": 0.13914746110545567, ""max_units"": 64, ""momentum"": 0.17263650087636587, ""num_layers"": 5, ""weight_decay"": 0.07644359527246275}","{""time"": 4.0887298583984375, ""val_accuracy"": 77.0447998046875, ""val_cross_entropy"": 0.48811668157577515, ""val_balanced_accuracy"": 0.6059779524803162, ""test_cross_entropy"": 0.6359085440635681, ""test_balanced_accuracy"": 0.594658613204956}"
2026-04-14T08:02:26.879808,tpe,lcbench,3945,1,716,39.6895637512207,"{""OpenML_task_id"": ""168910"", ""batch_size"": 183, ""epoch"": 2, ""learning_rate"": 0.0839752104747247, ""max_dropout"": 0.9585060221716277, ""max_units"": 877, ""momentum"": 0.22187775195378098, ""num_layers"": 5, ""weight_decay"": 0.02624626397262686}","{""time"": 39.6895637512207, ""val_accuracy"": 74.59366607666016, ""val_cross_entropy"": 0.5304359197616577, ""val_balanced_accuracy"": 0.5973950028419495, ""test_cross_entropy"": 0.6327125430107117, ""test_balanced_accuracy"": 0.5924205183982849}"
2026-04-14T08:02:26.938794,tpe,lcbench,3945,1,717,7.49960470199585,"{""OpenML_task_id"": ""189354"", ""batch_size"": 143, ""epoch"": 3, ""learning_rate"": 0.08596004806362922, ""max_dropout"": 0.1784705218747311, ""max_units"": 82, ""momentum"": 0.20061497791001226, ""num_layers"": 5, ""weight_decay"": 0.028574404262206306}","{""time"": 7.49960470199585, ""val_accuracy"": 96.0608139038086, ""val_cross_entropy"": 0.4052683115005493, ""val_balanced_accuracy"": 0.667564332485199, ""test_cross_entropy"": 0.6033080816268921, ""test_balanced_accuracy"": 0.6683287620544434}"
2026-04-14T08:02:26.995708,tpe,lcbench,3945,1,718,4.017611980438232,"{""OpenML_task_id"": ""189905"", ""batch_size"": 165, ""epoch"": 1, ""learning_rate"": 0.0828790248948566, ""max_dropout"": 0.23540281707980396, ""max_units"": 96, ""momentum"": 0.23245151622705346, ""num_layers"": 5, ""weight_decay"": 0.024250044466217573}","{""time"": 4.017611980438232, ""val_accuracy"": 73.40848541259766, ""val_cross_entropy"": 0.4919793903827667, ""val_balanced_accuracy"": 0.5964056253433228, ""test_cross_entropy"": 0.6390693187713623, ""test_balanced_accuracy"": 0.5845076441764832}"
2026-04-14T08:02:27.058250,tpe,lcbench,3945,1,719,120.49356079101562,"{""OpenML_task_id"": ""167104"", ""batch_size"": 154, ""epoch"": 44, ""learning_rate"": 0.08502485028280057, ""max_dropout"": 0.25821383475131976, ""max_units"": 64, ""momentum"": 0.8091500469611357, ""num_layers"": 5, ""weight_decay"": 0.04079341979321545}","{""time"": 120.49356079101562, ""val_accuracy"": 97.6781997680664, ""val_cross_entropy"": 0.4374154210090637, ""val_balanced_accuracy"": 0.5459153652191162, ""test_cross_entropy"": 0.6250724196434021, ""test_balanced_accuracy"": 0.552566409111023}"
2026-04-14T08:02:27.122405,tpe,lcbench,3945,1,720,8.956826210021973,"{""OpenML_task_id"": ""167104"", ""batch_size"": 129, ""epoch"": 4, ""learning_rate"": 0.08224118842991687, ""max_dropout"": 0.2010189731332337, ""max_units"": 83, ""momentum"": 0.18089655519167508, ""num_layers"": 5, ""weight_decay"": 0.028828541735162718}","{""time"": 8.956826210021973, ""val_accuracy"": 96.9813003540039, ""val_cross_entropy"": 0.38992640376091003, ""val_balanced_accuracy"": 0.6645674109458923, ""test_cross_entropy"": 0.5959203243255615, ""test_balanced_accuracy"": 0.6659111380577087}"
2026-04-14T08:02:27.173856,tpe,lcbench,3945,1,721,6.093978404998779,"{""OpenML_task_id"": ""167184"", ""batch_size"": 175, ""epoch"": 2, ""learning_rate"": 0.08233783836559534, ""max_dropout"": 0.15696868942605402, ""max_units"": 120, ""momentum"": 0.21140934702364772, ""num_layers"": 5, ""weight_decay"": 0.022126277805236474}","{""time"": 6.093978404998779, ""val_accuracy"": 92.02588653564453, ""val_cross_entropy"": 0.44587352871894836, ""val_balanced_accuracy"": 0.6525630950927734, ""test_cross_entropy"": 0.6179052591323853, ""test_balanced_accuracy"": 0.6507471799850464}"
2026-04-14T08:02:27.238779,tpe,lcbench,3945,1,722,3.7917075157165527,"{""OpenML_task_id"": ""167168"", ""batch_size"": 110, ""epoch"": 1, ""learning_rate"": 0.08942566079721044, ""max_dropout"": 0.21606959394537018, ""max_units"": 64, ""momentum"": 0.23944307237526158, ""num_layers"": 5, ""weight_decay"": 0.02582618590648215}","{""time"": 3.7917075157165527, ""val_accuracy"": 74.64575958251953, ""val_cross_entropy"": 0.500248372554779, ""val_balanced_accuracy"": 0.5873339772224426, ""test_cross_entropy"": 0.6413875818252563, ""test_balanced_accuracy"": 0.5729978680610657}"
2026-04-14T08:02:27.304283,tpe,lcbench,3945,1,723,5.9838151931762695,"{""OpenML_task_id"": ""167104"", ""batch_size"": 138, ""epoch"": 2, ""learning_rate"": 0.08352010069010413, ""max_dropout"": 0.17374566065844893, ""max_units"": 97, ""momentum"": 0.19306032052110356, ""num_layers"": 5, ""weight_decay"": 0.028192091814831288}","{""time"": 5.9838151931762695, ""val_accuracy"": 92.81277465820312, ""val_cross_entropy"": 0.425927996635437, ""val_balanced_accuracy"": 0.6269643902778625, ""test_cross_entropy"": 0.6159487366676331, ""test_balanced_accuracy"": 0.6242890357971191}"
2026-04-14T08:02:27.361210,tpe,lcbench,3945,1,724,7.381074905395508,"{""OpenML_task_id"": ""189865"", ""batch_size"": 155, ""epoch"": 3, ""learning_rate"": 0.08615581282790581, ""max_dropout"": 0.24831298640657484, ""max_units"": 81, ""momentum"": 0.21978717539105722, ""num_layers"": 5, ""weight_decay"": 0.02462400135276549}","{""time"": 7.381074905395508, ""val_accuracy"": 95.91471099853516, ""val_cross_entropy"": 0.40794724225997925, ""val_balanced_accuracy"": 0.6774796843528748, ""test_cross_entropy"": 0.6027655601501465, ""test_balanced_accuracy"": 0.6781648993492126}"
2026-04-14T08:02:27.422422,tpe,lcbench,3945,1,725,12.915728569030762,"{""OpenML_task_id"": ""189905"", ""batch_size"": 123, ""epoch"": 6, ""learning_rate"": 0.08789713324744382, ""max_dropout"": 0.2733277333649039, ""max_units"": 110, ""momentum"": 0.17069693009669804, ""num_layers"": 5, ""weight_decay"": 0.026956297222339907}","{""time"": 12.915728569030762, ""val_accuracy"": 97.4582290649414, ""val_cross_entropy"": 0.3715284466743469, ""val_balanced_accuracy"": 0.6723973155021667, ""test_cross_entropy"": 0.5798890590667725, ""test_balanced_accuracy"": 0.6731697916984558}"
2026-04-14T08:02:27.480189,tpe,lcbench,3945,1,726,3.618793249130249,"{""OpenML_task_id"": ""167104"", ""batch_size"": 165, ""epoch"": 1, ""learning_rate"": 0.08498649175904349, ""max_dropout"": 0.19491174057163085, ""max_units"": 64, ""momentum"": 0.20456550868151513, ""num_layers"": 5, ""weight_decay"": 0.029367073193556997}","{""time"": 3.618793249130249, ""val_accuracy"": 74.76316833496094, ""val_cross_entropy"": 0.48540693521499634, ""val_balanced_accuracy"": 0.60005122423172, ""test_cross_entropy"": 0.6366986036300659, ""test_balanced_accuracy"": 0.5879122614860535}"
2026-04-14T08:02:27.549345,tpe,lcbench,3945,1,727,6.013099193572998,"{""OpenML_task_id"": ""167104"", ""batch_size"": 186, ""epoch"": 2, ""learning_rate"": 0.08585449390791237, ""max_dropout"": 0.1904840344853393, ""max_units"": 64, ""momentum"": 0.23952308450495852, ""num_layers"": 5, ""weight_decay"": 0.02891698362869497}","{""time"": 6.013099193572998, ""val_accuracy"": 91.80603790283203, ""val_cross_entropy"": 0.43674543499946594, ""val_balanced_accuracy"": 0.6302616000175476, ""test_cross_entropy"": 0.6233092546463013, ""test_balanced_accuracy"": 0.6271282434463501}"
2026-04-14T08:02:27.622475,tpe,lcbench,3945,1,728,18.114315032958984,"{""OpenML_task_id"": ""167104"", ""batch_size"": 166, ""epoch"": 1, ""learning_rate"": 0.08419716762572038, ""max_dropout"": 0.14024117997523444, ""max_units"": 750, ""momentum"": 0.2150844083445772, ""num_layers"": 5, ""weight_decay"": 0.02953313054869865}","{""time"": 18.114315032958984, ""val_accuracy"": 61.31801223754883, ""val_cross_entropy"": 0.5484505891799927, ""val_balanced_accuracy"": 0.5396787524223328, ""test_cross_entropy"": 0.6609961986541748, ""test_balanced_accuracy"": 0.5331563353538513}"
2026-04-14T08:02:27.686451,tpe,lcbench,3945,1,729,7.427092552185059,"{""OpenML_task_id"": ""167104"", ""batch_size"": 173, ""epoch"": 3, ""learning_rate"": 0.08820907241970827, ""max_dropout"": 0.1490987743516089, ""max_units"": 64, ""momentum"": 0.20671847532515644, ""num_layers"": 5, ""weight_decay"": 0.027527284100264823}","{""time"": 7.427092552185059, ""val_accuracy"": 95.76773834228516, ""val_cross_entropy"": 0.41525134444236755, ""val_balanced_accuracy"": 0.6754347085952759, ""test_cross_entropy"": 0.6071939468383789, ""test_balanced_accuracy"": 0.6762970685958862}"
2026-04-14T08:02:27.748955,tpe,lcbench,3945,1,730,14.672761917114258,"{""OpenML_task_id"": ""167104"", ""batch_size"": 176, ""epoch"": 4, ""learning_rate"": 0.08531051839986052, ""max_dropout"": 0.16758587266403735, ""max_units"": 96, ""momentum"": 0.2287330985252678, ""num_layers"": 5, ""weight_decay"": 0.06350478603401025}","{""time"": 14.672761917114258, ""val_accuracy"": 95.74143981933594, ""val_cross_entropy"": 0.4268435835838318, ""val_balanced_accuracy"": 0.6143478155136108, ""test_cross_entropy"": 0.6223303079605103, ""test_balanced_accuracy"": 0.6165335178375244}"
2026-04-14T08:02:27.813821,tpe,lcbench,3945,1,731,9.329150199890137,"{""OpenML_task_id"": ""189873"", ""batch_size"": 185, ""epoch"": 1, ""learning_rate"": 0.08311990523678565, ""max_dropout"": 0.19889750647690824, ""max_units"": 86, ""momentum"": 0.24148028946073147, ""num_layers"": 4, ""weight_decay"": 0.02613958263503809}","{""time"": 9.329150199890137, ""val_accuracy"": 46.837646484375, ""val_cross_entropy"": 0.6564419865608215, ""val_balanced_accuracy"": 0.49911266565322876, ""test_cross_entropy"": 0.6696373224258423, ""test_balanced_accuracy"": 0.4943263530731201}"
2026-04-14T08:02:27.872109,tpe,lcbench,3945,1,732,7.337846279144287,"{""OpenML_task_id"": ""167104"", ""batch_size"": 162, ""epoch"": 2, ""learning_rate"": 0.08994729960092264, ""max_dropout"": 0.1823682006891481, ""max_units"": 64, ""momentum"": 0.6504010904132382, ""num_layers"": 5, ""weight_decay"": 0.022851283293591883}","{""time"": 7.337846279144287, ""val_accuracy"": 92.4869155883789, ""val_cross_entropy"": 0.41058918833732605, ""val_balanced_accuracy"": 0.6528543829917908, ""test_cross_entropy"": 0.6043111681938171, ""test_balanced_accuracy"": 0.6466578841209412}"
2026-04-14T08:02:27.938237,tpe,lcbench,3945,1,733,7.6753082275390625,"{""OpenML_task_id"": ""167104"", ""batch_size"": 166, ""epoch"": 1, ""learning_rate"": 0.08703182971335353, ""max_dropout"": 0.2066022788461244, ""max_units"": 346, ""momentum"": 0.20406430759319447, ""num_layers"": 5, ""weight_decay"": 0.029804622424233807}","{""time"": 7.6753082275390625, ""val_accuracy"": 67.89887237548828, ""val_cross_entropy"": 0.5269420742988586, ""val_balanced_accuracy"": 0.574276864528656, ""test_cross_entropy"": 0.646399199962616, ""test_balanced_accuracy"": 0.5654910802841187}"
2026-04-14T08:02:27.997424,tpe,lcbench,3945,1,734,10.234161376953125,"{""OpenML_task_id"": ""167161"", ""batch_size"": 146, ""epoch"": 5, ""learning_rate"": 0.08215589290370459, ""max_dropout"": 0.166234415739233, ""max_units"": 81, ""momentum"": 0.22435133531663207, ""num_layers"": 5, ""weight_decay"": 0.024228296746648472}","{""time"": 10.234161376953125, ""val_accuracy"": 97.25916290283203, ""val_cross_entropy"": 0.3805486261844635, ""val_balanced_accuracy"": 0.6954558491706848, ""test_cross_entropy"": 0.584592342376709, ""test_balanced_accuracy"": 0.6952807307243347}"
2026-04-14T08:02:28.051058,tpe,lcbench,3945,1,735,8.05878734588623,"{""OpenML_task_id"": ""7593"", ""batch_size"": 178, ""epoch"": 3, ""learning_rate"": 0.08436939625721185, ""max_dropout"": 0.22150994438332416, ""max_units"": 94, ""momentum"": 0.24371748607309543, ""num_layers"": 5, ""weight_decay"": 0.02740060303583655}","{""time"": 8.05878734588623, ""val_accuracy"": 95.52619934082031, ""val_cross_entropy"": 0.42318639159202576, ""val_balanced_accuracy"": 0.6729733943939209, ""test_cross_entropy"": 0.6103875041007996, ""test_balanced_accuracy"": 0.6743379235267639}"
2026-04-14T08:02:28.116129,tpe,lcbench,3945,1,736,5.490172863006592,"{""OpenML_task_id"": ""167104"", ""batch_size"": 134, ""epoch"": 2, ""learning_rate"": 0.09221106973162234, ""max_dropout"": 0.12638790000567868, ""max_units"": 83, ""momentum"": 0.1888055716210795, ""num_layers"": 5, ""weight_decay"": 0.025307181713293048}","{""time"": 5.490172863006592, ""val_accuracy"": 93.25711059570312, ""val_cross_entropy"": 0.4194274842739105, ""val_balanced_accuracy"": 0.6367756724357605, ""test_cross_entropy"": 0.6107951402664185, ""test_balanced_accuracy"": 0.6340923309326172}"
2026-04-14T08:02:28.157185,tpe,lcbench,3945,1,737,69.90216827392578,"{""OpenML_task_id"": ""126026"", ""batch_size"": 159, ""epoch"": 17, ""learning_rate"": 0.08102472156708607, ""max_dropout"": 0.1852798210566261, ""max_units"": 126, ""momentum"": 0.57919683719195, ""num_layers"": 5, ""weight_decay"": 0.06690988145802038}","{""time"": 69.90216827392578, ""val_accuracy"": 97.0771713256836, ""val_cross_entropy"": 0.4154054820537567, ""val_balanced_accuracy"": 0.5817715525627136, ""test_cross_entropy"": 0.6201416850090027, ""test_balanced_accuracy"": 0.5839393734931946}"
2026-04-14T08:02:28.223173,tpe,lcbench,3945,1,738,3.6369214057922363,"{""OpenML_task_id"": ""167168"", ""batch_size"": 119, ""epoch"": 1, ""learning_rate"": 0.08769883533048616, ""max_dropout"": 0.1562307994790896, ""max_units"": 64, ""momentum"": 0.20555367469507585, ""num_layers"": 5, ""weight_decay"": 0.0293481333095479}","{""time"": 3.6369214057922363, ""val_accuracy"": 75.26020050048828, ""val_cross_entropy"": 0.49584314227104187, ""val_balanced_accuracy"": 0.5918716192245483, ""test_cross_entropy"": 0.6395541429519653, ""test_balanced_accuracy"": 0.5782623887062073}"
2026-04-14T08:02:28.279739,tpe,lcbench,3945,1,739,6.802369594573975,"{""OpenML_task_id"": ""168868"", ""batch_size"": 97, ""epoch"": 2, ""learning_rate"": 0.09083077231497905, ""max_dropout"": 0.14396280506824669, ""max_units"": 106, ""momentum"": 0.17621645127085875, ""num_layers"": 5, ""weight_decay"": 0.02905317242650502}","{""time"": 6.802369594573975, ""val_accuracy"": 93.91470336914062, ""val_cross_entropy"": 0.39881402254104614, ""val_balanced_accuracy"": 0.6116049885749817, ""test_cross_entropy"": 0.6010445356369019, ""test_balanced_accuracy"": 0.6076874732971191}"
2026-04-14T08:02:28.353240,tpe,lcbench,3945,1,740,3.8446974754333496,"{""OpenML_task_id"": ""167168"", ""batch_size"": 116, ""epoch"": 1, ""learning_rate"": 0.08906820085164958, ""max_dropout"": 0.14981459259804394, ""max_units"": 81, ""momentum"": 0.20063299374508353, ""num_layers"": 5, ""weight_decay"": 0.030639850104622304}","{""time"": 3.8446974754333496, ""val_accuracy"": 74.86033630371094, ""val_cross_entropy"": 0.49980244040489197, ""val_balanced_accuracy"": 0.5898351669311523, ""test_cross_entropy"": 0.6398005485534668, ""test_balanced_accuracy"": 0.5762661695480347}"
2026-04-14T08:02:28.413153,tpe,lcbench,3945,1,741,8.868974685668945,"{""OpenML_task_id"": ""167168"", ""batch_size"": 82, ""epoch"": 3, ""learning_rate"": 0.09289294409208296, ""max_dropout"": 0.16550374999555134, ""max_units"": 99, ""momentum"": 0.2108931318903102, ""num_layers"": 5, ""weight_decay"": 0.030031145824608703}","{""time"": 8.868974685668945, ""val_accuracy"": 96.78800964355469, ""val_cross_entropy"": 0.354857861995697, ""val_balanced_accuracy"": 0.6349492073059082, ""test_cross_entropy"": 0.5745444297790527, ""test_balanced_accuracy"": 0.6313034892082214}"
2026-04-14T08:02:28.472255,tpe,lcbench,3945,1,742,10.69852066040039,"{""OpenML_task_id"": ""168910"", ""batch_size"": 106, ""epoch"": 4, ""learning_rate"": 0.0869563748289571, ""max_dropout"": 0.17450386457063116, ""max_units"": 157, ""momentum"": 0.1665565330779243, ""num_layers"": 5, ""weight_decay"": 0.02773786858378068}","{""time"": 10.69852066040039, ""val_accuracy"": 97.01201629638672, ""val_cross_entropy"": 0.3794768452644348, ""val_balanced_accuracy"": 0.6700556874275208, ""test_cross_entropy"": 0.5775234699249268, ""test_balanced_accuracy"": 0.6691897511482239}"
2026-04-14T08:02:28.538904,tpe,lcbench,3945,1,743,5.958714962005615,"{""OpenML_task_id"": ""168331"", ""batch_size"": 118, ""epoch"": 2, ""learning_rate"": 0.08783791042602039, ""max_dropout"": 0.1318824771073223, ""max_units"": 64, ""momentum"": 0.19096345565214892, ""num_layers"": 5, ""weight_decay"": 0.030376415849186746}","{""time"": 5.958714962005615, ""val_accuracy"": 93.54463958740234, ""val_cross_entropy"": 0.4097948670387268, ""val_balanced_accuracy"": 0.6189820170402527, ""test_cross_entropy"": 0.6104753017425537, ""test_balanced_accuracy"": 0.6154162287712097}"
2026-04-14T08:02:28.600732,tpe,lcbench,3945,1,744,4.229571342468262,"{""OpenML_task_id"": ""167168"", ""batch_size"": 111, ""epoch"": 1, ""learning_rate"": 0.08564922230763174, ""max_dropout"": 0.14883283884196333, ""max_units"": 82, ""momentum"": 0.218221940229018, ""num_layers"": 5, ""weight_decay"": 0.05312940969518542}","{""time"": 4.229571342468262, ""val_accuracy"": 75.28733825683594, ""val_cross_entropy"": 0.5131353735923767, ""val_balanced_accuracy"": 0.5876320004463196, ""test_cross_entropy"": 0.6388841271400452, ""test_balanced_accuracy"": 0.5738006234169006}"
2026-04-14T08:02:28.657528,tpe,lcbench,3945,1,745,3.681544303894043,"{""OpenML_task_id"": ""167168"", ""batch_size"": 125, ""epoch"": 1, ""learning_rate"": 0.08974933612344879, ""max_dropout"": 0.19479041568311364, ""max_units"": 64, ""momentum"": 0.19880751932406276, ""num_layers"": 5, ""weight_decay"": 0.022017386070514816}","{""time"": 3.681544303894043, ""val_accuracy"": 74.58299255371094, ""val_cross_entropy"": 0.4930059611797333, ""val_balanced_accuracy"": 0.5927030444145203, ""test_cross_entropy"": 0.6407159566879272, ""test_balanced_accuracy"": 0.5792127847671509}"
2026-04-14T08:02:28.722105,tpe,lcbench,3945,1,746,8.38090991973877,"{""OpenML_task_id"": ""167168"", ""batch_size"": 109, ""epoch"": 2, ""learning_rate"": 0.08842463966370305, ""max_dropout"": 0.6220974882069433, ""max_units"": 114, ""momentum"": 0.18300499005082066, ""num_layers"": 5, ""weight_decay"": 0.04524659032181704}","{""time"": 8.38090991973877, ""val_accuracy"": 92.90416717529297, ""val_cross_entropy"": 0.39908841252326965, ""val_balanced_accuracy"": 0.6145681142807007, ""test_cross_entropy"": 0.6077624559402466, ""test_balanced_accuracy"": 0.6110091209411621}"
2026-04-14T08:02:28.786215,tpe,lcbench,3945,1,747,799.6243896484375,"{""OpenML_task_id"": ""167168"", ""batch_size"": 92, ""epoch"": 47, ""learning_rate"": 0.0907524560882276, ""max_dropout"": 0.19344568836247372, ""max_units"": 677, ""momentum"": 0.1667568448638239, ""num_layers"": 5, ""weight_decay"": 0.02158596631897399}","{""time"": 799.6243896484375, ""val_accuracy"": 96.72599792480469, ""val_cross_entropy"": 0.32870057225227356, ""val_balanced_accuracy"": 0.7832624316215515, ""test_cross_entropy"": 0.48494434356689453, ""test_balanced_accuracy"": 0.7805228233337402}"
2026-04-14T08:02:28.846329,tpe,lcbench,3945,1,748,11.334399223327637,"{""OpenML_task_id"": ""189905"", ""batch_size"": 129, ""epoch"": 3, ""learning_rate"": 0.08984636436497867, ""max_dropout"": 0.8870310780848435, ""max_units"": 96, ""momentum"": 0.19897774052743214, ""num_layers"": 5, ""weight_decay"": 0.02195070304853911}","{""time"": 11.334399223327637, ""val_accuracy"": 95.33216857910156, ""val_cross_entropy"": 0.36856386065483093, ""val_balanced_accuracy"": 0.6562790274620056, ""test_cross_entropy"": 0.5766142010688782, ""test_balanced_accuracy"": 0.6559973955154419}"
2026-04-14T08:02:28.905781,tpe,lcbench,3945,1,749,11.94517707824707,"{""OpenML_task_id"": ""167168"", ""batch_size"": 124, ""epoch"": 1, ""learning_rate"": 0.09248378654103341, ""max_dropout"": 0.1755821898846587, ""max_units"": 83, ""momentum"": 0.18945519319833307, ""num_layers"": 3, ""weight_decay"": 0.023578445445043957}","{""time"": 11.94517707824707, ""val_accuracy"": 41.84333419799805, ""val_cross_entropy"": 0.717064619064331, ""val_balanced_accuracy"": 0.48619958758354187, ""test_cross_entropy"": 0.6837643384933472, ""test_balanced_accuracy"": 0.49052345752716064}"
2026-04-14T08:02:28.972361,tpe,lcbench,3945,1,750,17.463096618652344,"{""OpenML_task_id"": ""167168"", ""batch_size"": 117, ""epoch"": 8, ""learning_rate"": 0.09445461609921929, ""max_dropout"": 0.201614479762381, ""max_units"": 131, ""momentum"": 0.20713380629795844, ""num_layers"": 5, ""weight_decay"": 0.02202354866902731}","{""time"": 17.463096618652344, ""val_accuracy"": 97.7203140258789, ""val_cross_entropy"": 0.33956220746040344, ""val_balanced_accuracy"": 0.7148722410202026, ""test_cross_entropy"": 0.54185950756073, ""test_balanced_accuracy"": 0.7127361297607422}"
2026-04-14T08:02:29.034092,tpe,lcbench,3945,1,751,7.097997188568115,"{""OpenML_task_id"": ""167168"", ""batch_size"": 108, ""epoch"": 2, ""learning_rate"": 0.08710993219846491, ""max_dropout"": 0.16246261322173555, ""max_units"": 64, ""momentum"": 0.17451462812128946, ""num_layers"": 5, ""weight_decay"": 0.042438310268412216}","{""time"": 7.097997188568115, ""val_accuracy"": 93.33148956298828, ""val_cross_entropy"": 0.4149009585380554, ""val_balanced_accuracy"": 0.6095820069313049, ""test_cross_entropy"": 0.6125533580780029, ""test_balanced_accuracy"": 0.6050840020179749}"
2026-04-14T08:02:29.095500,tpe,lcbench,3945,1,752,7.547016620635986,"{""OpenML_task_id"": ""167168"", ""batch_size"": 100, ""epoch"": 3, ""learning_rate"": 0.08938220924127546, ""max_dropout"": 0.11851819429184891, ""max_units"": 96, ""momentum"": 0.21968927486156584, ""num_layers"": 5, ""weight_decay"": 0.023688736321516406}","{""time"": 7.547016620635986, ""val_accuracy"": 96.72157287597656, ""val_cross_entropy"": 0.36736875772476196, ""val_balanced_accuracy"": 0.6793663501739502, ""test_cross_entropy"": 0.5696335434913635, ""test_balanced_accuracy"": 0.6758548021316528}"
2026-04-14T08:02:29.157730,tpe,lcbench,3945,1,753,8.708610534667969,"{""OpenML_task_id"": ""167168"", ""batch_size"": 122, ""epoch"": 1, ""learning_rate"": 0.08735080282252661, ""max_dropout"": 0.18438958406100692, ""max_units"": 79, ""momentum"": 0.1986810199532764, ""num_layers"": 2, ""weight_decay"": 0.02832115508322173}","{""time"": 8.708610534667969, ""val_accuracy"": 43.529273986816406, ""val_cross_entropy"": 0.676585853099823, ""val_balanced_accuracy"": 0.5204929709434509, ""test_cross_entropy"": 0.675844669342041, ""test_balanced_accuracy"": 0.5346950888633728}"
2026-04-14T08:02:29.222364,tpe,lcbench,3945,1,754,13.501405715942383,"{""OpenML_task_id"": ""167168"", ""batch_size"": 52, ""epoch"": 4, ""learning_rate"": 0.09078972396342501, ""max_dropout"": 0.20858785878835653, ""max_units"": 107, ""momentum"": 0.18396122036292797, ""num_layers"": 5, ""weight_decay"": 0.02479782780155282}","{""time"": 13.501405715942383, ""val_accuracy"": 97.92070007324219, ""val_cross_entropy"": 0.29884809255599976, ""val_balanced_accuracy"": 0.6641809344291687, ""test_cross_entropy"": 0.5208103656768799, ""test_balanced_accuracy"": 0.6576071977615356}"
2026-04-14T08:02:29.296138,tpe,lcbench,3945,1,755,89.36339569091797,"{""OpenML_task_id"": ""168908"", ""batch_size"": 132, ""epoch"": 34, ""learning_rate"": 0.08555442970894148, ""max_dropout"": 0.7908242299225533, ""max_units"": 64, ""momentum"": 0.21685713069975843, ""num_layers"": 5, ""weight_decay"": 0.05758323149244669}","{""time"": 89.36339569091797, ""val_accuracy"": 98.05638122558594, ""val_cross_entropy"": 0.39611250162124634, ""val_balanced_accuracy"": 0.6030550003051758, ""test_cross_entropy"": 0.5943300724029541, ""test_balanced_accuracy"": 0.6051451563835144}"
2026-04-14T08:02:29.358831,tpe,lcbench,3945,1,756,9.545292854309082,"{""OpenML_task_id"": ""168330"", ""batch_size"": 119, ""epoch"": 2, ""learning_rate"": 0.08832237971368605, ""max_dropout"": 0.15378510949710553, ""max_units"": 297, ""momentum"": 0.16597442004901483, ""num_layers"": 5, ""weight_decay"": 0.030640621872386184}","{""time"": 9.545292854309082, ""val_accuracy"": 91.85613250732422, ""val_cross_entropy"": 0.4417734444141388, ""val_balanced_accuracy"": 0.6244915127754211, ""test_cross_entropy"": 0.6133635640144348, ""test_balanced_accuracy"": 0.6237189173698425}"
2026-04-14T08:02:29.423911,tpe,lcbench,3945,1,757,3.8460919857025146,"{""OpenML_task_id"": ""3945"", ""batch_size"": 127, ""epoch"": 1, ""learning_rate"": 0.09332531037113256, ""max_dropout"": 0.22402372739211382, ""max_units"": 83, ""momentum"": 0.20382662012565922, ""num_layers"": 5, ""weight_decay"": 0.0257999363795809}","{""time"": 3.8460919857025146, ""val_accuracy"": 74.18177795410156, ""val_cross_entropy"": 0.4949994683265686, ""val_balanced_accuracy"": 0.5914766192436218, ""test_cross_entropy"": 0.6407222151756287, ""test_balanced_accuracy"": 0.5785834193229675}"
2026-04-14T08:02:29.489112,tpe,lcbench,3945,1,758,10.704097747802734,"{""OpenML_task_id"": ""189905"", ""batch_size"": 135, ""epoch"": 3, ""learning_rate"": 0.08459593885926937, ""max_dropout"": 0.1325351260182573, ""max_units"": 111, ""momentum"": 0.22945720561255428, ""num_layers"": 1, ""weight_decay"": 0.0003307860231585025}","{""time"": 10.704097747802734, ""val_accuracy"": 71.28170776367188, ""val_cross_entropy"": 0.7388402819633484, ""val_balanced_accuracy"": 0.7306743264198303, ""test_cross_entropy"": 0.5647120475769043, ""test_balanced_accuracy"": 0.7155570983886719}"
2026-04-14T08:02:29.548409,tpe,lcbench,3945,1,759,3.7066447734832764,"{""OpenML_task_id"": ""146212"", ""batch_size"": 142, ""epoch"": 1, ""learning_rate"": 0.08593261219623378, ""max_dropout"": 0.189691282442145, ""max_units"": 80, ""momentum"": 0.18421134099128972, ""num_layers"": 5, ""weight_decay"": 0.03947528148086252}","{""time"": 3.7066447734832764, ""val_accuracy"": 74.97737121582031, ""val_cross_entropy"": 0.4905664622783661, ""val_balanced_accuracy"": 0.5960280895233154, ""test_cross_entropy"": 0.6364200115203857, ""test_balanced_accuracy"": 0.5838992595672607}"
2026-04-14T08:02:29.605655,tpe,lcbench,3945,1,760,10.225794792175293,"{""OpenML_task_id"": ""167168"", ""batch_size"": 135, ""epoch"": 2, ""learning_rate"": 0.0894669437377796, ""max_dropout"": 0.19156943912621852, ""max_units"": 120, ""momentum"": 0.6141028918751721, ""num_layers"": 5, ""weight_decay"": 0.03974168047983289}","{""time"": 10.225794792175293, ""val_accuracy"": 91.16077423095703, ""val_cross_entropy"": 0.429484486579895, ""val_balanced_accuracy"": 0.6083983778953552, ""test_cross_entropy"": 0.6186357736587524, ""test_balanced_accuracy"": 0.6032172441482544}"
2026-04-14T08:02:29.672111,tpe,lcbench,3945,1,761,4.0287675857543945,"{""OpenML_task_id"": ""146212"", ""batch_size"": 142, ""epoch"": 1, ""learning_rate"": 0.08714649441521059, ""max_dropout"": 0.6545300880004791, ""max_units"": 95, ""momentum"": 0.17229065951393902, ""num_layers"": 5, ""weight_decay"": 0.039009757650125695}","{""time"": 4.0287675857543945, ""val_accuracy"": 72.79138946533203, ""val_cross_entropy"": 0.4635942876338959, ""val_balanced_accuracy"": 0.5987250208854675, ""test_cross_entropy"": 0.6283863186836243, ""test_balanced_accuracy"": 0.5878483653068542}"
2026-04-14T08:02:29.729720,tpe,lcbench,3945,1,762,9.390506744384766,"{""OpenML_task_id"": ""146212"", ""batch_size"": 126, ""epoch"": 3, ""learning_rate"": 0.0903628805378159, ""max_dropout"": 0.1733329212938709, ""max_units"": 133, ""momentum"": 0.18283533507946623, ""num_layers"": 5, ""weight_decay"": 0.03835319444115173}","{""time"": 9.390506744384766, ""val_accuracy"": 95.67462921142578, ""val_cross_entropy"": 0.40939202904701233, ""val_balanced_accuracy"": 0.6295130848884583, ""test_cross_entropy"": 0.6084624528884888, ""test_balanced_accuracy"": 0.6305645704269409}"
2026-04-14T08:02:29.793546,tpe,lcbench,3945,1,763,7.381074905395508,"{""OpenML_task_id"": ""146212"", ""batch_size"": 113, ""epoch"": 2, ""learning_rate"": 0.0862601379128722, ""max_dropout"": 0.19923832527668842, ""max_units"": 95, ""momentum"": 0.164155079442821, ""num_layers"": 5, ""weight_decay"": 0.041466914046249206}","{""time"": 7.381074905395508, ""val_accuracy"": 92.99458312988281, ""val_cross_entropy"": 0.41984570026397705, ""val_balanced_accuracy"": 0.6077581644058228, ""test_cross_entropy"": 0.6151958703994751, ""test_balanced_accuracy"": 0.6039252281188965}"
2026-04-14T08:02:29.858232,tpe,lcbench,3945,1,764,4.449897766113281,"{""OpenML_task_id"": ""189354"", ""batch_size"": 141, ""epoch"": 1, ""learning_rate"": 0.08807492388883802, ""max_dropout"": 0.16018578828309238, ""max_units"": 147, ""momentum"": 0.19424359662024931, ""num_layers"": 5, ""weight_decay"": 0.042658256913809395}","{""time"": 4.449897766113281, ""val_accuracy"": 73.3851089477539, ""val_cross_entropy"": 0.5025820732116699, ""val_balanced_accuracy"": 0.5921573042869568, ""test_cross_entropy"": 0.6378737688064575, ""test_balanced_accuracy"": 0.5806629657745361}"
2026-04-14T08:02:29.922646,tpe,lcbench,3945,1,765,68.02938842773438,"{""OpenML_task_id"": ""168329"", ""batch_size"": 102, ""epoch"": 4, ""learning_rate"": 0.09177850829285632, ""max_dropout"": 0.184199201045737, ""max_units"": 924, ""momentum"": 0.2004243678082607, ""num_layers"": 5, ""weight_decay"": 0.04378696891650516}","{""time"": 68.02938842773438, ""val_accuracy"": 92.8892822265625, ""val_cross_entropy"": 0.45948395133018494, ""val_balanced_accuracy"": 0.6341370940208435, ""test_cross_entropy"": 0.5920946598052979, ""test_balanced_accuracy"": 0.6337078809738159}"
2026-04-14T08:02:29.987700,tpe,lcbench,3945,1,766,6.725673675537109,"{""OpenML_task_id"": ""146212"", ""batch_size"": 147, ""epoch"": 2, ""learning_rate"": 0.08517121975312388, ""max_dropout"": 0.14028277742766979, ""max_units"": 82, ""momentum"": 0.18446068660863701, ""num_layers"": 5, ""weight_decay"": 0.038336085673274845}","{""time"": 6.725673675537109, ""val_accuracy"": 92.26948547363281, ""val_cross_entropy"": 0.42814451456069946, ""val_balanced_accuracy"": 0.6154831051826477, ""test_cross_entropy"": 0.6217620372772217, ""test_balanced_accuracy"": 0.6119083166122437}"
2026-04-14T08:02:30.052902,tpe,lcbench,3945,1,767,30.548809051513672,"{""OpenML_task_id"": ""146212"", ""batch_size"": 128, ""epoch"": 5, ""learning_rate"": 0.08402373185168657, ""max_dropout"": 0.20491449504623693, ""max_units"": 435, ""momentum"": 0.16330440790965473, ""num_layers"": 5, ""weight_decay"": 0.0467842157981159}","{""time"": 30.548809051513672, ""val_accuracy"": 95.31871795654297, ""val_cross_entropy"": 0.468950092792511, ""val_balanced_accuracy"": 0.6074128150939941, ""test_cross_entropy"": 0.6178011894226074, ""test_balanced_accuracy"": 0.6127539277076721}"
2026-04-14T08:02:30.125824,tpe,lcbench,3945,1,768,4.207259654998779,"{""OpenML_task_id"": ""146212"", ""batch_size"": 120, ""epoch"": 1, ""learning_rate"": 0.08383485293687483, ""max_dropout"": 0.16827654851274507, ""max_units"": 109, ""momentum"": 0.21293032959005484, ""num_layers"": 5, ""weight_decay"": 0.04110157359229816}","{""time"": 4.207259654998779, ""val_accuracy"": 74.24221801757812, ""val_cross_entropy"": 0.5042076706886292, ""val_balanced_accuracy"": 0.5893010497093201, ""test_cross_entropy"": 0.6384756565093994, ""test_balanced_accuracy"": 0.5764266848564148}"
2026-04-14T08:02:30.188937,tpe,lcbench,3945,1,769,14.980939865112305,"{""OpenML_task_id"": ""189905"", ""batch_size"": 137, ""epoch"": 3, ""learning_rate"": 0.08701662939100871, ""max_dropout"": 0.22215600513884684, ""max_units"": 81, ""momentum"": 0.194399488631541, ""num_layers"": 4, ""weight_decay"": 0.04027230415094009}","{""time"": 14.980939865112305, ""val_accuracy"": 88.31562042236328, ""val_cross_entropy"": 0.5490065217018127, ""val_balanced_accuracy"": 0.5490962266921997, ""test_cross_entropy"": 0.6173979043960571, ""test_balanced_accuracy"": 0.5504562854766846}"
2026-04-14T08:02:30.248611,tpe,lcbench,3945,1,770,4.9170451164245605,"{""OpenML_task_id"": ""167104"", ""batch_size"": 150, ""epoch"": 1, ""learning_rate"": 0.08884058902544012, ""max_dropout"": 0.10744008878074052, ""max_units"": 189, ""momentum"": 0.21208522725429485, ""num_layers"": 5, ""weight_decay"": 0.03810652623939921}","{""time"": 4.9170451164245605, ""val_accuracy"": 72.45880126953125, ""val_cross_entropy"": 0.509131908416748, ""val_balanced_accuracy"": 0.5913479924201965, ""test_cross_entropy"": 0.6389884948730469, ""test_balanced_accuracy"": 0.580238938331604}"
2026-04-14T08:02:30.305742,tpe,lcbench,3945,1,771,18.605167388916016,"{""OpenML_task_id"": ""167168"", ""batch_size"": 133, ""epoch"": 2, ""learning_rate"": 0.08581874284876392, ""max_dropout"": 0.17901198877956803, ""max_units"": 640, ""momentum"": 0.17592152441288023, ""num_layers"": 5, ""weight_decay"": 0.040126436219463206}","{""time"": 18.605167388916016, ""val_accuracy"": 87.61029052734375, ""val_cross_entropy"": 0.496905654668808, ""val_balanced_accuracy"": 0.605737566947937, ""test_cross_entropy"": 0.6318508386611938, ""test_balanced_accuracy"": 0.6066914796829224}"
2026-04-14T08:02:30.377311,tpe,lcbench,3945,1,772,3.9520716667175293,"{""OpenML_task_id"": ""167104"", ""batch_size"": 115, ""epoch"": 1, ""learning_rate"": 0.09133522778303697, ""max_dropout"": 0.2019107426907808, ""max_units"": 81, ""momentum"": 0.22522867107220595, ""num_layers"": 5, ""weight_decay"": 0.037618450603093066}","{""time"": 3.9520716667175293, ""val_accuracy"": 74.6688232421875, ""val_cross_entropy"": 0.5030588507652283, ""val_balanced_accuracy"": 0.5882869362831116, ""test_cross_entropy"": 0.6391146183013916, ""test_balanced_accuracy"": 0.5748565793037415}"
2026-04-14T08:02:30.444576,tpe,lcbench,3945,1,773,5.509695529937744,"{""OpenML_task_id"": ""189873"", ""batch_size"": 147, ""epoch"": 2, ""learning_rate"": 0.08692503794430784, ""max_dropout"": 0.14099338577776294, ""max_units"": 96, ""momentum"": 0.18853697549638024, ""num_layers"": 5, ""weight_decay"": 0.022492021137663677}","{""time"": 5.509695529937744, ""val_accuracy"": 92.9296875, ""val_cross_entropy"": 0.42736148834228516, ""val_balanced_accuracy"": 0.6482287049293518, ""test_cross_entropy"": 0.6118559837341309, ""test_balanced_accuracy"": 0.6458788514137268}"
2026-04-14T08:02:30.498293,tpe,lcbench,3945,1,774,9.387718200683594,"{""OpenML_task_id"": ""167184"", ""batch_size"": 153, ""epoch"": 4, ""learning_rate"": 0.08412403126512027, ""max_dropout"": 0.17053134764266406, ""max_units"": 81, ""momentum"": 0.20677918283715713, ""num_layers"": 5, ""weight_decay"": 0.03188925623974338}","{""time"": 9.387718200683594, ""val_accuracy"": 96.75773620605469, ""val_cross_entropy"": 0.4058787226676941, ""val_balanced_accuracy"": 0.663589596748352, ""test_cross_entropy"": 0.6058788895606995, ""test_balanced_accuracy"": 0.6657904982566833}"
2026-04-14T08:02:30.570905,tpe,lcbench,3945,1,775,4.51404333114624,"{""OpenML_task_id"": ""189865"", ""batch_size"": 128, ""epoch"": 1, ""learning_rate"": 0.08878882913722326, ""max_dropout"": 0.1539884871566997, ""max_units"": 64, ""momentum"": 0.16400661457340013, ""num_layers"": 5, ""weight_decay"": 0.08629130433033735}","{""time"": 4.51404333114624, ""val_accuracy"": 77.58585357666016, ""val_cross_entropy"": 0.500505268573761, ""val_balanced_accuracy"": 0.6038077473640442, ""test_cross_entropy"": 0.6379255056381226, ""test_balanced_accuracy"": 0.5919133424758911}"
2026-04-14T08:02:30.629369,tpe,lcbench,3945,1,776,8.159189224243164,"{""OpenML_task_id"": ""168331"", ""batch_size"": 141, ""epoch"": 3, ""learning_rate"": 0.08549315894258024, ""max_dropout"": 0.21947151416898905, ""max_units"": 117, ""momentum"": 0.2288468690273746, ""num_layers"": 5, ""weight_decay"": 0.0292638069901924}","{""time"": 8.159189224243164, ""val_accuracy"": 95.90117645263672, ""val_cross_entropy"": 0.4098626673221588, ""val_balanced_accuracy"": 0.6651266813278198, ""test_cross_entropy"": 0.6043367981910706, ""test_balanced_accuracy"": 0.6662541627883911}"
2026-04-14T08:02:30.702464,tpe,lcbench,3945,1,777,3.9088430404663086,"{""OpenML_task_id"": ""167104"", ""batch_size"": 100, ""epoch"": 1, ""learning_rate"": 0.08988672347546174, ""max_dropout"": 0.19141282357187134, ""max_units"": 64, ""momentum"": 0.20379317066977629, ""num_layers"": 5, ""weight_decay"": 0.021660539205126787}","{""time"": 3.9088430404663086, ""val_accuracy"": 74.42838287353516, ""val_cross_entropy"": 0.5026827454566956, ""val_balanced_accuracy"": 0.5834550857543945, ""test_cross_entropy"": 0.6424285173416138, ""test_balanced_accuracy"": 0.5681940317153931}"
2026-04-14T08:02:30.755472,tpe,lcbench,3945,1,778,10.904901504516602,"{""OpenML_task_id"": ""189905"", ""batch_size"": 28, ""epoch"": 2, ""learning_rate"": 0.0834556981645695, ""max_dropout"": 0.12544220424127253, ""max_units"": 102, ""momentum"": 0.1807038399452624, ""num_layers"": 5, ""weight_decay"": 0.024406811560615624}","{""time"": 10.904901504516602, ""val_accuracy"": 95.96265411376953, ""val_cross_entropy"": 0.3049601912498474, ""val_balanced_accuracy"": 0.6247714757919312, ""test_cross_entropy"": 0.5265725255012512, ""test_balanced_accuracy"": 0.6094913482666016}"
2026-04-14T08:02:30.822245,tpe,lcbench,3945,1,779,9.248270988464355,"{""OpenML_task_id"": ""167104"", ""batch_size"": 122, ""epoch"": 3, ""learning_rate"": 0.0960611133670787, ""max_dropout"": 0.16087009964001614, ""max_units"": 83, ""momentum"": 0.22011339896985613, ""num_layers"": 5, ""weight_decay"": 0.04154875753842789}","{""time"": 9.248270988464355, ""val_accuracy"": 95.7754135131836, ""val_cross_entropy"": 0.3963293135166168, ""val_balanced_accuracy"": 0.6174008250236511, ""test_cross_entropy"": 0.6072840690612793, ""test_balanced_accuracy"": 0.6170935034751892}"
2026-04-14T08:02:30.883475,tpe,lcbench,3945,1,780,3.9046597480773926,"{""OpenML_task_id"": ""167168"", ""batch_size"": 156, ""epoch"": 1, ""learning_rate"": 0.08568729640253266, ""max_dropout"": 0.20723758074130472, ""max_units"": 96, ""momentum"": 0.18546741465251454, ""num_layers"": 5, ""weight_decay"": 0.03103786535290713}","{""time"": 3.9046597480773926, ""val_accuracy"": 73.9781723022461, ""val_cross_entropy"": 0.4895368218421936, ""val_balanced_accuracy"": 0.5968608260154724, ""test_cross_entropy"": 0.637191653251648, ""test_balanced_accuracy"": 0.5850642323493958}"
2026-04-14T08:02:30.943761,tpe,lcbench,3945,1,781,6.671289443969727,"{""OpenML_task_id"": ""146212"", ""batch_size"": 140, ""epoch"": 2, ""learning_rate"": 0.0879184552032886, ""max_dropout"": 0.2284618544013308, ""max_units"": 64, ""momentum"": 0.16198662731041577, ""num_layers"": 5, ""weight_decay"": 0.03741593808168222}","{""time"": 6.671289443969727, ""val_accuracy"": 92.63556671142578, ""val_cross_entropy"": 0.4215658903121948, ""val_balanced_accuracy"": 0.6140022277832031, ""test_cross_entropy"": 0.6210007071495056, ""test_balanced_accuracy"": 0.6104395389556885}"
2026-04-14T08:02:31.038188,tpe,lcbench,3945,1,782,12.187814712524414,"{""OpenML_task_id"": ""167161"", ""batch_size"": 112, ""epoch"": 5, ""learning_rate"": 0.08221618712164658, ""max_dropout"": 0.18729954144230265, ""max_units"": 129, ""momentum"": 0.23228945789705396, ""num_layers"": 5, ""weight_decay"": 0.02578646839490175}","{""time"": 12.187814712524414, ""val_accuracy"": 97.36310577392578, ""val_cross_entropy"": 0.3701360523700714, ""val_balanced_accuracy"": 0.6835020780563354, ""test_cross_entropy"": 0.5720252394676208, ""test_balanced_accuracy"": 0.6821241974830627}"
2026-04-14T08:02:31.110854,tpe,lcbench,3945,1,783,3.682938814163208,"{""OpenML_task_id"": ""189909"", ""batch_size"": 150, ""epoch"": 1, ""learning_rate"": 0.08690873824720038, ""max_dropout"": 0.14990976150298826, ""max_units"": 82, ""momentum"": 0.20384963971907327, ""num_layers"": 5, ""weight_decay"": 0.028311939156527008}","{""time"": 3.682938814163208, ""val_accuracy"": 74.60547637939453, ""val_cross_entropy"": 0.4913885295391083, ""val_balanced_accuracy"": 0.597331166267395, ""test_cross_entropy"": 0.6380612850189209, ""test_balanced_accuracy"": 0.5848801136016846}"
2026-04-14T08:02:31.183738,tpe,lcbench,3945,1,784,8.207995414733887,"{""OpenML_task_id"": ""126026"", ""batch_size"": 159, ""epoch"": 3, ""learning_rate"": 0.09020366299630038, ""max_dropout"": 0.1050192074321961, ""max_units"": 113, ""momentum"": 0.20463661020632598, ""num_layers"": 5, ""weight_decay"": 0.031076750445833762}","{""time"": 8.207995414733887, ""val_accuracy"": 95.69871520996094, ""val_cross_entropy"": 0.41974809765815735, ""val_balanced_accuracy"": 0.6682854294776917, ""test_cross_entropy"": 0.6072583198547363, ""test_balanced_accuracy"": 0.6695255041122437}"
2026-04-14T08:02:31.246718,tpe,lcbench,3945,1,785,15.416014671325684,"{""OpenML_task_id"": ""189909"", ""batch_size"": 151, ""epoch"": 2, ""learning_rate"": 0.09342513992646373, ""max_dropout"": 0.13795528434578433, ""max_units"": 575, ""momentum"": 0.19319685555729768, ""num_layers"": 5, ""weight_decay"": 0.028091561672908865}","{""time"": 15.416014671325684, ""val_accuracy"": 88.64199829101562, ""val_cross_entropy"": 0.49751707911491394, ""val_balanced_accuracy"": 0.645972490310669, ""test_cross_entropy"": 0.6210746169090271, ""test_balanced_accuracy"": 0.6473428010940552}"
2026-04-14T08:02:31.305465,tpe,lcbench,3945,1,786,11.130805969238281,"{""OpenML_task_id"": ""7593"", ""batch_size"": 161, ""epoch"": 1, ""learning_rate"": 0.08830618444202183, ""max_dropout"": 0.1486340220971574, ""max_units"": 518, ""momentum"": 0.16502324496896686, ""num_layers"": 5, ""weight_decay"": 0.02969722361399685}","{""time"": 11.130805969238281, ""val_accuracy"": 65.28463745117188, ""val_cross_entropy"": 0.5310565829277039, ""val_balanced_accuracy"": 0.5615550875663757, ""test_cross_entropy"": 0.6519960165023804, ""test_balanced_accuracy"": 0.554039716720581}"
2026-04-14T08:02:31.363585,tpe,lcbench,3945,1,787,20.81679916381836,"{""OpenML_task_id"": ""189909"", ""batch_size"": 148, ""epoch"": 4, ""learning_rate"": 0.08672806648958752, ""max_dropout"": 0.16310164299592578, ""max_units"": 144, ""momentum"": 0.17905330308527867, ""num_layers"": 5, ""weight_decay"": 0.09266026991989307}","{""time"": 20.81679916381836, ""val_accuracy"": 95.18282318115234, ""val_cross_entropy"": 0.43571168184280396, ""val_balanced_accuracy"": 0.6104220747947693, ""test_cross_entropy"": 0.6188651323318481, ""test_balanced_accuracy"": 0.6120554208755493}"
2026-04-14T08:02:31.422319,tpe,lcbench,3945,1,788,3.879559278488159,"{""OpenML_task_id"": ""189909"", ""batch_size"": 158, ""epoch"": 1, ""learning_rate"": 0.09156418809436458, ""max_dropout"": 0.1795568889346814, ""max_units"": 96, ""momentum"": 0.20073873366311346, ""num_layers"": 5, ""weight_decay"": 0.03227861672409845}","{""time"": 3.879559278488159, ""val_accuracy"": 74.1478271484375, ""val_cross_entropy"": 0.49168962240219116, ""val_balanced_accuracy"": 0.5971158742904663, ""test_cross_entropy"": 0.6373106241226196, ""test_balanced_accuracy"": 0.5852506160736084}"
2026-04-14T08:02:31.477871,tpe,lcbench,3945,1,789,8.673748970031738,"{""OpenML_task_id"": ""189905"", ""batch_size"": 146, ""epoch"": 3, ""learning_rate"": 0.08581876686230898, ""max_dropout"": 0.11796103267043184, ""max_units"": 112, ""momentum"": 0.2110603370154853, ""num_layers"": 5, ""weight_decay"": 0.0355994762380828}","{""time"": 8.673748970031738, ""val_accuracy"": 95.70967102050781, ""val_cross_entropy"": 0.4197748005390167, ""val_balanced_accuracy"": 0.6487283706665039, ""test_cross_entropy"": 0.6113346815109253, ""test_balanced_accuracy"": 0.6501181721687317}"
2026-04-14T08:02:31.538211,tpe,lcbench,3945,1,790,7.917945861816406,"{""OpenML_task_id"": ""189909"", ""batch_size"": 75, ""epoch"": 2, ""learning_rate"": 0.0890828175417383, ""max_dropout"": 0.1271904398292468, ""max_units"": 82, ""momentum"": 0.18629977441448045, ""num_layers"": 5, ""weight_decay"": 0.03899634489633479}","{""time"": 7.917945861816406, ""val_accuracy"": 94.29235076904297, ""val_cross_entropy"": 0.3919990658760071, ""val_balanced_accuracy"": 0.6049328446388245, ""test_cross_entropy"": 0.5940529704093933, ""test_balanced_accuracy"": 0.5984886884689331}"
2026-04-14T08:02:31.600839,tpe,lcbench,3945,1,791,3.9018707275390625,"{""OpenML_task_id"": ""167168"", ""batch_size"": 166, ""epoch"": 1, ""learning_rate"": 0.08747147951144146, ""max_dropout"": 0.15947282325975895, ""max_units"": 95, ""momentum"": 0.21797819603266785, ""num_layers"": 5, ""weight_decay"": 0.029389579939081166}","{""time"": 3.9018707275390625, ""val_accuracy"": 74.06485748291016, ""val_cross_entropy"": 0.49161767959594727, ""val_balanced_accuracy"": 0.5985069870948792, ""test_cross_entropy"": 0.6373416781425476, ""test_balanced_accuracy"": 0.5864574313163757}"
2026-04-14T08:02:31.659113,tpe,lcbench,3945,1,792,6.5443925857543945,"{""OpenML_task_id"": ""189909"", ""batch_size"": 153, ""epoch"": 2, ""learning_rate"": 0.08439286836262888, ""max_dropout"": 0.20172612571682988, ""max_units"": 129, ""momentum"": 0.16587105315699274, ""num_layers"": 5, ""weight_decay"": 0.028878354119060763}","{""time"": 6.5443925857543945, ""val_accuracy"": 92.16852569580078, ""val_cross_entropy"": 0.4354434907436371, ""val_balanced_accuracy"": 0.629801332950592, ""test_cross_entropy"": 0.6194559335708618, ""test_balanced_accuracy"": 0.6277146339416504}"
2026-04-14T08:02:31.724482,tpe,lcbench,3945,1,793,10.05288028717041,"{""OpenML_task_id"": ""168908"", ""batch_size"": 91, ""epoch"": 3, ""learning_rate"": 0.08566278745370276, ""max_dropout"": 0.18341920875028114, ""max_units"": 83, ""momentum"": 0.19744170240808318, ""num_layers"": 5, ""weight_decay"": 0.04475370772580769}","{""time"": 10.05288028717041, ""val_accuracy"": 96.38529205322266, ""val_cross_entropy"": 0.37977486848831177, ""val_balanced_accuracy"": 0.614488422870636, ""test_cross_entropy"": 0.5958032608032227, ""test_balanced_accuracy"": 0.6123157739639282}"
2026-04-14T08:02:31.788711,tpe,lcbench,3945,1,794,4.039923191070557,"{""OpenML_task_id"": ""189909"", ""batch_size"": 135, ""epoch"": 1, ""learning_rate"": 0.09028900689191319, ""max_dropout"": 0.14597956048477717, ""max_units"": 109, ""momentum"": 0.2150981776911432, ""num_layers"": 5, ""weight_decay"": 0.026849905996381377}","{""time"": 4.039923191070557, ""val_accuracy"": 73.89750671386719, ""val_cross_entropy"": 0.5000675320625305, ""val_balanced_accuracy"": 0.592660129070282, ""test_cross_entropy"": 0.6398590803146362, ""test_balanced_accuracy"": 0.5799623131752014}"
2026-04-14T08:02:31.847511,tpe,lcbench,3945,1,795,9.522981643676758,"{""OpenML_task_id"": ""168868"", ""batch_size"": 164, ""epoch"": 4, ""learning_rate"": 0.0833047294767576, ""max_dropout"": 0.22572238764197142, ""max_units"": 82, ""momentum"": 0.17992248231140345, ""num_layers"": 5, ""weight_decay"": 0.03228195524824198}","{""time"": 9.522981643676758, ""val_accuracy"": 96.5943603515625, ""val_cross_entropy"": 0.4136873483657837, ""val_balanced_accuracy"": 0.6600362062454224, ""test_cross_entropy"": 0.6116040349006653, ""test_balanced_accuracy"": 0.6630493402481079}"
2026-04-14T08:02:31.913093,tpe,lcbench,3945,1,796,3.6536550521850586,"{""OpenML_task_id"": ""126025"", ""batch_size"": 126, ""epoch"": 1, ""learning_rate"": 0.08655901267400307, ""max_dropout"": 0.1833559238746634, ""max_units"": 64, ""momentum"": 0.22633149307197137, ""num_layers"": 5, ""weight_decay"": 0.023884611667651576}","{""time"": 3.6536550521850586, ""val_accuracy"": 74.7715835571289, ""val_cross_entropy"": 0.4946316182613373, ""val_balanced_accuracy"": 0.5931112766265869, ""test_cross_entropy"": 0.6403017044067383, ""test_balanced_accuracy"": 0.5795354843139648}"
2026-04-14T08:02:31.977882,tpe,lcbench,3945,1,797,5.689581871032715,"{""OpenML_task_id"": ""189909"", ""batch_size"": 103, ""epoch"": 2, ""learning_rate"": 0.08830498647302623, ""max_dropout"": 0.20731697358025727, ""max_units"": 81, ""momentum"": 0.1953678203626184, ""num_layers"": 5, ""weight_decay"": 0.022428979272594737}","{""time"": 5.689581871032715, ""val_accuracy"": 94.06314086914062, ""val_cross_entropy"": 0.3927574157714844, ""val_balanced_accuracy"": 0.6273854374885559, ""test_cross_entropy"": 0.5968450307846069, ""test_balanced_accuracy"": 0.6231279373168945}"
2026-04-14T08:02:32.046485,tpe,lcbench,3945,1,798,3.862825632095337,"{""OpenML_task_id"": ""3945"", ""batch_size"": 121, ""epoch"": 1, ""learning_rate"": 0.08690664706659876, ""max_dropout"": 0.19088709019694067, ""max_units"": 78, ""momentum"": 0.21770296110838722, ""num_layers"": 5, ""weight_decay"": 0.02350024579640561}","{""time"": 3.862825632095337, ""val_accuracy"": 74.26700592041016, ""val_cross_entropy"": 0.4972992241382599, ""val_balanced_accuracy"": 0.5905534029006958, ""test_cross_entropy"": 0.6411854028701782, ""test_balanced_accuracy"": 0.5769645571708679}"
2026-04-14T08:02:32.107643,tpe,lcbench,3945,1,799,39.8680534362793,"{""OpenML_task_id"": ""126029"", ""batch_size"": 109, ""epoch"": 3, ""learning_rate"": 0.09288651367379712, ""max_dropout"": 0.23034916824443435, ""max_units"": 818, ""momentum"": 0.1614291477809857, ""num_layers"": 5, ""weight_decay"": 0.02523557659914043}","{""time"": 39.8680534362793, ""val_accuracy"": 92.06556701660156, ""val_cross_entropy"": 0.4265455901622772, ""val_balanced_accuracy"": 0.6989412307739258, ""test_cross_entropy"": 0.5642848014831543, ""test_balanced_accuracy"": 0.6956349015235901}"
2026-04-14T08:02:32.179406,tpe,lcbench,3945,1,800,9.013999938964844,"{""OpenML_task_id"": ""126025"", ""batch_size"": 129, ""epoch"": 2, ""learning_rate"": 0.004603936404717124, ""max_dropout"": 0.17343444306685887, ""max_units"": 98, ""momentum"": 0.1968918695617029, ""num_layers"": 5, ""weight_decay"": 0.02355361187510609}","{""time"": 9.013999938964844, ""val_accuracy"": 86.82974243164062, ""val_cross_entropy"": 0.46749091148376465, ""val_balanced_accuracy"": 0.5934507846832275, ""test_cross_entropy"": 0.6338839530944824, ""test_balanced_accuracy"": 0.584391713142395}"
2026-04-14T08:02:32.240707,tpe,lcbench,3945,1,801,3.802863359451294,"{""OpenML_task_id"": ""167201"", ""batch_size"": 115, ""epoch"": 1, ""learning_rate"": 0.08738571002456355, ""max_dropout"": 0.2104507907545765, ""max_units"": 64, ""momentum"": 0.22614061584028633, ""num_layers"": 5, ""weight_decay"": 0.021326245200917637}","{""time"": 3.802863359451294, ""val_accuracy"": 74.37076568603516, ""val_cross_entropy"": 0.4975530505180359, ""val_balanced_accuracy"": 0.5889886617660522, ""test_cross_entropy"": 0.6419451832771301, ""test_balanced_accuracy"": 0.5747908353805542}"
2026-04-14T08:02:32.302363,tpe,lcbench,3945,1,802,5.3465423583984375,"{""OpenML_task_id"": ""126025"", ""batch_size"": 124, ""epoch"": 2, ""learning_rate"": 0.08580584696680595, ""max_dropout"": 0.18731235409671013, ""max_units"": 82, ""momentum"": 0.1798499534438642, ""num_layers"": 5, ""weight_decay"": 0.020981533123690832}","{""time"": 5.3465423583984375, ""val_accuracy"": 93.55856323242188, ""val_cross_entropy"": 0.4097650647163391, ""val_balanced_accuracy"": 0.6433387398719788, ""test_cross_entropy"": 0.6045929193496704, ""test_balanced_accuracy"": 0.640301525592804}"
2026-04-14T08:02:32.372637,tpe,lcbench,3945,1,803,7.8663506507873535,"{""OpenML_task_id"": ""146212"", ""batch_size"": 167, ""epoch"": 3, ""learning_rate"": 0.09126845973057984, ""max_dropout"": 0.16945366860906216, ""max_units"": 103, ""momentum"": 0.20631241895443592, ""num_layers"": 5, ""weight_decay"": 0.027407940061915187}","{""time"": 7.8663506507873535, ""val_accuracy"": 95.67645263671875, ""val_cross_entropy"": 0.41716882586479187, ""val_balanced_accuracy"": 0.6759849786758423, ""test_cross_entropy"": 0.6054728031158447, ""test_balanced_accuracy"": 0.6771037578582764}"
2026-04-14T08:02:32.437547,tpe,lcbench,3945,1,804,483.283203125,"{""OpenML_task_id"": ""168329"", ""batch_size"": 147, ""epoch"": 50, ""learning_rate"": 0.08912247867648924, ""max_dropout"": 0.21877125229403363, ""max_units"": 551, ""momentum"": 0.23104427115194248, ""num_layers"": 5, ""weight_decay"": 0.024699210837254848}","{""time"": 483.283203125, ""val_accuracy"": 96.91510009765625, ""val_cross_entropy"": 0.35343465209007263, ""val_balanced_accuracy"": 0.7552644610404968, ""test_cross_entropy"": 0.5150596499443054, ""test_balanced_accuracy"": 0.7555684447288513}"
2026-04-14T08:02:32.502749,tpe,lcbench,3945,1,805,3.8307528495788574,"{""OpenML_task_id"": ""168330"", ""batch_size"": 130, ""epoch"": 1, ""learning_rate"": 0.08462157245040604, ""max_dropout"": 0.2395183076506453, ""max_units"": 83, ""momentum"": 0.18514165931306864, ""num_layers"": 5, ""weight_decay"": 0.026845938473450705}","{""time"": 3.8307528495788574, ""val_accuracy"": 74.2191390991211, ""val_cross_entropy"": 0.4907534718513489, ""val_balanced_accuracy"": 0.5921922922134399, ""test_cross_entropy"": 0.6395388841629028, ""test_balanced_accuracy"": 0.5796327590942383}"
2026-04-14T08:02:32.563208,tpe,lcbench,3945,1,806,5.785800457000732,"{""OpenML_task_id"": ""126025"", ""batch_size"": 158, ""epoch"": 2, ""learning_rate"": 0.08709213671571055, ""max_dropout"": 0.2043924791477152, ""max_units"": 98, ""momentum"": 0.2084034224923257, ""num_layers"": 5, ""weight_decay"": 0.023593386317607223}","{""time"": 5.785800457000732, ""val_accuracy"": 92.56315612792969, ""val_cross_entropy"": 0.4346728026866913, ""val_balanced_accuracy"": 0.643646776676178, ""test_cross_entropy"": 0.6173367500305176, ""test_balanced_accuracy"": 0.6416806578636169}"
2026-04-14T08:02:32.629276,tpe,lcbench,3945,1,807,3.7094337940216064,"{""OpenML_task_id"": ""167181"", ""batch_size"": 183, ""epoch"": 1, ""learning_rate"": 0.08504314622269099, ""max_dropout"": 0.18965254455970643, ""max_units"": 64, ""momentum"": 0.16961014832764787, ""num_layers"": 5, ""weight_decay"": 0.02840070572260443}","{""time"": 3.7094337940216064, ""val_accuracy"": 74.46913146972656, ""val_cross_entropy"": 0.4806152880191803, ""val_balanced_accuracy"": 0.6023377180099487, ""test_cross_entropy"": 0.6362225413322449, ""test_balanced_accuracy"": 0.5905961990356445}"
2026-04-14T08:02:32.689248,tpe,lcbench,3945,1,808,10.39173698425293,"{""OpenML_task_id"": ""167181"", ""batch_size"": 182, ""epoch"": 5, ""learning_rate"": 0.08337857455789822, ""max_dropout"": 0.18451189528908157, ""max_units"": 80, ""momentum"": 0.15906606577007798, ""num_layers"": 5, ""weight_decay"": 0.025053108273901642}","{""time"": 10.39173698425293, ""val_accuracy"": 96.88590240478516, ""val_cross_entropy"": 0.3953099548816681, ""val_balanced_accuracy"": 0.6886815428733826, ""test_cross_entropy"": 0.5973387956619263, ""test_balanced_accuracy"": 0.6901266574859619}"
2026-04-14T08:02:32.752067,tpe,lcbench,3945,1,809,9.737730026245117,"{""OpenML_task_id"": ""167181"", ""batch_size"": 170, ""epoch"": 1, ""learning_rate"": 0.0853148274499765, ""max_dropout"": 0.16831663833559907, ""max_units"": 120, ""momentum"": 0.15945259094206868, ""num_layers"": 4, ""weight_decay"": 0.021374252660322383}","{""time"": 9.737730026245117, ""val_accuracy"": 45.950477600097656, ""val_cross_entropy"": 0.6633227467536926, ""val_balanced_accuracy"": 0.4952360987663269, ""test_cross_entropy"": 0.6707675457000732, ""test_balanced_accuracy"": 0.4908660054206848}"
2026-04-14T08:02:32.816844,tpe,lcbench,3945,1,810,18.369503021240234,"{""OpenML_task_id"": ""167181"", ""batch_size"": 185, ""epoch"": 3, ""learning_rate"": 0.08331838325897165, ""max_dropout"": 0.1964601199286209, ""max_units"": 64, ""momentum"": 0.17205170917475834, ""num_layers"": 2, ""weight_decay"": 0.030043304950178207}","{""time"": 18.369503021240234, ""val_accuracy"": 79.87757110595703, ""val_cross_entropy"": 0.42940229177474976, ""val_balanced_accuracy"": 0.7308304309844971, ""test_cross_entropy"": 0.5524138808250427, ""test_balanced_accuracy"": 0.722730815410614}"
2026-04-14T08:02:32.873184,tpe,lcbench,3945,1,811,9.317994117736816,"{""OpenML_task_id"": ""167181"", ""batch_size"": 177, ""epoch"": 2, ""learning_rate"": 0.08894525492793566, ""max_dropout"": 0.21741133482846567, ""max_units"": 94, ""momentum"": 0.17628828441474492, ""num_layers"": 5, ""weight_decay"": 0.07336924588616918}","{""time"": 9.317994117736816, ""val_accuracy"": 90.37065124511719, ""val_cross_entropy"": 0.43731266260147095, ""val_balanced_accuracy"": 0.6101136207580566, ""test_cross_entropy"": 0.6291241645812988, ""test_balanced_accuracy"": 0.6077094674110413}"
2026-04-14T08:02:32.939116,tpe,lcbench,3945,1,812,9.251059532165527,"{""OpenML_task_id"": ""126025"", ""batch_size"": 187, ""epoch"": 4, ""learning_rate"": 0.08576855689934434, ""max_dropout"": 0.1581233454989936, ""max_units"": 82, ""momentum"": 0.19046962257198166, ""num_layers"": 5, ""weight_decay"": 0.027759422372787244}","{""time"": 9.251059532165527, ""val_accuracy"": 96.42648315429688, ""val_cross_entropy"": 0.4155719578266144, ""val_balanced_accuracy"": 0.6779385805130005, ""test_cross_entropy"": 0.6060910224914551, ""test_balanced_accuracy"": 0.680110514163971}"
2026-04-14T08:02:33.003422,tpe,lcbench,3945,1,813,4.150086402893066,"{""OpenML_task_id"": ""167181"", ""batch_size"": 175, ""epoch"": 1, ""learning_rate"": 0.08751843828242171, ""max_dropout"": 0.18893936106847, ""max_units"": 112, ""momentum"": 0.17321003716164293, ""num_layers"": 5, ""weight_decay"": 0.025216570493279515}","{""time"": 4.150086402893066, ""val_accuracy"": 73.11211395263672, ""val_cross_entropy"": 0.4904102683067322, ""val_balanced_accuracy"": 0.5977072715759277, ""test_cross_entropy"": 0.6384078860282898, ""test_balanced_accuracy"": 0.5862639546394348}"
2026-04-14T08:02:33.060088,tpe,lcbench,3945,1,814,7.215132713317871,"{""OpenML_task_id"": ""126025"", ""batch_size"": 171, ""epoch"": 3, ""learning_rate"": 0.08488669486432306, ""max_dropout"": 0.2299127864879857, ""max_units"": 64, ""momentum"": 0.1903920769480638, ""num_layers"": 5, ""weight_decay"": 0.023273998528978733}","{""time"": 7.215132713317871, ""val_accuracy"": 95.77066040039062, ""val_cross_entropy"": 0.41447964310646057, ""val_balanced_accuracy"": 0.6799302697181702, ""test_cross_entropy"": 0.605234682559967, ""test_balanced_accuracy"": 0.6806945204734802}"
2026-04-14T08:02:33.124717,tpe,lcbench,3945,1,815,3.694094657897949,"{""OpenML_task_id"": ""167181"", ""batch_size"": 108, ""epoch"": 1, ""learning_rate"": 0.08898907069851124, ""max_dropout"": 0.17241127013246918, ""max_units"": 64, ""momentum"": 0.15302467820325782, ""num_layers"": 5, ""weight_decay"": 0.026907777240036877}","{""time"": 3.694094657897949, ""val_accuracy"": 75.18559265136719, ""val_cross_entropy"": 0.49492037296295166, ""val_balanced_accuracy"": 0.5879436731338501, ""test_cross_entropy"": 0.6398519277572632, ""test_balanced_accuracy"": 0.5737830996513367}"
2026-04-14T08:02:33.191948,tpe,lcbench,3945,1,816,59.51335525512695,"{""OpenML_task_id"": ""126025"", ""batch_size"": 93, ""epoch"": 20, ""learning_rate"": 0.09120971517301149, ""max_dropout"": 0.17257746927295392, ""max_units"": 64, ""momentum"": 0.6825695416038328, ""num_layers"": 5, ""weight_decay"": 0.0311154869781219}","{""time"": 59.51335525512695, ""val_accuracy"": 98.08406829833984, ""val_cross_entropy"": 0.3624722957611084, ""val_balanced_accuracy"": 0.6217010021209717, ""test_cross_entropy"": 0.5715107917785645, ""test_balanced_accuracy"": 0.6246725916862488}"
2026-04-14T08:02:33.255415,tpe,lcbench,3945,1,817,6.121868133544922,"{""OpenML_task_id"": ""167181"", ""batch_size"": 94, ""epoch"": 2, ""learning_rate"": 0.09351242912448017, ""max_dropout"": 0.1336864048145391, ""max_units"": 65, ""momentum"": 0.1556490769040178, ""num_layers"": 5, ""weight_decay"": 0.028525883337333358}","{""time"": 6.121868133544922, ""val_accuracy"": 94.34200286865234, ""val_cross_entropy"": 0.3891105055809021, ""val_balanced_accuracy"": 0.6140186190605164, ""test_cross_entropy"": 0.5980355739593506, ""test_balanced_accuracy"": 0.6095331907272339}"
2026-04-14T08:02:33.312975,tpe,lcbench,3945,1,818,3.6452882289886475,"{""OpenML_task_id"": ""167181"", ""batch_size"": 113, ""epoch"": 1, ""learning_rate"": 0.0892630419757654, ""max_dropout"": 0.15653425550539715, ""max_units"": 64, ""momentum"": 0.1535958381991741, ""num_layers"": 5, ""weight_decay"": 0.026595535025063434}","{""time"": 3.6452882289886475, ""val_accuracy"": 75.2636489868164, ""val_cross_entropy"": 0.4935968220233917, ""val_balanced_accuracy"": 0.5901513695716858, ""test_cross_entropy"": 0.6395797729492188, ""test_balanced_accuracy"": 0.5762804746627808}"
2026-04-14T08:02:33.379496,tpe,lcbench,3945,1,819,17.877254486083984,"{""OpenML_task_id"": ""167181"", ""batch_size"": 99, ""epoch"": 2, ""learning_rate"": 0.0901243177114923, ""max_dropout"": 0.14660206223003172, ""max_units"": 604, ""momentum"": 0.15171590064384743, ""num_layers"": 5, ""weight_decay"": 0.029755270481644693}","{""time"": 17.877254486083984, ""val_accuracy"": 90.0495834350586, ""val_cross_entropy"": 0.4670182168483734, ""val_balanced_accuracy"": 0.62509685754776, ""test_cross_entropy"": 0.6032295823097229, ""test_balanced_accuracy"": 0.6228154301643372}"
2026-04-14T08:02:33.451448,tpe,lcbench,3945,1,820,4.47639274597168,"{""OpenML_task_id"": ""167181"", ""batch_size"": 86, ""epoch"": 1, ""learning_rate"": 0.09107737967736673, ""max_dropout"": 0.12358127312065548, ""max_units"": 95, ""momentum"": 0.15923983985741844, ""num_layers"": 5, ""weight_decay"": 0.028442783442996278}","{""time"": 4.47639274597168, ""val_accuracy"": 74.11587524414062, ""val_cross_entropy"": 0.5162397623062134, ""val_balanced_accuracy"": 0.5756498575210571, ""test_cross_entropy"": 0.6417237520217896, ""test_balanced_accuracy"": 0.559649646282196}"
2026-04-14T08:02:33.516366,tpe,lcbench,3945,1,821,9.294288635253906,"{""OpenML_task_id"": ""167181"", ""batch_size"": 115, ""epoch"": 4, ""learning_rate"": 0.0926342406195535, ""max_dropout"": 0.15510426817032483, ""max_units"": 80, ""momentum"": 0.14838078319149303, ""num_layers"": 5, ""weight_decay"": 0.03168339766147371}","{""time"": 9.294288635253906, ""val_accuracy"": 97.12976837158203, ""val_cross_entropy"": 0.3779067099094391, ""val_balanced_accuracy"": 0.6497921347618103, ""test_cross_entropy"": 0.5918117761611938, ""test_balanced_accuracy"": 0.6506602764129639}"
2026-04-14T08:02:33.580326,tpe,lcbench,3945,1,822,7.164931774139404,"{""OpenML_task_id"": ""167181"", ""batch_size"": 107, ""epoch"": 3, ""learning_rate"": 0.09465907109861035, ""max_dropout"": 0.17332455610259392, ""max_units"": 80, ""momentum"": 0.15195803865217894, ""num_layers"": 5, ""weight_decay"": 0.026736631457675398}","{""time"": 7.164931774139404, ""val_accuracy"": 96.5973129272461, ""val_cross_entropy"": 0.37203195691108704, ""val_balanced_accuracy"": 0.6615183353424072, ""test_cross_entropy"": 0.584466814994812, ""test_balanced_accuracy"": 0.6602275967597961}"
2026-04-14T08:02:33.645401,tpe,lcbench,3945,1,823,6.159518718719482,"{""OpenML_task_id"": ""167181"", ""batch_size"": 102, ""epoch"": 2, ""learning_rate"": 0.08896837132933019, ""max_dropout"": 0.1574630834837009, ""max_units"": 64, ""momentum"": 0.16064087673106148, ""num_layers"": 5, ""weight_decay"": 0.030487289203311643}","{""time"": 6.159518718719482, ""val_accuracy"": 94.04232788085938, ""val_cross_entropy"": 0.39972755312919617, ""val_balanced_accuracy"": 0.6128731369972229, ""test_cross_entropy"": 0.6041631698608398, ""test_balanced_accuracy"": 0.6088882684707642}"
2026-04-14T08:02:33.709839,tpe,lcbench,3945,1,824,4.060840606689453,"{""OpenML_task_id"": ""167181"", ""batch_size"": 114, ""epoch"": 1, ""learning_rate"": 0.08966419874937116, ""max_dropout"": 0.19299341270785073, ""max_units"": 98, ""momentum"": 0.1663467052863337, ""num_layers"": 5, ""weight_decay"": 0.027257496583513407}","{""time"": 4.060840606689453, ""val_accuracy"": 74.06909942626953, ""val_cross_entropy"": 0.49835970997810364, ""val_balanced_accuracy"": 0.5873563289642334, ""test_cross_entropy"": 0.6406879425048828, ""test_balanced_accuracy"": 0.5740206241607666}"
2026-04-14T08:02:33.774727,tpe,lcbench,3945,1,825,20.164188385009766,"{""OpenML_task_id"": ""167181"", ""batch_size"": 107, ""epoch"": 3, ""learning_rate"": 0.0883463752202957, ""max_dropout"": 0.1459871871476909, ""max_units"": 64, ""momentum"": 0.9162348830624536, ""num_layers"": 5, ""weight_decay"": 0.03400240526806108}","{""time"": 20.164188385009766, ""val_accuracy"": 94.3052978515625, ""val_cross_entropy"": 0.3737275004386902, ""val_balanced_accuracy"": 0.6122188568115234, ""test_cross_entropy"": 0.5961735248565674, ""test_balanced_accuracy"": 0.6044184565544128}"
2026-04-14T08:02:33.830177,tpe,lcbench,3945,1,826,3.730350971221924,"{""OpenML_task_id"": ""167181"", ""batch_size"": 105, ""epoch"": 1, ""learning_rate"": 0.09033713334242807, ""max_dropout"": 0.1758072829581125, ""max_units"": 64, ""momentum"": 0.1557242195718913, ""num_layers"": 5, ""weight_decay"": 0.028060198649446}","{""time"": 3.730350971221924, ""val_accuracy"": 75.1875991821289, ""val_cross_entropy"": 0.49652236700057983, ""val_balanced_accuracy"": 0.5867741107940674, ""test_cross_entropy"": 0.6397929191589355, ""test_balanced_accuracy"": 0.5724232792854309}"
2026-04-14T08:02:33.888702,tpe,lcbench,3945,1,827,8.457606315612793,"{""OpenML_task_id"": ""167181"", ""batch_size"": 91, ""epoch"": 2, ""learning_rate"": 0.08752060236057126, ""max_dropout"": 0.11961547641506376, ""max_units"": 97, ""momentum"": 0.45469779316486764, ""num_layers"": 5, ""weight_decay"": 0.03174747561757353}","{""time"": 8.457606315612793, ""val_accuracy"": 93.33148956298828, ""val_cross_entropy"": 0.3945485055446625, ""val_balanced_accuracy"": 0.6115256547927856, ""test_cross_entropy"": 0.5985628962516785, ""test_balanced_accuracy"": 0.6049016714096069}"
2026-04-14T08:02:33.955539,tpe,lcbench,3945,1,828,4.409458160400391,"{""OpenML_task_id"": ""126025"", ""batch_size"": 83, ""epoch"": 1, ""learning_rate"": 0.08675061705006723, ""max_dropout"": 0.10473287023351616, ""max_units"": 83, ""momentum"": 0.17197349621437447, ""num_layers"": 5, ""weight_decay"": 0.025320992479184325}","{""time"": 4.409458160400391, ""val_accuracy"": 74.21489715576172, ""val_cross_entropy"": 0.5172539949417114, ""val_balanced_accuracy"": 0.5746998190879822, ""test_cross_entropy"": 0.6421698927879333, ""test_balanced_accuracy"": 0.5579932928085327}"
2026-04-14T08:02:34.019267,tpe,lcbench,3945,1,829,7.962569236755371,"{""OpenML_task_id"": ""167168"", ""batch_size"": 114, ""epoch"": 3, ""learning_rate"": 0.09210758582707992, ""max_dropout"": 0.198177696877283, ""max_units"": 115, ""momentum"": 0.14954417623613614, ""num_layers"": 5, ""weight_decay"": 0.02987092011360916}","{""time"": 7.962569236755371, ""val_accuracy"": 96.23099517822266, ""val_cross_entropy"": 0.3880808651447296, ""val_balanced_accuracy"": 0.6526663899421692, ""test_cross_entropy"": 0.5943540930747986, ""test_balanced_accuracy"": 0.6529116630554199}"
2026-04-14T08:02:34.073910,tpe,lcbench,3945,1,830,4.007850646972656,"{""OpenML_task_id"": ""167181"", ""batch_size"": 102, ""epoch"": 1, ""learning_rate"": 0.08894648040141945, ""max_dropout"": 0.16951184167580813, ""max_units"": 81, ""momentum"": 0.17862658953357977, ""num_layers"": 5, ""weight_decay"": 0.02658492774120035}","{""time"": 4.007850646972656, ""val_accuracy"": 74.49684143066406, ""val_cross_entropy"": 0.5029591917991638, ""val_balanced_accuracy"": 0.5838212966918945, ""test_cross_entropy"": 0.6410391926765442, ""test_balanced_accuracy"": 0.569189727306366}"
2026-04-14T08:02:34.148610,tpe,lcbench,3945,1,831,11.079211235046387,"{""OpenML_task_id"": ""167181"", ""batch_size"": 121, ""epoch"": 4, ""learning_rate"": 0.08686543135912612, ""max_dropout"": 0.138146818976517, ""max_units"": 64, ""momentum"": 0.4064920161488428, ""num_layers"": 5, ""weight_decay"": 0.0334042330824378}","{""time"": 11.079211235046387, ""val_accuracy"": 97.1205062866211, ""val_cross_entropy"": 0.38112714886665344, ""val_balanced_accuracy"": 0.6504344344139099, ""test_cross_entropy"": 0.5954678058624268, ""test_balanced_accuracy"": 0.6504071354866028}"
2026-04-14T08:02:34.221930,tpe,lcbench,3945,1,832,9.63314437866211,"{""OpenML_task_id"": ""189354"", ""batch_size"": 122, ""epoch"": 2, ""learning_rate"": 0.09208135077871574, ""max_dropout"": 0.9947135644098406, ""max_units"": 98, ""momentum"": 0.17099967324755336, ""num_layers"": 5, ""weight_decay"": 0.02891112954726484}","{""time"": 9.63314437866211, ""val_accuracy"": 91.84842681884766, ""val_cross_entropy"": 0.37202683091163635, ""val_balanced_accuracy"": 0.649398148059845, ""test_cross_entropy"": 0.5803815126419067, ""test_balanced_accuracy"": 0.644139289855957}"
2026-04-14T08:02:34.284170,tpe,lcbench,3945,1,833,56.60030746459961,"{""OpenML_task_id"": ""167181"", ""batch_size"": 113, ""epoch"": 22, ""learning_rate"": 0.09703144800930279, ""max_dropout"": 0.18729748865794504, ""max_units"": 245, ""momentum"": 0.18012869210419835, ""num_layers"": 5, ""weight_decay"": 0.02656987578463095}","{""time"": 56.60030746459961, ""val_accuracy"": 97.90127563476562, ""val_cross_entropy"": 0.35069921612739563, ""val_balanced_accuracy"": 0.6974896192550659, ""test_cross_entropy"": 0.5389330387115479, ""test_balanced_accuracy"": 0.6962481737136841}"
2026-04-14T08:02:34.345443,tpe,lcbench,3945,1,834,13.923931121826172,"{""OpenML_task_id"": ""167181"", ""batch_size"": 98, ""epoch"": 2, ""learning_rate"": 0.09472730382975442, ""max_dropout"": 0.20693148279072165, ""max_units"": 127, ""momentum"": 0.15014764831250513, ""num_layers"": 3, ""weight_decay"": 0.031036805937519805}","{""time"": 13.923931121826172, ""val_accuracy"": 78.01604461669922, ""val_cross_entropy"": 0.5720584392547607, ""val_balanced_accuracy"": 0.6238296031951904, ""test_cross_entropy"": 0.5831738710403442, ""test_balanced_accuracy"": 0.6168781518936157}"
2026-04-14T08:02:34.407558,tpe,lcbench,3945,1,835,45.667659759521484,"{""OpenML_task_id"": ""189865"", ""batch_size"": 122, ""epoch"": 37, ""learning_rate"": 0.08971149069947279, ""max_dropout"": 0.16046969271981235, ""max_units"": 82, ""momentum"": 0.1899649634319872, ""num_layers"": 5, ""weight_decay"": 0.028809735431647044}","{""time"": 45.667659759521484, ""val_accuracy"": 98.5667953491211, ""val_cross_entropy"": 0.3340255618095398, ""val_balanced_accuracy"": 0.6577991247177124, ""test_cross_entropy"": 0.5555364489555359, ""test_balanced_accuracy"": 0.6598411202430725}"
2026-04-14T08:02:34.472164,tpe,lcbench,3945,1,836,11.068055152893066,"{""OpenML_task_id"": ""168335"", ""batch_size"": 121, ""epoch"": 5, ""learning_rate"": 0.08565587507822874, ""max_dropout"": 0.1338124345151641, ""max_units"": 109, ""momentum"": 0.17169657113081277, ""num_layers"": 5, ""weight_decay"": 0.0260723564151627}","{""time"": 11.068055152893066, ""val_accuracy"": 97.37016296386719, ""val_cross_entropy"": 0.37294241786003113, ""val_balanced_accuracy"": 0.6861994862556458, ""test_cross_entropy"": 0.5761876106262207, ""test_balanced_accuracy"": 0.6853715181350708}"
2026-04-14T08:02:34.537477,tpe,lcbench,3945,1,837,3.7150115966796875,"{""OpenML_task_id"": ""167168"", ""batch_size"": 112, ""epoch"": 1, ""learning_rate"": 0.08784503891156356, ""max_dropout"": 0.17945605526417122, ""max_units"": 64, ""momentum"": 0.19639701102983553, ""num_layers"": 5, ""weight_decay"": 0.034705621647549256}","{""time"": 3.7150115966796875, ""val_accuracy"": 75.29695892333984, ""val_cross_entropy"": 0.49833914637565613, ""val_balanced_accuracy"": 0.58902907371521, ""test_cross_entropy"": 0.6387131214141846, ""test_balanced_accuracy"": 0.5751779675483704}"
2026-04-14T08:02:34.601796,tpe,lcbench,3945,1,838,8.124327659606934,"{""OpenML_task_id"": ""167168"", ""batch_size"": 129, ""epoch"": 3, ""learning_rate"": 0.08852333749929457, ""max_dropout"": 0.21333175831252346, ""max_units"": 95, ""momentum"": 0.1570817393408992, ""num_layers"": 5, ""weight_decay"": 0.03386682158390182}","{""time"": 8.124327659606934, ""val_accuracy"": 95.96448516845703, ""val_cross_entropy"": 0.4039910137653351, ""val_balanced_accuracy"": 0.6420050263404846, ""test_cross_entropy"": 0.6072017550468445, ""test_balanced_accuracy"": 0.6432086825370789}"
2026-04-14T08:02:34.674874,tpe,lcbench,3945,1,839,24.340625762939453,"{""OpenML_task_id"": ""189873"", ""batch_size"": 276, ""epoch"": 12, ""learning_rate"": 0.09058978879079978, ""max_dropout"": 0.18468871137881762, ""max_units"": 82, ""momentum"": 0.18897680649758744, ""num_layers"": 5, ""weight_decay"": 0.032598392692232483}","{""time"": 24.340625762939453, ""val_accuracy"": 97.10457611083984, ""val_cross_entropy"": 0.413810670375824, ""val_balanced_accuracy"": 0.6505485773086548, ""test_cross_entropy"": 0.6158630847930908, ""test_balanced_accuracy"": 0.6533090472221375}"
2026-04-14T08:02:34.730398,tpe,lcbench,3945,1,840,20.929752349853516,"{""OpenML_task_id"": ""167184"", ""batch_size"": 72, ""epoch"": 6, ""learning_rate"": 0.0873100349768083, ""max_dropout"": 0.20270714711584567, ""max_units"": 157, ""momentum"": 0.17685843536995652, ""num_layers"": 5, ""weight_decay"": 0.03536906065023766}","{""time"": 20.929752349853516, ""val_accuracy"": 97.86318969726562, ""val_cross_entropy"": 0.3545249402523041, ""val_balanced_accuracy"": 0.6180252432823181, ""test_cross_entropy"": 0.5663871169090271, ""test_balanced_accuracy"": 0.616855800151825}"
2026-04-14T08:02:34.810766,tpe,lcbench,3945,1,841,3.9674108028411865,"{""OpenML_task_id"": ""167168"", ""batch_size"": 106, ""epoch"": 1, ""learning_rate"": 0.08481724234198172, ""max_dropout"": 0.179817086765765, ""max_units"": 82, ""momentum"": 0.19644769795908454, ""num_layers"": 5, ""weight_decay"": 0.030433338944543017}","{""time"": 3.9674108028411865, ""val_accuracy"": 74.6458969116211, ""val_cross_entropy"": 0.5017620325088501, ""val_balanced_accuracy"": 0.5855733156204224, ""test_cross_entropy"": 0.639931321144104, ""test_balanced_accuracy"": 0.5713728070259094}"
2026-04-14T08:02:34.872186,tpe,lcbench,3945,1,842,46.28122329711914,"{""OpenML_task_id"": ""167168"", ""batch_size"": 131, ""epoch"": 42, ""learning_rate"": 0.08753626451427272, ""max_dropout"": 0.20891216353637992, ""max_units"": 64, ""momentum"": 0.15327849481152728, ""num_layers"": 5, ""weight_decay"": 0.028529729548393824}","{""time"": 46.28122329711914, ""val_accuracy"": 98.6130599975586, ""val_cross_entropy"": 0.3353891670703888, ""val_balanced_accuracy"": 0.6510935425758362, ""test_cross_entropy"": 0.5595402121543884, ""test_balanced_accuracy"": 0.6537665724754333}"
2026-04-14T08:02:34.939008,tpe,lcbench,3945,1,843,7.02130126953125,"{""OpenML_task_id"": ""167168"", ""batch_size"": 112, ""epoch"": 2, ""learning_rate"": 0.08993004458659523, ""max_dropout"": 0.17067359607942065, ""max_units"": 106, ""momentum"": 0.20233452607658017, ""num_layers"": 5, ""weight_decay"": 0.03245870559716661}","{""time"": 7.02130126953125, ""val_accuracy"": 93.28095245361328, ""val_cross_entropy"": 0.41195380687713623, ""val_balanced_accuracy"": 0.6115116477012634, ""test_cross_entropy"": 0.6097915172576904, ""test_balanced_accuracy"": 0.6081918478012085}"
2026-04-14T08:02:35.007737,tpe,lcbench,3945,1,844,3.8293583393096924,"{""OpenML_task_id"": ""167168"", ""batch_size"": 124, ""epoch"": 1, ""learning_rate"": 0.08603188342725404, ""max_dropout"": 0.22723167524039686, ""max_units"": 82, ""momentum"": 0.1719973513563346, ""num_layers"": 5, ""weight_decay"": 0.03404357952829689}","{""time"": 3.8293583393096924, ""val_accuracy"": 74.65472412109375, ""val_cross_entropy"": 0.49197426438331604, ""val_balanced_accuracy"": 0.5915815234184265, ""test_cross_entropy"": 0.6381248235702515, ""test_balanced_accuracy"": 0.578966498374939}"
2026-04-14T08:02:35.072380,tpe,lcbench,3945,1,845,8.387882232666016,"{""OpenML_task_id"": ""146212"", ""batch_size"": 135, ""epoch"": 3, ""learning_rate"": 0.08827230150718485, ""max_dropout"": 0.18407769554412637, ""max_units"": 132, ""momentum"": 0.18832832451514975, ""num_layers"": 5, ""weight_decay"": 0.03103295956911152}","{""time"": 8.387882232666016, ""val_accuracy"": 95.86715698242188, ""val_cross_entropy"": 0.41047409176826477, ""val_balanced_accuracy"": 0.6596460342407227, ""test_cross_entropy"": 0.6038751602172852, ""test_balanced_accuracy"": 0.6609243750572205}"
2026-04-14T08:02:35.139297,tpe,lcbench,3945,1,846,4.254671573638916,"{""OpenML_task_id"": ""167168"", ""batch_size"": 100, ""epoch"": 1, ""learning_rate"": 0.0920223013537377, ""max_dropout"": 0.197530011938811, ""max_units"": 94, ""momentum"": 0.20255441030885624, ""num_layers"": 5, ""weight_decay"": 0.024169387000943485}","{""time"": 4.254671573638916, ""val_accuracy"": 73.65968322753906, ""val_cross_entropy"": 0.507619321346283, ""val_balanced_accuracy"": 0.5811870694160461, ""test_cross_entropy"": 0.6427481174468994, ""test_balanced_accuracy"": 0.5664032101631165}"
2026-04-14T08:02:35.208219,tpe,lcbench,3945,1,847,5.823451042175293,"{""OpenML_task_id"": ""167168"", ""batch_size"": 115, ""epoch"": 2, ""learning_rate"": 0.08386130431633972, ""max_dropout"": 0.1601467292056514, ""max_units"": 82, ""momentum"": 0.16786152301136006, ""num_layers"": 5, ""weight_decay"": 0.027448906532402454}","{""time"": 5.823451042175293, ""val_accuracy"": 93.61282348632812, ""val_cross_entropy"": 0.4114431142807007, ""val_balanced_accuracy"": 0.6207305788993835, ""test_cross_entropy"": 0.6093007922172546, ""test_balanced_accuracy"": 0.6176623106002808}"
2026-04-14T08:02:35.265621,tpe,lcbench,3945,1,848,9.560632705688477,"{""OpenML_task_id"": ""189909"", ""batch_size"": 127, ""epoch"": 2, ""learning_rate"": 0.08582944206579021, ""max_dropout"": 0.22165332796217097, ""max_units"": 64, ""momentum"": 0.1493371583653663, ""num_layers"": 4, ""weight_decay"": 0.021507670790353997}","{""time"": 9.560632705688477, ""val_accuracy"": 82.95092010498047, ""val_cross_entropy"": 0.5628049969673157, ""val_balanced_accuracy"": 0.5612049102783203, ""test_cross_entropy"": 0.6147732734680176, ""test_balanced_accuracy"": 0.5596475005149841}"
2026-04-14T08:02:35.330562,tpe,lcbench,3945,1,849,4.106857776641846,"{""OpenML_task_id"": ""167161"", ""batch_size"": 139, ""epoch"": 1, ""learning_rate"": 0.08875798424353071, ""max_dropout"": 0.19703889566707544, ""max_units"": 114, ""momentum"": 0.1864468560194816, ""num_layers"": 5, ""weight_decay"": 0.024764557400177835}","{""time"": 4.106857776641846, ""val_accuracy"": 73.31697845458984, ""val_cross_entropy"": 0.4963702857494354, ""val_balanced_accuracy"": 0.5921098589897156, ""test_cross_entropy"": 0.6402305960655212, ""test_balanced_accuracy"": 0.5798959136009216}"
2026-04-14T08:02:35.388812,tpe,lcbench,3945,1,850,10.822628021240234,"{""OpenML_task_id"": ""126025"", ""batch_size"": 84, ""epoch"": 4, ""learning_rate"": 0.08446048722106177, ""max_dropout"": 0.17170001819015526, ""max_units"": 64, ""momentum"": 0.20859437897335092, ""num_layers"": 5, ""weight_decay"": 0.03469055223638416}","{""time"": 10.822628021240234, ""val_accuracy"": 97.54228973388672, ""val_cross_entropy"": 0.34946200251579285, ""val_balanced_accuracy"": 0.6231814622879028, ""test_cross_entropy"": 0.5791103839874268, ""test_balanced_accuracy"": 0.6217899322509766}"
2026-04-14T08:02:35.455826,tpe,lcbench,3945,1,851,19.704010009765625,"{""OpenML_task_id"": ""168331"", ""batch_size"": 108, ""epoch"": 3, ""learning_rate"": 0.09099439709000262, ""max_dropout"": 0.14445667555035283, ""max_units"": 490, ""momentum"": 0.18484937598881995, ""num_layers"": 5, ""weight_decay"": 0.030602791293235582}","{""time"": 19.704010009765625, ""val_accuracy"": 94.24128723144531, ""val_cross_entropy"": 0.4352359175682068, ""val_balanced_accuracy"": 0.6730478405952454, ""test_cross_entropy"": 0.5832474231719971, ""test_balanced_accuracy"": 0.6716897487640381}"
2026-04-14T08:02:35.512585,tpe,lcbench,3945,1,852,3.9729888439178467,"{""OpenML_task_id"": ""126026"", ""batch_size"": 133, ""epoch"": 1, ""learning_rate"": 0.08734895936928506, ""max_dropout"": 0.24298338807576575, ""max_units"": 98, ""momentum"": 0.16630473935395498, ""num_layers"": 5, ""weight_decay"": 0.026303935085958907}","{""time"": 3.9729888439178467, ""val_accuracy"": 73.72940063476562, ""val_cross_entropy"": 0.4915066957473755, ""val_balanced_accuracy"": 0.5916368365287781, ""test_cross_entropy"": 0.6398559212684631, ""test_balanced_accuracy"": 0.579461395740509}"
2026-04-14T08:02:35.579821,tpe,lcbench,3945,1,853,6.2864155769348145,"{""OpenML_task_id"": ""168868"", ""batch_size"": 119, ""epoch"": 2, ""learning_rate"": 0.08678171064537886, ""max_dropout"": 0.21379111327090772, ""max_units"": 82, ""momentum"": 0.21268615560598755, ""num_layers"": 5, ""weight_decay"": 0.029107369533528195}","{""time"": 6.2864155769348145, ""val_accuracy"": 93.37529754638672, ""val_cross_entropy"": 0.4123658835887909, ""val_balanced_accuracy"": 0.6183483004570007, ""test_cross_entropy"": 0.6114674806594849, ""test_balanced_accuracy"": 0.6151920557022095}"
2026-04-14T08:02:35.638847,tpe,lcbench,3945,1,854,3.9827499389648438,"{""OpenML_task_id"": ""167168"", ""batch_size"": 140, ""epoch"": 1, ""learning_rate"": 0.0940504228630896, ""max_dropout"": 0.18637461022639107, ""max_units"": 98, ""momentum"": 0.20253667568739273, ""num_layers"": 5, ""weight_decay"": 0.02232593052223545}","{""time"": 3.9827499389648438, ""val_accuracy"": 73.60547637939453, ""val_cross_entropy"": 0.4969693720340729, ""val_balanced_accuracy"": 0.5931282639503479, ""test_cross_entropy"": 0.6406511068344116, ""test_balanced_accuracy"": 0.5804979205131531}"
2026-04-14T08:02:35.703602,tpe,lcbench,3945,1,855,8.712794303894043,"{""OpenML_task_id"": ""167181"", ""batch_size"": 94, ""epoch"": 3, ""learning_rate"": 0.08333224105426065, ""max_dropout"": 0.15046031355108622, ""max_units"": 82, ""momentum"": 0.18537100522829034, ""num_layers"": 5, ""weight_decay"": 0.03615723786785991}","{""time"": 8.712794303894043, ""val_accuracy"": 96.60468292236328, ""val_cross_entropy"": 0.37062007188796997, ""val_balanced_accuracy"": 0.6192902326583862, ""test_cross_entropy"": 0.5921935439109802, ""test_balanced_accuracy"": 0.617683470249176}"
2026-04-14T08:02:35.758252,tpe,lcbench,3945,1,856,4.164031028747559,"{""OpenML_task_id"": ""7593"", ""batch_size"": 128, ""epoch"": 1, ""learning_rate"": 0.0893415705503714, ""max_dropout"": 0.12128679154998054, ""max_units"": 125, ""momentum"": 0.15152120185657264, ""num_layers"": 5, ""weight_decay"": 0.03295485894917508}","{""time"": 4.164031028747559, ""val_accuracy"": 74.05680847167969, ""val_cross_entropy"": 0.49913039803504944, ""val_balanced_accuracy"": 0.5913040041923523, ""test_cross_entropy"": 0.639117956161499, ""test_balanced_accuracy"": 0.5790360569953918}"
2026-04-14T08:02:35.824192,tpe,lcbench,3945,1,857,43.871578216552734,"{""OpenML_task_id"": ""168335"", ""batch_size"": 143, ""epoch"": 40, ""learning_rate"": 0.0854006691251266, ""max_dropout"": 0.16831446819216356, ""max_units"": 64, ""momentum"": 0.2146582261956844, ""num_layers"": 5, ""weight_decay"": 0.027972895846545803}","{""time"": 43.871578216552734, ""val_accuracy"": 98.57958221435547, ""val_cross_entropy"": 0.33876994252204895, ""val_balanced_accuracy"": 0.6569101810455322, ""test_cross_entropy"": 0.5615267753601074, ""test_balanced_accuracy"": 0.6593542098999023}"
2026-04-14T08:02:35.888875,tpe,lcbench,3945,1,858,8.733711242675781,"{""OpenML_task_id"": ""167168"", ""batch_size"": 261, ""epoch"": 3, ""learning_rate"": 0.09191946373274723, ""max_dropout"": 0.09984367881725181, ""max_units"": 64, ""momentum"": 0.17410659883422303, ""num_layers"": 5, ""weight_decay"": 0.02374782546553241}","{""time"": 8.733711242675781, ""val_accuracy"": 94.58848571777344, ""val_cross_entropy"": 0.4459916949272156, ""val_balanced_accuracy"": 0.6833886504173279, ""test_cross_entropy"": 0.6152786016464233, ""test_balanced_accuracy"": 0.6837080717086792}"
2026-04-14T08:02:35.959581,tpe,lcbench,3945,1,859,6.144179344177246,"{""OpenML_task_id"": ""126029"", ""batch_size"": 120, ""epoch"": 2, ""learning_rate"": 0.08738956490077454, ""max_dropout"": 0.19970030261575905, ""max_units"": 109, ""momentum"": 0.1958857099363505, ""num_layers"": 5, ""weight_decay"": 0.025958250539113686}","{""time"": 6.144179344177246, ""val_accuracy"": 93.28450775146484, ""val_cross_entropy"": 0.4150715172290802, ""val_balanced_accuracy"": 0.6263655424118042, ""test_cross_entropy"": 0.6094423532485962, ""test_balanced_accuracy"": 0.6238212585449219}"
2026-04-14T08:02:36.022295,tpe,lcbench,3945,1,860,9.227354049682617,"{""OpenML_task_id"": ""167181"", ""batch_size"": 147, ""epoch"": 4, ""learning_rate"": 0.08317150046504576, ""max_dropout"": 0.2144514422350382, ""max_units"": 82, ""momentum"": 0.16204641885699322, ""num_layers"": 5, ""weight_decay"": 0.031263058997846746}","{""time"": 9.227354049682617, ""val_accuracy"": 96.76954650878906, ""val_cross_entropy"": 0.40459319949150085, ""val_balanced_accuracy"": 0.6603484749794006, ""test_cross_entropy"": 0.6061287522315979, ""test_balanced_accuracy"": 0.6628116369247437}"
2026-04-14T08:02:36.089722,tpe,lcbench,3945,1,861,4.154269695281982,"{""OpenML_task_id"": ""3945"", ""batch_size"": 109, ""epoch"": 1, ""learning_rate"": 0.08985106713843267, ""max_dropout"": 0.23451866426330964, ""max_units"": 95, ""momentum"": 0.22301417744493543, ""num_layers"": 5, ""weight_decay"": 0.028288790591597012}","{""time"": 4.154269695281982, ""val_accuracy"": 73.80847930908203, ""val_cross_entropy"": 0.50291907787323, ""val_balanced_accuracy"": 0.5847908854484558, ""test_cross_entropy"": 0.6414973735809326, ""test_balanced_accuracy"": 0.571014404296875}"
2026-04-14T08:02:36.155981,tpe,lcbench,3945,1,862,5.88759708404541,"{""OpenML_task_id"": ""189909"", ""batch_size"": 135, ""epoch"": 2, ""learning_rate"": 0.09952571086063444, ""max_dropout"": 0.17905331300708524, ""max_units"": 64, ""momentum"": 0.20113188878975713, ""num_layers"": 5, ""weight_decay"": 0.02994992172257475}","{""time"": 5.88759708404541, ""val_accuracy"": 93.13623809814453, ""val_cross_entropy"": 0.41680917143821716, ""val_balanced_accuracy"": 0.6225612759590149, ""test_cross_entropy"": 0.6150031089782715, ""test_balanced_accuracy"": 0.6195146441459656}"
2026-04-14T08:02:36.222741,tpe,lcbench,3945,1,863,3.7777628898620605,"{""OpenML_task_id"": ""168908"", ""batch_size"": 127, ""epoch"": 1, ""learning_rate"": 0.08506971092124116, ""max_dropout"": 0.15715980465414614, ""max_units"": 82, ""momentum"": 0.1860603727404212, ""num_layers"": 5, ""weight_decay"": 0.025217481699403042}","{""time"": 3.7777628898620605, ""val_accuracy"": 74.5736083984375, ""val_cross_entropy"": 0.4941270649433136, ""val_balanced_accuracy"": 0.5928466320037842, ""test_cross_entropy"": 0.6395038366317749, ""test_balanced_accuracy"": 0.5796802639961243}"
2026-04-14T08:02:36.288700,tpe,lcbench,3945,1,864,5.806717395782471,"{""OpenML_task_id"": ""167104"", ""batch_size"": 153, ""epoch"": 2, ""learning_rate"": 0.08646607616627726, ""max_dropout"": 0.12819504233832918, ""max_units"": 111, ""momentum"": 0.2155528310889666, ""num_layers"": 5, ""weight_decay"": 0.023212138352659402}","{""time"": 5.806717395782471, ""val_accuracy"": 92.66525268554688, ""val_cross_entropy"": 0.4333379566669464, ""val_balanced_accuracy"": 0.6497301459312439, ""test_cross_entropy"": 0.6132980585098267, ""test_balanced_accuracy"": 0.647502064704895}"
2026-04-14T08:02:36.353622,tpe,lcbench,3945,1,865,10.164438247680664,"{""OpenML_task_id"": ""167152"", ""batch_size"": 116, ""epoch"": 4, ""learning_rate"": 0.08921946663554445, ""max_dropout"": 0.191112087788974, ""max_units"": 96, ""momentum"": 0.16775360768266842, ""num_layers"": 5, ""weight_decay"": 0.0345578890044271}","{""time"": 10.164438247680664, ""val_accuracy"": 97.00017547607422, ""val_cross_entropy"": 0.385601282119751, ""val_balanced_accuracy"": 0.6392289400100708, ""test_cross_entropy"": 0.5980433225631714, ""test_balanced_accuracy"": 0.6408990621566772}"
2026-04-14T08:02:36.418458,tpe,lcbench,3945,1,866,7.065924644470215,"{""OpenML_task_id"": ""168330"", ""batch_size"": 140, ""epoch"": 2, ""learning_rate"": 0.08506761761777629, ""max_dropout"": 0.1704556475266755, ""max_units"": 140, ""momentum"": 0.228606111026422, ""num_layers"": 5, ""weight_decay"": 0.03198685633908411}","{""time"": 7.065924644470215, ""val_accuracy"": 92.3053970336914, ""val_cross_entropy"": 0.43269261717796326, ""val_balanced_accuracy"": 0.6223357319831848, ""test_cross_entropy"": 0.6175942420959473, ""test_balanced_accuracy"": 0.6199153661727905}"
2026-04-14T08:02:36.475547,tpe,lcbench,3945,1,867,7.191426753997803,"{""OpenML_task_id"": ""146212"", ""batch_size"": 154, ""epoch"": 3, ""learning_rate"": 0.08811283887286858, ""max_dropout"": 0.2437400156477172, ""max_units"": 64, ""momentum"": 0.14270119715746316, ""num_layers"": 5, ""weight_decay"": 0.026878855437535903}","{""time"": 7.191426753997803, ""val_accuracy"": 95.9304428100586, ""val_cross_entropy"": 0.4102829694747925, ""val_balanced_accuracy"": 0.6666863560676575, ""test_cross_entropy"": 0.6076895594596863, ""test_balanced_accuracy"": 0.6679986715316772}"
2026-04-14T08:02:36.546930,tpe,lcbench,3945,1,868,4.073390483856201,"{""OpenML_task_id"": ""167168"", ""batch_size"": 101, ""epoch"": 1, ""learning_rate"": 0.08310155615300652, ""max_dropout"": 0.21490204241223734, ""max_units"": 82, ""momentum"": 0.19824630020313375, ""num_layers"": 5, ""weight_decay"": 0.029789343540109522}","{""time"": 4.073390483856201, ""val_accuracy"": 74.3475112915039, ""val_cross_entropy"": 0.5023826956748962, ""val_balanced_accuracy"": 0.5827877521514893, ""test_cross_entropy"": 0.6403990983963013, ""test_balanced_accuracy"": 0.5683002471923828}"
2026-04-14T08:02:36.641106,tpe,lcbench,3945,1,869,3.671783208847046,"{""OpenML_task_id"": ""167201"", ""batch_size"": 125, ""epoch"": 1, ""learning_rate"": 0.09240648807152449, ""max_dropout"": 0.14565535247787642, ""max_units"": 64, ""momentum"": 0.17958250849424906, ""num_layers"": 5, ""weight_decay"": 0.020963999580463074}","{""time"": 3.671783208847046, ""val_accuracy"": 74.813232421875, ""val_cross_entropy"": 0.49365025758743286, ""val_balanced_accuracy"": 0.5935322642326355, ""test_cross_entropy"": 0.640360414981842, ""test_balanced_accuracy"": 0.5798903703689575}"
2026-04-14T08:02:36.706270,tpe,lcbench,3945,1,870,7.265333652496338,"{""OpenML_task_id"": ""167201"", ""batch_size"": 133, ""epoch"": 3, ""learning_rate"": 0.09755606923916409, ""max_dropout"": 0.10878096396053873, ""max_units"": 113, ""momentum"": 0.14790408670666133, ""num_layers"": 5, ""weight_decay"": 0.02107357530615945}","{""time"": 7.265333652496338, ""val_accuracy"": 96.12386322021484, ""val_cross_entropy"": 0.39000964164733887, ""val_balanced_accuracy"": 0.6992225646972656, ""test_cross_entropy"": 0.580807626247406, ""test_balanced_accuracy"": 0.6974630355834961}"
2026-04-14T08:02:36.772341,tpe,lcbench,3945,1,871,5.335386276245117,"{""OpenML_task_id"": ""167201"", ""batch_size"": 143, ""epoch"": 2, ""learning_rate"": 0.09291826662927563, ""max_dropout"": 0.1299841634548362, ""max_units"": 94, ""momentum"": 0.16590222238092409, ""num_layers"": 5, ""weight_decay"": 0.02019861976263105}","{""time"": 5.335386276245117, ""val_accuracy"": 93.15755462646484, ""val_cross_entropy"": 0.42035332322120667, ""val_balanced_accuracy"": 0.6555271148681641, ""test_cross_entropy"": 0.6063843965530396, ""test_balanced_accuracy"": 0.6529353260993958}"
2026-04-14T08:02:36.838993,tpe,lcbench,3945,1,872,3.862825632095337,"{""OpenML_task_id"": ""167201"", ""batch_size"": 125, ""epoch"": 1, ""learning_rate"": 0.09342183590041406, ""max_dropout"": 0.14681682129062307, ""max_units"": 80, ""momentum"": 0.1826265060401488, ""num_layers"": 5, ""weight_decay"": 0.021040747074026048}","{""time"": 3.862825632095337, ""val_accuracy"": 74.3187255859375, ""val_cross_entropy"": 0.4967977702617645, ""val_balanced_accuracy"": 0.5920533537864685, ""test_cross_entropy"": 0.6409531831741333, ""test_balanced_accuracy"": 0.5785723924636841}"
2026-04-14T08:02:36.902931,tpe,lcbench,3945,1,873,31.886104583740234,"{""OpenML_task_id"": ""167201"", ""batch_size"": 157, ""epoch"": 26, ""learning_rate"": 0.09068115387964193, ""max_dropout"": 0.13964989917898862, ""max_units"": 98, ""momentum"": 0.14270500624301857, ""num_layers"": 5, ""weight_decay"": 0.023079497334812696}","{""time"": 31.886104583740234, ""val_accuracy"": 98.17915344238281, ""val_cross_entropy"": 0.32737600803375244, ""val_balanced_accuracy"": 0.7054852843284607, ""test_cross_entropy"": 0.5358304977416992, ""test_balanced_accuracy"": 0.7042833566665649}"
2026-04-14T08:02:36.975704,tpe,lcbench,3945,1,874,14.028515815734863,"{""OpenML_task_id"": ""167201"", ""batch_size"": 135, ""epoch"": 2, ""learning_rate"": 0.09569625196550138, ""max_dropout"": 0.16482788531207304, ""max_units"": 81, ""momentum"": 0.1740678109950555, ""num_layers"": 3, ""weight_decay"": 0.02088662793673439}","{""time"": 14.028515815734863, ""val_accuracy"": 76.82600402832031, ""val_cross_entropy"": 0.554655134677887, ""val_balanced_accuracy"": 0.6384673714637756, ""test_cross_entropy"": 0.590972900390625, ""test_balanced_accuracy"": 0.63199383020401}"
2026-04-14T08:02:37.033473,tpe,lcbench,3945,1,875,4.141719818115234,"{""OpenML_task_id"": ""167104"", ""batch_size"": 143, ""epoch"": 1, ""learning_rate"": 0.09198436512319734, ""max_dropout"": 0.12978076571228364, ""max_units"": 118, ""momentum"": 0.15841422866961458, ""num_layers"": 5, ""weight_decay"": 0.022438616997873646}","{""time"": 4.141719818115234, ""val_accuracy"": 73.4290771484375, ""val_cross_entropy"": 0.4977904260158539, ""val_balanced_accuracy"": 0.593260645866394, ""test_cross_entropy"": 0.6399714946746826, ""test_balanced_accuracy"": 0.5810174345970154}"
2026-04-14T08:02:37.097101,tpe,lcbench,3945,1,876,7.060346603393555,"{""OpenML_task_id"": ""167201"", ""batch_size"": 159, ""epoch"": 3, ""learning_rate"": 0.0937468025784768, ""max_dropout"": 0.10473466297853792, ""max_units"": 64, ""momentum"": 0.20981863343194163, ""num_layers"": 5, ""weight_decay"": 0.02481080926069381}","{""time"": 7.060346603393555, ""val_accuracy"": 96.0018310546875, ""val_cross_entropy"": 0.4029778242111206, ""val_balanced_accuracy"": 0.6847625970840454, ""test_cross_entropy"": 0.5977834463119507, ""test_balanced_accuracy"": 0.68459153175354}"
2026-04-14T08:02:37.163299,tpe,lcbench,3945,1,877,10.17141056060791,"{""OpenML_task_id"": ""167201"", ""batch_size"": 149, ""epoch"": 5, ""learning_rate"": 0.0950243860998964, ""max_dropout"": 0.1541016930550047, ""max_units"": 82, ""momentum"": 0.18269279441211317, ""num_layers"": 5, ""weight_decay"": 0.02478696236318061}","{""time"": 10.17141056060791, ""val_accuracy"": 97.21353912353516, ""val_cross_entropy"": 0.379840612411499, ""val_balanced_accuracy"": 0.6957768797874451, ""test_cross_entropy"": 0.5839486122131348, ""test_balanced_accuracy"": 0.69565749168396}"
2026-04-14T08:02:37.235731,tpe,lcbench,3945,1,878,4.141719818115234,"{""OpenML_task_id"": ""168329"", ""batch_size"": 123, ""epoch"": 1, ""learning_rate"": 0.09064888830274462, ""max_dropout"": 0.19525725927832274, ""max_units"": 100, ""momentum"": 0.23338078304881182, ""num_layers"": 5, ""weight_decay"": 0.022876799204842042}","{""time"": 4.141719818115234, ""val_accuracy"": 73.49633026123047, ""val_cross_entropy"": 0.5021545886993408, ""val_balanced_accuracy"": 0.5890852808952332, ""test_cross_entropy"": 0.6422451734542847, ""test_balanced_accuracy"": 0.5757026076316833}"
2026-04-14T08:02:37.300465,tpe,lcbench,3945,1,879,8.790884971618652,"{""OpenML_task_id"": ""126025"", ""batch_size"": 132, ""epoch"": 4, ""learning_rate"": 0.08326778380528595, ""max_dropout"": 0.22936541412755268, ""max_units"": 83, ""momentum"": 0.1838092468326785, ""num_layers"": 5, ""weight_decay"": 0.026951818511474813}","{""time"": 8.790884971618652, ""val_accuracy"": 96.93987274169922, ""val_cross_entropy"": 0.39031586050987244, ""val_balanced_accuracy"": 0.6700825095176697, ""test_cross_entropy"": 0.5948222279548645, ""test_balanced_accuracy"": 0.6713311076164246}"
2026-04-14T08:02:37.373484,tpe,lcbench,3945,1,880,7.888662338256836,"{""OpenML_task_id"": ""167181"", ""batch_size"": 317, ""epoch"": 2, ""learning_rate"": 0.08620140151381578, ""max_dropout"": 0.15091733920573874, ""max_units"": 130, ""momentum"": 0.21244038695415396, ""num_layers"": 5, ""weight_decay"": 0.020567395377113693}","{""time"": 7.888662338256836, ""val_accuracy"": 88.59703826904297, ""val_cross_entropy"": 0.49579381942749023, ""val_balanced_accuracy"": 0.6518030166625977, ""test_cross_entropy"": 0.6347105503082275, ""test_balanced_accuracy"": 0.6495950818061829}"
2026-04-14T08:02:37.440589,tpe,lcbench,3945,1,881,7.082658290863037,"{""OpenML_task_id"": ""167104"", ""batch_size"": 163, ""epoch"": 3, ""learning_rate"": 0.09114467004390464, ""max_dropout"": 0.20078726663118346, ""max_units"": 64, ""momentum"": 0.16165823410269048, ""num_layers"": 5, ""weight_decay"": 0.024868196278295444}","{""time"": 7.082658290863037, ""val_accuracy"": 95.88617706298828, ""val_cross_entropy"": 0.40986883640289307, ""val_balanced_accuracy"": 0.6774163842201233, ""test_cross_entropy"": 0.603990375995636, ""test_balanced_accuracy"": 0.6782425045967102}"
2026-04-14T08:02:37.520879,tpe,lcbench,3945,1,882,4.392724514007568,"{""OpenML_task_id"": ""167104"", ""batch_size"": 146, ""epoch"": 1, ""learning_rate"": 0.08896926771838361, ""max_dropout"": 0.17566833552364425, ""max_units"": 99, ""momentum"": 0.5252709010672683, ""num_layers"": 5, ""weight_decay"": 0.026883271835141144}","{""time"": 4.392724514007568, ""val_accuracy"": 74.75347137451172, ""val_cross_entropy"": 0.514611005783081, ""val_balanced_accuracy"": 0.5900062322616577, ""test_cross_entropy"": 0.6431249976158142, ""test_balanced_accuracy"": 0.5757366418838501}"
2026-04-14T08:02:37.585639,tpe,lcbench,3945,1,883,3.7191951274871826,"{""OpenML_task_id"": ""168335"", ""batch_size"": 124, ""epoch"": 1, ""learning_rate"": 0.08238289485121318, ""max_dropout"": 0.2195838177922644, ""max_units"": 64, ""momentum"": 0.22305378411596774, ""num_layers"": 5, ""weight_decay"": 0.022399699748511952}","{""time"": 3.7191951274871826, ""val_accuracy"": 74.4549331665039, ""val_cross_entropy"": 0.49320635199546814, ""val_balanced_accuracy"": 0.5919111371040344, ""test_cross_entropy"": 0.6408817768096924, ""test_balanced_accuracy"": 0.5783451199531555}"
2026-04-14T08:02:37.644177,tpe,lcbench,3945,1,884,6.001943588256836,"{""OpenML_task_id"": ""167184"", ""batch_size"": 139, ""epoch"": 2, ""learning_rate"": 0.08511910992333362, ""max_dropout"": 0.251598546699657, ""max_units"": 81, ""momentum"": 0.19527171306090385, ""num_layers"": 5, ""weight_decay"": 0.02810497003693547}","{""time"": 6.001943588256836, ""val_accuracy"": 92.81596374511719, ""val_cross_entropy"": 0.4213131070137024, ""val_balanced_accuracy"": 0.6217958927154541, ""test_cross_entropy"": 0.6171385049819946, ""test_balanced_accuracy"": 0.6189064383506775}"
2026-04-14T08:02:37.714631,tpe,lcbench,3945,1,885,14.799657821655273,"{""OpenML_task_id"": ""189354"", ""batch_size"": 154, ""epoch"": 1, ""learning_rate"": 0.0876613356063512, ""max_dropout"": 0.1279958620994154, ""max_units"": 417, ""momentum"": 0.8495109045674527, ""num_layers"": 5, ""weight_decay"": 0.025433044897250026}","{""time"": 14.799657821655273, ""val_accuracy"": 67.70037078857422, ""val_cross_entropy"": 0.5816828012466431, ""val_balanced_accuracy"": 0.5424714088439941, ""test_cross_entropy"": 0.6608341336250305, ""test_balanced_accuracy"": 0.5280264616012573}"
2026-04-14T08:02:37.779247,tpe,lcbench,3945,1,886,8.329315185546875,"{""OpenML_task_id"": ""167104"", ""batch_size"": 183, ""epoch"": 3, ""learning_rate"": 0.08980235156350357, ""max_dropout"": 0.16477716170541154, ""max_units"": 113, ""momentum"": 0.16870416333595115, ""num_layers"": 5, ""weight_decay"": 0.028696204456129602}","{""time"": 8.329315185546875, ""val_accuracy"": 95.34962463378906, ""val_cross_entropy"": 0.429500937461853, ""val_balanced_accuracy"": 0.6712645292282104, ""test_cross_entropy"": 0.6112913489341736, ""test_balanced_accuracy"": 0.6729605197906494}"
2026-04-14T08:02:37.838793,tpe,lcbench,3945,1,887,8.707216262817383,"{""OpenML_task_id"": ""189873"", ""batch_size"": 164, ""epoch"": 2, ""learning_rate"": 0.012425283843813438, ""max_dropout"": 0.18383691393191112, ""max_units"": 82, ""momentum"": 0.14641953224315624, ""num_layers"": 5, ""weight_decay"": 0.0478425270788215}","{""time"": 8.707216262817383, ""val_accuracy"": 88.6541748046875, ""val_cross_entropy"": 0.44687026739120483, ""val_balanced_accuracy"": 0.6024962663650513, ""test_cross_entropy"": 0.6313650608062744, ""test_balanced_accuracy"": 0.5961645245552063}"
2026-04-14T08:02:37.905639,tpe,lcbench,3945,1,888,8.93730354309082,"{""OpenML_task_id"": ""167181"", ""batch_size"": 130, ""epoch"": 4, ""learning_rate"": 0.09281715043318117, ""max_dropout"": 0.20476501983627235, ""max_units"": 95, ""momentum"": 0.20193002629657342, ""num_layers"": 5, ""weight_decay"": 0.02438289475846317}","{""time"": 8.93730354309082, ""val_accuracy"": 96.91584014892578, ""val_cross_entropy"": 0.3822729289531708, ""val_balanced_accuracy"": 0.6861209869384766, ""test_cross_entropy"": 0.5850896835327148, ""test_balanced_accuracy"": 0.6857193112373352}"
2026-04-14T08:02:37.965750,tpe,lcbench,3945,1,889,3.805652379989624,"{""OpenML_task_id"": ""168331"", ""batch_size"": 151, ""epoch"": 1, ""learning_rate"": 0.08463974374395304, ""max_dropout"": 0.148143055427509, ""max_units"": 80, ""momentum"": 0.231840986671512, ""num_layers"": 5, ""weight_decay"": 0.020726625045755474}","{""time"": 3.805652379989624, ""val_accuracy"": 74.16861724853516, ""val_cross_entropy"": 0.4953180253505707, ""val_balanced_accuracy"": 0.5968983769416809, ""test_cross_entropy"": 0.6391650438308716, ""test_balanced_accuracy"": 0.5838068127632141}"
2026-04-14T08:02:38.029361,tpe,lcbench,3945,1,890,5.815084457397461,"{""OpenML_task_id"": ""189865"", ""batch_size"": 117, ""epoch"": 2, ""learning_rate"": 0.08665066236423641, ""max_dropout"": 0.1934547772735239, ""max_units"": 105, ""momentum"": 0.19110101109939823, ""num_layers"": 5, ""weight_decay"": 0.02302953611640682}","{""time"": 5.815084457397461, ""val_accuracy"": 93.5257339477539, ""val_cross_entropy"": 0.4089871644973755, ""val_balanced_accuracy"": 0.6349382996559143, ""test_cross_entropy"": 0.6041091084480286, ""test_balanced_accuracy"": 0.6319564580917358}"
2026-04-14T08:02:38.097903,tpe,lcbench,3945,1,891,8.291664123535156,"{""OpenML_task_id"": ""189909"", ""batch_size"": 176, ""epoch"": 3, ""learning_rate"": 0.08275856617816947, ""max_dropout"": 0.09524646246609396, ""max_units"": 64, ""momentum"": 0.1765092849092345, ""num_layers"": 5, ""weight_decay"": 0.0032208086882364664}","{""time"": 8.291664123535156, ""val_accuracy"": 94.2074966430664, ""val_cross_entropy"": 0.3586989939212799, ""val_balanced_accuracy"": 0.7404331564903259, ""test_cross_entropy"": 0.5519592761993408, ""test_balanced_accuracy"": 0.7330082058906555}"
2026-04-14T08:02:38.163045,tpe,lcbench,3945,1,892,3.5978760719299316,"{""OpenML_task_id"": ""167201"", ""batch_size"": 141, ""epoch"": 1, ""learning_rate"": 0.09569639106257576, ""max_dropout"": 0.22717842175124647, ""max_units"": 64, ""momentum"": 0.2063420361069062, ""num_layers"": 5, ""weight_decay"": 0.026440268281299154}","{""time"": 3.5978760719299316, ""val_accuracy"": 74.68221282958984, ""val_cross_entropy"": 0.4902324974536896, ""val_balanced_accuracy"": 0.5952634811401367, ""test_cross_entropy"": 0.6392513513565063, ""test_balanced_accuracy"": 0.5827432870864868}"
2026-04-14T08:02:38.228419,tpe,lcbench,3945,1,893,6.291993141174316,"{""OpenML_task_id"": ""167201"", ""batch_size"": 145, ""epoch"": 2, ""learning_rate"": 0.09738218101892869, ""max_dropout"": 0.16471845209724573, ""max_units"": 129, ""momentum"": 0.23303929832748294, ""num_layers"": 5, ""weight_decay"": 0.02613754818577272}","{""time"": 6.291993141174316, ""val_accuracy"": 92.69778442382812, ""val_cross_entropy"": 0.42968282103538513, ""val_balanced_accuracy"": 0.6413515210151672, ""test_cross_entropy"": 0.6130425930023193, ""test_balanced_accuracy"": 0.6393826007843018}"
2026-04-14T08:02:38.292623,tpe,lcbench,3945,1,894,9.267793655395508,"{""OpenML_task_id"": ""167201"", ""batch_size"": 160, ""epoch"": 1, ""learning_rate"": 0.09594823035986107, ""max_dropout"": 0.18458773980425944, ""max_units"": 95, ""momentum"": 0.20917109800013647, ""num_layers"": 2, ""weight_decay"": 0.02669957476541001}","{""time"": 9.267793655395508, ""val_accuracy"": 43.71623229980469, ""val_cross_entropy"": 0.6702291369438171, ""val_balanced_accuracy"": 0.5232651829719543, ""test_cross_entropy"": 0.6754931211471558, ""test_balanced_accuracy"": 0.5377891063690186}"
2026-04-14T08:02:38.357355,tpe,lcbench,3945,1,895,6.9906229972839355,"{""OpenML_task_id"": ""167104"", ""batch_size"": 144, ""epoch"": 3, ""learning_rate"": 0.09777876516616697, ""max_dropout"": 0.22604505397281993, ""max_units"": 64, ""momentum"": 0.24230229794527675, ""num_layers"": 5, ""weight_decay"": 0.024070798631577916}","{""time"": 6.9906229972839355, ""val_accuracy"": 96.16419982910156, ""val_cross_entropy"": 0.3925704061985016, ""val_balanced_accuracy"": 0.6799276471138, ""test_cross_entropy"": 0.5957764387130737, ""test_balanced_accuracy"": 0.6796877980232239}"
2026-04-14T08:02:38.422311,tpe,lcbench,3945,1,896,5.7202606201171875,"{""OpenML_task_id"": ""167161"", ""batch_size"": 155, ""epoch"": 2, ""learning_rate"": 0.09994036556589479, ""max_dropout"": 0.11911570819060313, ""max_units"": 82, ""momentum"": 0.2184592474820738, ""num_layers"": 5, ""weight_decay"": 0.02743544223514884}","{""time"": 5.7202606201171875, ""val_accuracy"": 92.74588775634766, ""val_cross_entropy"": 0.4307679533958435, ""val_balanced_accuracy"": 0.6379439234733582, ""test_cross_entropy"": 0.6167348623275757, ""test_balanced_accuracy"": 0.6355525851249695}"
2026-04-14T08:02:38.487079,tpe,lcbench,3945,1,897,19.881107330322266,"{""OpenML_task_id"": ""167201"", ""batch_size"": 138, ""epoch"": 9, ""learning_rate"": 0.09501007834861429, ""max_dropout"": 0.20771748527877718, ""max_units"": 146, ""momentum"": 0.21124734497402803, ""num_layers"": 5, ""weight_decay"": 0.025139465626437065}","{""time"": 19.881107330322266, ""val_accuracy"": 97.62344360351562, ""val_cross_entropy"": 0.3615567088127136, ""val_balanced_accuracy"": 0.699347972869873, ""test_cross_entropy"": 0.5624963045120239, ""test_balanced_accuracy"": 0.6990492343902588}"
2026-04-14T08:02:38.546446,tpe,lcbench,3945,1,898,12.053945541381836,"{""OpenML_task_id"": ""167201"", ""batch_size"": 170, ""epoch"": 1, ""learning_rate"": 0.09437543626845304, ""max_dropout"": 0.15152572878799292, ""max_units"": 111, ""momentum"": 0.24322401897272605, ""num_layers"": 1, ""weight_decay"": 0.028703348246331806}","{""time"": 12.053945541381836, ""val_accuracy"": 50.08908462524414, ""val_cross_entropy"": 0.7894613742828369, ""val_balanced_accuracy"": 0.5287238359451294, ""test_cross_entropy"": 0.6809169054031372, ""test_balanced_accuracy"": 0.5234618186950684}"
2026-04-14T08:02:38.616128,tpe,lcbench,3945,1,899,8.452028274536133,"{""OpenML_task_id"": ""7593"", ""batch_size"": 149, ""epoch"": 4, ""learning_rate"": 0.09517470714816523, ""max_dropout"": 0.17549647529296708, ""max_units"": 80, ""momentum"": 0.2246883940430892, ""num_layers"": 5, ""weight_decay"": 0.02033463943145733}","{""time"": 8.452028274536133, ""val_accuracy"": 96.79022216796875, ""val_cross_entropy"": 0.3762985169887543, ""val_balanced_accuracy"": 0.7107066512107849, ""test_cross_entropy"": 0.5770512819290161, ""test_balanced_accuracy"": 0.7088478803634644}"
2026-04-14T08:02:38.673254,tpe,lcbench,3945,1,900,3.936732530593872,"{""OpenML_task_id"": ""167201"", ""batch_size"": 164, ""epoch"": 1, ""learning_rate"": 0.09213196675871314, ""max_dropout"": 0.196193553631035, ""max_units"": 94, ""momentum"": 0.19609493087649338, ""num_layers"": 5, ""weight_decay"": 0.022907789315015012}","{""time"": 3.936732530593872, ""val_accuracy"": 73.55017852783203, ""val_cross_entropy"": 0.4924551844596863, ""val_balanced_accuracy"": 0.5969746708869934, ""test_cross_entropy"": 0.6391189098358154, ""test_balanced_accuracy"": 0.5849481821060181}"
2026-04-14T08:02:38.738974,tpe,lcbench,3945,1,901,29.012104034423828,"{""OpenML_task_id"": ""167201"", ""batch_size"": 136, ""epoch"": 14, ""learning_rate"": 0.09308058434939247, ""max_dropout"": 0.1399437732678432, ""max_units"": 165, ""momentum"": 0.20428264094382326, ""num_layers"": 5, ""weight_decay"": 0.02586020731483308}","{""time"": 29.012104034423828, ""val_accuracy"": 97.86729431152344, ""val_cross_entropy"": 0.3554477095603943, ""val_balanced_accuracy"": 0.6937494277954102, ""test_cross_entropy"": 0.5526481866836548, ""test_balanced_accuracy"": 0.6928951740264893}"
2026-04-14T08:02:38.806914,tpe,lcbench,3945,1,902,5.957320213317871,"{""OpenML_task_id"": ""167201"", ""batch_size"": 154, ""epoch"": 2, ""learning_rate"": 0.0909605821212351, ""max_dropout"": 0.21714537118914434, ""max_units"": 82, ""momentum"": 0.22363548391640198, ""num_layers"": 5, ""weight_decay"": 0.02785561205744418}","{""time"": 5.957320213317871, ""val_accuracy"": 92.57868957519531, ""val_cross_entropy"": 0.428900808095932, ""val_balanced_accuracy"": 0.6305152773857117, ""test_cross_entropy"": 0.6186032295227051, ""test_balanced_accuracy"": 0.6278654932975769}"
2026-04-14T08:02:38.868403,tpe,lcbench,3945,1,903,7.498210430145264,"{""OpenML_task_id"": ""126025"", ""batch_size"": 136, ""epoch"": 3, ""learning_rate"": 0.09531280116626822, ""max_dropout"": 0.16587382143882448, ""max_units"": 117, ""momentum"": 0.1816135699871854, ""num_layers"": 5, ""weight_decay"": 0.024129308003852608}","{""time"": 7.498210430145264, ""val_accuracy"": 96.04469299316406, ""val_cross_entropy"": 0.3993031680583954, ""val_balanced_accuracy"": 0.6830563545227051, ""test_cross_entropy"": 0.5916652679443359, ""test_balanced_accuracy"": 0.6829208731651306}"
2026-04-14T08:02:38.933588,tpe,lcbench,3945,1,904,3.931154727935791,"{""OpenML_task_id"": ""167104"", ""batch_size"": 178, ""epoch"": 1, ""learning_rate"": 0.0980652911505064, ""max_dropout"": 0.25057718429322184, ""max_units"": 81, ""momentum"": 0.15789876376970982, ""num_layers"": 5, ""weight_decay"": 0.022083418109151192}","{""time"": 3.931154727935791, ""val_accuracy"": 73.44686126708984, ""val_cross_entropy"": 0.4856843948364258, ""val_balanced_accuracy"": 0.5977004170417786, ""test_cross_entropy"": 0.6394544243812561, ""test_balanced_accuracy"": 0.586419403553009}"
2026-04-14T08:02:39.006411,tpe,lcbench,3945,1,905,10.910479545593262,"{""OpenML_task_id"": ""146212"", ""batch_size"": 160, ""epoch"": 5, ""learning_rate"": 0.08951295700264854, ""max_dropout"": 0.1847696417143098, ""max_units"": 95, ""momentum"": 0.24415774863293363, ""num_layers"": 5, ""weight_decay"": 0.026172635430694847}","{""time"": 10.910479545593262, ""val_accuracy"": 97.07457733154297, ""val_cross_entropy"": 0.387540340423584, ""val_balanced_accuracy"": 0.6886053681373596, ""test_cross_entropy"": 0.5915436744689941, ""test_balanced_accuracy"": 0.6893465518951416}"
2026-04-14T08:02:39.072341,tpe,lcbench,3945,1,906,10.514450073242188,"{""OpenML_task_id"": ""167201"", ""batch_size"": 146, ""epoch"": 2, ""learning_rate"": 0.08790371420216446, ""max_dropout"": 0.13849730311745415, ""max_units"": 107, ""momentum"": 0.20611834140379648, ""num_layers"": 4, ""weight_decay"": 0.02909680315490595}","{""time"": 10.514450073242188, ""val_accuracy"": 81.94855499267578, ""val_cross_entropy"": 0.5702488422393799, ""val_balanced_accuracy"": 0.5516050457954407, ""test_cross_entropy"": 0.6226941347122192, ""test_balanced_accuracy"": 0.5509762167930603}"
2026-04-14T08:02:39.139028,tpe,lcbench,3945,1,907,3.935338020324707,"{""OpenML_task_id"": ""168868"", ""batch_size"": 187, ""epoch"": 1, ""learning_rate"": 0.08601042886141601, ""max_dropout"": 0.2111268612931882, ""max_units"": 81, ""momentum"": 0.17420788657422756, ""num_layers"": 5, ""weight_decay"": 0.029682561210439693}","{""time"": 3.935338020324707, ""val_accuracy"": 73.84241485595703, ""val_cross_entropy"": 0.482575923204422, ""val_balanced_accuracy"": 0.6011165380477905, ""test_cross_entropy"": 0.6365152597427368, ""test_balanced_accuracy"": 0.5897170305252075}"
2026-04-14T08:02:39.216507,tpe,lcbench,3945,1,908,7.523310661315918,"{""OpenML_task_id"": ""126026"", ""batch_size"": 329, ""epoch"": 2, ""learning_rate"": 0.09643107977572418, ""max_dropout"": 0.09524904387665803, ""max_units"": 65, ""momentum"": 0.14393662186318684, ""num_layers"": 5, ""weight_decay"": 0.026906884143008025}","{""time"": 7.523310661315918, ""val_accuracy"": 88.74485778808594, ""val_cross_entropy"": 0.48229846358299255, ""val_balanced_accuracy"": 0.6364709138870239, ""test_cross_entropy"": 0.6368345022201538, ""test_balanced_accuracy"": 0.6330627202987671}"
2026-04-14T08:02:39.275751,tpe,lcbench,3945,1,909,7.339240550994873,"{""OpenML_task_id"": ""167181"", ""batch_size"": 129, ""epoch"": 3, ""learning_rate"": 0.09176579330376203, ""max_dropout"": 0.2329389907550376, ""max_units"": 97, ""momentum"": 0.2202208619834919, ""num_layers"": 5, ""weight_decay"": 0.0240780283116393}","{""time"": 7.339240550994873, ""val_accuracy"": 96.17814636230469, ""val_cross_entropy"": 0.39002299308776855, ""val_balanced_accuracy"": 0.6767926216125488, ""test_cross_entropy"": 0.5921517014503479, ""test_balanced_accuracy"": 0.6765177249908447}"
2026-04-14T08:02:39.338997,tpe,lcbench,3945,1,910,3.7707905769348145,"{""OpenML_task_id"": ""167104"", ""batch_size"": 142, ""epoch"": 1, ""learning_rate"": 0.08464586336619945, ""max_dropout"": 0.15907851812693766, ""max_units"": 82, ""momentum"": 0.19248434394094288, ""num_layers"": 5, ""weight_decay"": 0.02209553602420071}","{""time"": 3.7707905769348145, ""val_accuracy"": 74.2164535522461, ""val_cross_entropy"": 0.4929586946964264, ""val_balanced_accuracy"": 0.5954179167747498, ""test_cross_entropy"": 0.6392209529876709, ""test_balanced_accuracy"": 0.582535445690155}"
2026-04-14T08:02:39.403860,tpe,lcbench,3945,1,911,8.180106163024902,"{""OpenML_task_id"": ""167104"", ""batch_size"": 169, ""epoch"": 3, ""learning_rate"": 0.08959111803484061, ""max_dropout"": 0.11672870919584984, ""max_units"": 125, ""momentum"": 0.23925061525543592, ""num_layers"": 5, ""weight_decay"": 0.025982061791358126}","{""time"": 8.180106163024902, ""val_accuracy"": 95.57832336425781, ""val_cross_entropy"": 0.4189332127571106, ""val_balanced_accuracy"": 0.6839898228645325, ""test_cross_entropy"": 0.6013762950897217, ""test_balanced_accuracy"": 0.6845353841781616}"
2026-04-14T08:02:39.472188,tpe,lcbench,3945,1,912,3.7052505016326904,"{""OpenML_task_id"": ""168335"", ""batch_size"": 155, ""epoch"": 1, ""learning_rate"": 0.08731189198288188, ""max_dropout"": 0.18773163803613824, ""max_units"": 78, ""momentum"": 0.20724890195315734, ""num_layers"": 5, ""weight_decay"": 0.027924653010246}","{""time"": 3.7052505016326904, ""val_accuracy"": 74.4227066040039, ""val_cross_entropy"": 0.4898502230644226, ""val_balanced_accuracy"": 0.5975556373596191, ""test_cross_entropy"": 0.6378951072692871, ""test_balanced_accuracy"": 0.5852975249290466}"
2026-04-14T08:02:39.546091,tpe,lcbench,3945,1,913,7.000384330749512,"{""OpenML_task_id"": ""168335"", ""batch_size"": 151, ""epoch"": 2, ""learning_rate"": 0.0919655078734893, ""max_dropout"": 0.7299849499498969, ""max_units"": 109, ""momentum"": 0.22175279099611442, ""num_layers"": 5, ""weight_decay"": 0.02030445999263766}","{""time"": 7.000384330749512, ""val_accuracy"": 91.5144271850586, ""val_cross_entropy"": 0.40925535559654236, ""val_balanced_accuracy"": 0.6291998028755188, ""test_cross_entropy"": 0.6072492003440857, ""test_balanced_accuracy"": 0.6263858675956726}"
2026-04-14T08:02:39.611337,tpe,lcbench,3945,1,914,9.659639358520508,"{""OpenML_task_id"": ""126029"", ""batch_size"": 140, ""epoch"": 4, ""learning_rate"": 0.08810573286576145, ""max_dropout"": 0.16996903248831172, ""max_units"": 125, ""momentum"": 0.23597226535969168, ""num_layers"": 5, ""weight_decay"": 0.023931118973675853}","{""time"": 9.659639358520508, ""val_accuracy"": 96.72747802734375, ""val_cross_entropy"": 0.3878897428512573, ""val_balanced_accuracy"": 0.6968061327934265, ""test_cross_entropy"": 0.5842308402061462, ""test_balanced_accuracy"": 0.6961127519607544}"
2026-04-14T08:02:39.692614,tpe,lcbench,3945,1,915,3.503052234649658,"{""OpenML_task_id"": ""168335"", ""batch_size"": 153, ""epoch"": 1, ""learning_rate"": 0.09003340813448345, ""max_dropout"": 0.13551426287810875, ""max_units"": 64, ""momentum"": 0.20979334962609475, ""num_layers"": 5, ""weight_decay"": 0.03022650627540455}","{""time"": 3.503052234649658, ""val_accuracy"": 75.22604370117188, ""val_cross_entropy"": 0.48971354961395264, ""val_balanced_accuracy"": 0.5988712310791016, ""test_cross_entropy"": 0.6374585628509521, ""test_balanced_accuracy"": 0.5863288044929504}"
2026-04-14T08:02:39.757624,tpe,lcbench,3945,1,916,39.036949157714844,"{""OpenML_task_id"": ""168335"", ""batch_size"": 156, ""epoch"": 32, ""learning_rate"": 0.09320917371472782, ""max_dropout"": 0.12549662395988628, ""max_units"": 80, ""momentum"": 0.2487642173806156, ""num_layers"": 5, ""weight_decay"": 0.030575661478310572}","{""time"": 39.036949157714844, ""val_accuracy"": 98.35420989990234, ""val_cross_entropy"": 0.3641739785671234, ""val_balanced_accuracy"": 0.6375389099121094, ""test_cross_entropy"": 0.5802849531173706, ""test_balanced_accuracy"": 0.640514075756073}"
2026-04-14T08:02:39.830797,tpe,lcbench,3945,1,917,12.49878215789795,"{""OpenML_task_id"": ""168335"", ""batch_size"": 161, ""epoch"": 3, ""learning_rate"": 0.09394101317220911, ""max_dropout"": 0.11392041308698511, ""max_units"": 312, ""momentum"": 0.21846432883901448, ""num_layers"": 5, ""weight_decay"": 0.03016083770925146}","{""time"": 12.49878215789795, ""val_accuracy"": 94.55313110351562, ""val_cross_entropy"": 0.44390979409217834, ""val_balanced_accuracy"": 0.6800054311752319, ""test_cross_entropy"": 0.6019588112831116, ""test_balanced_accuracy"": 0.6813192963600159}"
2026-04-14T08:02:39.903698,tpe,lcbench,3945,1,918,6.0479607582092285,"{""OpenML_task_id"": ""168335"", ""batch_size"": 152, ""epoch"": 2, ""learning_rate"": 0.09017325381875883, ""max_dropout"": 0.1372711893550304, ""max_units"": 99, ""momentum"": 0.2316693202392183, ""num_layers"": 5, ""weight_decay"": 0.028558670442522898}","{""time"": 6.0479607582092285, ""val_accuracy"": 92.55044555664062, ""val_cross_entropy"": 0.43296700716018677, ""val_balanced_accuracy"": 0.6342979669570923, ""test_cross_entropy"": 0.6176583766937256, ""test_balanced_accuracy"": 0.6318057775497437}"
2026-04-14T08:02:39.972684,tpe,lcbench,3945,1,919,3.550464153289795,"{""OpenML_task_id"": ""168335"", ""batch_size"": 165, ""epoch"": 1, ""learning_rate"": 0.09114948514293073, ""max_dropout"": 0.13954216814694856, ""max_units"": 64, ""momentum"": 0.21081209209157314, ""num_layers"": 5, ""weight_decay"": 0.02796759990827869}","{""time"": 3.550464153289795, ""val_accuracy"": 74.97794342041016, ""val_cross_entropy"": 0.4879584312438965, ""val_balanced_accuracy"": 0.600488543510437, ""test_cross_entropy"": 0.636996865272522, ""test_balanced_accuracy"": 0.5880524516105652}"
2026-04-14T08:02:40.039022,tpe,lcbench,3945,1,920,4.4749979972839355,"{""OpenML_task_id"": ""168335"", ""batch_size"": 300, ""epoch"": 1, ""learning_rate"": 0.09623865141226136, ""max_dropout"": 0.08986921793243136, ""max_units"": 64, ""momentum"": 0.2395902783256677, ""num_layers"": 5, ""weight_decay"": 0.027316740677148996}","{""time"": 4.4749979972839355, ""val_accuracy"": 70.5866928100586, ""val_cross_entropy"": 0.5026940703392029, ""val_balanced_accuracy"": 0.6032966375350952, ""test_cross_entropy"": 0.6428241729736328, ""test_balanced_accuracy"": 0.5906795263290405}"
2026-04-14T08:02:40.111619,tpe,lcbench,3945,1,921,5.859707355499268,"{""OpenML_task_id"": ""168335"", ""batch_size"": 168, ""epoch"": 2, ""learning_rate"": 0.09302393846336446, ""max_dropout"": 0.09941941967071743, ""max_units"": 79, ""momentum"": 0.2149055002923486, ""num_layers"": 5, ""weight_decay"": 0.03011619165398419}","{""time"": 5.859707355499268, ""val_accuracy"": 92.26280212402344, ""val_cross_entropy"": 0.4353756606578827, ""val_balanced_accuracy"": 0.6337791681289673, ""test_cross_entropy"": 0.6203212738037109, ""test_balanced_accuracy"": 0.6309977173805237}"
2026-04-14T08:02:40.176550,tpe,lcbench,3945,1,922,9.064200401306152,"{""OpenML_task_id"": ""168335"", ""batch_size"": 162, ""epoch"": 4, ""learning_rate"": 0.09077026219415485, ""max_dropout"": 0.12364333459570129, ""max_units"": 80, ""momentum"": 0.24740214366112606, ""num_layers"": 5, ""weight_decay"": 0.027497892090411324}","{""time"": 9.064200401306152, ""val_accuracy"": 96.73005676269531, ""val_cross_entropy"": 0.40002864599227905, ""val_balanced_accuracy"": 0.6815909743309021, ""test_cross_entropy"": 0.5975738763809204, ""test_balanced_accuracy"": 0.6826695203781128}"
2026-04-14T08:02:40.244918,tpe,lcbench,3945,1,923,3.5797481536865234,"{""OpenML_task_id"": ""168335"", ""batch_size"": 170, ""epoch"": 1, ""learning_rate"": 0.09239424651381264, ""max_dropout"": 0.14350825319986565, ""max_units"": 64, ""momentum"": 0.21090926497959744, ""num_layers"": 5, ""weight_decay"": 0.030285145922550084}","{""time"": 3.5797481536865234, ""val_accuracy"": 75.01026916503906, ""val_cross_entropy"": 0.4869760572910309, ""val_balanced_accuracy"": 0.6010110974311829, ""test_cross_entropy"": 0.6363667249679565, ""test_balanced_accuracy"": 0.5887438058853149}"
2026-04-14T08:02:40.318413,tpe,lcbench,3945,1,924,7.767343044281006,"{""OpenML_task_id"": ""168335"", ""batch_size"": 176, ""epoch"": 3, ""learning_rate"": 0.09531876712773212, ""max_dropout"": 0.1116910829505459, ""max_units"": 65, ""momentum"": 0.23052295362063674, ""num_layers"": 5, ""weight_decay"": 0.03131854539244172}","{""time"": 7.767343044281006, ""val_accuracy"": 95.7020034790039, ""val_cross_entropy"": 0.41766515374183655, ""val_balanced_accuracy"": 0.6679579019546509, ""test_cross_entropy"": 0.610386848449707, ""test_balanced_accuracy"": 0.6689944863319397}"
2026-04-14T08:02:40.379669,tpe,lcbench,3945,1,925,5.8569183349609375,"{""OpenML_task_id"": ""168335"", ""batch_size"": 175, ""epoch"": 2, ""learning_rate"": 0.09418688622739908, ""max_dropout"": 0.13737794396096398, ""max_units"": 65, ""momentum"": 0.22711378592569964, ""num_layers"": 5, ""weight_decay"": 0.030421394223402787}","{""time"": 5.8569183349609375, ""val_accuracy"": 92.15973663330078, ""val_cross_entropy"": 0.4339473247528076, ""val_balanced_accuracy"": 0.6313648819923401, ""test_cross_entropy"": 0.6215648651123047, ""test_balanced_accuracy"": 0.6283375024795532}"
2026-04-14T08:02:40.448777,tpe,lcbench,3945,1,926,11.914498329162598,"{""OpenML_task_id"": ""3945"", ""batch_size"": 168, ""epoch"": 6, ""learning_rate"": 0.09227317827942959, ""max_dropout"": 0.14307026794371774, ""max_units"": 64, ""momentum"": 0.21205028693984837, ""num_layers"": 5, ""weight_decay"": 0.029502964822167868}","{""time"": 11.914498329162598, ""val_accuracy"": 97.40210723876953, ""val_cross_entropy"": 0.38930779695510864, ""val_balanced_accuracy"": 0.6740846037864685, ""test_cross_entropy"": 0.5966823101043701, ""test_balanced_accuracy"": 0.6761255264282227}"
2026-04-14T08:02:40.519659,tpe,lcbench,3945,1,927,3.5909037590026855,"{""OpenML_task_id"": ""168330"", ""batch_size"": 167, ""epoch"": 1, ""learning_rate"": 0.09398521004289336, ""max_dropout"": 0.1113697928936874, ""max_units"": 64, ""momentum"": 0.25036930974398847, ""num_layers"": 5, ""weight_decay"": 0.02539080669829769}","{""time"": 3.5909037590026855, ""val_accuracy"": 74.96379089355469, ""val_cross_entropy"": 0.4921972453594208, ""val_balanced_accuracy"": 0.6009491682052612, ""test_cross_entropy"": 0.6374678611755371, ""test_balanced_accuracy"": 0.5880591869354248}"
2026-04-14T08:02:40.596725,tpe,lcbench,3945,1,928,8.167555809020996,"{""OpenML_task_id"": ""168330"", ""batch_size"": 179, ""epoch"": 2, ""learning_rate"": 0.09520151945877342, ""max_dropout"": 0.11002956420562839, ""max_units"": 64, ""momentum"": 0.7186353992402493, ""num_layers"": 5, ""weight_decay"": 0.025121092283807392}","{""time"": 8.167555809020996, ""val_accuracy"": 91.824951171875, ""val_cross_entropy"": 0.41768261790275574, ""val_balanced_accuracy"": 0.6456041932106018, ""test_cross_entropy"": 0.6077295541763306, ""test_balanced_accuracy"": 0.6386585831642151}"
2026-04-14T08:02:40.661531,tpe,lcbench,3945,1,929,29.752567291259766,"{""OpenML_task_id"": ""168335"", ""batch_size"": 170, ""epoch"": 3, ""learning_rate"": 0.09632089024540486, ""max_dropout"": 0.10382017255161734, ""max_units"": 731, ""momentum"": 0.24095993068840993, ""num_layers"": 5, ""weight_decay"": 0.0321093019118807}","{""time"": 29.752567291259766, ""val_accuracy"": 91.7353286743164, ""val_cross_entropy"": 0.4689367413520813, ""val_balanced_accuracy"": 0.6856787800788879, ""test_cross_entropy"": 0.5995323657989502, ""test_balanced_accuracy"": 0.6870638132095337}"
2026-04-14T08:02:40.735020,tpe,lcbench,3945,1,930,3.9018707275390625,"{""OpenML_task_id"": ""168330"", ""batch_size"": 165, ""epoch"": 1, ""learning_rate"": 0.09764601671114771, ""max_dropout"": 0.08468810599705916, ""max_units"": 95, ""momentum"": 0.24088271287310953, ""num_layers"": 5, ""weight_decay"": 0.025374321898935473}","{""time"": 3.9018707275390625, ""val_accuracy"": 74.32340240478516, ""val_cross_entropy"": 0.4978541135787964, ""val_balanced_accuracy"": 0.5990311503410339, ""test_cross_entropy"": 0.6379503607749939, ""test_balanced_accuracy"": 0.5864048600196838}"
2026-04-14T08:02:40.798922,tpe,lcbench,3945,1,931,5.7885894775390625,"{""OpenML_task_id"": ""168330"", ""batch_size"": 188, ""epoch"": 2, ""learning_rate"": 0.09851435120303076, ""max_dropout"": 0.12471057060311969, ""max_units"": 94, ""momentum"": 0.2539863112774741, ""num_layers"": 5, ""weight_decay"": 0.022752523216771698}","{""time"": 5.7885894775390625, ""val_accuracy"": 92.20932006835938, ""val_cross_entropy"": 0.43935346603393555, ""val_balanced_accuracy"": 0.6574918031692505, ""test_cross_entropy"": 0.6149554252624512, ""test_balanced_accuracy"": 0.6551758646965027}"
2026-04-14T08:02:40.872429,tpe,lcbench,3945,1,932,4.021795272827148,"{""OpenML_task_id"": ""168330"", ""batch_size"": 176, ""epoch"": 1, ""learning_rate"": 0.09391820928210902, ""max_dropout"": 0.1271757113916299, ""max_units"": 101, ""momentum"": 0.25209799256517124, ""num_layers"": 5, ""weight_decay"": 0.029076298974831744}","{""time"": 4.021795272827148, ""val_accuracy"": 73.98395538330078, ""val_cross_entropy"": 0.49524611234664917, ""val_balanced_accuracy"": 0.5992562770843506, ""test_cross_entropy"": 0.637254536151886, ""test_balanced_accuracy"": 0.5870886445045471}"
2026-04-14T08:02:40.946378,tpe,lcbench,3945,1,933,8.242857933044434,"{""OpenML_task_id"": ""168335"", ""batch_size"": 166, ""epoch"": 3, ""learning_rate"": 0.09330143689673977, ""max_dropout"": 0.10318385801738755, ""max_units"": 64, ""momentum"": 0.4947719567300658, ""num_layers"": 5, ""weight_decay"": 0.025721680204889266}","{""time"": 8.242857933044434, ""val_accuracy"": 95.96192169189453, ""val_cross_entropy"": 0.39473244547843933, ""val_balanced_accuracy"": 0.6892045140266418, ""test_cross_entropy"": 0.594066858291626, ""test_balanced_accuracy"": 0.6873404383659363}"
2026-04-14T08:02:41.005761,tpe,lcbench,3945,1,934,3.7150115966796875,"{""OpenML_task_id"": ""168335"", ""batch_size"": 187, ""epoch"": 1, ""learning_rate"": 0.09197850512250226, ""max_dropout"": 0.14050365055156394, ""max_units"": 64, ""momentum"": 0.22594810990364275, ""num_layers"": 5, ""weight_decay"": 0.03106454666970109}","{""time"": 3.7150115966796875, ""val_accuracy"": 74.75703430175781, ""val_cross_entropy"": 0.48551276326179504, ""val_balanced_accuracy"": 0.602636456489563, ""test_cross_entropy"": 0.6358823776245117, ""test_balanced_accuracy"": 0.5904824137687683}"
2026-04-14T08:02:41.078970,tpe,lcbench,3945,1,935,9.23572063446045,"{""OpenML_task_id"": ""168330"", ""batch_size"": 160, ""epoch"": 4, ""learning_rate"": 0.0966853891055549, ""max_dropout"": 0.09019009509316295, ""max_units"": 82, ""momentum"": 0.25289549154835855, ""num_layers"": 5, ""weight_decay"": 0.028167133603763668}","{""time"": 9.23572063446045, ""val_accuracy"": 96.74112701416016, ""val_cross_entropy"": 0.39773815870285034, ""val_balanced_accuracy"": 0.6809269785881042, ""test_cross_entropy"": 0.5959919691085815, ""test_balanced_accuracy"": 0.681795060634613}"
2026-04-14T08:02:41.148205,tpe,lcbench,3945,1,936,9.91064453125,"{""OpenML_task_id"": ""168335"", ""batch_size"": 172, ""epoch"": 5, ""learning_rate"": 0.0920725182634433, ""max_dropout"": 0.15147180649741768, ""max_units"": 64, ""momentum"": 0.22211509054268044, ""num_layers"": 5, ""weight_decay"": 0.023606881043868367}","{""time"": 9.91064453125, ""val_accuracy"": 97.0975341796875, ""val_cross_entropy"": 0.382382869720459, ""val_balanced_accuracy"": 0.7008956670761108, ""test_cross_entropy"": 0.5873396992683411, ""test_balanced_accuracy"": 0.7008395195007324}"
2026-04-14T08:02:41.211032,tpe,lcbench,3945,1,937,17.12145233154297,"{""OpenML_task_id"": ""189909"", ""batch_size"": 153, ""epoch"": 2, ""learning_rate"": 0.09418295881978614, ""max_dropout"": 0.11907018973265725, ""max_units"": 623, ""momentum"": 0.20663401310154927, ""num_layers"": 5, ""weight_decay"": 0.01996741248819367}","{""time"": 17.12145233154297, ""val_accuracy"": 87.90220642089844, ""val_cross_entropy"": 0.4805299937725067, ""val_balanced_accuracy"": 0.6713503003120422, ""test_cross_entropy"": 0.6057782173156738, ""test_balanced_accuracy"": 0.670669436454773}"
2026-04-14T08:02:41.284029,tpe,lcbench,3945,1,938,3.99808931350708,"{""OpenML_task_id"": ""168330"", ""batch_size"": 182, ""epoch"": 1, ""learning_rate"": 0.0909633193178771, ""max_dropout"": 0.15584783992466866, ""max_units"": 92, ""momentum"": 0.25014168322240576, ""num_layers"": 5, ""weight_decay"": 0.026256382252236893}","{""time"": 3.99808931350708, ""val_accuracy"": 73.78440856933594, ""val_cross_entropy"": 0.49235856533050537, ""val_balanced_accuracy"": 0.5998395085334778, ""test_cross_entropy"": 0.6377255916595459, ""test_balanced_accuracy"": 0.5876578092575073}"
2026-04-14T08:02:41.348638,tpe,lcbench,3945,1,939,6.367294788360596,"{""OpenML_task_id"": ""189862"", ""batch_size"": 162, ""epoch"": 2, ""learning_rate"": 0.09370982998577551, ""max_dropout"": 0.14692681728675433, ""max_units"": 95, ""momentum"": 0.22496587514452632, ""num_layers"": 5, ""weight_decay"": 0.03196589264825292}","{""time"": 6.367294788360596, ""val_accuracy"": 92.17028045654297, ""val_cross_entropy"": 0.4343501329421997, ""val_balanced_accuracy"": 0.627152144908905, ""test_cross_entropy"": 0.6207349896430969, ""test_balanced_accuracy"": 0.6243866682052612}"
2026-04-14T08:02:41.413289,tpe,lcbench,3945,1,940,14.155412673950195,"{""OpenML_task_id"": ""168330"", ""batch_size"": 149, ""epoch"": 3, ""learning_rate"": 0.09129356273448243, ""max_dropout"": 0.13788042114877763, ""max_units"": 82, ""momentum"": 0.23708286413103047, ""num_layers"": 4, ""weight_decay"": 0.029069922899986313}","{""time"": 14.155412673950195, ""val_accuracy"": 88.05020904541016, ""val_cross_entropy"": 0.519340991973877, ""val_balanced_accuracy"": 0.6034934520721436, ""test_cross_entropy"": 0.5928984880447388, ""test_balanced_accuracy"": 0.6011520624160767}"
2026-04-14T08:02:41.479594,tpe,lcbench,3945,1,941,3.819597005844116,"{""OpenML_task_id"": ""34539"", ""batch_size"": 169, ""epoch"": 1, ""learning_rate"": 0.09657237395188122, ""max_dropout"": 0.11719692504991674, ""max_units"": 82, ""momentum"": 0.20815974732142273, ""num_layers"": 5, ""weight_decay"": 0.021929894941242332}","{""time"": 3.819597005844116, ""val_accuracy"": 74.22735595703125, ""val_cross_entropy"": 0.49337896704673767, ""val_balanced_accuracy"": 0.5995112657546997, ""test_cross_entropy"": 0.6381239891052246, ""test_balanced_accuracy"": 0.5869531631469727}"
2026-04-14T08:02:41.560421,tpe,lcbench,3945,1,942,25.627723693847656,"{""OpenML_task_id"": ""168908"", ""batch_size"": 148, ""epoch"": 2, ""learning_rate"": 0.09039799852604209, ""max_dropout"": 0.16125781946792234, ""max_units"": 848, ""momentum"": 0.2510879976479316, ""num_layers"": 5, ""weight_decay"": 0.02391812345473906}","{""time"": 25.627723693847656, ""val_accuracy"": 86.22931671142578, ""val_cross_entropy"": 0.4954146146774292, ""val_balanced_accuracy"": 0.659313976764679, ""test_cross_entropy"": 0.6104005575180054, ""test_balanced_accuracy"": 0.6586013436317444}"
2026-04-14T08:02:41.633711,tpe,lcbench,3945,1,943,3.5225746631622314,"{""OpenML_task_id"": ""167104"", ""batch_size"": 158, ""epoch"": 1, ""learning_rate"": 0.09295388543782292, ""max_dropout"": 0.13060525096536504, ""max_units"": 64, ""momentum"": 0.20622552409756123, ""num_layers"": 5, ""weight_decay"": 0.026519775974202384}","{""time"": 3.5225746631622314, ""val_accuracy"": 75.00840759277344, ""val_cross_entropy"": 0.4892788827419281, ""val_balanced_accuracy"": 0.5997033715248108, ""test_cross_entropy"": 0.637633204460144, ""test_balanced_accuracy"": 0.5870998501777649}"
2026-04-14T08:02:41.705958,tpe,lcbench,3945,1,944,43.58710861206055,"{""OpenML_task_id"": ""167104"", ""batch_size"": 180, ""epoch"": 3, ""learning_rate"": 0.09905727411425096, ""max_dropout"": 0.09435886703401972, ""max_units"": 947, ""momentum"": 0.22928898042752593, ""num_layers"": 5, ""weight_decay"": 0.02512171843343496}","{""time"": 43.58710861206055, ""val_accuracy"": 90.65067291259766, ""val_cross_entropy"": 0.4396432340145111, ""val_balanced_accuracy"": 0.7155789136886597, ""test_cross_entropy"": 0.5784658789634705, ""test_balanced_accuracy"": 0.7138313055038452}"
2026-04-14T08:02:41.785805,tpe,lcbench,3945,1,945,3.747084617614746,"{""OpenML_task_id"": ""167104"", ""batch_size"": 170, ""epoch"": 1, ""learning_rate"": 0.09260971882105876, ""max_dropout"": 0.12490143773120449, ""max_units"": 80, ""momentum"": 0.21668641154045287, ""num_layers"": 5, ""weight_decay"": 0.026069627018893385}","{""time"": 3.747084617614746, ""val_accuracy"": 74.43519592285156, ""val_cross_entropy"": 0.4910072982311249, ""val_balanced_accuracy"": 0.6001450419425964, ""test_cross_entropy"": 0.6372649669647217, ""test_balanced_accuracy"": 0.5877485871315002}"
2026-04-14T08:02:41.861160,tpe,lcbench,3945,1,946,8.223335266113281,"{""OpenML_task_id"": ""167104"", ""batch_size"": 160, ""epoch"": 4, ""learning_rate"": 0.09455877420077784, ""max_dropout"": 0.09607837177000228, ""max_units"": 64, ""momentum"": 0.20037210038282793, ""num_layers"": 5, ""weight_decay"": 0.021210472286649806}","{""time"": 8.223335266113281, ""val_accuracy"": 96.76142883300781, ""val_cross_entropy"": 0.3850546181201935, ""val_balanced_accuracy"": 0.7075875997543335, ""test_cross_entropy"": 0.5826830863952637, ""test_balanced_accuracy"": 0.7062271237373352}"
2026-04-14T08:02:41.928061,tpe,lcbench,3945,1,947,5.953136920928955,"{""OpenML_task_id"": ""167104"", ""batch_size"": 185, ""epoch"": 2, ""learning_rate"": 0.09711567214719892, ""max_dropout"": 0.12440365123682726, ""max_units"": 106, ""momentum"": 0.25343841854059523, ""num_layers"": 5, ""weight_decay"": 0.023156421378240973}","{""time"": 5.953136920928955, ""val_accuracy"": 92.15902709960938, ""val_cross_entropy"": 0.4405999183654785, ""val_balanced_accuracy"": 0.6569427847862244, ""test_cross_entropy"": 0.6150462627410889, ""test_balanced_accuracy"": 0.654758632183075}"
2026-04-14T08:02:41.995906,tpe,lcbench,3945,1,948,3.8460919857025146,"{""OpenML_task_id"": ""167104"", ""batch_size"": 174, ""epoch"": 1, ""learning_rate"": 0.09542192462623185, ""max_dropout"": 0.1608256916849485, ""max_units"": 83, ""momentum"": 0.22706632914408942, ""num_layers"": 5, ""weight_decay"": 0.024340497237720495}","{""time"": 3.8460919857025146, ""val_accuracy"": 74.0383071899414, ""val_cross_entropy"": 0.49190232157707214, ""val_balanced_accuracy"": 0.5994231700897217, ""test_cross_entropy"": 0.6381323933601379, ""test_balanced_accuracy"": 0.5871569514274597}"
2026-04-14T08:02:42.065621,tpe,lcbench,3945,1,949,7.62092399597168,"{""OpenML_task_id"": ""167104"", ""batch_size"": 160, ""epoch"": 3, ""learning_rate"": 0.0944798623566901, ""max_dropout"": 0.1301782043822241, ""max_units"": 96, ""momentum"": 0.2077422568249239, ""num_layers"": 5, ""weight_decay"": 0.026995416922049313}","{""time"": 7.62092399597168, ""val_accuracy"": 95.82694244384766, ""val_cross_entropy"": 0.4105747938156128, ""val_balanced_accuracy"": 0.6787368655204773, ""test_cross_entropy"": 0.6015268564224243, ""test_balanced_accuracy"": 0.6793352365493774}"
2026-04-14T08:02:42.138994,tpe,lcbench,3945,1,950,39.09830856323242,"{""OpenML_task_id"": ""167104"", ""batch_size"": 189, ""epoch"": 19, ""learning_rate"": 0.0926460983218408, ""max_dropout"": 0.1062299678112952, ""max_units"": 64, ""momentum"": 0.7760685220066198, ""num_layers"": 5, ""weight_decay"": 0.019951826542099347}","{""time"": 39.09830856323242, ""val_accuracy"": 97.76729583740234, ""val_cross_entropy"": 0.33699116110801697, ""val_balanced_accuracy"": 0.7102567553520203, ""test_cross_entropy"": 0.5445685386657715, ""test_balanced_accuracy"": 0.7077643871307373}"
2026-04-14T08:02:42.205864,tpe,lcbench,3945,1,951,13.486066818237305,"{""OpenML_task_id"": ""167152"", ""batch_size"": 167, ""epoch"": 1, ""learning_rate"": 0.0916940825372799, ""max_dropout"": 0.25799600861282806, ""max_units"": 657, ""momentum"": 0.23669480737273696, ""num_layers"": 3, ""weight_decay"": 0.022680005980393825}","{""time"": 13.486066818237305, ""val_accuracy"": 46.112815856933594, ""val_cross_entropy"": 0.7211493253707886, ""val_balanced_accuracy"": 0.5087888836860657, ""test_cross_entropy"": 0.6800929307937622, ""test_balanced_accuracy"": 0.514621376991272}"
2026-04-14T08:02:42.276682,tpe,lcbench,3945,1,952,7.630684852600098,"{""OpenML_task_id"": ""189905"", ""batch_size"": 158, ""epoch"": 2, ""learning_rate"": 0.0929059597155677, ""max_dropout"": 0.8198182384083319, ""max_units"": 85, ""momentum"": 0.19731135218410328, ""num_layers"": 5, ""weight_decay"": 0.03012687731263739}","{""time"": 7.630684852600098, ""val_accuracy"": 91.35781860351562, ""val_cross_entropy"": 0.3977648615837097, ""val_balanced_accuracy"": 0.6330989599227905, ""test_cross_entropy"": 0.6051170825958252, ""test_balanced_accuracy"": 0.6294770836830139}"
2026-04-14T08:02:42.389112,tpe,lcbench,3945,1,953,6.036805152893066,"{""OpenML_task_id"": ""167104"", ""batch_size"": 137, ""epoch"": 2, ""learning_rate"": 0.0960120469737881, ""max_dropout"": 0.15785212462403803, ""max_units"": 111, ""momentum"": 0.21918370544461122, ""num_layers"": 5, ""weight_decay"": 0.02610181968572112}","{""time"": 6.036805152893066, ""val_accuracy"": 92.9750747680664, ""val_cross_entropy"": 0.4241841733455658, ""val_balanced_accuracy"": 0.6371037364006042, ""test_cross_entropy"": 0.6116873621940613, ""test_balanced_accuracy"": 0.6348123550415039}"
2026-04-14T08:02:42.459001,tpe,lcbench,3945,1,954,9.079540252685547,"{""OpenML_task_id"": ""167104"", ""batch_size"": 175, ""epoch"": 4, ""learning_rate"": 0.09094099826519673, ""max_dropout"": 0.1353382509227179, ""max_units"": 83, ""momentum"": 0.1986342627855384, ""num_layers"": 5, ""weight_decay"": 0.027882888158538885}","{""time"": 9.079540252685547, ""val_accuracy"": 96.57078552246094, ""val_cross_entropy"": 0.40840041637420654, ""val_balanced_accuracy"": 0.6802610158920288, ""test_cross_entropy"": 0.6019555330276489, ""test_balanced_accuracy"": 0.6820434927940369}"
2026-04-14T08:02:42.523958,tpe,lcbench,3945,1,955,3.7610292434692383,"{""OpenML_task_id"": ""167201"", ""batch_size"": 148, ""epoch"": 1, ""learning_rate"": 0.09398299680898796, ""max_dropout"": 0.23365164566775332, ""max_units"": 79, ""momentum"": 0.25769580113631957, ""num_layers"": 5, ""weight_decay"": 0.03212549024702324}","{""time"": 3.7610292434692383, ""val_accuracy"": 74.49030303955078, ""val_cross_entropy"": 0.49370986223220825, ""val_balanced_accuracy"": 0.595384955406189, ""test_cross_entropy"": 0.638361930847168, ""test_balanced_accuracy"": 0.5832014083862305}"
2026-04-14T08:02:42.599166,tpe,lcbench,3945,1,956,7.13983154296875,"{""OpenML_task_id"": ""168329"", ""batch_size"": 165, ""epoch"": 3, ""learning_rate"": 0.09030055856473082, ""max_dropout"": 0.16630970093039268, ""max_units"": 64, ""momentum"": 0.21582852920782467, ""num_layers"": 5, ""weight_decay"": 0.024709624717024373}","{""time"": 7.13983154296875, ""val_accuracy"": 95.91069030761719, ""val_cross_entropy"": 0.40751463174819946, ""val_balanced_accuracy"": 0.6826799511909485, ""test_cross_entropy"": 0.6015877723693848, ""test_balanced_accuracy"": 0.6829795241355896}"
2026-04-14T08:02:42.668104,tpe,lcbench,3945,1,957,3.9116320610046387,"{""OpenML_task_id"": ""168335"", ""batch_size"": 131, ""epoch"": 1, ""learning_rate"": 0.08994674329218079, ""max_dropout"": 0.14352825964157936, ""max_units"": 96, ""momentum"": 0.2398892571246472, ""num_layers"": 5, ""weight_decay"": 0.03003107696084041}","{""time"": 3.9116320610046387, ""val_accuracy"": 74.44669342041016, ""val_cross_entropy"": 0.501255452632904, ""val_balanced_accuracy"": 0.5925538539886475, ""test_cross_entropy"": 0.6398459672927856, ""test_balanced_accuracy"": 0.5795664191246033}"
2026-04-14T08:02:42.742845,tpe,lcbench,3945,1,958,5.375826358795166,"{""OpenML_task_id"": ""167104"", ""batch_size"": 154, ""epoch"": 2, ""learning_rate"": 0.09253587084991502, ""max_dropout"": 0.11209424470220117, ""max_units"": 64, ""momentum"": 0.19409545135126488, ""num_layers"": 5, ""weight_decay"": 0.027199016153597832}","{""time"": 5.375826358795166, ""val_accuracy"": 92.82481384277344, ""val_cross_entropy"": 0.428241103887558, ""val_balanced_accuracy"": 0.6362026929855347, ""test_cross_entropy"": 0.6173794269561768, ""test_balanced_accuracy"": 0.6334480047225952}"
2026-04-14T08:02:42.829741,tpe,lcbench,3945,1,959,7.459165096282959,"{""OpenML_task_id"": ""189905"", ""batch_size"": 142, ""epoch"": 3, ""learning_rate"": 0.0992806169782635, ""max_dropout"": 0.21142070507511693, ""max_units"": 111, ""momentum"": 0.21677283432190203, ""num_layers"": 5, ""weight_decay"": 0.02193618178544005}","{""time"": 7.459165096282959, ""val_accuracy"": 95.95679473876953, ""val_cross_entropy"": 0.39434298872947693, ""val_balanced_accuracy"": 0.6911712884902954, ""test_cross_entropy"": 0.5892459154129028, ""test_balanced_accuracy"": 0.6903504729270935}"
2026-04-14T08:02:42.899071,tpe,lcbench,3945,1,960,3.797285556793213,"{""OpenML_task_id"": ""126025"", ""batch_size"": 190, ""epoch"": 1, ""learning_rate"": 0.0954783386893393, ""max_dropout"": 0.1754820506359651, ""max_units"": 64, ""momentum"": 0.23301650556959974, ""num_layers"": 5, ""weight_decay"": 0.0242184890136493}","{""time"": 3.797285556793213, ""val_accuracy"": 74.06301879882812, ""val_cross_entropy"": 0.48818451166152954, ""val_balanced_accuracy"": 0.6008448600769043, ""test_cross_entropy"": 0.6381940841674805, ""test_balanced_accuracy"": 0.588660717010498}"
2026-04-14T08:02:42.969838,tpe,lcbench,3945,1,961,11.914498329162598,"{""OpenML_task_id"": ""168330"", ""batch_size"": 172, ""epoch"": 2, ""learning_rate"": 0.08939161824216081, ""max_dropout"": 0.0864030386068933, ""max_units"": 392, ""momentum"": 0.1983065515625447, ""num_layers"": 5, ""weight_decay"": 0.029288142969899348}","{""time"": 11.914498329162598, ""val_accuracy"": 89.65438842773438, ""val_cross_entropy"": 0.48377203941345215, ""val_balanced_accuracy"": 0.6469354629516602, ""test_cross_entropy"": 0.6236358284950256, ""test_balanced_accuracy"": 0.6477689146995544}"
2026-04-14T08:02:43.035644,tpe,lcbench,3945,1,962,3.673177480697632,"{""OpenML_task_id"": ""189354"", ""batch_size"": 158, ""epoch"": 1, ""learning_rate"": 0.09144753693715969, ""max_dropout"": 0.26604022603353894, ""max_units"": 64, ""momentum"": 0.25350023863315496, ""num_layers"": 5, ""weight_decay"": 0.03225904649029754}","{""time"": 3.673177480697632, ""val_accuracy"": 74.75347137451172, ""val_cross_entropy"": 0.48815983533859253, ""val_balanced_accuracy"": 0.5972035527229309, ""test_cross_entropy"": 0.636859655380249, ""test_balanced_accuracy"": 0.5853778719902039}"
2026-04-14T08:02:43.107793,tpe,lcbench,3945,1,963,11.19774055480957,"{""OpenML_task_id"": ""189354"", ""batch_size"": 163, ""epoch"": 5, ""learning_rate"": 0.09382280992046398, ""max_dropout"": 0.2653775713498103, ""max_units"": 64, ""momentum"": 0.2593199809343088, ""num_layers"": 5, ""weight_decay"": 0.03235615754892737}","{""time"": 11.19774055480957, ""val_accuracy"": 97.1312484741211, ""val_cross_entropy"": 0.40049517154693604, ""val_balanced_accuracy"": 0.6549222469329834, ""test_cross_entropy"": 0.6077680587768555, ""test_balanced_accuracy"": 0.6581630706787109}"
2026-04-14T08:02:43.172052,tpe,lcbench,3945,1,964,6.955761432647705,"{""OpenML_task_id"": ""189354"", ""batch_size"": 178, ""epoch"": 2, ""learning_rate"": 0.09672395250973019, ""max_dropout"": 0.2607179544304127, ""max_units"": 94, ""momentum"": 0.2662555922883769, ""num_layers"": 5, ""weight_decay"": 0.0330135632278706}","{""time"": 6.955761432647705, ""val_accuracy"": 91.67970275878906, ""val_cross_entropy"": 0.43352290987968445, ""val_balanced_accuracy"": 0.6214318871498108, ""test_cross_entropy"": 0.623818039894104, ""test_balanced_accuracy"": 0.6186928153038025}"
2026-04-14T08:02:43.256191,tpe,lcbench,3945,1,965,26.952468872070312,"{""OpenML_task_id"": ""189354"", ""batch_size"": 157, ""epoch"": 17, ""learning_rate"": 0.09190460485788148, ""max_dropout"": 0.314881846550203, ""max_units"": 83, ""momentum"": 0.24613168396052787, ""num_layers"": 5, ""weight_decay"": 0.03256548239747349}","{""time"": 26.952468872070312, ""val_accuracy"": 98.00253295898438, ""val_cross_entropy"": 0.38895225524902344, ""val_balanced_accuracy"": 0.6150184273719788, ""test_cross_entropy"": 0.5993208885192871, ""test_balanced_accuracy"": 0.6195831894874573}"
2026-04-14T08:02:43.332268,tpe,lcbench,3945,1,966,8.55103588104248,"{""OpenML_task_id"": ""167104"", ""batch_size"": 171, ""epoch"": 3, ""learning_rate"": 0.0951169741927016, ""max_dropout"": 0.300431324042752, ""max_units"": 114, ""momentum"": 0.25674351083524927, ""num_layers"": 5, ""weight_decay"": 0.030897357445066543}","{""time"": 8.55103588104248, ""val_accuracy"": 95.4460678100586, ""val_cross_entropy"": 0.4233713746070862, ""val_balanced_accuracy"": 0.6603761911392212, ""test_cross_entropy"": 0.6144843697547913, ""test_balanced_accuracy"": 0.6625588536262512}"
2026-04-14T08:02:43.397145,tpe,lcbench,3945,1,967,3.675966501235962,"{""OpenML_task_id"": ""189354"", ""batch_size"": 158, ""epoch"": 1, ""learning_rate"": 0.09336151459441919, ""max_dropout"": 0.2797386632473243, ""max_units"": 64, ""momentum"": 0.23872824297853887, ""num_layers"": 5, ""weight_decay"": 0.030991777935991678}","{""time"": 3.675966501235962, ""val_accuracy"": 74.65486907958984, ""val_cross_entropy"": 0.4868743419647217, ""val_balanced_accuracy"": 0.5969803929328918, ""test_cross_entropy"": 0.637010931968689, ""test_balanced_accuracy"": 0.585300862789154}"
2026-04-14T08:02:43.472750,tpe,lcbench,3945,1,968,3.7638182640075684,"{""OpenML_task_id"": ""189354"", ""batch_size"": 180, ""epoch"": 1, ""learning_rate"": 0.09785688617870772, ""max_dropout"": 0.28094890028355485, ""max_units"": 64, ""momentum"": 0.23255177079660683, ""num_layers"": 5, ""weight_decay"": 0.03189715758233236}","{""time"": 3.7638182640075684, ""val_accuracy"": 74.46629333496094, ""val_cross_entropy"": 0.4836939573287964, ""val_balanced_accuracy"": 0.5993214845657349, ""test_cross_entropy"": 0.6366534233093262, ""test_balanced_accuracy"": 0.5880468487739563}"
2026-04-14T08:02:43.539013,tpe,lcbench,3945,1,969,21.200279235839844,"{""OpenML_task_id"": ""189354"", ""batch_size"": 164, ""epoch"": 4, ""learning_rate"": 0.09420467179066636, ""max_dropout"": 0.24700852005768326, ""max_units"": 96, ""momentum"": 0.24386341753530333, ""num_layers"": 1, ""weight_decay"": 0.03289281287387912}","{""time"": 21.200279235839844, ""val_accuracy"": 69.1855239868164, ""val_cross_entropy"": 0.5794899463653564, ""val_balanced_accuracy"": 0.7281019687652588, ""test_cross_entropy"": 0.5805460214614868, ""test_balanced_accuracy"": 0.7112884521484375}"
2026-04-14T08:02:43.602299,tpe,lcbench,3945,1,970,6.484430313110352,"{""OpenML_task_id"": ""189354"", ""batch_size"": 160, ""epoch"": 2, ""learning_rate"": 0.09551442044375257, ""max_dropout"": 0.2789954497087881, ""max_units"": 84, ""momentum"": 0.2277916332120219, ""num_layers"": 5, ""weight_decay"": 0.03090531714081753}","{""time"": 6.484430313110352, ""val_accuracy"": 92.28392028808594, ""val_cross_entropy"": 0.4268990755081177, ""val_balanced_accuracy"": 0.621672511100769, ""test_cross_entropy"": 0.6211207509040833, ""test_balanced_accuracy"": 0.61900794506073}"
2026-04-14T08:02:43.667386,tpe,lcbench,3945,1,971,4.045501232147217,"{""OpenML_task_id"": ""189354"", ""batch_size"": 169, ""epoch"": 1, ""learning_rate"": 0.09192643255135337, ""max_dropout"": 0.269861836747508, ""max_units"": 97, ""momentum"": 0.2175119726207041, ""num_layers"": 5, ""weight_decay"": 0.03344762646684259}","{""time"": 4.045501232147217, ""val_accuracy"": 73.78975677490234, ""val_cross_entropy"": 0.48791322112083435, ""val_balanced_accuracy"": 0.5971033573150635, ""test_cross_entropy"": 0.6366908550262451, ""test_balanced_accuracy"": 0.5860068202018738}"
2026-04-14T08:02:43.732448,tpe,lcbench,3945,1,972,41.993228912353516,"{""OpenML_task_id"": ""189354"", ""batch_size"": 180, ""epoch"": 3, ""learning_rate"": 0.09991059265702837, ""max_dropout"": 0.23813844158978367, ""max_units"": 788, ""momentum"": 0.5593926040088277, ""num_layers"": 5, ""weight_decay"": 0.030347508104329297}","{""time"": 41.993228912353516, ""val_accuracy"": 90.66277313232422, ""val_cross_entropy"": 0.47509610652923584, ""val_balanced_accuracy"": 0.6801559329032898, ""test_cross_entropy"": 0.6020486354827881, ""test_balanced_accuracy"": 0.6788171529769897}"
2026-04-14T08:02:43.804589,tpe,lcbench,3945,1,973,7.191426753997803,"{""OpenML_task_id"": ""189354"", ""batch_size"": 151, ""epoch"": 2, ""learning_rate"": 0.09364901299791396, ""max_dropout"": 0.28773118034968004, ""max_units"": 124, ""momentum"": 0.2429246164178005, ""num_layers"": 5, ""weight_decay"": 0.03152610839521691}","{""time"": 7.191426753997803, ""val_accuracy"": 92.1520004272461, ""val_cross_entropy"": 0.4296643137931824, ""val_balanced_accuracy"": 0.6214200258255005, ""test_cross_entropy"": 0.6199454069137573, ""test_balanced_accuracy"": 0.6191390156745911}"
2026-04-14T08:02:43.872388,tpe,lcbench,3945,1,974,3.685727834701538,"{""OpenML_task_id"": ""189354"", ""batch_size"": 157, ""epoch"": 1, ""learning_rate"": 0.09309003610711923, ""max_dropout"": 0.1410201816569983, ""max_units"": 81, ""momentum"": 0.21500818789447818, ""num_layers"": 5, ""weight_decay"": 0.029963362405358893}","{""time"": 3.685727834701538, ""val_accuracy"": 74.68933868408203, ""val_cross_entropy"": 0.49204927682876587, ""val_balanced_accuracy"": 0.5982547402381897, ""test_cross_entropy"": 0.6376586556434631, ""test_balanced_accuracy"": 0.5859609842300415}"
2026-04-14T08:02:43.946419,tpe,lcbench,3945,1,975,8.213573455810547,"{""OpenML_task_id"": ""189354"", ""batch_size"": 168, ""epoch"": 3, ""learning_rate"": 0.0910602337489092, ""max_dropout"": 0.23108513080694984, ""max_units"": 81, ""momentum"": 0.22961065173471348, ""num_layers"": 5, ""weight_decay"": 0.033372145468045594}","{""time"": 8.213573455810547, ""val_accuracy"": 95.58561706542969, ""val_cross_entropy"": 0.41988885402679443, ""val_balanced_accuracy"": 0.6543940305709839, ""test_cross_entropy"": 0.6151255965232849, ""test_balanced_accuracy"": 0.6560624837875366}"
2026-04-14T08:02:44.024653,tpe,lcbench,3945,1,976,15.050662994384766,"{""OpenML_task_id"": ""167201"", ""batch_size"": 143, ""epoch"": 7, ""learning_rate"": 0.09676343022639915, ""max_dropout"": 0.11776918977351811, ""max_units"": 105, ""momentum"": 0.2113665400122992, ""num_layers"": 5, ""weight_decay"": 0.028449600700982954}","{""time"": 15.050662994384766, ""val_accuracy"": 97.54898834228516, ""val_cross_entropy"": 0.38165226578712463, ""val_balanced_accuracy"": 0.6791888475418091, ""test_cross_entropy"": 0.5830191373825073, ""test_balanced_accuracy"": 0.6797007322311401}"
2026-04-14T08:02:44.101883,tpe,lcbench,3945,1,977,3.999483585357666,"{""OpenML_task_id"": ""167184"", ""batch_size"": 187, ""epoch"": 1, ""learning_rate"": 0.095362119817235, ""max_dropout"": 0.31847939982787093, ""max_units"": 81, ""momentum"": 0.2549312810152315, ""num_layers"": 5, ""weight_decay"": 0.030921582495997656}","{""time"": 3.999483585357666, ""val_accuracy"": 73.76386260986328, ""val_cross_entropy"": 0.48510071635246277, ""val_balanced_accuracy"": 0.5981417894363403, ""test_cross_entropy"": 0.6375513076782227, ""test_balanced_accuracy"": 0.5871177911758423}"
2026-04-14T08:02:44.183074,tpe,lcbench,3945,1,978,6.7326459884643555,"{""OpenML_task_id"": ""168331"", ""batch_size"": 151, ""epoch"": 2, ""learning_rate"": 0.09240243615159174, ""max_dropout"": 0.1577002584315268, ""max_units"": 140, ""momentum"": 0.23842056974016543, ""num_layers"": 5, ""weight_decay"": 0.029291189561333315}","{""time"": 6.7326459884643555, ""val_accuracy"": 92.30962371826172, ""val_cross_entropy"": 0.4367865324020386, ""val_balanced_accuracy"": 0.6349746584892273, ""test_cross_entropy"": 0.6174907088279724, ""test_balanced_accuracy"": 0.6330820322036743}"
2026-04-14T08:02:44.249747,tpe,lcbench,3945,1,979,8.191262245178223,"{""OpenML_task_id"": ""189354"", ""batch_size"": 175, ""epoch"": 2, ""learning_rate"": 0.09795410551291653, ""max_dropout"": 0.1382411073168887, ""max_units"": 96, ""momentum"": 0.19880953335125068, ""num_layers"": 5, ""weight_decay"": 0.051527545324319274}","{""time"": 8.191262245178223, ""val_accuracy"": 90.87398529052734, ""val_cross_entropy"": 0.4443013072013855, ""val_balanced_accuracy"": 0.6138113737106323, ""test_cross_entropy"": 0.6288679838180542, ""test_balanced_accuracy"": 0.6105093955993652}"
2026-04-14T08:02:44.337622,tpe,lcbench,3945,1,980,20.850265502929688,"{""OpenML_task_id"": ""189865"", ""batch_size"": 38, ""epoch"": 1, ""learning_rate"": 0.0939062432871041, ""max_dropout"": 0.24814399869850237, ""max_units"": 473, ""momentum"": 0.224175580052004, ""num_layers"": 5, ""weight_decay"": 0.03279811691470195}","{""time"": 20.850265502929688, ""val_accuracy"": 60.93547821044922, ""val_cross_entropy"": 0.6151082515716553, ""val_balanced_accuracy"": 0.49332135915756226, ""test_cross_entropy"": 0.6544431447982788, ""test_balanced_accuracy"": 0.47511616349220276}"
2026-04-14T08:02:44.410067,tpe,lcbench,3945,1,981,8.76020622253418,"{""OpenML_task_id"": ""189354"", ""batch_size"": 164, ""epoch"": 4, ""learning_rate"": 0.09028324372906399, ""max_dropout"": 0.22325552204428134, ""max_units"": 64, ""momentum"": 0.18769344872271845, ""num_layers"": 5, ""weight_decay"": 0.028594365911838414}","{""time"": 8.76020622253418, ""val_accuracy"": 96.71308898925781, ""val_cross_entropy"": 0.4034659266471863, ""val_balanced_accuracy"": 0.6709240674972534, ""test_cross_entropy"": 0.6049869656562805, ""test_balanced_accuracy"": 0.6731158494949341}"
2026-04-14T08:02:44.490846,tpe,lcbench,3945,1,982,3.544886350631714,"{""OpenML_task_id"": ""189354"", ""batch_size"": 156, ""epoch"": 1, ""learning_rate"": 0.09137252469469209, ""max_dropout"": 0.174775609425443, ""max_units"": 64, ""momentum"": 0.21069819649034943, ""num_layers"": 5, ""weight_decay"": 0.030589789074291884}","{""time"": 3.544886350631714, ""val_accuracy"": 74.99053192138672, ""val_cross_entropy"": 0.4885636866092682, ""val_balanced_accuracy"": 0.5986428260803223, ""test_cross_entropy"": 0.6373089551925659, ""test_balanced_accuracy"": 0.5863131880760193}"
2026-04-14T08:02:44.561350,tpe,lcbench,3945,1,983,7.229077339172363,"{""OpenML_task_id"": ""167104"", ""batch_size"": 147, ""epoch"": 3, ""learning_rate"": 0.08898316472344249, ""max_dropout"": 0.1731687904766906, ""max_units"": 64, ""momentum"": 0.19343250291807063, ""num_layers"": 5, ""weight_decay"": 0.028238973043550233}","{""time"": 7.229077339172363, ""val_accuracy"": 96.09086608886719, ""val_cross_entropy"": 0.4039992392063141, ""val_balanced_accuracy"": 0.6685289144515991, ""test_cross_entropy"": 0.603783369064331, ""test_balanced_accuracy"": 0.6691948771476746}"
2026-04-14T08:02:44.627441,tpe,lcbench,3945,1,984,7.047796249389648,"{""OpenML_task_id"": ""168335"", ""batch_size"": 191, ""epoch"": 2, ""learning_rate"": 0.09065100041634566, ""max_dropout"": 0.15642625659083711, ""max_units"": 110, ""momentum"": 0.42121458711576704, ""num_layers"": 5, ""weight_decay"": 0.02755720026771437}","{""time"": 7.047796249389648, ""val_accuracy"": 91.87260437011719, ""val_cross_entropy"": 0.44880831241607666, ""val_balanced_accuracy"": 0.6464877128601074, ""test_cross_entropy"": 0.6204158067703247, ""test_balanced_accuracy"": 0.6440151929855347}"
2026-04-14T08:02:44.705619,tpe,lcbench,3945,1,985,3.747084617614746,"{""OpenML_task_id"": ""189354"", ""batch_size"": 146, ""epoch"": 1, ""learning_rate"": 0.08900762357833644, ""max_dropout"": 0.17808638379336275, ""max_units"": 85, ""momentum"": 0.20992629761603848, ""num_layers"": 5, ""weight_decay"": 0.029962581823312698}","{""time"": 3.747084617614746, ""val_accuracy"": 74.4844741821289, ""val_cross_entropy"": 0.4926236867904663, ""val_balanced_accuracy"": 0.5958734750747681, ""test_cross_entropy"": 0.6383574604988098, ""test_balanced_accuracy"": 0.5835307240486145}"
2026-04-14T08:02:44.772159,tpe,lcbench,3945,1,986,11.616082191467285,"{""OpenML_task_id"": ""167104"", ""batch_size"": 174, ""epoch"": 3, ""learning_rate"": 0.0913200363593437, ""max_dropout"": 0.1339490881276948, ""max_units"": 271, ""momentum"": 0.1919490702675605, ""num_layers"": 5, ""weight_decay"": 0.03301116719959413}","{""time"": 11.616082191467285, ""val_accuracy"": 94.53473663330078, ""val_cross_entropy"": 0.45182427763938904, ""val_balanced_accuracy"": 0.6656711101531982, ""test_cross_entropy"": 0.6120815277099609, ""test_balanced_accuracy"": 0.6685684323310852}"
2026-04-14T08:02:44.853797,tpe,lcbench,3945,1,987,3.603454113006592,"{""OpenML_task_id"": ""167190"", ""batch_size"": 162, ""epoch"": 1, ""learning_rate"": 0.08864975812577908, ""max_dropout"": 0.2000505188951196, ""max_units"": 64, ""momentum"": 0.18246746048105286, ""num_layers"": 5, ""weight_decay"": 0.026341752144875604}","{""time"": 3.603454113006592, ""val_accuracy"": 74.61628723144531, ""val_cross_entropy"": 0.4854264557361603, ""val_balanced_accuracy"": 0.5993465781211853, ""test_cross_entropy"": 0.6374592781066895, ""test_balanced_accuracy"": 0.587216317653656}"
2026-04-14T08:02:44.922407,tpe,lcbench,3945,1,988,35.87289810180664,"{""OpenML_task_id"": ""126025"", ""batch_size"": 179, ""epoch"": 29, ""learning_rate"": 0.08853666042130884, ""max_dropout"": 0.18003764078505427, ""max_units"": 96, ""momentum"": 0.18123517108056997, ""num_layers"": 5, ""weight_decay"": 0.025861797655550103}","{""time"": 35.87289810180664, ""val_accuracy"": 98.1469497680664, ""val_cross_entropy"": 0.347677081823349, ""val_balanced_accuracy"": 0.6748037338256836, ""test_cross_entropy"": 0.5592563152313232, ""test_balanced_accuracy"": 0.6754333972930908}"
2026-04-14T08:02:44.990794,tpe,lcbench,3945,1,989,9.65545654296875,"{""OpenML_task_id"": ""189873"", ""batch_size"": 168, ""epoch"": 4, ""learning_rate"": 0.08888460788798112, ""max_dropout"": 0.20066754910717863, ""max_units"": 121, ""momentum"": 0.17486993982694493, ""num_layers"": 5, ""weight_decay"": 0.026239991474439037}","{""time"": 9.65545654296875, ""val_accuracy"": 96.3992691040039, ""val_cross_entropy"": 0.4067973792552948, ""val_balanced_accuracy"": 0.6818952560424805, ""test_cross_entropy"": 0.6002923250198364, ""test_balanced_accuracy"": 0.6835502982139587}"
2026-04-14T08:02:45.064826,tpe,lcbench,3945,1,990,5.557107448577881,"{""OpenML_task_id"": ""167104"", ""batch_size"": 138, ""epoch"": 2, ""learning_rate"": 0.08855303061578783, ""max_dropout"": 0.16421181559341463, ""max_units"": 83, ""momentum"": 0.1840360427148092, ""num_layers"": 5, ""weight_decay"": 0.025722411950439988}","{""time"": 5.557107448577881, ""val_accuracy"": 93.08473205566406, ""val_cross_entropy"": 0.42334669828414917, ""val_balanced_accuracy"": 0.6336063146591187, ""test_cross_entropy"": 0.6141599416732788, ""test_balanced_accuracy"": 0.6311325430870056}"
2026-04-14T08:02:45.130364,tpe,lcbench,3945,1,991,12.055339813232422,"{""OpenML_task_id"": ""189905"", ""batch_size"": 347, ""epoch"": 2, ""learning_rate"": 0.0883654795944658, ""max_dropout"": 0.19374468337008277, ""max_units"": 80, ""momentum"": 0.18081025029777653, ""num_layers"": 4, ""weight_decay"": 0.027361898329675904}","{""time"": 12.055339813232422, ""val_accuracy"": 77.26008605957031, ""val_cross_entropy"": 0.6463130712509155, ""val_balanced_accuracy"": 0.5467802882194519, ""test_cross_entropy"": 0.6624126434326172, ""test_balanced_accuracy"": 0.54622882604599}"
2026-04-14T08:02:45.205733,tpe,lcbench,3945,1,992,4.005061626434326,"{""OpenML_task_id"": ""167190"", ""batch_size"": 165, ""epoch"": 1, ""learning_rate"": 0.09019722637705473, ""max_dropout"": 0.15713441702923955, ""max_units"": 107, ""momentum"": 0.20013200778400125, ""num_layers"": 5, ""weight_decay"": 0.028389492964228064}","{""time"": 4.005061626434326, ""val_accuracy"": 73.71351623535156, ""val_cross_entropy"": 0.4926997423171997, ""val_balanced_accuracy"": 0.597586452960968, ""test_cross_entropy"": 0.6377357244491577, ""test_balanced_accuracy"": 0.5857363939285278}"
2026-04-14T08:02:45.270938,tpe,lcbench,3945,1,993,7.268122673034668,"{""OpenML_task_id"": ""167190"", ""batch_size"": 148, ""epoch"": 3, ""learning_rate"": 0.0878650045509076, ""max_dropout"": 0.17484896093787794, ""max_units"": 83, ""momentum"": 0.20761911514868112, ""num_layers"": 5, ""weight_decay"": 0.025148211435428922}","{""time"": 7.268122673034668, ""val_accuracy"": 96.03955841064453, ""val_cross_entropy"": 0.40322959423065186, ""val_balanced_accuracy"": 0.6799704432487488, ""test_cross_entropy"": 0.5987591743469238, ""test_balanced_accuracy"": 0.6802220940589905}"
2026-04-14T08:02:45.338926,tpe,lcbench,3945,1,994,29.40534210205078,"{""OpenML_task_id"": ""167190"", ""batch_size"": 156, ""epoch"": 23, ""learning_rate"": 0.09036410858533404, ""max_dropout"": 0.12144346912685407, ""max_units"": 81, ""momentum"": 0.17907644970351752, ""num_layers"": 5, ""weight_decay"": 0.0269722804320859}","{""time"": 29.40534210205078, ""val_accuracy"": 98.24433898925781, ""val_cross_entropy"": 0.35063037276268005, ""val_balanced_accuracy"": 0.6681146621704102, ""test_cross_entropy"": 0.5618553757667542, ""test_balanced_accuracy"": 0.6688158512115479}"
2026-04-14T08:02:45.411347,tpe,lcbench,3945,1,995,10.775216102600098,"{""OpenML_task_id"": ""167190"", ""batch_size"": 178, ""epoch"": 5, ""learning_rate"": 0.09224304412084984, ""max_dropout"": 0.14813373549137243, ""max_units"": 99, ""momentum"": 0.19204992400115178, ""num_layers"": 5, ""weight_decay"": 0.024285838801348072}","{""time"": 10.775216102600098, ""val_accuracy"": 96.88590240478516, ""val_cross_entropy"": 0.38924306631088257, ""val_balanced_accuracy"": 0.7004292607307434, ""test_cross_entropy"": 0.589046835899353, ""test_balanced_accuracy"": 0.7006831169128418}"
2026-04-14T08:02:45.479768,tpe,lcbench,3945,1,996,3.7052505016326904,"{""OpenML_task_id"": ""126026"", ""batch_size"": 189, ""epoch"": 1, ""learning_rate"": 0.0883462600173452, ""max_dropout"": 0.09264963663468409, ""max_units"": 64, ""momentum"": 0.20657779698918272, ""num_layers"": 5, ""weight_decay"": 0.029155360855681704}","{""time"": 3.7052505016326904, ""val_accuracy"": 74.8013916015625, ""val_cross_entropy"": 0.4848407208919525, ""val_balanced_accuracy"": 0.6035118103027344, ""test_cross_entropy"": 0.6356985569000244, ""test_balanced_accuracy"": 0.5911822319030762}"
2026-04-14T08:02:45.554332,tpe,lcbench,3945,1,997,5.462283134460449,"{""OpenML_task_id"": ""167161"", ""batch_size"": 135, ""epoch"": 1, ""learning_rate"": 0.08690452240792654, ""max_dropout"": 0.20202342598368717, ""max_units"": 64, ""momentum"": 0.80427469003939, ""num_layers"": 5, ""weight_decay"": 0.026820408603270892}","{""time"": 5.462283134460449, ""val_accuracy"": 76.59381103515625, ""val_cross_entropy"": 0.5276316404342651, ""val_balanced_accuracy"": 0.5774478316307068, ""test_cross_entropy"": 0.6560838222503662, ""test_balanced_accuracy"": 0.5599603652954102}"
2026-04-14T08:02:45.619086,tpe,lcbench,3945,1,998,9.39469051361084,"{""OpenML_task_id"": ""168868"", ""batch_size"": 166, ""epoch"": 2, ""learning_rate"": 0.09133290683863067, ""max_dropout"": 0.17974116030956885, ""max_units"": 120, ""momentum"": 0.1698207284639352, ""num_layers"": 5, ""weight_decay"": 0.069354154165955}","{""time"": 9.39469051361084, ""val_accuracy"": 90.41616821289062, ""val_cross_entropy"": 0.44389232993125916, ""val_balanced_accuracy"": 0.6094111204147339, ""test_cross_entropy"": 0.62884521484375, ""test_balanced_accuracy"": 0.6068118214607239}"
2026-04-14T08:02:45.699525,tpe,lcbench,3945,1,999,7.442431449890137,"{""OpenML_task_id"": ""168335"", ""batch_size"": 153, ""epoch"": 3, ""learning_rate"": 0.09412536528470003, ""max_dropout"": 0.15808182013864766, ""max_units"": 98, ""momentum"": 0.21131259818056253, ""num_layers"": 5, ""weight_decay"": 0.024519568260718452}","{""time"": 7.442431449890137, ""val_accuracy"": 95.91544342041016, ""val_cross_entropy"": 0.4049590229988098, ""val_balanced_accuracy"": 0.6838933229446411, ""test_cross_entropy"": 0.5971966981887817, ""test_balanced_accuracy"": 0.6840654611587524}"
