timestamp,optimizer,bench,instance,seed,trial_id,score,cfg_json,out_json
2026-04-16T00:27:06.941144,tpe,lcbench,189865,0,0,59.357173919677734,"{""OpenML_task_id"": ""168331"", ""batch_size"": 25, ""epoch"": 33, ""learning_rate"": 0.06124836269996991, ""max_dropout"": 0.6169339968747569, ""max_units"": 970, ""momentum"": 0.7068200662021003, ""num_layers"": 2, ""weight_decay"": 0.04370882506039616}","{""time"": 59.357173919677734, ""val_accuracy"": 92.46892547607422, ""val_cross_entropy"": 0.2906448245048523, ""val_balanced_accuracy"": 0.9193333983421326, ""test_cross_entropy"": 0.45302683115005493, ""test_balanced_accuracy"": 0.9117059707641602}"
2026-04-16T00:27:06.946553,tpe,lcbench,189865,0,1,14.607221603393555,"{""OpenML_task_id"": ""167161"", ""batch_size"": 156, ""epoch"": 7, ""learning_rate"": 0.029684405732462282, ""max_dropout"": 0.11872771895424405, ""max_units"": 369, ""momentum"": 0.46869406511805634, ""num_layers"": 1, ""weight_decay"": 0.06925028721580828}","{""time"": 14.607221603393555, ""val_accuracy"": 88.84410095214844, ""val_cross_entropy"": 0.3424004018306732, ""val_balanced_accuracy"": 0.8801754117012024, ""test_cross_entropy"": 0.5200806856155396, ""test_balanced_accuracy"": 0.8749097585678101}"
2026-04-16T00:27:06.951113,tpe,lcbench,189865,0,2,169.11874389648438,"{""OpenML_task_id"": ""168330"", ""batch_size"": 454, ""epoch"": 37, ""learning_rate"": 0.0725529025539821, ""max_dropout"": 0.5013243819267023, ""max_units"": 982, ""momentum"": 0.6731512773143773, ""num_layers"": 3, ""weight_decay"": 0.060643257480651164}","{""time"": 169.11874389648438, ""val_accuracy"": 93.75613403320312, ""val_cross_entropy"": 0.24193605780601501, ""val_balanced_accuracy"": 0.9342276453971863, ""test_cross_entropy"": 0.44848716259002686, ""test_balanced_accuracy"": 0.9283676147460938}"
2026-04-16T00:27:06.955701,tpe,lcbench,189865,0,3,18.663734436035156,"{""OpenML_task_id"": ""168908"", ""batch_size"": 362, ""epoch"": 24, ""learning_rate"": 0.07223335438708778, ""max_dropout"": 0.8663823259286292, ""max_units"": 1001, ""momentum"": 0.8616649747294238, ""num_layers"": 1, ""weight_decay"": 0.03600420666719161}","{""time"": 18.663734436035156, ""val_accuracy"": 91.20599365234375, ""val_cross_entropy"": 0.25696250796318054, ""val_balanced_accuracy"": 0.9027460813522339, ""test_cross_entropy"": 0.4785579741001129, ""test_balanced_accuracy"": 0.9012114405632019}"
2026-04-16T00:27:06.958356,tpe,lcbench,189865,0,4,48.629512786865234,"{""OpenML_task_id"": ""189354"", ""batch_size"": 203, ""epoch"": 10, ""learning_rate"": 0.0025654049662939904, ""max_dropout"": 0.06724963146324858, ""max_units"": 716, ""momentum"": 0.5037901916548804, ""num_layers"": 3, ""weight_decay"": 0.08966816259110381}","{""time"": 48.629512786865234, ""val_accuracy"": 80.7830810546875, ""val_cross_entropy"": 0.6082881093025208, ""val_balanced_accuracy"": 0.8045331835746765, ""test_cross_entropy"": 0.6581090688705444, ""test_balanced_accuracy"": 0.7955985069274902}"
2026-04-16T00:27:06.962108,tpe,lcbench,189865,0,5,38.67856979370117,"{""OpenML_task_id"": ""3945"", ""batch_size"": 372, ""epoch"": 21, ""learning_rate"": 0.056585589054665056, ""max_dropout"": 0.18327983621407862, ""max_units"": 203, ""momentum"": 0.5343700897775696, ""num_layers"": 2, ""weight_decay"": 0.09404379020582879}","{""time"": 38.67856979370117, ""val_accuracy"": 89.20101165771484, ""val_cross_entropy"": 0.3510383069515228, ""val_balanced_accuracy"": 0.8964095711708069, ""test_cross_entropy"": 0.5037744045257568, ""test_balanced_accuracy"": 0.8859999179840088}"
2026-04-16T00:27:06.966322,tpe,lcbench,189865,0,6,85.64573669433594,"{""OpenML_task_id"": ""168329"", ""batch_size"": 503, ""epoch"": 25, ""learning_rate"": 0.049789397413316415, ""max_dropout"": 0.6394725163987236, ""max_units"": 418, ""momentum"": 0.22184124180018305, ""num_layers"": 5, ""weight_decay"": 0.01899289271115677}","{""time"": 85.64573669433594, ""val_accuracy"": 81.56681823730469, ""val_cross_entropy"": 0.563555121421814, ""val_balanced_accuracy"": 0.8576798439025879, ""test_cross_entropy"": 0.6665741205215454, ""test_balanced_accuracy"": 0.8493658900260925}"
2026-04-16T00:27:06.977531,tpe,lcbench,189865,0,7,36.65380096435547,"{""OpenML_task_id"": ""126026"", ""batch_size"": 156, ""epoch"": 20, ""learning_rate"": 0.018196981077516616, ""max_dropout"": 0.7885455123065187, ""max_units"": 118, ""momentum"": 0.7203275451352387, ""num_layers"": 4, ""weight_decay"": 0.07774298210925683}","{""time"": 36.65380096435547, ""val_accuracy"": 63.15209197998047, ""val_cross_entropy"": 0.6611997485160828, ""val_balanced_accuracy"": 0.5849403738975525, ""test_cross_entropy"": 0.6999510526657104, ""test_balanced_accuracy"": 0.5793243646621704}"
2026-04-16T00:27:06.982738,tpe,lcbench,189865,0,8,45.23537063598633,"{""OpenML_task_id"": ""167184"", ""batch_size"": 363, ""epoch"": 18, ""learning_rate"": 0.07570218640941524, ""max_dropout"": 0.6360610554471413, ""max_units"": 294, ""momentum"": 0.24287955201187822, ""num_layers"": 4, ""weight_decay"": 0.0959170686374919}","{""time"": 45.23537063598633, ""val_accuracy"": 73.4072265625, ""val_cross_entropy"": 0.6787673830986023, ""val_balanced_accuracy"": 0.6924644112586975, ""test_cross_entropy"": 0.6946176290512085, ""test_balanced_accuracy"": 0.6877980828285217}"
2026-04-16T00:27:06.986958,tpe,lcbench,189865,0,9,18.57727813720703,"{""OpenML_task_id"": ""167201"", ""batch_size"": 49, ""epoch"": 14, ""learning_rate"": 0.02219397544307378, ""max_dropout"": 0.2531911937228519, ""max_units"": 189, ""momentum"": 0.11071223837891231, ""num_layers"": 1, ""weight_decay"": 0.06185184114867967}","{""time"": 18.57727813720703, ""val_accuracy"": 89.8187026977539, ""val_cross_entropy"": 0.3295164704322815, ""val_balanced_accuracy"": 0.8889808654785156, ""test_cross_entropy"": 0.5014356374740601, ""test_balanced_accuracy"": 0.8817851543426514}"
2026-04-16T00:27:07.011667,tpe,lcbench,189865,0,10,4.431769371032715,"{""OpenML_task_id"": ""167161"", ""batch_size"": 127, ""epoch"": 2, ""learning_rate"": 0.03826162700735554, ""max_dropout"": 0.2774312383755924, ""max_units"": 645, ""momentum"": 0.3744746394338002, ""num_layers"": 2, ""weight_decay"": 0.001314764016994041}","{""time"": 4.431769371032715, ""val_accuracy"": 88.06867980957031, ""val_cross_entropy"": 0.40271785855293274, ""val_balanced_accuracy"": 0.8689078688621521, ""test_cross_entropy"": 0.5512639880180359, ""test_balanced_accuracy"": 0.8669461607933044}"
2026-04-16T00:27:07.019765,tpe,lcbench,189865,0,11,4.095702171325684,"{""OpenML_task_id"": ""167161"", ""batch_size"": 131, ""epoch"": 2, ""learning_rate"": 0.03497597385203349, ""max_dropout"": 0.30280320810015726, ""max_units"": 646, ""momentum"": 0.3889266461325773, ""num_layers"": 2, ""weight_decay"": 0.0005696268413437761}","{""time"": 4.095702171325684, ""val_accuracy"": 88.17625427246094, ""val_cross_entropy"": 0.40863779187202454, ""val_balanced_accuracy"": 0.8686294555664062, ""test_cross_entropy"": 0.5547994375228882, ""test_balanced_accuracy"": 0.8662552237510681}"
2026-04-16T00:27:07.042219,tpe,lcbench,189865,0,12,3.168379306793213,"{""OpenML_task_id"": ""167161"", ""batch_size"": 102, ""epoch"": 1, ""learning_rate"": 0.0966811168389661, ""max_dropout"": 0.3324312331364603, ""max_units"": 634, ""momentum"": 0.3524403991746896, ""num_layers"": 2, ""weight_decay"": 0.0007998639086279278}","{""time"": 3.168379306793213, ""val_accuracy"": 61.901451110839844, ""val_cross_entropy"": 0.7009211778640747, ""val_balanced_accuracy"": 0.6111711859703064, ""test_cross_entropy"": 0.654956579208374, ""test_balanced_accuracy"": 0.6196730136871338}"
2026-04-16T00:27:07.059943,tpe,lcbench,189865,0,13,44.47259521484375,"{""OpenML_task_id"": ""167161"", ""batch_size"": 265, ""epoch"": 49, ""learning_rate"": 0.09614657169967997, ""max_dropout"": 0.36912428962920063, ""max_units"": 763, ""momentum"": 0.36133951359088834, ""num_layers"": 2, ""weight_decay"": 0.0004130489781138738}","{""time"": 44.47259521484375, ""val_accuracy"": 95.02246856689453, ""val_cross_entropy"": 0.20240572094917297, ""val_balanced_accuracy"": 0.9316865801811218, ""test_cross_entropy"": 0.4200107157230377, ""test_balanced_accuracy"": 0.9258460402488708}"
2026-04-16T00:27:07.077573,tpe,lcbench,189865,0,14,6.5485758781433105,"{""OpenML_task_id"": ""126029"", ""batch_size"": 95, ""epoch"": 2, ""learning_rate"": 0.08814234086645706, ""max_dropout"": 0.4075341116576167, ""max_units"": 522, ""momentum"": 0.34390903220509705, ""num_layers"": 3, ""weight_decay"": 0.020074675533413612}","{""time"": 6.5485758781433105, ""val_accuracy"": 86.8138427734375, ""val_cross_entropy"": 0.38465794920921326, ""val_balanced_accuracy"": 0.8761671781539917, ""test_cross_entropy"": 0.5415512919425964, ""test_balanced_accuracy"": 0.8712478280067444}"
2026-04-16T00:27:07.085478,tpe,lcbench,189865,0,15,20.07354736328125,"{""OpenML_task_id"": ""189866"", ""batch_size"": 252, ""epoch"": 9, ""learning_rate"": 0.04095888963123278, ""max_dropout"": 0.43837818364858305, ""max_units"": 820, ""momentum"": 0.1902615270814452, ""num_layers"": 2, ""weight_decay"": 0.017167782206943046}","{""time"": 20.07354736328125, ""val_accuracy"": 88.9604263305664, ""val_cross_entropy"": 0.3051718771457672, ""val_balanced_accuracy"": 0.8868198990821838, ""test_cross_entropy"": 0.4915875196456909, ""test_balanced_accuracy"": 0.8784731030464172}"
2026-04-16T00:27:07.110388,tpe,lcbench,189865,0,16,15.540122032165527,"{""OpenML_task_id"": ""126025"", ""batch_size"": 82, ""epoch"": 2, ""learning_rate"": 0.011993466376187055, ""max_dropout"": 0.01921223828284052, ""max_units"": 562, ""momentum"": 0.43266464436221685, ""num_layers"": 4, ""weight_decay"": 0.031468797736124335}","{""time"": 15.540122032165527, ""val_accuracy"": 62.792842864990234, ""val_cross_entropy"": 0.6548564434051514, ""val_balanced_accuracy"": 0.6168440580368042, ""test_cross_entropy"": 0.6926813125610352, ""test_balanced_accuracy"": 0.6160186529159546}"
2026-04-16T00:27:07.130394,tpe,lcbench,189865,0,17,21.587940216064453,"{""OpenML_task_id"": ""167152"", ""batch_size"": 216, ""epoch"": 33, ""learning_rate"": 0.03984464570926069, ""max_dropout"": 0.30016869663709, ""max_units"": 838, ""momentum"": 0.982607062444664, ""num_layers"": 1, ""weight_decay"": 0.010325432627274724}","{""time"": 21.587940216064453, ""val_accuracy"": 92.99103546142578, ""val_cross_entropy"": 0.23031401634216309, ""val_balanced_accuracy"": 0.9214136004447937, ""test_cross_entropy"": 0.4486442506313324, ""test_balanced_accuracy"": 0.9157178401947021}"
2026-04-16T00:27:07.138839,tpe,lcbench,189865,0,18,31.201419830322266,"{""OpenML_task_id"": ""189909"", ""batch_size"": 294, ""epoch"": 14, ""learning_rate"": 0.08376900111185892, ""max_dropout"": 0.994022389217605, ""max_units"": 533, ""momentum"": 0.6110619922640849, ""num_layers"": 3, ""weight_decay"": 0.028957455105522188}","{""time"": 31.201419830322266, ""val_accuracy"": 89.63455200195312, ""val_cross_entropy"": 0.3975870907306671, ""val_balanced_accuracy"": 0.8931413888931274, ""test_cross_entropy"": 0.49105921387672424, ""test_balanced_accuracy"": 0.8912541270256042}"
2026-04-16T00:27:07.167781,tpe,lcbench,189865,0,19,45.79734420776367,"{""OpenML_task_id"": ""168335"", ""batch_size"": 164, ""epoch"": 49, ""learning_rate"": 0.09768619515746357, ""max_dropout"": 0.5356565225925496, ""max_units"": 637, ""momentum"": 0.2969688033266471, ""num_layers"": 2, ""weight_decay"": 0.010278745141416992}","{""time"": 45.79734420776367, ""val_accuracy"": 94.0398178100586, ""val_cross_entropy"": 0.20929981768131256, ""val_balanced_accuracy"": 0.9319140315055847, ""test_cross_entropy"": 0.4224398136138916, ""test_balanced_accuracy"": 0.9247535467147827}"
2026-04-16T00:27:07.185298,tpe,lcbench,189865,0,20,15.841327667236328,"{""OpenML_task_id"": ""167200"", ""batch_size"": 83, ""epoch"": 7, ""learning_rate"": 0.059645442454815165, ""max_dropout"": 0.17249517306638634, ""max_units"": 456, ""momentum"": 0.10201607755394332, ""num_layers"": 5, ""weight_decay"": 0.04780900950004617}","{""time"": 15.841327667236328, ""val_accuracy"": 89.01202392578125, ""val_cross_entropy"": 0.45405519008636475, ""val_balanced_accuracy"": 0.9009931683540344, ""test_cross_entropy"": 0.5888373255729675, ""test_balanced_accuracy"": 0.8963258266448975}"
2026-04-16T00:27:07.203740,tpe,lcbench,189865,0,21,7.572117328643799,"{""OpenML_task_id"": ""167161"", ""batch_size"": 115, ""epoch"": 3, ""learning_rate"": 0.03713385548777079, ""max_dropout"": 0.29469702501179634, ""max_units"": 656, ""momentum"": 0.39456263136657777, ""num_layers"": 2, ""weight_decay"": 0.0015832033284720124}","{""time"": 7.572117328643799, ""val_accuracy"": 91.14060974121094, ""val_cross_entropy"": 0.3204295039176941, ""val_balanced_accuracy"": 0.903695285320282, ""test_cross_entropy"": 0.5058139562606812, ""test_balanced_accuracy"": 0.8995456695556641}"
2026-04-16T00:27:07.222061,tpe,lcbench,189865,0,22,22.44414520263672,"{""OpenML_task_id"": ""146212"", ""batch_size"": 131, ""epoch"": 13, ""learning_rate"": 0.029985369321030242, ""max_dropout"": 0.2418516166553462, ""max_units"": 629, ""momentum"": 0.296525734690552, ""num_layers"": 2, ""weight_decay"": 0.00765077596991618}","{""time"": 22.44414520263672, ""val_accuracy"": 91.23661804199219, ""val_cross_entropy"": 0.2597390413284302, ""val_balanced_accuracy"": 0.9097344279289246, ""test_cross_entropy"": 0.46041691303253174, ""test_balanced_accuracy"": 0.9004674553871155}"
2026-04-16T00:27:07.239448,tpe,lcbench,189865,0,23,10.292729377746582,"{""OpenML_task_id"": ""167104"", ""batch_size"": 202, ""epoch"": 2, ""learning_rate"": 0.04820459086959395, ""max_dropout"": 0.3546617096803918, ""max_units"": 867, ""momentum"": 0.5900513212391036, ""num_layers"": 1, ""weight_decay"": 0.022283321093298128}","{""time"": 10.292729377746582, ""val_accuracy"": 79.87543487548828, ""val_cross_entropy"": 0.5062803626060486, ""val_balanced_accuracy"": 0.7796449661254883, ""test_cross_entropy"": 0.5831089019775391, ""test_balanced_accuracy"": 0.7806746959686279}"
2026-04-16T00:27:07.259313,tpe,lcbench,189865,0,24,18.27886199951172,"{""OpenML_task_id"": ""167161"", ""batch_size"": 57, ""epoch"": 7, ""learning_rate"": 0.03136968478894965, ""max_dropout"": 0.18177129974195316, ""max_units"": 715, ""momentum"": 0.43179486263752437, ""num_layers"": 2, ""weight_decay"": 0.0017718054571124284}","{""time"": 18.27886199951172, ""val_accuracy"": 93.08331298828125, ""val_cross_entropy"": 0.2498001903295517, ""val_balanced_accuracy"": 0.9214400053024292, ""test_cross_entropy"": 0.44199347496032715, ""test_balanced_accuracy"": 0.9138438701629639}"
2026-04-16T00:27:07.275629,tpe,lcbench,189865,0,25,5.50830078125,"{""OpenML_task_id"": ""189905"", ""batch_size"": 130, ""epoch"": 1, ""learning_rate"": 0.04611762026844542, ""max_dropout"": 0.45028403009796464, ""max_units"": 582, ""momentum"": 0.30097063078273134, ""num_layers"": 3, ""weight_decay"": 0.01049952893734801}","{""time"": 5.50830078125, ""val_accuracy"": 54.034053802490234, ""val_cross_entropy"": 0.710257887840271, ""val_balanced_accuracy"": 0.5097505450248718, ""test_cross_entropy"": 0.684952974319458, ""test_balanced_accuracy"": 0.5114529132843018}"
2026-04-16T00:27:07.299620,tpe,lcbench,189865,0,26,20.448657989501953,"{""OpenML_task_id"": ""34539"", ""batch_size"": 17, ""epoch"": 5, ""learning_rate"": 0.06318719808567538, ""max_dropout"": 0.3034131648091879, ""max_units"": 450, ""momentum"": 0.1747162648026767, ""num_layers"": 2, ""weight_decay"": 0.02694751674261065}","{""time"": 20.448657989501953, ""val_accuracy"": 92.96797943115234, ""val_cross_entropy"": 0.24143870174884796, ""val_balanced_accuracy"": 0.9169797301292419, ""test_cross_entropy"": 0.44607096910476685, ""test_balanced_accuracy"": 0.9105398654937744}"
2026-04-16T00:27:07.321254,tpe,lcbench,189865,0,27,15.357446670532227,"{""OpenML_task_id"": ""167168"", ""batch_size"": 186, ""epoch"": 11, ""learning_rate"": 0.021871195775335847, ""max_dropout"": 0.5541502607336639, ""max_units"": 742, ""momentum"": 0.3900722555085992, ""num_layers"": 1, ""weight_decay"": 0.014142964587393681}","{""time"": 15.357446670532227, ""val_accuracy"": 88.74857330322266, ""val_cross_entropy"": 0.3484642207622528, ""val_balanced_accuracy"": 0.8730726838111877, ""test_cross_entropy"": 0.5188497304916382, ""test_balanced_accuracy"": 0.8684936165809631}"
2026-04-16T00:27:07.349452,tpe,lcbench,189865,0,28,76.98468017578125,"{""OpenML_task_id"": ""167190"", ""batch_size"": 238, ""epoch"": 16, ""learning_rate"": 0.01109490683797008, ""max_dropout"": 0.3636977512355514, ""max_units"": 886, ""momentum"": 0.49729843697056536, ""num_layers"": 3, ""weight_decay"": 0.038302278548841606}","{""time"": 76.98468017578125, ""val_accuracy"": 89.1190414428711, ""val_cross_entropy"": 0.3587246835231781, ""val_balanced_accuracy"": 0.895796000957489, ""test_cross_entropy"": 0.5099456906318665, ""test_balanced_accuracy"": 0.8881198763847351}"
2026-04-16T00:27:07.372191,tpe,lcbench,189865,0,29,31.328319549560547,"{""OpenML_task_id"": ""167181"", ""batch_size"": 320, ""epoch"": 29, ""learning_rate"": 0.055607354221094474, ""max_dropout"": 0.11523568705146733, ""max_units"": 669, ""momentum"": 0.5816940131620145, ""num_layers"": 2, ""weight_decay"": 0.006090045864488232}","{""time"": 31.328319549560547, ""val_accuracy"": 94.00431060791016, ""val_cross_entropy"": 0.20335006713867188, ""val_balanced_accuracy"": 0.9312015771865845, ""test_cross_entropy"": 0.4258418381214142, ""test_balanced_accuracy"": 0.9225988984107971}"
2026-04-16T00:27:07.391070,tpe,lcbench,189865,0,30,117.60282135009766,"{""OpenML_task_id"": ""167149"", ""batch_size"": 52, ""epoch"": 43, ""learning_rate"": 0.06608344629992186, ""max_dropout"": 0.7313414096742004, ""max_units"": 490, ""momentum"": 0.2587756317383793, ""num_layers"": 3, ""weight_decay"": 0.0239888640226395}","{""time"": 117.60282135009766, ""val_accuracy"": 93.50504302978516, ""val_cross_entropy"": 0.20998315513134003, ""val_balanced_accuracy"": 0.942014753818512, ""test_cross_entropy"": 0.42803794145584106, ""test_balanced_accuracy"": 0.932815670967102}"
2026-04-16T00:27:07.413148,tpe,lcbench,189865,0,31,5.377220630645752,"{""OpenML_task_id"": ""189905"", ""batch_size"": 118, ""epoch"": 1, ""learning_rate"": 0.04619287273460074, ""max_dropout"": 0.45001021984158296, ""max_units"": 588, ""momentum"": 0.3169584071712541, ""num_layers"": 3, ""weight_decay"": 0.01313403928093447}","{""time"": 5.377220630645752, ""val_accuracy"": 54.13442611694336, ""val_cross_entropy"": 0.7105887532234192, ""val_balanced_accuracy"": 0.5109975337982178, ""test_cross_entropy"": 0.68449866771698, ""test_balanced_accuracy"": 0.5132705569267273}"
2026-04-16T00:27:07.434173,tpe,lcbench,189865,0,32,31.080101013183594,"{""OpenML_task_id"": ""189865"", ""batch_size"": 113, ""epoch"": 5, ""learning_rate"": 0.03466545706196324, ""max_dropout"": 0.46206862642278324, ""max_units"": 582, ""momentum"": 0.4442147829976798, ""num_layers"": 4, ""weight_decay"": 0.005026159287115537}","{""time"": 31.080101013183594, ""val_accuracy"": 85.42261505126953, ""val_cross_entropy"": 0.4304391145706177, ""val_balanced_accuracy"": 0.8725582957267761, ""test_cross_entropy"": 0.5472021698951721, ""test_balanced_accuracy"": 0.8637837171554565}"
2026-04-16T00:27:07.451054,tpe,lcbench,189865,0,33,14.38550090789795,"{""OpenML_task_id"": ""168868"", ""batch_size"": 156, ""epoch"": 5, ""learning_rate"": 0.04315429985279072, ""max_dropout"": 0.22807197661077, ""max_units"": 393, ""momentum"": 0.3421299095975822, ""num_layers"": 2, ""weight_decay"": 0.013975994591687128}","{""time"": 14.38550090789795, ""val_accuracy"": 89.74403381347656, ""val_cross_entropy"": 0.3091106116771698, ""val_balanced_accuracy"": 0.8988270163536072, ""test_cross_entropy"": 0.4995044469833374, ""test_balanced_accuracy"": 0.8922985196113586}"
2026-04-16T00:27:07.471311,tpe,lcbench,189865,0,34,10.480982780456543,"{""OpenML_task_id"": ""167185"", ""batch_size"": 178, ""epoch"": 8, ""learning_rate"": 0.05318924575311529, ""max_dropout"": 0.5501764839655765, ""max_units"": 331, ""momentum"": 0.3963546637874006, ""num_layers"": 1, ""weight_decay"": 0.0003299566219751564}","{""time"": 10.480982780456543, ""val_accuracy"": 89.84748077392578, ""val_cross_entropy"": 0.2890171408653259, ""val_balanced_accuracy"": 0.8860167860984802, ""test_cross_entropy"": 0.48928773403167725, ""test_balanced_accuracy"": 0.8819853663444519}"
2026-04-16T00:27:07.489735,tpe,lcbench,189865,0,35,4.544721603393555,"{""OpenML_task_id"": ""189908"", ""batch_size"": 67, ""epoch"": 1, ""learning_rate"": 0.022912349276939366, ""max_dropout"": 0.39140144388540166, ""max_units"": 929, ""momentum"": 0.31366926762182124, ""num_layers"": 3, ""weight_decay"": 0.05702878517516294}","{""time"": 4.544721603393555, ""val_accuracy"": 56.14164352416992, ""val_cross_entropy"": 0.6896331310272217, ""val_balanced_accuracy"": 0.5327710509300232, ""test_cross_entropy"": 0.6832268238067627, ""test_balanced_accuracy"": 0.5378260016441345}"
2026-04-16T00:27:07.519063,tpe,lcbench,189865,0,36,49.768795013427734,"{""OpenML_task_id"": ""189908"", ""batch_size"": 41, ""epoch"": 10, ""learning_rate"": 0.023921100997740075, ""max_dropout"": 0.10507301951985473, ""max_units"": 939, ""momentum"": 0.48860459573479315, ""num_layers"": 3, ""weight_decay"": 0.056432530020577854}","{""time"": 49.768795013427734, ""val_accuracy"": 92.98748779296875, ""val_cross_entropy"": 0.2600165009498596, ""val_balanced_accuracy"": 0.927603006362915, ""test_cross_entropy"": 0.447690486907959, ""test_balanced_accuracy"": 0.9186094999313354}"
2026-04-16T00:27:07.553213,tpe,lcbench,189865,0,37,12.090202331542969,"{""OpenML_task_id"": ""189873"", ""batch_size"": 73, ""epoch"": 6, ""learning_rate"": 0.013747765649208474, ""max_dropout"": 0.3396854090026863, ""max_units"": 790, ""momentum"": 0.7423998588316874, ""num_layers"": 1, ""weight_decay"": 0.0755095025039626}","{""time"": 12.090202331542969, ""val_accuracy"": 89.3041763305664, ""val_cross_entropy"": 0.34330981969833374, ""val_balanced_accuracy"": 0.8831502199172974, ""test_cross_entropy"": 0.5126168131828308, ""test_balanced_accuracy"": 0.8768994808197021}"
2026-04-16T00:27:07.573829,tpe,lcbench,189865,0,38,18.766925811767578,"{""OpenML_task_id"": ""189862"", ""batch_size"": 140, ""epoch"": 11, ""learning_rate"": 0.004389686016919119, ""max_dropout"": 0.40341262687080753, ""max_units"": 934, ""momentum"": 0.16862551456128072, ""num_layers"": 2, ""weight_decay"": 0.043756944622048904}","{""time"": 18.766925811767578, ""val_accuracy"": 87.38765716552734, ""val_cross_entropy"": 0.39919424057006836, ""val_balanced_accuracy"": 0.8689144849777222, ""test_cross_entropy"": 0.5452003479003906, ""test_balanced_accuracy"": 0.8611565828323364}"
2026-04-16T00:27:07.601079,tpe,lcbench,189865,0,39,18.193798065185547,"{""OpenML_task_id"": ""7593"", ""batch_size"": 99, ""epoch"": 4, ""learning_rate"": 0.026640451682625584, ""max_dropout"": 0.5008069962265445, ""max_units"": 1007, ""momentum"": 0.5411604558476342, ""num_layers"": 3, ""weight_decay"": 0.05472042721227856}","{""time"": 18.193798065185547, ""val_accuracy"": 90.87364196777344, ""val_cross_entropy"": 0.3295658230781555, ""val_balanced_accuracy"": 0.9107639193534851, ""test_cross_entropy"": 0.5083665251731873, ""test_balanced_accuracy"": 0.9037883877754211}"
2026-04-16T00:27:07.624174,tpe,lcbench,189865,0,40,85.24273681640625,"{""OpenML_task_id"": ""168910"", ""batch_size"": 18, ""epoch"": 21, ""learning_rate"": 0.032355420197234704, ""max_dropout"": 0.20980930754089627, ""max_units"": 715, ""momentum"": 0.24158448049818235, ""num_layers"": 4, ""weight_decay"": 0.06746383941818049}","{""time"": 85.24273681640625, ""val_accuracy"": 94.0107650756836, ""val_cross_entropy"": 0.21624323725700378, ""val_balanced_accuracy"": 0.9486373662948608, ""test_cross_entropy"": 0.4285680651664734, ""test_balanced_accuracy"": 0.9430214762687683}"
2026-04-16T00:27:07.650704,tpe,lcbench,189865,0,41,6.304543495178223,"{""OpenML_task_id"": ""189906"", ""batch_size"": 421, ""epoch"": 1, ""learning_rate"": 0.043390097876875616, ""max_dropout"": 0.2796045891452296, ""max_units"": 611, ""momentum"": 0.31894916804714313, ""num_layers"": 3, ""weight_decay"": 0.005590984436783377}","{""time"": 6.304543495178223, ""val_accuracy"": 55.43753433227539, ""val_cross_entropy"": 0.6558624505996704, ""val_balanced_accuracy"": 0.5165804028511047, ""test_cross_entropy"": 0.681474506855011, ""test_balanced_accuracy"": 0.5130522847175598}"
2026-04-16T00:27:07.673298,tpe,lcbench,189865,0,42,4.88497257232666,"{""OpenML_task_id"": ""168331"", ""batch_size"": 110, ""epoch"": 1, ""learning_rate"": 0.03756932520307706, ""max_dropout"": 0.5927345733164268, ""max_units"": 685, ""momentum"": 0.2741158888901822, ""num_layers"": 3, ""weight_decay"": 0.014484130930002708}","{""time"": 4.88497257232666, ""val_accuracy"": 54.6543083190918, ""val_cross_entropy"": 0.7133211493492126, ""val_balanced_accuracy"": 0.5127793550491333, ""test_cross_entropy"": 0.6839966773986816, ""test_balanced_accuracy"": 0.5135006904602051}"
2026-04-16T00:27:07.701243,tpe,lcbench,189865,0,43,28.38459014892578,"{""OpenML_task_id"": ""168331"", ""batch_size"": 67, ""epoch"": 4, ""learning_rate"": 0.018113321910361555, ""max_dropout"": 0.5831638817203361, ""max_units"": 685, ""momentum"": 0.2646622986841318, ""num_layers"": 3, ""weight_decay"": 0.03645489329200233}","{""time"": 28.38459014892578, ""val_accuracy"": 87.2743911743164, ""val_cross_entropy"": 0.4425143301486969, ""val_balanced_accuracy"": 0.8835781812667847, ""test_cross_entropy"": 0.5552642941474915, ""test_balanced_accuracy"": 0.876035213470459}"
2026-04-16T00:27:07.723954,tpe,lcbench,189865,0,44,12.837637901306152,"{""OpenML_task_id"": ""189908"", ""batch_size"": 99, ""epoch"": 7, ""learning_rate"": 0.036278030988230264, ""max_dropout"": 0.4002074533867901, ""max_units"": 786, ""momentum"": 0.3653593422862147, ""num_layers"": 2, ""weight_decay"": 0.08860282820045093}","{""time"": 12.837637901306152, ""val_accuracy"": 90.91212463378906, ""val_cross_entropy"": 0.3019678294658661, ""val_balanced_accuracy"": 0.9052858948707581, ""test_cross_entropy"": 0.4990197718143463, ""test_balanced_accuracy"": 0.8963069915771484}"
2026-04-16T00:27:07.747189,tpe,lcbench,189865,0,45,20.38730239868164,"{""OpenML_task_id"": ""167161"", ""batch_size"": 143, ""epoch"": 4, ""learning_rate"": 0.027174802866013294, ""max_dropout"": 0.7351977809690694, ""max_units"": 516, ""momentum"": 0.2087214713700879, ""num_layers"": 4, ""weight_decay"": 0.0634597621697008}","{""time"": 20.38730239868164, ""val_accuracy"": 73.57669830322266, ""val_cross_entropy"": 0.6608667969703674, ""val_balanced_accuracy"": 0.7365146279335022, ""test_cross_entropy"": 0.6872608065605164, ""test_balanced_accuracy"": 0.7311845421791077}"
2026-04-16T00:27:07.773923,tpe,lcbench,189865,0,46,18.782264709472656,"{""OpenML_task_id"": ""168331"", ""batch_size"": 40, ""epoch"": 9, ""learning_rate"": 0.05129481627174594, ""max_dropout"": 0.7110345504933255, ""max_units"": 688, ""momentum"": 0.14737320034045975, ""num_layers"": 2, ""weight_decay"": 0.01680540579607935}","{""time"": 18.782264709472656, ""val_accuracy"": 92.59635162353516, ""val_cross_entropy"": 0.2617623805999756, ""val_balanced_accuracy"": 0.9152882695198059, ""test_cross_entropy"": 0.45520639419555664, ""test_balanced_accuracy"": 0.9082329869270325}"
2026-04-16T00:27:07.800745,tpe,lcbench,189865,0,47,56.290733337402344,"{""OpenML_task_id"": ""168908"", ""batch_size"": 179, ""epoch"": 17, ""learning_rate"": 0.08002627516405082, ""max_dropout"": 0.6392079358907617, ""max_units"": 759, ""momentum"": 0.4327723866954558, ""num_layers"": 3, ""weight_decay"": 0.04936582298006294}","{""time"": 56.290733337402344, ""val_accuracy"": 92.49996948242188, ""val_cross_entropy"": 0.2424919754266739, ""val_balanced_accuracy"": 0.9312441945075989, ""test_cross_entropy"": 0.4502735137939453, ""test_balanced_accuracy"": 0.9235144257545471}"
2026-04-16T00:27:07.821670,tpe,lcbench,189865,0,48,20.76102066040039,"{""OpenML_task_id"": ""168330"", ""batch_size"": 229, ""epoch"": 12, ""learning_rate"": 0.06848423808057547, ""max_dropout"": 0.14923925699046608, ""max_units"": 831, ""momentum"": 0.275859831603677, ""num_layers"": 2, ""weight_decay"": 0.005172124368249375}","{""time"": 20.76102066040039, ""val_accuracy"": 91.85578155517578, ""val_cross_entropy"": 0.25281721353530884, ""val_balanced_accuracy"": 0.9080736041069031, ""test_cross_entropy"": 0.45062240958213806, ""test_balanced_accuracy"": 0.8991031050682068}"
2026-04-16T00:27:07.849200,tpe,lcbench,189865,0,49,254.93026733398438,"{""OpenML_task_id"": ""189354"", ""batch_size"": 98, ""epoch"": 40, ""learning_rate"": 0.09317417214227794, ""max_dropout"": 0.33344753044563163, ""max_units"": 909, ""momentum"": 0.4667207931712821, ""num_layers"": 4, ""weight_decay"": 0.07484564067775984}","{""time"": 254.93026733398438, ""val_accuracy"": 93.0165786743164, ""val_cross_entropy"": 0.23345947265625, ""val_balanced_accuracy"": 0.9461617469787598, ""test_cross_entropy"": 0.4463229775428772, ""test_balanced_accuracy"": 0.9413465857505798}"
2026-04-16T00:27:07.873721,tpe,lcbench,189865,0,50,105.34821319580078,"{""OpenML_task_id"": ""3945"", ""batch_size"": 81, ""epoch"": 27, ""learning_rate"": 0.039881540260439184, ""max_dropout"": 0.4948494325654058, ""max_units"": 976, ""momentum"": 0.37068010576227506, ""num_layers"": 3, ""weight_decay"": 0.00010488891089929439}","{""time"": 105.34821319580078, ""val_accuracy"": 94.68342590332031, ""val_cross_entropy"": 0.19876599311828613, ""val_balanced_accuracy"": 0.9349941611289978, ""test_cross_entropy"": 0.4167153537273407, ""test_balanced_accuracy"": 0.9304292798042297}"
2026-04-16T00:27:07.895039,tpe,lcbench,189865,0,51,5.523640155792236,"{""OpenML_task_id"": ""189905"", ""batch_size"": 125, ""epoch"": 1, ""learning_rate"": 0.0463694337141102, ""max_dropout"": 0.3899835321821543, ""max_units"": 604, ""momentum"": 0.3279653770949904, ""num_layers"": 3, ""weight_decay"": 0.01354866164093566}","{""time"": 5.523640155792236, ""val_accuracy"": 54.16169357299805, ""val_cross_entropy"": 0.7036350965499878, ""val_balanced_accuracy"": 0.5117182731628418, ""test_cross_entropy"": 0.6841418743133545, ""test_balanced_accuracy"": 0.5141651630401611}"
2026-04-16T00:27:07.923727,tpe,lcbench,189865,0,52,19.394439697265625,"{""OpenML_task_id"": ""167161"", ""batch_size"": 164, ""epoch"": 3, ""learning_rate"": 0.035572535966084964, ""max_dropout"": 0.4529787749310496, ""max_units"": 548, ""momentum"": 0.22962663813330436, ""num_layers"": 3, ""weight_decay"": 0.009483425545908962}","{""time"": 19.394439697265625, ""val_accuracy"": 83.20699310302734, ""val_cross_entropy"": 0.5863429307937622, ""val_balanced_accuracy"": 0.8374106884002686, ""test_cross_entropy"": 0.6176297664642334, ""test_balanced_accuracy"": 0.8321928977966309}"
2026-04-16T00:27:07.951614,tpe,lcbench,189865,0,53,5.427421569824219,"{""OpenML_task_id"": ""167201"", ""batch_size"": 114, ""epoch"": 1, ""learning_rate"": 0.018933265836489188, ""max_dropout"": 0.25668465680190367, ""max_units"": 476, ""momentum"": 0.3997548045484332, ""num_layers"": 5, ""weight_decay"": 0.018131320968851724}","{""time"": 5.427421569824219, ""val_accuracy"": 56.15235137939453, ""val_cross_entropy"": 0.5790418982505798, ""val_balanced_accuracy"": 0.5539551377296448, ""test_cross_entropy"": 0.6765204668045044, ""test_balanced_accuracy"": 0.5494608283042908}"
2026-04-16T00:27:07.991131,tpe,lcbench,189865,0,54,9.822793006896973,"{""OpenML_task_id"": ""168329"", ""batch_size"": 195, ""epoch"": 3, ""learning_rate"": 0.028275484610225776, ""max_dropout"": 0.30793940849220336, ""max_units"": 650, ""momentum"": 0.31576299626163606, ""num_layers"": 2, ""weight_decay"": 0.03202957606738115}","{""time"": 9.822793006896973, ""val_accuracy"": 86.5826644897461, ""val_cross_entropy"": 0.41660159826278687, ""val_balanced_accuracy"": 0.8633241653442383, ""test_cross_entropy"": 0.5579478740692139, ""test_balanced_accuracy"": 0.8603455424308777}"
2026-04-16T00:27:08.041323,tpe,lcbench,189865,0,55,17.573261260986328,"{""OpenML_task_id"": ""126026"", ""batch_size"": 68, ""epoch"": 8, ""learning_rate"": 0.05793978125009755, ""max_dropout"": 0.4807018902835438, ""max_units"": 577, ""momentum"": 0.3370563579026138, ""num_layers"": 2, ""weight_decay"": 0.0038119657106815003}","{""time"": 17.573261260986328, ""val_accuracy"": 92.75579071044922, ""val_cross_entropy"": 0.22450916469097137, ""val_balanced_accuracy"": 0.9211623668670654, ""test_cross_entropy"": 0.4431043267250061, ""test_balanced_accuracy"": 0.914539635181427}"
2026-04-16T00:27:08.092154,tpe,lcbench,189865,0,56,34.142356872558594,"{""OpenML_task_id"": ""167161"", ""batch_size"": 144, ""epoch"": 6, ""learning_rate"": 0.03900751996524418, ""max_dropout"": 0.6725162114133674, ""max_units"": 714, ""momentum"": 0.2784477833938226, ""num_layers"": 3, ""weight_decay"": 0.011356415848509762}","{""time"": 34.142356872558594, ""val_accuracy"": 88.79361724853516, ""val_cross_entropy"": 0.37013503909111023, ""val_balanced_accuracy"": 0.8951060175895691, ""test_cross_entropy"": 0.512087345123291, ""test_balanced_accuracy"": 0.8892216682434082}"
2026-04-16T00:27:08.129191,tpe,lcbench,189865,0,57,6.318488121032715,"{""OpenML_task_id"": ""167184"", ""batch_size"": 112, ""epoch"": 1, ""learning_rate"": 0.04378018211231077, ""max_dropout"": 0.6020912901822121, ""max_units"": 622, ""momentum"": 0.20783305365446733, ""num_layers"": 4, ""weight_decay"": 0.05503217861524822}","{""time"": 6.318488121032715, ""val_accuracy"": 51.140071868896484, ""val_cross_entropy"": 0.6334260702133179, ""val_balanced_accuracy"": 0.4955819547176361, ""test_cross_entropy"": 0.6851570010185242, ""test_balanced_accuracy"": 0.5002124905586243}"
2026-04-16T00:27:08.156261,tpe,lcbench,189865,0,58,15.664230346679688,"{""OpenML_task_id"": ""167152"", ""batch_size"": 498, ""epoch"": 9, ""learning_rate"": 0.032276232642104316, ""max_dropout"": 0.8402174976756576, ""max_units"": 430, ""momentum"": 0.7888347428721261, ""num_layers"": 1, ""weight_decay"": 0.022851137685108564}","{""time"": 15.664230346679688, ""val_accuracy"": 87.62065124511719, ""val_cross_entropy"": 0.3481096923351288, ""val_balanced_accuracy"": 0.8803903460502625, ""test_cross_entropy"": 0.5181986093521118, ""test_balanced_accuracy"": 0.877242386341095}"
2026-04-16T00:27:08.184619,tpe,lcbench,189865,0,59,12.93106746673584,"{""OpenML_task_id"": ""126025"", ""batch_size"": 30, ""epoch"": 3, ""learning_rate"": 0.048790048861498805, ""max_dropout"": 0.4342406954957167, ""max_units"": 518, ""momentum"": 0.1340745074788302, ""num_layers"": 2, ""weight_decay"": 0.008289995616116616}","{""time"": 12.93106746673584, ""val_accuracy"": 92.5967025756836, ""val_cross_entropy"": 0.27409857511520386, ""val_balanced_accuracy"": 0.9114086627960205, ""test_cross_entropy"": 0.46991199254989624, ""test_balanced_accuracy"": 0.9070021510124207}"
2026-04-16T00:27:08.207001,tpe,lcbench,189865,0,60,26.119972229003906,"{""OpenML_task_id"": ""189909"", ""batch_size"": 213, ""epoch"": 6, ""learning_rate"": 0.02520914199160433, ""max_dropout"": 0.5219018773396662, ""max_units"": 247, ""momentum"": 0.6400221645245081, ""num_layers"": 3, ""weight_decay"": 0.014037498217003574}","{""time"": 26.119972229003906, ""val_accuracy"": 84.90411376953125, ""val_cross_entropy"": 0.47452372312545776, ""val_balanced_accuracy"": 0.8663593530654907, ""test_cross_entropy"": 0.5708801746368408, ""test_balanced_accuracy"": 0.8598943948745728}"
2026-04-16T00:27:08.239799,tpe,lcbench,189865,0,61,9.06141185760498,"{""OpenML_task_id"": ""189866"", ""batch_size"": 88, ""epoch"": 2, ""learning_rate"": 0.019171556316014075, ""max_dropout"": 0.2611953281435178, ""max_units"": 462, ""momentum"": 0.40383379739007896, ""num_layers"": 5, ""weight_decay"": 0.018178639650168863}","{""time"": 9.06141185760498, ""val_accuracy"": 62.009220123291016, ""val_cross_entropy"": 0.5723235011100769, ""val_balanced_accuracy"": 0.6111979484558105, ""test_cross_entropy"": 0.6785900592803955, ""test_balanced_accuracy"": 0.6048935651779175}"
2026-04-16T00:27:08.266135,tpe,lcbench,189865,0,62,9.984551429748535,"{""OpenML_task_id"": ""167201"", ""batch_size"": 113, ""epoch"": 1, ""learning_rate"": 0.013990189581311065, ""max_dropout"": 0.3135924577950725, ""max_units"": 487, ""momentum"": 0.36624755280312626, ""num_layers"": 4, ""weight_decay"": 0.0026656250473009787}","{""time"": 9.984551429748535, ""val_accuracy"": 51.38068771362305, ""val_cross_entropy"": 0.6512958407402039, ""val_balanced_accuracy"": 0.4856814742088318, ""test_cross_entropy"": 0.6893444657325745, ""test_balanced_accuracy"": 0.49293383955955505}"
2026-04-16T00:27:08.285059,tpe,lcbench,189865,0,63,6.746590614318848,"{""OpenML_task_id"": ""167201"", ""batch_size"": 58, ""epoch"": 4, ""learning_rate"": 0.007330634310053076, ""max_dropout"": 0.2680470740395195, ""max_units"": 86, ""momentum"": 0.42254284993463714, ""num_layers"": 5, ""weight_decay"": 0.020285242937381674}","{""time"": 6.746590614318848, ""val_accuracy"": 63.75018310546875, ""val_cross_entropy"": 0.5936429500579834, ""val_balanced_accuracy"": 0.6030136346817017, ""test_cross_entropy"": 0.6854294538497925, ""test_balanced_accuracy"": 0.5924848914146423}"
2026-04-16T00:27:08.320161,tpe,lcbench,189865,0,64,5.071831703186035,"{""OpenML_task_id"": ""126029"", ""batch_size"": 116, ""epoch"": 1, ""learning_rate"": 0.01708673691728649, ""max_dropout"": 0.2098636270318994, ""max_units"": 359, ""momentum"": 0.4736957961571464, ""num_layers"": 2, ""weight_decay"": 0.007838975461825793}","{""time"": 5.071831703186035, ""val_accuracy"": 53.11836624145508, ""val_cross_entropy"": 0.6880074739456177, ""val_balanced_accuracy"": 0.5161893963813782, ""test_cross_entropy"": 0.6993846893310547, ""test_balanced_accuracy"": 0.519566535949707}"
2026-04-16T00:27:08.348063,tpe,lcbench,189865,0,65,12.01768970489502,"{""OpenML_task_id"": ""189905"", ""batch_size"": 151, ""epoch"": 5, ""learning_rate"": 0.053429757012127536, ""max_dropout"": 0.2054350425102092, ""max_units"": 192, ""momentum"": 0.4654504149009271, ""num_layers"": 2, ""weight_decay"": 0.007051351967547922}","{""time"": 12.01768970489502, ""val_accuracy"": 90.53247833251953, ""val_cross_entropy"": 0.2965514063835144, ""val_balanced_accuracy"": 0.9075160622596741, ""test_cross_entropy"": 0.48753514885902405, ""test_balanced_accuracy"": 0.9013146162033081}"
2026-04-16T00:27:08.380030,tpe,lcbench,189865,0,66,36.902015686035156,"{""OpenML_task_id"": ""168335"", ""batch_size"": 169, ""epoch"": 33, ""learning_rate"": 0.02132830136912648, ""max_dropout"": 0.05559704879547106, ""max_units"": 369, ""momentum"": 0.3022488823717052, ""num_layers"": 2, ""weight_decay"": 0.011883321750338939}","{""time"": 36.902015686035156, ""val_accuracy"": 91.83511352539062, ""val_cross_entropy"": 0.2541027069091797, ""val_balanced_accuracy"": 0.9138317108154297, ""test_cross_entropy"": 0.4532575011253357, ""test_balanced_accuracy"": 0.9039866328239441}"
2026-04-16T00:27:08.423791,tpe,lcbench,189865,0,67,8.959615707397461,"{""OpenML_task_id"": ""126029"", ""batch_size"": 124, ""epoch"": 3, ""learning_rate"": 0.03478206853369294, ""max_dropout"": 0.36215802125634927, ""max_units"": 155, ""momentum"": 0.5117182475837256, ""num_layers"": 2, ""weight_decay"": 0.02604833662124449}","{""time"": 8.959615707397461, ""val_accuracy"": 87.06356811523438, ""val_cross_entropy"": 0.3942546248435974, ""val_balanced_accuracy"": 0.8727030754089355, ""test_cross_entropy"": 0.5523149967193604, ""test_balanced_accuracy"": 0.8678643703460693}"
2026-04-16T00:27:08.455557,tpe,lcbench,189865,0,68,46.90873718261719,"{""OpenML_task_id"": ""126029"", ""batch_size"": 304, ""epoch"": 15, ""learning_rate"": 0.00879234664996377, ""max_dropout"": 0.14667817232314734, ""max_units"": 302, ""momentum"": 0.35378464637146834, ""num_layers"": 3, ""weight_decay"": 0.0030661099347532327}","{""time"": 46.90873718261719, ""val_accuracy"": 81.62875366210938, ""val_cross_entropy"": 0.597629964351654, ""val_balanced_accuracy"": 0.8042708039283752, ""test_cross_entropy"": 0.6384639739990234, ""test_balanced_accuracy"": 0.7964168787002563}"
2026-04-16T00:27:08.493340,tpe,lcbench,189865,0,69,14.851253509521484,"{""OpenML_task_id"": ""167161"", ""batch_size"": 266, ""epoch"": 7, ""learning_rate"": 0.039107178667751756, ""max_dropout"": 0.4213486508159822, ""max_units"": 672, ""momentum"": 0.933742740604477, ""num_layers"": 1, ""weight_decay"": 0.044458244331370834}","{""time"": 14.851253509521484, ""val_accuracy"": 89.8097915649414, ""val_cross_entropy"": 0.32079020142555237, ""val_balanced_accuracy"": 0.8915159702301025, ""test_cross_entropy"": 0.49869483709335327, ""test_balanced_accuracy"": 0.8871193528175354}"
2026-04-16T00:27:08.525492,tpe,lcbench,189865,0,70,14.561203956604004,"{""OpenML_task_id"": ""167200"", ""batch_size"": 80, ""epoch"": 5, ""learning_rate"": 0.015994294113573757, ""max_dropout"": 0.374531539228068, ""max_units"": 595, ""momentum"": 0.5215213449420184, ""num_layers"": 2, ""weight_decay"": 0.009530008628413775}","{""time"": 14.561203956604004, ""val_accuracy"": 90.53041076660156, ""val_cross_entropy"": 0.29675281047821045, ""val_balanced_accuracy"": 0.9090908765792847, ""test_cross_entropy"": 0.49395543336868286, ""test_balanced_accuracy"": 0.9022262096405029}"
2026-04-16T00:27:08.549843,tpe,lcbench,189865,0,71,4.512649059295654,"{""OpenML_task_id"": ""34539"", ""batch_size"": 107, ""epoch"": 1, ""learning_rate"": 0.023313731130760962, ""max_dropout"": 0.2410512008114731, ""max_units"": 553, ""momentum"": 0.4166221141559029, ""num_layers"": 2, ""weight_decay"": 0.01598329291431594}","{""time"": 4.512649059295654, ""val_accuracy"": 54.23664093017578, ""val_cross_entropy"": 0.7085880637168884, ""val_balanced_accuracy"": 0.523828387260437, ""test_cross_entropy"": 0.6900854110717773, ""test_balanced_accuracy"": 0.5272595286369324}"
2026-04-16T00:27:08.577731,tpe,lcbench,189865,0,72,6.057722091674805,"{""OpenML_task_id"": ""34539"", ""batch_size"": 134, ""epoch"": 2, ""learning_rate"": 0.030261352852764795, ""max_dropout"": 0.331133835520546, ""max_units"": 629, ""momentum"": 0.4538929646517143, ""num_layers"": 2, ""weight_decay"": 0.015746414703656855}","{""time"": 6.057722091674805, ""val_accuracy"": 85.31351470947266, ""val_cross_entropy"": 0.42769855260849, ""val_balanced_accuracy"": 0.8474094867706299, ""test_cross_entropy"": 0.5674270391464233, ""test_balanced_accuracy"": 0.8462417125701904}"
2026-04-16T00:27:08.605415,tpe,lcbench,189865,0,73,9.698684692382812,"{""OpenML_task_id"": ""34539"", ""batch_size"": 95, ""epoch"": 3, ""learning_rate"": 0.023502210776942915, ""max_dropout"": 0.22460887512649577, ""max_units"": 543, ""momentum"": 0.3810431101062688, ""num_layers"": 2, ""weight_decay"": 0.006672372136958563}","{""time"": 9.698684692382812, ""val_accuracy"": 89.6147232055664, ""val_cross_entropy"": 0.35288387537002563, ""val_balanced_accuracy"": 0.8932146430015564, ""test_cross_entropy"": 0.5265371799468994, ""test_balanced_accuracy"": 0.889201283454895}"
2026-04-16T00:27:08.638028,tpe,lcbench,189865,0,74,4.77202033996582,"{""OpenML_task_id"": ""146212"", ""batch_size"": 62, ""epoch"": 1, ""learning_rate"": 0.04191830233582, ""max_dropout"": 0.18714970897608985, ""max_units"": 739, ""momentum"": 0.41919621466046, ""num_layers"": 2, ""weight_decay"": 0.059703901210985816}","{""time"": 4.77202033996582, ""val_accuracy"": 52.6903190612793, ""val_cross_entropy"": 0.7388269305229187, ""val_balanced_accuracy"": 0.5115036368370056, ""test_cross_entropy"": 0.6882326006889343, ""test_balanced_accuracy"": 0.5150632858276367}"
2026-04-16T00:27:08.662255,tpe,lcbench,189865,0,75,55.643699645996094,"{""OpenML_task_id"": ""146212"", ""batch_size"": 58, ""epoch"": 51, ""learning_rate"": 0.001998546843536963, ""max_dropout"": 0.19564112419409502, ""max_units"": 781, ""momentum"": 0.41687962260280736, ""num_layers"": 2, ""weight_decay"": 0.058365947228601896}","{""time"": 55.643699645996094, ""val_accuracy"": 90.01661682128906, ""val_cross_entropy"": 0.304562509059906, ""val_balanced_accuracy"": 0.8978726267814636, ""test_cross_entropy"": 0.4968230128288269, ""test_balanced_accuracy"": 0.8872411847114563}"
2026-04-16T00:27:08.683490,tpe,lcbench,189865,0,76,18.83246612548828,"{""OpenML_task_id"": ""146212"", ""batch_size"": 35, ""epoch"": 6, ""learning_rate"": 0.04282865235471855, ""max_dropout"": 0.16592977799006342, ""max_units"": 739, ""momentum"": 0.5569354332346412, ""num_layers"": 2, ""weight_decay"": 0.06471129620861837}","{""time"": 18.83246612548828, ""val_accuracy"": 91.64718627929688, ""val_cross_entropy"": 0.27169299125671387, ""val_balanced_accuracy"": 0.9108855724334717, ""test_cross_entropy"": 0.4665736258029938, ""test_balanced_accuracy"": 0.9022038578987122}"
2026-04-16T00:27:08.708682,tpe,lcbench,189865,0,77,10.521422386169434,"{""OpenML_task_id"": ""167104"", ""batch_size"": 107, ""epoch"": 2, ""learning_rate"": 0.03311041391720193, ""max_dropout"": 0.2399608021870627, ""max_units"": 857, ""momentum"": 0.49230005446487124, ""num_layers"": 1, ""weight_decay"": 0.05262720462853087}","{""time"": 10.521422386169434, ""val_accuracy"": 79.26714324951172, ""val_cross_entropy"": 0.4751310348510742, ""val_balanced_accuracy"": 0.7825053334236145, ""test_cross_entropy"": 0.5824912786483765, ""test_balanced_accuracy"": 0.7787948250770569}"
2026-04-16T00:27:08.742157,tpe,lcbench,189865,0,78,16.92901611328125,"{""OpenML_task_id"": ""189908"", ""batch_size"": 62, ""epoch"": 8, ""learning_rate"": 0.02800415866343907, ""max_dropout"": 0.08556590889385501, ""max_units"": 643, ""momentum"": 0.4754651410643831, ""num_layers"": 2, ""weight_decay"": 0.058475523216482035}","{""time"": 16.92901611328125, ""val_accuracy"": 91.39929962158203, ""val_cross_entropy"": 0.2687777280807495, ""val_balanced_accuracy"": 0.911464273929596, ""test_cross_entropy"": 0.47116637229919434, ""test_balanced_accuracy"": 0.9010361433029175}"
2026-04-16T00:27:08.776526,tpe,lcbench,189865,0,79,10.507477760314941,"{""OpenML_task_id"": ""168331"", ""batch_size"": 87, ""epoch"": 4, ""learning_rate"": 0.037346275424682406, ""max_dropout"": 0.13908864404020319, ""max_units"": 685, ""momentum"": 0.348807484662273, ""num_layers"": 2, ""weight_decay"": 0.06841064187223807}","{""time"": 10.507477760314941, ""val_accuracy"": 90.88057708740234, ""val_cross_entropy"": 0.31756868958473206, ""val_balanced_accuracy"": 0.8997464179992676, ""test_cross_entropy"": 0.5012638568878174, ""test_balanced_accuracy"": 0.8896491527557373}"
2026-04-16T00:27:08.802724,tpe,lcbench,189865,0,80,19.71377182006836,"{""OpenML_task_id"": ""167190"", ""batch_size"": 52, ""epoch"": 10, ""learning_rate"": 0.08726465071289474, ""max_dropout"": 0.02682821503308519, ""max_units"": 560, ""momentum"": 0.4294390962981367, ""num_layers"": 2, ""weight_decay"": 0.04672948120697295}","{""time"": 19.71377182006836, ""val_accuracy"": 91.35328674316406, ""val_cross_entropy"": 0.27223658561706543, ""val_balanced_accuracy"": 0.915553629398346, ""test_cross_entropy"": 0.45071402192115784, ""test_balanced_accuracy"": 0.9059733748435974}"
2026-04-16T00:27:08.837915,tpe,lcbench,189865,0,81,6.000548839569092,"{""OpenML_task_id"": ""167149"", ""batch_size"": 123, ""epoch"": 1, ""learning_rate"": 0.04606962684564509, ""max_dropout"": 0.28601780877249205, ""max_units"": 703, ""momentum"": 0.28287805710819625, ""num_layers"": 3, ""weight_decay"": 0.0002357061212775926}","{""time"": 6.000548839569092, ""val_accuracy"": 65.482421875, ""val_cross_entropy"": 0.7145748138427734, ""val_balanced_accuracy"": 0.6284741759300232, ""test_cross_entropy"": 0.6786386966705322, ""test_balanced_accuracy"": 0.627493143081665}"
2026-04-16T00:27:08.870666,tpe,lcbench,189865,0,82,19.213157653808594,"{""OpenML_task_id"": ""167181"", ""batch_size"": 71, ""epoch"": 3, ""learning_rate"": 0.04179320895535805, ""max_dropout"": 0.3120335540261443, ""max_units"": 809, ""momentum"": 0.3183712081503535, ""num_layers"": 3, ""weight_decay"": 0.0036489095162446283}","{""time"": 19.213157653808594, ""val_accuracy"": 91.6650161743164, ""val_cross_entropy"": 0.3373744487762451, ""val_balanced_accuracy"": 0.9147786498069763, ""test_cross_entropy"": 0.49837106466293335, ""test_balanced_accuracy"": 0.9115529656410217}"
2026-04-16T00:27:08.899010,tpe,lcbench,189865,0,83,26.02375030517578,"{""OpenML_task_id"": ""168868"", ""batch_size"": 103, ""epoch"": 23, ""learning_rate"": 0.051455672437932434, ""max_dropout"": 0.1850089139906971, ""max_units"": 738, ""momentum"": 0.2442675475833459, ""num_layers"": 2, ""weight_decay"": 0.051631883780006105}","{""time"": 26.02375030517578, ""val_accuracy"": 91.61432647705078, ""val_cross_entropy"": 0.25830042362213135, ""val_balanced_accuracy"": 0.9190739393234253, ""test_cross_entropy"": 0.46136823296546936, ""test_balanced_accuracy"": 0.9102846384048462}"
2026-04-16T00:27:08.925079,tpe,lcbench,189865,0,84,3.7875242233276367,"{""OpenML_task_id"": ""189865"", ""batch_size"": 150, ""epoch"": 1, ""learning_rate"": 0.04600419341250559, ""max_dropout"": 0.3495587851806029, ""max_units"": 594, ""momentum"": 0.3869821933237479, ""num_layers"": 2, ""weight_decay"": 0.06139280106964784}","{""time"": 3.7875242233276367, ""val_accuracy"": 55.32429885864258, ""val_cross_entropy"": 0.7221964001655579, ""val_balanced_accuracy"": 0.520882248878479, ""test_cross_entropy"": 0.6882716417312622, ""test_balanced_accuracy"": 0.5252139568328857}"
2026-04-16T00:27:08.950009,tpe,lcbench,189865,0,85,11.788996696472168,"{""OpenML_task_id"": ""167168"", ""batch_size"": 150, ""epoch"": 5, ""learning_rate"": 0.07651575338590025, ""max_dropout"": 0.2266395078884221, ""max_units"": 648, ""momentum"": 0.40216272581700796, ""num_layers"": 2, ""weight_decay"": 0.06090642248175168}","{""time"": 11.788996696472168, ""val_accuracy"": 91.35259246826172, ""val_cross_entropy"": 0.2736515998840332, ""val_balanced_accuracy"": 0.9063622951507568, ""test_cross_entropy"": 0.4837508201599121, ""test_balanced_accuracy"": 0.8980764746665955}"
2026-04-16T00:27:08.982993,tpe,lcbench,189865,0,86,38.44290542602539,"{""OpenML_task_id"": ""189865"", ""batch_size"": 46, ""epoch"": 36, ""learning_rate"": 0.030112183386561738, ""max_dropout"": 0.3436232166897566, ""max_units"": 510, ""momentum"": 0.3764399543048802, ""num_layers"": 2, ""weight_decay"": 0.07042607370983474}","{""time"": 38.44290542602539, ""val_accuracy"": 91.950439453125, ""val_cross_entropy"": 0.26541340351104736, ""val_balanced_accuracy"": 0.9244555234909058, ""test_cross_entropy"": 0.47273510694503784, ""test_balanced_accuracy"": 0.9160287380218506}"
2026-04-16T00:27:09.003994,tpe,lcbench,189865,0,87,6.717306613922119,"{""OpenML_task_id"": ""189865"", ""batch_size"": 135, ""epoch"": 2, ""learning_rate"": 0.02540249618512924, ""max_dropout"": 0.28346256830485217, ""max_units"": 570, ""momentum"": 0.4505671229945267, ""num_layers"": 2, ""weight_decay"": 0.07171702170289204}","{""time"": 6.717306613922119, ""val_accuracy"": 83.10833740234375, ""val_cross_entropy"": 0.46732136607170105, ""val_balanced_accuracy"": 0.8290812969207764, ""test_cross_entropy"": 0.5958105325698853, ""test_balanced_accuracy"": 0.8256206512451172}"
2026-04-16T00:27:09.038816,tpe,lcbench,189865,0,88,5.186178207397461,"{""OpenML_task_id"": ""189873"", ""batch_size"": 165, ""epoch"": 1, ""learning_rate"": 0.021053739332253935, ""max_dropout"": 0.24962610756656378, ""max_units"": 610, ""momentum"": 0.3407969690077701, ""num_layers"": 1, ""weight_decay"": 0.04053929950450062}","{""time"": 5.186178207397461, ""val_accuracy"": 57.91813278198242, ""val_cross_entropy"": 0.7067784667015076, ""val_balanced_accuracy"": 0.55056232213974, ""test_cross_entropy"": 0.681428074836731, ""test_balanced_accuracy"": 0.5480112433433533}"
2026-04-16T00:27:09.065395,tpe,lcbench,189865,0,89,10.976019859313965,"{""OpenML_task_id"": ""167185"", ""batch_size"": 80, ""epoch"": 4, ""learning_rate"": 0.0630657389099672, ""max_dropout"": 0.38405448388089125, ""max_units"": 660, ""momentum"": 0.41523451967017144, ""num_layers"": 2, ""weight_decay"": 0.0645419097563508}","{""time"": 10.976019859313965, ""val_accuracy"": 91.74827575683594, ""val_cross_entropy"": 0.2820367217063904, ""val_balanced_accuracy"": 0.9066925048828125, ""test_cross_entropy"": 0.48670703172683716, ""test_balanced_accuracy"": 0.8982220888137817}"
2026-04-16T00:27:09.088894,tpe,lcbench,189865,0,90,16.998737335205078,"{""OpenML_task_id"": ""167161"", ""batch_size"": 338, ""epoch"": 7, ""learning_rate"": 0.03763254245462043, ""max_dropout"": 0.3239083561091146, ""max_units"": 752, ""momentum"": 0.4427717107861955, ""num_layers"": 2, ""weight_decay"": 0.05754688809587486}","{""time"": 16.998737335205078, ""val_accuracy"": 88.2435531616211, ""val_cross_entropy"": 0.3330442011356354, ""val_balanced_accuracy"": 0.8807245492935181, ""test_cross_entropy"": 0.5114423036575317, ""test_balanced_accuracy"": 0.8717132210731506}"
2026-04-16T00:27:09.116182,tpe,lcbench,189865,0,91,3.73732328414917,"{""OpenML_task_id"": ""189873"", ""batch_size"": 171, ""epoch"": 1, ""learning_rate"": 0.020827306112813807, ""max_dropout"": 0.9594978891576589, ""max_units"": 611, ""momentum"": 0.348761215858862, ""num_layers"": 1, ""weight_decay"": 0.08165645534462537}","{""time"": 3.73732328414917, ""val_accuracy"": 59.1821403503418, ""val_cross_entropy"": 0.6873230934143066, ""val_balanced_accuracy"": 0.5612552165985107, ""test_cross_entropy"": 0.675126314163208, ""test_balanced_accuracy"": 0.5659809708595276}"
2026-04-16T00:27:09.150642,tpe,lcbench,189865,0,92,7.581878662109375,"{""OpenML_task_id"": ""189873"", ""batch_size"": 187, ""epoch"": 2, ""learning_rate"": 0.01566471847116771, ""max_dropout"": 0.9456828143270003, ""max_units"": 628, ""momentum"": 0.29786813250120336, ""num_layers"": 1, ""weight_decay"": 0.008183051062511888}","{""time"": 7.581878662109375, ""val_accuracy"": 66.0418472290039, ""val_cross_entropy"": 0.6216611862182617, ""val_balanced_accuracy"": 0.6503005027770996, ""test_cross_entropy"": 0.6504082679748535, ""test_balanced_accuracy"": 0.6479740142822266}"
2026-04-16T00:27:09.176774,tpe,lcbench,189865,0,93,13.04401969909668,"{""OpenML_task_id"": ""126029"", ""batch_size"": 132, ""epoch"": 4, ""learning_rate"": 0.033094281389690436, ""max_dropout"": 0.9184254253947313, ""max_units"": 596, ""momentum"": 0.38640252061076513, ""num_layers"": 1, ""weight_decay"": 0.08751605143619559}","{""time"": 13.04401969909668, ""val_accuracy"": 87.36466217041016, ""val_cross_entropy"": 0.3837125897407532, ""val_balanced_accuracy"": 0.8674241900444031, ""test_cross_entropy"": 0.5444728136062622, ""test_balanced_accuracy"": 0.8648107647895813}"
2026-04-16T00:27:09.200487,tpe,lcbench,189865,0,94,12.83484935760498,"{""OpenML_task_id"": ""7593"", ""batch_size"": 157, ""epoch"": 2, ""learning_rate"": 0.01080945634514736, ""max_dropout"": 0.35149388367776335, ""max_units"": 534, ""momentum"": 0.25898752439323824, ""num_layers"": 1, ""weight_decay"": 0.09377561027360465}","{""time"": 12.83484935760498, ""val_accuracy"": 64.65007019042969, ""val_cross_entropy"": 0.6276088953018188, ""val_balanced_accuracy"": 0.6349164843559265, ""test_cross_entropy"": 0.6552258729934692, ""test_balanced_accuracy"": 0.6284154057502747}"
2026-04-16T00:27:09.227532,tpe,lcbench,189865,0,95,10.656685829162598,"{""OpenML_task_id"": ""189862"", ""batch_size"": 103, ""epoch"": 5, ""learning_rate"": 0.04480820333806073, ""max_dropout"": 0.8219186368010649, ""max_units"": 671, ""momentum"": 0.3702906971048383, ""num_layers"": 2, ""weight_decay"": 0.0021311781769972928}","{""time"": 10.656685829162598, ""val_accuracy"": 91.04087829589844, ""val_cross_entropy"": 0.2884252369403839, ""val_balanced_accuracy"": 0.8969688415527344, ""test_cross_entropy"": 0.49091121554374695, ""test_balanced_accuracy"": 0.8915143013000488}"
2026-04-16T00:27:09.249369,tpe,lcbench,189865,0,96,3.1530401706695557,"{""OpenML_task_id"": ""189906"", ""batch_size"": 92, ""epoch"": 1, ""learning_rate"": 0.016652698047178234, ""max_dropout"": 0.419490698758948, ""max_units"": 689, ""momentum"": 0.3301316244808413, ""num_layers"": 2, ""weight_decay"": 0.08464080731489221}","{""time"": 3.1530401706695557, ""val_accuracy"": 56.07283020019531, ""val_cross_entropy"": 0.7187642455101013, ""val_balanced_accuracy"": 0.5363109707832336, ""test_cross_entropy"": 0.6883729696273804, ""test_balanced_accuracy"": 0.5366629362106323}"
2026-04-16T00:27:09.286434,tpe,lcbench,189865,0,97,10.163043975830078,"{""OpenML_task_id"": ""168910"", ""batch_size"": 395, ""epoch"": 3, ""learning_rate"": 0.040996330265213723, ""max_dropout"": 0.4684773553088664, ""max_units"": 695, ""momentum"": 0.3280478346221868, ""num_layers"": 2, ""weight_decay"": 0.09087071457574464}","{""time"": 10.163043975830078, ""val_accuracy"": 84.46477508544922, ""val_cross_entropy"": 0.4772961735725403, ""val_balanced_accuracy"": 0.8412480354309082, ""test_cross_entropy"": 0.5898889899253845, ""test_balanced_accuracy"": 0.8386622667312622}"
2026-04-16T00:27:09.320032,tpe,lcbench,189865,0,98,97.30630493164062,"{""OpenML_task_id"": ""189906"", ""batch_size"": 73, ""epoch"": 30, ""learning_rate"": 0.09991498836489142, ""max_dropout"": 0.4347896960562302, ""max_units"": 730, ""momentum"": 0.349741212226566, ""num_layers"": 3, ""weight_decay"": 0.08326249443159675}","{""time"": 97.30630493164062, ""val_accuracy"": 92.40721130371094, ""val_cross_entropy"": 0.2702184021472931, ""val_balanced_accuracy"": 0.9359362721443176, ""test_cross_entropy"": 0.4639558792114258, ""test_balanced_accuracy"": 0.9295742511749268}"
2026-04-16T00:27:09.349435,tpe,lcbench,189865,0,99,40.184600830078125,"{""OpenML_task_id"": ""168908"", ""batch_size"": 92, ""epoch"": 44, ""learning_rate"": 0.025196794986850454, ""max_dropout"": 0.4178436793535505, ""max_units"": 564, ""momentum"": 0.28627182911245824, ""num_layers"": 2, ""weight_decay"": 0.03153875347003275}","{""time"": 40.184600830078125, ""val_accuracy"": 92.31736755371094, ""val_cross_entropy"": 0.239471897482872, ""val_balanced_accuracy"": 0.9248011708259583, ""test_cross_entropy"": 0.4546825587749481, ""test_balanced_accuracy"": 0.9156549572944641}"
2026-04-16T00:27:09.383923,tpe,lcbench,189865,0,100,11.737401008605957,"{""OpenML_task_id"": ""168330"", ""batch_size"": 143, ""epoch"": 6, ""learning_rate"": 0.04856874552355525, ""max_dropout"": 0.29182913352215534, ""max_units"": 776, ""momentum"": 0.39118025129406997, ""num_layers"": 1, ""weight_decay"": 0.08199937162617778}","{""time"": 11.737401008605957, ""val_accuracy"": 89.25921630859375, ""val_cross_entropy"": 0.3420931398868561, ""val_balanced_accuracy"": 0.8817128539085388, ""test_cross_entropy"": 0.5190749764442444, ""test_balanced_accuracy"": 0.8766987919807434}"
2026-04-16T00:27:09.426758,tpe,lcbench,189865,0,101,4.254671573638916,"{""OpenML_task_id"": ""167161"", ""batch_size"": 121, ""epoch"": 1, ""learning_rate"": 0.00563430834052113, ""max_dropout"": 0.22969720402994068, ""max_units"": 616, ""momentum"": 0.3164929766250819, ""num_layers"": 2, ""weight_decay"": 0.07754114846474118}","{""time"": 4.254671573638916, ""val_accuracy"": 55.556617736816406, ""val_cross_entropy"": 0.6699763536453247, ""val_balanced_accuracy"": 0.5240232348442078, ""test_cross_entropy"": 0.6836864948272705, ""test_balanced_accuracy"": 0.5239632725715637}"
2026-04-16T00:27:09.465403,tpe,lcbench,189865,0,102,4.161242485046387,"{""OpenML_task_id"": ""167161"", ""batch_size"": 123, ""epoch"": 1, ""learning_rate"": 0.004772988566675565, ""max_dropout"": 0.2711773246894363, ""max_units"": 617, ""momentum"": 0.3103084943750865, ""num_layers"": 2, ""weight_decay"": 0.0798154377432508}","{""time"": 4.161242485046387, ""val_accuracy"": 55.50694274902344, ""val_cross_entropy"": 0.6680465936660767, ""val_balanced_accuracy"": 0.5258545279502869, ""test_cross_entropy"": 0.682429313659668, ""test_balanced_accuracy"": 0.5256298780441284}"
2026-04-16T00:27:09.491500,tpe,lcbench,189865,0,103,10.566045761108398,"{""OpenML_task_id"": ""167161"", ""batch_size"": 172, ""epoch"": 3, ""learning_rate"": 0.006821420696665173, ""max_dropout"": 0.2688753693671339, ""max_units"": 619, ""momentum"": 0.3139533105930442, ""num_layers"": 2, ""weight_decay"": 0.08031438428810991}","{""time"": 10.566045761108398, ""val_accuracy"": 78.55597686767578, ""val_cross_entropy"": 0.5564195513725281, ""val_balanced_accuracy"": 0.7908599376678467, ""test_cross_entropy"": 0.6292904615402222, ""test_balanced_accuracy"": 0.7876444458961487}"
2026-04-16T00:27:09.519750,tpe,lcbench,189865,0,104,3.9771721363067627,"{""OpenML_task_id"": ""167161"", ""batch_size"": 124, ""epoch"": 1, ""learning_rate"": 0.004439648806805505, ""max_dropout"": 0.3708202843010375, ""max_units"": 637, ""momentum"": 0.3563360822313445, ""num_layers"": 2, ""weight_decay"": 0.085073242997852}","{""time"": 3.9771721363067627, ""val_accuracy"": 55.89109420776367, ""val_cross_entropy"": 0.6649484038352966, ""val_balanced_accuracy"": 0.531272292137146, ""test_cross_entropy"": 0.6827290654182434, ""test_balanced_accuracy"": 0.5315206050872803}"
2026-04-16T00:27:09.543724,tpe,lcbench,189865,0,105,10.015230178833008,"{""OpenML_task_id"": ""167161"", ""batch_size"": 124, ""epoch"": 4, ""learning_rate"": 0.00023759576229185047, ""max_dropout"": 0.3970108241882033, ""max_units"": 590, ""momentum"": 0.30268852137159175, ""num_layers"": 2, ""weight_decay"": 0.08520487336660237}","{""time"": 10.015230178833008, ""val_accuracy"": 54.3635139465332, ""val_cross_entropy"": 0.6573195457458496, ""val_balanced_accuracy"": 0.5335612297058105, ""test_cross_entropy"": 0.6883070468902588, ""test_balanced_accuracy"": 0.5307385325431824}"
2026-04-16T00:27:09.567088,tpe,lcbench,189865,0,106,6.826075553894043,"{""OpenML_task_id"": ""167161"", ""batch_size"": 150, ""epoch"": 2, ""learning_rate"": 0.006315424987394819, ""max_dropout"": 0.3637386769102602, ""max_units"": 642, ""momentum"": 0.33342547102627346, ""num_layers"": 2, ""weight_decay"": 0.07829273726295848}","{""time"": 6.826075553894043, ""val_accuracy"": 70.4613265991211, ""val_cross_entropy"": 0.6091338396072388, ""val_balanced_accuracy"": 0.705513596534729, ""test_cross_entropy"": 0.6522510051727295, ""test_balanced_accuracy"": 0.7043948769569397}"
2026-04-16T00:27:09.595476,tpe,lcbench,189865,0,107,7.609767913818359,"{""OpenML_task_id"": ""167161"", ""batch_size"": 140, ""epoch"": 2, ""learning_rate"": 0.003957992208643363, ""max_dropout"": 0.3266690833405388, ""max_units"": 559, ""momentum"": 0.36393588706556496, ""num_layers"": 2, ""weight_decay"": 0.09860445781404356}","{""time"": 7.609767913818359, ""val_accuracy"": 65.57203674316406, ""val_cross_entropy"": 0.6293321251869202, ""val_balanced_accuracy"": 0.6481792330741882, ""test_cross_entropy"": 0.6678811311721802, ""test_balanced_accuracy"": 0.6459367275238037}"
2026-04-16T00:27:09.621295,tpe,lcbench,189865,0,108,16.712871551513672,"{""OpenML_task_id"": ""189906"", ""batch_size"": 159, ""epoch"": 6, ""learning_rate"": 0.009914645613853839, ""max_dropout"": 0.29745242329038607, ""max_units"": 502, ""momentum"": 0.24664308455473827, ""num_layers"": 2, ""weight_decay"": 0.07476234149360228}","{""time"": 16.712871551513672, ""val_accuracy"": 84.8235092163086, ""val_cross_entropy"": 0.4517030417919159, ""val_balanced_accuracy"": 0.8511173129081726, ""test_cross_entropy"": 0.5745153427124023, ""test_balanced_accuracy"": 0.8438707590103149}"
2026-04-16T00:27:09.648028,tpe,lcbench,189865,0,109,12.813932418823242,"{""OpenML_task_id"": ""167161"", ""batch_size"": 120, ""epoch"": 5, ""learning_rate"": 0.013354095714698686, ""max_dropout"": 0.38011341815379773, ""max_units"": 610, ""momentum"": 0.35344664883941485, ""num_layers"": 2, ""weight_decay"": 0.08571087764678871}","{""time"": 12.813932418823242, ""val_accuracy"": 87.5337905883789, ""val_cross_entropy"": 0.400852769613266, ""val_balanced_accuracy"": 0.8778098225593567, ""test_cross_entropy"": 0.5492233037948608, ""test_balanced_accuracy"": 0.8687504529953003}"
2026-04-16T00:27:09.675269,tpe,lcbench,189865,0,110,4.204470634460449,"{""OpenML_task_id"": ""189354"", ""batch_size"": 105, ""epoch"": 1, ""learning_rate"": 0.012348044450011766, ""max_dropout"": 0.2683777877451693, ""max_units"": 534, ""momentum"": 0.21071098205676936, ""num_layers"": 2, ""weight_decay"": 0.09106031164125852}","{""time"": 4.204470634460449, ""val_accuracy"": 55.132686614990234, ""val_cross_entropy"": 0.6895591616630554, ""val_balanced_accuracy"": 0.5200692415237427, ""test_cross_entropy"": 0.689624547958374, ""test_balanced_accuracy"": 0.5204532742500305}"
2026-04-16T00:27:09.707799,tpe,lcbench,189865,0,111,4.210048675537109,"{""OpenML_task_id"": ""189354"", ""batch_size"": 108, ""epoch"": 1, ""learning_rate"": 0.012055813091670812, ""max_dropout"": 0.24335008630337468, ""max_units"": 541, ""momentum"": 0.22134535180091258, ""num_layers"": 2, ""weight_decay"": 0.09143465723545142}","{""time"": 4.210048675537109, ""val_accuracy"": 55.27156448364258, ""val_cross_entropy"": 0.6861177682876587, ""val_balanced_accuracy"": 0.5203470587730408, ""test_cross_entropy"": 0.6891971230506897, ""test_balanced_accuracy"": 0.5207998156547546}"
2026-04-16T00:27:09.738730,tpe,lcbench,189865,0,112,4.184948444366455,"{""OpenML_task_id"": ""189354"", ""batch_size"": 105, ""epoch"": 1, ""learning_rate"": 0.012315509434624082, ""max_dropout"": 0.23880219260348123, ""max_units"": 543, ""momentum"": 0.2121336909996594, ""num_layers"": 2, ""weight_decay"": 0.09167684251037019}","{""time"": 4.184948444366455, ""val_accuracy"": 55.17802810668945, ""val_cross_entropy"": 0.6888079643249512, ""val_balanced_accuracy"": 0.519436776638031, ""test_cross_entropy"": 0.6898239850997925, ""test_balanced_accuracy"": 0.5199333429336548}"
2026-04-16T00:27:09.776862,tpe,lcbench,189865,0,113,9.902277946472168,"{""OpenML_task_id"": ""189354"", ""batch_size"": 90, ""epoch"": 3, ""learning_rate"": 0.012756516890146513, ""max_dropout"": 0.2665800804655058, ""max_units"": 528, ""momentum"": 0.20482269502964162, ""num_layers"": 2, ""weight_decay"": 0.09127603068830888}","{""time"": 9.902277946472168, ""val_accuracy"": 85.24324798583984, ""val_cross_entropy"": 0.46958720684051514, ""val_balanced_accuracy"": 0.8577436208724976, ""test_cross_entropy"": 0.5842470526695251, ""test_balanced_accuracy"": 0.8501876592636108}"
2026-04-16T00:27:09.812755,tpe,lcbench,189865,0,114,12.377463340759277,"{""OpenML_task_id"": ""189354"", ""batch_size"": 129, ""epoch"": 4, ""learning_rate"": 0.005031919207535036, ""max_dropout"": 0.346137579059466, ""max_units"": 586, ""momentum"": 0.22251522895925302, ""num_layers"": 2, ""weight_decay"": 0.09625357559272796}","{""time"": 12.377463340759277, ""val_accuracy"": 80.9311294555664, ""val_cross_entropy"": 0.5357434153556824, ""val_balanced_accuracy"": 0.8132796287536621, ""test_cross_entropy"": 0.6208090782165527, ""test_balanced_accuracy"": 0.8072677254676819}"
2026-04-16T00:27:09.851210,tpe,lcbench,189865,0,115,3.6996724605560303,"{""OpenML_task_id"": ""189354"", ""batch_size"": 103, ""epoch"": 1, ""learning_rate"": 0.008829306670342457, ""max_dropout"": 0.21485101292488876, ""max_units"": 653, ""momentum"": 0.1592467995302237, ""num_layers"": 2, ""weight_decay"": 0.09308474626965406}","{""time"": 3.6996724605560303, ""val_accuracy"": 56.041717529296875, ""val_cross_entropy"": 0.6864301562309265, ""val_balanced_accuracy"": 0.5242281556129456, ""test_cross_entropy"": 0.6859123706817627, ""test_balanced_accuracy"": 0.5245962738990784}"
2026-04-16T00:27:09.881405,tpe,lcbench,189865,0,116,5.24753475189209,"{""OpenML_task_id"": ""189354"", ""batch_size"": 97, ""epoch"": 2, ""learning_rate"": 0.00864992014914678, ""max_dropout"": 0.2134317465805502, ""max_units"": 656, ""momentum"": 0.16115512870390133, ""num_layers"": 2, ""weight_decay"": 0.09400289048657631}","{""time"": 5.24753475189209, ""val_accuracy"": 76.39596557617188, ""val_cross_entropy"": 0.5699405670166016, ""val_balanced_accuracy"": 0.769119918346405, ""test_cross_entropy"": 0.637594997882843, ""test_balanced_accuracy"": 0.7640623450279236}"
2026-04-16T00:27:09.904951,tpe,lcbench,189865,0,117,3.433328628540039,"{""OpenML_task_id"": ""189354"", ""batch_size"": 109, ""epoch"": 1, ""learning_rate"": 0.0013121246227423937, ""max_dropout"": 0.24192120270536793, ""max_units"": 575, ""momentum"": 0.19948891587925893, ""num_layers"": 2, ""weight_decay"": 0.0884883316647748}","{""time"": 3.433328628540039, ""val_accuracy"": 53.48333740234375, ""val_cross_entropy"": 0.6568602323532104, ""val_balanced_accuracy"": 0.5188515782356262, ""test_cross_entropy"": 0.6847986578941345, ""test_balanced_accuracy"": 0.5181909203529358}"
2026-04-16T00:27:09.937163,tpe,lcbench,189865,0,118,6.515108585357666,"{""OpenML_task_id"": ""189354"", ""batch_size"": 81, ""epoch"": 3, ""learning_rate"": 0.00012993263919785624, ""max_dropout"": 0.17188230159781026, ""max_units"": 431, ""momentum"": 0.13277882991378295, ""num_layers"": 2, ""weight_decay"": 0.09220426701209132}","{""time"": 6.515108585357666, ""val_accuracy"": 49.602027893066406, ""val_cross_entropy"": 0.6700863242149353, ""val_balanced_accuracy"": 0.5038607716560364, ""test_cross_entropy"": 0.6935440301895142, ""test_balanced_accuracy"": 0.5077292919158936}"
2026-04-16T00:27:09.973636,tpe,lcbench,189865,0,119,4.073390483856201,"{""OpenML_task_id"": ""189354"", ""batch_size"": 112, ""epoch"": 1, ""learning_rate"": 0.0022328238366918704, ""max_dropout"": 0.251826810234002, ""max_units"": 476, ""momentum"": 0.18560288818345133, ""num_layers"": 2, ""weight_decay"": 0.08865271850850692}","{""time"": 4.073390483856201, ""val_accuracy"": 53.51200866699219, ""val_cross_entropy"": 0.6640142798423767, ""val_balanced_accuracy"": 0.5156314373016357, ""test_cross_entropy"": 0.6853843927383423, ""test_balanced_accuracy"": 0.5154701471328735}"
2026-04-16T00:27:10.010356,tpe,lcbench,189865,0,120,10.37500286102295,"{""OpenML_task_id"": ""189354"", ""batch_size"": 137, ""epoch"": 3, ""learning_rate"": 0.0022380924339722302, ""max_dropout"": 0.3086356816235801, ""max_units"": 477, ""momentum"": 0.187651025002876, ""num_layers"": 2, ""weight_decay"": 0.08804773294028723}","{""time"": 10.37500286102295, ""val_accuracy"": 65.65550994873047, ""val_cross_entropy"": 0.6439105272293091, ""val_balanced_accuracy"": 0.6544202566146851, ""test_cross_entropy"": 0.6692550182342529, ""test_balanced_accuracy"": 0.6501318216323853}"
2026-04-16T00:27:10.042352,tpe,lcbench,189865,0,121,4.0245842933654785,"{""OpenML_task_id"": ""189354"", ""batch_size"": 108, ""epoch"": 1, ""learning_rate"": 0.008729680036177877, ""max_dropout"": 0.2502731496227848, ""max_units"": 576, ""momentum"": 0.17811322051656286, ""num_layers"": 2, ""weight_decay"": 0.09963884884203755}","{""time"": 4.0245842933654785, ""val_accuracy"": 55.67033004760742, ""val_cross_entropy"": 0.6840769648551941, ""val_balanced_accuracy"": 0.5221993327140808, ""test_cross_entropy"": 0.6868022680282593, ""test_balanced_accuracy"": 0.5226726531982422}"
2026-04-16T00:27:10.074495,tpe,lcbench,189865,0,122,5.799745082855225,"{""OpenML_task_id"": ""189354"", ""batch_size"": 100, ""epoch"": 2, ""learning_rate"": 0.008835568365750446, ""max_dropout"": 0.2756376311376543, ""max_units"": 574, ""momentum"": 0.1121760619917863, ""num_layers"": 2, ""weight_decay"": 0.0975654260564293}","{""time"": 5.799745082855225, ""val_accuracy"": 75.21571350097656, ""val_cross_entropy"": 0.5809275507926941, ""val_balanced_accuracy"": 0.7580888867378235, ""test_cross_entropy"": 0.643386960029602, ""test_balanced_accuracy"": 0.7536095976829529}"
2026-04-16T00:27:10.111883,tpe,lcbench,189865,0,123,25.567760467529297,"{""OpenML_task_id"": ""189354"", ""batch_size"": 115, ""epoch"": 19, ""learning_rate"": 0.003058111452954047, ""max_dropout"": 0.29619501685943994, ""max_units"": 668, ""momentum"": 0.19173552780472014, ""num_layers"": 2, ""weight_decay"": 0.08510163027734757}","{""time"": 25.567760467529297, ""val_accuracy"": 87.43467712402344, ""val_cross_entropy"": 0.41175445914268494, ""val_balanced_accuracy"": 0.8713392019271851, ""test_cross_entropy"": 0.547870397567749, ""test_balanced_accuracy"": 0.8618007302284241}"
2026-04-16T00:27:10.138420,tpe,lcbench,189865,0,124,11.627237319946289,"{""OpenML_task_id"": ""168329"", ""batch_size"": 93, ""epoch"": 4, ""learning_rate"": 0.01524899867112967, ""max_dropout"": 0.20770188406662593, ""max_units"": 404, ""momentum"": 0.16088403948028598, ""num_layers"": 2, ""weight_decay"": 0.08930289883011684}","{""time"": 11.627237319946289, ""val_accuracy"": 85.9675521850586, ""val_cross_entropy"": 0.4461992681026459, ""val_balanced_accuracy"": 0.8675813674926758, ""test_cross_entropy"": 0.5678815841674805, ""test_balanced_accuracy"": 0.8581887483596802}"
2026-04-16T00:27:10.175196,tpe,lcbench,189865,0,125,3.7136173248291016,"{""OpenML_task_id"": ""3945"", ""batch_size"": 148, ""epoch"": 1, ""learning_rate"": 0.007737792482374762, ""max_dropout"": 0.25936023235075145, ""max_units"": 638, ""momentum"": 0.131562513708139, ""num_layers"": 2, ""weight_decay"": 0.09590669798729448}","{""time"": 3.7136173248291016, ""val_accuracy"": 56.47856521606445, ""val_cross_entropy"": 0.6750485897064209, ""val_balanced_accuracy"": 0.5263893604278564, ""test_cross_entropy"": 0.6805509924888611, ""test_balanced_accuracy"": 0.526489794254303}"
2026-04-16T00:27:10.209911,tpe,lcbench,189865,0,126,13.847234725952148,"{""OpenML_task_id"": ""167184"", ""batch_size"": 177, ""epoch"": 5, ""learning_rate"": 0.007268929647286316, ""max_dropout"": 0.24527819126386188, ""max_units"": 632, ""momentum"": 0.12257720610627473, ""num_layers"": 2, ""weight_decay"": 0.09962487511459373}","{""time"": 13.847234725952148, ""val_accuracy"": 83.30957794189453, ""val_cross_entropy"": 0.5172919631004333, ""val_balanced_accuracy"": 0.8318644165992737, ""test_cross_entropy"": 0.6053709387779236, ""test_balanced_accuracy"": 0.8262507915496826}"
2026-04-16T00:27:10.247041,tpe,lcbench,189865,0,127,6.452357292175293,"{""OpenML_task_id"": ""3945"", ""batch_size"": 143, ""epoch"": 2, ""learning_rate"": 0.004408913126186189, ""max_dropout"": 0.15793212806311951, ""max_units"": 602, ""momentum"": 0.14775804011438812, ""num_layers"": 2, ""weight_decay"": 0.09631955129170484}","{""time"": 6.452357292175293, ""val_accuracy"": 65.44583892822266, ""val_cross_entropy"": 0.6352418065071106, ""val_balanced_accuracy"": 0.635310173034668, ""test_cross_entropy"": 0.6699650883674622, ""test_balanced_accuracy"": 0.6322494149208069}"
2026-04-16T00:27:10.279837,tpe,lcbench,189865,0,128,3.100050210952759,"{""OpenML_task_id"": ""3945"", ""batch_size"": 130, ""epoch"": 1, ""learning_rate"": 0.0017619408628139815, ""max_dropout"": 0.3222397467113415, ""max_units"": 708, ""momentum"": 0.17664970772941302, ""num_layers"": 2, ""weight_decay"": 0.08237137794054405}","{""time"": 3.100050210952759, ""val_accuracy"": 55.01325225830078, ""val_cross_entropy"": 0.6547896265983582, ""val_balanced_accuracy"": 0.5280637145042419, ""test_cross_entropy"": 0.6811693906784058, ""test_balanced_accuracy"": 0.5274577140808105}"
2026-04-16T00:27:10.312146,tpe,lcbench,189865,0,129,8.650043487548828,"{""OpenML_task_id"": ""126026"", ""batch_size"": 187, ""epoch"": 3, ""learning_rate"": 0.002347068152814394, ""max_dropout"": 0.3409654325150545, ""max_units"": 705, ""momentum"": 0.17572664338510244, ""num_layers"": 2, ""weight_decay"": 0.08077005747430052}","{""time"": 8.650043487548828, ""val_accuracy"": 66.372314453125, ""val_cross_entropy"": 0.6379566788673401, ""val_balanced_accuracy"": 0.6621823906898499, ""test_cross_entropy"": 0.6640522480010986, ""test_balanced_accuracy"": 0.6590700745582581}"
2026-04-16T00:27:10.340991,tpe,lcbench,189865,0,130,16.304290771484375,"{""OpenML_task_id"": ""3945"", ""batch_size"": 128, ""epoch"": 8, ""learning_rate"": 0.001257526764638632, ""max_dropout"": 0.3139185490062138, ""max_units"": 680, ""momentum"": 0.18552551050977606, ""num_layers"": 2, ""weight_decay"": 0.08685023078033133}","{""time"": 16.304290771484375, ""val_accuracy"": 77.60169219970703, ""val_cross_entropy"": 0.5712352991104126, ""val_balanced_accuracy"": 0.7813495397567749, ""test_cross_entropy"": 0.6310429573059082, ""test_balanced_accuracy"": 0.774696946144104}"
2026-04-16T00:27:10.377235,tpe,lcbench,189865,0,131,3.7931020259857178,"{""OpenML_task_id"": ""3945"", ""batch_size"": 117, ""epoch"": 1, ""learning_rate"": 0.010074978788750332, ""max_dropout"": 0.28684762386579826, ""max_units"": 643, ""momentum"": 0.15732075329343456, ""num_layers"": 2, ""weight_decay"": 0.0836169438627172}","{""time"": 3.7931020259857178, ""val_accuracy"": 56.162418365478516, ""val_cross_entropy"": 0.6848651170730591, ""val_balanced_accuracy"": 0.5262618660926819, ""test_cross_entropy"": 0.6838083267211914, ""test_balanced_accuracy"": 0.526170551776886}"
2026-04-16T00:27:10.404966,tpe,lcbench,189865,0,132,3.7819461822509766,"{""OpenML_task_id"": ""3945"", ""batch_size"": 150, ""epoch"": 1, ""learning_rate"": 0.00983980982038598, ""max_dropout"": 0.32426721828270627, ""max_units"": 642, ""momentum"": 0.10324626883629325, ""num_layers"": 2, ""weight_decay"": 0.08371011560644749}","{""time"": 3.7819461822509766, ""val_accuracy"": 56.26652908325195, ""val_cross_entropy"": 0.68006831407547, ""val_balanced_accuracy"": 0.5272364020347595, ""test_cross_entropy"": 0.6807997226715088, ""test_balanced_accuracy"": 0.5269508957862854}"
2026-04-16T00:27:10.436781,tpe,lcbench,189865,0,133,7.969541549682617,"{""OpenML_task_id"": ""3945"", ""batch_size"": 152, ""epoch"": 3, ""learning_rate"": 0.009623281752410028, ""max_dropout"": 0.36129501194938085, ""max_units"": 722, ""momentum"": 0.10083563277643459, ""num_layers"": 2, ""weight_decay"": 0.08397300704627551}","{""time"": 7.969541549682617, ""val_accuracy"": 82.08840942382812, ""val_cross_entropy"": 0.5194242596626282, ""val_balanced_accuracy"": 0.8204982280731201, ""test_cross_entropy"": 0.6142547130584717, ""test_balanced_accuracy"": 0.8171154856681824}"
2026-04-16T00:27:10.478667,tpe,lcbench,189865,0,134,6.24179220199585,"{""OpenML_task_id"": ""189865"", ""batch_size"": 197, ""epoch"": 2, ""learning_rate"": 0.007215746390482839, ""max_dropout"": 0.31050166327718265, ""max_units"": 654, ""momentum"": 0.14580289699712284, ""num_layers"": 2, ""weight_decay"": 0.09486964098078861}","{""time"": 6.24179220199585, ""val_accuracy"": 66.89926147460938, ""val_cross_entropy"": 0.6316596269607544, ""val_balanced_accuracy"": 0.6606962084770203, ""test_cross_entropy"": 0.6604524850845337, ""test_balanced_accuracy"": 0.6614111065864563}"
2026-04-16T00:27:10.510877,tpe,lcbench,189865,0,135,10.468432426452637,"{""OpenML_task_id"": ""3945"", ""batch_size"": 162, ""epoch"": 4, ""learning_rate"": 0.018962089647314148, ""max_dropout"": 0.32893457217838706, ""max_units"": 693, ""momentum"": 0.12003309270953375, ""num_layers"": 2, ""weight_decay"": 0.08231473047414828}","{""time"": 10.468432426452637, ""val_accuracy"": 86.84530639648438, ""val_cross_entropy"": 0.4257974922657013, ""val_balanced_accuracy"": 0.8647843599319458, ""test_cross_entropy"": 0.5621185898780823, ""test_balanced_accuracy"": 0.8585898876190186}"
2026-04-16T00:27:10.539494,tpe,lcbench,189865,0,136,3.6620218753814697,"{""OpenML_task_id"": ""3945"", ""batch_size"": 131, ""epoch"": 1, ""learning_rate"": 0.01041692518011276, ""max_dropout"": 0.4109198694670736, ""max_units"": 636, ""momentum"": 0.14626109511081675, ""num_layers"": 2, ""weight_decay"": 0.08936247356853479}","{""time"": 3.6620218753814697, ""val_accuracy"": 56.294334411621094, ""val_cross_entropy"": 0.6890792846679688, ""val_balanced_accuracy"": 0.5312175750732422, ""test_cross_entropy"": 0.6833706498146057, ""test_balanced_accuracy"": 0.5310240983963013}"
2026-04-16T00:27:10.572796,tpe,lcbench,189865,0,137,3.671783208847046,"{""OpenML_task_id"": ""3945"", ""batch_size"": 133, ""epoch"": 1, ""learning_rate"": 0.010084430380862004, ""max_dropout"": 0.40863061443220794, ""max_units"": 638, ""momentum"": 0.14743129591178417, ""num_layers"": 2, ""weight_decay"": 0.08918145340834635}","{""time"": 3.671783208847046, ""val_accuracy"": 56.28810501098633, ""val_cross_entropy"": 0.6878636479377747, ""val_balanced_accuracy"": 0.5310372114181519, ""test_cross_entropy"": 0.6831742525100708, ""test_balanced_accuracy"": 0.5307698845863342}"
2026-04-16T00:27:10.612157,tpe,lcbench,189865,0,138,13.96855354309082,"{""OpenML_task_id"": ""3945"", ""batch_size"": 136, ""epoch"": 6, ""learning_rate"": 0.009482949363561134, ""max_dropout"": 0.416343980327034, ""max_units"": 640, ""momentum"": 0.14073795926964616, ""num_layers"": 2, ""weight_decay"": 0.08693475680935046}","{""time"": 13.96855354309082, ""val_accuracy"": 86.01052856445312, ""val_cross_entropy"": 0.4378470182418823, ""val_balanced_accuracy"": 0.8619716763496399, ""test_cross_entropy"": 0.568407416343689, ""test_balanced_accuracy"": 0.8540395498275757}"
2026-04-16T00:27:10.640437,tpe,lcbench,189865,0,139,17.41289520263672,"{""OpenML_task_id"": ""3945"", ""batch_size"": 147, ""epoch"": 4, ""learning_rate"": 0.014178903573915182, ""max_dropout"": 0.4021995308738066, ""max_units"": 665, ""momentum"": 0.13255133847928854, ""num_layers"": 1, ""weight_decay"": 0.09326610002850672}","{""time"": 17.41289520263672, ""val_accuracy"": 78.17244720458984, ""val_cross_entropy"": 0.5100824236869812, ""val_balanced_accuracy"": 0.7851590514183044, ""test_cross_entropy"": 0.6028244495391846, ""test_balanced_accuracy"": 0.7789745926856995}"
2026-04-16T00:27:10.674690,tpe,lcbench,189865,0,140,5.267057418823242,"{""OpenML_task_id"": ""3945"", ""batch_size"": 157, ""epoch"": 2, ""learning_rate"": 0.07079440920909313, ""max_dropout"": 0.3814911316844242, ""max_units"": 630, ""momentum"": 0.1575809223783155, ""num_layers"": 2, ""weight_decay"": 0.089483435337889}","{""time"": 5.267057418823242, ""val_accuracy"": 87.12869262695312, ""val_cross_entropy"": 0.4127512276172638, ""val_balanced_accuracy"": 0.860127329826355, ""test_cross_entropy"": 0.564504861831665, ""test_balanced_accuracy"": 0.8574606776237488}"
2026-04-16T00:27:10.705045,tpe,lcbench,189865,0,141,3.88234806060791,"{""OpenML_task_id"": ""3945"", ""batch_size"": 116, ""epoch"": 1, ""learning_rate"": 0.011013305902052106, ""max_dropout"": 0.3682184283562498, ""max_units"": 593, ""momentum"": 0.1789528480909708, ""num_layers"": 2, ""weight_decay"": 0.08934156845593624}","{""time"": 3.88234806060791, ""val_accuracy"": 55.93706130981445, ""val_cross_entropy"": 0.6897060871124268, ""val_balanced_accuracy"": 0.5280999541282654, ""test_cross_entropy"": 0.6858751177787781, ""test_balanced_accuracy"": 0.5280314683914185}"
2026-04-16T00:27:10.738974,tpe,lcbench,189865,0,142,3.985538959503174,"{""OpenML_task_id"": ""3945"", ""batch_size"": 130, ""epoch"": 1, ""learning_rate"": 0.010379455651854802, ""max_dropout"": 0.430140047820946, ""max_units"": 580, ""momentum"": 0.16851558414990017, ""num_layers"": 2, ""weight_decay"": 0.0845501524413134}","{""time"": 3.985538959503174, ""val_accuracy"": 55.81790542602539, ""val_cross_entropy"": 0.6925453543663025, ""val_balanced_accuracy"": 0.528315544128418, ""test_cross_entropy"": 0.684921383857727, ""test_balanced_accuracy"": 0.5282309055328369}"
2026-04-16T00:27:10.773116,tpe,lcbench,189865,0,143,8.532907485961914,"{""OpenML_task_id"": ""3945"", ""batch_size"": 131, ""epoch"": 3, ""learning_rate"": 0.017800226202136414, ""max_dropout"": 0.4230480231222111, ""max_units"": 597, ""momentum"": 0.10165210237217483, ""num_layers"": 2, ""weight_decay"": 0.08383746480108432}","{""time"": 8.532907485961914, ""val_accuracy"": 85.73208618164062, ""val_cross_entropy"": 0.4664211869239807, ""val_balanced_accuracy"": 0.8555346131324768, ""test_cross_entropy"": 0.5862843990325928, ""test_balanced_accuracy"": 0.8500919938087463}"
2026-04-16T00:27:10.805182,tpe,lcbench,189865,0,144,3.5922982692718506,"{""OpenML_task_id"": ""3945"", ""batch_size"": 118, ""epoch"": 1, ""learning_rate"": 0.010923859398571809, ""max_dropout"": 0.44291822734498654, ""max_units"": 644, ""momentum"": 0.1588433777629317, ""num_layers"": 2, ""weight_decay"": 0.07794817187888135}","{""time"": 3.5922982692718506, ""val_accuracy"": 56.32161331176758, ""val_cross_entropy"": 0.6953753232955933, ""val_balanced_accuracy"": 0.5333312749862671, ""test_cross_entropy"": 0.683593213558197, ""test_balanced_accuracy"": 0.5331888794898987}"
2026-04-16T00:27:10.837343,tpe,lcbench,189865,0,145,5.043941974639893,"{""OpenML_task_id"": ""3945"", ""batch_size"": 120, ""epoch"": 2, ""learning_rate"": 0.01619769704669593, ""max_dropout"": 0.4447606202784925, ""max_units"": 653, ""momentum"": 0.12331348053915206, ""num_layers"": 2, ""weight_decay"": 0.07641396142572016}","{""time"": 5.043941974639893, ""val_accuracy"": 80.74918365478516, ""val_cross_entropy"": 0.5285667181015015, ""val_balanced_accuracy"": 0.8055650591850281, ""test_cross_entropy"": 0.6215425729751587, ""test_balanced_accuracy"": 0.8026479482650757}"
2026-04-16T00:27:10.873467,tpe,lcbench,189865,0,146,5.847157001495361,"{""OpenML_task_id"": ""3945"", ""batch_size"": 168, ""epoch"": 2, ""learning_rate"": 0.006413734993287045, ""max_dropout"": 0.49448569890031413, ""max_units"": 678, ""momentum"": 0.14826605774441803, ""num_layers"": 2, ""weight_decay"": 0.07379024805419176}","{""time"": 5.847157001495361, ""val_accuracy"": 67.61339569091797, ""val_cross_entropy"": 0.6250604391098022, ""val_balanced_accuracy"": 0.6760443449020386, ""test_cross_entropy"": 0.6558266878128052, ""test_balanced_accuracy"": 0.675865113735199}"
2026-04-16T00:27:10.911591,tpe,lcbench,189865,0,147,11.581220626831055,"{""OpenML_task_id"": ""126025"", ""batch_size"": 142, ""epoch"": 4, ""learning_rate"": 0.01093049921446191, ""max_dropout"": 0.5219185966358326, ""max_units"": 633, ""momentum"": 0.19784916296139438, ""num_layers"": 2, ""weight_decay"": 0.08154547323571956}","{""time"": 11.581220626831055, ""val_accuracy"": 85.32230377197266, ""val_cross_entropy"": 0.47189104557037354, ""val_balanced_accuracy"": 0.8528268337249756, ""test_cross_entropy"": 0.5885095596313477, ""test_balanced_accuracy"": 0.8468262553215027}"
2026-04-16T00:27:10.949697,tpe,lcbench,189865,0,148,3.173957109451294,"{""OpenML_task_id"": ""189873"", ""batch_size"": 118, ""epoch"": 1, ""learning_rate"": 0.014127755828004993, ""max_dropout"": 0.4764896563765543, ""max_units"": 703, ""momentum"": 0.23591367010413267, ""num_layers"": 2, ""weight_decay"": 0.07944499394756556}","{""time"": 3.173957109451294, ""val_accuracy"": 56.950199127197266, ""val_cross_entropy"": 0.7021173238754272, ""val_balanced_accuracy"": 0.5412951707839966, ""test_cross_entropy"": 0.6825870275497437, ""test_balanced_accuracy"": 0.5409628748893738}"
2026-04-16T00:27:10.987083,tpe,lcbench,189865,0,149,13.002185821533203,"{""OpenML_task_id"": ""189873"", ""batch_size"": 208, ""epoch"": 5, ""learning_rate"": 0.014387840487841313, ""max_dropout"": 0.5103147221841111, ""max_units"": 680, ""momentum"": 0.1639278362368881, ""num_layers"": 2, ""weight_decay"": 0.07903563583431239}","{""time"": 13.002185821533203, ""val_accuracy"": 85.45618438720703, ""val_cross_entropy"": 0.4508953392505646, ""val_balanced_accuracy"": 0.8546424508094788, ""test_cross_entropy"": 0.5741135478019714, ""test_balanced_accuracy"": 0.8492022752761841}"
2026-04-16T00:27:11.022219,tpe,lcbench,189865,0,150,3.116783857345581,"{""OpenML_task_id"": ""189873"", ""batch_size"": 89, ""epoch"": 1, ""learning_rate"": 0.01741436127911312, ""max_dropout"": 0.3980797877305248, ""max_units"": 715, ""momentum"": 0.11565547910605617, ""num_layers"": 2, ""weight_decay"": 0.0870893083538258}","{""time"": 3.116783857345581, ""val_accuracy"": 56.44733428955078, ""val_cross_entropy"": 0.7179668545722961, ""val_balanced_accuracy"": 0.5353614687919617, ""test_cross_entropy"": 0.685673713684082, ""test_balanced_accuracy"": 0.5361841320991516}"
2026-04-16T00:27:11.061016,tpe,lcbench,189865,0,151,7.351790904998779,"{""OpenML_task_id"": ""189873"", ""batch_size"": 88, ""epoch"": 3, ""learning_rate"": 0.02004928127914951, ""max_dropout"": 0.4589075545355757, ""max_units"": 715, ""momentum"": 0.11527895310434938, ""num_layers"": 2, ""weight_decay"": 0.08909225227799682}","{""time"": 7.351790904998779, ""val_accuracy"": 88.63591766357422, ""val_cross_entropy"": 0.4017375111579895, ""val_balanced_accuracy"": 0.8818221688270569, ""test_cross_entropy"": 0.549391508102417, ""test_balanced_accuracy"": 0.8743558526039124}"
2026-04-16T00:27:11.095148,tpe,lcbench,189865,0,152,3.0930778980255127,"{""OpenML_task_id"": ""189873"", ""batch_size"": 115, ""epoch"": 1, ""learning_rate"": 0.017224874076739196, ""max_dropout"": 0.4681103223413517, ""max_units"": 700, ""momentum"": 0.23780106517430694, ""num_layers"": 2, ""weight_decay"": 0.0832610539935073}","{""time"": 3.0930778980255127, ""val_accuracy"": 56.836910247802734, ""val_cross_entropy"": 0.7103339433670044, ""val_balanced_accuracy"": 0.540216326713562, ""test_cross_entropy"": 0.683819591999054, ""test_balanced_accuracy"": 0.5404389500617981}"
2026-04-16T00:27:11.133003,tpe,lcbench,189865,0,153,4.686957836151123,"{""OpenML_task_id"": ""189873"", ""batch_size"": 80, ""epoch"": 2, ""learning_rate"": 0.017098226893993086, ""max_dropout"": 0.46998933880217897, ""max_units"": 703, ""momentum"": 0.1336954726230097, ""num_layers"": 2, ""weight_decay"": 0.08240223422306046}","{""time"": 4.686957836151123, ""val_accuracy"": 84.40969848632812, ""val_cross_entropy"": 0.48104894161224365, ""val_balanced_accuracy"": 0.8437178730964661, ""test_cross_entropy"": 0.5939168930053711, ""test_balanced_accuracy"": 0.8387294411659241}"
2026-04-16T00:27:11.170305,tpe,lcbench,189865,0,154,7.255572319030762,"{""OpenML_task_id"": ""189873"", ""batch_size"": 148, ""epoch"": 3, ""learning_rate"": 0.014704680195612635, ""max_dropout"": 0.48329322611690156, ""max_units"": 763, ""momentum"": 0.14906135359951694, ""num_layers"": 2, ""weight_decay"": 0.08649607953622367}","{""time"": 7.255572319030762, ""val_accuracy"": 85.8656234741211, ""val_cross_entropy"": 0.4672586917877197, ""val_balanced_accuracy"": 0.8520967960357666, ""test_cross_entropy"": 0.5885302424430847, ""test_balanced_accuracy"": 0.847459614276886}"
2026-04-16T00:27:11.201051,tpe,lcbench,189865,0,155,3.0902888774871826,"{""OpenML_task_id"": ""167152"", ""batch_size"": 98, ""epoch"": 1, ""learning_rate"": 0.02040057109748268, ""max_dropout"": 0.4046110926529629, ""max_units"": 724, ""momentum"": 0.10003326239053464, ""num_layers"": 2, ""weight_decay"": 0.07766321747402602}","{""time"": 3.0902888774871826, ""val_accuracy"": 56.886474609375, ""val_cross_entropy"": 0.7164193391799927, ""val_balanced_accuracy"": 0.5371473431587219, ""test_cross_entropy"": 0.683129072189331, ""test_balanced_accuracy"": 0.5385918021202087}"
2026-04-16T00:27:11.239958,tpe,lcbench,189865,0,156,4.596317291259766,"{""OpenML_task_id"": ""167152"", ""batch_size"": 73, ""epoch"": 2, ""learning_rate"": 0.021006533531703182, ""max_dropout"": 0.5677533575002625, ""max_units"": 724, ""momentum"": 0.23382468618222932, ""num_layers"": 2, ""weight_decay"": 0.07732126133742503}","{""time"": 4.596317291259766, ""val_accuracy"": 86.45988464355469, ""val_cross_entropy"": 0.4351639747619629, ""val_balanced_accuracy"": 0.8602504134178162, ""test_cross_entropy"": 0.5717666149139404, ""test_balanced_accuracy"": 0.8543914556503296}"
2026-04-16T00:27:11.277750,tpe,lcbench,189865,0,157,9.334728240966797,"{""OpenML_task_id"": ""167152"", ""batch_size"": 95, ""epoch"": 4, ""learning_rate"": 0.017604511431442257, ""max_dropout"": 0.4392304860393831, ""max_units"": 804, ""momentum"": 0.11073874470240719, ""num_layers"": 2, ""weight_decay"": 0.07206341544193634}","{""time"": 9.334728240966797, ""val_accuracy"": 88.84952545166016, ""val_cross_entropy"": 0.37897640466690063, ""val_balanced_accuracy"": 0.8844347596168518, ""test_cross_entropy"": 0.5346976518630981, ""test_balanced_accuracy"": 0.8756175637245178}"
2026-04-16T00:27:11.316469,tpe,lcbench,189865,0,158,3.302248477935791,"{""OpenML_task_id"": ""189866"", ""batch_size"": 101, ""epoch"": 1, ""learning_rate"": 0.012999849937092155, ""max_dropout"": 0.41028368895296863, ""max_units"": 694, ""momentum"": 0.25474941761650594, ""num_layers"": 2, ""weight_decay"": 0.07921185530271581}","{""time"": 3.302248477935791, ""val_accuracy"": 56.4351692199707, ""val_cross_entropy"": 0.7021964192390442, ""val_balanced_accuracy"": 0.5365616083145142, ""test_cross_entropy"": 0.6850013732910156, ""test_balanced_accuracy"": 0.5359060168266296}"
2026-04-16T00:27:11.351684,tpe,lcbench,189865,0,159,7.445220470428467,"{""OpenML_task_id"": ""189909"", ""batch_size"": 99, ""epoch"": 3, ""learning_rate"": 0.013390846734481269, ""max_dropout"": 0.4131544414130621, ""max_units"": 755, ""momentum"": 0.1252420223366704, ""num_layers"": 2, ""weight_decay"": 0.07948899907933393}","{""time"": 7.445220470428467, ""val_accuracy"": 86.9384536743164, ""val_cross_entropy"": 0.43884068727493286, ""val_balanced_accuracy"": 0.8661808967590332, ""test_cross_entropy"": 0.5700752139091492, ""test_balanced_accuracy"": 0.8595828413963318}"
2026-04-16T00:27:11.391121,tpe,lcbench,189865,0,160,3.049849271774292,"{""OpenML_task_id"": ""189866"", ""batch_size"": 84, ""epoch"": 1, ""learning_rate"": 0.015958179067392636, ""max_dropout"": 0.45267384292104046, ""max_units"": 707, ""momentum"": 0.25181632602643583, ""num_layers"": 2, ""weight_decay"": 0.08097226094577575}","{""time"": 3.049849271774292, ""val_accuracy"": 56.29283142089844, ""val_cross_entropy"": 0.7214904427528381, ""val_balanced_accuracy"": 0.5395665764808655, ""test_cross_entropy"": 0.6860059499740601, ""test_balanced_accuracy"": 0.5401535034179688}"
2026-04-16T00:27:11.430598,tpe,lcbench,189865,0,161,2.936897039413452,"{""OpenML_task_id"": ""189866"", ""batch_size"": 87, ""epoch"": 1, ""learning_rate"": 0.022328320704955884, ""max_dropout"": 0.4663207954960758, ""max_units"": 701, ""momentum"": 0.2622101423550193, ""num_layers"": 2, ""weight_decay"": 0.079444966285185}","{""time"": 2.936897039413452, ""val_accuracy"": 56.27457809448242, ""val_cross_entropy"": 0.727974534034729, ""val_balanced_accuracy"": 0.5395459532737732, ""test_cross_entropy"": 0.6862936615943909, ""test_balanced_accuracy"": 0.5413055419921875}"
2026-04-16T00:27:11.470935,tpe,lcbench,189865,0,162,4.907284259796143,"{""OpenML_task_id"": ""189866"", ""batch_size"": 73, ""epoch"": 2, ""learning_rate"": 0.019241867491998344, ""max_dropout"": 0.45728568250618146, ""max_units"": 705, ""momentum"": 0.2558091928222959, ""num_layers"": 2, ""weight_decay"": 0.0805730445643361}","{""time"": 4.907284259796143, ""val_accuracy"": 85.76741790771484, ""val_cross_entropy"": 0.44459518790245056, ""val_balanced_accuracy"": 0.85612553358078, ""test_cross_entropy"": 0.5767605304718018, ""test_balanced_accuracy"": 0.8506109714508057}"
2026-04-16T00:27:11.511890,tpe,lcbench,189865,0,163,2.9410805702209473,"{""OpenML_task_id"": ""189873"", ""batch_size"": 89, ""epoch"": 1, ""learning_rate"": 0.01611318082483758, ""max_dropout"": 0.4772883425285382, ""max_units"": 736, ""momentum"": 0.2672827511529826, ""num_layers"": 2, ""weight_decay"": 0.07756440610972419}","{""time"": 2.9410805702209473, ""val_accuracy"": 56.68231201171875, ""val_cross_entropy"": 0.7193695306777954, ""val_balanced_accuracy"": 0.542885422706604, ""test_cross_entropy"": 0.6843001246452332, ""test_balanced_accuracy"": 0.543468713760376}"
2026-04-16T00:27:11.553992,tpe,lcbench,189865,0,164,2.9062187671661377,"{""OpenML_task_id"": ""189866"", ""batch_size"": 87, ""epoch"": 1, ""learning_rate"": 0.01696117316489356, ""max_dropout"": 0.4819572222564272, ""max_units"": 750, ""momentum"": 0.2364244296236512, ""num_layers"": 2, ""weight_decay"": 0.0731876430416277}","{""time"": 2.9062187671661377, ""val_accuracy"": 56.835391998291016, ""val_cross_entropy"": 0.7202543020248413, ""val_balanced_accuracy"": 0.5443390607833862, ""test_cross_entropy"": 0.6829928159713745, ""test_balanced_accuracy"": 0.5451817512512207}"
2026-04-16T00:27:11.597863,tpe,lcbench,189865,0,165,7.333662986755371,"{""OpenML_task_id"": ""189866"", ""batch_size"": 87, ""epoch"": 3, ""learning_rate"": 0.016258165756404576, ""max_dropout"": 0.5402553908145902, ""max_units"": 743, ""momentum"": 0.23815241663912287, ""num_layers"": 2, ""weight_decay"": 0.07575048740899938}","{""time"": 7.333662986755371, ""val_accuracy"": 88.63185119628906, ""val_cross_entropy"": 0.3983577787876129, ""val_balanced_accuracy"": 0.8815783262252808, ""test_cross_entropy"": 0.5496068000793457, ""test_balanced_accuracy"": 0.8740807175636292}"
2026-04-16T00:27:11.643573,tpe,lcbench,189865,0,166,7.485660076141357,"{""OpenML_task_id"": ""189866"", ""batch_size"": 80, ""epoch"": 3, ""learning_rate"": 0.015712390936214255, ""max_dropout"": 0.47785626603015446, ""max_units"": 778, ""momentum"": 0.26518287769606685, ""num_layers"": 2, ""weight_decay"": 0.07431559244178522}","{""time"": 7.485660076141357, ""val_accuracy"": 88.93124389648438, ""val_cross_entropy"": 0.38819801807403564, ""val_balanced_accuracy"": 0.8844836354255676, ""test_cross_entropy"": 0.542725682258606, ""test_balanced_accuracy"": 0.8768961429595947}"
2026-04-16T00:27:11.692858,tpe,lcbench,189865,0,167,4.806882381439209,"{""OpenML_task_id"": ""189866"", ""batch_size"": 68, ""epoch"": 2, ""learning_rate"": 0.018235118148240713, ""max_dropout"": 0.520465206627502, ""max_units"": 721, ""momentum"": 0.2320663412301586, ""num_layers"": 2, ""weight_decay"": 0.07851729199260815}","{""time"": 4.806882381439209, ""val_accuracy"": 86.02824401855469, ""val_cross_entropy"": 0.44269928336143494, ""val_balanced_accuracy"": 0.8581543564796448, ""test_cross_entropy"": 0.5747302770614624, ""test_balanced_accuracy"": 0.8523666262626648}"
2026-04-16T00:27:11.734915,tpe,lcbench,189865,0,168,11.130805969238281,"{""OpenML_task_id"": ""189866"", ""batch_size"": 91, ""epoch"": 5, ""learning_rate"": 0.02188433639630184, ""max_dropout"": 0.4875038925097291, ""max_units"": 734, ""momentum"": 0.27274255060100416, ""num_layers"": 2, ""weight_decay"": 0.07744874325094463}","{""time"": 11.130805969238281, ""val_accuracy"": 89.72555541992188, ""val_cross_entropy"": 0.3380023241043091, ""val_balanced_accuracy"": 0.8937599658966064, ""test_cross_entropy"": 0.518514096736908, ""test_balanced_accuracy"": 0.8840029835700989}"
2026-04-16T00:27:11.782119,tpe,lcbench,189865,0,169,3.0707662105560303,"{""OpenML_task_id"": ""189866"", ""batch_size"": 57, ""epoch"": 1, ""learning_rate"": 0.023401234560248972, ""max_dropout"": 0.44713084874716935, ""max_units"": 764, ""momentum"": 0.21810510563344823, ""num_layers"": 2, ""weight_decay"": 0.0727266538443172}","{""time"": 3.0707662105560303, ""val_accuracy"": 55.37993621826172, ""val_cross_entropy"": 0.7473518252372742, ""val_balanced_accuracy"": 0.5377593040466309, ""test_cross_entropy"": 0.6865086555480957, ""test_balanced_accuracy"": 0.5395717024803162}"
2026-04-16T00:27:11.815496,tpe,lcbench,189865,0,170,11.473846435546875,"{""OpenML_task_id"": ""189866"", ""batch_size"": 55, ""epoch"": 4, ""learning_rate"": 0.017088806103265686, ""max_dropout"": 0.4530650358121255, ""max_units"": 765, ""momentum"": 0.2551650311946498, ""num_layers"": 2, ""weight_decay"": 0.06654502487771399}","{""time"": 11.473846435546875, ""val_accuracy"": 90.024169921875, ""val_cross_entropy"": 0.33920666575431824, ""val_balanced_accuracy"": 0.8940839171409607, ""test_cross_entropy"": 0.5142636299133301, ""test_balanced_accuracy"": 0.8845511674880981}"
2026-04-16T00:27:11.845210,tpe,lcbench,189865,0,171,3.5267581939697266,"{""OpenML_task_id"": ""189866"", ""batch_size"": 46, ""epoch"": 1, ""learning_rate"": 0.023984653146193743, ""max_dropout"": 0.4370345902280971, ""max_units"": 692, ""momentum"": 0.2060112649539598, ""num_layers"": 2, ""weight_decay"": 0.07221930976483384}","{""time"": 3.5267581939697266, ""val_accuracy"": 54.65753936767578, ""val_cross_entropy"": 0.7479837536811829, ""val_balanced_accuracy"": 0.536980390548706, ""test_cross_entropy"": 0.6869953870773315, ""test_balanced_accuracy"": 0.5393957495689392}"
2026-04-16T00:27:11.884561,tpe,lcbench,189865,0,172,3.929760217666626,"{""OpenML_task_id"": ""189866"", ""batch_size"": 38, ""epoch"": 1, ""learning_rate"": 0.02367240645689825, ""max_dropout"": 0.3964175044776343, ""max_units"": 690, ""momentum"": 0.217774981294039, ""num_layers"": 2, ""weight_decay"": 0.07257524515372958}","{""time"": 3.929760217666626, ""val_accuracy"": 54.06291961669922, ""val_cross_entropy"": 0.7521989345550537, ""val_balanced_accuracy"": 0.534490168094635, ""test_cross_entropy"": 0.687530517578125, ""test_balanced_accuracy"": 0.5373235940933228}"
2026-04-16T00:27:11.917144,tpe,lcbench,189865,0,173,5.267057418823242,"{""OpenML_task_id"": ""189906"", ""batch_size"": 53, ""epoch"": 2, ""learning_rate"": 0.02589028540379244, ""max_dropout"": 0.4395116547968972, ""max_units"": 746, ""momentum"": 0.20110298931223397, ""num_layers"": 2, ""weight_decay"": 0.06895630121237817}","{""time"": 5.267057418823242, ""val_accuracy"": 87.99816131591797, ""val_cross_entropy"": 0.3951732814311981, ""val_balanced_accuracy"": 0.8745343089103699, ""test_cross_entropy"": 0.5438990592956543, ""test_balanced_accuracy"": 0.8684621453285217}"
2026-04-16T00:27:11.945940,tpe,lcbench,189865,0,174,3.309220790863037,"{""OpenML_task_id"": ""189866"", ""batch_size"": 46, ""epoch"": 1, ""learning_rate"": 0.022853758125999733, ""max_dropout"": 0.5008993186813884, ""max_units"": 702, ""momentum"": 0.24276451163216525, ""num_layers"": 2, ""weight_decay"": 0.07105250732487804}","{""time"": 3.309220790863037, ""val_accuracy"": 54.8173828125, ""val_cross_entropy"": 0.7482170462608337, ""val_balanced_accuracy"": 0.5415316820144653, ""test_cross_entropy"": 0.6860241293907166, ""test_balanced_accuracy"": 0.5435931086540222}"
2026-04-16T00:27:11.979150,tpe,lcbench,189865,0,175,5.4706501960754395,"{""OpenML_task_id"": ""189866"", ""batch_size"": 47, ""epoch"": 2, ""learning_rate"": 0.022581130137442233, ""max_dropout"": 0.5051941509855797, ""max_units"": 706, ""momentum"": 0.2852524610092073, ""num_layers"": 2, ""weight_decay"": 0.07138683815747324}","{""time"": 5.4706501960754395, ""val_accuracy"": 88.02904510498047, ""val_cross_entropy"": 0.39477047324180603, ""val_balanced_accuracy"": 0.8759850859642029, ""test_cross_entropy"": 0.5442118644714355, ""test_balanced_accuracy"": 0.8697070479393005}"
2026-04-16T00:27:12.012356,tpe,lcbench,189865,0,176,8.472945213317871,"{""OpenML_task_id"": ""189866"", ""batch_size"": 65, ""epoch"": 3, ""learning_rate"": 0.028283767435330155, ""max_dropout"": 0.4640750456393833, ""max_units"": 729, ""momentum"": 0.24340232597572029, ""num_layers"": 2, ""weight_decay"": 0.07584589307242921}","{""time"": 8.472945213317871, ""val_accuracy"": 90.22288513183594, ""val_cross_entropy"": 0.35073724389076233, ""val_balanced_accuracy"": 0.894481360912323, ""test_cross_entropy"": 0.5194875001907349, ""test_balanced_accuracy"": 0.8862212896347046}"
2026-04-16T00:27:12.041216,tpe,lcbench,189865,0,177,3.744295597076416,"{""OpenML_task_id"": ""189866"", ""batch_size"": 22, ""epoch"": 1, ""learning_rate"": 0.020692374118447394, ""max_dropout"": 0.4856698039102211, ""max_units"": 791, ""momentum"": 0.22512371724038516, ""num_layers"": 2, ""weight_decay"": 0.07284444353635423}","{""time"": 3.744295597076416, ""val_accuracy"": 54.570457458496094, ""val_cross_entropy"": 0.7632712125778198, ""val_balanced_accuracy"": 0.55061274766922, ""test_cross_entropy"": 0.682912290096283, ""test_balanced_accuracy"": 0.5535115599632263}"
2026-04-16T00:27:12.076597,tpe,lcbench,189865,0,178,8.2330961227417,"{""OpenML_task_id"": ""167200"", ""batch_size"": 79, ""epoch"": 3, ""learning_rate"": 0.024021922022286007, ""max_dropout"": 0.43240177911428157, ""max_units"": 690, ""momentum"": 0.26775979838829517, ""num_layers"": 2, ""weight_decay"": 0.06986982953104186}","{""time"": 8.2330961227417, ""val_accuracy"": 89.50812530517578, ""val_cross_entropy"": 0.36839327216148376, ""val_balanced_accuracy"": 0.8901295065879822, ""test_cross_entropy"": 0.5295406579971313, ""test_balanced_accuracy"": 0.8822275996208191}"
2026-04-16T00:27:12.113966,tpe,lcbench,189865,0,179,4.878000259399414,"{""OpenML_task_id"": ""167104"", ""batch_size"": 64, ""epoch"": 2, ""learning_rate"": 0.01808568781060703, ""max_dropout"": 0.5316790359328472, ""max_units"": 713, ""momentum"": 0.2044972614366148, ""num_layers"": 2, ""weight_decay"": 0.07894550652908837}","{""time"": 4.878000259399414, ""val_accuracy"": 86.10704040527344, ""val_cross_entropy"": 0.4415648281574249, ""val_balanced_accuracy"": 0.8596221804618835, ""test_cross_entropy"": 0.5733654499053955, ""test_balanced_accuracy"": 0.8537349700927734}"
2026-04-16T00:27:12.153174,tpe,lcbench,189865,0,180,3.423567295074463,"{""OpenML_task_id"": ""167190"", ""batch_size"": 32, ""epoch"": 1, ""learning_rate"": 0.01883708962461708, ""max_dropout"": 0.5033206988554758, ""max_units"": 763, ""momentum"": 0.2501746595147949, ""num_layers"": 2, ""weight_decay"": 0.0770401158456046}","{""time"": 3.423567295074463, ""val_accuracy"": 54.70781326293945, ""val_cross_entropy"": 0.7546990513801575, ""val_balanced_accuracy"": 0.5476319193840027, ""test_cross_entropy"": 0.6856702566146851, ""test_balanced_accuracy"": 0.549868643283844}"
2026-04-16T00:27:12.177056,tpe,lcbench,189865,0,181,3.370577573776245,"{""OpenML_task_id"": ""167190"", ""batch_size"": 35, ""epoch"": 1, ""learning_rate"": 0.01986852107641055, ""max_dropout"": 0.49943375382907595, ""max_units"": 766, ""momentum"": 0.2430852007175209, ""num_layers"": 2, ""weight_decay"": 0.07638488038162543}","{""time"": 3.370577573776245, ""val_accuracy"": 54.83359146118164, ""val_cross_entropy"": 0.7536632418632507, ""val_balanced_accuracy"": 0.5470024347305298, ""test_cross_entropy"": 0.6855675578117371, ""test_balanced_accuracy"": 0.5490742325782776}"
2026-04-16T00:27:12.208009,tpe,lcbench,189865,0,182,3.367788553237915,"{""OpenML_task_id"": ""189873"", ""batch_size"": 29, ""epoch"": 1, ""learning_rate"": 0.019809579172883302, ""max_dropout"": 0.5508055424959939, ""max_units"": 748, ""momentum"": 0.2522183689371141, ""num_layers"": 2, ""weight_decay"": 0.07588232228676713}","{""time"": 3.367788553237915, ""val_accuracy"": 54.72273635864258, ""val_cross_entropy"": 0.75506591796875, ""val_balanced_accuracy"": 0.5511517524719238, ""test_cross_entropy"": 0.6843016147613525, ""test_balanced_accuracy"": 0.5531327128410339}"
2026-04-16T00:27:12.236336,tpe,lcbench,189865,0,183,5.3549089431762695,"{""OpenML_task_id"": ""167190"", ""batch_size"": 39, ""epoch"": 2, ""learning_rate"": 0.019748118004991783, ""max_dropout"": 0.5537447644453327, ""max_units"": 824, ""momentum"": 0.24934249378632667, ""num_layers"": 2, ""weight_decay"": 0.07432160006071742}","{""time"": 5.3549089431762695, ""val_accuracy"": 88.55378723144531, ""val_cross_entropy"": 0.3928457796573639, ""val_balanced_accuracy"": 0.875575840473175, ""test_cross_entropy"": 0.5398661494255066, ""test_balanced_accuracy"": 0.8691481947898865}"
2026-04-16T00:27:12.267052,tpe,lcbench,189865,0,184,12.839032173156738,"{""OpenML_task_id"": ""167190"", ""batch_size"": 31, ""epoch"": 4, ""learning_rate"": 0.023348121673970962, ""max_dropout"": 0.5035581686821341, ""max_units"": 763, ""momentum"": 0.285312319086922, ""num_layers"": 2, ""weight_decay"": 0.07583244373977481}","{""time"": 12.839032173156738, ""val_accuracy"": 91.32227325439453, ""val_cross_entropy"": 0.30207985639572144, ""val_balanced_accuracy"": 0.9013266563415527, ""test_cross_entropy"": 0.49804168939590454, ""test_balanced_accuracy"": 0.893086850643158}"
2026-04-16T00:27:12.290098,tpe,lcbench,189865,0,185,3.168379306793213,"{""OpenML_task_id"": ""167190"", ""batch_size"": 29, ""epoch"": 1, ""learning_rate"": 0.022147732677350516, ""max_dropout"": 0.5732887422376897, ""max_units"": 791, ""momentum"": 0.2347125115750545, ""num_layers"": 2, ""weight_decay"": 0.0804332064394478}","{""time"": 3.168379306793213, ""val_accuracy"": 55.10818862915039, ""val_cross_entropy"": 0.7566412091255188, ""val_balanced_accuracy"": 0.5551228523254395, ""test_cross_entropy"": 0.6832826733589172, ""test_balanced_accuracy"": 0.556361973285675}"
2026-04-16T00:27:12.319173,tpe,lcbench,189865,0,186,10.055669784545898,"{""OpenML_task_id"": ""167190"", ""batch_size"": 20, ""epoch"": 3, ""learning_rate"": 0.01992110168667156, ""max_dropout"": 0.6051730426441182, ""max_units"": 780, ""momentum"": 0.2322809645180022, ""num_layers"": 2, ""weight_decay"": 0.08107153269008864}","{""time"": 10.055669784545898, ""val_accuracy"": 90.8868179321289, ""val_cross_entropy"": 0.3178379237651825, ""val_balanced_accuracy"": 0.8954833745956421, ""test_cross_entropy"": 0.5073151588439941, ""test_balanced_accuracy"": 0.8881825804710388}"
2026-04-16T00:27:12.353022,tpe,lcbench,189865,0,187,6.095373153686523,"{""OpenML_task_id"": ""167190"", ""batch_size"": 26, ""epoch"": 2, ""learning_rate"": 0.02207489097338584, ""max_dropout"": 0.5615408821694459, ""max_units"": 809, ""momentum"": 0.26150222260314626, ""num_layers"": 2, ""weight_decay"": 0.08000715231078769}","{""time"": 6.095373153686523, ""val_accuracy"": 89.221435546875, ""val_cross_entropy"": 0.3773733675479889, ""val_balanced_accuracy"": 0.8788736462593079, ""test_cross_entropy"": 0.5282313823699951, ""test_balanced_accuracy"": 0.872473418712616}"
2026-04-16T00:27:12.389650,tpe,lcbench,189865,0,188,2.9717588424682617,"{""OpenML_task_id"": ""189873"", ""batch_size"": 31, ""epoch"": 1, ""learning_rate"": 0.019161664758382498, ""max_dropout"": 0.5826745362534571, ""max_units"": 846, ""momentum"": 0.24438543238469268, ""num_layers"": 2, ""weight_decay"": 0.07677644326554289}","{""time"": 2.9717588424682617, ""val_accuracy"": 55.50694274902344, ""val_cross_entropy"": 0.7551604509353638, ""val_balanced_accuracy"": 0.5567664504051208, ""test_cross_entropy"": 0.6832666397094727, ""test_balanced_accuracy"": 0.557866632938385}"
2026-04-16T00:27:12.426347,tpe,lcbench,189865,0,189,5.757911205291748,"{""OpenML_task_id"": ""189873"", ""batch_size"": 31, ""epoch"": 2, ""learning_rate"": 0.027136065581592428, ""max_dropout"": 0.5772909742751643, ""max_units"": 847, ""momentum"": 0.2445260946212326, ""num_layers"": 2, ""weight_decay"": 0.07746581885042748}","{""time"": 5.757911205291748, ""val_accuracy"": 89.37472534179688, ""val_cross_entropy"": 0.3762625455856323, ""val_balanced_accuracy"": 0.87778639793396, ""test_cross_entropy"": 0.5264810919761658, ""test_balanced_accuracy"": 0.871332585811615}"
2026-04-16T00:27:12.451287,tpe,lcbench,189865,0,190,10.89095687866211,"{""OpenML_task_id"": ""189873"", ""batch_size"": 41, ""epoch"": 4, ""learning_rate"": 0.01899216938998048, ""max_dropout"": 0.6154855762900553, ""max_units"": 793, ""momentum"": 0.28918597752378167, ""num_layers"": 2, ""weight_decay"": 0.07616495920982722}","{""time"": 10.89095687866211, ""val_accuracy"": 90.6932144165039, ""val_cross_entropy"": 0.31369057297706604, ""val_balanced_accuracy"": 0.8992608785629272, ""test_cross_entropy"": 0.5075891613960266, ""test_balanced_accuracy"": 0.890606701374054}"
2026-04-16T00:27:12.488330,tpe,lcbench,189865,0,191,3.3440825939178467,"{""OpenML_task_id"": ""189873"", ""batch_size"": 28, ""epoch"": 1, ""learning_rate"": 0.015946113077402655, ""max_dropout"": 0.5454728076671043, ""max_units"": 746, ""momentum"": 0.231564859646987, ""num_layers"": 2, ""weight_decay"": 0.08197225823447885}","{""time"": 3.3440825939178467, ""val_accuracy"": 54.872406005859375, ""val_cross_entropy"": 0.7512720823287964, ""val_balanced_accuracy"": 0.5521860718727112, ""test_cross_entropy"": 0.6859358549118042, ""test_balanced_accuracy"": 0.5541126132011414}"
2026-04-16T00:27:12.526848,tpe,lcbench,189865,0,192,3.1404898166656494,"{""OpenML_task_id"": ""189873"", ""batch_size"": 24, ""epoch"": 1, ""learning_rate"": 0.015522345892479713, ""max_dropout"": 0.5463907927241587, ""max_units"": 869, ""momentum"": 0.22858064578845447, ""num_layers"": 2, ""weight_decay"": 0.08108316197756163}","{""time"": 3.1404898166656494, ""val_accuracy"": 55.5228271484375, ""val_cross_entropy"": 0.7567892074584961, ""val_balanced_accuracy"": 0.559303879737854, ""test_cross_entropy"": 0.6839022636413574, ""test_balanced_accuracy"": 0.5607127547264099}"
2026-04-16T00:27:12.567071,tpe,lcbench,189865,0,193,3.2534420490264893,"{""OpenML_task_id"": ""189873"", ""batch_size"": 19, ""epoch"": 1, ""learning_rate"": 0.01543812890971526, ""max_dropout"": 0.54165128209659, ""max_units"": 878, ""momentum"": 0.22494703661581777, ""num_layers"": 2, ""weight_decay"": 0.08216415920403683}","{""time"": 3.2534420490264893, ""val_accuracy"": 55.43235397338867, ""val_cross_entropy"": 0.7605152130126953, ""val_balanced_accuracy"": 0.5606421828269958, ""test_cross_entropy"": 0.6832190155982971, ""test_balanced_accuracy"": 0.5622591972351074}"
2026-04-16T00:27:12.606246,tpe,lcbench,189865,0,194,5.99497127532959,"{""OpenML_task_id"": ""189873"", ""batch_size"": 18, ""epoch"": 2, ""learning_rate"": 0.013773685753083655, ""max_dropout"": 0.589699876187029, ""max_units"": 872, ""momentum"": 0.22740296632175364, ""num_layers"": 2, ""weight_decay"": 0.08213127448059443}","{""time"": 5.99497127532959, ""val_accuracy"": 88.82918548583984, ""val_cross_entropy"": 0.3851553201675415, ""val_balanced_accuracy"": 0.8746411204338074, ""test_cross_entropy"": 0.533477783203125, ""test_balanced_accuracy"": 0.8684124946594238}"
2026-04-16T00:27:12.636047,tpe,lcbench,189865,0,195,9.610833168029785,"{""OpenML_task_id"": ""189873"", ""batch_size"": 16, ""epoch"": 3, ""learning_rate"": 0.015804749503488848, ""max_dropout"": 0.5490082058855666, ""max_units"": 917, ""momentum"": 0.27298069200521874, ""num_layers"": 2, ""weight_decay"": 0.08004276458157768}","{""time"": 9.610833168029785, ""val_accuracy"": 91.0009536743164, ""val_cross_entropy"": 0.321990430355072, ""val_balanced_accuracy"": 0.8924687504768372, ""test_cross_entropy"": 0.5051776170730591, ""test_balanced_accuracy"": 0.8852887153625488}"
2026-04-16T00:27:12.668410,tpe,lcbench,189865,0,196,2.913191080093384,"{""OpenML_task_id"": ""189873"", ""batch_size"": 27, ""epoch"": 1, ""learning_rate"": 0.016423314241967614, ""max_dropout"": 0.5808685635974951, ""max_units"": 884, ""momentum"": 0.22293498872481146, ""num_layers"": 2, ""weight_decay"": 0.08243802929279548}","{""time"": 2.913191080093384, ""val_accuracy"": 55.826744079589844, ""val_cross_entropy"": 0.7543363571166992, ""val_balanced_accuracy"": 0.5609855651855469, ""test_cross_entropy"": 0.6837430000305176, ""test_balanced_accuracy"": 0.5620136857032776}"
2026-04-16T00:27:12.706845,tpe,lcbench,189865,0,197,7.664152145385742,"{""OpenML_task_id"": ""189873"", ""batch_size"": 52, ""epoch"": 3, ""learning_rate"": 0.016044613551020204, ""max_dropout"": 0.5364450900527532, ""max_units"": 890, ""momentum"": 0.2181873936112788, ""num_layers"": 2, ""weight_decay"": 0.08259579997447654}","{""time"": 7.664152145385742, ""val_accuracy"": 89.82280731201172, ""val_cross_entropy"": 0.36238187551498413, ""val_balanced_accuracy"": 0.8892640471458435, ""test_cross_entropy"": 0.5272364616394043, ""test_balanced_accuracy"": 0.8809429407119751}"
2026-04-16T00:27:12.740853,tpe,lcbench,189865,0,198,2.730515480041504,"{""OpenML_task_id"": ""189873"", ""batch_size"": 25, ""epoch"": 1, ""learning_rate"": 0.013485163226271385, ""max_dropout"": 0.5775344330452803, ""max_units"": 958, ""momentum"": 0.2261409519335252, ""num_layers"": 2, ""weight_decay"": 0.08521757144792043}","{""time"": 2.730515480041504, ""val_accuracy"": 56.08620071411133, ""val_cross_entropy"": 0.7567747831344604, ""val_balanced_accuracy"": 0.5643424987792969, ""test_cross_entropy"": 0.6846165657043457, ""test_balanced_accuracy"": 0.5647527575492859}"
2026-04-16T00:27:12.782536,tpe,lcbench,189865,0,199,8.608208656311035,"{""OpenML_task_id"": ""168335"", ""batch_size"": 16, ""epoch"": 3, ""learning_rate"": 0.013265368492612919, ""max_dropout"": 0.6190540060882518, ""max_units"": 964, ""momentum"": 0.21783219518891528, ""num_layers"": 2, ""weight_decay"": 0.08529729162053765}","{""time"": 8.608208656311035, ""val_accuracy"": 90.47103118896484, ""val_cross_entropy"": 0.3341868817806244, ""val_balanced_accuracy"": 0.888009786605835, ""test_cross_entropy"": 0.5126336812973022, ""test_balanced_accuracy"": 0.8808304071426392}"
2026-04-16T00:27:12.821040,tpe,lcbench,189865,0,200,4.039923191070557,"{""OpenML_task_id"": ""167149"", ""batch_size"": 58, ""epoch"": 2, ""learning_rate"": 0.01723805708598991, ""max_dropout"": 0.6461607710330657, ""max_units"": 899, ""momentum"": 0.2737179343184082, ""num_layers"": 2, ""weight_decay"": 0.07983324621227794}","{""time"": 4.039923191070557, ""val_accuracy"": 87.4193344116211, ""val_cross_entropy"": 0.42111170291900635, ""val_balanced_accuracy"": 0.8635399341583252, ""test_cross_entropy"": 0.5606204867362976, ""test_balanced_accuracy"": 0.8571041822433472}"
2026-04-16T00:27:12.860162,tpe,lcbench,189865,0,201,2.9494473934173584,"{""OpenML_task_id"": ""189873"", ""batch_size"": 26, ""epoch"": 1, ""learning_rate"": 0.014747245030509337, ""max_dropout"": 0.5820659306034448, ""max_units"": 863, ""momentum"": 0.23338192568578156, ""num_layers"": 2, ""weight_decay"": 0.08346875269895089}","{""time"": 2.9494473934173584, ""val_accuracy"": 55.692100524902344, ""val_cross_entropy"": 0.7533560395240784, ""val_balanced_accuracy"": 0.5607726573944092, ""test_cross_entropy"": 0.6843599677085876, ""test_balanced_accuracy"": 0.5617350339889526}"
2026-04-16T00:27:12.899289,tpe,lcbench,189865,0,202,2.620352268218994,"{""OpenML_task_id"": ""189873"", ""batch_size"": 44, ""epoch"": 1, ""learning_rate"": 0.01424183864075502, ""max_dropout"": 0.5783747319154305, ""max_units"": 871, ""momentum"": 0.2201176098070494, ""num_layers"": 2, ""weight_decay"": 0.08457752562312443}","{""time"": 2.620352268218994, ""val_accuracy"": 56.3535270690918, ""val_cross_entropy"": 0.7440922856330872, ""val_balanced_accuracy"": 0.5562039017677307, ""test_cross_entropy"": 0.6859860420227051, ""test_balanced_accuracy"": 0.5564426183700562}"
2026-04-16T00:27:12.933482,tpe,lcbench,189865,0,203,31.300430297851562,"{""OpenML_task_id"": ""189873"", ""batch_size"": 38, ""epoch"": 22, ""learning_rate"": 0.09230418024651826, ""max_dropout"": 0.5865106238529504, ""max_units"": 871, ""momentum"": 0.21934622683539187, ""num_layers"": 2, ""weight_decay"": 0.08602387290352397}","{""time"": 31.300430297851562, ""val_accuracy"": 92.15059661865234, ""val_cross_entropy"": 0.31887272000312805, ""val_balanced_accuracy"": 0.9172316193580627, ""test_cross_entropy"": 0.4857316017150879, ""test_balanced_accuracy"": 0.9102915525436401}"
2026-04-16T00:27:12.972118,tpe,lcbench,189865,0,204,2.55481219291687,"{""OpenML_task_id"": ""189873"", ""batch_size"": 28, ""epoch"": 1, ""learning_rate"": 0.014689745996922281, ""max_dropout"": 0.573644096384507, ""max_units"": 1019, ""momentum"": 0.19918649583076664, ""num_layers"": 2, ""weight_decay"": 0.08370558715673293}","{""time"": 2.55481219291687, ""val_accuracy"": 56.556827545166016, ""val_cross_entropy"": 0.7565261125564575, ""val_balanced_accuracy"": 0.5664183497428894, ""test_cross_entropy"": 0.6838641166687012, ""test_balanced_accuracy"": 0.5666225552558899}"
2026-04-16T00:27:13.007131,tpe,lcbench,189865,0,205,4.8459272384643555,"{""OpenML_task_id"": ""189873"", ""batch_size"": 26, ""epoch"": 2, ""learning_rate"": 0.014497248166642655, ""max_dropout"": 0.5824940556177785, ""max_units"": 1021, ""momentum"": 0.19324187533854512, ""num_layers"": 2, ""weight_decay"": 0.08310387985554435}","{""time"": 4.8459272384643555, ""val_accuracy"": 88.7106704711914, ""val_cross_entropy"": 0.39226314425468445, ""val_balanced_accuracy"": 0.8696589469909668, ""test_cross_entropy"": 0.538240373134613, ""test_balanced_accuracy"": 0.8637573719024658}"
2026-04-16T00:27:13.040149,tpe,lcbench,189865,0,206,2.658003091812134,"{""OpenML_task_id"": ""189873"", ""batch_size"": 43, ""epoch"": 1, ""learning_rate"": 0.014437263640481915, ""max_dropout"": 0.5735506425172211, ""max_units"": 862, ""momentum"": 0.1886049694417565, ""num_layers"": 2, ""weight_decay"": 0.08546254412467912}","{""time"": 2.658003091812134, ""val_accuracy"": 56.4698371887207, ""val_cross_entropy"": 0.7415233254432678, ""val_balanced_accuracy"": 0.5574677586555481, ""test_cross_entropy"": 0.6856664419174194, ""test_balanced_accuracy"": 0.5578911304473877}"
2026-04-16T00:27:13.075750,tpe,lcbench,189865,0,207,4.4066691398620605,"{""OpenML_task_id"": ""189873"", ""batch_size"": 45, ""epoch"": 2, ""learning_rate"": 0.012523658072564975, ""max_dropout"": 0.6328740337918076, ""max_units"": 848, ""momentum"": 0.17943483535173907, ""num_layers"": 2, ""weight_decay"": 0.08643902379674517}","{""time"": 4.4066691398620605, ""val_accuracy"": 86.62759399414062, ""val_cross_entropy"": 0.4355575442314148, ""val_balanced_accuracy"": 0.8610630035400391, ""test_cross_entropy"": 0.5683479309082031, ""test_balanced_accuracy"": 0.8549342751502991}"
2026-04-16T00:27:13.100444,tpe,lcbench,189865,0,208,9.78653621673584,"{""OpenML_task_id"": ""167168"", ""batch_size"": 38, ""epoch"": 4, ""learning_rate"": 0.017323467326402966, ""max_dropout"": 0.5699508625282439, ""max_units"": 962, ""momentum"": 0.20013293471784196, ""num_layers"": 2, ""weight_decay"": 0.08480500024013202}","{""time"": 9.78653621673584, ""val_accuracy"": 90.41341400146484, ""val_cross_entropy"": 0.3257935345172882, ""val_balanced_accuracy"": 0.8946058750152588, ""test_cross_entropy"": 0.5106077194213867, ""test_balanced_accuracy"": 0.8865408301353455}"
2026-04-16T00:27:13.144281,tpe,lcbench,189865,0,209,2.171332836151123,"{""OpenML_task_id"": ""167181"", ""batch_size"": 56, ""epoch"": 1, ""learning_rate"": 0.014940000392373792, ""max_dropout"": 0.6008765690413822, ""max_units"": 986, ""momentum"": 0.21595593364047933, ""num_layers"": 2, ""weight_decay"": 0.08414328856392904}","{""time"": 2.171332836151123, ""val_accuracy"": 57.400699615478516, ""val_cross_entropy"": 0.7383943200111389, ""val_balanced_accuracy"": 0.5599774122238159, ""test_cross_entropy"": 0.6843302249908447, ""test_balanced_accuracy"": 0.5593582987785339}"
2026-04-16T00:27:13.175147,tpe,lcbench,189865,0,210,6.65037202835083,"{""OpenML_task_id"": ""167181"", ""batch_size"": 53, ""epoch"": 3, ""learning_rate"": 0.01750713102751815, ""max_dropout"": 0.6710961712652391, ""max_units"": 999, ""momentum"": 0.1900455210531991, ""num_layers"": 2, ""weight_decay"": 0.08365031145891837}","{""time"": 6.65037202835083, ""val_accuracy"": 90.05783081054688, ""val_cross_entropy"": 0.35093554854393005, ""val_balanced_accuracy"": 0.8865780234336853, ""test_cross_entropy"": 0.5280591249465942, ""test_balanced_accuracy"": 0.8787529468536377}"
2026-04-16T00:27:13.218847,tpe,lcbench,189865,0,211,2.0792977809906006,"{""OpenML_task_id"": ""167181"", ""batch_size"": 72, ""epoch"": 1, ""learning_rate"": 0.014877378596610126, ""max_dropout"": 0.59455643552788, ""max_units"": 988, ""momentum"": 0.20673084824926727, ""num_layers"": 2, ""weight_decay"": 0.08675984420445576}","{""time"": 2.0792977809906006, ""val_accuracy"": 57.987220764160156, ""val_cross_entropy"": 0.7243533134460449, ""val_balanced_accuracy"": 0.5603994727134705, ""test_cross_entropy"": 0.6821898221969604, ""test_balanced_accuracy"": 0.5595055818557739}"
2026-04-16T00:27:13.240911,tpe,lcbench,189865,0,212,2.1936442852020264,"{""OpenML_task_id"": ""167181"", ""batch_size"": 62, ""epoch"": 1, ""learning_rate"": 0.015060036539326912, ""max_dropout"": 0.6082679903599043, ""max_units"": 944, ""momentum"": 0.21082826911671654, ""num_layers"": 2, ""weight_decay"": 0.08745569291267186}","{""time"": 2.1936442852020264, ""val_accuracy"": 57.38668441772461, ""val_cross_entropy"": 0.7317643165588379, ""val_balanced_accuracy"": 0.5586748123168945, ""test_cross_entropy"": 0.6842736601829529, ""test_balanced_accuracy"": 0.5581423044204712}"
2026-04-16T00:27:13.285311,tpe,lcbench,189865,0,213,28.698345184326172,"{""OpenML_task_id"": ""167181"", ""batch_size"": 72, ""epoch"": 25, ""learning_rate"": 0.014407246980740297, ""max_dropout"": 0.6121977492182856, ""max_units"": 923, ""momentum"": 0.20651039656369918, ""num_layers"": 2, ""weight_decay"": 0.08680868946921015}","{""time"": 28.698345184326172, ""val_accuracy"": 91.37942504882812, ""val_cross_entropy"": 0.31559163331985474, ""val_balanced_accuracy"": 0.9097708463668823, ""test_cross_entropy"": 0.49540674686431885, ""test_balanced_accuracy"": 0.9009227156639099}"
2026-04-16T00:27:13.318902,tpe,lcbench,189865,0,214,3.6006650924682617,"{""OpenML_task_id"": ""168910"", ""batch_size"": 62, ""epoch"": 2, ""learning_rate"": 0.012252868649049543, ""max_dropout"": 0.6015658558694126, ""max_units"": 947, ""momentum"": 0.21467869830189118, ""num_layers"": 2, ""weight_decay"": 0.08444320330345435}","{""time"": 3.6006650924682617, ""val_accuracy"": 86.139892578125, ""val_cross_entropy"": 0.45444053411483765, ""val_balanced_accuracy"": 0.8539108633995056, ""test_cross_entropy"": 0.5785179138183594, ""test_balanced_accuracy"": 0.8481549620628357}"
2026-04-16T00:27:13.363071,tpe,lcbench,189865,0,215,1.9147502183914185,"{""OpenML_task_id"": ""167181"", ""batch_size"": 83, ""epoch"": 1, ""learning_rate"": 0.0152280343592613, ""max_dropout"": 0.6453946331445336, ""max_units"": 994, ""momentum"": 0.18874020198292196, ""num_layers"": 2, ""weight_decay"": 0.08666647436158666}","{""time"": 1.9147502183914185, ""val_accuracy"": 58.63014602661133, ""val_cross_entropy"": 0.7137404084205627, ""val_balanced_accuracy"": 0.5645782947540283, ""test_cross_entropy"": 0.6796506643295288, ""test_balanced_accuracy"": 0.5633412599563599}"
2026-04-16T00:27:13.400826,tpe,lcbench,189865,0,216,3.0331156253814697,"{""OpenML_task_id"": ""167181"", ""batch_size"": 85, ""epoch"": 2, ""learning_rate"": 0.01568395345191707, ""max_dropout"": 0.6682185603282855, ""max_units"": 983, ""momentum"": 0.17783641482055146, ""num_layers"": 2, ""weight_decay"": 0.08732928901880409}","{""time"": 3.0331156253814697, ""val_accuracy"": 85.93476867675781, ""val_cross_entropy"": 0.46586835384368896, ""val_balanced_accuracy"": 0.8461319804191589, ""test_cross_entropy"": 0.5867586135864258, ""test_balanced_accuracy"": 0.8407074809074402}"
2026-04-16T00:27:13.435980,tpe,lcbench,189865,0,217,3.0289320945739746,"{""OpenML_task_id"": ""168868"", ""batch_size"": 81, ""epoch"": 2, ""learning_rate"": 0.014794648498420552, ""max_dropout"": 0.6740109968491641, ""max_units"": 990, ""momentum"": 0.17751063999092057, ""num_layers"": 2, ""weight_decay"": 0.08726747254294222}","{""time"": 3.0289320945739746, ""val_accuracy"": 85.90362548828125, ""val_cross_entropy"": 0.4666030704975128, ""val_balanced_accuracy"": 0.8461626768112183, ""test_cross_entropy"": 0.5867933630943298, ""test_balanced_accuracy"": 0.8406834602355957}"
2026-04-16T00:27:13.479851,tpe,lcbench,189865,0,218,3.0275378227233887,"{""OpenML_task_id"": ""168330"", ""batch_size"": 79, ""epoch"": 2, ""learning_rate"": 0.012729961605064581, ""max_dropout"": 0.6635894050595873, ""max_units"": 989, ""momentum"": 0.17369022796795303, ""num_layers"": 2, ""weight_decay"": 0.08730639249727042}","{""time"": 3.0275378227233887, ""val_accuracy"": 85.29431915283203, ""val_cross_entropy"": 0.4787676930427551, ""val_balanced_accuracy"": 0.8418322801589966, ""test_cross_entropy"": 0.5929907560348511, ""test_balanced_accuracy"": 0.8365071415901184}"
2026-04-16T00:27:13.520658,tpe,lcbench,189865,0,219,5.254507064819336,"{""OpenML_task_id"": ""167181"", ""batch_size"": 72, ""epoch"": 3, ""learning_rate"": 0.012468594586050506, ""max_dropout"": 0.7029259749084916, ""max_units"": 990, ""momentum"": 0.18240256405752922, ""num_layers"": 2, ""weight_decay"": 0.08750614922971536}","{""time"": 5.254507064819336, ""val_accuracy"": 89.28033447265625, ""val_cross_entropy"": 0.38642850518226624, ""val_balanced_accuracy"": 0.8805481791496277, ""test_cross_entropy"": 0.5495467782020569, ""test_balanced_accuracy"": 0.8727996349334717}"
2026-04-16T00:27:13.551957,tpe,lcbench,189865,0,220,3.424961805343628,"{""OpenML_task_id"": ""168868"", ""batch_size"": 61, ""epoch"": 2, ""learning_rate"": 0.014385520345907529, ""max_dropout"": 0.6723822393889544, ""max_units"": 982, ""momentum"": 0.1743711640639445, ""num_layers"": 2, ""weight_decay"": 0.0854829702931589}","{""time"": 3.424961805343628, ""val_accuracy"": 86.80158996582031, ""val_cross_entropy"": 0.44391492009162903, ""val_balanced_accuracy"": 0.8555949926376343, ""test_cross_entropy"": 0.5729955434799194, ""test_balanced_accuracy"": 0.8496008515357971}"
2026-04-16T00:27:13.597555,tpe,lcbench,189865,0,221,3.044271469116211,"{""OpenML_task_id"": ""168330"", ""batch_size"": 84, ""epoch"": 2, ""learning_rate"": 0.01768329849950274, ""max_dropout"": 0.638681891758562, ""max_units"": 1013, ""momentum"": 0.1858375520597873, ""num_layers"": 2, ""weight_decay"": 0.08784596002487685}","{""time"": 3.044271469116211, ""val_accuracy"": 86.65766906738281, ""val_cross_entropy"": 0.45308205485343933, ""val_balanced_accuracy"": 0.8511660099029541, ""test_cross_entropy"": 0.5784618854522705, ""test_balanced_accuracy"": 0.8456979393959045}"
2026-04-16T00:27:13.635202,tpe,lcbench,189865,0,222,3.0345101356506348,"{""OpenML_task_id"": ""168330"", ""batch_size"": 81, ""epoch"": 2, ""learning_rate"": 0.016133325868237222, ""max_dropout"": 0.6464217995534959, ""max_units"": 1012, ""momentum"": 0.1945097749401335, ""num_layers"": 2, ""weight_decay"": 0.08759383799085399}","{""time"": 3.0345101356506348, ""val_accuracy"": 86.44108581542969, ""val_cross_entropy"": 0.4565635323524475, ""val_balanced_accuracy"": 0.850038468837738, ""test_cross_entropy"": 0.5805040597915649, ""test_balanced_accuracy"": 0.8445486426353455}"
2026-04-16T00:27:13.669243,tpe,lcbench,189865,0,223,2.978731155395508,"{""OpenML_task_id"": ""168330"", ""batch_size"": 80, ""epoch"": 2, ""learning_rate"": 0.014999525261364336, ""max_dropout"": 0.6577250557780504, ""max_units"": 1022, ""momentum"": 0.2003348736790103, ""num_layers"": 2, ""weight_decay"": 0.08728834381246535}","{""time"": 2.978731155395508, ""val_accuracy"": 86.23820495605469, ""val_cross_entropy"": 0.46083933115005493, ""val_balanced_accuracy"": 0.8481517434120178, ""test_cross_entropy"": 0.5829387307167053, ""test_balanced_accuracy"": 0.8427030444145203}"
2026-04-16T00:27:13.711028,tpe,lcbench,189865,0,224,5.170838832855225,"{""OpenML_task_id"": ""167181"", ""batch_size"": 80, ""epoch"": 3, ""learning_rate"": 0.014671942613125093, ""max_dropout"": 0.654461333048748, ""max_units"": 1024, ""momentum"": 0.18573430951426134, ""num_layers"": 2, ""weight_decay"": 0.08782298781675801}","{""time"": 5.170838832855225, ""val_accuracy"": 89.54876708984375, ""val_cross_entropy"": 0.3825267255306244, ""val_balanced_accuracy"": 0.8811614513397217, ""test_cross_entropy"": 0.5453146696090698, ""test_balanced_accuracy"": 0.873515784740448}"
2026-04-16T00:27:13.749654,tpe,lcbench,189865,0,225,2.935502767562866,"{""OpenML_task_id"": ""168330"", ""batch_size"": 79, ""epoch"": 2, ""learning_rate"": 0.012220441065294244, ""max_dropout"": 0.7071469536975342, ""max_units"": 992, ""momentum"": 0.1986083060429476, ""num_layers"": 2, ""weight_decay"": 0.0905858190515459}","{""time"": 2.935502767562866, ""val_accuracy"": 85.0392837524414, ""val_cross_entropy"": 0.4845992624759674, ""val_balanced_accuracy"": 0.8385871052742004, ""test_cross_entropy"": 0.5971823334693909, ""test_balanced_accuracy"": 0.8332220911979675}"
2026-04-16T00:27:13.780188,tpe,lcbench,189865,0,226,50.94015121459961,"{""OpenML_task_id"": ""168330"", ""batch_size"": 78, ""epoch"": 44, ""learning_rate"": 0.012022480913621434, ""max_dropout"": 0.7104368540315149, ""max_units"": 1008, ""momentum"": 0.1998318418117641, ""num_layers"": 2, ""weight_decay"": 0.09165830072466344}","{""time"": 50.94015121459961, ""val_accuracy"": 91.21678161621094, ""val_cross_entropy"": 0.32486459612846375, ""val_balanced_accuracy"": 0.9118172526359558, ""test_cross_entropy"": 0.4965124726295471, ""test_balanced_accuracy"": 0.9026289582252502}"
2026-04-16T00:27:13.820457,tpe,lcbench,189865,0,227,7.5567779541015625,"{""OpenML_task_id"": ""168330"", ""batch_size"": 68, ""epoch"": 4, ""learning_rate"": 0.012045377342436847, ""max_dropout"": 0.6837734142577654, ""max_units"": 975, ""momentum"": 0.19402723843392622, ""num_layers"": 2, ""weight_decay"": 0.08913715728390055}","{""time"": 7.5567779541015625, ""val_accuracy"": 89.43133544921875, ""val_cross_entropy"": 0.36235311627388, ""val_balanced_accuracy"": 0.8863666653633118, ""test_cross_entropy"": 0.5364811420440674, ""test_balanced_accuracy"": 0.8772675395011902}"
2026-04-16T00:27:13.853776,tpe,lcbench,189865,0,228,5.99497127532959,"{""OpenML_task_id"": ""168330"", ""batch_size"": 58, ""epoch"": 3, ""learning_rate"": 0.014817991860220345, ""max_dropout"": 0.7556364172233734, ""max_units"": 951, ""momentum"": 0.20551530099263243, ""num_layers"": 2, ""weight_decay"": 0.08649518398220171}","{""time"": 5.99497127532959, ""val_accuracy"": 89.82486724853516, ""val_cross_entropy"": 0.36492106318473816, ""val_balanced_accuracy"": 0.8852009177207947, ""test_cross_entropy"": 0.5396710634231567, ""test_balanced_accuracy"": 0.8775436282157898}"
2026-04-16T00:27:13.887351,tpe,lcbench,189865,0,229,8.997265815734863,"{""OpenML_task_id"": ""168330"", ""batch_size"": 79, ""epoch"": 5, ""learning_rate"": 0.013171416729916478, ""max_dropout"": 0.6293189738903151, ""max_units"": 999, ""momentum"": 0.17875769817379622, ""num_layers"": 2, ""weight_decay"": 0.08995205669393042}","{""time"": 8.997265815734863, ""val_accuracy"": 89.61335754394531, ""val_cross_entropy"": 0.3545917272567749, ""val_balanced_accuracy"": 0.8882147669792175, ""test_cross_entropy"": 0.5291671752929688, ""test_balanced_accuracy"": 0.8788283467292786}"
2026-04-16T00:27:13.927641,tpe,lcbench,189865,0,230,3.065188407897949,"{""OpenML_task_id"": ""167181"", ""batch_size"": 85, ""epoch"": 2, ""learning_rate"": 0.016053739343171083, ""max_dropout"": 0.6500218396376277, ""max_units"": 981, ""momentum"": 0.20991981855525238, ""num_layers"": 2, ""weight_decay"": 0.09092715823870971}","{""time"": 3.065188407897949, ""val_accuracy"": 86.14022064208984, ""val_cross_entropy"": 0.4617692828178406, ""val_balanced_accuracy"": 0.8480174541473389, ""test_cross_entropy"": 0.5849491357803345, ""test_balanced_accuracy"": 0.8425648212432861}"
2026-04-16T00:27:13.966420,tpe,lcbench,189865,0,231,3.36360502243042,"{""OpenML_task_id"": ""167181"", ""batch_size"": 67, ""epoch"": 2, ""learning_rate"": 0.015949141509632052, ""max_dropout"": 0.6581286111470965, ""max_units"": 983, ""momentum"": 0.215133692277109, ""num_layers"": 2, ""weight_decay"": 0.09066840587272679}","{""time"": 3.36360502243042, ""val_accuracy"": 86.94143676757812, ""val_cross_entropy"": 0.4431832730770111, ""val_balanced_accuracy"": 0.855999767780304, ""test_cross_entropy"": 0.5730965733528137, ""test_balanced_accuracy"": 0.8499671220779419}"
2026-04-16T00:27:14.006262,tpe,lcbench,189865,0,232,2.980125665664673,"{""OpenML_task_id"": ""167181"", ""batch_size"": 89, ""epoch"": 2, ""learning_rate"": 0.018156190552387916, ""max_dropout"": 0.6880990313662281, ""max_units"": 1009, ""momentum"": 0.19586967059627008, ""num_layers"": 2, ""weight_decay"": 0.08649728390985952}","{""time"": 2.980125665664673, ""val_accuracy"": 86.41009521484375, ""val_cross_entropy"": 0.457693874835968, ""val_balanced_accuracy"": 0.8476277589797974, ""test_cross_entropy"": 0.5817022323608398, ""test_balanced_accuracy"": 0.842187225818634}"
2026-04-16T00:27:14.048032,tpe,lcbench,189865,0,233,2.918769121170044,"{""OpenML_task_id"": ""168330"", ""batch_size"": 89, ""epoch"": 2, ""learning_rate"": 0.017863793502179946, ""max_dropout"": 0.6946185342341143, ""max_units"": 1019, ""momentum"": 0.17126651435670626, ""num_layers"": 2, ""weight_decay"": 0.08805770955478306}","{""time"": 2.918769121170044, ""val_accuracy"": 86.3250961303711, ""val_cross_entropy"": 0.4614260792732239, ""val_balanced_accuracy"": 0.8464144468307495, ""test_cross_entropy"": 0.5834981203079224, ""test_balanced_accuracy"": 0.8410603404045105}"
2026-04-16T00:27:14.095118,tpe,lcbench,189865,0,234,5.135977268218994,"{""OpenML_task_id"": ""168330"", ""batch_size"": 88, ""epoch"": 3, ""learning_rate"": 0.018255751739215627, ""max_dropout"": 0.6919337272835966, ""max_units"": 1013, ""momentum"": 0.1688236924114772, ""num_layers"": 2, ""weight_decay"": 0.0878395283796447}","{""time"": 5.135977268218994, ""val_accuracy"": 89.81356048583984, ""val_cross_entropy"": 0.37800946831703186, ""val_balanced_accuracy"": 0.8814656734466553, ""test_cross_entropy"": 0.5440528392791748, ""test_balanced_accuracy"": 0.8738940358161926}"
2026-04-16T00:27:14.128144,tpe,lcbench,189865,0,235,3.1335175037384033,"{""OpenML_task_id"": ""168330"", ""batch_size"": 75, ""epoch"": 2, ""learning_rate"": 0.014191403436501403, ""max_dropout"": 0.6290080730403105, ""max_units"": 1005, ""momentum"": 0.1888594381947581, ""num_layers"": 2, ""weight_decay"": 0.08531725333284886}","{""time"": 3.1335175037384033, ""val_accuracy"": 86.22306823730469, ""val_cross_entropy"": 0.45938220620155334, ""val_balanced_accuracy"": 0.8499590158462524, ""test_cross_entropy"": 0.5814842581748962, ""test_balanced_accuracy"": 0.8445035219192505}"
2026-04-16T00:27:14.158808,tpe,lcbench,189865,0,236,5.333992004394531,"{""OpenML_task_id"": ""167181"", ""batch_size"": 86, ""epoch"": 3, ""learning_rate"": 0.017866126732951067, ""max_dropout"": 0.7305010234332929, ""max_units"": 936, ""momentum"": 0.1919242512755681, ""num_layers"": 2, ""weight_decay"": 0.08805099476463794}","{""time"": 5.333992004394531, ""val_accuracy"": 89.6164321899414, ""val_cross_entropy"": 0.381449818611145, ""val_balanced_accuracy"": 0.8816943764686584, ""test_cross_entropy"": 0.5476508140563965, ""test_balanced_accuracy"": 0.8741457462310791}"
2026-04-16T00:27:14.202709,tpe,lcbench,189865,0,237,10.275996208190918,"{""OpenML_task_id"": ""168330"", ""batch_size"": 458, ""epoch"": 4, ""learning_rate"": 0.011722056621015248, ""max_dropout"": 0.669507183285172, ""max_units"": 962, ""momentum"": 0.8212190937279084, ""num_layers"": 2, ""weight_decay"": 0.08623413700156932}","{""time"": 10.275996208190918, ""val_accuracy"": 86.27176666259766, ""val_cross_entropy"": 0.43712666630744934, ""val_balanced_accuracy"": 0.8585816621780396, ""test_cross_entropy"": 0.5713322162628174, ""test_balanced_accuracy"": 0.8523275852203369}"
2026-04-16T00:27:14.244297,tpe,lcbench,189865,0,238,3.7875242233276367,"{""OpenML_task_id"": ""167181"", ""batch_size"": 48, ""epoch"": 2, ""learning_rate"": 0.015606570355812777, ""max_dropout"": 0.7260383547231025, ""max_units"": 995, ""momentum"": 0.17116403544421024, ""num_layers"": 2, ""weight_decay"": 0.08463374963597307}","{""time"": 3.7875242233276367, ""val_accuracy"": 87.67414855957031, ""val_cross_entropy"": 0.4216049313545227, ""val_balanced_accuracy"": 0.8605556488037109, ""test_cross_entropy"": 0.5608607530593872, ""test_balanced_accuracy"": 0.8545104265213013}"
2026-04-16T00:27:14.270076,tpe,lcbench,189865,0,239,3.6424992084503174,"{""OpenML_task_id"": ""168330"", ""batch_size"": 71, ""epoch"": 2, ""learning_rate"": 0.01328371005665836, ""max_dropout"": 0.6932717490977358, ""max_units"": 1023, ""momentum"": 0.689462650032926, ""num_layers"": 2, ""weight_decay"": 0.08841805681903353}","{""time"": 3.6424992084503174, ""val_accuracy"": 88.70390319824219, ""val_cross_entropy"": 0.39762306213378906, ""val_balanced_accuracy"": 0.8702280521392822, ""test_cross_entropy"": 0.5528762340545654, ""test_balanced_accuracy"": 0.8646062016487122}"
2026-04-16T00:27:14.311984,tpe,lcbench,189865,0,240,44.75846481323242,"{""OpenML_task_id"": ""168868"", ""batch_size"": 85, ""epoch"": 39, ""learning_rate"": 0.01858885951851135, ""max_dropout"": 0.5970915218902236, ""max_units"": 996, ""momentum"": 0.1679900144603242, ""num_layers"": 2, ""weight_decay"": 0.0870780008383875}","{""time"": 44.75846481323242, ""val_accuracy"": 91.4659194946289, ""val_cross_entropy"": 0.3137727975845337, ""val_balanced_accuracy"": 0.9138473868370056, ""test_cross_entropy"": 0.48864585161209106, ""test_balanced_accuracy"": 0.9053376913070679}"
2026-04-16T00:27:14.352393,tpe,lcbench,189865,0,241,3.0317211151123047,"{""OpenML_task_id"": ""167181"", ""batch_size"": 91, ""epoch"": 2, ""learning_rate"": 0.016333784330403927, ""max_dropout"": 0.641089637387239, ""max_units"": 977, ""momentum"": 0.20858322824286285, ""num_layers"": 2, ""weight_decay"": 0.0926723591736918}","{""time"": 3.0317211151123047, ""val_accuracy"": 85.89445495605469, ""val_cross_entropy"": 0.4675176441669464, ""val_balanced_accuracy"": 0.8454528450965881, ""test_cross_entropy"": 0.5885507464408875, ""test_balanced_accuracy"": 0.8401913046836853}"
2026-04-16T00:27:14.399682,tpe,lcbench,189865,0,242,3.0331156253814697,"{""OpenML_task_id"": ""167181"", ""batch_size"": 94, ""epoch"": 2, ""learning_rate"": 0.016447040121915765, ""max_dropout"": 0.6380911815117845, ""max_units"": 971, ""momentum"": 0.19916693921749176, ""num_layers"": 2, ""weight_decay"": 0.09237157770905986}","{""time"": 3.0331156253814697, ""val_accuracy"": 85.71443176269531, ""val_cross_entropy"": 0.47116661071777344, ""val_balanced_accuracy"": 0.8438224792480469, ""test_cross_entropy"": 0.5906367301940918, ""test_balanced_accuracy"": 0.8386654853820801}"
2026-04-16T00:27:14.432292,tpe,lcbench,189865,0,243,5.240562438964844,"{""OpenML_task_id"": ""167185"", ""batch_size"": 94, ""epoch"": 3, ""learning_rate"": 0.01701905270564478, ""max_dropout"": 0.6462441423624771, ""max_units"": 970, ""momentum"": 0.19832877698571386, ""num_layers"": 2, ""weight_decay"": 0.0928435520907574}","{""time"": 5.240562438964844, ""val_accuracy"": 89.49378967285156, ""val_cross_entropy"": 0.3874540328979492, ""val_balanced_accuracy"": 0.8807464241981506, ""test_cross_entropy"": 0.5485043525695801, ""test_balanced_accuracy"": 0.8732175827026367}"
2026-04-16T00:27:14.469904,tpe,lcbench,189865,0,244,3.161406993865967,"{""OpenML_task_id"": ""167181"", ""batch_size"": 95, ""epoch"": 2, ""learning_rate"": 0.014414722147701379, ""max_dropout"": 0.6243044956998419, ""max_units"": 944, ""momentum"": 0.2060881047710621, ""num_layers"": 2, ""weight_decay"": 0.09050675047317051}","{""time"": 3.161406993865967, ""val_accuracy"": 84.84130859375, ""val_cross_entropy"": 0.4865475594997406, ""val_balanced_accuracy"": 0.8374778032302856, ""test_cross_entropy"": 0.5988531112670898, ""test_balanced_accuracy"": 0.8325104117393494}"
2026-04-16T00:27:14.506848,tpe,lcbench,189865,0,245,3.0066206455230713,"{""OpenML_task_id"": ""167181"", ""batch_size"": 76, ""epoch"": 2, ""learning_rate"": 0.011590779686647214, ""max_dropout"": 0.6627654735805814, ""max_units"": 986, ""momentum"": 0.1883649909391897, ""num_layers"": 2, ""weight_decay"": 0.09436534695529541}","{""time"": 3.0066206455230713, ""val_accuracy"": 85.00587463378906, ""val_cross_entropy"": 0.4861909747123718, ""val_balanced_accuracy"": 0.8399301171302795, ""test_cross_entropy"": 0.5970510244369507, ""test_balanced_accuracy"": 0.834567666053772}"
2026-04-16T00:27:14.544076,tpe,lcbench,189865,0,246,7.538650035858154,"{""OpenML_task_id"": ""167181"", ""batch_size"": 66, ""epoch"": 4, ""learning_rate"": 0.01174518048373398, ""max_dropout"": 0.6827559602339333, ""max_units"": 977, ""momentum"": 0.21472236230615085, ""num_layers"": 2, ""weight_decay"": 0.09406957972220405}","{""time"": 7.538650035858154, ""val_accuracy"": 89.47091674804688, ""val_cross_entropy"": 0.3622595965862274, ""val_balanced_accuracy"": 0.8867522478103638, ""test_cross_entropy"": 0.5368201732635498, ""test_balanced_accuracy"": 0.8776624798774719}"
2026-04-16T00:27:14.569203,tpe,lcbench,189865,0,247,1.8980165719985962,"{""OpenML_task_id"": ""189862"", ""batch_size"": 74, ""epoch"": 1, ""learning_rate"": 0.01383999723667343, ""max_dropout"": 0.6531940830893014, ""max_units"": 992, ""momentum"": 0.16638007981888125, ""num_layers"": 2, ""weight_decay"": 0.09130202768867116}","{""time"": 1.8980165719985962, ""val_accuracy"": 58.42998123168945, ""val_cross_entropy"": 0.7159774303436279, ""val_balanced_accuracy"": 0.5651859045028687, ""test_cross_entropy"": 0.6810249090194702, ""test_balanced_accuracy"": 0.5637894868850708}"
2026-04-16T00:27:14.615154,tpe,lcbench,189865,0,248,2.238267421722412,"{""OpenML_task_id"": ""189862"", ""batch_size"": 46, ""epoch"": 1, ""learning_rate"": 0.011165809767469325, ""max_dropout"": 0.6000488863233534, ""max_units"": 957, ""momentum"": 0.15732026057262094, ""num_layers"": 2, ""weight_decay"": 0.09527954954918683}","{""time"": 2.238267421722412, ""val_accuracy"": 57.36895751953125, ""val_cross_entropy"": 0.7337177395820618, ""val_balanced_accuracy"": 0.564318835735321, ""test_cross_entropy"": 0.6855202913284302, ""test_balanced_accuracy"": 0.5636292695999146}"
2026-04-16T00:27:14.659268,tpe,lcbench,189865,0,249,2.2550010681152344,"{""OpenML_task_id"": ""189862"", ""batch_size"": 44, ""epoch"": 1, ""learning_rate"": 0.010941238682713975, ""max_dropout"": 0.5984093208678676, ""max_units"": 958, ""momentum"": 0.16512629754737734, ""num_layers"": 2, ""weight_decay"": 0.09590130081524784}","{""time"": 2.2550010681152344, ""val_accuracy"": 57.24664306640625, ""val_cross_entropy"": 0.7363463044166565, ""val_balanced_accuracy"": 0.564048707485199, ""test_cross_entropy"": 0.6860475540161133, ""test_balanced_accuracy"": 0.5633541345596313}"
2026-04-16T00:27:14.701871,tpe,lcbench,189865,0,250,2.2550010681152344,"{""OpenML_task_id"": ""189862"", ""batch_size"": 43, ""epoch"": 1, ""learning_rate"": 0.011001920009366763, ""max_dropout"": 0.605587009623759, ""max_units"": 954, ""momentum"": 0.16747735118084522, ""num_layers"": 2, ""weight_decay"": 0.09590553946322018}","{""time"": 2.2550010681152344, ""val_accuracy"": 57.20145797729492, ""val_cross_entropy"": 0.7372177243232727, ""val_balanced_accuracy"": 0.5641982555389404, ""test_cross_entropy"": 0.6862397193908691, ""test_balanced_accuracy"": 0.56353360414505}"
2026-04-16T00:27:14.740186,tpe,lcbench,189865,0,251,2.3832921981811523,"{""OpenML_task_id"": ""189862"", ""batch_size"": 42, ""epoch"": 1, ""learning_rate"": 0.010937827080913473, ""max_dropout"": 0.6018131832580046, ""max_units"": 907, ""momentum"": 0.15443629006888593, ""num_layers"": 2, ""weight_decay"": 0.09766613718731805}","{""time"": 2.3832921981811523, ""val_accuracy"": 56.999755859375, ""val_cross_entropy"": 0.7348223924636841, ""val_balanced_accuracy"": 0.5632359385490417, ""test_cross_entropy"": 0.6863417625427246, ""test_balanced_accuracy"": 0.5628665089607239}"
2026-04-16T00:27:14.786831,tpe,lcbench,189865,0,252,2.4083926677703857,"{""OpenML_task_id"": ""189862"", ""batch_size"": 43, ""epoch"": 1, ""learning_rate"": 0.008489551761900577, ""max_dropout"": 0.5977658039247952, ""max_units"": 901, ""momentum"": 0.1539118764462775, ""num_layers"": 2, ""weight_decay"": 0.09956186223564004}","{""time"": 2.4083926677703857, ""val_accuracy"": 56.921531677246094, ""val_cross_entropy"": 0.727756679058075, ""val_balanced_accuracy"": 0.562767744064331, ""test_cross_entropy"": 0.6852021217346191, ""test_balanced_accuracy"": 0.5619375705718994}"
2026-04-16T00:27:14.819793,tpe,lcbench,189865,0,253,2.436282157897949,"{""OpenML_task_id"": ""189862"", ""batch_size"": 39, ""epoch"": 1, ""learning_rate"": 0.008192916654214583, ""max_dropout"": 0.601713776875527, ""max_units"": 905, ""momentum"": 0.15904251039457867, ""num_layers"": 2, ""weight_decay"": 0.09537041802376038}","{""time"": 2.436282157897949, ""val_accuracy"": 56.843631744384766, ""val_cross_entropy"": 0.7295858263969421, ""val_balanced_accuracy"": 0.5636970400810242, ""test_cross_entropy"": 0.6849035024642944, ""test_balanced_accuracy"": 0.5629277229309082}"
2026-04-16T00:27:14.865379,tpe,lcbench,189865,0,254,2.4083926677703857,"{""OpenML_task_id"": ""189862"", ""batch_size"": 42, ""epoch"": 1, ""learning_rate"": 0.008581712076059395, ""max_dropout"": 0.5993272970592255, ""max_units"": 900, ""momentum"": 0.15335579875481525, ""num_layers"": 2, ""weight_decay"": 0.09983509364989557}","{""time"": 2.4083926677703857, ""val_accuracy"": 56.913387298583984, ""val_cross_entropy"": 0.7284133434295654, ""val_balanced_accuracy"": 0.5631456971168518, ""test_cross_entropy"": 0.6853992342948914, ""test_balanced_accuracy"": 0.5623418092727661}"
2026-04-16T00:27:14.905141,tpe,lcbench,189865,0,255,2.4069983959198,"{""OpenML_task_id"": ""189862"", ""batch_size"": 45, ""epoch"": 1, ""learning_rate"": 0.007832193056756986, ""max_dropout"": 0.5960140219190726, ""max_units"": 906, ""momentum"": 0.15081064711793943, ""num_layers"": 2, ""weight_decay"": 0.09728832186712078}","{""time"": 2.4069983959198, ""val_accuracy"": 56.94509506225586, ""val_cross_entropy"": 0.7245352268218994, ""val_balanced_accuracy"": 0.562190592288971, ""test_cross_entropy"": 0.6841587424278259, ""test_balanced_accuracy"": 0.5612670183181763}"
2026-04-16T00:27:14.944046,tpe,lcbench,189865,0,256,2.3972370624542236,"{""OpenML_task_id"": ""189862"", ""batch_size"": 42, ""epoch"": 1, ""learning_rate"": 0.006945500673713144, ""max_dropout"": 0.5985817877054948, ""max_units"": 915, ""momentum"": 0.14760169877150997, ""num_layers"": 2, ""weight_decay"": 0.09714499402951655}","{""time"": 2.3972370624542236, ""val_accuracy"": 56.89656448364258, ""val_cross_entropy"": 0.7224769592285156, ""val_balanced_accuracy"": 0.5634003281593323, ""test_cross_entropy"": 0.6837587356567383, ""test_balanced_accuracy"": 0.5625681281089783}"
2026-04-16T00:27:14.985322,tpe,lcbench,189865,0,257,2.415365219116211,"{""OpenML_task_id"": ""189862"", ""batch_size"": 43, ""epoch"": 1, ""learning_rate"": 0.0071008081142556806, ""max_dropout"": 0.601536224381359, ""max_units"": 905, ""momentum"": 0.1484523989237352, ""num_layers"": 2, ""weight_decay"": 0.09674543810788537}","{""time"": 2.415365219116211, ""val_accuracy"": 56.87367248535156, ""val_cross_entropy"": 0.7222693562507629, ""val_balanced_accuracy"": 0.5627741813659668, ""test_cross_entropy"": 0.6837518215179443, ""test_balanced_accuracy"": 0.5619407892227173}"
2026-04-16T00:27:15.017898,tpe,lcbench,189865,0,258,2.411181688308716,"{""OpenML_task_id"": ""189862"", ""batch_size"": 44, ""epoch"": 1, ""learning_rate"": 0.006619583201589918, ""max_dropout"": 0.6030259576931442, ""max_units"": 904, ""momentum"": 0.1466744173344561, ""num_layers"": 2, ""weight_decay"": 0.0973272496820372}","{""time"": 2.411181688308716, ""val_accuracy"": 56.823577880859375, ""val_cross_entropy"": 0.7195688486099243, ""val_balanced_accuracy"": 0.5622377395629883, ""test_cross_entropy"": 0.6834496855735779, ""test_balanced_accuracy"": 0.561427652835846}"
2026-04-16T00:27:15.053416,tpe,lcbench,189865,0,259,2.3428525924682617,"{""OpenML_task_id"": ""189862"", ""batch_size"": 45, ""epoch"": 1, ""learning_rate"": 0.007587914874258403, ""max_dropout"": 0.6109915717316511, ""max_units"": 915, ""momentum"": 0.1500908531440808, ""num_layers"": 2, ""weight_decay"": 0.09744316560465419}","{""time"": 2.3428525924682617, ""val_accuracy"": 57.039669036865234, ""val_cross_entropy"": 0.7227924466133118, ""val_balanced_accuracy"": 0.5632756948471069, ""test_cross_entropy"": 0.6839209794998169, ""test_balanced_accuracy"": 0.5622817277908325}"
2026-04-16T00:27:15.092691,tpe,lcbench,189865,0,260,2.3888702392578125,"{""OpenML_task_id"": ""189862"", ""batch_size"": 44, ""epoch"": 1, ""learning_rate"": 0.007239535677523603, ""max_dropout"": 0.6066783409148181, ""max_units"": 905, ""momentum"": 0.1422578249213315, ""num_layers"": 2, ""weight_decay"": 0.0975377508358727}","{""time"": 2.3888702392578125, ""val_accuracy"": 56.97062301635742, ""val_cross_entropy"": 0.7211081981658936, ""val_balanced_accuracy"": 0.5632166266441345, ""test_cross_entropy"": 0.6836715936660767, ""test_balanced_accuracy"": 0.562345027923584}"
2026-04-16T00:27:15.133837,tpe,lcbench,189865,0,261,2.4390711784362793,"{""OpenML_task_id"": ""189862"", ""batch_size"": 43, ""epoch"": 1, ""learning_rate"": 0.007614183936203502, ""max_dropout"": 0.5855255031287815, ""max_units"": 904, ""momentum"": 0.1373266546121839, ""num_layers"": 2, ""weight_decay"": 0.0983813063726973}","{""time"": 2.4390711784362793, ""val_accuracy"": 56.95063400268555, ""val_cross_entropy"": 0.723662793636322, ""val_balanced_accuracy"": 0.5629556179046631, ""test_cross_entropy"": 0.6841160655021667, ""test_balanced_accuracy"": 0.5621820092201233}"
2026-04-16T00:27:15.169780,tpe,lcbench,189865,0,262,2.426520824432373,"{""OpenML_task_id"": ""189862"", ""batch_size"": 42, ""epoch"": 1, ""learning_rate"": 0.006071755531224105, ""max_dropout"": 0.6006235879803796, ""max_units"": 904, ""momentum"": 0.14467538405873429, ""num_layers"": 2, ""weight_decay"": 0.09780811287045589}","{""time"": 2.426520824432373, ""val_accuracy"": 56.72536087036133, ""val_cross_entropy"": 0.718150794506073, ""val_balanced_accuracy"": 0.5623010396957397, ""test_cross_entropy"": 0.6834291815757751, ""test_balanced_accuracy"": 0.561633288860321}"
2026-04-16T00:27:15.206955,tpe,lcbench,189865,0,263,2.3888702392578125,"{""OpenML_task_id"": ""189862"", ""batch_size"": 45, ""epoch"": 1, ""learning_rate"": 0.006555566993390509, ""max_dropout"": 0.6050743781413608, ""max_units"": 906, ""momentum"": 0.14031893141789586, ""num_layers"": 2, ""weight_decay"": 0.0974865852734953}","{""time"": 2.3888702392578125, ""val_accuracy"": 56.90025329589844, ""val_cross_entropy"": 0.7177746891975403, ""val_balanced_accuracy"": 0.5624447464942932, ""test_cross_entropy"": 0.6832208633422852, ""test_balanced_accuracy"": 0.5616171956062317}"
2026-04-16T00:27:15.250190,tpe,lcbench,189865,0,264,2.3902647495269775,"{""OpenML_task_id"": ""189862"", ""batch_size"": 44, ""epoch"": 1, ""learning_rate"": 0.006517676303604746, ""max_dropout"": 0.6072669472855253, ""max_units"": 907, ""momentum"": 0.141562279155312, ""num_layers"": 2, ""weight_decay"": 0.09716985460883155}","{""time"": 2.3902647495269775, ""val_accuracy"": 56.88473892211914, ""val_cross_entropy"": 0.7184251546859741, ""val_balanced_accuracy"": 0.5628193020820618, ""test_cross_entropy"": 0.6832290887832642, ""test_balanced_accuracy"": 0.5620008111000061}"
2026-04-16T00:27:15.284693,tpe,lcbench,189865,0,265,20.388694763183594,"{""OpenML_task_id"": ""189862"", ""batch_size"": 45, ""epoch"": 14, ""learning_rate"": 0.006360350016069255, ""max_dropout"": 0.6143574592461006, ""max_units"": 909, ""momentum"": 0.13708791251620117, ""num_layers"": 2, ""weight_decay"": 0.0974865117119896}","{""time"": 20.388694763183594, ""val_accuracy"": 90.45964050292969, ""val_cross_entropy"": 0.32814568281173706, ""val_balanced_accuracy"": 0.8971878886222839, ""test_cross_entropy"": 0.5129108428955078, ""test_balanced_accuracy"": 0.8875136375427246}"
2026-04-16T00:27:15.317742,tpe,lcbench,189865,0,266,2.374925374984741,"{""OpenML_task_id"": ""189862"", ""batch_size"": 42, ""epoch"": 1, ""learning_rate"": 0.007240764340256587, ""max_dropout"": 0.6029241906668759, ""max_units"": 910, ""momentum"": 0.14414998348962435, ""num_layers"": 2, ""weight_decay"": 0.0999112197187866}","{""time"": 2.374925374984741, ""val_accuracy"": 56.94390106201172, ""val_cross_entropy"": 0.7226197719573975, ""val_balanced_accuracy"": 0.5638841390609741, ""test_cross_entropy"": 0.6842622756958008, ""test_balanced_accuracy"": 0.5630759000778198}"
2026-04-16T00:27:15.351344,tpe,lcbench,189865,0,267,2.3791089057922363,"{""OpenML_task_id"": ""189862"", ""batch_size"": 48, ""epoch"": 1, ""learning_rate"": 0.007181995737059313, ""max_dropout"": 0.60305992279063, ""max_units"": 904, ""momentum"": 0.14447820655013743, ""num_layers"": 2, ""weight_decay"": 0.09806200752910463}","{""time"": 2.3791089057922363, ""val_accuracy"": 56.95650100708008, ""val_cross_entropy"": 0.7192122936248779, ""val_balanced_accuracy"": 0.5616225600242615, ""test_cross_entropy"": 0.683440089225769, ""test_balanced_accuracy"": 0.5606571435928345}"
2026-04-16T00:27:15.386658,tpe,lcbench,189865,0,268,2.3372747898101807,"{""OpenML_task_id"": ""189862"", ""batch_size"": 53, ""epoch"": 1, ""learning_rate"": 0.007921964354518191, ""max_dropout"": 0.6049941394452357, ""max_units"": 904, ""momentum"": 0.13789349173376908, ""num_layers"": 2, ""weight_decay"": 0.09806270923949685}","{""time"": 2.3372747898101807, ""val_accuracy"": 57.1507453918457, ""val_cross_entropy"": 0.718022346496582, ""val_balanced_accuracy"": 0.5612027645111084, ""test_cross_entropy"": 0.683214545249939, ""test_balanced_accuracy"": 0.5600650310516357}"
2026-04-16T00:27:15.434616,tpe,lcbench,189865,0,269,2.3428525924682617,"{""OpenML_task_id"": ""189862"", ""batch_size"": 51, ""epoch"": 1, ""learning_rate"": 0.008076908177055761, ""max_dropout"": 0.6009893336904465, ""max_units"": 904, ""momentum"": 0.1425000050121133, ""num_layers"": 2, ""weight_decay"": 0.09992357972819713}","{""time"": 2.3428525924682617, ""val_accuracy"": 57.09888458251953, ""val_cross_entropy"": 0.7202706933021545, ""val_balanced_accuracy"": 0.561369776725769, ""test_cross_entropy"": 0.683857798576355, ""test_balanced_accuracy"": 0.560296893119812}"
2026-04-16T00:27:15.469614,tpe,lcbench,189865,0,270,2.3986315727233887,"{""OpenML_task_id"": ""189862"", ""batch_size"": 52, ""epoch"": 1, ""learning_rate"": 0.004827785416644446, ""max_dropout"": 0.603841096032986, ""max_units"": 904, ""momentum"": 0.14073686813471775, ""num_layers"": 2, ""weight_decay"": 0.09667720999644461}","{""time"": 2.3986315727233887, ""val_accuracy"": 56.74180603027344, ""val_cross_entropy"": 0.7045239210128784, ""val_balanced_accuracy"": 0.55705326795578, ""test_cross_entropy"": 0.6826446056365967, ""test_balanced_accuracy"": 0.5566092729568481}"
2026-04-16T00:27:15.519424,tpe,lcbench,189865,0,271,2.281496047973633,"{""OpenML_task_id"": ""189862"", ""batch_size"": 52, ""epoch"": 1, ""learning_rate"": 0.004865596619272727, ""max_dropout"": 0.6053305176058121, ""max_units"": 930, ""momentum"": 0.13931287512048848, ""num_layers"": 2, ""weight_decay"": 0.09999342627190766}","{""time"": 2.281496047973633, ""val_accuracy"": 56.90861129760742, ""val_cross_entropy"": 0.7037789225578308, ""val_balanced_accuracy"": 0.5587558150291443, ""test_cross_entropy"": 0.6827859878540039, ""test_balanced_accuracy"": 0.5581859350204468}"
2026-04-16T00:27:15.562395,tpe,lcbench,189865,0,272,5.695159912109375,"{""OpenML_task_id"": ""189862"", ""batch_size"": 53, ""epoch"": 3, ""learning_rate"": 0.004846158299143114, ""max_dropout"": 0.6192185954818439, ""max_units"": 923, ""momentum"": 0.12699220911423925, ""num_layers"": 2, ""weight_decay"": 0.09962062212619244}","{""time"": 5.695159912109375, ""val_accuracy"": 86.54303741455078, ""val_cross_entropy"": 0.45543113350868225, ""val_balanced_accuracy"": 0.8644627928733826, ""test_cross_entropy"": 0.5809013843536377, ""test_balanced_accuracy"": 0.8575636744499207}"
2026-04-16T00:27:15.603235,tpe,lcbench,189865,0,273,2.3289079666137695,"{""OpenML_task_id"": ""189862"", ""batch_size"": 54, ""epoch"": 1, ""learning_rate"": 0.003882592136082691, ""max_dropout"": 0.6085560420462277, ""max_units"": 930, ""momentum"": 0.14797261922208996, ""num_layers"": 2, ""weight_decay"": 0.09688296979184075}","{""time"": 2.3289079666137695, ""val_accuracy"": 56.76984405517578, ""val_cross_entropy"": 0.6964809894561768, ""val_balanced_accuracy"": 0.555311381816864, ""test_cross_entropy"": 0.683089017868042, ""test_balanced_accuracy"": 0.5551948547363281}"
2026-04-16T00:27:15.640042,tpe,lcbench,189865,0,274,31.923755645751953,"{""OpenML_task_id"": ""189862"", ""batch_size"": 54, ""epoch"": 29, ""learning_rate"": 0.0034559230126519906, ""max_dropout"": 0.6146648483700322, ""max_units"": 924, ""momentum"": 0.12625560951575607, ""num_layers"": 2, ""weight_decay"": 0.09995261740149311}","{""time"": 31.923755645751953, ""val_accuracy"": 90.31448364257812, ""val_cross_entropy"": 0.338725745677948, ""val_balanced_accuracy"": 0.8969380855560303, ""test_cross_entropy"": 0.5184423327445984, ""test_balanced_accuracy"": 0.8869349360466003}"
2026-04-16T00:27:15.676393,tpe,lcbench,189865,0,275,40.37006378173828,"{""OpenML_task_id"": ""189862"", ""batch_size"": 51, ""epoch"": 35, ""learning_rate"": 0.005044566303840399, ""max_dropout"": 0.6087074755004646, ""max_units"": 934, ""momentum"": 0.15167681572751684, ""num_layers"": 2, ""weight_decay"": 0.09626927787303527}","{""time"": 40.37006378173828, ""val_accuracy"": 90.90137481689453, ""val_cross_entropy"": 0.33059340715408325, ""val_balanced_accuracy"": 0.9036418795585632, ""test_cross_entropy"": 0.507688581943512, ""test_balanced_accuracy"": 0.893954336643219}"
2026-04-16T00:27:15.713887,tpe,lcbench,189865,0,276,2.178305149078369,"{""OpenML_task_id"": ""189862"", ""batch_size"": 58, ""epoch"": 1, ""learning_rate"": 0.008005542436012598, ""max_dropout"": 0.6224000664770061, ""max_units"": 933, ""momentum"": 0.1363254201372869, ""num_layers"": 2, ""weight_decay"": 0.09790070179179666}","{""time"": 2.178305149078369, ""val_accuracy"": 57.47026062011719, ""val_cross_entropy"": 0.7134331464767456, ""val_balanced_accuracy"": 0.5623621940612793, ""test_cross_entropy"": 0.6825113296508789, ""test_balanced_accuracy"": 0.5609298944473267}"
2026-04-16T00:27:15.751560,tpe,lcbench,189865,0,277,6.001943588256836,"{""OpenML_task_id"": ""189862"", ""batch_size"": 55, ""epoch"": 3, ""learning_rate"": 0.008727183529578623, ""max_dropout"": 0.6243180849087837, ""max_units"": 936, ""momentum"": 0.12646373507328232, ""num_layers"": 2, ""weight_decay"": 0.09876248862147502}","{""time"": 6.001943588256836, ""val_accuracy"": 88.4464340209961, ""val_cross_entropy"": 0.4028935730457306, ""val_balanced_accuracy"": 0.8783859610557556, ""test_cross_entropy"": 0.554661750793457, ""test_balanced_accuracy"": 0.8707876205444336}"
2026-04-16T00:27:15.784885,tpe,lcbench,189865,0,278,2.231295108795166,"{""OpenML_task_id"": ""189862"", ""batch_size"": 57, ""epoch"": 1, ""learning_rate"": 0.008542716658029066, ""max_dropout"": 0.6204133542019126, ""max_units"": 924, ""momentum"": 0.14116674196394338, ""num_layers"": 2, ""weight_decay"": 0.09577528119292203}","{""time"": 2.231295108795166, ""val_accuracy"": 57.40475082397461, ""val_cross_entropy"": 0.7170851826667786, ""val_balanced_accuracy"": 0.5620093941688538, ""test_cross_entropy"": 0.6826349496841431, ""test_balanced_accuracy"": 0.560559868812561}"
2026-04-16T00:27:15.836964,tpe,lcbench,189865,0,279,5.393954277038574,"{""OpenML_task_id"": ""189862"", ""batch_size"": 59, ""epoch"": 3, ""learning_rate"": 0.0045359277440386175, ""max_dropout"": 0.6273588720797942, ""max_units"": 939, ""momentum"": 0.1342387561149179, ""num_layers"": 2, ""weight_decay"": 0.09623697708370689}","{""time"": 5.393954277038574, ""val_accuracy"": 85.9668960571289, ""val_cross_entropy"": 0.47138547897338867, ""val_balanced_accuracy"": 0.8581396341323853, ""test_cross_entropy"": 0.5897241234779358, ""test_balanced_accuracy"": 0.8513543605804443}"
2026-04-16T00:27:15.877669,tpe,lcbench,189865,0,280,2.3191466331481934,"{""OpenML_task_id"": ""189862"", ""batch_size"": 54, ""epoch"": 1, ""learning_rate"": 0.0039258910075371835, ""max_dropout"": 0.6196904844982299, ""max_units"": 926, ""momentum"": 0.12138177923947296, ""num_layers"": 2, ""weight_decay"": 0.09488326201417067}","{""time"": 2.3191466331481934, ""val_accuracy"": 56.85913848876953, ""val_cross_entropy"": 0.6958130598068237, ""val_balanced_accuracy"": 0.5557012557983398, ""test_cross_entropy"": 0.6826198101043701, ""test_balanced_accuracy"": 0.5555221438407898}"
2026-04-16T00:27:15.920227,tpe,lcbench,189865,0,281,2.285679340362549,"{""OpenML_task_id"": ""189862"", ""batch_size"": 60, ""epoch"": 1, ""learning_rate"": 0.0031725952581974897, ""max_dropout"": 0.6252950124591963, ""max_units"": 928, ""momentum"": 0.11792931037933264, ""num_layers"": 2, ""weight_decay"": 0.0952755841909364}","{""time"": 2.285679340362549, ""val_accuracy"": 57.19731140136719, ""val_cross_entropy"": 0.6891871690750122, ""val_balanced_accuracy"": 0.5536129474639893, ""test_cross_entropy"": 0.6818288564682007, ""test_balanced_accuracy"": 0.553750216960907}"
2026-04-16T00:27:15.955359,tpe,lcbench,189865,0,282,5.123426914215088,"{""OpenML_task_id"": ""189862"", ""batch_size"": 61, ""epoch"": 3, ""learning_rate"": 0.002420055484535335, ""max_dropout"": 0.6235445810484862, ""max_units"": 928, ""momentum"": 0.12278528082480236, ""num_layers"": 2, ""weight_decay"": 0.095117901192029}","{""time"": 5.123426914215088, ""val_accuracy"": 81.43592834472656, ""val_cross_entropy"": 0.5190995335578918, ""val_balanced_accuracy"": 0.8228867053985596, ""test_cross_entropy"": 0.6130791902542114, ""test_balanced_accuracy"": 0.816118597984314}"
2026-04-16T00:27:15.995675,tpe,lcbench,189865,0,283,2.220139265060425,"{""OpenML_task_id"": ""189862"", ""batch_size"": 58, ""epoch"": 1, ""learning_rate"": 0.004085916775839409, ""max_dropout"": 0.6187929030540061, ""max_units"": 951, ""momentum"": 0.1113352084423456, ""num_layers"": 2, ""weight_decay"": 0.09504024559115168}","{""time"": 2.220139265060425, ""val_accuracy"": 57.26466369628906, ""val_cross_entropy"": 0.693385899066925, ""val_balanced_accuracy"": 0.5574848055839539, ""test_cross_entropy"": 0.6820709705352783, ""test_balanced_accuracy"": 0.5572094321250916}"
2026-04-16T00:27:16.026922,tpe,lcbench,189865,0,284,5.2196455001831055,"{""OpenML_task_id"": ""189862"", ""batch_size"": 61, ""epoch"": 3, ""learning_rate"": 0.003695863918875996, ""max_dropout"": 0.6248288583254256, ""max_units"": 950, ""momentum"": 0.10783100787392318, ""num_layers"": 2, ""weight_decay"": 0.09480885666042502}","{""time"": 5.2196455001831055, ""val_accuracy"": 84.55665588378906, ""val_cross_entropy"": 0.49268022179603577, ""val_balanced_accuracy"": 0.8474951982498169, ""test_cross_entropy"": 0.599321722984314, ""test_balanced_accuracy"": 0.840863049030304}"
2026-04-16T00:27:16.072300,tpe,lcbench,189865,0,285,2.1504156589508057,"{""OpenML_task_id"": ""189862"", ""batch_size"": 54, ""epoch"": 1, ""learning_rate"": 0.005306448622331159, ""max_dropout"": 0.6377466156320175, ""max_units"": 950, ""momentum"": 0.11798846639560841, ""num_layers"": 2, ""weight_decay"": 0.09469726962526259}","{""time"": 2.1504156589508057, ""val_accuracy"": 57.3780403137207, ""val_cross_entropy"": 0.7014719843864441, ""val_balanced_accuracy"": 0.5622860193252563, ""test_cross_entropy"": 0.6815552115440369, ""test_balanced_accuracy"": 0.5613890886306763}"
2026-04-16T00:27:16.113602,tpe,lcbench,189865,0,286,6.169280052185059,"{""OpenML_task_id"": ""189862"", ""batch_size"": 60, ""epoch"": 4, ""learning_rate"": 0.00023543646617913382, ""max_dropout"": 0.634057287484074, ""max_units"": 950, ""momentum"": 0.1123766375910967, ""num_layers"": 2, ""weight_decay"": 0.09460153264100038}","{""time"": 6.169280052185059, ""val_accuracy"": 61.85730743408203, ""val_cross_entropy"": 0.620521605014801, ""val_balanced_accuracy"": 0.6407548189163208, ""test_cross_entropy"": 0.6686428785324097, ""test_balanced_accuracy"": 0.6333948969841003}"
2026-04-16T00:27:16.147864,tpe,lcbench,189865,0,287,5.7774338722229,"{""OpenML_task_id"": ""189862"", ""batch_size"": 53, ""epoch"": 3, ""learning_rate"": 0.006053333323655364, ""max_dropout"": 0.6395461946868096, ""max_units"": 931, ""momentum"": 0.12007651281051498, ""num_layers"": 2, ""weight_decay"": 0.09807872090784761}","{""time"": 5.7774338722229, ""val_accuracy"": 87.427001953125, ""val_cross_entropy"": 0.43186232447624207, ""val_balanced_accuracy"": 0.8711099028587341, ""test_cross_entropy"": 0.568882167339325, ""test_balanced_accuracy"": 0.863913893699646}"
2026-04-16T00:27:16.185036,tpe,lcbench,189865,0,288,2.2466342449188232,"{""OpenML_task_id"": ""189862"", ""batch_size"": 64, ""epoch"": 1, ""learning_rate"": 0.0033197885522647085, ""max_dropout"": 0.6164974470320913, ""max_units"": 946, ""momentum"": 0.11743573064460132, ""num_layers"": 2, ""weight_decay"": 0.095412136050404}","{""time"": 2.2466342449188232, ""val_accuracy"": 57.49723434448242, ""val_cross_entropy"": 0.6883383989334106, ""val_balanced_accuracy"": 0.5544012188911438, ""test_cross_entropy"": 0.681519627571106, ""test_balanced_accuracy"": 0.5544710159301758}"
2026-04-16T00:27:16.223461,tpe,lcbench,189865,0,289,2.3316969871520996,"{""OpenML_task_id"": ""189862"", ""batch_size"": 63, ""epoch"": 1, ""learning_rate"": 0.0029286469216118108, ""max_dropout"": 0.5607195865894775, ""max_units"": 957, ""momentum"": 0.10736746839425192, ""num_layers"": 2, ""weight_decay"": 0.09472596962142635}","{""time"": 2.3316969871520996, ""val_accuracy"": 57.26367950439453, ""val_cross_entropy"": 0.69093918800354, ""val_balanced_accuracy"": 0.5495593547821045, ""test_cross_entropy"": 0.6809678673744202, ""test_balanced_accuracy"": 0.5501686930656433}"
2026-04-16T00:27:16.266666,tpe,lcbench,189865,0,290,3.2241580486297607,"{""OpenML_task_id"": ""189862"", ""batch_size"": 61, ""epoch"": 2, ""learning_rate"": 0.00306867076488163, ""max_dropout"": 0.6212161226387379, ""max_units"": 953, ""momentum"": 0.11182028268722508, ""num_layers"": 2, ""weight_decay"": 0.09483203773415746}","{""time"": 3.2241580486297607, ""val_accuracy"": 74.4596176147461, ""val_cross_entropy"": 0.5724468231201172, ""val_balanced_accuracy"": 0.7601782083511353, ""test_cross_entropy"": 0.6362951397895813, ""test_balanced_accuracy"": 0.7551621794700623}"
2026-04-16T00:27:16.311308,tpe,lcbench,189865,0,291,5.392560005187988,"{""OpenML_task_id"": ""189862"", ""batch_size"": 62, ""epoch"": 3, ""learning_rate"": 0.0030476015664172673, ""max_dropout"": 0.5622579784034804, ""max_units"": 953, ""momentum"": 0.11735795257138709, ""num_layers"": 2, ""weight_decay"": 0.093918408918364}","{""time"": 5.392560005187988, ""val_accuracy"": 83.10548400878906, ""val_cross_entropy"": 0.5103711485862732, ""val_balanced_accuracy"": 0.8355169296264648, ""test_cross_entropy"": 0.6058254837989807, ""test_balanced_accuracy"": 0.8290829062461853}"
2026-04-16T00:27:16.347907,tpe,lcbench,189865,0,292,18.16033172607422,"{""OpenML_task_id"": ""189862"", ""batch_size"": 67, ""epoch"": 17, ""learning_rate"": 0.0013011879568794777, ""max_dropout"": 0.6450709847753627, ""max_units"": 933, ""momentum"": 0.10200289528154921, ""num_layers"": 2, ""weight_decay"": 0.09562503788503955}","{""time"": 18.16033172607422, ""val_accuracy"": 87.46636962890625, ""val_cross_entropy"": 0.4182601273059845, ""val_balanced_accuracy"": 0.8757879137992859, ""test_cross_entropy"": 0.5621895790100098, ""test_balanced_accuracy"": 0.8668155670166016}"
2026-04-16T00:27:16.375595,tpe,lcbench,189865,0,293,7.714353084564209,"{""OpenML_task_id"": ""189862"", ""batch_size"": 56, ""epoch"": 1, ""learning_rate"": 0.00931330775020557, ""max_dropout"": 0.5644021254227773, ""max_units"": 958, ""momentum"": 0.12364293387593163, ""num_layers"": 5, ""weight_decay"": 0.09334376459384698}","{""time"": 7.714353084564209, ""val_accuracy"": 55.72599792480469, ""val_cross_entropy"": 0.5652074813842773, ""val_balanced_accuracy"": 0.5544382333755493, ""test_cross_entropy"": 0.6764281988143921, ""test_balanced_accuracy"": 0.5484681725502014}"
2026-04-16T00:27:16.411454,tpe,lcbench,189865,0,294,3.3217709064483643,"{""OpenML_task_id"": ""189862"", ""batch_size"": 54, ""epoch"": 2, ""learning_rate"": 0.005088742684412078, ""max_dropout"": 0.6297920313809652, ""max_units"": 933, ""momentum"": 0.10085276594083985, ""num_layers"": 2, ""weight_decay"": 0.09981699805144058}","{""time"": 3.3217709064483643, ""val_accuracy"": 80.6574478149414, ""val_cross_entropy"": 0.5371429920196533, ""val_balanced_accuracy"": 0.812752366065979, ""test_cross_entropy"": 0.6181055307388306, ""test_balanced_accuracy"": 0.8075264692306519}"
2026-04-16T00:27:16.451958,tpe,lcbench,189865,0,295,7.76037073135376,"{""OpenML_task_id"": ""168908"", ""batch_size"": 68, ""epoch"": 4, ""learning_rate"": 0.003618259806073822, ""max_dropout"": 0.6158492920989151, ""max_units"": 884, ""momentum"": 0.13020108294678573, ""num_layers"": 2, ""weight_decay"": 0.09526376612878079}","{""time"": 7.76037073135376, ""val_accuracy"": 85.76905059814453, ""val_cross_entropy"": 0.4717523157596588, ""val_balanced_accuracy"": 0.8598140478134155, ""test_cross_entropy"": 0.5893742442131042, ""test_balanced_accuracy"": 0.8521195650100708}"
2026-04-16T00:27:16.486471,tpe,lcbench,189865,0,296,2.165754795074463,"{""OpenML_task_id"": ""189905"", ""batch_size"": 257, ""epoch"": 1, ""learning_rate"": 0.009777039306627634, ""max_dropout"": 0.5822139821079334, ""max_units"": 960, ""momentum"": 0.1601414550173067, ""num_layers"": 2, ""weight_decay"": 0.09589031992524312}","{""time"": 2.165754795074463, ""val_accuracy"": 57.465877532958984, ""val_cross_entropy"": 0.6837584376335144, ""val_balanced_accuracy"": 0.5542436838150024, ""test_cross_entropy"": 0.6764270067214966, ""test_balanced_accuracy"": 0.5532730221748352}"
2026-04-16T00:27:16.520030,tpe,lcbench,189865,0,297,6.24458122253418,"{""OpenML_task_id"": ""189905"", ""batch_size"": 53, ""epoch"": 3, ""learning_rate"": 0.008867944666389646, ""max_dropout"": 0.582937683948397, ""max_units"": 964, ""momentum"": 0.1634529798376107, ""num_layers"": 2, ""weight_decay"": 0.09269689954872931}","{""time"": 6.24458122253418, ""val_accuracy"": 88.65484619140625, ""val_cross_entropy"": 0.3945896029472351, ""val_balanced_accuracy"": 0.8801888227462769, ""test_cross_entropy"": 0.548105001449585, ""test_balanced_accuracy"": 0.8725416660308838}"
2026-04-16T00:27:16.569227,tpe,lcbench,189865,0,298,3.433328628540039,"{""OpenML_task_id"": ""126026"", ""batch_size"": 65, ""epoch"": 2, ""learning_rate"": 0.010361860239106825, ""max_dropout"": 0.5618854674320686, ""max_units"": 943, ""momentum"": 0.12507201541967902, ""num_layers"": 2, ""weight_decay"": 0.09546577826015423}","{""time"": 3.433328628540039, ""val_accuracy"": 84.69385528564453, ""val_cross_entropy"": 0.49005162715911865, ""val_balanced_accuracy"": 0.8419912457466125, ""test_cross_entropy"": 0.5958229303359985, ""test_balanced_accuracy"": 0.8367640972137451}"
2026-04-16T00:27:16.607288,tpe,lcbench,189865,0,299,1.9621621370315552,"{""OpenML_task_id"": ""189905"", ""batch_size"": 269, ""epoch"": 1, ""learning_rate"": 0.004513469009976642, ""max_dropout"": 0.6468646419530832, ""max_units"": 924, ""momentum"": 0.1605596609113465, ""num_layers"": 2, ""weight_decay"": 0.09854070759527131}","{""time"": 1.9621621370315552, ""val_accuracy"": 57.412086486816406, ""val_cross_entropy"": 0.6506792902946472, ""val_balanced_accuracy"": 0.5514935255050659, ""test_cross_entropy"": 0.6776255369186401, ""test_balanced_accuracy"": 0.5499452352523804}"
2026-04-16T00:27:16.651654,tpe,lcbench,189865,0,300,49.62516403198242,"{""OpenML_task_id"": ""7593"", ""batch_size"": 268, ""epoch"": 48, ""learning_rate"": 0.003100952123827317, ""max_dropout"": 0.6510570869339353, ""max_units"": 963, ""momentum"": 0.15999354750350814, ""num_layers"": 2, ""weight_decay"": 0.09350289134877564}","{""time"": 49.62516403198242, ""val_accuracy"": 87.78424835205078, ""val_cross_entropy"": 0.4089100956916809, ""val_balanced_accuracy"": 0.8740857243537903, ""test_cross_entropy"": 0.5465020537376404, ""test_balanced_accuracy"": 0.8645353317260742}"
2026-04-16T00:27:16.694899,tpe,lcbench,189865,0,301,3.816807985305786,"{""OpenML_task_id"": ""189905"", ""batch_size"": 264, ""epoch"": 2, ""learning_rate"": 0.0015125346227710932, ""max_dropout"": 0.6380511517043881, ""max_units"": 925, ""momentum"": 0.11917833896612809, ""num_layers"": 2, ""weight_decay"": 0.09871455884296274}","{""time"": 3.816807985305786, ""val_accuracy"": 57.73196029663086, ""val_cross_entropy"": 0.6618101000785828, ""val_balanced_accuracy"": 0.5604379773139954, ""test_cross_entropy"": 0.6755410432815552, ""test_balanced_accuracy"": 0.5576708912849426}"
2026-04-16T00:27:16.735277,tpe,lcbench,189865,0,302,1.9231170415878296,"{""OpenML_task_id"": ""189905"", ""batch_size"": 273, ""epoch"": 1, ""learning_rate"": 0.004108352616881281, ""max_dropout"": 0.5868559752339824, ""max_units"": 946, ""momentum"": 0.13298845814992472, ""num_layers"": 2, ""weight_decay"": 0.09999293023555056}","{""time"": 1.9231170415878296, ""val_accuracy"": 57.525753021240234, ""val_cross_entropy"": 0.6505457162857056, ""val_balanced_accuracy"": 0.5507986545562744, ""test_cross_entropy"": 0.6763026714324951, ""test_balanced_accuracy"": 0.5498896241188049}"
2026-04-16T00:27:16.774809,tpe,lcbench,189865,0,303,5.246140480041504,"{""OpenML_task_id"": ""189905"", ""batch_size"": 283, ""epoch"": 3, ""learning_rate"": 0.0050617763026440075, ""max_dropout"": 0.5870132185619623, ""max_units"": 951, ""momentum"": 0.10255911476547068, ""num_layers"": 2, ""weight_decay"": 0.09994157968140498}","{""time"": 5.246140480041504, ""val_accuracy"": 71.63990020751953, ""val_cross_entropy"": 0.6388322114944458, ""val_balanced_accuracy"": 0.7269904613494873, ""test_cross_entropy"": 0.6431683301925659, ""test_balanced_accuracy"": 0.726844847202301}"
2026-04-16T00:27:16.817395,tpe,lcbench,189865,0,304,8.92475414276123,"{""OpenML_task_id"": ""189905"", ""batch_size"": 255, ""epoch"": 5, ""learning_rate"": 0.0047322625467311995, ""max_dropout"": 0.6274042113990012, ""max_units"": 964, ""momentum"": 0.13003587488518223, ""num_layers"": 2, ""weight_decay"": 0.0955893090706385}","{""time"": 8.92475414276123, ""val_accuracy"": 80.22508239746094, ""val_cross_entropy"": 0.5612327456474304, ""val_balanced_accuracy"": 0.8090527653694153, ""test_cross_entropy"": 0.616446316242218, ""test_balanced_accuracy"": 0.8057218194007874}"
2026-04-16T00:27:16.856499,tpe,lcbench,189865,0,305,2.5631790161132812,"{""OpenML_task_id"": ""167201"", ""batch_size"": 329, ""epoch"": 1, ""learning_rate"": 0.0005892960154214501, ""max_dropout"": 0.644748453427544, ""max_units"": 943, ""momentum"": 0.9493064065577631, ""num_layers"": 2, ""weight_decay"": 0.09330908817838046}","{""time"": 2.5631790161132812, ""val_accuracy"": 54.38985824584961, ""val_cross_entropy"": 0.6872316598892212, ""val_balanced_accuracy"": 0.502750039100647, ""test_cross_entropy"": 0.6952435374259949, ""test_balanced_accuracy"": 0.5038809180259705}"
2026-04-16T00:27:16.900881,tpe,lcbench,189865,0,306,19.15180206298828,"{""OpenML_task_id"": ""168329"", ""batch_size"": 242, ""epoch"": 12, ""learning_rate"": 0.0032238524057287554, ""max_dropout"": 0.56442433458945, ""max_units"": 927, ""momentum"": 0.1647267678626427, ""num_layers"": 2, ""weight_decay"": 0.09561050879422366}","{""time"": 19.15180206298828, ""val_accuracy"": 85.03052520751953, ""val_cross_entropy"": 0.48855650424957275, ""val_balanced_accuracy"": 0.8425037264823914, ""test_cross_entropy"": 0.5884436368942261, ""test_balanced_accuracy"": 0.8372318148612976}"
2026-04-16T00:27:16.938540,tpe,lcbench,189865,0,307,3.9088430404663086,"{""OpenML_task_id"": ""189905"", ""batch_size"": 278, ""epoch"": 2, ""learning_rate"": 0.005043810559221228, ""max_dropout"": 0.6213001421555149, ""max_units"": 970, ""momentum"": 0.12722108483216, ""num_layers"": 2, ""weight_decay"": 0.09833827199586646}","{""time"": 3.9088430404663086, ""val_accuracy"": 63.58927536010742, ""val_cross_entropy"": 0.6794301867485046, ""val_balanced_accuracy"": 0.6370307803153992, ""test_cross_entropy"": 0.6591261625289917, ""test_balanced_accuracy"": 0.6358605623245239}"
2026-04-16T00:27:16.985384,tpe,lcbench,189865,0,308,5.156894207000732,"{""OpenML_task_id"": ""167184"", ""batch_size"": 272, ""epoch"": 2, ""learning_rate"": 0.009157033341683097, ""max_dropout"": 0.5856095459182503, ""max_units"": 942, ""momentum"": 0.6230865083208545, ""num_layers"": 2, ""weight_decay"": 0.09616109795961356}","{""time"": 5.156894207000732, ""val_accuracy"": 75.54092407226562, ""val_cross_entropy"": 0.616569459438324, ""val_balanced_accuracy"": 0.7578994631767273, ""test_cross_entropy"": 0.638878345489502, ""test_balanced_accuracy"": 0.758418619632721}"
2026-04-16T00:27:17.030442,tpe,lcbench,189865,0,309,1.5535823106765747,"{""OpenML_task_id"": ""168331"", ""batch_size"": 295, ""epoch"": 1, ""learning_rate"": 0.0018085439922816528, ""max_dropout"": 0.6573802773595466, ""max_units"": 926, ""momentum"": 0.16299700054529692, ""num_layers"": 2, ""weight_decay"": 0.09383517892047752}","{""time"": 1.5535823106765747, ""val_accuracy"": 56.58649826049805, ""val_cross_entropy"": 0.6294965744018555, ""val_balanced_accuracy"": 0.5410825610160828, ""test_cross_entropy"": 0.676718533039093, ""test_balanced_accuracy"": 0.5406740307807922}"
2026-04-16T00:27:17.068505,tpe,lcbench,189865,0,310,5.594758033752441,"{""OpenML_task_id"": ""189909"", ""batch_size"": 372, ""epoch"": 4, ""learning_rate"": 0.0021846457407020932, ""max_dropout"": 0.6582473554327397, ""max_units"": 953, ""momentum"": 0.16180217365762903, ""num_layers"": 2, ""weight_decay"": 0.09200115644712416}","{""time"": 5.594758033752441, ""val_accuracy"": 67.1717300415039, ""val_cross_entropy"": 0.665143609046936, ""val_balanced_accuracy"": 0.6841124892234802, ""test_cross_entropy"": 0.656645655632019, ""test_balanced_accuracy"": 0.6797189116477966}"
2026-04-16T00:27:17.112428,tpe,lcbench,189865,0,311,4.770626068115234,"{""OpenML_task_id"": ""34539"", ""batch_size"": 304, ""epoch"": 3, ""learning_rate"": 0.0016951749344528556, ""max_dropout"": 0.6546563697292289, ""max_units"": 928, ""momentum"": 0.10127055258124697, ""num_layers"": 2, ""weight_decay"": 0.09364958195150677}","{""time"": 4.770626068115234, ""val_accuracy"": 61.920814514160156, ""val_cross_entropy"": 0.6668329834938049, ""val_balanced_accuracy"": 0.6209437251091003, ""test_cross_entropy"": 0.6676337122917175, ""test_balanced_accuracy"": 0.6173278093338013}"
2026-04-16T00:27:17.151242,tpe,lcbench,189865,0,312,1.9259059429168701,"{""OpenML_task_id"": ""168331"", ""batch_size"": 244, ""epoch"": 1, ""learning_rate"": 0.003534510431894313, ""max_dropout"": 0.6375668283402166, ""max_units"": 974, ""momentum"": 0.16432300522760065, ""num_layers"": 2, ""weight_decay"": 0.09436021139737168}","{""time"": 1.9259059429168701, ""val_accuracy"": 57.93658447265625, ""val_cross_entropy"": 0.6446483731269836, ""val_balanced_accuracy"": 0.5531464219093323, ""test_cross_entropy"": 0.6779752373695374, ""test_balanced_accuracy"": 0.551184356212616}"
2026-04-16T00:27:17.202209,tpe,lcbench,189865,0,313,1.7780920267105103,"{""OpenML_task_id"": ""168331"", ""batch_size"": 284, ""epoch"": 1, ""learning_rate"": 0.003380042774607571, ""max_dropout"": 0.6387668422409323, ""max_units"": 972, ""momentum"": 0.1643963995618165, ""num_layers"": 2, ""weight_decay"": 0.09199765133957105}","{""time"": 1.7780920267105103, ""val_accuracy"": 57.34653091430664, ""val_cross_entropy"": 0.6435930132865906, ""val_balanced_accuracy"": 0.5495865941047668, ""test_cross_entropy"": 0.67673259973526, ""test_balanced_accuracy"": 0.5484472513198853}"
2026-04-16T00:27:17.244444,tpe,lcbench,189865,0,314,2.47951078414917,"{""OpenML_task_id"": ""189908"", ""batch_size"": 297, ""epoch"": 2, ""learning_rate"": 0.0005465856367921906, ""max_dropout"": 0.6656831786994567, ""max_units"": 974, ""momentum"": 0.16834363709502598, ""num_layers"": 2, ""weight_decay"": 0.09214560791902898}","{""time"": 2.47951078414917, ""val_accuracy"": 56.93770980834961, ""val_cross_entropy"": 0.6365026831626892, ""val_balanced_accuracy"": 0.5490857362747192, ""test_cross_entropy"": 0.676232099533081, ""test_balanced_accuracy"": 0.5481805801391602}"
2026-04-16T00:27:17.293479,tpe,lcbench,189865,0,315,32.54429626464844,"{""OpenML_task_id"": ""146212"", ""batch_size"": 285, ""epoch"": 31, ""learning_rate"": 0.003571300464160507, ""max_dropout"": 0.6395411246732055, ""max_units"": 968, ""momentum"": 0.1659705130421055, ""num_layers"": 2, ""weight_decay"": 0.09427917314262525}","{""time"": 32.54429626464844, ""val_accuracy"": 87.99446868896484, ""val_cross_entropy"": 0.41326501965522766, ""val_balanced_accuracy"": 0.8702430129051208, ""test_cross_entropy"": 0.5509142875671387, ""test_balanced_accuracy"": 0.8623417019844055}"
2026-04-16T00:27:17.335534,tpe,lcbench,189865,0,316,22.017436981201172,"{""OpenML_task_id"": ""126025"", ""batch_size"": 230, ""epoch"": 3, ""learning_rate"": 0.003373821819704938, ""max_dropout"": 0.6352494310945987, ""max_units"": 955, ""momentum"": 0.12094768325128032, ""num_layers"": 4, ""weight_decay"": 0.09152443376577936}","{""time"": 22.017436981201172, ""val_accuracy"": 53.56184005737305, ""val_cross_entropy"": 0.6467374563217163, ""val_balanced_accuracy"": 0.5312712788581848, ""test_cross_entropy"": 0.6802399754524231, ""test_balanced_accuracy"": 0.5324541330337524}"
2026-04-16T00:27:17.372931,tpe,lcbench,189865,0,317,0.882841944694519,"{""OpenML_task_id"": ""168331"", ""batch_size"": 279, ""epoch"": 1, ""learning_rate"": 0.00046457692935031065, ""max_dropout"": 0.6598071051493298, ""max_units"": 987, ""momentum"": 0.13063295148396725, ""num_layers"": 2, ""weight_decay"": 0.09465573909290909}","{""time"": 0.882841944694519, ""val_accuracy"": 54.14041519165039, ""val_cross_entropy"": 0.6226075887680054, ""val_balanced_accuracy"": 0.5382025837898254, ""test_cross_entropy"": 0.6776124238967896, ""test_balanced_accuracy"": 0.5379501581192017}"
2026-04-16T00:27:17.418858,tpe,lcbench,189865,0,318,3.1446733474731445,"{""OpenML_task_id"": ""168331"", ""batch_size"": 293, ""epoch"": 2, ""learning_rate"": 0.0012327836685447429, ""max_dropout"": 0.666232940295897, ""max_units"": 986, ""momentum"": 0.118102432288155, ""num_layers"": 2, ""weight_decay"": 0.0940087403714634}","{""time"": 3.1446733474731445, ""val_accuracy"": 57.70928192138672, ""val_cross_entropy"": 0.6607486009597778, ""val_balanced_accuracy"": 0.5597596168518066, ""test_cross_entropy"": 0.6759268045425415, ""test_balanced_accuracy"": 0.5571945905685425}"
2026-04-16T00:27:17.462583,tpe,lcbench,189865,0,319,0.6290483474731445,"{""OpenML_task_id"": ""168331"", ""batch_size"": 286, ""epoch"": 1, ""learning_rate"": 0.00022738448324830613, ""max_dropout"": 0.6708601015026732, ""max_units"": 973, ""momentum"": 0.16299972934333026, ""num_layers"": 2, ""weight_decay"": 0.09170965919327839}","{""time"": 0.6290483474731445, ""val_accuracy"": 52.580589294433594, ""val_cross_entropy"": 0.6318590044975281, ""val_balanced_accuracy"": 0.5295039415359497, ""test_cross_entropy"": 0.6804025173187256, ""test_balanced_accuracy"": 0.5290102958679199}"
2026-04-16T00:27:17.501393,tpe,lcbench,189865,0,320,4.013428211212158,"{""OpenML_task_id"": ""168331"", ""batch_size"": 312, ""epoch"": 3, ""learning_rate"": 0.0006591944496254472, ""max_dropout"": 0.6681180041848086, ""max_units"": 995, ""momentum"": 0.16476368695227264, ""num_layers"": 2, ""weight_decay"": 0.09159403087144936}","{""time"": 4.013428211212158, ""val_accuracy"": 57.7840690612793, ""val_cross_entropy"": 0.6485747694969177, ""val_balanced_accuracy"": 0.5615915060043335, ""test_cross_entropy"": 0.6789569854736328, ""test_balanced_accuracy"": 0.5594788789749146}"
2026-04-16T00:27:17.554030,tpe,lcbench,189865,0,321,3.9018707275390625,"{""OpenML_task_id"": ""168331"", ""batch_size"": 261, ""epoch"": 2, ""learning_rate"": 0.005060892319275944, ""max_dropout"": 0.6496581272996269, ""max_units"": 975, ""momentum"": 0.1617840472117244, ""num_layers"": 2, ""weight_decay"": 0.09256523321244181}","{""time"": 3.9018707275390625, ""val_accuracy"": 64.2982406616211, ""val_cross_entropy"": 0.6726039052009583, ""val_balanced_accuracy"": 0.6459736824035645, ""test_cross_entropy"": 0.657642126083374, ""test_balanced_accuracy"": 0.6451622843742371}"
2026-04-16T00:27:17.587461,tpe,lcbench,189865,0,322,6.192986011505127,"{""OpenML_task_id"": ""168331"", ""batch_size"": 246, ""epoch"": 4, ""learning_rate"": 0.0007082850055944306, ""max_dropout"": 0.6718655183012412, ""max_units"": 980, ""momentum"": 0.1740785993310884, ""num_layers"": 2, ""weight_decay"": 0.09067562573187217}","{""time"": 6.192986011505127, ""val_accuracy"": 61.3631706237793, ""val_cross_entropy"": 0.650991678237915, ""val_balanced_accuracy"": 0.6087698340415955, ""test_cross_entropy"": 0.6738097667694092, ""test_balanced_accuracy"": 0.6047459244728088}"
2026-04-16T00:27:17.620435,tpe,lcbench,189865,0,323,0.6666990518569946,"{""OpenML_task_id"": ""168331"", ""batch_size"": 275, ""epoch"": 1, ""learning_rate"": 0.0002587085296901682, ""max_dropout"": 0.6933678564968384, ""max_units"": 943, ""momentum"": 0.13434352985925116, ""num_layers"": 2, ""weight_decay"": 0.0957755157578724}","{""time"": 0.6666990518569946, ""val_accuracy"": 53.11643981933594, ""val_cross_entropy"": 0.6268525719642639, ""val_balanced_accuracy"": 0.532907247543335, ""test_cross_entropy"": 0.6792501211166382, ""test_balanced_accuracy"": 0.5323870778083801}"
2026-04-16T00:27:17.734855,tpe,lcbench,189865,0,324,1.4211076498031616,"{""OpenML_task_id"": ""168331"", ""batch_size"": 291, ""epoch"": 1, ""learning_rate"": 0.0004159852861873279, ""max_dropout"": 0.682608213226857, ""max_units"": 996, ""momentum"": 0.5613888205474007, ""num_layers"": 2, ""weight_decay"": 0.09568734755333813}","{""time"": 1.4211076498031616, ""val_accuracy"": 54.575557708740234, ""val_cross_entropy"": 0.6342460513114929, ""val_balanced_accuracy"": 0.5233749747276306, ""test_cross_entropy"": 0.6860983371734619, ""test_balanced_accuracy"": 0.5238513350486755}"
2026-04-16T00:27:17.777213,tpe,lcbench,189865,0,325,4.601894855499268,"{""OpenML_task_id"": ""168331"", ""batch_size"": 286, ""epoch"": 3, ""learning_rate"": 0.0002323063049678202, ""max_dropout"": 0.719266716999047, ""max_units"": 995, ""momentum"": 0.5144765145398232, ""num_layers"": 2, ""weight_decay"": 0.09278737652362601}","{""time"": 4.601894855499268, ""val_accuracy"": 56.34783172607422, ""val_cross_entropy"": 0.6467610597610474, ""val_balanced_accuracy"": 0.5409803986549377, ""test_cross_entropy"": 0.686353325843811, ""test_balanced_accuracy"": 0.5407389998435974}"
2026-04-16T00:27:17.817903,tpe,lcbench,189865,0,326,1.3234946727752686,"{""OpenML_task_id"": ""168331"", ""batch_size"": 294, ""epoch"": 1, ""learning_rate"": 0.001298413980077556, ""max_dropout"": 0.6988707004369534, ""max_units"": 970, ""momentum"": 0.17372579366420554, ""num_layers"": 2, ""weight_decay"": 0.09583123481072604}","{""time"": 1.3234946727752686, ""val_accuracy"": 56.66372299194336, ""val_cross_entropy"": 0.6273930668830872, ""val_balanced_accuracy"": 0.5431661009788513, ""test_cross_entropy"": 0.6769096851348877, ""test_balanced_accuracy"": 0.5429527163505554}"
2026-04-16T00:27:17.856782,tpe,lcbench,189865,0,327,3.9478883743286133,"{""OpenML_task_id"": ""168331"", ""batch_size"": 275, ""epoch"": 2, ""learning_rate"": 0.0005508620312865138, ""max_dropout"": 0.7480753183872852, ""max_units"": 996, ""momentum"": 0.5476355998536366, ""num_layers"": 2, ""weight_decay"": 0.09609186433782144}","{""time"": 3.9478883743286133, ""val_accuracy"": 56.8185920715332, ""val_cross_entropy"": 0.657660722732544, ""val_balanced_accuracy"": 0.5446817874908447, ""test_cross_entropy"": 0.6856628060340881, ""test_balanced_accuracy"": 0.543918788433075}"
2026-04-16T00:27:17.887882,tpe,lcbench,189865,0,328,6.939027786254883,"{""OpenML_task_id"": ""168331"", ""batch_size"": 297, ""epoch"": 5, ""learning_rate"": 0.002442930964651293, ""max_dropout"": 0.6988600277050027, ""max_units"": 971, ""momentum"": 0.17491940100674305, ""num_layers"": 2, ""weight_decay"": 0.09083738861910645}","{""time"": 6.939027786254883, ""val_accuracy"": 72.43061065673828, ""val_cross_entropy"": 0.631245493888855, ""val_balanced_accuracy"": 0.742988109588623, ""test_cross_entropy"": 0.6394751071929932, ""test_balanced_accuracy"": 0.7401211261749268}"
2026-04-16T00:27:17.935628,tpe,lcbench,189865,0,329,2.0026018619537354,"{""OpenML_task_id"": ""168331"", ""batch_size"": 289, ""epoch"": 2, ""learning_rate"": 0.00036331634998056355, ""max_dropout"": 0.6798418045319865, ""max_units"": 969, ""momentum"": 0.16082491173379473, ""num_layers"": 2, ""weight_decay"": 0.09343632130997781}","{""time"": 2.0026018619537354, ""val_accuracy"": 56.46122360229492, ""val_cross_entropy"": 0.6296250224113464, ""val_balanced_accuracy"": 0.547953724861145, ""test_cross_entropy"": 0.6751480102539062, ""test_balanced_accuracy"": 0.5470702648162842}"
2026-04-16T00:27:17.974729,tpe,lcbench,189865,0,330,3.7610292434692383,"{""OpenML_task_id"": ""168331"", ""batch_size"": 290, ""epoch"": 2, ""learning_rate"": 0.0003566742283743807, ""max_dropout"": 0.6831429276581903, ""max_units"": 975, ""momentum"": 0.6043662897911974, ""num_layers"": 2, ""weight_decay"": 0.09354243000688853}","{""time"": 3.7610292434692383, ""val_accuracy"": 55.84538269042969, ""val_cross_entropy"": 0.6507769227027893, ""val_balanced_accuracy"": 0.5343413352966309, ""test_cross_entropy"": 0.6863669157028198, ""test_balanced_accuracy"": 0.5345564484596252}"
2026-04-16T00:27:18.019056,tpe,lcbench,189865,0,331,8.057393074035645,"{""OpenML_task_id"": ""168331"", ""batch_size"": 307, ""epoch"": 4, ""learning_rate"": 0.0021374144775231155, ""max_dropout"": 0.6871467936843297, ""max_units"": 1004, ""momentum"": 0.5633388255558175, ""num_layers"": 2, ""weight_decay"": 0.09025003746630701}","{""time"": 8.057393074035645, ""val_accuracy"": 74.66397857666016, ""val_cross_entropy"": 0.618669867515564, ""val_balanced_accuracy"": 0.7616469860076904, ""test_cross_entropy"": 0.6405870914459229, ""test_balanced_accuracy"": 0.7580787539482117}"
2026-04-16T00:27:18.063511,tpe,lcbench,189865,0,332,6.377056121826172,"{""OpenML_task_id"": ""168331"", ""batch_size"": 279, ""epoch"": 3, ""learning_rate"": 0.0020410483363625708, ""max_dropout"": 0.7133400781090221, ""max_units"": 962, ""momentum"": 0.5378402169209131, ""num_layers"": 2, ""weight_decay"": 0.09297441036817329}","{""time"": 6.377056121826172, ""val_accuracy"": 68.8313217163086, ""val_cross_entropy"": 0.6602112054824829, ""val_balanced_accuracy"": 0.6991945505142212, ""test_cross_entropy"": 0.6566336154937744, ""test_balanced_accuracy"": 0.6952515840530396}"
2026-04-16T00:27:18.106238,tpe,lcbench,189865,0,333,3.5267581939697266,"{""OpenML_task_id"": ""168331"", ""batch_size"": 298, ""epoch"": 2, ""learning_rate"": 0.0022411369056152064, ""max_dropout"": 0.6989343426258705, ""max_units"": 987, ""momentum"": 0.17607724352082904, ""num_layers"": 2, ""weight_decay"": 0.09555820585107201}","{""time"": 3.5267581939697266, ""val_accuracy"": 59.0977668762207, ""val_cross_entropy"": 0.669707179069519, ""val_balanced_accuracy"": 0.5804758071899414, ""test_cross_entropy"": 0.6714394092559814, ""test_balanced_accuracy"": 0.5767247080802917}"
2026-04-16T00:27:18.149453,tpe,lcbench,189865,0,334,2.305202007293701,"{""OpenML_task_id"": ""168331"", ""batch_size"": 319, ""epoch"": 1, ""learning_rate"": 0.00522245095462768, ""max_dropout"": 0.6784600711429374, ""max_units"": 956, ""momentum"": 0.5718686496396134, ""num_layers"": 2, ""weight_decay"": 0.0918493872310749}","{""time"": 2.305202007293701, ""val_accuracy"": 55.23457336425781, ""val_cross_entropy"": 0.6807619333267212, ""val_balanced_accuracy"": 0.5417765378952026, ""test_cross_entropy"": 0.684538722038269, ""test_balanced_accuracy"": 0.5403234958648682}"
2026-04-16T00:27:18.191750,tpe,lcbench,189865,0,335,1.5898385047912598,"{""OpenML_task_id"": ""168331"", ""batch_size"": 270, ""epoch"": 1, ""learning_rate"": 0.0020081192391297625, ""max_dropout"": 0.6833139442279025, ""max_units"": 999, ""momentum"": 0.16835390349483453, ""num_layers"": 2, ""weight_decay"": 0.09660654342657868}","{""time"": 1.5898385047912598, ""val_accuracy"": 57.553409576416016, ""val_cross_entropy"": 0.6329780220985413, ""val_balanced_accuracy"": 0.5466582775115967, ""test_cross_entropy"": 0.6775534152984619, ""test_balanced_accuracy"": 0.5460819602012634}"
2026-04-16T00:27:18.237074,tpe,lcbench,189865,0,336,1.7083685398101807,"{""OpenML_task_id"": ""168331"", ""batch_size"": 258, ""epoch"": 2, ""learning_rate"": 0.00024971600091457623, ""max_dropout"": 0.75725349078001, ""max_units"": 1002, ""momentum"": 0.1529897102547269, ""num_layers"": 2, ""weight_decay"": 0.09373552305356853}","{""time"": 1.7083685398101807, ""val_accuracy"": 56.02953338623047, ""val_cross_entropy"": 0.6284535527229309, ""val_balanced_accuracy"": 0.547346830368042, ""test_cross_entropy"": 0.6742475032806396, ""test_balanced_accuracy"": 0.5463559627532959}"
2026-04-16T00:27:18.269207,tpe,lcbench,189865,0,337,2.8337063789367676,"{""OpenML_task_id"": ""168331"", ""batch_size"": 256, ""epoch"": 3, ""learning_rate"": 0.00020263482232518184, ""max_dropout"": 0.7230378874376786, ""max_units"": 996, ""momentum"": 0.15588700253927795, ""num_layers"": 2, ""weight_decay"": 0.08984174734972768}","{""time"": 2.8337063789367676, ""val_accuracy"": 56.10931396484375, ""val_cross_entropy"": 0.6360340714454651, ""val_balanced_accuracy"": 0.5478785037994385, ""test_cross_entropy"": 0.6771903038024902, ""test_balanced_accuracy"": 0.5468835234642029}"
2026-04-16T00:27:18.321901,tpe,lcbench,189865,0,338,2.6301136016845703,"{""OpenML_task_id"": ""168331"", ""batch_size"": 266, ""epoch"": 4, ""learning_rate"": 0.00011420465569756018, ""max_dropout"": 0.8458758171762016, ""max_units"": 1002, ""momentum"": 0.15735746210984972, ""num_layers"": 2, ""weight_decay"": 0.09365222938668602}","{""time"": 2.6301136016845703, ""val_accuracy"": 55.69581985473633, ""val_cross_entropy"": 0.6307379007339478, ""val_balanced_accuracy"": 0.5492093563079834, ""test_cross_entropy"": 0.6775972843170166, ""test_balanced_accuracy"": 0.5479255318641663}"
2026-04-16T00:27:18.354043,tpe,lcbench,189865,0,339,3.5323359966278076,"{""OpenML_task_id"": ""168331"", ""batch_size"": 277, ""epoch"": 2, ""learning_rate"": 0.0025543736522014226, ""max_dropout"": 0.7485429988961569, ""max_units"": 981, ""momentum"": 0.13809074562532855, ""num_layers"": 2, ""weight_decay"": 0.09256416849326426}","{""time"": 3.5323359966278076, ""val_accuracy"": 59.960792541503906, ""val_cross_entropy"": 0.6686076521873474, ""val_balanced_accuracy"": 0.5915759205818176, ""test_cross_entropy"": 0.669626772403717, ""test_balanced_accuracy"": 0.5875939130783081}"
2026-04-16T00:27:18.403187,tpe,lcbench,189865,0,340,5.98939323425293,"{""OpenML_task_id"": ""168331"", ""batch_size"": 255, ""epoch"": 3, ""learning_rate"": 0.0028445194900018397, ""max_dropout"": 0.8022067652286172, ""max_units"": 1009, ""momentum"": 0.5902293918547299, ""num_layers"": 2, ""weight_decay"": 0.0967933983825465}","{""time"": 5.98939323425293, ""val_accuracy"": 75.18157958984375, ""val_cross_entropy"": 0.6370339393615723, ""val_balanced_accuracy"": 0.7577621340751648, ""test_cross_entropy"": 0.6419005393981934, ""test_balanced_accuracy"": 0.7554863095283508}"
2026-04-16T00:27:18.442718,tpe,lcbench,189865,0,341,4.490337371826172,"{""OpenML_task_id"": ""168331"", ""batch_size"": 271, ""epoch"": 2, ""learning_rate"": 0.00031984083425902476, ""max_dropout"": 0.7567226803573653, ""max_units"": 979, ""momentum"": 0.7370502495695297, ""num_layers"": 2, ""weight_decay"": 0.09367645685353951}","{""time"": 4.490337371826172, ""val_accuracy"": 55.75491714477539, ""val_cross_entropy"": 0.6752777099609375, ""val_balanced_accuracy"": 0.5266685485839844, ""test_cross_entropy"": 0.6916201114654541, ""test_balanced_accuracy"": 0.5262678861618042}"
2026-04-16T00:27:18.471601,tpe,lcbench,189865,0,342,1.726496696472168,"{""OpenML_task_id"": ""167200"", ""batch_size"": 290, ""epoch"": 1, ""learning_rate"": 0.004493565740016158, ""max_dropout"": 0.6860501598590087, ""max_units"": 1004, ""momentum"": 0.17887450048754502, ""num_layers"": 2, ""weight_decay"": 0.09075214444304822}","{""time"": 1.726496696472168, ""val_accuracy"": 57.6142578125, ""val_cross_entropy"": 0.6514818072319031, ""val_balanced_accuracy"": 0.5527340173721313, ""test_cross_entropy"": 0.6773561239242554, ""test_balanced_accuracy"": 0.5510508418083191}"
2026-04-16T00:27:18.519082,tpe,lcbench,189865,0,343,1.1505802869796753,"{""OpenML_task_id"": ""167200"", ""batch_size"": 286, ""epoch"": 2, ""learning_rate"": 0.00011662479299068698, ""max_dropout"": 0.6984037027571681, ""max_units"": 1023, ""momentum"": 0.1794368109656176, ""num_layers"": 2, ""weight_decay"": 0.08978771417454723}","{""time"": 1.1505802869796753, ""val_accuracy"": 53.46171188354492, ""val_cross_entropy"": 0.6248025298118591, ""val_balanced_accuracy"": 0.5391560792922974, ""test_cross_entropy"": 0.6769062280654907, ""test_balanced_accuracy"": 0.5383802056312561}"
2026-04-16T00:27:18.557086,tpe,lcbench,189865,0,344,4.162636756896973,"{""OpenML_task_id"": ""168335"", ""batch_size"": 287, ""epoch"": 5, ""learning_rate"": 0.00018168174390610636, ""max_dropout"": 0.77633700131913, ""max_units"": 1024, ""momentum"": 0.1745774297474194, ""num_layers"": 2, ""weight_decay"": 0.08966483197378518}","{""time"": 4.162636756896973, ""val_accuracy"": 56.78738784790039, ""val_cross_entropy"": 0.6372291445732117, ""val_balanced_accuracy"": 0.5528457760810852, ""test_cross_entropy"": 0.6799145340919495, ""test_balanced_accuracy"": 0.5514976978302002}"
2026-04-16T00:27:18.587725,tpe,lcbench,189865,0,345,6.372872829437256,"{""OpenML_task_id"": ""167104"", ""batch_size"": 286, ""epoch"": 4, ""learning_rate"": 0.005201935247126428, ""max_dropout"": 0.7053920970838423, ""max_units"": 1009, ""momentum"": 0.1784615273296089, ""num_layers"": 2, ""weight_decay"": 0.09108595700732029}","{""time"": 6.372872829437256, ""val_accuracy"": 78.27091217041016, ""val_cross_entropy"": 0.5863603949546814, ""val_balanced_accuracy"": 0.7899613976478577, ""test_cross_entropy"": 0.6230959296226501, ""test_balanced_accuracy"": 0.7878818511962891}"
2026-04-16T00:27:18.636509,tpe,lcbench,189865,0,346,4.7134528160095215,"{""OpenML_task_id"": ""167200"", ""batch_size"": 300, ""epoch"": 2, ""learning_rate"": 0.0020244301501995765, ""max_dropout"": 0.6832368894691048, ""max_units"": 222, ""momentum"": 0.17937742694801637, ""num_layers"": 2, ""weight_decay"": 0.08991155024620756}","{""time"": 4.7134528160095215, ""val_accuracy"": 51.882041931152344, ""val_cross_entropy"": 0.6807578206062317, ""val_balanced_accuracy"": 0.5126062631607056, ""test_cross_entropy"": 0.6883771419525146, ""test_balanced_accuracy"": 0.5115036368370056}"
2026-04-16T00:27:18.680256,tpe,lcbench,189865,0,347,4.560060977935791,"{""OpenML_task_id"": ""167200"", ""batch_size"": 313, ""epoch"": 3, ""learning_rate"": 0.004198792175269942, ""max_dropout"": 0.7258086623341302, ""max_units"": 998, ""momentum"": 0.18537244785293377, ""num_layers"": 2, ""weight_decay"": 0.09134415734275435}","{""time"": 4.560060977935791, ""val_accuracy"": 69.37871551513672, ""val_cross_entropy"": 0.6615604162216187, ""val_balanced_accuracy"": 0.7057437300682068, ""test_cross_entropy"": 0.6463954448699951, ""test_balanced_accuracy"": 0.7034791707992554}"
2026-04-16T00:27:18.773630,tpe,lcbench,189865,0,348,3.564408779144287,"{""OpenML_task_id"": ""167200"", ""batch_size"": 275, ""epoch"": 2, ""learning_rate"": 0.002103823351187647, ""max_dropout"": 0.6976070866411131, ""max_units"": 1023, ""momentum"": 0.15684939816317944, ""num_layers"": 2, ""weight_decay"": 0.09246401123731741}","{""time"": 3.564408779144287, ""val_accuracy"": 59.500755310058594, ""val_cross_entropy"": 0.6655998826026917, ""val_balanced_accuracy"": 0.5828288793563843, ""test_cross_entropy"": 0.6717790365219116, ""test_balanced_accuracy"": 0.579339861869812}"
2026-04-16T00:27:18.822284,tpe,lcbench,189865,0,349,5.14294958114624,"{""OpenML_task_id"": ""189905"", ""batch_size"": 250, ""epoch"": 3, ""learning_rate"": 0.005637124813210589, ""max_dropout"": 0.6831596735437752, ""max_units"": 998, ""momentum"": 0.18113363008383374, ""num_layers"": 2, ""weight_decay"": 0.0891947286879309}","{""time"": 5.14294958114624, ""val_accuracy"": 76.07244110107422, ""val_cross_entropy"": 0.6042681932449341, ""val_balanced_accuracy"": 0.7688896059989929, ""test_cross_entropy"": 0.631389856338501, ""test_balanced_accuracy"": 0.7682123780250549}"
2026-04-16T00:27:18.866267,tpe,lcbench,189865,0,350,1.6316726207733154,"{""OpenML_task_id"": ""167200"", ""batch_size"": 264, ""epoch"": 1, ""learning_rate"": 0.0020449066722822325, ""max_dropout"": 0.6609570440327077, ""max_units"": 978, ""momentum"": 0.1376509151463872, ""num_layers"": 2, ""weight_decay"": 0.09389261970766306}","{""time"": 1.6316726207733154, ""val_accuracy"": 57.4803466796875, ""val_cross_entropy"": 0.6315363049507141, ""val_balanced_accuracy"": 0.5470890402793884, ""test_cross_entropy"": 0.6763453483581543, ""test_balanced_accuracy"": 0.5464195609092712}"
2026-04-16T00:27:18.923655,tpe,lcbench,189865,0,351,1.3583564758300781,"{""OpenML_task_id"": ""167200"", ""batch_size"": 263, ""epoch"": 2, ""learning_rate"": 0.00013876011097261362, ""max_dropout"": 0.6607107489176975, ""max_units"": 982, ""momentum"": 0.15420550430775967, ""num_layers"": 2, ""weight_decay"": 0.09152902155769863}","{""time"": 1.3583564758300781, ""val_accuracy"": 53.655399322509766, ""val_cross_entropy"": 0.6239855885505676, ""val_balanced_accuracy"": 0.5393093228340149, ""test_cross_entropy"": 0.6760566234588623, ""test_balanced_accuracy"": 0.5387325882911682}"
2026-04-16T00:27:18.970305,tpe,lcbench,189865,0,352,6.149757385253906,"{""OpenML_task_id"": ""167200"", ""batch_size"": 258, ""epoch"": 4, ""learning_rate"": 0.0019792871050670464, ""max_dropout"": 0.6655316895056473, ""max_units"": 983, ""momentum"": 0.18411370895178727, ""num_layers"": 2, ""weight_decay"": 0.08986646792073617}","{""time"": 6.149757385253906, ""val_accuracy"": 69.8037338256836, ""val_cross_entropy"": 0.6430134773254395, ""val_balanced_accuracy"": 0.706475019454956, ""test_cross_entropy"": 0.6505832076072693, ""test_balanced_accuracy"": 0.7037959098815918}"
2026-04-16T00:27:19.018277,tpe,lcbench,189865,0,353,6.696389675140381,"{""OpenML_task_id"": ""167200"", ""batch_size"": 233, ""epoch"": 5, ""learning_rate"": 0.000399745912119733, ""max_dropout"": 0.6967584057984918, ""max_units"": 1006, ""momentum"": 0.16206823404532028, ""num_layers"": 2, ""weight_decay"": 0.09245767331498962}","{""time"": 6.696389675140381, ""val_accuracy"": 59.68830490112305, ""val_cross_entropy"": 0.6406161189079285, ""val_balanced_accuracy"": 0.5873731374740601, ""test_cross_entropy"": 0.6790555119514465, ""test_balanced_accuracy"": 0.5828944444656372}"
2026-04-16T00:27:19.057612,tpe,lcbench,189865,0,354,3.8363306522369385,"{""OpenML_task_id"": ""167200"", ""batch_size"": 268, ""epoch"": 2, ""learning_rate"": 0.0021182882903691, ""max_dropout"": 0.677265022480709, ""max_units"": 984, ""momentum"": 0.15353757842117002, ""num_layers"": 2, ""weight_decay"": 0.09079339829376609}","{""time"": 3.8363306522369385, ""val_accuracy"": 59.2244873046875, ""val_cross_entropy"": 0.6643050909042358, ""val_balanced_accuracy"": 0.580619752407074, ""test_cross_entropy"": 0.6714056730270386, ""test_balanced_accuracy"": 0.5772078037261963}"
2026-04-16T00:27:19.104965,tpe,lcbench,189865,0,355,2.7040205001831055,"{""OpenML_task_id"": ""167200"", ""batch_size"": 290, ""epoch"": 3, ""learning_rate"": 0.00023552337395363202, ""max_dropout"": 0.7363123312877589, ""max_units"": 1024, ""momentum"": 0.1852850785009452, ""num_layers"": 2, ""weight_decay"": 0.09345605371868886}","{""time"": 2.7040205001831055, ""val_accuracy"": 56.69474792480469, ""val_cross_entropy"": 0.6365047097206116, ""val_balanced_accuracy"": 0.549281656742096, ""test_cross_entropy"": 0.677850604057312, ""test_balanced_accuracy"": 0.5480937957763672}"
2026-04-16T00:27:19.154394,tpe,lcbench,189865,0,356,2.496244430541992,"{""OpenML_task_id"": ""168331"", ""batch_size"": 280, ""epoch"": 1, ""learning_rate"": 0.0028238933001647646, ""max_dropout"": 0.7120372772843377, ""max_units"": 975, ""momentum"": 0.13525801272104368, ""num_layers"": 3, ""weight_decay"": 0.08954402659594943}","{""time"": 2.496244430541992, ""val_accuracy"": 53.82719421386719, ""val_cross_entropy"": 0.6546817421913147, ""val_balanced_accuracy"": 0.5192118883132935, ""test_cross_entropy"": 0.6773622632026672, ""test_balanced_accuracy"": 0.5232881307601929}"
2026-04-16T00:27:19.188864,tpe,lcbench,189865,0,357,1.8380542993545532,"{""OpenML_task_id"": ""126029"", ""batch_size"": 265, ""epoch"": 2, ""learning_rate"": 0.0002908752814791665, ""max_dropout"": 0.7776543871205273, ""max_units"": 1003, ""momentum"": 0.1704707238529771, ""num_layers"": 2, ""weight_decay"": 0.09177717536691232}","{""time"": 1.8380542993545532, ""val_accuracy"": 56.45336151123047, ""val_cross_entropy"": 0.6276962161064148, ""val_balanced_accuracy"": 0.5484901666641235, ""test_cross_entropy"": 0.674559473991394, ""test_balanced_accuracy"": 0.5473854541778564}"
2026-04-16T00:27:19.247562,tpe,lcbench,189865,0,358,3.8377251625061035,"{""OpenML_task_id"": ""126029"", ""batch_size"": 220, ""epoch"": 4, ""learning_rate"": 0.00013656924616889084, ""max_dropout"": 0.6735239252138063, ""max_units"": 999, ""momentum"": 0.16267876830247033, ""num_layers"": 2, ""weight_decay"": 0.09165455727539241}","{""time"": 3.8377251625061035, ""val_accuracy"": 55.60188293457031, ""val_cross_entropy"": 0.6308519244194031, ""val_balanced_accuracy"": 0.5470253825187683, ""test_cross_entropy"": 0.6806765198707581, ""test_balanced_accuracy"": 0.5467406511306763}"
2026-04-16T00:27:19.304984,tpe,lcbench,189865,0,359,8.648648262023926,"{""OpenML_task_id"": ""126029"", ""batch_size"": 261, ""epoch"": 6, ""learning_rate"": 0.0036088541071939493, ""max_dropout"": 0.7686108207779534, ""max_units"": 1003, ""momentum"": 0.14444399415741646, ""num_layers"": 2, ""weight_decay"": 0.09770752503695776}","{""time"": 8.648648262023926, ""val_accuracy"": 79.94280242919922, ""val_cross_entropy"": 0.5780184268951416, ""val_balanced_accuracy"": 0.8058509230613708, ""test_cross_entropy"": 0.6184495687484741, ""test_balanced_accuracy"": 0.8019073009490967}"
2026-04-16T00:27:19.356493,tpe,lcbench,189865,0,360,3.4096226692199707,"{""OpenML_task_id"": ""167168"", ""batch_size"": 267, ""epoch"": 2, ""learning_rate"": 0.0018245062507965734, ""max_dropout"": 0.8079517216548204, ""max_units"": 987, ""momentum"": 0.16666277924253656, ""num_layers"": 2, ""weight_decay"": 0.09382975807698181}","{""time"": 3.4096226692199707, ""val_accuracy"": 59.19817352294922, ""val_cross_entropy"": 0.6514869928359985, ""val_balanced_accuracy"": 0.572735607624054, ""test_cross_entropy"": 0.6736277341842651, ""test_balanced_accuracy"": 0.5683956146240234}"
2026-04-16T00:27:19.455788,tpe,lcbench,189865,0,361,4.491731643676758,"{""OpenML_task_id"": ""168331"", ""batch_size"": 249, ""epoch"": 3, ""learning_rate"": 0.004505882840017672, ""max_dropout"": 0.7810749904286909, ""max_units"": 1007, ""momentum"": 0.13714853203768063, ""num_layers"": 2, ""weight_decay"": 0.09400613236938771}","{""time"": 4.491731643676758, ""val_accuracy"": 72.94705200195312, ""val_cross_entropy"": 0.6471114754676819, ""val_balanced_accuracy"": 0.7377687692642212, ""test_cross_entropy"": 0.6421059370040894, ""test_balanced_accuracy"": 0.7374283075332642}"
2026-04-16T00:27:19.506253,tpe,lcbench,189865,0,362,1.7599639892578125,"{""OpenML_task_id"": ""167149"", ""batch_size"": 278, ""epoch"": 2, ""learning_rate"": 0.00016131573282700002, ""max_dropout"": 0.65564779548298, ""max_units"": 975, ""momentum"": 0.17799643882154442, ""num_layers"": 2, ""weight_decay"": 0.03897276606460157}","{""time"": 1.7599639892578125, ""val_accuracy"": 53.17533493041992, ""val_cross_entropy"": 0.636056661605835, ""val_balanced_accuracy"": 0.5340051054954529, ""test_cross_entropy"": 0.6761606335639954, ""test_balanced_accuracy"": 0.5326247811317444}"
2026-04-16T00:27:19.561772,tpe,lcbench,189865,0,363,2.29404616355896,"{""OpenML_task_id"": ""168331"", ""batch_size"": 278, ""epoch"": 3, ""learning_rate"": 0.0001483531529318828, ""max_dropout"": 0.7322344264276545, ""max_units"": 972, ""momentum"": 0.18286730851917452, ""num_layers"": 2, ""weight_decay"": 0.09119069938666426}","{""time"": 2.29404616355896, ""val_accuracy"": 55.526851654052734, ""val_cross_entropy"": 0.6299343109130859, ""val_balanced_accuracy"": 0.5461007356643677, ""test_cross_entropy"": 0.6771993637084961, ""test_balanced_accuracy"": 0.5451370477676392}"
2026-04-16T00:27:19.621535,tpe,lcbench,189865,0,364,5.692370891571045,"{""OpenML_task_id"": ""168910"", ""batch_size"": 298, ""epoch"": 3, ""learning_rate"": 0.0021648554377791647, ""max_dropout"": 0.6570426494505751, ""max_units"": 988, ""momentum"": 0.18793235474934417, ""num_layers"": 2, ""weight_decay"": 0.042681462084723884}","{""time"": 5.692370891571045, ""val_accuracy"": 64.46094512939453, ""val_cross_entropy"": 0.6745419502258301, ""val_balanced_accuracy"": 0.6538426280021667, ""test_cross_entropy"": 0.6597762107849121, ""test_balanced_accuracy"": 0.6488174796104431}"
2026-04-16T00:27:19.680859,tpe,lcbench,189865,0,365,1.599599838256836,"{""OpenML_task_id"": ""167149"", ""batch_size"": 287, ""epoch"": 2, ""learning_rate"": 0.0001824491953076367, ""max_dropout"": 0.711398681393745, ""max_units"": 1007, ""momentum"": 0.1700784637917305, ""num_layers"": 2, ""weight_decay"": 0.05239228394162858}","{""time"": 1.599599838256836, ""val_accuracy"": 54.04518508911133, ""val_cross_entropy"": 0.6349931359291077, ""val_balanced_accuracy"": 0.5391889810562134, ""test_cross_entropy"": 0.6750127077102661, ""test_balanced_accuracy"": 0.5377972722053528}"
2026-04-16T00:27:19.750774,tpe,lcbench,189865,0,366,3.694094657897949,"{""OpenML_task_id"": ""167149"", ""batch_size"": 291, ""epoch"": 4, ""learning_rate"": 0.00018710758429965174, ""max_dropout"": 0.7137492681612564, ""max_units"": 1023, ""momentum"": 0.16726585760217927, ""num_layers"": 2, ""weight_decay"": 0.06360278398389996}","{""time"": 3.694094657897949, ""val_accuracy"": 55.80268478393555, ""val_cross_entropy"": 0.6446565985679626, ""val_balanced_accuracy"": 0.5468323826789856, ""test_cross_entropy"": 0.6782699227333069, ""test_balanced_accuracy"": 0.5452378988265991}"
2026-04-16T00:27:19.801903,tpe,lcbench,189865,0,367,28.370647430419922,"{""OpenML_task_id"": ""167149"", ""batch_size"": 273, ""epoch"": 26, ""learning_rate"": 0.0022877551510218615, ""max_dropout"": 0.697846583565994, ""max_units"": 1001, ""momentum"": 0.1515443192525546, ""num_layers"": 2, ""weight_decay"": 0.0544616839854953}","{""time"": 28.370647430419922, ""val_accuracy"": 86.0994873046875, ""val_cross_entropy"": 0.45142969489097595, ""val_balanced_accuracy"": 0.8567609786987305, ""test_cross_entropy"": 0.5704226493835449, ""test_balanced_accuracy"": 0.850244402885437}"
2026-04-16T00:27:19.856927,tpe,lcbench,189865,0,368,9.810242652893066,"{""OpenML_task_id"": ""167200"", ""batch_size"": 239, ""epoch"": 5, ""learning_rate"": 0.003599170183427958, ""max_dropout"": 0.6861224203290189, ""max_units"": 973, ""momentum"": 0.16951809855700672, ""num_layers"": 2, ""weight_decay"": 0.03498690169163795}","{""time"": 9.810242652893066, ""val_accuracy"": 78.28659057617188, ""val_cross_entropy"": 0.5752439498901367, ""val_balanced_accuracy"": 0.7982615828514099, ""test_cross_entropy"": 0.617988109588623, ""test_balanced_accuracy"": 0.7933588624000549}"
2026-04-16T00:27:19.908219,tpe,lcbench,189865,0,369,3.7052505016326904,"{""OpenML_task_id"": ""167185"", ""batch_size"": 286, ""epoch"": 2, ""learning_rate"": 0.002217698677704364, ""max_dropout"": 0.7353501605321487, ""max_units"": 1008, ""momentum"": 0.18595224697755947, ""num_layers"": 1, ""weight_decay"": 0.045606761287507375}","{""time"": 3.7052505016326904, ""val_accuracy"": 57.59074783325195, ""val_cross_entropy"": 0.6333386898040771, ""val_balanced_accuracy"": 0.5873328447341919, ""test_cross_entropy"": 0.6735914945602417, ""test_balanced_accuracy"": 0.585532009601593}"
2026-04-16T00:27:19.952095,tpe,lcbench,189865,0,370,1.5577657222747803,"{""OpenML_task_id"": ""167149"", ""batch_size"": 306, ""epoch"": 2, ""learning_rate"": 0.00013468006407377133, ""max_dropout"": 0.6608216615427329, ""max_units"": 970, ""momentum"": 0.15360603369320588, ""num_layers"": 2, ""weight_decay"": 0.026418581764623077}","{""time"": 1.5577657222747803, ""val_accuracy"": 52.12714385986328, ""val_cross_entropy"": 0.6413374543190002, ""val_balanced_accuracy"": 0.5297999382019043, ""test_cross_entropy"": 0.67689049243927, ""test_balanced_accuracy"": 0.5279479026794434}"
2026-04-16T00:27:19.995229,tpe,lcbench,189865,0,371,3.310615301132202,"{""OpenML_task_id"": ""167149"", ""batch_size"": 306, ""epoch"": 4, ""learning_rate"": 0.0001295113420497202, ""max_dropout"": 0.6626103254695856, ""max_units"": 988, ""momentum"": 0.14782881033028866, ""num_layers"": 2, ""weight_decay"": 0.038255779624743}","{""time"": 3.310615301132202, ""val_accuracy"": 53.9151496887207, ""val_cross_entropy"": 0.6428685784339905, ""val_balanced_accuracy"": 0.5402410626411438, ""test_cross_entropy"": 0.6781328320503235, ""test_balanced_accuracy"": 0.5385363698005676}"
2026-04-16T00:27:20.044796,tpe,lcbench,189865,0,372,2.7193596363067627,"{""OpenML_task_id"": ""167149"", ""batch_size"": 326, ""epoch"": 3, ""learning_rate"": 0.00020694366069998367, ""max_dropout"": 0.711618764907632, ""max_units"": 1022, ""momentum"": 0.1705490653653742, ""num_layers"": 2, ""weight_decay"": 0.04115487147552871}","{""time"": 2.7193596363067627, ""val_accuracy"": 54.66275405883789, ""val_cross_entropy"": 0.6486035585403442, ""val_balanced_accuracy"": 0.540873110294342, ""test_cross_entropy"": 0.6766312122344971, ""test_balanced_accuracy"": 0.5389854311943054}"
2026-04-16T00:27:20.092948,tpe,lcbench,189865,0,373,5.830423355102539,"{""OpenML_task_id"": ""167149"", ""batch_size"": 282, ""epoch"": 2, ""learning_rate"": 0.002109183558061559, ""max_dropout"": 0.6837539954634406, ""max_units"": 970, ""momentum"": 0.6626014973627014, ""num_layers"": 2, ""weight_decay"": 0.04751382903000909}","{""time"": 5.830423355102539, ""val_accuracy"": 61.13349914550781, ""val_cross_entropy"": 0.7104634046554565, ""val_balanced_accuracy"": 0.6173572540283203, ""test_cross_entropy"": 0.6707431077957153, ""test_balanced_accuracy"": 0.6127012968063354}"
2026-04-16T00:27:20.135753,tpe,lcbench,189865,0,374,5.837396144866943,"{""OpenML_task_id"": ""167149"", ""batch_size"": 309, ""epoch"": 3, ""learning_rate"": 0.004193847222192148, ""max_dropout"": 0.6565771059010262, ""max_units"": 1000, ""momentum"": 0.19475568858671735, ""num_layers"": 2, ""weight_decay"": 0.02904585934644827}","{""time"": 5.837396144866943, ""val_accuracy"": 68.80769348144531, ""val_cross_entropy"": 0.6522761583328247, ""val_balanced_accuracy"": 0.7100359797477722, ""test_cross_entropy"": 0.6423066854476929, ""test_balanced_accuracy"": 0.7059240937232971}"
2026-04-16T00:27:20.187065,tpe,lcbench,189865,0,375,4.3397345542907715,"{""OpenML_task_id"": ""168331"", ""batch_size"": 294, ""epoch"": 2, ""learning_rate"": 0.0023268258454911235, ""max_dropout"": 0.6594120269847084, ""max_units"": 977, ""momentum"": 0.1363075107298537, ""num_layers"": 2, ""weight_decay"": 0.03416533457655015}","{""time"": 4.3397345542907715, ""val_accuracy"": 57.821224212646484, ""val_cross_entropy"": 0.6778209805488586, ""val_balanced_accuracy"": 0.5809099674224854, ""test_cross_entropy"": 0.6713706254959106, ""test_balanced_accuracy"": 0.5757552981376648}"
2026-04-16T00:27:20.240188,tpe,lcbench,189865,0,376,4.367623805999756,"{""OpenML_task_id"": ""126029"", ""batch_size"": 266, ""epoch"": 2, ""learning_rate"": 0.004857087164692606, ""max_dropout"": 0.6915269065168794, ""max_units"": 1008, ""momentum"": 0.15491079007769187, ""num_layers"": 2, ""weight_decay"": 0.017593895004137647}","{""time"": 4.367623805999756, ""val_accuracy"": 63.96662139892578, ""val_cross_entropy"": 0.6761223673820496, ""val_balanced_accuracy"": 0.6525456309318542, ""test_cross_entropy"": 0.6570640206336975, ""test_balanced_accuracy"": 0.6484920978546143}"
2026-04-16T00:27:20.290697,tpe,lcbench,189865,0,377,3.4026503562927246,"{""OpenML_task_id"": ""168331"", ""batch_size"": 276, ""epoch"": 4, ""learning_rate"": 0.000120665382661911, ""max_dropout"": 0.754613232215751, ""max_units"": 986, ""momentum"": 0.17506007317588748, ""num_layers"": 2, ""weight_decay"": 0.039542695528261305}","{""time"": 3.4026503562927246, ""val_accuracy"": 54.44601058959961, ""val_cross_entropy"": 0.6388671398162842, ""val_balanced_accuracy"": 0.5420907735824585, ""test_cross_entropy"": 0.6774939298629761, ""test_balanced_accuracy"": 0.5402936339378357}"
2026-04-16T00:27:20.332986,tpe,lcbench,189865,0,378,9.347278594970703,"{""OpenML_task_id"": ""167149"", ""batch_size"": 292, ""epoch"": 6, ""learning_rate"": 0.0022913407190420726, ""max_dropout"": 0.796311143303014, ""max_units"": 966, ""momentum"": 0.15185847370299954, ""num_layers"": 2, ""weight_decay"": 0.0229759191773799}","{""time"": 9.347278594970703, ""val_accuracy"": 73.82438659667969, ""val_cross_entropy"": 0.6230114102363586, ""val_balanced_accuracy"": 0.7601869106292725, ""test_cross_entropy"": 0.6329352855682373, ""test_balanced_accuracy"": 0.7553941011428833}"
2026-04-16T00:27:20.389224,tpe,lcbench,189865,0,379,3.5225746631622314,"{""OpenML_task_id"": ""168908"", ""batch_size"": 318, ""epoch"": 2, ""learning_rate"": 0.005591234250742424, ""max_dropout"": 0.6739353373382446, ""max_units"": 996, ""momentum"": 0.1300969218855187, ""num_layers"": 2, ""weight_decay"": 0.09189154188925316}","{""time"": 3.5225746631622314, ""val_accuracy"": 63.33375549316406, ""val_cross_entropy"": 0.6815758347511292, ""val_balanced_accuracy"": 0.6384576559066772, ""test_cross_entropy"": 0.6576157808303833, ""test_balanced_accuracy"": 0.6362087726593018}"
2026-04-16T00:27:20.441460,tpe,lcbench,189865,0,380,1.976106882095337,"{""OpenML_task_id"": ""189865"", ""batch_size"": 282, ""epoch"": 1, ""learning_rate"": 0.003983824391259152, ""max_dropout"": 0.7107229893834528, ""max_units"": 1024, ""momentum"": 0.1947894761774934, ""num_layers"": 2, ""weight_decay"": 0.026863193091359254}","{""time"": 1.976106882095337, ""val_accuracy"": 55.69518280029297, ""val_cross_entropy"": 0.6650429368019104, ""val_balanced_accuracy"": 0.5456946492195129, ""test_cross_entropy"": 0.6798956990242004, ""test_balanced_accuracy"": 0.5406925678253174}"
2026-04-16T00:27:20.496197,tpe,lcbench,189865,0,381,10.153282165527344,"{""OpenML_task_id"": ""167200"", ""batch_size"": 304, ""epoch"": 3, ""learning_rate"": 0.0035009091698737773, ""max_dropout"": 0.7151929120759781, ""max_units"": 122, ""momentum"": 0.19389190518388072, ""num_layers"": 2, ""weight_decay"": 0.029001269022443193}","{""time"": 10.153282165527344, ""val_accuracy"": 50.983951568603516, ""val_cross_entropy"": 0.7159825563430786, ""val_balanced_accuracy"": 0.5150485634803772, ""test_cross_entropy"": 0.6913452744483948, ""test_balanced_accuracy"": 0.5084173083305359}"
2026-04-16T00:27:20.548983,tpe,lcbench,189865,0,382,9.034916877746582,"{""OpenML_task_id"": ""189865"", ""batch_size"": 284, ""epoch"": 2, ""learning_rate"": 0.002193456626166588, ""max_dropout"": 0.7000725677596238, ""max_units"": 1022, ""momentum"": 0.1929894476577656, ""num_layers"": 3, ""weight_decay"": 0.03207050688703432}","{""time"": 9.034916877746582, ""val_accuracy"": 55.731632232666016, ""val_cross_entropy"": 0.655344545841217, ""val_balanced_accuracy"": 0.5373543500900269, ""test_cross_entropy"": 0.6741390228271484, ""test_balanced_accuracy"": 0.538160502910614}"
2026-04-16T00:27:20.602344,tpe,lcbench,189865,0,383,2.493455410003662,"{""OpenML_task_id"": ""7593"", ""batch_size"": 272, ""epoch"": 1, ""learning_rate"": 0.0017682239942583761, ""max_dropout"": 0.7346501617451071, ""max_units"": 314, ""momentum"": 0.17379502705125258, ""num_layers"": 2, ""weight_decay"": 0.025035758408428116}","{""time"": 2.493455410003662, ""val_accuracy"": 49.113807678222656, ""val_cross_entropy"": 0.6739593148231506, ""val_balanced_accuracy"": 0.49594220519065857, ""test_cross_entropy"": 0.690983772277832, ""test_balanced_accuracy"": 0.4919673204421997}"
2026-04-16T00:27:20.654382,tpe,lcbench,189865,0,384,5.129004955291748,"{""OpenML_task_id"": ""168331"", ""batch_size"": 354, ""epoch"": 3, ""learning_rate"": 0.0038322327700222388, ""max_dropout"": 0.767669551077947, ""max_units"": 1006, ""momentum"": 0.17782584098935933, ""num_layers"": 2, ""weight_decay"": 0.033608770589401225}","{""time"": 5.129004955291748, ""val_accuracy"": 66.38067626953125, ""val_cross_entropy"": 0.6832631230354309, ""val_balanced_accuracy"": 0.6856656670570374, ""test_cross_entropy"": 0.6487854719161987, ""test_balanced_accuracy"": 0.6804219484329224}"
2026-04-16T00:27:20.701197,tpe,lcbench,189865,0,385,24.47449493408203,"{""OpenML_task_id"": ""189865"", ""batch_size"": 266, ""epoch"": 20, ""learning_rate"": 0.0002475425268321991, ""max_dropout"": 0.6793694977933654, ""max_units"": 1022, ""momentum"": 0.5307890145998249, ""num_layers"": 2, ""weight_decay"": 0.021180605282106954}","{""time"": 24.47449493408203, ""val_accuracy"": 73.38762664794922, ""val_cross_entropy"": 0.5953959822654724, ""val_balanced_accuracy"": 0.7531196475028992, ""test_cross_entropy"": 0.6366336345672607, ""test_balanced_accuracy"": 0.7456912398338318}"
2026-04-16T00:27:20.753933,tpe,lcbench,189865,0,386,4.611656188964844,"{""OpenML_task_id"": ""168331"", ""batch_size"": 281, ""epoch"": 5, ""learning_rate"": 0.00012331720663915518, ""max_dropout"": 0.7056728098201003, ""max_units"": 990, ""momentum"": 0.15867985207124624, ""num_layers"": 2, ""weight_decay"": 0.026672226271537695}","{""time"": 4.611656188964844, ""val_accuracy"": 54.09149169921875, ""val_cross_entropy"": 0.6439773440361023, ""val_balanced_accuracy"": 0.5409793853759766, ""test_cross_entropy"": 0.6793779730796814, ""test_balanced_accuracy"": 0.5388137698173523}"
2026-04-16T00:27:20.800319,tpe,lcbench,189865,0,387,2.1253151893615723,"{""OpenML_task_id"": ""189865"", ""batch_size"": 298, ""epoch"": 1, ""learning_rate"": 0.005741403624767682, ""max_dropout"": 0.6586089190221811, ""max_units"": 973, ""momentum"": 0.19579973169610904, ""num_layers"": 2, ""weight_decay"": 0.029436258049394096}","{""time"": 2.1253151893615723, ""val_accuracy"": 55.22224807739258, ""val_cross_entropy"": 0.6771078705787659, ""val_balanced_accuracy"": 0.5448802709579468, ""test_cross_entropy"": 0.6786624789237976, ""test_balanced_accuracy"": 0.540482223033905}"
2026-04-16T00:27:20.852277,tpe,lcbench,189865,0,388,4.346706867218018,"{""OpenML_task_id"": ""126026"", ""batch_size"": 289, ""epoch"": 2, ""learning_rate"": 0.003107856818571082, ""max_dropout"": 0.7191817328069042, ""max_units"": 998, ""momentum"": 0.1722219225043844, ""num_layers"": 2, ""weight_decay"": 0.024261016470615925}","{""time"": 4.346706867218018, ""val_accuracy"": 59.37944412231445, ""val_cross_entropy"": 0.6803293228149414, ""val_balanced_accuracy"": 0.6036568880081177, ""test_cross_entropy"": 0.6677829027175903, ""test_balanced_accuracy"": 0.5980539321899414}"
2026-04-16T00:27:20.909200,tpe,lcbench,189865,0,389,8.836901664733887,"{""OpenML_task_id"": ""167201"", ""batch_size"": 246, ""epoch"": 4, ""learning_rate"": 0.0023487482653066897, ""max_dropout"": 0.6875956214781717, ""max_units"": 1008, ""momentum"": 0.576670697152562, ""num_layers"": 2, ""weight_decay"": 0.08927209662013166}","{""time"": 8.836901664733887, ""val_accuracy"": 78.76031494140625, ""val_cross_entropy"": 0.5863460302352905, ""val_balanced_accuracy"": 0.7965763807296753, ""test_cross_entropy"": 0.6274780035018921, ""test_balanced_accuracy"": 0.7922519445419312}"
2026-04-16T00:27:20.966339,tpe,lcbench,189865,0,390,2.1267096996307373,"{""OpenML_task_id"": ""168331"", ""batch_size"": 260, ""epoch"": 1, ""learning_rate"": 0.060172337722758734, ""max_dropout"": 0.7447565355138923, ""max_units"": 973, ""momentum"": 0.2030426933174159, ""num_layers"": 2, ""weight_decay"": 0.04932704697458798}","{""time"": 2.1267096996307373, ""val_accuracy"": 56.067909240722656, ""val_cross_entropy"": 0.7529942989349365, ""val_balanced_accuracy"": 0.5497291684150696, ""test_cross_entropy"": 0.6696702241897583, ""test_balanced_accuracy"": 0.552179753780365}"
2026-04-16T00:27:21.034165,tpe,lcbench,189865,0,391,1.5856550931930542,"{""OpenML_task_id"": ""189908"", ""batch_size"": 274, ""epoch"": 2, ""learning_rate"": 0.00013661372853481326, ""max_dropout"": 0.6525227029993864, ""max_units"": 1024, ""momentum"": 0.15411429803558951, ""num_layers"": 2, ""weight_decay"": 0.03669523646753302}","{""time"": 1.5856550931930542, ""val_accuracy"": 52.821937561035156, ""val_cross_entropy"": 0.6330653429031372, ""val_balanced_accuracy"": 0.5350368618965149, ""test_cross_entropy"": 0.6755415201187134, ""test_balanced_accuracy"": 0.533781111240387}"
2026-04-16T00:27:21.102484,tpe,lcbench,189865,0,392,6.780057907104492,"{""OpenML_task_id"": ""189908"", ""batch_size"": 270, ""epoch"": 3, ""learning_rate"": 0.08208983259719455, ""max_dropout"": 0.6520203621252607, ""max_units"": 1023, ""momentum"": 0.15023338374801856, ""num_layers"": 2, ""weight_decay"": 0.03610310021803339}","{""time"": 6.780057907104492, ""val_accuracy"": 89.21019744873047, ""val_cross_entropy"": 0.37896203994750977, ""val_balanced_accuracy"": 0.8729478120803833, ""test_cross_entropy"": 0.524440586566925, ""test_balanced_accuracy"": 0.8710301518440247}"
2026-04-16T00:27:21.177462,tpe,lcbench,189865,0,393,4.3481011390686035,"{""OpenML_task_id"": ""167184"", ""batch_size"": 412, ""epoch"": 3, ""learning_rate"": 0.0018997883739973, ""max_dropout"": 0.6866991697170506, ""max_units"": 1006, ""momentum"": 0.14042184142267883, ""num_layers"": 2, ""weight_decay"": 0.05234806431531873}","{""time"": 4.3481011390686035, ""val_accuracy"": 60.6876106262207, ""val_cross_entropy"": 0.6642773747444153, ""val_balanced_accuracy"": 0.6182693243026733, ""test_cross_entropy"": 0.6670213937759399, ""test_balanced_accuracy"": 0.6130567193031311}"
2026-04-16T00:27:21.236251,tpe,lcbench,189865,0,394,4.622812271118164,"{""OpenML_task_id"": ""189908"", ""batch_size"": 281, ""epoch"": 2, ""learning_rate"": 0.0043862564936237, ""max_dropout"": 0.660529079701437, ""max_units"": 988, ""momentum"": 0.15769249624898266, ""num_layers"": 2, ""weight_decay"": 0.020296979985232822}","{""time"": 4.622812271118164, ""val_accuracy"": 62.305965423583984, ""val_cross_entropy"": 0.680930495262146, ""val_balanced_accuracy"": 0.6350145936012268, ""test_cross_entropy"": 0.6610867977142334, ""test_balanced_accuracy"": 0.630106508731842}"
2026-04-16T00:27:21.292344,tpe,lcbench,189865,0,395,6.374267101287842,"{""OpenML_task_id"": ""168329"", ""batch_size"": 303, ""epoch"": 4, ""learning_rate"": 0.0019553947713880013, ""max_dropout"": 0.6730210344015327, ""max_units"": 1022, ""momentum"": 0.13423283209740505, ""num_layers"": 2, ""weight_decay"": 0.03696327436451918}","{""time"": 6.374267101287842, ""val_accuracy"": 67.56453704833984, ""val_cross_entropy"": 0.6662390232086182, ""val_balanced_accuracy"": 0.6915998458862305, ""test_cross_entropy"": 0.6527958512306213, ""test_balanced_accuracy"": 0.6865739226341248}"
2026-04-16T00:27:21.346904,tpe,lcbench,189865,0,396,1.754386067390442,"{""OpenML_task_id"": ""189908"", ""batch_size"": 253, ""epoch"": 2, ""learning_rate"": 0.00012610022968740256, ""max_dropout"": 0.7032019311660858, ""max_units"": 964, ""momentum"": 0.17350528652624642, ""num_layers"": 2, ""weight_decay"": 0.025932950664329463}","{""time"": 1.754386067390442, ""val_accuracy"": 52.669219970703125, ""val_cross_entropy"": 0.6358932852745056, ""val_balanced_accuracy"": 0.5323616862297058, ""test_cross_entropy"": 0.6761449575424194, ""test_balanced_accuracy"": 0.5308488607406616}"
2026-04-16T00:27:21.397501,tpe,lcbench,189865,0,397,2.0779032707214355,"{""OpenML_task_id"": ""189908"", ""batch_size"": 253, ""epoch"": 1, ""learning_rate"": 0.004082263843988928, ""max_dropout"": 0.7143503981789594, ""max_units"": 1008, ""momentum"": 0.17596740894529495, ""num_layers"": 2, ""weight_decay"": 0.028086734394461774}","{""time"": 2.0779032707214355, ""val_accuracy"": 56.08320617675781, ""val_cross_entropy"": 0.6602646112442017, ""val_balanced_accuracy"": 0.5487391948699951, ""test_cross_entropy"": 0.6802677512168884, ""test_balanced_accuracy"": 0.543303906917572}"
2026-04-16T00:27:21.442757,tpe,lcbench,189865,0,398,10.535367012023926,"{""OpenML_task_id"": ""189908"", ""batch_size"": 260, ""epoch"": 5, ""learning_rate"": 0.005749045993479199, ""max_dropout"": 0.7002793885522403, ""max_units"": 995, ""momentum"": 0.18453027780093012, ""num_layers"": 2, ""weight_decay"": 0.02715211205231557}","{""time"": 10.535367012023926, ""val_accuracy"": 81.58580017089844, ""val_cross_entropy"": 0.5351381301879883, ""val_balanced_accuracy"": 0.8241322636604309, ""test_cross_entropy"": 0.6015877723693848, ""test_balanced_accuracy"": 0.8196051120758057}"
2026-04-16T00:27:21.492562,tpe,lcbench,189865,0,399,6.722884654998779,"{""OpenML_task_id"": ""189908"", ""batch_size"": 272, ""epoch"": 2, ""learning_rate"": 0.0016608099991370434, ""max_dropout"": 0.6538202582141871, ""max_units"": 964, ""momentum"": 0.8773325398124214, ""num_layers"": 2, ""weight_decay"": 0.02525270008443648}","{""time"": 6.722884654998779, ""val_accuracy"": 66.0068359375, ""val_cross_entropy"": 0.7179473638534546, ""val_balanced_accuracy"": 0.6758573651313782, ""test_cross_entropy"": 0.6612670421600342, ""test_balanced_accuracy"": 0.6699317693710327}"
2026-04-16T00:27:21.556488,tpe,lcbench,189865,0,400,7.13425350189209,"{""OpenML_task_id"": ""167200"", ""batch_size"": 241, ""epoch"": 4, ""learning_rate"": 0.055713668936824154, ""max_dropout"": 0.8194710637355077, ""max_units"": 986, ""momentum"": 0.5515470084614079, ""num_layers"": 2, ""weight_decay"": 0.018799756196353712}","{""time"": 7.13425350189209, ""val_accuracy"": 91.22756958007812, ""val_cross_entropy"": 0.30943533778190613, ""val_balanced_accuracy"": 0.8911844491958618, ""test_cross_entropy"": 0.5034170746803284, ""test_balanced_accuracy"": 0.8885536789894104}"
2026-04-16T00:27:21.613279,tpe,lcbench,189865,0,401,3.5978760719299316,"{""OpenML_task_id"": ""189906"", ""batch_size"": 275, ""epoch"": 3, ""learning_rate"": 0.00024973426264234097, ""max_dropout"": 0.7294272646791039, ""max_units"": 1023, ""momentum"": 0.15337406623658623, ""num_layers"": 2, ""weight_decay"": 0.029819498228776102}","{""time"": 3.5978760719299316, ""val_accuracy"": 55.04935836791992, ""val_cross_entropy"": 0.6512023210525513, ""val_balanced_accuracy"": 0.5413891673088074, ""test_cross_entropy"": 0.6757831573486328, ""test_balanced_accuracy"": 0.5389823317527771}"
2026-04-16T00:27:21.689039,tpe,lcbench,189865,0,402,57.064666748046875,"{""OpenML_task_id"": ""34539"", ""batch_size"": 261, ""epoch"": 52, ""learning_rate"": 0.0030607874068165715, ""max_dropout"": 0.6979421678999166, ""max_units"": 948, ""momentum"": 0.16725832928093598, ""num_layers"": 2, ""weight_decay"": 0.03235929061273066}","{""time"": 57.064666748046875, ""val_accuracy"": 86.7529296875, ""val_cross_entropy"": 0.39107629656791687, ""val_balanced_accuracy"": 0.8758347034454346, ""test_cross_entropy"": 0.535782516002655, ""test_balanced_accuracy"": 0.8660091161727905}"
2026-04-16T00:27:21.757850,tpe,lcbench,189865,0,403,6.937633037567139,"{""OpenML_task_id"": ""167152"", ""batch_size"": 248, ""epoch"": 1, ""learning_rate"": 0.0060691260510246405, ""max_dropout"": 0.7873078924923876, ""max_units"": 969, ""momentum"": 0.13597625051855655, ""num_layers"": 4, ""weight_decay"": 0.022386640312368353}","{""time"": 6.937633037567139, ""val_accuracy"": 47.52779769897461, ""val_cross_entropy"": 0.6271412968635559, ""val_balanced_accuracy"": 0.5018322467803955, ""test_cross_entropy"": 0.6782477498054504, ""test_balanced_accuracy"": 0.5012525320053101}"
2026-04-16T00:27:21.844069,tpe,lcbench,189865,0,404,4.553088665008545,"{""OpenML_task_id"": ""189909"", ""batch_size"": 294, ""epoch"": 2, ""learning_rate"": 0.003873739386425473, ""max_dropout"": 0.6502450940171057, ""max_units"": 1003, ""momentum"": 0.18519422560909393, ""num_layers"": 2, ""weight_decay"": 0.025068470749196846}","{""time"": 4.553088665008545, ""val_accuracy"": 60.78086471557617, ""val_cross_entropy"": 0.6812829375267029, ""val_balanced_accuracy"": 0.6195312142372131, ""test_cross_entropy"": 0.6640911102294922, ""test_balanced_accuracy"": 0.6142751574516296}"
2026-04-16T00:27:21.925892,tpe,lcbench,189865,0,405,0.6722769141197205,"{""OpenML_task_id"": ""167149"", ""batch_size"": 285, ""epoch"": 1, ""learning_rate"": 0.00014157620782417543, ""max_dropout"": 0.6723727505920755, ""max_units"": 984, ""momentum"": 0.1518860138484352, ""num_layers"": 2, ""weight_decay"": 0.026898744860511727}","{""time"": 0.6722769141197205, ""val_accuracy"": 50.62242126464844, ""val_cross_entropy"": 0.6501932144165039, ""val_balanced_accuracy"": 0.5216010808944702, ""test_cross_entropy"": 0.6792924404144287, ""test_balanced_accuracy"": 0.5206915736198425}"
2026-04-16T00:27:21.997950,tpe,lcbench,189865,0,406,4.557271957397461,"{""OpenML_task_id"": ""167149"", ""batch_size"": 265, ""epoch"": 3, ""learning_rate"": 0.00011196924917425989, ""max_dropout"": 0.6692521456744366, ""max_units"": 962, ""momentum"": 0.4930227665449583, ""num_layers"": 2, ""weight_decay"": 0.023227001428026237}","{""time"": 4.557271957397461, ""val_accuracy"": 52.94529724121094, ""val_cross_entropy"": 0.6491841077804565, ""val_balanced_accuracy"": 0.5240082144737244, ""test_cross_entropy"": 0.6839380264282227, ""test_balanced_accuracy"": 0.5226417779922485}"
2026-04-16T00:27:22.239561,tpe,lcbench,189865,0,407,4.14590311050415,"{""OpenML_task_id"": ""167149"", ""batch_size"": 305, ""epoch"": 2, ""learning_rate"": 0.0016847959417698806, ""max_dropout"": 0.6461983436928619, ""max_units"": 983, ""momentum"": 0.1306632995061654, ""num_layers"": 2, ""weight_decay"": 0.02967480937804427}","{""time"": 4.14590311050415, ""val_accuracy"": 56.48836898803711, ""val_cross_entropy"": 0.672191858291626, ""val_balanced_accuracy"": 0.5607031583786011, ""test_cross_entropy"": 0.6752948760986328, ""test_balanced_accuracy"": 0.5550010800361633}"
2026-04-16T00:27:22.559117,tpe,lcbench,189865,0,408,0.6625156402587891,"{""OpenML_task_id"": ""167149"", ""batch_size"": 275, ""epoch"": 1, ""learning_rate"": 0.00016225212075799685, ""max_dropout"": 0.6792952184631564, ""max_units"": 984, ""momentum"": 0.14942170628591428, ""num_layers"": 2, ""weight_decay"": 0.04278450410692691}","{""time"": 0.6625156402587891, ""val_accuracy"": 51.20986557006836, ""val_cross_entropy"": 0.6438591480255127, ""val_balanced_accuracy"": 0.524804413318634, ""test_cross_entropy"": 0.6801004409790039, ""test_balanced_accuracy"": 0.5240132212638855}"
2026-04-16T00:27:22.619879,tpe,lcbench,189865,0,409,1.9231170415878296,"{""OpenML_task_id"": ""167149"", ""batch_size"": 337, ""epoch"": 2, ""learning_rate"": 0.0002697725889719138, ""max_dropout"": 0.6792299173806313, ""max_units"": 985, ""momentum"": 0.1451118990844387, ""num_layers"": 2, ""weight_decay"": 0.026768133148730746}","{""time"": 1.9231170415878296, ""val_accuracy"": 53.27573776245117, ""val_cross_entropy"": 0.6548317670822144, ""val_balanced_accuracy"": 0.5328828692436218, ""test_cross_entropy"": 0.6751008629798889, ""test_balanced_accuracy"": 0.530796229839325}"
2026-04-16T00:27:22.668399,tpe,lcbench,189865,0,410,40.94040298461914,"{""OpenML_task_id"": ""167149"", ""batch_size"": 294, ""epoch"": 47, ""learning_rate"": 0.0004434695455683366, ""max_dropout"": 0.6846909881663709, ""max_units"": 995, ""momentum"": 0.133593142951415, ""num_layers"": 2, ""weight_decay"": 0.04235305669797147}","{""time"": 40.94040298461914, ""val_accuracy"": 76.65445709228516, ""val_cross_entropy"": 0.5641295313835144, ""val_balanced_accuracy"": 0.7824038863182068, ""test_cross_entropy"": 0.6242349147796631, ""test_balanced_accuracy"": 0.7765135765075684}"
2026-04-16T00:27:22.713907,tpe,lcbench,189865,0,411,6.114895343780518,"{""OpenML_task_id"": ""167149"", ""batch_size"": 280, ""epoch"": 7, ""learning_rate"": 0.0001373978541501092, ""max_dropout"": 0.6796915497262981, ""max_units"": 985, ""momentum"": 0.1475367895858221, ""num_layers"": 2, ""weight_decay"": 0.04495439022848195}","{""time"": 6.114895343780518, ""val_accuracy"": 55.077083587646484, ""val_cross_entropy"": 0.6421564221382141, ""val_balanced_accuracy"": 0.549423098564148, ""test_cross_entropy"": 0.681806206703186, ""test_balanced_accuracy"": 0.5479714870452881}"
2026-04-16T00:27:22.769669,tpe,lcbench,189865,0,412,6.8553595542907715,"{""OpenML_task_id"": ""167149"", ""batch_size"": 288, ""epoch"": 4, ""learning_rate"": 0.0019173785205721247, ""max_dropout"": 0.7277562793039071, ""max_units"": 952, ""momentum"": 0.12578492392763144, ""num_layers"": 2, ""weight_decay"": 0.02549728799237091}","{""time"": 6.8553595542907715, ""val_accuracy"": 67.36637115478516, ""val_cross_entropy"": 0.661620020866394, ""val_balanced_accuracy"": 0.6883440613746643, ""test_cross_entropy"": 0.6539652347564697, ""test_balanced_accuracy"": 0.6830680966377258}"
2026-04-16T00:27:22.811849,tpe,lcbench,189865,0,413,4.805487632751465,"{""OpenML_task_id"": ""167200"", ""batch_size"": 358, ""epoch"": 3, ""learning_rate"": 0.001974761581239495, ""max_dropout"": 0.6995909784856876, ""max_units"": 992, ""momentum"": 0.14858726187594057, ""num_layers"": 2, ""weight_decay"": 0.049514462650809124}","{""time"": 4.805487632751465, ""val_accuracy"": 61.362586975097656, ""val_cross_entropy"": 0.6739295125007629, ""val_balanced_accuracy"": 0.6250813603401184, ""test_cross_entropy"": 0.6642148494720459, ""test_balanced_accuracy"": 0.6191614866256714}"
2026-04-16T00:27:22.864531,tpe,lcbench,189865,0,414,5.236379146575928,"{""OpenML_task_id"": ""167149"", ""batch_size"": 331, ""epoch"": 2, ""learning_rate"": 0.002062012339792962, ""max_dropout"": 0.750533981308005, ""max_units"": 966, ""momentum"": 0.594047211066397, ""num_layers"": 2, ""weight_decay"": 0.03786451091299205}","{""time"": 5.236379146575928, ""val_accuracy"": 58.548458099365234, ""val_cross_entropy"": 0.7036319971084595, ""val_balanced_accuracy"": 0.5861711502075195, ""test_cross_entropy"": 0.6743656992912292, ""test_balanced_accuracy"": 0.5802920460700989}"
2026-04-16T00:27:22.910245,tpe,lcbench,189865,0,415,4.763653755187988,"{""OpenML_task_id"": ""167149"", ""batch_size"": 315, ""epoch"": 4, ""learning_rate"": 0.0003337070938219562, ""max_dropout"": 0.6742497792154692, ""max_units"": 1001, ""momentum"": 0.13998719970281243, ""num_layers"": 2, ""weight_decay"": 0.041313397057060365}","{""time"": 4.763653755187988, ""val_accuracy"": 55.72748565673828, ""val_cross_entropy"": 0.6560309529304504, ""val_balanced_accuracy"": 0.5479798913002014, ""test_cross_entropy"": 0.6785387992858887, ""test_balanced_accuracy"": 0.5461288690567017}"
2026-04-16T00:27:22.966840,tpe,lcbench,189865,0,416,1.4266854524612427,"{""OpenML_task_id"": ""126025"", ""batch_size"": 477, ""epoch"": 3, ""learning_rate"": 0.00010509957010819643, ""max_dropout"": 0.6942592590967346, ""max_units"": 978, ""momentum"": 0.16881051693736548, ""num_layers"": 2, ""weight_decay"": 0.026089258230235775}","{""time"": 1.4266854524612427, ""val_accuracy"": 52.118690490722656, ""val_cross_entropy"": 0.6475677490234375, ""val_balanced_accuracy"": 0.5377891063690186, ""test_cross_entropy"": 0.6821721792221069, ""test_balanced_accuracy"": 0.5354503393173218}"
2026-04-16T00:27:23.016859,tpe,lcbench,189865,0,417,38.51959991455078,"{""OpenML_task_id"": ""189908"", ""batch_size"": 396, ""epoch"": 40, ""learning_rate"": 0.002139127476508652, ""max_dropout"": 0.7237882148057836, ""max_units"": 945, ""momentum"": 0.1711629264326213, ""num_layers"": 2, ""weight_decay"": 0.039841862682895454}","{""time"": 38.51959991455078, ""val_accuracy"": 85.23219299316406, ""val_cross_entropy"": 0.47925886511802673, ""val_balanced_accuracy"": 0.8536828756332397, ""test_cross_entropy"": 0.5793414115905762, ""test_balanced_accuracy"": 0.8464338183403015}"
2026-04-16T00:27:23.063778,tpe,lcbench,189865,0,418,3.546280860900879,"{""OpenML_task_id"": ""126025"", ""batch_size"": 497, ""epoch"": 3, ""learning_rate"": 0.00010531562466779474, ""max_dropout"": 0.7020715606486689, ""max_units"": 972, ""momentum"": 0.7844895439601656, ""num_layers"": 2, ""weight_decay"": 0.028198068726769176}","{""time"": 3.546280860900879, ""val_accuracy"": 54.72294616699219, ""val_cross_entropy"": 0.657532274723053, ""val_balanced_accuracy"": 0.5217702388763428, ""test_cross_entropy"": 0.6898742914199829, ""test_balanced_accuracy"": 0.5192683339118958}"
2026-04-16T00:27:23.100160,tpe,lcbench,189865,0,419,1.504775881767273,"{""OpenML_task_id"": ""126025"", ""batch_size"": 482, ""epoch"": 1, ""learning_rate"": 0.003102126248862975, ""max_dropout"": 0.6638704236613555, ""max_units"": 1004, ""momentum"": 0.1776143968110721, ""num_layers"": 2, ""weight_decay"": 0.023834936167429085}","{""time"": 1.504775881767273, ""val_accuracy"": 53.54069519042969, ""val_cross_entropy"": 0.6435313820838928, ""val_balanced_accuracy"": 0.5341467261314392, ""test_cross_entropy"": 0.6758362054824829, ""test_balanced_accuracy"": 0.5317010879516602}"
2026-04-16T00:27:23.154321,tpe,lcbench,189865,0,420,1.8631547689437866,"{""OpenML_task_id"": ""126025"", ""batch_size"": 221, ""epoch"": 1, ""learning_rate"": 0.0018466048779513882, ""max_dropout"": 0.6634941335098611, ""max_units"": 1004, ""momentum"": 0.18220252021760971, ""num_layers"": 1, ""weight_decay"": 0.021612866425056325}","{""time"": 1.8631547689437866, ""val_accuracy"": 57.076778411865234, ""val_cross_entropy"": 0.6525124907493591, ""val_balanced_accuracy"": 0.5716660618782043, ""test_cross_entropy"": 0.6849149465560913, ""test_balanced_accuracy"": 0.5632402300834656}"
2026-04-16T00:27:23.192256,tpe,lcbench,189865,0,421,4.080362796783447,"{""OpenML_task_id"": ""146212"", ""batch_size"": 478, ""epoch"": 6, ""learning_rate"": 0.00012416244871886733, ""max_dropout"": 0.6687162795417357, ""max_units"": 1009, ""momentum"": 0.17896379193902084, ""num_layers"": 1, ""weight_decay"": 0.023647637929014982}","{""time"": 4.080362796783447, ""val_accuracy"": 58.96512985229492, ""val_cross_entropy"": 0.6330355405807495, ""val_balanced_accuracy"": 0.5752119421958923, ""test_cross_entropy"": 0.6786874532699585, ""test_balanced_accuracy"": 0.5736244320869446}"
2026-04-16T00:27:23.237774,tpe,lcbench,189865,0,422,21.848705291748047,"{""OpenML_task_id"": ""126025"", ""batch_size"": 439, ""epoch"": 15, ""learning_rate"": 0.002549601956195863, ""max_dropout"": 0.7663378956233736, ""max_units"": 1024, ""momentum"": 0.20606445258959555, ""num_layers"": 1, ""weight_decay"": 0.02160767491605741}","{""time"": 21.848705291748047, ""val_accuracy"": 67.53052520751953, ""val_cross_entropy"": 0.61756831407547, ""val_balanced_accuracy"": 0.6555721163749695, ""test_cross_entropy"": 0.653628408908844, ""test_balanced_accuracy"": 0.6479122638702393}"
2026-04-16T00:27:23.282459,tpe,lcbench,189865,0,423,5.281002044677734,"{""OpenML_task_id"": ""126025"", ""batch_size"": 478, ""epoch"": 3, ""learning_rate"": 0.00276130434947863, ""max_dropout"": 0.6918470076872998, ""max_units"": 1006, ""momentum"": 0.16574610083761537, ""num_layers"": 1, ""weight_decay"": 0.019701697267189833}","{""time"": 5.281002044677734, ""val_accuracy"": 61.41914367675781, ""val_cross_entropy"": 0.625266969203949, ""val_balanced_accuracy"": 0.5961008667945862, ""test_cross_entropy"": 0.6732147932052612, ""test_balanced_accuracy"": 0.5913660526275635}"
2026-04-16T00:27:23.330883,tpe,lcbench,189865,0,424,6.4858245849609375,"{""OpenML_task_id"": ""126025"", ""batch_size"": 469, ""epoch"": 2, ""learning_rate"": 0.0019230636782475432, ""max_dropout"": 0.712014225961353, ""max_units"": 981, ""momentum"": 0.18444018996980563, ""num_layers"": 3, ""weight_decay"": 0.02296551866431853}","{""time"": 6.4858245849609375, ""val_accuracy"": 53.57420349121094, ""val_cross_entropy"": 0.661724865436554, ""val_balanced_accuracy"": 0.5297110080718994, ""test_cross_entropy"": 0.6715556383132935, ""test_balanced_accuracy"": 0.5329478979110718}"
2026-04-16T00:27:23.378858,tpe,lcbench,189865,0,425,51.442161560058594,"{""OpenML_task_id"": ""126029"", ""batch_size"": 228, ""epoch"": 5, ""learning_rate"": 0.003740109455922894, ""max_dropout"": 0.6603902137820801, ""max_units"": 1004, ""momentum"": 0.15965355287939348, ""num_layers"": 4, ""weight_decay"": 0.015603225065386321}","{""time"": 51.442161560058594, ""val_accuracy"": 54.99447250366211, ""val_cross_entropy"": 0.6372517943382263, ""val_balanced_accuracy"": 0.5494283437728882, ""test_cross_entropy"": 0.6863508224487305, ""test_balanced_accuracy"": 0.5434272289276123}"
2026-04-16T00:27:23.432924,tpe,lcbench,189865,0,426,1.8408432006835938,"{""OpenML_task_id"": ""126025"", ""batch_size"": 282, ""epoch"": 1, ""learning_rate"": 0.005982135858346882, ""max_dropout"": 0.6947567931238375, ""max_units"": 1007, ""momentum"": 0.17504757517792413, ""num_layers"": 1, ""weight_decay"": 0.02180074918915063}","{""time"": 1.8408432006835938, ""val_accuracy"": 57.49525833129883, ""val_cross_entropy"": 0.6726902723312378, ""val_balanced_accuracy"": 0.5754720568656921, ""test_cross_entropy"": 0.6789411306381226, ""test_balanced_accuracy"": 0.5720968842506409}"
2026-04-16T00:27:23.491303,tpe,lcbench,189865,0,427,5.071831703186035,"{""OpenML_task_id"": ""126025"", ""batch_size"": 256, ""epoch"": 2, ""learning_rate"": 0.005971792526209654, ""max_dropout"": 0.7330700337498934, ""max_units"": 1006, ""momentum"": 0.19909783818239607, ""num_layers"": 1, ""weight_decay"": 0.021424402821714154}","{""time"": 5.071831703186035, ""val_accuracy"": 57.93326950073242, ""val_cross_entropy"": 0.6270139217376709, ""val_balanced_accuracy"": 0.5907651782035828, ""test_cross_entropy"": 0.6678080558776855, ""test_balanced_accuracy"": 0.5875905156135559}"
2026-04-16T00:27:23.538539,tpe,lcbench,189865,0,428,3.3984668254852295,"{""OpenML_task_id"": ""126025"", ""batch_size"": 204, ""epoch"": 3, ""learning_rate"": 0.0001455884918496169, ""max_dropout"": 0.7015096694307312, ""max_units"": 969, ""momentum"": 0.18436993422739867, ""num_layers"": 1, ""weight_decay"": 0.024884352478794086}","{""time"": 3.3984668254852295, ""val_accuracy"": 55.94442367553711, ""val_cross_entropy"": 0.6499990224838257, ""val_balanced_accuracy"": 0.556725025177002, ""test_cross_entropy"": 0.6830682158470154, ""test_balanced_accuracy"": 0.5460080504417419}"
2026-04-16T00:27:23.597916,tpe,lcbench,189865,0,429,31.827537536621094,"{""OpenML_task_id"": ""126025"", ""batch_size"": 283, ""epoch"": 24, ""learning_rate"": 0.004110596092686776, ""max_dropout"": 0.8402346884516654, ""max_units"": 1008, ""momentum"": 0.1529729293204457, ""num_layers"": 1, ""weight_decay"": 0.017381796236342107}","{""time"": 31.827537536621094, ""val_accuracy"": 77.60701751708984, ""val_cross_entropy"": 0.535233736038208, ""val_balanced_accuracy"": 0.7626733183860779, ""test_cross_entropy"": 0.6025117635726929, ""test_balanced_accuracy"": 0.7566933631896973}"
2026-04-16T00:27:23.657632,tpe,lcbench,189865,0,430,1.2691103219985962,"{""OpenML_task_id"": ""126025"", ""batch_size"": 512, ""epoch"": 1, ""learning_rate"": 0.002339102269643769, ""max_dropout"": 0.6858745504688114, ""max_units"": 984, ""momentum"": 0.16760516083384422, ""num_layers"": 1, ""weight_decay"": 0.020398343203588146}","{""time"": 1.2691103219985962, ""val_accuracy"": 59.67180252075195, ""val_cross_entropy"": 0.6022983193397522, ""val_balanced_accuracy"": 0.6014342308044434, ""test_cross_entropy"": 0.6698179244995117, ""test_balanced_accuracy"": 0.5973984003067017}"
2026-04-16T00:27:23.706498,tpe,lcbench,189865,0,431,1.4001905918121338,"{""OpenML_task_id"": ""126025"", ""batch_size"": 500, ""epoch"": 1, ""learning_rate"": 0.005879765484958707, ""max_dropout"": 0.7427837365836474, ""max_units"": 983, ""momentum"": 0.1627467410679786, ""num_layers"": 1, ""weight_decay"": 0.018385043727966923}","{""time"": 1.4001905918121338, ""val_accuracy"": 60.62872314453125, ""val_cross_entropy"": 0.6144228577613831, ""val_balanced_accuracy"": 0.6050355434417725, ""test_cross_entropy"": 0.6677625179290771, ""test_balanced_accuracy"": 0.6016063094139099}"
2026-04-16T00:27:23.766382,tpe,lcbench,189865,0,432,3.18371844291687,"{""OpenML_task_id"": ""168335"", ""batch_size"": 512, ""epoch"": 2, ""learning_rate"": 0.0030710362787931453, ""max_dropout"": 0.75533299102967, ""max_units"": 970, ""momentum"": 0.15783731209473498, ""num_layers"": 1, ""weight_decay"": 0.01608241657846155}","{""time"": 3.18371844291687, ""val_accuracy"": 61.33894729614258, ""val_cross_entropy"": 0.6299630999565125, ""val_balanced_accuracy"": 0.5993580222129822, ""test_cross_entropy"": 0.6724614500999451, ""test_balanced_accuracy"": 0.5957404971122742}"
2026-04-16T00:27:23.820191,tpe,lcbench,189865,0,433,12.436030387878418,"{""OpenML_task_id"": ""126025"", ""batch_size"": 493, ""epoch"": 3, ""learning_rate"": 0.06401427696163715, ""max_dropout"": 0.7419760006416984, ""max_units"": 956, ""momentum"": 0.1242511515135492, ""num_layers"": 1, ""weight_decay"": 0.019194102305721022}","{""time"": 12.436030387878418, ""val_accuracy"": 75.16007232666016, ""val_cross_entropy"": 0.5385343432426453, ""val_balanced_accuracy"": 0.7594927549362183, ""test_cross_entropy"": 0.6013959646224976, ""test_balanced_accuracy"": 0.7575063705444336}"
2026-04-16T00:27:23.872391,tpe,lcbench,189865,0,434,2.549234390258789,"{""OpenML_task_id"": ""167104"", ""batch_size"": 508, ""epoch"": 4, ""learning_rate"": 0.0001351493603994813, ""max_dropout"": 0.774318926231187, ""max_units"": 980, ""momentum"": 0.14878991728257374, ""num_layers"": 1, ""weight_decay"": 0.012511774091003396}","{""time"": 2.549234390258789, ""val_accuracy"": 57.48265075683594, ""val_cross_entropy"": 0.610061764717102, ""val_balanced_accuracy"": 0.5780848264694214, ""test_cross_entropy"": 0.6735650300979614, ""test_balanced_accuracy"": 0.575400710105896}"
2026-04-16T00:27:23.929264,tpe,lcbench,189865,0,435,2.051408290863037,"{""OpenML_task_id"": ""167168"", ""batch_size"": 491, ""epoch"": 1, ""learning_rate"": 0.0021218536628450487, ""max_dropout"": 0.718306764249978, ""max_units"": 265, ""momentum"": 0.1678764855954557, ""num_layers"": 1, ""weight_decay"": 0.02437491239119634}","{""time"": 2.051408290863037, ""val_accuracy"": 63.24346160888672, ""val_cross_entropy"": 0.6369178295135498, ""val_balanced_accuracy"": 0.5938459634780884, ""test_cross_entropy"": 0.6744445562362671, ""test_balanced_accuracy"": 0.5881511569023132}"
2026-04-16T00:27:23.977314,tpe,lcbench,189865,0,436,3.6536550521850586,"{""OpenML_task_id"": ""167185"", ""batch_size"": 505, ""epoch"": 2, ""learning_rate"": 0.004073656348742312, ""max_dropout"": 0.739911661287213, ""max_units"": 981, ""momentum"": 0.20741374806288299, ""num_layers"": 1, ""weight_decay"": 0.017874920441709137}","{""time"": 3.6536550521850586, ""val_accuracy"": 60.88412857055664, ""val_cross_entropy"": 0.637529194355011, ""val_balanced_accuracy"": 0.5950296521186829, ""test_cross_entropy"": 0.6736792922019958, ""test_balanced_accuracy"": 0.5930072069168091}"
2026-04-16T00:27:24.024806,tpe,lcbench,189865,0,437,1.955189824104309,"{""OpenML_task_id"": ""167200"", ""batch_size"": 500, ""epoch"": 1, ""learning_rate"": 0.0021055229569567993, ""max_dropout"": 0.7194638654345731, ""max_units"": 958, ""momentum"": 0.14761204315224616, ""num_layers"": 3, ""weight_decay"": 0.026902627464354758}","{""time"": 1.955189824104309, ""val_accuracy"": 49.988014221191406, ""val_cross_entropy"": 0.6697390079498291, ""val_balanced_accuracy"": 0.510911762714386, ""test_cross_entropy"": 0.6740440726280212, ""test_balanced_accuracy"": 0.5177749395370483}"
2026-04-16T00:27:24.081273,tpe,lcbench,189865,0,438,6.701967716217041,"{""OpenML_task_id"": ""168910"", ""batch_size"": 512, ""epoch"": 3, ""learning_rate"": 0.005814514417061689, ""max_dropout"": 0.6878126400644968, ""max_units"": 986, ""momentum"": 0.12831979059941398, ""num_layers"": 1, ""weight_decay"": 0.032161386507870426}","{""time"": 6.701967716217041, ""val_accuracy"": 63.69293975830078, ""val_cross_entropy"": 0.6000530123710632, ""val_balanced_accuracy"": 0.6106107234954834, ""test_cross_entropy"": 0.6714868545532227, ""test_balanced_accuracy"": 0.6076399683952332}"
2026-04-16T00:27:24.127947,tpe,lcbench,189865,0,439,18.073875427246094,"{""OpenML_task_id"": ""126025"", ""batch_size"": 471, ""epoch"": 9, ""learning_rate"": 0.003837674733686168, ""max_dropout"": 0.7093029743046562, ""max_units"": 947, ""momentum"": 0.1675725375827736, ""num_layers"": 1, ""weight_decay"": 0.044220634016242634}","{""time"": 18.073875427246094, ""val_accuracy"": 67.71613311767578, ""val_cross_entropy"": 0.601017951965332, ""val_balanced_accuracy"": 0.6497735381126404, ""test_cross_entropy"": 0.6617891788482666, ""test_balanced_accuracy"": 0.640631377696991}"
2026-04-16T00:27:24.186897,tpe,lcbench,189865,0,440,12.543404579162598,"{""OpenML_task_id"": ""168331"", ""batch_size"": 493, ""epoch"": 2, ""learning_rate"": 0.0020952573325866723, ""max_dropout"": 0.7851786149010267, ""max_units"": 964, ""momentum"": 0.19306478694488438, ""num_layers"": 5, ""weight_decay"": 0.03029298588789378}","{""time"": 12.543404579162598, ""val_accuracy"": 49.56675338745117, ""val_cross_entropy"": 0.5915374159812927, ""val_balanced_accuracy"": 0.5418798923492432, ""test_cross_entropy"": 0.6768763065338135, ""test_balanced_accuracy"": 0.5344534516334534}"
2026-04-16T00:27:24.228000,tpe,lcbench,189865,0,441,8.24983024597168,"{""OpenML_task_id"": ""167200"", ""batch_size"": 269, ""epoch"": 4, ""learning_rate"": 0.0016631071718895437, ""max_dropout"": 0.7449175819577345, ""max_units"": 988, ""momentum"": 0.14730146959543633, ""num_layers"": 1, ""weight_decay"": 0.019801103634427462}","{""time"": 8.24983024597168, ""val_accuracy"": 59.32454299926758, ""val_cross_entropy"": 0.6277424693107605, ""val_balanced_accuracy"": 0.5934315323829651, ""test_cross_entropy"": 0.6712231040000916, ""test_balanced_accuracy"": 0.5855040550231934}"
2026-04-16T00:27:24.275056,tpe,lcbench,189865,0,442,0.8953921794891357,"{""OpenML_task_id"": ""126029"", ""batch_size"": 489, ""epoch"": 1, ""learning_rate"": 0.0001543945926843173, ""max_dropout"": 0.6807945547744236, ""max_units"": 1024, ""momentum"": 0.11900138197883954, ""num_layers"": 3, ""weight_decay"": 0.013856920321926109}","{""time"": 0.8953921794891357, ""val_accuracy"": 48.43091583251953, ""val_cross_entropy"": 0.6676489114761353, ""val_balanced_accuracy"": 0.5126815438270569, ""test_cross_entropy"": 0.6791148781776428, ""test_balanced_accuracy"": 0.5304136872291565}"
2026-04-16T00:27:24.324357,tpe,lcbench,189865,0,443,0.27764174342155457,"{""OpenML_task_id"": ""168331"", ""batch_size"": 484, ""epoch"": 1, ""learning_rate"": 0.00011518193073389955, ""max_dropout"": 0.6772743344621588, ""max_units"": 1017, ""momentum"": 0.10957106822618348, ""num_layers"": 2, ""weight_decay"": 0.03878382233558209}","{""time"": 0.27764174342155457, ""val_accuracy"": 51.38951110839844, ""val_cross_entropy"": 0.666254460811615, ""val_balanced_accuracy"": 0.5275633335113525, ""test_cross_entropy"": 0.6865823268890381, ""test_balanced_accuracy"": 0.527726411819458}"
2026-04-16T00:27:24.364893,tpe,lcbench,189865,0,444,2.2619733810424805,"{""OpenML_task_id"": ""126025"", ""batch_size"": 474, ""epoch"": 1, ""learning_rate"": 0.0019025468158541813, ""max_dropout"": 0.6794881312835749, ""max_units"": 1024, ""momentum"": 0.10015310470691498, ""num_layers"": 3, ""weight_decay"": 0.014031015826151516}","{""time"": 2.2619733810424805, ""val_accuracy"": 49.68829345703125, ""val_cross_entropy"": 0.6727179884910583, ""val_balanced_accuracy"": 0.5124518275260925, ""test_cross_entropy"": 0.6739542484283447, ""test_balanced_accuracy"": 0.5193436145782471}"
2026-04-16T00:27:24.420255,tpe,lcbench,189865,0,445,0.5816363096237183,"{""OpenML_task_id"": ""168908"", ""batch_size"": 485, ""epoch"": 1, ""learning_rate"": 0.0002545541432791643, ""max_dropout"": 0.6964277828252444, ""max_units"": 1022, ""momentum"": 0.10603919541733829, ""num_layers"": 1, ""weight_decay"": 0.034590686171839545}","{""time"": 0.5816363096237183, ""val_accuracy"": 56.915016174316406, ""val_cross_entropy"": 0.5582815408706665, ""val_balanced_accuracy"": 0.5819324254989624, ""test_cross_entropy"": 0.6665385961532593, ""test_balanced_accuracy"": 0.5768644213676453}"
2026-04-16T00:27:24.471285,tpe,lcbench,189865,0,446,2.3860812187194824,"{""OpenML_task_id"": ""189908"", ""batch_size"": 481, ""epoch"": 1, ""learning_rate"": 0.00454633846413322, ""max_dropout"": 0.7015374908499488, ""max_units"": 352, ""momentum"": 0.10032863815623415, ""num_layers"": 1, ""weight_decay"": 0.008026545240438762}","{""time"": 2.3860812187194824, ""val_accuracy"": 63.48856735229492, ""val_cross_entropy"": 0.6332400441169739, ""val_balanced_accuracy"": 0.5994357466697693, ""test_cross_entropy"": 0.6759113073348999, ""test_balanced_accuracy"": 0.592704176902771}"
2026-04-16T00:27:24.514882,tpe,lcbench,189865,0,447,3.989722490310669,"{""OpenML_task_id"": ""168331"", ""batch_size"": 485, ""epoch"": 1, ""learning_rate"": 0.0018578023909706298, ""max_dropout"": 0.7209135897703077, ""max_units"": 1021, ""momentum"": 0.12428957764895937, ""num_layers"": 4, ""weight_decay"": 0.03583094897094482}","{""time"": 3.989722490310669, ""val_accuracy"": 43.82484817504883, ""val_cross_entropy"": 0.6594990491867065, ""val_balanced_accuracy"": 0.4888739585876465, ""test_cross_entropy"": 0.6785922050476074, ""test_balanced_accuracy"": 0.4928511083126068}"
2026-04-16T00:27:24.574181,tpe,lcbench,189865,0,448,2.303807497024536,"{""OpenML_task_id"": ""167200"", ""batch_size"": 463, ""epoch"": 1, ""learning_rate"": 0.07523542578167437, ""max_dropout"": 0.6903406681965538, ""max_units"": 1024, ""momentum"": 0.11107130405501585, ""num_layers"": 1, ""weight_decay"": 0.010706141751065235}","{""time"": 2.303807497024536, ""val_accuracy"": 57.32411193847656, ""val_cross_entropy"": 0.6798299551010132, ""val_balanced_accuracy"": 0.5582082867622375, ""test_cross_entropy"": 0.6730160713195801, ""test_balanced_accuracy"": 0.564985454082489}"
2026-04-16T00:27:24.621582,tpe,lcbench,189865,0,449,12.186420440673828,"{""OpenML_task_id"": ""168331"", ""batch_size"": 489, ""epoch"": 3, ""learning_rate"": 0.005290940826518298, ""max_dropout"": 0.6745802607797217, ""max_units"": 1024, ""momentum"": 0.1171894900501619, ""num_layers"": 3, ""weight_decay"": 0.037713727503079275}","{""time"": 12.186420440673828, ""val_accuracy"": 60.01021957397461, ""val_cross_entropy"": 0.6636731624603271, ""val_balanced_accuracy"": 0.599547803401947, ""test_cross_entropy"": 0.6694028377532959, ""test_balanced_accuracy"": 0.5954440236091614}"
2026-04-16T00:27:24.674689,tpe,lcbench,189865,0,450,0.8702917098999023,"{""OpenML_task_id"": ""168908"", ""batch_size"": 503, ""epoch"": 2, ""learning_rate"": 0.00010224338619276919, ""max_dropout"": 0.7084029981473051, ""max_units"": 1006, ""momentum"": 0.1213898100165444, ""num_layers"": 1, ""weight_decay"": 0.032176497735521295}","{""time"": 0.8702917098999023, ""val_accuracy"": 57.39850997924805, ""val_cross_entropy"": 0.5778087973594666, ""val_balanced_accuracy"": 0.5767874121665955, ""test_cross_entropy"": 0.669190526008606, ""test_balanced_accuracy"": 0.5757597088813782}"
2026-04-16T00:27:24.723679,tpe,lcbench,189865,0,451,1.18683660030365,"{""OpenML_task_id"": ""126026"", ""batch_size"": 486, ""epoch"": 1, ""learning_rate"": 0.0034785128862830274, ""max_dropout"": 0.7292833520288327, ""max_units"": 1006, ""momentum"": 0.10001992047427573, ""num_layers"": 1, ""weight_decay"": 0.03407038645316421}","{""time"": 1.18683660030365, ""val_accuracy"": 60.134193420410156, ""val_cross_entropy"": 0.5994950532913208, ""val_balanced_accuracy"": 0.6074163317680359, ""test_cross_entropy"": 0.6666159629821777, ""test_balanced_accuracy"": 0.6045417785644531}"
2026-04-16T00:27:24.778102,tpe,lcbench,189865,0,452,1.0432060956954956,"{""OpenML_task_id"": ""168908"", ""batch_size"": 501, ""epoch"": 1, ""learning_rate"": 0.002114904124024326, ""max_dropout"": 0.7319916886269179, ""max_units"": 1024, ""momentum"": 0.10542870578708076, ""num_layers"": 1, ""weight_decay"": 0.035324871314733684}","{""time"": 1.0432060956954956, ""val_accuracy"": 59.752891540527344, ""val_cross_entropy"": 0.5826877951622009, ""val_balanced_accuracy"": 0.6045348644256592, ""test_cross_entropy"": 0.6664538979530334, ""test_balanced_accuracy"": 0.6014032363891602}"
2026-04-16T00:27:24.831097,tpe,lcbench,189865,0,453,0.9930051565170288,"{""OpenML_task_id"": ""168908"", ""batch_size"": 502, ""epoch"": 1, ""learning_rate"": 0.003278014014060058, ""max_dropout"": 0.9118169642444796, ""max_units"": 1005, ""momentum"": 0.1140958663225578, ""num_layers"": 1, ""weight_decay"": 0.03416830194375091}","{""time"": 0.9930051565170288, ""val_accuracy"": 60.3137321472168, ""val_cross_entropy"": 0.5943787097930908, ""val_balanced_accuracy"": 0.6072993278503418, ""test_cross_entropy"": 0.6654614210128784, ""test_balanced_accuracy"": 0.6056555509567261}"
2026-04-16T00:27:24.870177,tpe,lcbench,189865,0,454,1.0459949970245361,"{""OpenML_task_id"": ""168908"", ""batch_size"": 501, ""epoch"": 1, ""learning_rate"": 0.00637067744614194, ""max_dropout"": 0.9851817373572999, ""max_units"": 1023, ""momentum"": 0.11176841694481467, ""num_layers"": 1, ""weight_decay"": 0.03443410665256433}","{""time"": 1.0459949970245361, ""val_accuracy"": 61.06718826293945, ""val_cross_entropy"": 0.6064127683639526, ""val_balanced_accuracy"": 0.6053610444068909, ""test_cross_entropy"": 0.663277268409729, ""test_balanced_accuracy"": 0.605334460735321}"
2026-04-16T00:27:24.922078,tpe,lcbench,189865,0,455,1.1087461709976196,"{""OpenML_task_id"": ""126026"", ""batch_size"": 502, ""epoch"": 1, ""learning_rate"": 0.0064851276643815145, ""max_dropout"": 0.8790560186365461, ""max_units"": 1022, ""momentum"": 0.11926434768990113, ""num_layers"": 1, ""weight_decay"": 0.03493255840969379}","{""time"": 1.1087461709976196, ""val_accuracy"": 61.06439208984375, ""val_cross_entropy"": 0.6065104007720947, ""val_balanced_accuracy"": 0.6064682006835938, ""test_cross_entropy"": 0.6639342308044434, ""test_balanced_accuracy"": 0.6060588359832764}"
2026-04-16T00:27:24.966311,tpe,lcbench,189865,0,456,1.0808568000793457,"{""OpenML_task_id"": ""168908"", ""batch_size"": 503, ""epoch"": 1, ""learning_rate"": 0.006467322211838875, ""max_dropout"": 0.9047485795897577, ""max_units"": 1020, ""momentum"": 0.10921741127591919, ""num_layers"": 1, ""weight_decay"": 0.03596685656516353}","{""time"": 1.0808568000793457, ""val_accuracy"": 61.20046615600586, ""val_cross_entropy"": 0.6052443981170654, ""val_balanced_accuracy"": 0.6065364480018616, ""test_cross_entropy"": 0.663659930229187, ""test_balanced_accuracy"": 0.6064577698707581}"
2026-04-16T00:27:25.025786,tpe,lcbench,189865,0,457,19.155982971191406,"{""OpenML_task_id"": ""168908"", ""batch_size"": 502, ""epoch"": 18, ""learning_rate"": 0.0063192021018513445, ""max_dropout"": 0.997027293832014, ""max_units"": 1020, ""momentum"": 0.10040956506222767, ""num_layers"": 1, ""weight_decay"": 0.033899876192457025}","{""time"": 19.155982971191406, ""val_accuracy"": 75.935302734375, ""val_cross_entropy"": 0.5366692543029785, ""val_balanced_accuracy"": 0.7377730011940002, ""test_cross_entropy"": 0.6191315650939941, ""test_balanced_accuracy"": 0.7308750152587891}"
2026-04-16T00:27:25.083297,tpe,lcbench,189865,0,458,1.098984956741333,"{""OpenML_task_id"": ""168908"", ""batch_size"": 503, ""epoch"": 1, ""learning_rate"": 0.006740614706632177, ""max_dropout"": 0.9188523473915282, ""max_units"": 1009, ""momentum"": 0.10177408235743389, ""num_layers"": 1, ""weight_decay"": 0.033863059374640306}","{""time"": 1.098984956741333, ""val_accuracy"": 61.28258514404297, ""val_cross_entropy"": 0.6070241928100586, ""val_balanced_accuracy"": 0.6061813831329346, ""test_cross_entropy"": 0.6638706922531128, ""test_balanced_accuracy"": 0.6060680747032166}"
2026-04-16T00:27:25.135754,tpe,lcbench,189865,0,459,1.105957269668579,"{""OpenML_task_id"": ""168908"", ""batch_size"": 501, ""epoch"": 1, ""learning_rate"": 0.006725731713235091, ""max_dropout"": 0.897407319817873, ""max_units"": 1009, ""momentum"": 0.10038992765640135, ""num_layers"": 1, ""weight_decay"": 0.034873951959124225}","{""time"": 1.105957269668579, ""val_accuracy"": 61.27837371826172, ""val_cross_entropy"": 0.6060510873794556, ""val_balanced_accuracy"": 0.6065387725830078, ""test_cross_entropy"": 0.6637422442436218, ""test_balanced_accuracy"": 0.6063432693481445}"
2026-04-16T00:27:25.194747,tpe,lcbench,189865,0,460,1.1073517799377441,"{""OpenML_task_id"": ""168908"", ""batch_size"": 500, ""epoch"": 1, ""learning_rate"": 0.007351930334471303, ""max_dropout"": 0.9022431860881492, ""max_units"": 1023, ""momentum"": 0.11043850764433166, ""num_layers"": 1, ""weight_decay"": 0.03465639400772072}","{""time"": 1.1073517799377441, ""val_accuracy"": 61.20525360107422, ""val_cross_entropy"": 0.6096383929252625, ""val_balanced_accuracy"": 0.6060692667961121, ""test_cross_entropy"": 0.6640163660049438, ""test_balanced_accuracy"": 0.6059108972549438}"
2026-04-16T00:27:25.258581,tpe,lcbench,189865,0,461,1.0780678987503052,"{""OpenML_task_id"": ""168908"", ""batch_size"": 502, ""epoch"": 1, ""learning_rate"": 0.007337217645915795, ""max_dropout"": 0.934682782824554, ""max_units"": 1024, ""momentum"": 0.10233251082599394, ""num_layers"": 1, ""weight_decay"": 0.03552110778334746}","{""time"": 1.0780678987503052, ""val_accuracy"": 61.313682556152344, ""val_cross_entropy"": 0.6087279319763184, ""val_balanced_accuracy"": 0.6058658361434937, ""test_cross_entropy"": 0.6632076501846313, ""test_balanced_accuracy"": 0.6060588359832764}"
2026-04-16T00:27:25.346985,tpe,lcbench,189865,0,462,1.1240854263305664,"{""OpenML_task_id"": ""168908"", ""batch_size"": 503, ""epoch"": 1, ""learning_rate"": 0.008302849897271586, ""max_dropout"": 0.9074383067665822, ""max_units"": 1023, ""momentum"": 0.10383648324221965, ""num_layers"": 1, ""weight_decay"": 0.03540897767860564}","{""time"": 1.1240854263305664, ""val_accuracy"": 61.322105407714844, ""val_cross_entropy"": 0.6122865080833435, ""val_balanced_accuracy"": 0.6057676076889038, ""test_cross_entropy"": 0.6639586687088013, ""test_balanced_accuracy"": 0.6058473587036133}"
2026-04-16T00:27:25.443316,tpe,lcbench,189865,0,463,1.1296632289886475,"{""OpenML_task_id"": ""168908"", ""batch_size"": 501, ""epoch"": 1, ""learning_rate"": 0.008326737556322244, ""max_dropout"": 0.9081731982637644, ""max_units"": 1023, ""momentum"": 0.10357996691958916, ""num_layers"": 1, ""weight_decay"": 0.03472439344017123}","{""time"": 1.1296632289886475, ""val_accuracy"": 61.293922424316406, ""val_cross_entropy"": 0.6125556826591492, ""val_balanced_accuracy"": 0.6056347489356995, ""test_cross_entropy"": 0.6639496088027954, ""test_balanced_accuracy"": 0.6056278347969055}"
2026-04-16T00:27:25.532084,tpe,lcbench,189865,0,464,1.1310577392578125,"{""OpenML_task_id"": ""168908"", ""batch_size"": 501, ""epoch"": 1, ""learning_rate"": 0.007993019834485353, ""max_dropout"": 0.9013824839262102, ""max_units"": 1019, ""momentum"": 0.10013347968544037, ""num_layers"": 1, ""weight_decay"": 0.034350261583140224}","{""time"": 1.1310577392578125, ""val_accuracy"": 61.31496810913086, ""val_cross_entropy"": 0.6109136343002319, ""val_balanced_accuracy"": 0.605991780757904, ""test_cross_entropy"": 0.6640210151672363, ""test_balanced_accuracy"": 0.6059282422065735}"
2026-04-16T00:27:25.743537,tpe,lcbench,189865,0,465,1.128268837928772,"{""OpenML_task_id"": ""168908"", ""batch_size"": 504, ""epoch"": 1, ""learning_rate"": 0.008207367462746622, ""max_dropout"": 0.8968630826768456, ""max_units"": 1022, ""momentum"": 0.10008092237893697, ""num_layers"": 1, ""weight_decay"": 0.034848951047914294}","{""time"": 1.128268837928772, ""val_accuracy"": 61.341758728027344, ""val_cross_entropy"": 0.6114490032196045, ""val_balanced_accuracy"": 0.6060830950737, ""test_cross_entropy"": 0.6641495227813721, ""test_balanced_accuracy"": 0.6061212420463562}"
2026-04-16T00:27:25.797485,tpe,lcbench,189865,0,466,1.1199020147323608,"{""OpenML_task_id"": ""168908"", ""batch_size"": 502, ""epoch"": 1, ""learning_rate"": 0.008044876135419106, ""max_dropout"": 0.9185322594335373, ""max_units"": 1021, ""momentum"": 0.10804365052331386, ""num_layers"": 1, ""weight_decay"": 0.03447554309756115}","{""time"": 1.1199020147323608, ""val_accuracy"": 61.27533721923828, ""val_cross_entropy"": 0.612417995929718, ""val_balanced_accuracy"": 0.605518102645874, ""test_cross_entropy"": 0.6638236045837402, ""test_balanced_accuracy"": 0.6055019497871399}"
2026-04-16T00:27:25.979328,tpe,lcbench,189865,0,467,1.1422134637832642,"{""OpenML_task_id"": ""168908"", ""batch_size"": 498, ""epoch"": 1, ""learning_rate"": 0.008362213615910113, ""max_dropout"": 0.9047360416370792, ""max_units"": 1016, ""momentum"": 0.1024670161711687, ""num_layers"": 1, ""weight_decay"": 0.034749922252063144}","{""time"": 1.1422134637832642, ""val_accuracy"": 61.30128860473633, ""val_cross_entropy"": 0.6128054261207581, ""val_balanced_accuracy"": 0.6055781245231628, ""test_cross_entropy"": 0.6640236377716064, ""test_balanced_accuracy"": 0.6054453253746033}"
2026-04-16T00:27:26.050397,tpe,lcbench,189865,0,468,1.165919542312622,"{""OpenML_task_id"": ""168908"", ""batch_size"": 500, ""epoch"": 1, ""learning_rate"": 0.009521268198231982, ""max_dropout"": 0.8988810888401088, ""max_units"": 1023, ""momentum"": 0.10033184727305343, ""num_layers"": 1, ""weight_decay"": 0.03525384801103864}","{""time"": 1.165919542312622, ""val_accuracy"": 61.32526397705078, ""val_cross_entropy"": 0.6172610521316528, ""val_balanced_accuracy"": 0.604990541934967, ""test_cross_entropy"": 0.6643128395080566, ""test_balanced_accuracy"": 0.6049731969833374}"
2026-04-16T00:27:26.111622,tpe,lcbench,189865,0,469,1.135241150856018,"{""OpenML_task_id"": ""168908"", ""batch_size"": 495, ""epoch"": 1, ""learning_rate"": 0.008205516081713063, ""max_dropout"": 0.9102368090938507, ""max_units"": 1021, ""momentum"": 0.10021816382516066, ""num_layers"": 1, ""weight_decay"": 0.0328930855117672}","{""time"": 1.135241150856018, ""val_accuracy"": 61.23748016357422, ""val_cross_entropy"": 0.6123265624046326, ""val_balanced_accuracy"": 0.6054384112358093, ""test_cross_entropy"": 0.6638703942298889, ""test_balanced_accuracy"": 0.6051901578903198}"
2026-04-16T00:27:26.165108,tpe,lcbench,189865,0,470,1.1687084436416626,"{""OpenML_task_id"": ""168908"", ""batch_size"": 494, ""epoch"": 1, ""learning_rate"": 0.009083132121172255, ""max_dropout"": 0.9049760126081994, ""max_units"": 1024, ""momentum"": 0.10952514596939258, ""num_layers"": 1, ""weight_decay"": 0.032662359270240145}","{""time"": 1.1687084436416626, ""val_accuracy"": 61.13851547241211, ""val_cross_entropy"": 0.6175631284713745, ""val_balanced_accuracy"": 0.6044126749038696, ""test_cross_entropy"": 0.664307713508606, ""test_balanced_accuracy"": 0.6040162444114685}"
2026-04-16T00:27:26.208789,tpe,lcbench,189865,0,471,1.0906181335449219,"{""OpenML_task_id"": ""168908"", ""batch_size"": 498, ""epoch"": 1, ""learning_rate"": 0.007782006010055588, ""max_dropout"": 0.9483224058843468, ""max_units"": 1023, ""momentum"": 0.10063950287610478, ""num_layers"": 1, ""weight_decay"": 0.03480847415689833}","{""time"": 1.0906181335449219, ""val_accuracy"": 61.31496810913086, ""val_cross_entropy"": 0.6107594966888428, ""val_balanced_accuracy"": 0.6052905917167664, ""test_cross_entropy"": 0.6629470586776733, ""test_balanced_accuracy"": 0.6053898930549622}"
2026-04-16T00:27:26.268453,tpe,lcbench,189865,0,472,1.0878291130065918,"{""OpenML_task_id"": ""168908"", ""batch_size"": 504, ""epoch"": 1, ""learning_rate"": 0.008177142253859118, ""max_dropout"": 0.9557734543326826, ""max_units"": 1024, ""momentum"": 0.10296194659896793, ""num_layers"": 1, ""weight_decay"": 0.03614136701402501}","{""time"": 1.0878291130065918, ""val_accuracy"": 61.43074035644531, ""val_cross_entropy"": 0.6129862666130066, ""val_balanced_accuracy"": 0.6054511070251465, ""test_cross_entropy"": 0.6628815531730652, ""test_balanced_accuracy"": 0.6057953238487244}"
2026-04-16T00:27:26.327430,tpe,lcbench,189865,0,473,1.0822513103485107,"{""OpenML_task_id"": ""168908"", ""batch_size"": 506, ""epoch"": 1, ""learning_rate"": 0.007735552335640016, ""max_dropout"": 0.9607449669370935, ""max_units"": 1022, ""momentum"": 0.11592112677571115, ""num_layers"": 1, ""weight_decay"": 0.03665399557370497}","{""time"": 1.0822513103485107, ""val_accuracy"": 61.317073822021484, ""val_cross_entropy"": 0.6126800775527954, ""val_balanced_accuracy"": 0.605023980140686, ""test_cross_entropy"": 0.6630163192749023, ""test_balanced_accuracy"": 0.6053159832954407}"
2026-04-16T00:27:26.387762,tpe,lcbench,189865,0,474,1.1394245624542236,"{""OpenML_task_id"": ""168908"", ""batch_size"": 507, ""epoch"": 1, ""learning_rate"": 0.00959476500503822, ""max_dropout"": 0.9397991954180464, ""max_units"": 1022, ""momentum"": 0.11504320828087669, ""num_layers"": 1, ""weight_decay"": 0.03675177696550238}","{""time"": 1.1394245624542236, ""val_accuracy"": 61.418556213378906, ""val_cross_entropy"": 0.6199296712875366, ""val_balanced_accuracy"": 0.6049605011940002, ""test_cross_entropy"": 0.6636074781417847, ""test_balanced_accuracy"": 0.6052675247192383}"
2026-04-16T00:27:26.472674,tpe,lcbench,189865,0,475,3.2743589878082275,"{""OpenML_task_id"": ""168908"", ""batch_size"": 488, ""epoch"": 2, ""learning_rate"": 0.0074506387165504525, ""max_dropout"": 0.9601477233846272, ""max_units"": 1024, ""momentum"": 0.11743447234405964, ""num_layers"": 1, ""weight_decay"": 0.03856185993346909}","{""time"": 3.2743589878082275, ""val_accuracy"": 62.77535629272461, ""val_cross_entropy"": 0.6039126515388489, ""val_balanced_accuracy"": 0.6015650033950806, ""test_cross_entropy"": 0.6676115989685059, ""test_balanced_accuracy"": 0.6042282581329346}"
2026-04-16T00:27:26.547297,tpe,lcbench,189865,0,476,32.237510681152344,"{""OpenML_task_id"": ""168908"", ""batch_size"": 509, ""epoch"": 42, ""learning_rate"": 0.010062727148953692, ""max_dropout"": 0.88028360619136, ""max_units"": 1024, ""momentum"": 0.11350198301261162, ""num_layers"": 1, ""weight_decay"": 0.035825695150579734}","{""time"": 32.237510681152344, ""val_accuracy"": 84.18941497802734, ""val_cross_entropy"": 0.4477735161781311, ""val_balanced_accuracy"": 0.836116373538971, ""test_cross_entropy"": 0.5666637420654297, ""test_balanced_accuracy"": 0.8292331099510193}"
2026-04-16T00:27:26.619270,tpe,lcbench,189865,0,477,3.430539608001709,"{""OpenML_task_id"": ""168908"", ""batch_size"": 489, ""epoch"": 2, ""learning_rate"": 0.007597183786225981, ""max_dropout"": 0.9379831647897403, ""max_units"": 1006, ""momentum"": 0.10036647333243316, ""num_layers"": 1, ""weight_decay"": 0.03176967434524768}","{""time"": 3.430539608001709, ""val_accuracy"": 62.76231002807617, ""val_cross_entropy"": 0.6053892970085144, ""val_balanced_accuracy"": 0.6021320819854736, ""test_cross_entropy"": 0.6674516797065735, ""test_balanced_accuracy"": 0.6048278212547302}"
2026-04-16T00:27:26.675767,tpe,lcbench,189865,0,478,1.0808568000793457,"{""OpenML_task_id"": ""168908"", ""batch_size"": 512, ""epoch"": 1, ""learning_rate"": 0.007179396505885729, ""max_dropout"": 0.9746466603863151, ""max_units"": 1008, ""momentum"": 0.11819394770056851, ""num_layers"": 1, ""weight_decay"": 0.03644218892010991}","{""time"": 1.0808568000793457, ""val_accuracy"": 61.236663818359375, ""val_cross_entropy"": 0.6115723252296448, ""val_balanced_accuracy"": 0.6051498055458069, ""test_cross_entropy"": 0.6635866165161133, ""test_balanced_accuracy"": 0.6054014563560486}"
2026-04-16T00:27:26.735265,tpe,lcbench,189865,0,479,6.973889350891113,"{""OpenML_task_id"": ""168908"", ""batch_size"": 511, ""epoch"": 3, ""learning_rate"": 0.00989635361829216, ""max_dropout"": 0.9710750699106023, ""max_units"": 1024, ""momentum"": 0.11423287284989801, ""num_layers"": 1, ""weight_decay"": 0.03687271873719399}","{""time"": 6.973889350891113, ""val_accuracy"": 66.30247497558594, ""val_cross_entropy"": 0.6006130576133728, ""val_balanced_accuracy"": 0.6236094832420349, ""test_cross_entropy"": 0.6592835783958435, ""test_balanced_accuracy"": 0.6226337552070618}"
2026-04-16T00:27:26.791948,tpe,lcbench,189865,0,480,30.540443420410156,"{""OpenML_task_id"": ""168908"", ""batch_size"": 504, ""epoch"": 36, ""learning_rate"": 0.007320143650466354, ""max_dropout"": 0.8753015553766688, ""max_units"": 1005, ""momentum"": 0.11705927884265342, ""num_layers"": 1, ""weight_decay"": 0.038690888136505966}","{""time"": 30.540443420410156, ""val_accuracy"": 81.466064453125, ""val_cross_entropy"": 0.4873234033584595, ""val_balanced_accuracy"": 0.8073740005493164, ""test_cross_entropy"": 0.5885990858078003, ""test_balanced_accuracy"": 0.7999412417411804}"
2026-04-16T00:27:26.850170,tpe,lcbench,189865,0,481,3.2883036136627197,"{""OpenML_task_id"": ""168908"", ""batch_size"": 490, ""epoch"": 2, ""learning_rate"": 0.007008455852892561, ""max_dropout"": 0.9783054057106014, ""max_units"": 1003, ""momentum"": 0.11777968299992346, ""num_layers"": 1, ""weight_decay"": 0.030834834318724844}","{""time"": 3.2883036136627197, ""val_accuracy"": 62.689327239990234, ""val_cross_entropy"": 0.6062750816345215, ""val_balanced_accuracy"": 0.6020907163619995, ""test_cross_entropy"": 0.6667087078094482, ""test_balanced_accuracy"": 0.603950560092926}"
2026-04-16T00:27:26.914765,tpe,lcbench,189865,0,482,1.195203423500061,"{""OpenML_task_id"": ""168908"", ""batch_size"": 500, ""epoch"": 1, ""learning_rate"": 0.010692560223473955, ""max_dropout"": 0.9249152992760605, ""max_units"": 1003, ""momentum"": 0.11753639503906058, ""num_layers"": 1, ""weight_decay"": 0.04062513940499403}","{""time"": 1.195203423500061, ""val_accuracy"": 61.359073638916016, ""val_cross_entropy"": 0.6229805946350098, ""val_balanced_accuracy"": 0.6040208339691162, ""test_cross_entropy"": 0.6639626622200012, ""test_balanced_accuracy"": 0.6041971445083618}"
2026-04-16T00:27:27.014306,tpe,lcbench,189865,0,483,27.133750915527344,"{""OpenML_task_id"": ""168908"", ""batch_size"": 484, ""epoch"": 32, ""learning_rate"": 0.0070788283205856185, ""max_dropout"": 0.9537684204220898, ""max_units"": 1007, ""momentum"": 0.118657994339716, ""num_layers"": 1, ""weight_decay"": 0.03637210327000011}","{""time"": 27.133750915527344, ""val_accuracy"": 81.5848617553711, ""val_cross_entropy"": 0.48792144656181335, ""val_balanced_accuracy"": 0.8017054200172424, ""test_cross_entropy"": 0.5902507901191711, ""test_balanced_accuracy"": 0.7951798439025879}"
2026-04-16T00:27:27.102516,tpe,lcbench,189865,0,484,24.888652801513672,"{""OpenML_task_id"": ""168908"", ""batch_size"": 495, ""epoch"": 27, ""learning_rate"": 0.007347573349066208, ""max_dropout"": 0.9283719563174962, ""max_units"": 1004, ""momentum"": 0.11231239377529705, ""num_layers"": 1, ""weight_decay"": 0.0335212302697689}","{""time"": 24.888652801513672, ""val_accuracy"": 80.44265747070312, ""val_cross_entropy"": 0.49758079648017883, ""val_balanced_accuracy"": 0.7910817265510559, ""test_cross_entropy"": 0.5968264937400818, ""test_balanced_accuracy"": 0.7843567728996277}"
2026-04-16T00:27:27.183563,tpe,lcbench,189865,0,485,1.1463968753814697,"{""OpenML_task_id"": ""168908"", ""batch_size"": 512, ""epoch"": 1, ""learning_rate"": 0.010005857901108946, ""max_dropout"": 0.9829620613727689, ""max_units"": 1005, ""momentum"": 0.11823814164610039, ""num_layers"": 1, ""weight_decay"": 0.03767475829562244}","{""time"": 1.1463968753814697, ""val_accuracy"": 61.35135269165039, ""val_cross_entropy"": 0.6226589679718018, ""val_balanced_accuracy"": 0.6048266887664795, ""test_cross_entropy"": 0.6625842452049255, ""test_balanced_accuracy"": 0.6051601767539978}"
2026-04-16T00:27:27.234336,tpe,lcbench,189865,0,486,6.491402626037598,"{""OpenML_task_id"": ""168908"", ""batch_size"": 504, ""epoch"": 3, ""learning_rate"": 0.007362805017931141, ""max_dropout"": 0.8646089281615098, ""max_units"": 1008, ""momentum"": 0.10210190109305824, ""num_layers"": 1, ""weight_decay"": 0.032017094151468854}","{""time"": 6.491402626037598, ""val_accuracy"": 65.44034576416016, ""val_cross_entropy"": 0.5949058532714844, ""val_balanced_accuracy"": 0.6190410256385803, ""test_cross_entropy"": 0.6642537117004395, ""test_balanced_accuracy"": 0.6175503730773926}"
2026-04-16T00:27:27.292664,tpe,lcbench,189865,0,487,3.254836320877075,"{""OpenML_task_id"": ""168908"", ""batch_size"": 486, ""epoch"": 2, ""learning_rate"": 0.006567135165535634, ""max_dropout"": 0.9443321096152131, ""max_units"": 999, ""momentum"": 0.1018913092087353, ""num_layers"": 1, ""weight_decay"": 0.03486991403487637}","{""time"": 3.254836320877075, ""val_accuracy"": 62.583717346191406, ""val_cross_entropy"": 0.6077095866203308, ""val_balanced_accuracy"": 0.6009709239006042, ""test_cross_entropy"": 0.667412519454956, ""test_balanced_accuracy"": 0.603095293045044}"
2026-04-16T00:27:27.349635,tpe,lcbench,189865,0,488,1.2049646377563477,"{""OpenML_task_id"": ""168908"", ""batch_size"": 465, ""epoch"": 1, ""learning_rate"": 0.010075685441155339, ""max_dropout"": 0.8828295718147822, ""max_units"": 1024, ""momentum"": 0.10029399974277702, ""num_layers"": 1, ""weight_decay"": 0.039239526576779545}","{""time"": 1.2049646377563477, ""val_accuracy"": 61.038658142089844, ""val_cross_entropy"": 0.6198002099990845, ""val_balanced_accuracy"": 0.6025985479354858, ""test_cross_entropy"": 0.6641085147857666, ""test_balanced_accuracy"": 0.6021217703819275}"
2026-04-16T00:27:27.419166,tpe,lcbench,189865,0,489,5.746755123138428,"{""OpenML_task_id"": ""168908"", ""batch_size"": 495, ""epoch"": 3, ""learning_rate"": 0.006258251635843691, ""max_dropout"": 0.9627222165747948, ""max_units"": 997, ""momentum"": 0.12031452505414011, ""num_layers"": 1, ""weight_decay"": 0.0360306490495768}","{""time"": 5.746755123138428, ""val_accuracy"": 65.60143280029297, ""val_cross_entropy"": 0.5935627818107605, ""val_balanced_accuracy"": 0.6152671575546265, ""test_cross_entropy"": 0.664379358291626, ""test_balanced_accuracy"": 0.6143946647644043}"
2026-04-16T00:27:27.497165,tpe,lcbench,189865,0,490,7.770132064819336,"{""OpenML_task_id"": ""168908"", ""batch_size"": 511, ""epoch"": 2, ""learning_rate"": 0.08825687890720002, ""max_dropout"": 0.9368694275034412, ""max_units"": 1024, ""momentum"": 0.12316395025295512, ""num_layers"": 1, ""weight_decay"": 0.03326566074409158}","{""time"": 7.770132064819336, ""val_accuracy"": 71.51921081542969, ""val_cross_entropy"": 0.5571758151054382, ""val_balanced_accuracy"": 0.6998056173324585, ""test_cross_entropy"": 0.6164982318878174, ""test_balanced_accuracy"": 0.7042457461357117}"
2026-04-16T00:27:27.576095,tpe,lcbench,189865,0,491,1.2342485189437866,"{""OpenML_task_id"": ""168908"", ""batch_size"": 479, ""epoch"": 1, ""learning_rate"": 0.009048294366293253, ""max_dropout"": 0.8583575933918861, ""max_units"": 1024, ""momentum"": 0.12386626216473098, ""num_layers"": 1, ""weight_decay"": 0.031136442253438888}","{""time"": 1.2342485189437866, ""val_accuracy"": 60.84431076049805, ""val_cross_entropy"": 0.6211987733840942, ""val_balanced_accuracy"": 0.6030929684638977, ""test_cross_entropy"": 0.6655917167663574, ""test_balanced_accuracy"": 0.6019012928009033}"
2026-04-16T00:27:27.632343,tpe,lcbench,189865,0,492,3.3189821243286133,"{""OpenML_task_id"": ""168908"", ""batch_size"": 496, ""epoch"": 2, ""learning_rate"": 0.006423513275499659, ""max_dropout"": 0.8875176218217279, ""max_units"": 1002, ""momentum"": 0.10039623442049347, ""num_layers"": 1, ""weight_decay"": 0.037063359877481994}","{""time"": 3.3189821243286133, ""val_accuracy"": 62.60568618774414, ""val_cross_entropy"": 0.6084268689155579, ""val_balanced_accuracy"": 0.6006603837013245, ""test_cross_entropy"": 0.6689213514328003, ""test_balanced_accuracy"": 0.6030319929122925}"
2026-04-16T00:27:27.695499,tpe,lcbench,189865,0,493,17.054515838623047,"{""OpenML_task_id"": ""168908"", ""batch_size"": 502, ""epoch"": 13, ""learning_rate"": 0.008724291864261966, ""max_dropout"": 0.9222621270624144, ""max_units"": 999, ""momentum"": 0.12247412658277135, ""num_layers"": 1, ""weight_decay"": 0.03510447318643791}","{""time"": 17.054515838623047, ""val_accuracy"": 75.83847045898438, ""val_cross_entropy"": 0.5259021520614624, ""val_balanced_accuracy"": 0.7438870668411255, ""test_cross_entropy"": 0.6151695847511292, ""test_balanced_accuracy"": 0.7371892333030701}"
2026-04-16T00:27:27.756690,tpe,lcbench,189865,0,494,7.337846279144287,"{""OpenML_task_id"": ""168908"", ""batch_size"": 488, ""epoch"": 3, ""learning_rate"": 0.01120487649074435, ""max_dropout"": 0.9926535703648345, ""max_units"": 1024, ""momentum"": 0.12396777219106239, ""num_layers"": 1, ""weight_decay"": 0.03352329591148158}","{""time"": 7.337846279144287, ""val_accuracy"": 65.99638366699219, ""val_cross_entropy"": 0.6068094372749329, ""val_balanced_accuracy"": 0.6240259408950806, ""test_cross_entropy"": 0.6554778814315796, ""test_balanced_accuracy"": 0.6230008006095886}"
2026-04-16T00:27:27.812070,tpe,lcbench,189865,0,495,16.064441680908203,"{""OpenML_task_id"": ""168908"", ""batch_size"": 503, ""epoch"": 11, ""learning_rate"": 0.006673696567288636, ""max_dropout"": 0.9532996414099102, ""max_units"": 996, ""momentum"": 0.12298388439291348, ""num_layers"": 1, ""weight_decay"": 0.040335217937063746}","{""time"": 16.064441680908203, ""val_accuracy"": 73.05482482910156, ""val_cross_entropy"": 0.5561400055885315, ""val_balanced_accuracy"": 0.7049714922904968, ""test_cross_entropy"": 0.6331285834312439, ""test_balanced_accuracy"": 0.6977145075798035}"
2026-04-16T00:27:27.864693,tpe,lcbench,189865,0,496,1.1185075044631958,"{""OpenML_task_id"": ""168908"", ""batch_size"": 446, ""epoch"": 1, ""learning_rate"": 0.006156433527833572, ""max_dropout"": 0.9276845325464813, ""max_units"": 1007, ""momentum"": 0.100937645453584, ""num_layers"": 1, ""weight_decay"": 0.037609783007992045}","{""time"": 1.1185075044631958, ""val_accuracy"": 60.71748352050781, ""val_cross_entropy"": 0.6080856919288635, ""val_balanced_accuracy"": 0.6037593483924866, ""test_cross_entropy"": 0.6638014316558838, ""test_balanced_accuracy"": 0.6023514866828918}"
2026-04-16T00:27:27.916453,tpe,lcbench,189865,0,497,1.1115351915359497,"{""OpenML_task_id"": ""168908"", ""batch_size"": 474, ""epoch"": 1, ""learning_rate"": 0.006031770324274549, ""max_dropout"": 0.9259110865245785, ""max_units"": 992, ""momentum"": 0.12455930425948933, ""num_layers"": 1, ""weight_decay"": 0.038822032487551686}","{""time"": 1.1115351915359497, ""val_accuracy"": 60.94268798828125, ""val_cross_entropy"": 0.6081792116165161, ""val_balanced_accuracy"": 0.6047170758247375, ""test_cross_entropy"": 0.6642014384269714, ""test_balanced_accuracy"": 0.6038526296615601}"
2026-04-16T00:27:27.970935,tpe,lcbench,189865,0,498,5.573841094970703,"{""OpenML_task_id"": ""126026"", ""batch_size"": 458, ""epoch"": 3, ""learning_rate"": 0.0055899970373487155, ""max_dropout"": 0.9713303282640635, ""max_units"": 995, ""momentum"": 0.12836759701429734, ""num_layers"": 1, ""weight_decay"": 0.03908454679661701}","{""time"": 5.573841094970703, ""val_accuracy"": 64.72162628173828, ""val_cross_entropy"": 0.5985003709793091, ""val_balanced_accuracy"": 0.6104278564453125, ""test_cross_entropy"": 0.6640911102294922, ""test_balanced_accuracy"": 0.6095238924026489}"
2026-04-16T00:27:28.035304,tpe,lcbench,189865,0,499,3.302248477935791,"{""OpenML_task_id"": ""168908"", ""batch_size"": 452, ""epoch"": 2, ""learning_rate"": 0.005857368304166359, ""max_dropout"": 0.9289526199214577, ""max_units"": 992, ""momentum"": 0.12488754018036871, ""num_layers"": 1, ""weight_decay"": 0.03771530708869896}","{""time"": 3.302248477935791, ""val_accuracy"": 61.69599914550781, ""val_cross_entropy"": 0.6099486947059631, ""val_balanced_accuracy"": 0.5981166958808899, ""test_cross_entropy"": 0.6670037508010864, ""test_balanced_accuracy"": 0.5995318293571472}"
2026-04-16T00:27:28.090299,tpe,lcbench,189865,0,500,1.1143240928649902,"{""OpenML_task_id"": ""168908"", ""batch_size"": 444, ""epoch"": 1, ""learning_rate"": 0.00583323645800978, ""max_dropout"": 0.9547544231210512, ""max_units"": 995, ""momentum"": 0.12119200602584673, ""num_layers"": 1, ""weight_decay"": 0.042005029825649846}","{""time"": 1.1143240928649902, ""val_accuracy"": 60.610107421875, ""val_cross_entropy"": 0.6100802421569824, ""val_balanced_accuracy"": 0.6025341749191284, ""test_cross_entropy"": 0.664026141166687, ""test_balanced_accuracy"": 0.6010993719100952}"
2026-04-16T00:27:28.154475,tpe,lcbench,189865,0,501,4.788753986358643,"{""OpenML_task_id"": ""168908"", ""batch_size"": 436, ""epoch"": 2, ""learning_rate"": 0.005481937150058147, ""max_dropout"": 0.9502007129870835, ""max_units"": 450, ""momentum"": 0.12943115731269247, ""num_layers"": 1, ""weight_decay"": 0.0424069317489727}","{""time"": 4.788753986358643, ""val_accuracy"": 63.129207611083984, ""val_cross_entropy"": 0.6143960952758789, ""val_balanced_accuracy"": 0.5967925190925598, ""test_cross_entropy"": 0.6690501570701599, ""test_balanced_accuracy"": 0.5935843586921692}"
2026-04-16T00:27:28.205046,tpe,lcbench,189865,0,502,2.0235188007354736,"{""OpenML_task_id"": ""168908"", ""batch_size"": 470, ""epoch"": 1, ""learning_rate"": 0.0532820561618925, ""max_dropout"": 0.961471352166391, ""max_units"": 990, ""momentum"": 0.11779172164016201, ""num_layers"": 1, ""weight_decay"": 0.04097698918463838}","{""time"": 2.0235188007354736, ""val_accuracy"": 58.73054122924805, ""val_cross_entropy"": 0.6763361096382141, ""val_balanced_accuracy"": 0.5685842633247375, ""test_cross_entropy"": 0.6675467491149902, ""test_balanced_accuracy"": 0.5782690048217773}"
2026-04-16T00:27:28.261795,tpe,lcbench,189865,0,503,6.179041385650635,"{""OpenML_task_id"": ""168908"", ""batch_size"": 439, ""epoch"": 3, ""learning_rate"": 0.006880577676298473, ""max_dropout"": 0.9808455071922717, ""max_units"": 995, ""momentum"": 0.12850440379652175, ""num_layers"": 1, ""weight_decay"": 0.04335093345900189}","{""time"": 6.179041385650635, ""val_accuracy"": 65.08198547363281, ""val_cross_entropy"": 0.6020321846008301, ""val_balanced_accuracy"": 0.61456698179245, ""test_cross_entropy"": 0.6603552103042603, ""test_balanced_accuracy"": 0.6134087443351746}"
2026-04-16T00:27:28.320381,tpe,lcbench,189865,0,504,1.075278878211975,"{""OpenML_task_id"": ""168908"", ""batch_size"": 476, ""epoch"": 1, ""learning_rate"": 0.005562495605545066, ""max_dropout"": 0.9370281329448057, ""max_units"": 992, ""momentum"": 0.10080592091004581, ""num_layers"": 1, ""weight_decay"": 0.03840461794368524}","{""time"": 1.075278878211975, ""val_accuracy"": 60.99862289428711, ""val_cross_entropy"": 0.6030258536338806, ""val_balanced_accuracy"": 0.6054880619049072, ""test_cross_entropy"": 0.6637701988220215, ""test_balanced_accuracy"": 0.604732096195221}"
2026-04-16T00:27:28.376984,tpe,lcbench,189865,0,505,3.0986557006835938,"{""OpenML_task_id"": ""168908"", ""batch_size"": 476, ""epoch"": 2, ""learning_rate"": 0.005141709584239677, ""max_dropout"": 0.9395465670921973, ""max_units"": 990, ""momentum"": 0.12809720337853528, ""num_layers"": 1, ""weight_decay"": 0.04024842103304617}","{""time"": 3.0986557006835938, ""val_accuracy"": 61.934871673583984, ""val_cross_entropy"": 0.6149263381958008, ""val_balanced_accuracy"": 0.597848653793335, ""test_cross_entropy"": 0.6676062345504761, ""test_balanced_accuracy"": 0.5989077687263489}"
2026-04-16T00:27:28.425512,tpe,lcbench,189865,0,506,9.167391777038574,"{""OpenML_task_id"": ""168908"", ""batch_size"": 484, ""epoch"": 4, ""learning_rate"": 0.050358440558363936, ""max_dropout"": 0.9996798593929122, ""max_units"": 992, ""momentum"": 0.11720557288540218, ""num_layers"": 1, ""weight_decay"": 0.03857295357190749}","{""time"": 9.167391777038574, ""val_accuracy"": 79.60350036621094, ""val_cross_entropy"": 0.4624454379081726, ""val_balanced_accuracy"": 0.7924136519432068, ""test_cross_entropy"": 0.5860171318054199, ""test_balanced_accuracy"": 0.7951039671897888}"
2026-04-16T00:27:28.479150,tpe,lcbench,189865,0,507,5.193150520324707,"{""OpenML_task_id"": ""126026"", ""batch_size"": 470, ""epoch"": 3, ""learning_rate"": 0.004786611888138322, ""max_dropout"": 0.9678553608081079, ""max_units"": 1004, ""momentum"": 0.13291884989057737, ""num_layers"": 1, ""weight_decay"": 0.03151326823413752}","{""time"": 5.193150520324707, ""val_accuracy"": 64.30179595947266, ""val_cross_entropy"": 0.5985404253005981, ""val_balanced_accuracy"": 0.6071533560752869, ""test_cross_entropy"": 0.6663789749145508, ""test_balanced_accuracy"": 0.6064381003379822}"
2026-04-16T00:27:28.542022,tpe,lcbench,189865,0,508,1.0515729188919067,"{""OpenML_task_id"": ""168908"", ""batch_size"": 490, ""epoch"": 1, ""learning_rate"": 0.0047706659203736726, ""max_dropout"": 0.950564831276312, ""max_units"": 989, ""momentum"": 0.11658113671558093, ""num_layers"": 1, ""weight_decay"": 0.03664773684591642}","{""time"": 1.0515729188919067, ""val_accuracy"": 60.839786529541016, ""val_cross_entropy"": 0.6020229458808899, ""val_balanced_accuracy"": 0.6055203676223755, ""test_cross_entropy"": 0.6643567085266113, ""test_balanced_accuracy"": 0.6046801805496216}"
2026-04-16T00:27:28.589716,tpe,lcbench,189865,0,509,3.0930778980255127,"{""OpenML_task_id"": ""168868"", ""batch_size"": 489, ""epoch"": 2, ""learning_rate"": 0.005063927630156975, ""max_dropout"": 0.9242492618519469, ""max_units"": 988, ""momentum"": 0.11604087896554835, ""num_layers"": 1, ""weight_decay"": 0.036320894165090586}","{""time"": 3.0930778980255127, ""val_accuracy"": 62.098819732666016, ""val_cross_entropy"": 0.6176689863204956, ""val_balanced_accuracy"": 0.598537802696228, ""test_cross_entropy"": 0.668222188949585, ""test_balanced_accuracy"": 0.5995535254478455}"
2026-04-16T00:27:28.648469,tpe,lcbench,189865,0,510,1.0641231536865234,"{""OpenML_task_id"": ""168908"", ""batch_size"": 481, ""epoch"": 1, ""learning_rate"": 0.005395380801135882, ""max_dropout"": 0.947490434215944, ""max_units"": 1007, ""momentum"": 0.10109311452381586, ""num_layers"": 1, ""weight_decay"": 0.03276742372099568}","{""time"": 1.0641231536865234, ""val_accuracy"": 60.87565231323242, ""val_cross_entropy"": 0.6022130250930786, ""val_balanced_accuracy"": 0.6057652831077576, ""test_cross_entropy"": 0.6637503504753113, ""test_balanced_accuracy"": 0.6047805547714233}"
2026-04-16T00:27:28.699603,tpe,lcbench,189865,0,511,4.801304340362549,"{""OpenML_task_id"": ""168908"", ""batch_size"": 512, ""epoch"": 3, ""learning_rate"": 0.004514279592635147, ""max_dropout"": 0.9729888627377891, ""max_units"": 1009, ""momentum"": 0.10099532151156648, ""num_layers"": 1, ""weight_decay"": 0.03288908187599884}","{""time"": 4.801304340362549, ""val_accuracy"": 65.3239974975586, ""val_cross_entropy"": 0.5847460627555847, ""val_balanced_accuracy"": 0.6115279793739319, ""test_cross_entropy"": 0.6684965491294861, ""test_balanced_accuracy"": 0.6110382676124573}"
2026-04-16T00:27:28.770297,tpe,lcbench,189865,0,512,7.467532157897949,"{""OpenML_task_id"": ""7593"", ""batch_size"": 489, ""epoch"": 2, ""learning_rate"": 0.07038520317726683, ""max_dropout"": 0.9465380941766138, ""max_units"": 1006, ""momentum"": 0.11526690439241982, ""num_layers"": 1, ""weight_decay"": 0.030866757258535386}","{""time"": 7.467532157897949, ""val_accuracy"": 68.3650131225586, ""val_cross_entropy"": 0.5965766906738281, ""val_balanced_accuracy"": 0.6632099747657776, ""test_cross_entropy"": 0.6295261383056641, ""test_balanced_accuracy"": 0.6671506762504578}"
2026-04-16T00:27:28.834202,tpe,lcbench,189865,0,513,1.2063591480255127,"{""OpenML_task_id"": ""168908"", ""batch_size"": 493, ""epoch"": 1, ""learning_rate"": 0.009891498515167347, ""max_dropout"": 0.8879337250496308, ""max_units"": 1009, ""momentum"": 0.10125872261770663, ""num_layers"": 1, ""weight_decay"": 0.03619169682626223}","{""time"": 1.2063591480255127, ""val_accuracy"": 61.28866195678711, ""val_cross_entropy"": 0.6184859275817871, ""val_balanced_accuracy"": 0.6044449806213379, ""test_cross_entropy"": 0.6645739674568176, ""test_balanced_accuracy"": 0.6042328476905823}"
2026-04-16T00:27:28.923312,tpe,lcbench,189865,0,514,7.705986499786377,"{""OpenML_task_id"": ""167201"", ""batch_size"": 479, ""epoch"": 4, ""learning_rate"": 0.004384369141858541, ""max_dropout"": 0.8612540625243141, ""max_units"": 1024, ""momentum"": 0.10063478969556558, ""num_layers"": 1, ""weight_decay"": 0.03313177594258726}","{""time"": 7.705986499786377, ""val_accuracy"": 65.4507064819336, ""val_cross_entropy"": 0.5943519473075867, ""val_balanced_accuracy"": 0.6199023723602295, ""test_cross_entropy"": 0.6654156446456909, ""test_balanced_accuracy"": 0.6163665652275085}"
2026-04-16T00:27:29.004083,tpe,lcbench,189865,0,515,3.5142078399658203,"{""OpenML_task_id"": ""167184"", ""batch_size"": 494, ""epoch"": 2, ""learning_rate"": 0.007930650092558483, ""max_dropout"": 0.9786965070383888, ""max_units"": 987, ""momentum"": 0.13000128385799853, ""num_layers"": 1, ""weight_decay"": 0.0309958711988332}","{""time"": 3.5142078399658203, ""val_accuracy"": 62.789608001708984, ""val_cross_entropy"": 0.6063367128372192, ""val_balanced_accuracy"": 0.6015340089797974, ""test_cross_entropy"": 0.6679054498672485, ""test_balanced_accuracy"": 0.6037915945053101}"
2026-04-16T00:27:29.071988,tpe,lcbench,189865,0,516,1.0850402116775513,"{""OpenML_task_id"": ""168908"", ""batch_size"": 483, ""epoch"": 1, ""learning_rate"": 0.006701629249547608, ""max_dropout"": 0.9532779703203383, ""max_units"": 1024, ""momentum"": 0.13493126599823224, ""num_layers"": 1, ""weight_decay"": 0.03663192190416026}","{""time"": 1.0850402116775513, ""val_accuracy"": 60.93268966674805, ""val_cross_entropy"": 0.6109567880630493, ""val_balanced_accuracy"": 0.6044714450836182, ""test_cross_entropy"": 0.6635167002677917, ""test_balanced_accuracy"": 0.6039344072341919}"
2026-04-16T00:27:29.156907,tpe,lcbench,189865,0,517,5.204306125640869,"{""OpenML_task_id"": ""168908"", ""batch_size"": 483, ""epoch"": 3, ""learning_rate"": 0.0047232280237362746, ""max_dropout"": 0.9511724742714548, ""max_units"": 986, ""momentum"": 0.129985325573085, ""num_layers"": 1, ""weight_decay"": 0.03712793576677611}","{""time"": 5.204306125640869, ""val_accuracy"": 64.55667114257812, ""val_cross_entropy"": 0.596318781375885, ""val_balanced_accuracy"": 0.6068882346153259, ""test_cross_entropy"": 0.668866753578186, ""test_balanced_accuracy"": 0.6061848402023315}"
2026-04-16T00:27:29.225955,tpe,lcbench,189865,0,518,1.136635661125183,"{""OpenML_task_id"": ""168908"", ""batch_size"": 512, ""epoch"": 1, ""learning_rate"": 0.009839254655103267, ""max_dropout"": 0.998065567744885, ""max_units"": 1009, ""momentum"": 0.10027550843452887, ""num_layers"": 1, ""weight_decay"": 0.033280944163319524}","{""time"": 1.136635661125183, ""val_accuracy"": 61.33707809448242, ""val_cross_entropy"": 0.6216909885406494, ""val_balanced_accuracy"": 0.6055850982666016, ""test_cross_entropy"": 0.661889910697937, ""test_balanced_accuracy"": 0.6057167649269104}"
2026-04-16T00:27:29.284476,tpe,lcbench,189865,0,519,2.9703643321990967,"{""OpenML_task_id"": ""168908"", ""batch_size"": 463, ""epoch"": 2, ""learning_rate"": 0.004162385516504183, ""max_dropout"": 0.9428983730430538, ""max_units"": 985, ""momentum"": 0.1336099766232095, ""num_layers"": 1, ""weight_decay"": 0.036334401719527724}","{""time"": 2.9703643321990967, ""val_accuracy"": 61.466487884521484, ""val_cross_entropy"": 0.618719220161438, ""val_balanced_accuracy"": 0.5977232456207275, ""test_cross_entropy"": 0.6674486994743347, ""test_balanced_accuracy"": 0.5974952578544617}"
2026-04-16T00:27:29.344494,tpe,lcbench,189865,0,520,3.3203766345977783,"{""OpenML_task_id"": ""168908"", ""batch_size"": 482, ""epoch"": 2, ""learning_rate"": 0.007584264061645075, ""max_dropout"": 0.9642041382084137, ""max_units"": 1024, ""momentum"": 0.13366569436840056, ""num_layers"": 1, ""weight_decay"": 0.03958796911310729}","{""time"": 3.3203766345977783, ""val_accuracy"": 62.541114807128906, ""val_cross_entropy"": 0.6044397950172424, ""val_balanced_accuracy"": 0.6005023121833801, ""test_cross_entropy"": 0.6677924394607544, ""test_balanced_accuracy"": 0.6030319929122925}"
2026-04-16T00:27:29.401680,tpe,lcbench,189865,0,521,7.623712539672852,"{""OpenML_task_id"": ""167152"", ""batch_size"": 493, ""epoch"": 4, ""learning_rate"": 0.004465408421422521, ""max_dropout"": 0.9254567522807312, ""max_units"": 1006, ""momentum"": 0.11603084387218542, ""num_layers"": 1, ""weight_decay"": 0.03775500282637292}","{""time"": 7.623712539672852, ""val_accuracy"": 66.28312683105469, ""val_cross_entropy"": 0.5905642509460449, ""val_balanced_accuracy"": 0.6225612759590149, ""test_cross_entropy"": 0.6648807525634766, ""test_balanced_accuracy"": 0.6193670034408569}"
2026-04-16T00:27:29.443842,tpe,lcbench,189865,0,522,1.1450024843215942,"{""OpenML_task_id"": ""168329"", ""batch_size"": 493, ""epoch"": 1, ""learning_rate"": 0.008743993500287239, ""max_dropout"": 0.975219993114599, ""max_units"": 1006, ""momentum"": 0.11533720516492478, ""num_layers"": 1, ""weight_decay"": 0.03397282849265729}","{""time"": 1.1450024843215942, ""val_accuracy"": 61.2225341796875, ""val_cross_entropy"": 0.6181509494781494, ""val_balanced_accuracy"": 0.60383540391922, ""test_cross_entropy"": 0.6627382040023804, ""test_balanced_accuracy"": 0.6034911274909973}"
2026-04-16T00:27:29.509522,tpe,lcbench,189865,0,523,6.220875263214111,"{""OpenML_task_id"": ""168908"", ""batch_size"": 497, ""epoch"": 3, ""learning_rate"": 0.0064758163329099614, ""max_dropout"": 0.9174243819395149, ""max_units"": 981, ""momentum"": 0.13380638934421918, ""num_layers"": 1, ""weight_decay"": 0.031281799595743384}","{""time"": 6.220875263214111, ""val_accuracy"": 65.19292449951172, ""val_cross_entropy"": 0.597743034362793, ""val_balanced_accuracy"": 0.6149832010269165, ""test_cross_entropy"": 0.6651581525802612, ""test_balanced_accuracy"": 0.6135830879211426}"
2026-04-16T00:27:29.584048,tpe,lcbench,189865,0,524,1.231459617614746,"{""OpenML_task_id"": ""189909"", ""batch_size"": 480, ""epoch"": 1, ""learning_rate"": 0.010987810047417439, ""max_dropout"": 0.9461252766861101, ""max_units"": 988, ""momentum"": 0.1004122795218332, ""num_layers"": 1, ""weight_decay"": 0.03623052195454246}","{""time"": 1.231459617614746, ""val_accuracy"": 61.354042053222656, ""val_cross_entropy"": 0.6235026121139526, ""val_balanced_accuracy"": 0.6029583811759949, ""test_cross_entropy"": 0.6631414890289307, ""test_balanced_accuracy"": 0.6025789976119995}"
2026-04-16T00:27:29.669391,tpe,lcbench,189865,0,525,2.8239450454711914,"{""OpenML_task_id"": ""189906"", ""batch_size"": 470, ""epoch"": 2, ""learning_rate"": 0.003989430732414659, ""max_dropout"": 0.9633594477977068, ""max_units"": 1009, ""momentum"": 0.13357336883469972, ""num_layers"": 1, ""weight_decay"": 0.0330382598046701}","{""time"": 2.8239450454711914, ""val_accuracy"": 61.51832962036133, ""val_cross_entropy"": 0.6184880137443542, ""val_balanced_accuracy"": 0.5988666415214539, ""test_cross_entropy"": 0.6667659282684326, ""test_balanced_accuracy"": 0.5982239246368408}"
2026-04-16T00:27:29.752651,tpe,lcbench,189865,0,526,1.1003793478012085,"{""OpenML_task_id"": ""168908"", ""batch_size"": 512, ""epoch"": 1, ""learning_rate"": 0.006651765958050352, ""max_dropout"": 0.9091425600450915, ""max_units"": 1007, ""momentum"": 0.11582046738627419, ""num_layers"": 1, ""weight_decay"": 0.03512646175473161}","{""time"": 1.1003793478012085, ""val_accuracy"": 61.25920867919922, ""val_cross_entropy"": 0.6082449555397034, ""val_balanced_accuracy"": 0.6061987280845642, ""test_cross_entropy"": 0.6642459034919739, ""test_balanced_accuracy"": 0.6061582565307617}"
2026-04-16T00:27:29.849667,tpe,lcbench,189865,0,527,9.016788482666016,"{""OpenML_task_id"": ""34539"", ""batch_size"": 511, ""epoch"": 3, ""learning_rate"": 0.05815250426000952, ""max_dropout"": 0.9403439995474343, ""max_units"": 976, ""momentum"": 0.13596336711813112, ""num_layers"": 1, ""weight_decay"": 0.03995370894815141}","{""time"": 9.016788482666016, ""val_accuracy"": 76.84857177734375, ""val_cross_entropy"": 0.4982086420059204, ""val_balanced_accuracy"": 0.7632946968078613, ""test_cross_entropy"": 0.5999196767807007, ""test_balanced_accuracy"": 0.7646965384483337}"
2026-04-16T00:27:29.934172,tpe,lcbench,189865,0,528,0.9957940578460693,"{""OpenML_task_id"": ""168908"", ""batch_size"": 487, ""epoch"": 1, ""learning_rate"": 0.003933924951535769, ""max_dropout"": 0.9899978923565593, ""max_units"": 992, ""momentum"": 0.11689270557154055, ""num_layers"": 1, ""weight_decay"": 0.037902822584931176}","{""time"": 0.9957940578460693, ""val_accuracy"": 60.59299850463867, ""val_cross_entropy"": 0.599883496761322, ""val_balanced_accuracy"": 0.604795515537262, ""test_cross_entropy"": 0.6647118926048279, ""test_balanced_accuracy"": 0.6037017703056335}"
2026-04-16T00:27:30.030934,tpe,lcbench,189865,0,529,9.343094825744629,"{""OpenML_task_id"": ""126029"", ""batch_size"": 486, ""epoch"": 5, ""learning_rate"": 0.004019215956144971, ""max_dropout"": 0.9943474383319117, ""max_units"": 970, ""momentum"": 0.13595296158004214, ""num_layers"": 1, ""weight_decay"": 0.03759231673405204}","{""time"": 9.343094825744629, ""val_accuracy"": 66.89696502685547, ""val_cross_entropy"": 0.5948482751846313, ""val_balanced_accuracy"": 0.6285580396652222, ""test_cross_entropy"": 0.662889838218689, ""test_balanced_accuracy"": 0.6236368417739868}"
2026-04-16T00:27:30.135522,tpe,lcbench,189865,0,530,2.729120969772339,"{""OpenML_task_id"": ""168908"", ""batch_size"": 512, ""epoch"": 2, ""learning_rate"": 0.004165641362962833, ""max_dropout"": 0.9761070938456722, ""max_units"": 985, ""momentum"": 0.11645740539049403, ""num_layers"": 1, ""weight_decay"": 0.039473552493866165}","{""time"": 2.729120969772339, ""val_accuracy"": 62.350189208984375, ""val_cross_entropy"": 0.6245630979537964, ""val_balanced_accuracy"": 0.5986405611038208, ""test_cross_entropy"": 0.6689901351928711, ""test_balanced_accuracy"": 0.5986713767051697}"
2026-04-16T00:27:30.245229,tpe,lcbench,189865,0,531,1.0473895072937012,"{""OpenML_task_id"": ""167104"", ""batch_size"": 473, ""epoch"": 1, ""learning_rate"": 0.003679043372603301, ""max_dropout"": 0.9806373507403318, ""max_units"": 992, ""momentum"": 0.13503519869727187, ""num_layers"": 1, ""weight_decay"": 0.02957306799681466}","{""time"": 1.0473895072937012, ""val_accuracy"": 60.300846099853516, ""val_cross_entropy"": 0.6021257042884827, ""val_balanced_accuracy"": 0.603990912437439, ""test_cross_entropy"": 0.6659282445907593, ""test_balanced_accuracy"": 0.6016831994056702}"
2026-04-16T00:27:30.325641,tpe,lcbench,189865,0,532,4.7734150886535645,"{""OpenML_task_id"": ""146212"", ""batch_size"": 464, ""epoch"": 3, ""learning_rate"": 0.003507087948780525, ""max_dropout"": 0.987646502704427, ""max_units"": 967, ""momentum"": 0.13273795113742384, ""num_layers"": 1, ""weight_decay"": 0.029638212875616028}","{""time"": 4.7734150886535645, ""val_accuracy"": 63.276641845703125, ""val_cross_entropy"": 0.5960597991943359, ""val_balanced_accuracy"": 0.5991603136062622, ""test_cross_entropy"": 0.6697556972503662, ""test_balanced_accuracy"": 0.5978988409042358}"
2026-04-16T00:27:30.381879,tpe,lcbench,189865,0,533,31.22930908203125,"{""OpenML_task_id"": ""167104"", ""batch_size"": 477, ""epoch"": 34, ""learning_rate"": 0.003432836057843111, ""max_dropout"": 0.9646496737348206, ""max_units"": 398, ""momentum"": 0.13868654443220477, ""num_layers"": 1, ""weight_decay"": 0.030760368253364187}","{""time"": 31.22930908203125, ""val_accuracy"": 74.2031478881836, ""val_cross_entropy"": 0.5769445896148682, ""val_balanced_accuracy"": 0.7380150556564331, ""test_cross_entropy"": 0.6298333406448364, ""test_balanced_accuracy"": 0.7270611524581909}"
2026-04-16T00:27:30.488495,tpe,lcbench,189865,0,534,2.6329026222229004,"{""OpenML_task_id"": ""167104"", ""batch_size"": 473, ""epoch"": 2, ""learning_rate"": 0.0036405412728393086, ""max_dropout"": 0.9962265087118497, ""max_units"": 986, ""momentum"": 0.11555090312235668, ""num_layers"": 1, ""weight_decay"": 0.041381303328452475}","{""time"": 2.6329026222229004, ""val_accuracy"": 61.846099853515625, ""val_cross_entropy"": 0.6179711222648621, ""val_balanced_accuracy"": 0.5989740490913391, ""test_cross_entropy"": 0.6670721769332886, ""test_balanced_accuracy"": 0.5979307889938354}"
2026-04-16T00:27:30.566902,tpe,lcbench,189865,0,535,5.318652629852295,"{""OpenML_task_id"": ""168908"", ""batch_size"": 488, ""epoch"": 3, ""learning_rate"": 0.00496748467964314, ""max_dropout"": 0.9510608292893082, ""max_units"": 990, ""momentum"": 0.13222661601527944, ""num_layers"": 1, ""weight_decay"": 0.032994704658666454}","{""time"": 5.318652629852295, ""val_accuracy"": 64.74224853515625, ""val_cross_entropy"": 0.5961759090423584, ""val_balanced_accuracy"": 0.6089301109313965, ""test_cross_entropy"": 0.6677699685096741, ""test_balanced_accuracy"": 0.6081605553627014}"
2026-04-16T00:27:30.647776,tpe,lcbench,189865,0,536,1.0432060956954956,"{""OpenML_task_id"": ""168335"", ""batch_size"": 453, ""epoch"": 1, ""learning_rate"": 0.0032147898906029425, ""max_dropout"": 0.9791664716806125, ""max_units"": 962, ""momentum"": 0.11987684958872523, ""num_layers"": 1, ""weight_decay"": 0.03770682693324213}","{""time"": 1.0432060956954956, ""val_accuracy"": 60.11343765258789, ""val_cross_entropy"": 0.602772057056427, ""val_balanced_accuracy"": 0.6015236973762512, ""test_cross_entropy"": 0.666525661945343, ""test_balanced_accuracy"": 0.5991397500038147}"
2026-04-16T00:27:30.720156,tpe,lcbench,189865,0,537,1.0557563304901123,"{""OpenML_task_id"": ""168335"", ""batch_size"": 469, ""epoch"": 1, ""learning_rate"": 0.003523234414996232, ""max_dropout"": 0.9760959198643272, ""max_units"": 959, ""momentum"": 0.13824617008809784, ""num_layers"": 1, ""weight_decay"": 0.03821566406735838}","{""time"": 1.0557563304901123, ""val_accuracy"": 60.2919921875, ""val_cross_entropy"": 0.6052145957946777, ""val_balanced_accuracy"": 0.6017600893974304, ""test_cross_entropy"": 0.6667121648788452, ""test_balanced_accuracy"": 0.5998051762580872}"
2026-04-16T00:27:30.779986,tpe,lcbench,189865,0,538,6.625271797180176,"{""OpenML_task_id"": ""168335"", ""batch_size"": 454, ""epoch"": 4, ""learning_rate"": 0.0031331002396603226, ""max_dropout"": 0.9862975520714524, ""max_units"": 959, ""momentum"": 0.14004334737942098, ""num_layers"": 1, ""weight_decay"": 0.038553054632497474}","{""time"": 6.625271797180176, ""val_accuracy"": 64.65364837646484, ""val_cross_entropy"": 0.598137617111206, ""val_balanced_accuracy"": 0.6082197427749634, ""test_cross_entropy"": 0.6679960489273071, ""test_balanced_accuracy"": 0.6048301458358765}"
2026-04-16T00:27:30.844194,tpe,lcbench,189865,0,539,3.81262469291687,"{""OpenML_task_id"": ""168335"", ""batch_size"": 462, ""epoch"": 2, ""learning_rate"": 0.002969303141929339, ""max_dropout"": 0.969426362813453, ""max_units"": 65, ""momentum"": 0.14015827909059422, ""num_layers"": 1, ""weight_decay"": 0.043750685517531744}","{""time"": 3.81262469291687, ""val_accuracy"": 65.01721954345703, ""val_cross_entropy"": 0.604798436164856, ""val_balanced_accuracy"": 0.6014732122421265, ""test_cross_entropy"": 0.6659495830535889, ""test_balanced_accuracy"": 0.5973004102706909}"
2026-04-16T00:27:30.909602,tpe,lcbench,189865,0,540,1.0111333131790161,"{""OpenML_task_id"": ""168335"", ""batch_size"": 473, ""epoch"": 1, ""learning_rate"": 0.0029276103254161166, ""max_dropout"": 0.9999662643939683, ""max_units"": 948, ""momentum"": 0.13721835575201205, ""num_layers"": 1, ""weight_decay"": 0.041432992830822725}","{""time"": 1.0111333131790161, ""val_accuracy"": 60.258880615234375, ""val_cross_entropy"": 0.603688657283783, ""val_balanced_accuracy"": 0.600632905960083, ""test_cross_entropy"": 0.6672708988189697, ""test_balanced_accuracy"": 0.5987250208854675}"
2026-04-16T00:27:30.988237,tpe,lcbench,189865,0,541,4.413641452789307,"{""OpenML_task_id"": ""168335"", ""batch_size"": 456, ""epoch"": 3, ""learning_rate"": 0.00281944237782025, ""max_dropout"": 0.9838036958413848, ""max_units"": 959, ""momentum"": 0.13661266784643766, ""num_layers"": 1, ""weight_decay"": 0.04053588119348559}","{""time"": 4.413641452789307, ""val_accuracy"": 62.698177337646484, ""val_cross_entropy"": 0.6006192564964294, ""val_balanced_accuracy"": 0.5940747857093811, ""test_cross_entropy"": 0.6716315746307373, ""test_balanced_accuracy"": 0.5929473042488098}"
2026-04-16T00:27:31.103388,tpe,lcbench,189865,0,542,1.0278669595718384,"{""OpenML_task_id"": ""168335"", ""batch_size"": 470, ""epoch"": 1, ""learning_rate"": 0.0031372715890396613, ""max_dropout"": 0.99740935992763, ""max_units"": 941, ""momentum"": 0.13301828700210325, ""num_layers"": 1, ""weight_decay"": 0.04261181738282375}","{""time"": 1.0278669595718384, ""val_accuracy"": 60.301883697509766, ""val_cross_entropy"": 0.6053071022033691, ""val_balanced_accuracy"": 0.6007336974143982, ""test_cross_entropy"": 0.6672953963279724, ""test_balanced_accuracy"": 0.5989386439323425}"
2026-04-16T00:27:31.202220,tpe,lcbench,189865,0,543,2.5631790161132812,"{""OpenML_task_id"": ""168335"", ""batch_size"": 466, ""epoch"": 2, ""learning_rate"": 0.0028541689647685565, ""max_dropout"": 0.988238578968566, ""max_units"": 942, ""momentum"": 0.1214772927322853, ""num_layers"": 1, ""weight_decay"": 0.04359599472635848}","{""time"": 2.5631790161132812, ""val_accuracy"": 61.53182601928711, ""val_cross_entropy"": 0.6218039989471436, ""val_balanced_accuracy"": 0.5976821780204773, ""test_cross_entropy"": 0.668123185634613, ""test_balanced_accuracy"": 0.5953497886657715}"
2026-04-16T00:27:31.311208,tpe,lcbench,189865,0,544,2.7040205001831055,"{""OpenML_task_id"": ""168335"", ""batch_size"": 471, ""epoch"": 2, ""learning_rate"": 0.003270610967656494, ""max_dropout"": 0.9839289973771304, ""max_units"": 947, ""momentum"": 0.1378567654400976, ""num_layers"": 1, ""weight_decay"": 0.045104452012962454}","{""time"": 2.7040205001831055, ""val_accuracy"": 61.529476165771484, ""val_cross_entropy"": 0.6243298053741455, ""val_balanced_accuracy"": 0.5967288017272949, ""test_cross_entropy"": 0.6685264706611633, ""test_balanced_accuracy"": 0.5951034426689148}"
2026-04-16T00:27:31.397760,tpe,lcbench,189865,0,545,5.978237628936768,"{""OpenML_task_id"": ""168335"", ""batch_size"": 452, ""epoch"": 4, ""learning_rate"": 0.002388505985876244, ""max_dropout"": 0.9966587197744056, ""max_units"": 944, ""momentum"": 0.13956269565114104, ""num_layers"": 1, ""weight_decay"": 0.045854211715142645}","{""time"": 5.978237628936768, ""val_accuracy"": 63.96369552612305, ""val_cross_entropy"": 0.6008195877075195, ""val_balanced_accuracy"": 0.5998177528381348, ""test_cross_entropy"": 0.6729878187179565, ""test_balanced_accuracy"": 0.5965023040771484}"
2026-04-16T00:27:31.462609,tpe,lcbench,189865,0,546,1.0724899768829346,"{""OpenML_task_id"": ""168335"", ""batch_size"": 473, ""epoch"": 1, ""learning_rate"": 0.004536280806971382, ""max_dropout"": 0.9976295916962756, ""max_units"": 948, ""momentum"": 0.12465648054671673, ""num_layers"": 1, ""weight_decay"": 0.042454650137610336}","{""time"": 1.0724899768829346, ""val_accuracy"": 60.78445816040039, ""val_cross_entropy"": 0.6072800755500793, ""val_balanced_accuracy"": 0.6019253730773926, ""test_cross_entropy"": 0.665603518486023, ""test_balanced_accuracy"": 0.600831151008606}"
2026-04-16T00:27:31.529132,tpe,lcbench,189865,0,547,3.056821584701538,"{""OpenML_task_id"": ""167104"", ""batch_size"": 462, ""epoch"": 2, ""learning_rate"": 0.004866283062791011, ""max_dropout"": 0.9970509947032222, ""max_units"": 935, ""momentum"": 0.12173067396347367, ""num_layers"": 1, ""weight_decay"": 0.04818607401658868}","{""time"": 3.056821584701538, ""val_accuracy"": 62.05702209472656, ""val_cross_entropy"": 0.611815869808197, ""val_balanced_accuracy"": 0.5969690084457397, ""test_cross_entropy"": 0.666892409324646, ""test_balanced_accuracy"": 0.5973425507545471}"
2026-04-16T00:27:31.635790,tpe,lcbench,189865,0,548,3.9520716667175293,"{""OpenML_task_id"": ""168335"", ""batch_size"": 471, ""epoch"": 3, ""learning_rate"": 0.00211128735415318, ""max_dropout"": 0.9994242323311151, ""max_units"": 946, ""momentum"": 0.14206248650611644, ""num_layers"": 1, ""weight_decay"": 0.04332914451244541}","{""time"": 3.9520716667175293, ""val_accuracy"": 62.47602081298828, ""val_cross_entropy"": 0.6128721833229065, ""val_balanced_accuracy"": 0.5933036804199219, ""test_cross_entropy"": 0.6726217269897461, ""test_balanced_accuracy"": 0.591151773929596}"
2026-04-16T00:27:31.740354,tpe,lcbench,189865,0,549,1.037628173828125,"{""OpenML_task_id"": ""168335"", ""batch_size"": 476, ""epoch"": 1, ""learning_rate"": 0.0037115237067890335, ""max_dropout"": 0.9725334222209076, ""max_units"": 952, ""momentum"": 0.12141920621894356, ""num_layers"": 1, ""weight_decay"": 0.04206799501840883}","{""time"": 1.037628173828125, ""val_accuracy"": 60.54586410522461, ""val_cross_entropy"": 0.6034800410270691, ""val_balanced_accuracy"": 0.6027307510375977, ""test_cross_entropy"": 0.6660537719726562, ""test_balanced_accuracy"": 0.6013458967208862}"
2026-04-16T00:27:31.800725,tpe,lcbench,189865,0,550,1.0195001363754272,"{""OpenML_task_id"": ""168335"", ""batch_size"": 454, ""epoch"": 1, ""learning_rate"": 0.002448145631000227, ""max_dropout"": 0.9759484113901088, ""max_units"": 946, ""momentum"": 0.1430254692058449, ""num_layers"": 1, ""weight_decay"": 0.041791761548789295}","{""time"": 1.0195001363754272, ""val_accuracy"": 59.949241638183594, ""val_cross_entropy"": 0.6019283533096313, ""val_balanced_accuracy"": 0.5990071892738342, ""test_cross_entropy"": 0.6676545739173889, ""test_balanced_accuracy"": 0.5963237285614014}"
2026-04-16T00:27:31.934066,tpe,lcbench,189865,0,551,2.556206703186035,"{""OpenML_task_id"": ""168335"", ""batch_size"": 431, ""epoch"": 2, ""learning_rate"": 0.002265523544646729, ""max_dropout"": 0.9716962684967559, ""max_units"": 933, ""momentum"": 0.13984776344829664, ""num_layers"": 1, ""weight_decay"": 0.04740040204807345}","{""time"": 2.556206703186035, ""val_accuracy"": 60.471885681152344, ""val_cross_entropy"": 0.6208175420761108, ""val_balanced_accuracy"": 0.5944771766662598, ""test_cross_entropy"": 0.668915867805481, ""test_balanced_accuracy"": 0.5912036299705505}"
2026-04-16T00:27:32.028677,tpe,lcbench,189865,0,552,8.578925132751465,"{""OpenML_task_id"": ""168335"", ""batch_size"": 425, ""epoch"": 5, ""learning_rate"": 0.0026184262423790635, ""max_dropout"": 0.9745112232027342, ""max_units"": 948, ""momentum"": 0.142097918219754, ""num_layers"": 1, ""weight_decay"": 0.042615677451539574}","{""time"": 8.578925132751465, ""val_accuracy"": 64.64883422851562, ""val_cross_entropy"": 0.6032693982124329, ""val_balanced_accuracy"": 0.6104010939598083, ""test_cross_entropy"": 0.6673557758331299, ""test_balanced_accuracy"": 0.605446457862854}"
2026-04-16T00:27:32.135821,tpe,lcbench,189865,0,553,8.01834774017334,"{""OpenML_task_id"": ""168335"", ""batch_size"": 452, ""epoch"": 1, ""learning_rate"": 0.035075230566301574, ""max_dropout"": 0.9813174396963781, ""max_units"": 945, ""momentum"": 0.12992881016826366, ""num_layers"": 4, ""weight_decay"": 0.04135992867032457}","{""time"": 8.01834774017334, ""val_accuracy"": 44.3472785949707, ""val_cross_entropy"": 0.6445969939231873, ""val_balanced_accuracy"": 0.4964371919631958, ""test_cross_entropy"": 0.6675493717193604, ""test_balanced_accuracy"": 0.4869188070297241}"
2026-04-16T00:27:32.236865,tpe,lcbench,189865,0,554,4.859871864318848,"{""OpenML_task_id"": ""168335"", ""batch_size"": 462, ""epoch"": 3, ""learning_rate"": 0.003516870660800839, ""max_dropout"": 0.9999371434897681, ""max_units"": 922, ""momentum"": 0.14115649777695816, ""num_layers"": 1, ""weight_decay"": 0.042077092440449215}","{""time"": 4.859871864318848, ""val_accuracy"": 63.36553192138672, ""val_cross_entropy"": 0.5992165803909302, ""val_balanced_accuracy"": 0.5962554812431335, ""test_cross_entropy"": 0.6720012426376343, ""test_balanced_accuracy"": 0.5949740409851074}"
2026-04-16T00:27:32.307464,tpe,lcbench,189865,0,555,2.3261189460754395,"{""OpenML_task_id"": ""168335"", ""batch_size"": 447, ""epoch"": 2, ""learning_rate"": 0.002085752334827879, ""max_dropout"": 0.9735361031327117, ""max_units"": 959, ""momentum"": 0.12295211090444029, ""num_layers"": 1, ""weight_decay"": 0.045491340961718155}","{""time"": 2.3261189460754395, ""val_accuracy"": 60.842918395996094, ""val_cross_entropy"": 0.6148380041122437, ""val_balanced_accuracy"": 0.5972468852996826, ""test_cross_entropy"": 0.6681196689605713, ""test_balanced_accuracy"": 0.5941790342330933}"
2026-04-16T00:27:32.373363,tpe,lcbench,189865,0,556,8.062971115112305,"{""OpenML_task_id"": ""168335"", ""batch_size"": 473, ""epoch"": 4, ""learning_rate"": 0.004378673932981838, ""max_dropout"": 0.9653696032434743, ""max_units"": 937, ""momentum"": 0.1439088473989883, ""num_layers"": 1, ""weight_decay"": 0.04289455711510302}","{""time"": 8.062971115112305, ""val_accuracy"": 65.76203918457031, ""val_cross_entropy"": 0.5983133316040039, ""val_balanced_accuracy"": 0.6167993545532227, ""test_cross_entropy"": 0.6656438112258911, ""test_balanced_accuracy"": 0.6129572987556458}"
2026-04-16T00:27:32.436524,tpe,lcbench,189865,0,557,0.9107313752174377,"{""OpenML_task_id"": ""168335"", ""batch_size"": 457, ""epoch"": 1, ""learning_rate"": 0.0016639039841330598, ""max_dropout"": 0.9968791878780502, ""max_units"": 955, ""momentum"": 0.12154166723245619, ""num_layers"": 1, ""weight_decay"": 0.04102434823132354}","{""time"": 0.9107313752174377, ""val_accuracy"": 59.85977554321289, ""val_cross_entropy"": 0.5871722102165222, ""val_balanced_accuracy"": 0.5967162847518921, ""test_cross_entropy"": 0.6668388843536377, ""test_balanced_accuracy"": 0.5936172008514404}"
2026-04-16T00:27:32.540150,tpe,lcbench,189865,0,558,5.9126973152160645,"{""OpenML_task_id"": ""168335"", ""batch_size"": 456, ""epoch"": 2, ""learning_rate"": 0.0020442972388587076, ""max_dropout"": 0.9845022191834741, ""max_units"": 922, ""momentum"": 0.14509721720846108, ""num_layers"": 3, ""weight_decay"": 0.04148132402554598}","{""time"": 5.9126973152160645, ""val_accuracy"": 51.586116790771484, ""val_cross_entropy"": 0.6591424942016602, ""val_balanced_accuracy"": 0.5164867639541626, ""test_cross_entropy"": 0.6688790321350098, ""test_balanced_accuracy"": 0.5180189609527588}"
2026-04-16T00:27:32.663691,tpe,lcbench,189865,0,559,0.9888217449188232,"{""OpenML_task_id"": ""168335"", ""batch_size"": 460, ""epoch"": 1, ""learning_rate"": 0.002541435826280409, ""max_dropout"": 0.9935284035500698, ""max_units"": 954, ""momentum"": 0.12251089476227862, ""num_layers"": 1, ""weight_decay"": 0.04017093391832117}","{""time"": 0.9888217449188232, ""val_accuracy"": 60.171478271484375, ""val_cross_entropy"": 0.5987233519554138, ""val_balanced_accuracy"": 0.6004049777984619, ""test_cross_entropy"": 0.6666708588600159, ""test_balanced_accuracy"": 0.5979832410812378}"
2026-04-16T00:27:32.795045,tpe,lcbench,189865,0,560,3.815413475036621,"{""OpenML_task_id"": ""168335"", ""batch_size"": 447, ""epoch"": 3, ""learning_rate"": 0.0016870504660825777, ""max_dropout"": 0.9967962775681165, ""max_units"": 935, ""momentum"": 0.14616818704565857, ""num_layers"": 1, ""weight_decay"": 0.0445863253552419}","{""time"": 3.815413475036621, ""val_accuracy"": 61.62472915649414, ""val_cross_entropy"": 0.6206377148628235, ""val_balanced_accuracy"": 0.5897778272628784, ""test_cross_entropy"": 0.673102855682373, ""test_balanced_accuracy"": 0.586527943611145}"
2026-04-16T00:27:32.866025,tpe,lcbench,189865,0,561,0.9037590026855469,"{""OpenML_task_id"": ""168335"", ""batch_size"": 459, ""epoch"": 1, ""learning_rate"": 0.0016510067432370646, ""max_dropout"": 0.9993001934627327, ""max_units"": 958, ""momentum"": 0.12527818978894048, ""num_layers"": 1, ""weight_decay"": 0.040853473081771334}","{""time"": 0.9037590026855469, ""val_accuracy"": 59.83454895019531, ""val_cross_entropy"": 0.587162971496582, ""val_balanced_accuracy"": 0.5964579582214355, ""test_cross_entropy"": 0.6669303178787231, ""test_balanced_accuracy"": 0.5933659076690674}"
2026-04-16T00:27:32.914605,tpe,lcbench,189865,0,562,4.091518878936768,"{""OpenML_task_id"": ""168335"", ""batch_size"": 459, ""epoch"": 3, ""learning_rate"": 0.0017529149592392399, ""max_dropout"": 0.9746848204857123, ""max_units"": 882, ""momentum"": 0.14563305708985314, ""num_layers"": 1, ""weight_decay"": 0.04046838177499638}","{""time"": 4.091518878936768, ""val_accuracy"": 61.80305862426758, ""val_cross_entropy"": 0.6252464652061462, ""val_balanced_accuracy"": 0.5890369415283203, ""test_cross_entropy"": 0.674128532409668, ""test_balanced_accuracy"": 0.5859453678131104}"
2026-04-16T00:27:32.980361,tpe,lcbench,189865,0,563,2.6412694454193115,"{""OpenML_task_id"": ""168335"", ""batch_size"": 417, ""epoch"": 2, ""learning_rate"": 0.0019280904409528865, ""max_dropout"": 0.9796880293502898, ""max_units"": 953, ""momentum"": 0.12711446615132818, ""num_layers"": 1, ""weight_decay"": 0.004647906066040441}","{""time"": 2.6412694454193115, ""val_accuracy"": 60.01594161987305, ""val_cross_entropy"": 0.620851457118988, ""val_balanced_accuracy"": 0.6017577648162842, ""test_cross_entropy"": 0.6689555644989014, ""test_balanced_accuracy"": 0.5932165384292603}"
2026-04-16T00:27:33.040288,tpe,lcbench,189865,0,564,22.05229949951172,"{""OpenML_task_id"": ""168335"", ""batch_size"": 448, ""epoch"": 21, ""learning_rate"": 0.0018179039324625944, ""max_dropout"": 0.9987133319650563, ""max_units"": 921, ""momentum"": 0.14710956551906432, ""num_layers"": 1, ""weight_decay"": 0.04055373989481654}","{""time"": 22.05229949951172, ""val_accuracy"": 69.07818603515625, ""val_cross_entropy"": 0.604854941368103, ""val_balanced_accuracy"": 0.6583350896835327, ""test_cross_entropy"": 0.653958797454834, ""test_balanced_accuracy"": 0.6495765447616577}"
2026-04-16T00:27:33.093611,tpe,lcbench,189865,0,565,0.9163092374801636,"{""OpenML_task_id"": ""168335"", ""batch_size"": 463, ""epoch"": 1, ""learning_rate"": 0.0019387632583434179, ""max_dropout"": 0.9997767491244581, ""max_units"": 951, ""momentum"": 0.12406280768722788, ""num_layers"": 1, ""weight_decay"": 0.04626144930819718}","{""time"": 0.9163092374801636, ""val_accuracy"": 60.038841247558594, ""val_cross_entropy"": 0.5904337763786316, ""val_balanced_accuracy"": 0.5981954336166382, ""test_cross_entropy"": 0.6668798923492432, ""test_balanced_accuracy"": 0.5956326127052307}"
2026-04-16T00:27:33.151585,tpe,lcbench,189865,0,566,10.78916072845459,"{""OpenML_task_id"": ""168335"", ""batch_size"": 430, ""epoch"": 23, ""learning_rate"": 0.00014836552989375227, ""max_dropout"": 0.9988536956486878, ""max_units"": 934, ""momentum"": 0.14799191236977705, ""num_layers"": 1, ""weight_decay"": 0.04735950895461963}","{""time"": 10.78916072845459, ""val_accuracy"": 61.43777084350586, ""val_cross_entropy"": 0.7057446837425232, ""val_balanced_accuracy"": 0.5839192867279053, ""test_cross_entropy"": 0.6806550025939941, ""test_balanced_accuracy"": 0.5802610516548157}"
2026-04-16T00:27:33.209331,tpe,lcbench,189865,0,567,3.7038559913635254,"{""OpenML_task_id"": ""168335"", ""batch_size"": 463, ""epoch"": 3, ""learning_rate"": 0.001790893375482296, ""max_dropout"": 0.999694738389292, ""max_units"": 953, ""momentum"": 0.12712268879402422, ""num_layers"": 1, ""weight_decay"": 0.04458950050356069}","{""time"": 3.7038559913635254, ""val_accuracy"": 62.083778381347656, ""val_cross_entropy"": 0.6177820563316345, ""val_balanced_accuracy"": 0.5922262072563171, ""test_cross_entropy"": 0.6729605197906494, ""test_balanced_accuracy"": 0.589453935623169}"
2026-04-16T00:27:33.258271,tpe,lcbench,189865,0,568,0.39756619930267334,"{""OpenML_task_id"": ""168335"", ""batch_size"": 465, ""epoch"": 1, ""learning_rate"": 0.00012896000285444065, ""max_dropout"": 0.9753766161189201, ""max_units"": 960, ""momentum"": 0.12853448088964448, ""num_layers"": 1, ""weight_decay"": 0.04682280031440537}","{""time"": 0.39756619930267334, ""val_accuracy"": 56.29755401611328, ""val_cross_entropy"": 0.5774121284484863, ""val_balanced_accuracy"": 0.5816117525100708, ""test_cross_entropy"": 0.6705880165100098, ""test_balanced_accuracy"": 0.5780186653137207}"
2026-04-16T00:27:33.317002,tpe,lcbench,189865,0,569,2.553417682647705,"{""OpenML_task_id"": ""168335"", ""batch_size"": 442, ""epoch"": 4, ""learning_rate"": 0.0001842798267416011, ""max_dropout"": 0.9655711752246793, ""max_units"": 918, ""momentum"": 0.12379102724773161, ""num_layers"": 1, ""weight_decay"": 0.04659930176073979}","{""time"": 2.553417682647705, ""val_accuracy"": 57.612060546875, ""val_cross_entropy"": 0.6264281868934631, ""val_balanced_accuracy"": 0.5686070322990417, ""test_cross_entropy"": 0.6776683330535889, ""test_balanced_accuracy"": 0.5670193433761597}"
2026-04-16T00:27:33.374997,tpe,lcbench,189865,0,570,2.1573879718780518,"{""OpenML_task_id"": ""168335"", ""batch_size"": 455, ""epoch"": 2, ""learning_rate"": 0.0018064437726321122, ""max_dropout"": 0.9998443473010171, ""max_units"": 962, ""momentum"": 0.1288492020669485, ""num_layers"": 1, ""weight_decay"": 0.04585734672252264}","{""time"": 2.1573879718780518, ""val_accuracy"": 60.753047943115234, ""val_cross_entropy"": 0.6127858757972717, ""val_balanced_accuracy"": 0.5981041193008423, ""test_cross_entropy"": 0.6682387590408325, ""test_balanced_accuracy"": 0.5949501991271973}"
2026-04-16T00:27:33.431315,tpe,lcbench,189865,0,571,0.4645007848739624,"{""OpenML_task_id"": ""168335"", ""batch_size"": 463, ""epoch"": 1, ""learning_rate"": 0.00016280122479984347, ""max_dropout"": 0.978696665253279, ""max_units"": 930, ""momentum"": 0.1463227099636423, ""num_layers"": 1, ""weight_decay"": 0.04747997020732463}","{""time"": 0.4645007848739624, ""val_accuracy"": 56.302818298339844, ""val_cross_entropy"": 0.5797334909439087, ""val_balanced_accuracy"": 0.5748906135559082, ""test_cross_entropy"": 0.6720482110977173, ""test_balanced_accuracy"": 0.5710231065750122}"
2026-04-16T00:27:33.480872,tpe,lcbench,189865,0,572,2.285679340362549,"{""OpenML_task_id"": ""168335"", ""batch_size"": 458, ""epoch"": 2, ""learning_rate"": 0.001764046084292748, ""max_dropout"": 0.9784282560283607, ""max_units"": 916, ""momentum"": 0.15190784897481438, ""num_layers"": 1, ""weight_decay"": 0.04908677671078792}","{""time"": 2.285679340362549, ""val_accuracy"": 60.520694732666016, ""val_cross_entropy"": 0.6177984476089478, ""val_balanced_accuracy"": 0.5955871343612671, ""test_cross_entropy"": 0.6698577404022217, ""test_balanced_accuracy"": 0.5922352075576782}"
2026-04-16T00:27:33.531319,tpe,lcbench,189865,0,573,1.4197131395339966,"{""OpenML_task_id"": ""168335"", ""batch_size"": 438, ""epoch"": 1, ""learning_rate"": 0.00017458138228109007, ""max_dropout"": 0.9792020469233286, ""max_units"": 935, ""momentum"": 0.8886237569995477, ""num_layers"": 1, ""weight_decay"": 0.046321391119952024}","{""time"": 1.4197131395339966, ""val_accuracy"": 57.1966552734375, ""val_cross_entropy"": 0.6374048590660095, ""val_balanced_accuracy"": 0.5591833591461182, ""test_cross_entropy"": 0.6891422271728516, ""test_balanced_accuracy"": 0.5599539279937744}"
2026-04-16T00:27:33.589643,tpe,lcbench,189865,0,574,2.0737197399139404,"{""OpenML_task_id"": ""168335"", ""batch_size"": 449, ""epoch"": 3, ""learning_rate"": 0.0002638543493292532, ""max_dropout"": 0.9996223730667907, ""max_units"": 937, ""momentum"": 0.14655157779185626, ""num_layers"": 1, ""weight_decay"": 0.049654785826303}","{""time"": 2.0737197399139404, ""val_accuracy"": 57.47004318237305, ""val_cross_entropy"": 0.610020637512207, ""val_balanced_accuracy"": 0.570751965045929, ""test_cross_entropy"": 0.6752247214317322, ""test_balanced_accuracy"": 0.5684422254562378}"
2026-04-16T00:27:33.640164,tpe,lcbench,189865,0,575,19.529701232910156,"{""OpenML_task_id"": ""168335"", ""batch_size"": 465, ""epoch"": 16, ""learning_rate"": 0.0020951911667975607, ""max_dropout"": 0.9659121906985226, ""max_units"": 893, ""momentum"": 0.15182366412675335, ""num_layers"": 1, ""weight_decay"": 0.05128069955077704}","{""time"": 19.529701232910156, ""val_accuracy"": 69.0353775024414, ""val_cross_entropy"": 0.6053276658058167, ""val_balanced_accuracy"": 0.6552283763885498, ""test_cross_entropy"": 0.6569967269897461, ""test_balanced_accuracy"": 0.6464223861694336}"
2026-04-16T00:27:33.677750,tpe,lcbench,189865,0,576,2.3316969871520996,"{""OpenML_task_id"": ""168335"", ""batch_size"": 457, ""epoch"": 2, ""learning_rate"": 0.0019318135708111348, ""max_dropout"": 0.9789904689408729, ""max_units"": 919, ""momentum"": 0.13023541055099616, ""num_layers"": 1, ""weight_decay"": 0.044511030174694544}","{""time"": 2.3316969871520996, ""val_accuracy"": 60.865318298339844, ""val_cross_entropy"": 0.617687463760376, ""val_balanced_accuracy"": 0.5970714688301086, ""test_cross_entropy"": 0.6689952611923218, ""test_balanced_accuracy"": 0.5938085913658142}"
2026-04-16T00:27:33.740703,tpe,lcbench,189865,0,577,0.40035516023635864,"{""OpenML_task_id"": ""167168"", ""batch_size"": 463, ""epoch"": 1, ""learning_rate"": 0.000126835020668879, ""max_dropout"": 0.9635516002878644, ""max_units"": 960, ""momentum"": 0.12015912487886321, ""num_layers"": 1, ""weight_decay"": 0.044207211766687064}","{""time"": 0.40035516023635864, ""val_accuracy"": 56.413536071777344, ""val_cross_entropy"": 0.5777183771133423, ""val_balanced_accuracy"": 0.5826532244682312, ""test_cross_entropy"": 0.6701263189315796, ""test_balanced_accuracy"": 0.5789675712585449}"
2026-04-16T00:27:33.792536,tpe,lcbench,189865,0,578,1.733469009399414,"{""OpenML_task_id"": ""168335"", ""batch_size"": 452, ""epoch"": 1, ""learning_rate"": 0.0017921178847380122, ""max_dropout"": 0.9555759095835779, ""max_units"": 940, ""momentum"": 0.7825805821686802, ""num_layers"": 1, ""weight_decay"": 0.04348926385649696}","{""time"": 1.733469009399414, ""val_accuracy"": 58.044097900390625, ""val_cross_entropy"": 0.6821553707122803, ""val_balanced_accuracy"": 0.5833004117012024, ""test_cross_entropy"": 0.680939257144928, ""test_balanced_accuracy"": 0.581063985824585}"
2026-04-16T00:27:33.852369,tpe,lcbench,189865,0,579,2.616168975830078,"{""OpenML_task_id"": ""167168"", ""batch_size"": 460, ""epoch"": 4, ""learning_rate"": 0.0002285218230705914, ""max_dropout"": 0.9619079322364411, ""max_units"": 958, ""momentum"": 0.11838291422201735, ""num_layers"": 1, ""weight_decay"": 0.04766604028437563}","{""time"": 2.616168975830078, ""val_accuracy"": 58.588226318359375, ""val_cross_entropy"": 0.621453583240509, ""val_balanced_accuracy"": 0.5752251148223877, ""test_cross_entropy"": 0.6769773364067078, ""test_balanced_accuracy"": 0.5735259652137756}"
2026-04-16T00:27:33.907451,tpe,lcbench,189865,0,580,5.678426265716553,"{""OpenML_task_id"": ""167185"", ""batch_size"": 397, ""epoch"": 2, ""learning_rate"": 0.001569432264144562, ""max_dropout"": 0.9841705337643302, ""max_units"": 885, ""momentum"": 0.11842973347209318, ""num_layers"": 3, ""weight_decay"": 0.0461120489683163}","{""time"": 5.678426265716553, ""val_accuracy"": 51.44344711303711, ""val_cross_entropy"": 0.6528022885322571, ""val_balanced_accuracy"": 0.5148158073425293, ""test_cross_entropy"": 0.6723638772964478, ""test_balanced_accuracy"": 0.5175883173942566}"
2026-04-16T00:27:33.966964,tpe,lcbench,189865,0,581,14.523552894592285,"{""OpenML_task_id"": ""167168"", ""batch_size"": 466, ""epoch"": 2, ""learning_rate"": 0.0034097119426989347, ""max_dropout"": 0.9640275841398201, ""max_units"": 957, ""momentum"": 0.148831338652275, ""num_layers"": 5, ""weight_decay"": 0.04371188413533477}","{""time"": 14.523552894592285, ""val_accuracy"": 48.455955505371094, ""val_cross_entropy"": 0.5382198691368103, ""val_balanced_accuracy"": 0.5679794549942017, ""test_cross_entropy"": 0.6619915962219238, ""test_balanced_accuracy"": 0.5578283667564392}"
2026-04-16T00:27:34.017037,tpe,lcbench,189865,0,582,3.7889187335968018,"{""OpenML_task_id"": ""167168"", ""batch_size"": 476, ""epoch"": 3, ""learning_rate"": 0.001747231663179337, ""max_dropout"": 0.9822118606470057, ""max_units"": 919, ""momentum"": 0.12047259853045865, ""num_layers"": 1, ""weight_decay"": 0.042572073240431746}","{""time"": 3.7889187335968018, ""val_accuracy"": 62.21749496459961, ""val_cross_entropy"": 0.6228017807006836, ""val_balanced_accuracy"": 0.5921267867088318, ""test_cross_entropy"": 0.6737264394760132, ""test_balanced_accuracy"": 0.5893605947494507}"
2026-04-16T00:27:34.064119,tpe,lcbench,189865,0,583,1.0264724493026733,"{""OpenML_task_id"": ""168335"", ""batch_size"": 447, ""epoch"": 1, ""learning_rate"": 0.00020541528286209575, ""max_dropout"": 0.03450568990320091, ""max_units"": 940, ""momentum"": 0.13444903470970754, ""num_layers"": 1, ""weight_decay"": 0.047415935757205305}","{""time"": 1.0264724493026733, ""val_accuracy"": 55.00275802612305, ""val_cross_entropy"": 0.6055876016616821, ""val_balanced_accuracy"": 0.5556218028068542, ""test_cross_entropy"": 0.6687462329864502, ""test_balanced_accuracy"": 0.5442414879798889}"
2026-04-16T00:27:34.117627,tpe,lcbench,189865,0,584,0.5188851356506348,"{""OpenML_task_id"": ""168335"", ""batch_size"": 442, ""epoch"": 1, ""learning_rate"": 0.0002017596741205905, ""max_dropout"": 0.9987567076170127, ""max_units"": 939, ""momentum"": 0.14327449029297398, ""num_layers"": 1, ""weight_decay"": 0.051282772157869645}","{""time"": 0.5188851356506348, ""val_accuracy"": 56.087913513183594, ""val_cross_entropy"": 0.5777995586395264, ""val_balanced_accuracy"": 0.5662930607795715, ""test_cross_entropy"": 0.6727612614631653, ""test_balanced_accuracy"": 0.5618400573730469}"
2026-04-16T00:27:34.168236,tpe,lcbench,189865,0,585,2.4627771377563477,"{""OpenML_task_id"": ""168335"", ""batch_size"": 441, ""epoch"": 3, ""learning_rate"": 0.0004332147826627954, ""max_dropout"": 0.9999401732632969, ""max_units"": 934, ""momentum"": 0.14838435324358312, ""num_layers"": 1, ""weight_decay"": 0.04670149800450443}","{""time"": 2.4627771377563477, ""val_accuracy"": 58.65374755859375, ""val_cross_entropy"": 0.613296627998352, ""val_balanced_accuracy"": 0.5828577876091003, ""test_cross_entropy"": 0.6749163269996643, ""test_balanced_accuracy"": 0.5795321464538574}"
2026-04-16T00:27:34.222266,tpe,lcbench,189865,0,586,3.355238199234009,"{""OpenML_task_id"": ""168335"", ""batch_size"": 433, ""epoch"": 5, ""learning_rate"": 0.00019446365140028335, ""max_dropout"": 0.96138624471544, ""max_units"": 913, ""momentum"": 0.14692989504391984, ""num_layers"": 1, ""weight_decay"": 0.05093983607187877}","{""time"": 3.355238199234009, ""val_accuracy"": 58.42463302612305, ""val_cross_entropy"": 0.6320038437843323, ""val_balanced_accuracy"": 0.5702296495437622, ""test_cross_entropy"": 0.680080235004425, ""test_balanced_accuracy"": 0.5679632425308228}"
2026-04-16T00:27:34.272507,tpe,lcbench,189865,0,587,2.362375259399414,"{""OpenML_task_id"": ""168335"", ""batch_size"": 441, ""epoch"": 2, ""learning_rate"": 0.0018192261965011723, ""max_dropout"": 0.9600139542092445, ""max_units"": 937, ""momentum"": 0.15165501124385927, ""num_layers"": 1, ""weight_decay"": 0.04768893421195305}","{""time"": 2.362375259399414, ""val_accuracy"": 60.168724060058594, ""val_cross_entropy"": 0.6172353625297546, ""val_balanced_accuracy"": 0.5946200489997864, ""test_cross_entropy"": 0.6695373058319092, ""test_balanced_accuracy"": 0.5910886526107788}"
2026-04-16T00:27:34.327103,tpe,lcbench,189865,0,588,0.37804362177848816,"{""OpenML_task_id"": ""126029"", ""batch_size"": 447, ""epoch"": 1, ""learning_rate"": 0.00010137563912495466, ""max_dropout"": 0.9976525013155412, ""max_units"": 885, ""momentum"": 0.13584334188081612, ""num_layers"": 1, ""weight_decay"": 0.05436853318663799}","{""time"": 0.37804362177848816, ""val_accuracy"": 56.32011032104492, ""val_cross_entropy"": 0.5907492637634277, ""val_balanced_accuracy"": 0.580324113368988, ""test_cross_entropy"": 0.6722980737686157, ""test_balanced_accuracy"": 0.5769293308258057}"
2026-04-16T00:27:34.380033,tpe,lcbench,189865,0,589,1.4699140787124634,"{""OpenML_task_id"": ""126029"", ""batch_size"": 446, ""epoch"": 3, ""learning_rate"": 0.0001050163642303515, ""max_dropout"": 0.9984183601269504, ""max_units"": 903, ""momentum"": 0.1503339027136948, ""num_layers"": 1, ""weight_decay"": 0.05270185481814118}","{""time"": 1.4699140787124634, ""val_accuracy"": 56.060638427734375, ""val_cross_entropy"": 0.6249083876609802, ""val_balanced_accuracy"": 0.5554130673408508, ""test_cross_entropy"": 0.6773196458816528, ""test_balanced_accuracy"": 0.5561656951904297}"
2026-04-16T00:27:34.431269,tpe,lcbench,189865,0,590,21.861255645751953,"{""OpenML_task_id"": ""167168"", ""batch_size"": 424, ""epoch"": 45, ""learning_rate"": 0.0001706855534414453, ""max_dropout"": 0.9984661088575474, ""max_units"": 887, ""momentum"": 0.1355268696131496, ""num_layers"": 1, ""weight_decay"": 0.04926589220253687}","{""time"": 21.861255645751953, ""val_accuracy"": 62.121917724609375, ""val_cross_entropy"": 0.7023947834968567, ""val_balanced_accuracy"": 0.5960826277732849, ""test_cross_entropy"": 0.6803196668624878, ""test_balanced_accuracy"": 0.5934202075004578}"
2026-04-16T00:27:34.487763,tpe,lcbench,189865,0,591,0.5481690168380737,"{""OpenML_task_id"": ""126029"", ""batch_size"": 462, ""epoch"": 1, ""learning_rate"": 0.0002574899794719086, ""max_dropout"": 0.9998020589032783, ""max_units"": 920, ""momentum"": 0.13716768516653466, ""num_layers"": 1, ""weight_decay"": 0.053259838631217915}","{""time"": 0.5481690168380737, ""val_accuracy"": 56.669883728027344, ""val_cross_entropy"": 0.5716596841812134, ""val_balanced_accuracy"": 0.569770872592926, ""test_cross_entropy"": 0.6714984178543091, ""test_balanced_accuracy"": 0.5657715797424316}"
2026-04-16T00:27:34.538239,tpe,lcbench,189865,0,592,3.4500622749328613,"{""OpenML_task_id"": ""126029"", ""batch_size"": 447, ""epoch"": 2, ""learning_rate"": 0.00023025862818414853, ""max_dropout"": 0.9989804177459967, ""max_units"": 923, ""momentum"": 0.976156693223263, ""num_layers"": 1, ""weight_decay"": 0.0550709520116971}","{""time"": 3.4500622749328613, ""val_accuracy"": 60.847328186035156, ""val_cross_entropy"": 0.6485038995742798, ""val_balanced_accuracy"": 0.6028146743774414, ""test_cross_entropy"": 0.6819252967834473, ""test_balanced_accuracy"": 0.6024330854415894}"
2026-04-16T00:27:34.597026,tpe,lcbench,189865,0,593,0.9581433534622192,"{""OpenML_task_id"": ""126029"", ""batch_size"": 462, ""epoch"": 1, ""learning_rate"": 0.0017848956348331807, ""max_dropout"": 0.9988016642720239, ""max_units"": 917, ""momentum"": 0.15051775265947775, ""num_layers"": 1, ""weight_decay"": 0.05018277747867386}","{""time"": 0.9581433534622192, ""val_accuracy"": 59.81093215942383, ""val_cross_entropy"": 0.5960577726364136, ""val_balanced_accuracy"": 0.5934111475944519, ""test_cross_entropy"": 0.6692049503326416, ""test_balanced_accuracy"": 0.590598464012146}"
2026-04-16T00:27:34.653898,tpe,lcbench,189865,0,594,2.3177521228790283,"{""OpenML_task_id"": ""126029"", ""batch_size"": 411, ""epoch"": 3, ""learning_rate"": 0.00025390321906598864, ""max_dropout"": 0.9798181443332367, ""max_units"": 894, ""momentum"": 0.15498233174544318, ""num_layers"": 1, ""weight_decay"": 0.04819373959220758}","{""time"": 2.3177521228790283, ""val_accuracy"": 57.00279998779297, ""val_cross_entropy"": 0.6178878545761108, ""val_balanced_accuracy"": 0.5665890574455261, ""test_cross_entropy"": 0.6768784523010254, ""test_balanced_accuracy"": 0.5637550950050354}"
2026-04-16T00:27:34.711884,tpe,lcbench,189865,0,595,3.80704665184021,"{""OpenML_task_id"": ""126029"", ""batch_size"": 436, ""epoch"": 4, ""learning_rate"": 0.0001194772910767306, ""max_dropout"": 0.06399502257638465, ""max_units"": 914, ""momentum"": 0.15283534613174124, ""num_layers"": 1, ""weight_decay"": 0.05415699036319318}","{""time"": 3.80704665184021, ""val_accuracy"": 57.63447952270508, ""val_cross_entropy"": 0.6251118183135986, ""val_balanced_accuracy"": 0.5534281730651855, ""test_cross_entropy"": 0.6811807155609131, ""test_balanced_accuracy"": 0.5500836968421936}"
2026-04-16T00:27:34.776018,tpe,lcbench,189865,0,596,3.420778512954712,"{""OpenML_task_id"": ""126029"", ""batch_size"": 458, ""epoch"": 2, ""learning_rate"": 0.00022193800370245466, ""max_dropout"": 0.09723426777277869, ""max_units"": 882, ""momentum"": 0.1578394440680777, ""num_layers"": 3, ""weight_decay"": 0.05092594336446934}","{""time"": 3.420778512954712, ""val_accuracy"": 46.1658821105957, ""val_cross_entropy"": 0.6766002178192139, ""val_balanced_accuracy"": 0.4901157021522522, ""test_cross_entropy"": 0.6904662847518921, ""test_balanced_accuracy"": 0.5030483603477478}"
2026-04-16T00:27:34.829506,tpe,lcbench,189865,0,597,1.0153167247772217,"{""OpenML_task_id"": ""126029"", ""batch_size"": 451, ""epoch"": 1, ""learning_rate"": 0.0019892033437526116, ""max_dropout"": 0.9733983362478259, ""max_units"": 897, ""momentum"": 0.13678291254245842, ""num_layers"": 1, ""weight_decay"": 0.04860975744014313}","{""time"": 1.0153167247772217, ""val_accuracy"": 59.926605224609375, ""val_cross_entropy"": 0.5997180342674255, ""val_balanced_accuracy"": 0.5955325961112976, ""test_cross_entropy"": 0.668974757194519, ""test_balanced_accuracy"": 0.5926623344421387}"
2026-04-16T00:27:34.892174,tpe,lcbench,189865,0,598,1.0222890377044678,"{""OpenML_task_id"": ""126029"", ""batch_size"": 458, ""epoch"": 1, ""learning_rate"": 0.0022027564925209235, ""max_dropout"": 0.9653995894136601, ""max_units"": 894, ""momentum"": 0.15658082962180966, ""num_layers"": 1, ""weight_decay"": 0.058597559219948026}","{""time"": 1.0222890377044678, ""val_accuracy"": 59.8817024230957, ""val_cross_entropy"": 0.6022130250930786, ""val_balanced_accuracy"": 0.5955144762992859, ""test_cross_entropy"": 0.6694543361663818, ""test_balanced_accuracy"": 0.59309321641922}"
2026-04-16T00:27:34.944963,tpe,lcbench,189865,0,599,2.81000018119812,"{""OpenML_task_id"": ""126029"", ""batch_size"": 463, ""epoch"": 2, ""learning_rate"": 0.002559230300745528, ""max_dropout"": 0.9796953844380683, ""max_units"": 824, ""momentum"": 0.13920090084767986, ""num_layers"": 1, ""weight_decay"": 0.052689768046406266}","{""time"": 2.81000018119812, ""val_accuracy"": 61.24717712402344, ""val_cross_entropy"": 0.6301912069320679, ""val_balanced_accuracy"": 0.5921617746353149, ""test_cross_entropy"": 0.671225905418396, ""test_balanced_accuracy"": 0.5893279910087585}"
2026-04-16T00:27:34.999084,tpe,lcbench,189865,0,600,4.666040420532227,"{""OpenML_task_id"": ""167161"", ""batch_size"": 452, ""epoch"": 3, ""learning_rate"": 0.0021834097641730255, ""max_dropout"": 0.9489387427772354, ""max_units"": 842, ""momentum"": 0.15405237467542887, ""num_layers"": 1, ""weight_decay"": 0.0508373669218575}","{""time"": 4.666040420532227, ""val_accuracy"": 61.93073654174805, ""val_cross_entropy"": 0.6207219362258911, ""val_balanced_accuracy"": 0.5866230130195618, ""test_cross_entropy"": 0.6750736236572266, ""test_balanced_accuracy"": 0.5845845937728882}"
2026-04-16T00:27:35.061490,tpe,lcbench,189865,0,601,1.2244873046875,"{""OpenML_task_id"": ""126029"", ""batch_size"": 376, ""epoch"": 1, ""learning_rate"": 0.002949388485341206, ""max_dropout"": 0.9983621727110069, ""max_units"": 861, ""momentum"": 0.13512786830278525, ""num_layers"": 1, ""weight_decay"": 0.054757379870711775}","{""time"": 1.2244873046875, ""val_accuracy"": 59.560821533203125, ""val_cross_entropy"": 0.6234358549118042, ""val_balanced_accuracy"": 0.5916492342948914, ""test_cross_entropy"": 0.6702451705932617, ""test_balanced_accuracy"": 0.589004397392273}"
2026-04-16T00:27:35.109118,tpe,lcbench,189865,0,602,2.2605788707733154,"{""OpenML_task_id"": ""126029"", ""batch_size"": 465, ""epoch"": 2, ""learning_rate"": 0.0018347433241594818, ""max_dropout"": 0.9780971841495731, ""max_units"": 900, ""momentum"": 0.13807052440001508, ""num_layers"": 1, ""weight_decay"": 0.05622286810987943}","{""time"": 2.2605788707733154, ""val_accuracy"": 60.78179168701172, ""val_cross_entropy"": 0.6177748441696167, ""val_balanced_accuracy"": 0.5952237248420715, ""test_cross_entropy"": 0.6702502965927124, ""test_balanced_accuracy"": 0.5924283862113953}"
2026-04-16T00:27:35.162531,tpe,lcbench,189865,0,603,0.48402339220046997,"{""OpenML_task_id"": ""167201"", ""batch_size"": 428, ""epoch"": 1, ""learning_rate"": 0.0001463052790430011, ""max_dropout"": 0.951464337533792, ""max_units"": 917, ""momentum"": 0.15906458463713558, ""num_layers"": 1, ""weight_decay"": 0.052785324305931906}","{""time"": 0.48402339220046997, ""val_accuracy"": 55.85997772216797, ""val_cross_entropy"": 0.5895839333534241, ""val_balanced_accuracy"": 0.5691691040992737, ""test_cross_entropy"": 0.6735200881958008, ""test_balanced_accuracy"": 0.5646525621414185}"
2026-04-16T00:27:35.218364,tpe,lcbench,189865,0,604,5.87923002243042,"{""OpenML_task_id"": ""167201"", ""batch_size"": 436, ""epoch"": 4, ""learning_rate"": 0.0017680729361379665, ""max_dropout"": 0.9455797375261206, ""max_units"": 914, ""momentum"": 0.15303657403411838, ""num_layers"": 1, ""weight_decay"": 0.05335720998736095}","{""time"": 5.87923002243042, ""val_accuracy"": 62.48197937011719, ""val_cross_entropy"": 0.6093044281005859, ""val_balanced_accuracy"": 0.5902268290519714, ""test_cross_entropy"": 0.6765601634979248, ""test_balanced_accuracy"": 0.5868714451789856}"
2026-04-16T00:27:35.277372,tpe,lcbench,189865,0,605,1.635856032371521,"{""OpenML_task_id"": ""167201"", ""batch_size"": 426, ""epoch"": 2, ""learning_rate"": 0.00035359185002953504, ""max_dropout"": 0.9543721376692198, ""max_units"": 890, ""momentum"": 0.15667749479251683, ""num_layers"": 1, ""weight_decay"": 0.04957102984636832}","{""time"": 1.635856032371521, ""val_accuracy"": 57.466094970703125, ""val_cross_entropy"": 0.6044418811798096, ""val_balanced_accuracy"": 0.5712267756462097, ""test_cross_entropy"": 0.6741176843643188, ""test_balanced_accuracy"": 0.5681344270706177}"
2026-04-16T00:27:35.328280,tpe,lcbench,189865,0,606,15.929179191589355,"{""OpenML_task_id"": ""126029"", ""batch_size"": 440, ""epoch"": 38, ""learning_rate"": 0.00011156915836978536, ""max_dropout"": 0.9611152112290513, ""max_units"": 912, ""momentum"": 0.13187757833614178, ""num_layers"": 1, ""weight_decay"": 0.05634063250016415}","{""time"": 15.929179191589355, ""val_accuracy"": 60.76324462890625, ""val_cross_entropy"": 0.7194733023643494, ""val_balanced_accuracy"": 0.5829433798789978, ""test_cross_entropy"": 0.680645763874054, ""test_balanced_accuracy"": 0.5806485414505005}"
2026-04-16T00:27:35.383087,tpe,lcbench,189865,0,607,13.7482271194458,"{""OpenML_task_id"": ""126029"", ""batch_size"": 465, ""epoch"": 29, ""learning_rate"": 0.00021968748717025768, ""max_dropout"": 0.9836654576430801, ""max_units"": 877, ""momentum"": 0.12287680911114332, ""num_layers"": 1, ""weight_decay"": 0.05100009835543875}","{""time"": 13.7482271194458, ""val_accuracy"": 63.120059967041016, ""val_cross_entropy"": 0.6918794512748718, ""val_balanced_accuracy"": 0.5950931906700134, ""test_cross_entropy"": 0.6810156106948853, ""test_balanced_accuracy"": 0.592086136341095}"
2026-04-16T00:27:35.436998,tpe,lcbench,189865,0,608,21.346698760986328,"{""OpenML_task_id"": ""167201"", ""batch_size"": 447, ""epoch"": 6, ""learning_rate"": 0.00361049718608139, ""max_dropout"": 0.9990441673918625, ""max_units"": 920, ""momentum"": 0.1584356921116659, ""num_layers"": 3, ""weight_decay"": 0.05038352435152834}","{""time"": 21.346698760986328, ""val_accuracy"": 63.016845703125, ""val_cross_entropy"": 0.6830832958221436, ""val_balanced_accuracy"": 0.643963634967804, ""test_cross_entropy"": 0.6632220149040222, ""test_balanced_accuracy"": 0.6358799934387207}"
2026-04-16T00:27:35.492392,tpe,lcbench,189865,0,609,311.4537658691406,"{""OpenML_task_id"": ""126029"", ""batch_size"": 463, ""epoch"": 50, ""learning_rate"": 0.0027372486570929415, ""max_dropout"": 0.9404888582244264, ""max_units"": 876, ""momentum"": 0.13212589060587873, ""num_layers"": 4, ""weight_decay"": 0.05139851682740812}","{""time"": 311.4537658691406, ""val_accuracy"": 58.211509704589844, ""val_cross_entropy"": 0.7108035087585449, ""val_balanced_accuracy"": 0.6330011487007141, ""test_cross_entropy"": 0.7049009799957275, ""test_balanced_accuracy"": 0.619903564453125}"
2026-04-16T00:27:35.553777,tpe,lcbench,189865,0,610,0.4868123233318329,"{""OpenML_task_id"": ""168910"", ""batch_size"": 429, ""epoch"": 1, ""learning_rate"": 0.0001629473426243924, ""max_dropout"": 0.9618345357462975, ""max_units"": 927, ""momentum"": 0.1189532121855326, ""num_layers"": 1, ""weight_decay"": 0.049698477543897564}","{""time"": 0.4868123233318329, ""val_accuracy"": 55.99769592285156, ""val_cross_entropy"": 0.5861003994941711, ""val_balanced_accuracy"": 0.5702536106109619, ""test_cross_entropy"": 0.672073245048523, ""test_balanced_accuracy"": 0.5658450126647949}"
2026-04-16T00:27:35.611030,tpe,lcbench,189865,0,611,9.497880935668945,"{""OpenML_task_id"": ""168868"", ""batch_size"": 423, ""epoch"": 3, ""learning_rate"": 0.09500093809098509, ""max_dropout"": 0.9999997211142414, ""max_units"": 929, ""momentum"": 0.12050022383042047, ""num_layers"": 1, ""weight_decay"": 0.05209410369482194}","{""time"": 9.497880935668945, ""val_accuracy"": 82.213134765625, ""val_cross_entropy"": 0.44175082445144653, ""val_balanced_accuracy"": 0.8172245621681213, ""test_cross_entropy"": 0.5751872062683105, ""test_balanced_accuracy"": 0.8227376341819763}"
2026-04-16T00:27:35.658830,tpe,lcbench,189865,0,612,12.17108154296875,"{""OpenML_task_id"": ""168910"", ""batch_size"": 431, ""epoch"": 5, ""learning_rate"": 0.003804223797233871, ""max_dropout"": 0.9599336899367773, ""max_units"": 928, ""momentum"": 0.6455150988753241, ""num_layers"": 1, ""weight_decay"": 0.06697095398784106}","{""time"": 12.17108154296875, ""val_accuracy"": 67.23171997070312, ""val_cross_entropy"": 0.6441910862922668, ""val_balanced_accuracy"": 0.6527373790740967, ""test_cross_entropy"": 0.6631084680557251, ""test_balanced_accuracy"": 0.6495678424835205}"
2026-04-16T00:27:35.708345,tpe,lcbench,189865,0,613,0.4589229226112366,"{""OpenML_task_id"": ""168329"", ""batch_size"": 476, ""epoch"": 1, ""learning_rate"": 0.00019257559379696888, ""max_dropout"": 0.937609818950566, ""max_units"": 916, ""momentum"": 0.1165082599412595, ""num_layers"": 1, ""weight_decay"": 0.05387001743813166}","{""time"": 0.4589229226112366, ""val_accuracy"": 56.980403900146484, ""val_cross_entropy"": 0.5652485489845276, ""val_balanced_accuracy"": 0.5815318822860718, ""test_cross_entropy"": 0.6704617738723755, ""test_balanced_accuracy"": 0.5774280428886414}"
2026-04-16T00:27:35.769555,tpe,lcbench,189865,0,614,3.426356315612793,"{""OpenML_task_id"": ""168329"", ""batch_size"": 413, ""epoch"": 2, ""learning_rate"": 0.0017391696186893186, ""max_dropout"": 0.9496471245263324, ""max_units"": 425, ""momentum"": 0.11599308241141708, ""num_layers"": 1, ""weight_decay"": 0.05738002365530599}","{""time"": 3.426356315612793, ""val_accuracy"": 61.9041633605957, ""val_cross_entropy"": 0.6179001927375793, ""val_balanced_accuracy"": 0.5887011289596558, ""test_cross_entropy"": 0.6734192371368408, ""test_balanced_accuracy"": 0.5859140753746033}"
2026-04-16T00:27:35.829892,tpe,lcbench,189865,0,615,2.539473056793213,"{""OpenML_task_id"": ""168910"", ""batch_size"": 432, ""epoch"": 3, ""learning_rate"": 0.00041892232704124804, ""max_dropout"": 0.9349949009125522, ""max_units"": 914, ""momentum"": 0.1196800643035067, ""num_layers"": 1, ""weight_decay"": 0.05386457191714808}","{""time"": 2.539473056793213, ""val_accuracy"": 58.554264068603516, ""val_cross_entropy"": 0.6132215857505798, ""val_balanced_accuracy"": 0.57961505651474, ""test_cross_entropy"": 0.6763927936553955, ""test_balanced_accuracy"": 0.5769975781440735}"
2026-04-16T00:27:35.883867,tpe,lcbench,189865,0,616,0.34039291739463806,"{""OpenML_task_id"": ""168329"", ""batch_size"": 481, ""epoch"": 1, ""learning_rate"": 0.00010330006510562487, ""max_dropout"": 0.9304874965840452, ""max_units"": 867, ""momentum"": 0.11797495087261611, ""num_layers"": 1, ""weight_decay"": 0.0591189425558372}","{""time"": 0.34039291739463806, ""val_accuracy"": 57.627227783203125, ""val_cross_entropy"": 0.5652249455451965, ""val_balanced_accuracy"": 0.5954303741455078, ""test_cross_entropy"": 0.6701933145523071, ""test_balanced_accuracy"": 0.5921945571899414}"
2026-04-16T00:27:35.934278,tpe,lcbench,189865,0,617,1.3290725946426392,"{""OpenML_task_id"": ""168910"", ""batch_size"": 468, ""epoch"": 2, ""learning_rate"": 0.00026579102998910596, ""max_dropout"": 0.925714201544334, ""max_units"": 871, ""momentum"": 0.1154461216453752, ""num_layers"": 1, ""weight_decay"": 0.05984816648331208}","{""time"": 1.3290725946426392, ""val_accuracy"": 57.44779586791992, ""val_cross_entropy"": 0.6041839122772217, ""val_balanced_accuracy"": 0.5704374313354492, ""test_cross_entropy"": 0.6746656894683838, ""test_balanced_accuracy"": 0.5697317719459534}"
2026-04-16T00:27:35.977739,tpe,lcbench,189865,0,618,3.6982779502868652,"{""OpenML_task_id"": ""168329"", ""batch_size"": 349, ""epoch"": 4, ""learning_rate"": 0.000315282193966985, ""max_dropout"": 0.9318164663439695, ""max_units"": 894, ""momentum"": 0.15941914491369688, ""num_layers"": 1, ""weight_decay"": 0.05612155074654552}","{""time"": 3.6982779502868652, ""val_accuracy"": 57.45667266845703, ""val_cross_entropy"": 0.6335452795028687, ""val_balanced_accuracy"": 0.5680606961250305, ""test_cross_entropy"": 0.68161940574646, ""test_balanced_accuracy"": 0.5640981793403625}"
2026-04-16T00:27:36.040593,tpe,lcbench,189865,0,619,1.1882309913635254,"{""OpenML_task_id"": ""168910"", ""batch_size"": 478, ""epoch"": 1, ""learning_rate"": 0.0002584731548107948, ""max_dropout"": 0.9477616794339444, ""max_units"": 854, ""momentum"": 0.6974275984385911, ""num_layers"": 1, ""weight_decay"": 0.05396206684726413}","{""time"": 1.1882309913635254, ""val_accuracy"": 57.161102294921875, ""val_cross_entropy"": 0.6155696511268616, ""val_balanced_accuracy"": 0.5542606115341187, ""test_cross_entropy"": 0.6889368295669556, ""test_balanced_accuracy"": 0.5537776947021484}"
2026-04-16T00:27:36.089258,tpe,lcbench,189865,0,620,1.9426395893096924,"{""OpenML_task_id"": ""168329"", ""batch_size"": 443, ""epoch"": 1, ""learning_rate"": 0.00013951907793248013, ""max_dropout"": 0.9291958510830695, ""max_units"": 865, ""momentum"": 0.13148668410250947, ""num_layers"": 4, ""weight_decay"": 0.052857592989383737}","{""time"": 1.9426395893096924, ""val_accuracy"": 42.45552062988281, ""val_cross_entropy"": 0.6696783900260925, ""val_balanced_accuracy"": 0.48134058713912964, ""test_cross_entropy"": 0.6949254274368286, ""test_balanced_accuracy"": 0.492900013923645}"
2026-04-16T00:27:36.139148,tpe,lcbench,189865,0,621,1.8004035949707031,"{""OpenML_task_id"": ""168329"", ""batch_size"": 407, ""epoch"": 3, ""learning_rate"": 0.00014696731945504674, ""max_dropout"": 0.960036425610364, ""max_units"": 902, ""momentum"": 0.11400692596160558, ""num_layers"": 1, ""weight_decay"": 0.05741385244432974}","{""time"": 1.8004035949707031, ""val_accuracy"": 56.20646286010742, ""val_cross_entropy"": 0.6246185898780823, ""val_balanced_accuracy"": 0.5560289025306702, ""test_cross_entropy"": 0.6775959134101868, ""test_balanced_accuracy"": 0.5554459095001221}"
2026-04-16T00:27:36.187594,tpe,lcbench,189865,0,622,2.483694076538086,"{""OpenML_task_id"": ""168329"", ""batch_size"": 460, ""epoch"": 2, ""learning_rate"": 0.002106911749971977, ""max_dropout"": 0.9258723558040214, ""max_units"": 922, ""momentum"": 0.14662245821165354, ""num_layers"": 1, ""weight_decay"": 0.049557070999412554}","{""time"": 2.483694076538086, ""val_accuracy"": 60.72431564331055, ""val_cross_entropy"": 0.6202770471572876, ""val_balanced_accuracy"": 0.5948776006698608, ""test_cross_entropy"": 0.6700179576873779, ""test_balanced_accuracy"": 0.5919167399406433}"
2026-04-16T00:27:36.241553,tpe,lcbench,189865,0,623,4.069207191467285,"{""OpenML_task_id"": ""168329"", ""batch_size"": 478, ""epoch"": 3, ""learning_rate"": 0.002122648398856761, ""max_dropout"": 0.9423277977376421, ""max_units"": 911, ""momentum"": 0.10039798354211307, ""num_layers"": 1, ""weight_decay"": 0.05100284115638603}","{""time"": 4.069207191467285, ""val_accuracy"": 62.83872985839844, ""val_cross_entropy"": 0.6147177815437317, ""val_balanced_accuracy"": 0.5928409695625305, ""test_cross_entropy"": 0.6747288107872009, ""test_balanced_accuracy"": 0.5915048122406006}"
2026-04-16T00:27:36.292479,tpe,lcbench,189865,0,624,1.2035702466964722,"{""OpenML_task_id"": ""167184"", ""batch_size"": 423, ""epoch"": 2, ""learning_rate"": 0.00017661994271149463, ""max_dropout"": 0.9638913168540655, ""max_units"": 891, ""momentum"": 0.13118612808791388, ""num_layers"": 1, ""weight_decay"": 0.05290765368625297}","{""time"": 1.2035702466964722, ""val_accuracy"": 56.5387077331543, ""val_cross_entropy"": 0.6101398468017578, ""val_balanced_accuracy"": 0.5581827759742737, ""test_cross_entropy"": 0.6738392114639282, ""test_balanced_accuracy"": 0.5579836964607239}"
2026-04-16T00:27:36.342578,tpe,lcbench,189865,0,625,2.234083890914917,"{""OpenML_task_id"": ""167201"", ""batch_size"": 454, ""epoch"": 1, ""learning_rate"": 0.031666019153687136, ""max_dropout"": 0.9662579401394745, ""max_units"": 927, ""momentum"": 0.4565767539800376, ""num_layers"": 1, ""weight_decay"": 0.05978292114089353}","{""time"": 2.234083890914917, ""val_accuracy"": 57.263023376464844, ""val_cross_entropy"": 0.7208399772644043, ""val_balanced_accuracy"": 0.5549926161766052, ""test_cross_entropy"": 0.6748311519622803, ""test_balanced_accuracy"": 0.5610390305519104}"
2026-04-16T00:27:36.397819,tpe,lcbench,189865,0,626,1.0906181335449219,"{""OpenML_task_id"": ""7593"", ""batch_size"": 468, ""epoch"": 1, ""learning_rate"": 0.003395898693193926, ""max_dropout"": 0.9753491336942104, ""max_units"": 878, ""momentum"": 0.11665096278875695, ""num_layers"": 1, ""weight_decay"": 0.0487846913705688}","{""time"": 1.0906181335449219, ""val_accuracy"": 60.54771423339844, ""val_cross_entropy"": 0.6089406609535217, ""val_balanced_accuracy"": 0.5994003415107727, ""test_cross_entropy"": 0.6682015657424927, ""test_balanced_accuracy"": 0.5978155732154846}"
2026-04-16T00:27:36.459460,tpe,lcbench,189865,0,627,5.043941974639893,"{""OpenML_task_id"": ""167190"", ""batch_size"": 442, ""epoch"": 4, ""learning_rate"": 0.0001590918398144467, ""max_dropout"": 0.8217790193922088, ""max_units"": 855, ""momentum"": 0.15612226708326193, ""num_layers"": 3, ""weight_decay"": 0.04582095273602005}","{""time"": 5.043941974639893, ""val_accuracy"": 48.863861083984375, ""val_cross_entropy"": 0.6621091365814209, ""val_balanced_accuracy"": 0.5019500255584717, ""test_cross_entropy"": 0.6922868490219116, ""test_balanced_accuracy"": 0.5127226114273071}"
2026-04-16T00:27:36.514983,tpe,lcbench,189865,0,628,3.5950872898101807,"{""OpenML_task_id"": ""168329"", ""batch_size"": 455, ""epoch"": 2, ""learning_rate"": 0.0020827167193883363, ""max_dropout"": 0.9397523607422273, ""max_units"": 178, ""momentum"": 0.1381875905011893, ""num_layers"": 1, ""weight_decay"": 0.05556291906646298}","{""time"": 3.5950872898101807, ""val_accuracy"": 64.10635375976562, ""val_cross_entropy"": 0.6102477312088013, ""val_balanced_accuracy"": 0.5971671342849731, ""test_cross_entropy"": 0.6695501804351807, ""test_balanced_accuracy"": 0.5930637717247009}"
2026-04-16T00:27:36.569161,tpe,lcbench,189865,0,629,1.002766489982605,"{""OpenML_task_id"": ""167152"", ""batch_size"": 481, ""epoch"": 1, ""learning_rate"": 0.003446783358767168, ""max_dropout"": 0.9576203902825744, ""max_units"": 936, ""momentum"": 0.11472037083749104, ""num_layers"": 1, ""weight_decay"": 0.053830774594271234}","{""time"": 1.002766489982605, ""val_accuracy"": 60.5155029296875, ""val_cross_entropy"": 0.6009737253189087, ""val_balanced_accuracy"": 0.6033552885055542, ""test_cross_entropy"": 0.6660021543502808, ""test_balanced_accuracy"": 0.602302074432373}"
2026-04-16T00:27:36.619239,tpe,lcbench,189865,0,630,1.002766489982605,"{""OpenML_task_id"": ""34539"", ""batch_size"": 466, ""epoch"": 2, ""learning_rate"": 0.00014342259789532492, ""max_dropout"": 0.9668943090178573, ""max_units"": 907, ""momentum"": 0.15714708414713716, ""num_layers"": 1, ""weight_decay"": 0.04955697173589596}","{""time"": 1.002766489982605, ""val_accuracy"": 56.6893424987793, ""val_cross_entropy"": 0.602892279624939, ""val_balanced_accuracy"": 0.5655924677848816, ""test_cross_entropy"": 0.6729848384857178, ""test_balanced_accuracy"": 0.5653131604194641}"
2026-04-16T00:27:36.743266,tpe,lcbench,189865,0,631,11.001120567321777,"{""OpenML_task_id"": ""189909"", ""batch_size"": 382, ""epoch"": 3, ""learning_rate"": 0.06678611174413579, ""max_dropout"": 0.9180634793108177, ""max_units"": 960, ""momentum"": 0.13194570504817188, ""num_layers"": 1, ""weight_decay"": 0.05123395805173187}","{""time"": 11.001120567321777, ""val_accuracy"": 79.46363067626953, ""val_cross_entropy"": 0.4855107367038727, ""val_balanced_accuracy"": 0.7924166917800903, ""test_cross_entropy"": 0.5879480242729187, ""test_balanced_accuracy"": 0.7956379652023315}"
2026-04-16T00:27:36.794751,tpe,lcbench,189865,0,632,0.972088098526001,"{""OpenML_task_id"": ""189906"", ""batch_size"": 446, ""epoch"": 1, ""learning_rate"": 0.0020797269689674363, ""max_dropout"": 0.9781712606479732, ""max_units"": 935, ""momentum"": 0.11833482156439067, ""num_layers"": 1, ""weight_decay"": 0.046610981626916265}","{""time"": 0.972088098526001, ""val_accuracy"": 59.9533576965332, ""val_cross_entropy"": 0.5950435400009155, ""val_balanced_accuracy"": 0.5981383323669434, ""test_cross_entropy"": 0.6671546697616577, ""test_balanced_accuracy"": 0.5953202247619629}"
2026-04-16T00:27:36.844962,tpe,lcbench,189865,0,633,2.487877607345581,"{""OpenML_task_id"": ""146212"", ""batch_size"": 433, ""epoch"": 2, ""learning_rate"": 0.002054238856586518, ""max_dropout"": 0.9817155008840297, ""max_units"": 918, ""momentum"": 0.14036564830730563, ""num_layers"": 1, ""weight_decay"": 0.04680719450972854}","{""time"": 2.487877607345581, ""val_accuracy"": 60.380374908447266, ""val_cross_entropy"": 0.6206181645393372, ""val_balanced_accuracy"": 0.5945712924003601, ""test_cross_entropy"": 0.6692540645599365, ""test_balanced_accuracy"": 0.5909748077392578}"
2026-04-16T00:27:36.905420,tpe,lcbench,189865,0,634,16.90530776977539,"{""OpenML_task_id"": ""189906"", ""batch_size"": 442, ""epoch"": 10, ""learning_rate"": 0.003818840197120595, ""max_dropout"": 0.9812954409755789, ""max_units"": 936, ""momentum"": 0.16174919093719958, ""num_layers"": 1, ""weight_decay"": 0.04783406205274637}","{""time"": 16.90530776977539, ""val_accuracy"": 70.11972045898438, ""val_cross_entropy"": 0.6042487025260925, ""val_balanced_accuracy"": 0.6666316986083984, ""test_cross_entropy"": 0.6515974998474121, ""test_balanced_accuracy"": 0.6597253084182739}"
2026-04-16T00:27:36.964663,tpe,lcbench,189865,0,635,1.0348392724990845,"{""OpenML_task_id"": ""189906"", ""batch_size"": 452, ""epoch"": 1, ""learning_rate"": 0.002172400916084938, ""max_dropout"": 0.9802502072988012, ""max_units"": 889, ""momentum"": 0.1288704770867382, ""num_layers"": 1, ""weight_decay"": 0.04557302443992269}","{""time"": 1.0348392724990845, ""val_accuracy"": 60.05556106567383, ""val_cross_entropy"": 0.6036321520805359, ""val_balanced_accuracy"": 0.596073567867279, ""test_cross_entropy"": 0.6690388917922974, ""test_balanced_accuracy"": 0.5932663083076477}"
2026-04-16T00:27:37.020116,tpe,lcbench,189865,0,636,7.76315975189209,"{""OpenML_task_id"": ""189906"", ""batch_size"": 435, ""epoch"": 5, ""learning_rate"": 0.0020054911977658526, ""max_dropout"": 0.9576736900459394, ""max_units"": 932, ""momentum"": 0.14645317216312304, ""num_layers"": 1, ""weight_decay"": 0.044897276271498206}","{""time"": 7.76315975189209, ""val_accuracy"": 64.10060119628906, ""val_cross_entropy"": 0.6043298840522766, ""val_balanced_accuracy"": 0.6027951240539551, ""test_cross_entropy"": 0.6734205484390259, ""test_balanced_accuracy"": 0.5981429219245911}"
2026-04-16T00:27:37.083049,tpe,lcbench,189865,0,637,5.518062114715576,"{""OpenML_task_id"": ""168910"", ""batch_size"": 418, ""epoch"": 3, ""learning_rate"": 0.004154761872040447, ""max_dropout"": 0.976147747965152, ""max_units"": 906, ""momentum"": 0.11964002116566548, ""num_layers"": 1, ""weight_decay"": 0.050091695912531424}","{""time"": 5.518062114715576, ""val_accuracy"": 62.98560333251953, ""val_cross_entropy"": 0.6016252636909485, ""val_balanced_accuracy"": 0.5993660092353821, ""test_cross_entropy"": 0.6687196493148804, ""test_balanced_accuracy"": 0.5974519848823547}"
2026-04-16T00:27:37.143906,tpe,lcbench,189865,0,638,0.3808325529098511,"{""OpenML_task_id"": ""189906"", ""batch_size"": 460, ""epoch"": 1, ""learning_rate"": 0.00013012954028864085, ""max_dropout"": 0.9980151062442242, ""max_units"": 946, ""momentum"": 0.10101733520501106, ""num_layers"": 1, ""weight_decay"": 0.05261904676965466}","{""time"": 0.3808325529098511, ""val_accuracy"": 56.294334411621094, ""val_cross_entropy"": 0.5760937333106995, ""val_balanced_accuracy"": 0.5823121666908264, ""test_cross_entropy"": 0.6697696447372437, ""test_balanced_accuracy"": 0.5790360569953918}"
2026-04-16T00:27:37.199145,tpe,lcbench,189865,0,639,2.2787070274353027,"{""OpenML_task_id"": ""189906"", ""batch_size"": 448, ""epoch"": 4, ""learning_rate"": 0.00015105647836127168, ""max_dropout"": 0.9435584408234936, ""max_units"": 923, ""momentum"": 0.10052949570003415, ""num_layers"": 1, ""weight_decay"": 0.055106413894813716}","{""time"": 2.2787070274353027, ""val_accuracy"": 57.0980110168457, ""val_cross_entropy"": 0.6294780373573303, ""val_balanced_accuracy"": 0.5639992356300354, ""test_cross_entropy"": 0.6784255504608154, ""test_balanced_accuracy"": 0.5637508034706116}"
2026-04-16T00:27:37.252916,tpe,lcbench,189865,0,640,2.119737386703491,"{""OpenML_task_id"": ""168329"", ""batch_size"": 469, ""epoch"": 2, ""learning_rate"": 0.002031309555135778, ""max_dropout"": 0.9980535706872667, ""max_units"": 938, ""momentum"": 0.10014969606873562, ""num_layers"": 1, ""weight_decay"": 0.062438915333010825}","{""time"": 2.119737386703491, ""val_accuracy"": 61.320350646972656, ""val_cross_entropy"": 0.6116637587547302, ""val_balanced_accuracy"": 0.5977904796600342, ""test_cross_entropy"": 0.6689611673355103, ""test_balanced_accuracy"": 0.5958848595619202}"
2026-04-16T00:27:37.303821,tpe,lcbench,189865,0,641,2.0723254680633545,"{""OpenML_task_id"": ""189354"", ""batch_size"": 456, ""epoch"": 1, ""learning_rate"": 0.00180378509347821, ""max_dropout"": 0.9649099335780742, ""max_units"": 834, ""momentum"": 0.8293883594813465, ""num_layers"": 1, ""weight_decay"": 0.052321080036985185}","{""time"": 2.0723254680633545, ""val_accuracy"": 59.10182571411133, ""val_cross_entropy"": 0.6895015835762024, ""val_balanced_accuracy"": 0.5835229158401489, ""test_cross_entropy"": 0.6809589266777039, ""test_balanced_accuracy"": 0.5819635391235352}"
2026-04-16T00:27:37.358691,tpe,lcbench,189865,0,642,1.8268985748291016,"{""OpenML_task_id"": ""167168"", ""batch_size"": 402, ""epoch"": 3, ""learning_rate"": 0.00014588942944492148, ""max_dropout"": 0.9816788139244716, ""max_units"": 889, ""momentum"": 0.1153319868410759, ""num_layers"": 1, ""weight_decay"": 0.056918571107468355}","{""time"": 1.8268985748291016, ""val_accuracy"": 56.01499938964844, ""val_cross_entropy"": 0.6265247464179993, ""val_balanced_accuracy"": 0.55422043800354, ""test_cross_entropy"": 0.6774765253067017, ""test_balanced_accuracy"": 0.5536710023880005}"
2026-04-16T00:27:37.411775,tpe,lcbench,189865,0,643,1.8561824560165405,"{""OpenML_task_id"": ""189906"", ""batch_size"": 429, ""epoch"": 1, ""learning_rate"": 0.0040826108600204684, ""max_dropout"": 0.9991465684779414, ""max_units"": 913, ""momentum"": 0.7299653499605915, ""num_layers"": 1, ""weight_decay"": 0.054627810005978744}","{""time"": 1.8561824560165405, ""val_accuracy"": 57.6153564453125, ""val_cross_entropy"": 0.707216203212738, ""val_balanced_accuracy"": 0.572892963886261, ""test_cross_entropy"": 0.6789047122001648, ""test_balanced_accuracy"": 0.5701894164085388}"
2026-04-16T00:27:37.472648,tpe,lcbench,189865,0,644,0.9651157259941101,"{""OpenML_task_id"": ""189906"", ""batch_size"": 446, ""epoch"": 2, ""learning_rate"": 0.00013597637829168544, ""max_dropout"": 0.9531330413683257, ""max_units"": 948, ""momentum"": 0.14304940040300249, ""num_layers"": 1, ""weight_decay"": 0.0496636843869044}","{""time"": 0.9651157259941101, ""val_accuracy"": 56.48362731933594, ""val_cross_entropy"": 0.5988353490829468, ""val_balanced_accuracy"": 0.5640454888343811, ""test_cross_entropy"": 0.6720335483551025, ""test_balanced_accuracy"": 0.5633476972579956}"
2026-04-16T00:27:37.529106,tpe,lcbench,189865,0,645,4.951907157897949,"{""OpenML_task_id"": ""189906"", ""batch_size"": 470, ""epoch"": 4, ""learning_rate"": 0.00016132477765886576, ""max_dropout"": 0.9355556573675842, ""max_units"": 959, ""momentum"": 0.15192741604262872, ""num_layers"": 3, ""weight_decay"": 0.052311336669497284}","{""time"": 4.951907157897949, ""val_accuracy"": 48.79298782348633, ""val_cross_entropy"": 0.6573277711868286, ""val_balanced_accuracy"": 0.5020055174827576, ""test_cross_entropy"": 0.6915772557258606, ""test_balanced_accuracy"": 0.5119184255599976}"
2026-04-16T00:27:37.582378,tpe,lcbench,189865,0,646,5.208489894866943,"{""OpenML_task_id"": ""189906"", ""batch_size"": 477, ""epoch"": 3, ""learning_rate"": 0.004032967026829329, ""max_dropout"": 0.9513189225624852, ""max_units"": 949, ""momentum"": 0.16353007210332718, ""num_layers"": 1, ""weight_decay"": 0.04917594683061681}","{""time"": 5.208489894866943, ""val_accuracy"": 63.71687698364258, ""val_cross_entropy"": 0.6011987924575806, ""val_balanced_accuracy"": 0.5988026857376099, ""test_cross_entropy"": 0.6732500791549683, ""test_balanced_accuracy"": 0.5981132388114929}"
2026-04-16T00:27:37.642322,tpe,lcbench,189865,0,647,2.5255281925201416,"{""OpenML_task_id"": ""167201"", ""batch_size"": 462, ""epoch"": 2, ""learning_rate"": 0.002073422779035222, ""max_dropout"": 0.9574340453689895, ""max_units"": 868, ""momentum"": 0.14309063578314757, ""num_layers"": 1, ""weight_decay"": 0.05100057969774041}","{""time"": 2.5255281925201416, ""val_accuracy"": 60.83305358886719, ""val_cross_entropy"": 0.6239455342292786, ""val_balanced_accuracy"": 0.5940577983856201, ""test_cross_entropy"": 0.6707574725151062, ""test_balanced_accuracy"": 0.5908970236778259}"
2026-04-16T00:27:37.702091,tpe,lcbench,189865,0,648,9.52577018737793,"{""OpenML_task_id"": ""126029"", ""batch_size"": 455, ""epoch"": 3, ""learning_rate"": 0.04774019403424411, ""max_dropout"": 0.9377854920308789, ""max_units"": 964, ""momentum"": 0.1679606080236988, ""num_layers"": 1, ""weight_decay"": 0.053915083927834256}","{""time"": 9.52577018737793, ""val_accuracy"": 76.59497833251953, ""val_cross_entropy"": 0.5121899843215942, ""val_balanced_accuracy"": 0.75751793384552, ""test_cross_entropy"": 0.6051356196403503, ""test_balanced_accuracy"": 0.7597202062606812}"
2026-04-16T00:27:37.764464,tpe,lcbench,189865,0,649,2.8323118686676025,"{""OpenML_task_id"": ""167168"", ""batch_size"": 440, ""epoch"": 4, ""learning_rate"": 0.00027905688947602573, ""max_dropout"": 0.9993445342177482, ""max_units"": 944, ""momentum"": 0.13976962151254543, ""num_layers"": 1, ""weight_decay"": 0.058861407201425665}","{""time"": 2.8323118686676025, ""val_accuracy"": 58.721134185791016, ""val_cross_entropy"": 0.619337797164917, ""val_balanced_accuracy"": 0.57536780834198, ""test_cross_entropy"": 0.677688717842102, ""test_balanced_accuracy"": 0.5730262398719788}"
2026-04-16T00:27:37.830228,tpe,lcbench,189865,0,650,2.3149633407592773,"{""OpenML_task_id"": ""167161"", ""batch_size"": 482, ""epoch"": 2, ""learning_rate"": 0.0018969794340598755, ""max_dropout"": 0.9654208661444943, ""max_units"": 917, ""momentum"": 0.1642855949630886, ""num_layers"": 1, ""weight_decay"": 0.04800253295516417}","{""time"": 2.3149633407592773, ""val_accuracy"": 60.95594024658203, ""val_cross_entropy"": 0.6212727427482605, ""val_balanced_accuracy"": 0.596519410610199, ""test_cross_entropy"": 0.6705385446548462, ""test_balanced_accuracy"": 0.5936138033866882}"
2026-04-16T00:27:37.878008,tpe,lcbench,189865,0,651,1.889649748802185,"{""OpenML_task_id"": ""167185"", ""batch_size"": 192, ""epoch"": 2, ""learning_rate"": 0.00022482978692123608, ""max_dropout"": 0.9722543994354098, ""max_units"": 965, ""momentum"": 0.13039706288032846, ""num_layers"": 1, ""weight_decay"": 0.05050087482273623}","{""time"": 1.889649748802185, ""val_accuracy"": 57.00366973876953, ""val_cross_entropy"": 0.6232282519340515, ""val_balanced_accuracy"": 0.5593476295471191, ""test_cross_entropy"": 0.6771899461746216, ""test_balanced_accuracy"": 0.5533152222633362}"
2026-04-16T00:27:37.926753,tpe,lcbench,189865,0,652,9.917616844177246,"{""OpenML_task_id"": ""168329"", ""batch_size"": 467, ""epoch"": 5, ""learning_rate"": 0.0035747204406550073, ""max_dropout"": 0.9422807119313047, ""max_units"": 900, ""momentum"": 0.14255498727618754, ""num_layers"": 1, ""weight_decay"": 0.05300631647181669}","{""time"": 9.917616844177246, ""val_accuracy"": 66.33763885498047, ""val_cross_entropy"": 0.598369836807251, ""val_balanced_accuracy"": 0.621773362159729, ""test_cross_entropy"": 0.6683454513549805, ""test_balanced_accuracy"": 0.6162431240081787}"
2026-04-16T00:27:37.993479,tpe,lcbench,189865,0,653,0.5300409197807312,"{""OpenML_task_id"": ""189906"", ""batch_size"": 387, ""epoch"": 1, ""learning_rate"": 0.000175295714771067, ""max_dropout"": 0.9815741298897451, ""max_units"": 931, ""momentum"": 0.115570889927864, ""num_layers"": 1, ""weight_decay"": 0.05532244661547147}","{""time"": 0.5300409197807312, ""val_accuracy"": 55.662471771240234, ""val_cross_entropy"": 0.5882470607757568, ""val_balanced_accuracy"": 0.5615347027778625, ""test_cross_entropy"": 0.672851026058197, ""test_balanced_accuracy"": 0.555959939956665}"
2026-04-16T00:27:38.042172,tpe,lcbench,189865,0,654,0.9888217449188232,"{""OpenML_task_id"": ""168868"", ""batch_size"": 420, ""epoch"": 1, ""learning_rate"": 0.0019926254699161455, ""max_dropout"": 0.9779181046880114, ""max_units"": 924, ""momentum"": 0.11547411635667462, ""num_layers"": 1, ""weight_decay"": 0.05587557844902903}","{""time"": 0.9888217449188232, ""val_accuracy"": 59.653934478759766, ""val_cross_entropy"": 0.5958018898963928, ""val_balanced_accuracy"": 0.5961759090423584, ""test_cross_entropy"": 0.6672015190124512, ""test_balanced_accuracy"": 0.5933375954627991}"
2026-04-16T00:27:38.093405,tpe,lcbench,189865,0,655,23.88323974609375,"{""OpenML_task_id"": ""7593"", ""batch_size"": 371, ""epoch"": 19, ""learning_rate"": 0.0041444907741692944, ""max_dropout"": 0.9832925613904143, ""max_units"": 899, ""momentum"": 0.11739979743928693, ""num_layers"": 1, ""weight_decay"": 0.05709554170906561}","{""time"": 23.88323974609375, ""val_accuracy"": 74.77029418945312, ""val_cross_entropy"": 0.5584737062454224, ""val_balanced_accuracy"": 0.7328698039054871, ""test_cross_entropy"": 0.6241273880004883, ""test_balanced_accuracy"": 0.7260121703147888}"
2026-04-16T00:27:38.146407,tpe,lcbench,189865,0,656,0.5021514892578125,"{""OpenML_task_id"": ""126029"", ""batch_size"": 482, ""epoch"": 1, ""learning_rate"": 0.00023824314150003333, ""max_dropout"": 0.984152509284083, ""max_units"": 875, ""momentum"": 0.10222630588693007, ""num_layers"": 1, ""weight_decay"": 0.05512990476795846}","{""time"": 0.5021514892578125, ""val_accuracy"": 57.09321975708008, ""val_cross_entropy"": 0.5664446949958801, ""val_balanced_accuracy"": 0.5772265195846558, ""test_cross_entropy"": 0.6704531908035278, ""test_balanced_accuracy"": 0.573523759841919}"
2026-04-16T00:27:38.194847,tpe,lcbench,189865,0,657,0.564902663230896,"{""OpenML_task_id"": ""168910"", ""batch_size"": 478, ""epoch"": 1, ""learning_rate"": 0.0001328856187066826, ""max_dropout"": 0.9662898680788906, ""max_units"": 856, ""momentum"": 0.10233895586879889, ""num_layers"": 3, ""weight_decay"": 0.060867537917549536}","{""time"": 0.564902663230896, ""val_accuracy"": 48.65720748901367, ""val_cross_entropy"": 0.6632230877876282, ""val_balanced_accuracy"": 0.5096435546875, ""test_cross_entropy"": 0.6884293556213379, ""test_balanced_accuracy"": 0.528127133846283}"
2026-04-16T00:27:38.251931,tpe,lcbench,189865,0,658,11.64954948425293,"{""OpenML_task_id"": ""168910"", ""batch_size"": 482, ""epoch"": 8, ""learning_rate"": 0.0003245205115089064, ""max_dropout"": 0.9354045496732337, ""max_units"": 833, ""momentum"": 0.10332789151590976, ""num_layers"": 3, ""weight_decay"": 0.061305698208004245}","{""time"": 11.64954948425293, ""val_accuracy"": 53.33257293701172, ""val_cross_entropy"": 0.6294358968734741, ""val_balanced_accuracy"": 0.5322743654251099, ""test_cross_entropy"": 0.6830464005470276, ""test_balanced_accuracy"": 0.5379204154014587}"
2026-04-16T00:27:38.295297,tpe,lcbench,189865,0,659,1.6776901483535767,"{""OpenML_task_id"": ""168910"", ""batch_size"": 480, ""epoch"": 2, ""learning_rate"": 0.0001439676766561792, ""max_dropout"": 0.959748019919172, ""max_units"": 858, ""momentum"": 0.10090417989408279, ""num_layers"": 3, ""weight_decay"": 0.05742879369350299}","{""time"": 1.6776901483535767, ""val_accuracy"": 47.28078079223633, ""val_cross_entropy"": 0.6745080351829529, ""val_balanced_accuracy"": 0.4926396608352661, ""test_cross_entropy"": 0.6904968023300171, ""test_balanced_accuracy"": 0.5078396797180176}"
2026-04-16T00:27:38.359237,tpe,lcbench,189865,0,660,4.578188896179199,"{""OpenML_task_id"": ""168910"", ""batch_size"": 473, ""epoch"": 1, ""learning_rate"": 0.08637146940739678, ""max_dropout"": 0.9629786457762558, ""max_units"": 839, ""momentum"": 0.10009182060431557, ""num_layers"": 3, ""weight_decay"": 0.05966982907850793}","{""time"": 4.578188896179199, ""val_accuracy"": 52.14663314819336, ""val_cross_entropy"": 0.6475811004638672, ""val_balanced_accuracy"": 0.5110238194465637, ""test_cross_entropy"": 0.6569706201553345, ""test_balanced_accuracy"": 0.511156439781189}"
2026-04-16T00:27:38.419950,tpe,lcbench,189865,0,661,2.6370859146118164,"{""OpenML_task_id"": ""168910"", ""batch_size"": 486, ""epoch"": 3, ""learning_rate"": 0.00012920988395134905, ""max_dropout"": 0.9251220043246559, ""max_units"": 869, ""momentum"": 0.11670107592790477, ""num_layers"": 3, ""weight_decay"": 0.05864597223994151}","{""time"": 2.6370859146118164, ""val_accuracy"": 48.29513168334961, ""val_cross_entropy"": 0.6672461032867432, ""val_balanced_accuracy"": 0.49563392996788025, ""test_cross_entropy"": 0.6924533247947693, ""test_balanced_accuracy"": 0.509768009185791}"
2026-04-16T00:27:38.475699,tpe,lcbench,189865,0,662,2.1922497749328613,"{""OpenML_task_id"": ""167184"", ""batch_size"": 486, ""epoch"": 1, ""learning_rate"": 0.003794645574468137, ""max_dropout"": 0.949634201935169, ""max_units"": 812, ""momentum"": 0.10158805127528422, ""num_layers"": 3, ""weight_decay"": 0.0549850194286345}","{""time"": 2.1922497749328613, ""val_accuracy"": 49.456642150878906, ""val_cross_entropy"": 0.6716102361679077, ""val_balanced_accuracy"": 0.501894474029541, ""test_cross_entropy"": 0.6675201654434204, ""test_balanced_accuracy"": 0.5053805112838745}"
2026-04-16T00:27:38.534848,tpe,lcbench,189865,0,663,1.8492100238800049,"{""OpenML_task_id"": ""168910"", ""batch_size"": 472, ""epoch"": 2, ""learning_rate"": 0.0001647674578943167, ""max_dropout"": 0.9722846442918995, ""max_units"": 863, ""momentum"": 0.11383679877879697, ""num_layers"": 3, ""weight_decay"": 0.06480125807790264}","{""time"": 1.8492100238800049, ""val_accuracy"": 47.23246765136719, ""val_cross_entropy"": 0.6733643412590027, ""val_balanced_accuracy"": 0.4906497895717621, ""test_cross_entropy"": 0.6909734010696411, ""test_balanced_accuracy"": 0.5048621892929077}"
2026-04-16T00:27:38.592805,tpe,lcbench,189865,0,664,1.0822513103485107,"{""OpenML_task_id"": ""167190"", ""batch_size"": 480, ""epoch"": 1, ""learning_rate"": 0.002064835645044614, ""max_dropout"": 0.8436512927559312, ""max_units"": 875, ""momentum"": 0.1000894091202423, ""num_layers"": 1, ""weight_decay"": 0.054559874186231094}","{""time"": 1.0822513103485107, ""val_accuracy"": 60.36667251586914, ""val_cross_entropy"": 0.5955953598022461, ""val_balanced_accuracy"": 0.6004175543785095, ""test_cross_entropy"": 0.6684203147888184, ""test_balanced_accuracy"": 0.5977688431739807}"
2026-04-16T00:27:38.654745,tpe,lcbench,189865,0,665,3.804257869720459,"{""OpenML_task_id"": ""126029"", ""batch_size"": 391, ""epoch"": 3, ""learning_rate"": 0.00016872145191584937, ""max_dropout"": 0.9225098010962275, ""max_units"": 884, ""momentum"": 0.12627249399008747, ""num_layers"": 3, ""weight_decay"": 0.057446821390121874}","{""time"": 3.804257869720459, ""val_accuracy"": 48.323974609375, ""val_cross_entropy"": 0.6521641612052917, ""val_balanced_accuracy"": 0.4989147186279297, ""test_cross_entropy"": 0.6936455368995667, ""test_balanced_accuracy"": 0.5100354552268982}"
2026-04-16T00:27:38.716779,tpe,lcbench,189865,0,666,7.269517421722412,"{""OpenML_task_id"": ""167201"", ""batch_size"": 407, ""epoch"": 2, ""learning_rate"": 0.0043103410058416185, ""max_dropout"": 0.9751068812117407, ""max_units"": 861, ""momentum"": 0.10067407031620416, ""num_layers"": 3, ""weight_decay"": 0.05600836340347878}","{""time"": 7.269517421722412, ""val_accuracy"": 53.4001579284668, ""val_cross_entropy"": 0.6653800010681152, ""val_balanced_accuracy"": 0.5232252478599548, ""test_cross_entropy"": 0.6632180213928223, ""test_balanced_accuracy"": 0.5223996043205261}"
2026-04-16T00:27:38.777018,tpe,lcbench,189865,0,667,1.7404413223266602,"{""OpenML_task_id"": ""189909"", ""batch_size"": 474, ""epoch"": 1, ""learning_rate"": 0.002019237767828122, ""max_dropout"": 0.9526325078925061, ""max_units"": 853, ""momentum"": 0.100067207988816, ""num_layers"": 3, ""weight_decay"": 0.06137063400147274}","{""time"": 1.7404413223266602, ""val_accuracy"": 48.547264099121094, ""val_cross_entropy"": 0.6705518364906311, ""val_balanced_accuracy"": 0.5009142160415649, ""test_cross_entropy"": 0.6693043112754822, ""test_balanced_accuracy"": 0.5061483979225159}"
2026-04-16T00:27:38.842795,tpe,lcbench,189865,0,668,9.175758361816406,"{""OpenML_task_id"": ""167152"", ""batch_size"": 489, ""epoch"": 2, ""learning_rate"": 0.0020749300291419558, ""max_dropout"": 0.9786457389058073, ""max_units"": 881, ""momentum"": 0.7537464511707987, ""num_layers"": 3, ""weight_decay"": 0.05259603923844406}","{""time"": 9.175758361816406, ""val_accuracy"": 55.27641296386719, ""val_cross_entropy"": 0.6500051617622375, ""val_balanced_accuracy"": 0.5228102803230286, ""test_cross_entropy"": 0.6782216429710388, ""test_balanced_accuracy"": 0.5209647417068481}"
2026-04-16T00:27:38.893700,tpe,lcbench,189865,0,669,13.434471130371094,"{""OpenML_task_id"": ""168329"", ""batch_size"": 426, ""epoch"": 3, ""learning_rate"": 0.00430340280845648, ""max_dropout"": 0.9422092638138614, ""max_units"": 896, ""momentum"": 0.4742906409679293, ""num_layers"": 3, ""weight_decay"": 0.05809727788344835}","{""time"": 13.434471130371094, ""val_accuracy"": 58.89038848876953, ""val_cross_entropy"": 0.6369167566299438, ""val_balanced_accuracy"": 0.5809521079063416, ""test_cross_entropy"": 0.6716163158416748, ""test_balanced_accuracy"": 0.5750167369842529}"
2026-04-16T00:27:38.950272,tpe,lcbench,189865,0,670,1.1185075044631958,"{""OpenML_task_id"": ""34539"", ""batch_size"": 385, ""epoch"": 1, ""learning_rate"": 0.00017113308273512815, ""max_dropout"": 0.13618229076936272, ""max_units"": 833, ""momentum"": 0.12687701435546372, ""num_layers"": 1, ""weight_decay"": 0.05466301659497346}","{""time"": 1.1185075044631958, ""val_accuracy"": 54.295433044433594, ""val_cross_entropy"": 0.6286970973014832, ""val_balanced_accuracy"": 0.5506221652030945, ""test_cross_entropy"": 0.6717996597290039, ""test_balanced_accuracy"": 0.5389905571937561}"
2026-04-16T00:27:38.993570,tpe,lcbench,189865,0,671,7.383863925933838,"{""OpenML_task_id"": ""146212"", ""batch_size"": 479, ""epoch"": 1, ""learning_rate"": 0.07563881745750366, ""max_dropout"": 0.9776362092571378, ""max_units"": 891, ""momentum"": 0.12119911055725759, ""num_layers"": 4, ""weight_decay"": 0.05618958451000421}","{""time"": 7.383863925933838, ""val_accuracy"": 46.260990142822266, ""val_cross_entropy"": 0.6566598415374756, ""val_balanced_accuracy"": 0.5039165019989014, ""test_cross_entropy"": 0.6606357097625732, ""test_balanced_accuracy"": 0.494616836309433}"
2026-04-16T00:27:39.054922,tpe,lcbench,189865,0,672,4.561455249786377,"{""OpenML_task_id"": ""189906"", ""batch_size"": 466, ""epoch"": 3, ""learning_rate"": 0.0023233674315156203, ""max_dropout"": 0.9604767876527742, ""max_units"": 849, ""momentum"": 0.12706825039179648, ""num_layers"": 1, ""weight_decay"": 0.051789142686291936}","{""time"": 4.561455249786377, ""val_accuracy"": 62.586463928222656, ""val_cross_entropy"": 0.6182475090026855, ""val_balanced_accuracy"": 0.589004397392273, ""test_cross_entropy"": 0.6748632192611694, ""test_balanced_accuracy"": 0.5872801542282104}"
2026-04-16T00:27:39.111455,tpe,lcbench,189865,0,673,9.404451370239258,"{""OpenML_task_id"": ""126029"", ""batch_size"": 484, ""epoch"": 4, ""learning_rate"": 0.02953806756885615, ""max_dropout"": 0.9997843155943467, ""max_units"": 907, ""momentum"": 0.11894119595435582, ""num_layers"": 1, ""weight_decay"": 0.05939344821232119}","{""time"": 9.404451370239258, ""val_accuracy"": 76.26245880126953, ""val_cross_entropy"": 0.506838321685791, ""val_balanced_accuracy"": 0.7478291392326355, ""test_cross_entropy"": 0.6109523773193359, ""test_balanced_accuracy"": 0.7472901344299316}"
2026-04-16T00:27:39.169614,tpe,lcbench,189865,0,674,3.166984796524048,"{""OpenML_task_id"": ""189865"", ""batch_size"": 472, ""epoch"": 2, ""learning_rate"": 0.0037841978386912688, ""max_dropout"": 0.9149692915865011, ""max_units"": 877, ""momentum"": 0.13256718911814824, ""num_layers"": 1, ""weight_decay"": 0.053632333465727086}","{""time"": 3.166984796524048, ""val_accuracy"": 61.636600494384766, ""val_cross_entropy"": 0.6284689903259277, ""val_balanced_accuracy"": 0.5930569767951965, ""test_cross_entropy"": 0.6709187030792236, ""test_balanced_accuracy"": 0.5928613543510437}"
2026-04-16T00:27:39.231966,tpe,lcbench,189865,0,675,0.913520336151123,"{""OpenML_task_id"": ""167149"", ""batch_size"": 460, ""epoch"": 1, ""learning_rate"": 0.0022927352999213696, ""max_dropout"": 0.976803146719699, ""max_units"": 966, ""momentum"": 0.1147537727243226, ""num_layers"": 1, ""weight_decay"": 0.055711005769724445}","{""time"": 0.913520336151123, ""val_accuracy"": 60.09257125854492, ""val_cross_entropy"": 0.5887628793716431, ""val_balanced_accuracy"": 0.6013527512550354, ""test_cross_entropy"": 0.6655826568603516, ""test_balanced_accuracy"": 0.5992094278335571}"
2026-04-16T00:27:39.287197,tpe,lcbench,189865,0,676,5.937798023223877,"{""OpenML_task_id"": ""167168"", ""batch_size"": 365, ""epoch"": 2, ""learning_rate"": 0.0019721145436583194, ""max_dropout"": 0.9401156721414202, ""max_units"": 929, ""momentum"": 0.13070580535751247, ""num_layers"": 3, ""weight_decay"": 0.06134887596069027}","{""time"": 5.937798023223877, ""val_accuracy"": 53.31528091430664, ""val_cross_entropy"": 0.6583009362220764, ""val_balanced_accuracy"": 0.5224045515060425, ""test_cross_entropy"": 0.6687325239181519, ""test_balanced_accuracy"": 0.5238873362541199}"
2026-04-16T00:27:39.342915,tpe,lcbench,189865,0,677,5.276818752288818,"{""OpenML_task_id"": ""168331"", ""batch_size"": 451, ""epoch"": 3, ""learning_rate"": 0.004691203360139476, ""max_dropout"": 0.9608822621839608, ""max_units"": 969, ""momentum"": 0.11405619931237158, ""num_layers"": 1, ""weight_decay"": 0.053035545296213134}","{""time"": 5.276818752288818, ""val_accuracy"": 64.21134948730469, ""val_cross_entropy"": 0.5967729687690735, ""val_balanced_accuracy"": 0.60519939661026, ""test_cross_entropy"": 0.6684714555740356, ""test_balanced_accuracy"": 0.6045014262199402}"
2026-04-16T00:27:39.394507,tpe,lcbench,189865,0,678,0.7768622040748596,"{""OpenML_task_id"": ""126029"", ""batch_size"": 490, ""epoch"": 1, ""learning_rate"": 0.0002437043640363303, ""max_dropout"": 0.983642290879663, ""max_units"": 903, ""momentum"": 0.1384164230594791, ""num_layers"": 1, ""weight_decay"": 0.009403455070370272}","{""time"": 0.7768622040748596, ""val_accuracy"": 57.336795806884766, ""val_cross_entropy"": 0.590847909450531, ""val_balanced_accuracy"": 0.5725826621055603, ""test_cross_entropy"": 0.6692325472831726, ""test_balanced_accuracy"": 0.5706714391708374}"
2026-04-16T00:27:39.454131,tpe,lcbench,189865,0,679,1.889649748802185,"{""OpenML_task_id"": ""126029"", ""batch_size"": 478, ""epoch"": 1, ""learning_rate"": 0.0002070437697821615, ""max_dropout"": 0.9294449705598425, ""max_units"": 883, ""momentum"": 0.1464237344884265, ""num_layers"": 3, ""weight_decay"": 0.0024674107128164115}","{""time"": 1.889649748802185, ""val_accuracy"": 43.380496978759766, ""val_cross_entropy"": 0.7073652148246765, ""val_balanced_accuracy"": 0.48619401454925537, ""test_cross_entropy"": 0.6867735385894775, ""test_balanced_accuracy"": 0.5010097622871399}"
2026-04-16T00:27:39.519670,tpe,lcbench,189865,0,680,1.2189093828201294,"{""OpenML_task_id"": ""126029"", ""batch_size"": 488, ""epoch"": 2, ""learning_rate"": 0.00011315663583122849, ""max_dropout"": 0.9581740458305847, ""max_units"": 902, ""momentum"": 0.13765907879422384, ""num_layers"": 1, ""weight_decay"": 0.00581769289127569}","{""time"": 1.2189093828201294, ""val_accuracy"": 56.73347473144531, ""val_cross_entropy"": 0.6001341938972473, ""val_balanced_accuracy"": 0.5654101967811584, ""test_cross_entropy"": 0.668239951133728, ""test_balanced_accuracy"": 0.5661515593528748}"
2026-04-16T00:27:39.576374,tpe,lcbench,189865,0,681,5.195939540863037,"{""OpenML_task_id"": ""126029"", ""batch_size"": 492, ""epoch"": 3, ""learning_rate"": 0.0034054793576983157, ""max_dropout"": 0.9763574932098549, ""max_units"": 851, ""momentum"": 0.15819389423244518, ""num_layers"": 1, ""weight_decay"": 0.054365866496273584}","{""time"": 5.195939540863037, ""val_accuracy"": 63.659053802490234, ""val_cross_entropy"": 0.6012943387031555, ""val_balanced_accuracy"": 0.5940589308738708, ""test_cross_entropy"": 0.6761792898178101, ""test_balanced_accuracy"": 0.5926645994186401}"
2026-04-16T00:27:39.633839,tpe,lcbench,189865,0,682,1.9956294298171997,"{""OpenML_task_id"": ""126029"", ""batch_size"": 489, ""epoch"": 1, ""learning_rate"": 0.03799706844107307, ""max_dropout"": 0.9423259339273453, ""max_units"": 872, ""momentum"": 0.14024170111200684, ""num_layers"": 1, ""weight_decay"": 0.009004779788124952}","{""time"": 1.9956294298171997, ""val_accuracy"": 59.50495529174805, ""val_cross_entropy"": 0.6664496660232544, ""val_balanced_accuracy"": 0.5816428065299988, ""test_cross_entropy"": 0.669206440448761, ""test_balanced_accuracy"": 0.5855308771133423}"
2026-04-16T00:27:39.699031,tpe,lcbench,189865,0,683,2.539473056793213,"{""OpenML_task_id"": ""168910"", ""batch_size"": 479, ""epoch"": 4, ""learning_rate"": 0.00017128433113690176, ""max_dropout"": 0.9807425955114434, ""max_units"": 501, ""momentum"": 0.11564392976560076, ""num_layers"": 1, ""weight_decay"": 0.05716041164042632}","{""time"": 2.539473056793213, ""val_accuracy"": 58.096153259277344, ""val_cross_entropy"": 0.6632682681083679, ""val_balanced_accuracy"": 0.5665988326072693, ""test_cross_entropy"": 0.6849251985549927, ""test_balanced_accuracy"": 0.5658708810806274}"
2026-04-16T00:27:39.768253,tpe,lcbench,189865,0,684,1.252376675605774,"{""OpenML_task_id"": ""126029"", ""batch_size"": 489, ""epoch"": 2, ""learning_rate"": 0.00012562791209689192, ""max_dropout"": 0.6747319987291318, ""max_units"": 897, ""momentum"": 0.10091971865363776, ""num_layers"": 1, ""weight_decay"": 0.011260435631012755}","{""time"": 1.252376675605774, ""val_accuracy"": 57.69585418701172, ""val_cross_entropy"": 0.5880805850028992, ""val_balanced_accuracy"": 0.5720238089561462, ""test_cross_entropy"": 0.6677665114402771, ""test_balanced_accuracy"": 0.5717380046844482}"
2026-04-16T00:27:39.826245,tpe,lcbench,189865,0,685,1.0529674291610718,"{""OpenML_task_id"": ""168329"", ""batch_size"": 470, ""epoch"": 1, ""learning_rate"": 0.0021412856579344076, ""max_dropout"": 0.9098130744013161, ""max_units"": 913, ""momentum"": 0.16432381508496677, ""num_layers"": 1, ""weight_decay"": 0.05174338543298131}","{""time"": 1.0529674291610718, ""val_accuracy"": 59.83363723754883, ""val_cross_entropy"": 0.6013211011886597, ""val_balanced_accuracy"": 0.5976160764694214, ""test_cross_entropy"": 0.6693494319915771, ""test_balanced_accuracy"": 0.5948821306228638}"
2026-04-16T00:27:39.885866,tpe,lcbench,189865,0,686,3.6397101879119873,"{""OpenML_task_id"": ""189354"", ""batch_size"": 341, ""epoch"": 2, ""learning_rate"": 0.004706469444705003, ""max_dropout"": 0.9658371079383028, ""max_units"": 928, ""momentum"": 0.1360644719889873, ""num_layers"": 1, ""weight_decay"": 0.005917358622897789}","{""time"": 3.6397101879119873, ""val_accuracy"": 60.64931106567383, ""val_cross_entropy"": 0.6052310466766357, ""val_balanced_accuracy"": 0.5951942205429077, ""test_cross_entropy"": 0.665729820728302, ""test_balanced_accuracy"": 0.5913581848144531}"
2026-04-16T00:27:39.935529,tpe,lcbench,189865,0,687,37.150230407714844,"{""OpenML_task_id"": ""167185"", ""batch_size"": 414, ""epoch"": 3, ""learning_rate"": 0.0025029281654947197, ""max_dropout"": 0.9503826522450578, ""max_units"": 883, ""momentum"": 0.1528641169305122, ""num_layers"": 5, ""weight_decay"": 0.0010495675846618913}","{""time"": 37.150230407714844, ""val_accuracy"": 46.111846923828125, ""val_cross_entropy"": 0.5468105673789978, ""val_balanced_accuracy"": 0.5410815477371216, ""test_cross_entropy"": 0.6870572566986084, ""test_balanced_accuracy"": 0.5354799628257751}"
2026-04-16T00:27:39.994125,tpe,lcbench,189865,0,688,1.0766733884811401,"{""OpenML_task_id"": ""189906"", ""batch_size"": 485, ""epoch"": 1, ""learning_rate"": 0.0020671083279538444, ""max_dropout"": 0.9823682578424192, ""max_units"": 910, ""momentum"": 0.10067336154611856, ""num_layers"": 1, ""weight_decay"": 0.010742413644040104}","{""time"": 1.0766733884811401, ""val_accuracy"": 60.30510330200195, ""val_cross_entropy"": 0.5953466892242432, ""val_balanced_accuracy"": 0.6035095453262329, ""test_cross_entropy"": 0.6697056293487549, ""test_balanced_accuracy"": 0.5984978079795837}"
2026-04-16T00:27:40.050019,tpe,lcbench,189865,0,689,3.062399387359619,"{""OpenML_task_id"": ""167201"", ""batch_size"": 432, ""epoch"": 2, ""learning_rate"": 0.003913272642460038, ""max_dropout"": 0.9593910398077536, ""max_units"": 926, ""momentum"": 0.13178581296625502, ""num_layers"": 1, ""weight_decay"": 0.05264713274963119}","{""time"": 3.062399387359619, ""val_accuracy"": 61.184593200683594, ""val_cross_entropy"": 0.6145923733711243, ""val_balanced_accuracy"": 0.5950886607170105, ""test_cross_entropy"": 0.6680033206939697, ""test_balanced_accuracy"": 0.5948889255523682}"
2026-04-16T00:27:40.109785,tpe,lcbench,189865,0,690,2.8155782222747803,"{""OpenML_task_id"": ""126029"", ""batch_size"": 474, ""epoch"": 5, ""learning_rate"": 0.00016701798482989043, ""max_dropout"": 0.93085854020686, ""max_units"": 943, ""momentum"": 0.11779031813558749, ""num_layers"": 1, ""weight_decay"": 0.06407556388675124}","{""time"": 2.8155782222747803, ""val_accuracy"": 58.701873779296875, ""val_cross_entropy"": 0.6366218328475952, ""val_balanced_accuracy"": 0.5731322765350342, ""test_cross_entropy"": 0.6799894571304321, ""test_balanced_accuracy"": 0.573104977607727}"
2026-04-16T00:27:40.160818,tpe,lcbench,189865,0,691,2.0820865631103516,"{""OpenML_task_id"": ""168331"", ""batch_size"": 491, ""epoch"": 3, ""learning_rate"": 0.000136394509143451, ""max_dropout"": 0.7082769716931517, ""max_units"": 893, ""momentum"": 0.13689336680749373, ""num_layers"": 1, ""weight_decay"": 0.009046450289993693}","{""time"": 2.0820865631103516, ""val_accuracy"": 57.214115142822266, ""val_cross_entropy"": 0.5989134311676025, ""val_balanced_accuracy"": 0.5725346207618713, ""test_cross_entropy"": 0.6714544296264648, ""test_balanced_accuracy"": 0.570087194442749}"
2026-04-16T00:27:40.227370,tpe,lcbench,189865,0,692,1.6037832498550415,"{""OpenML_task_id"": ""167149"", ""batch_size"": 468, ""epoch"": 1, ""learning_rate"": 0.003152364680269958, ""max_dropout"": 0.9815211469142647, ""max_units"": 812, ""momentum"": 0.4259472158244879, ""num_layers"": 1, ""weight_decay"": 0.012161160842028517}","{""time"": 1.6037832498550415, ""val_accuracy"": 59.27861785888672, ""val_cross_entropy"": 0.6567903757095337, ""val_balanced_accuracy"": 0.5869498252868652, ""test_cross_entropy"": 0.6808149218559265, ""test_balanced_accuracy"": 0.5807061195373535}"
2026-04-16T00:27:40.280902,tpe,lcbench,189865,0,693,3.9046597480773926,"{""OpenML_task_id"": ""168329"", ""batch_size"": 440, ""epoch"": 2, ""learning_rate"": 0.0020260488122444153, ""max_dropout"": 0.0027288016400753845, ""max_units"": 935, ""momentum"": 0.1682447355440272, ""num_layers"": 1, ""weight_decay"": 0.05822740198211037}","{""time"": 3.9046597480773926, ""val_accuracy"": 61.66858673095703, ""val_cross_entropy"": 0.6273622512817383, ""val_balanced_accuracy"": 0.5880468487739563, ""test_cross_entropy"": 0.675623893737793, ""test_balanced_accuracy"": 0.5854348540306091}"
2026-04-16T00:27:40.339970,tpe,lcbench,189865,0,694,1.032050371170044,"{""OpenML_task_id"": ""167161"", ""batch_size"": 481, ""epoch"": 1, ""learning_rate"": 0.004696095697156147, ""max_dropout"": 0.9809742237797533, ""max_units"": 968, ""momentum"": 0.14918419770425587, ""num_layers"": 1, ""weight_decay"": 0.05525597342929623}","{""time"": 1.032050371170044, ""val_accuracy"": 60.7257080078125, ""val_cross_entropy"": 0.6053369045257568, ""val_balanced_accuracy"": 0.6029077768325806, ""test_cross_entropy"": 0.6649270057678223, ""test_balanced_accuracy"": 0.6025100350379944}"
2026-04-16T00:27:40.394261,tpe,lcbench,189865,0,695,11.06108283996582,"{""OpenML_task_id"": ""168910"", ""batch_size"": 459, ""epoch"": 4, ""learning_rate"": 0.04386475159205295, ""max_dropout"": 0.999857785890039, ""max_units"": 912, ""momentum"": 0.11652579716524505, ""num_layers"": 1, ""weight_decay"": 0.008063443158932452}","{""time"": 11.06108283996582, ""val_accuracy"": 77.09639739990234, ""val_cross_entropy"": 0.5109764337539673, ""val_balanced_accuracy"": 0.7732723355293274, ""test_cross_entropy"": 0.5909537076950073, ""test_balanced_accuracy"": 0.774951159954071}"
2026-04-16T00:27:40.449373,tpe,lcbench,189865,0,696,7.587456703186035,"{""OpenML_task_id"": ""167168"", ""batch_size"": 473, ""epoch"": 1, ""learning_rate"": 0.0788787962067899, ""max_dropout"": 0.6772283157725704, ""max_units"": 865, ""momentum"": 0.9102454941420317, ""num_layers"": 1, ""weight_decay"": 0.05388939390267669}","{""time"": 7.587456703186035, ""val_accuracy"": 57.325096130371094, ""val_cross_entropy"": 0.7747658491134644, ""val_balanced_accuracy"": 0.5417134761810303, ""test_cross_entropy"": 0.7026463747024536, ""test_balanced_accuracy"": 0.5552626252174377}"
2026-04-16T00:27:40.500895,tpe,lcbench,189865,0,697,4.190526008605957,"{""OpenML_task_id"": ""126029"", ""batch_size"": 451, ""epoch"": 3, ""learning_rate"": 0.001913263538798833, ""max_dropout"": 0.9458678972709925, ""max_units"": 966, ""momentum"": 0.1319059031856341, ""num_layers"": 1, ""weight_decay"": 0.015002739853736055}","{""time"": 4.190526008605957, ""val_accuracy"": 61.8292350769043, ""val_cross_entropy"": 0.6151514053344727, ""val_balanced_accuracy"": 0.5976399779319763, ""test_cross_entropy"": 0.6684474349021912, ""test_balanced_accuracy"": 0.5935152769088745}"
2026-04-16T00:27:40.561513,tpe,lcbench,189865,0,698,1.096195936203003,"{""OpenML_task_id"": ""168331"", ""batch_size"": 492, ""epoch"": 2, ""learning_rate"": 0.00017371252323140354, ""max_dropout"": 0.9646814834865381, ""max_units"": 127, ""momentum"": 0.10051474738702872, ""num_layers"": 1, ""weight_decay"": 0.060441175567325055}","{""time"": 1.096195936203003, ""val_accuracy"": 59.57831954956055, ""val_cross_entropy"": 0.6577059626579285, ""val_balanced_accuracy"": 0.5697219967842102, ""test_cross_entropy"": 0.6754274368286133, ""test_balanced_accuracy"": 0.5678408145904541}"
2026-04-16T00:27:40.620038,tpe,lcbench,189865,0,699,4.981191158294678,"{""OpenML_task_id"": ""168868"", ""batch_size"": 421, ""epoch"": 1, ""learning_rate"": 0.00451234374856992, ""max_dropout"": 0.8841881304981041, ""max_units"": 843, ""momentum"": 0.1573953039570823, ""num_layers"": 4, ""weight_decay"": 0.04818391037437293}","{""time"": 4.981191158294678, ""val_accuracy"": 44.2020263671875, ""val_cross_entropy"": 0.639348030090332, ""val_balanced_accuracy"": 0.49151620268821716, ""test_cross_entropy"": 0.6791454553604126, ""test_balanced_accuracy"": 0.4890259802341461}"
2026-04-16T00:27:40.746066,tpe,lcbench,189865,0,700,1.7390469312667847,"{""OpenML_task_id"": ""189906"", ""batch_size"": 464, ""epoch"": 2, ""learning_rate"": 0.00013053501151671145, ""max_dropout"": 0.9264312932966137, ""max_units"": 937, ""momentum"": 0.10012163815998848, ""num_layers"": 3, ""weight_decay"": 0.05118469134558442}","{""time"": 1.7390469312667847, ""val_accuracy"": 47.035587310791016, ""val_cross_entropy"": 0.6803570985794067, ""val_balanced_accuracy"": 0.49138590693473816, ""test_cross_entropy"": 0.6917914152145386, ""test_balanced_accuracy"": 0.5071775913238525}"
2026-04-16T00:27:40.800607,tpe,lcbench,189865,0,701,3.940915822982788,"{""OpenML_task_id"": ""7593"", ""batch_size"": 479, ""epoch"": 3, ""learning_rate"": 0.002014939688536104, ""max_dropout"": 0.9997186050693014, ""max_units"": 896, ""momentum"": 0.12980556029101709, ""num_layers"": 1, ""weight_decay"": 0.05630261480417945}","{""time"": 3.940915822982788, ""val_accuracy"": 62.583953857421875, ""val_cross_entropy"": 0.6166300773620605, ""val_balanced_accuracy"": 0.5910007357597351, ""test_cross_entropy"": 0.674181342124939, ""test_balanced_accuracy"": 0.5891402959823608}"
2026-04-16T00:27:40.856940,tpe,lcbench,189865,0,702,1.946823000907898,"{""OpenML_task_id"": ""189865"", ""batch_size"": 493, ""epoch"": 1, ""learning_rate"": 0.0034286819692290484, ""max_dropout"": 0.7163031083635683, ""max_units"": 915, ""momentum"": 0.14609350029670193, ""num_layers"": 3, ""weight_decay"": 0.05261023999578486}","{""time"": 1.946823000907898, ""val_accuracy"": 52.063846588134766, ""val_cross_entropy"": 0.6582998633384705, ""val_balanced_accuracy"": 0.5169224143028259, ""test_cross_entropy"": 0.6724123358726501, ""test_balanced_accuracy"": 0.5224035382270813}"
2026-04-16T00:27:40.917225,tpe,lcbench,189865,0,703,6.296176910400391,"{""OpenML_task_id"": ""167184"", ""batch_size"": 436, ""epoch"": 4, ""learning_rate"": 0.0019028274503872112, ""max_dropout"": 0.9603972833802655, ""max_units"": 873, ""momentum"": 0.11673956201677475, ""num_layers"": 1, ""weight_decay"": 0.012903890537503846}","{""time"": 6.296176910400391, ""val_accuracy"": 62.5035514831543, ""val_cross_entropy"": 0.6097637414932251, ""val_balanced_accuracy"": 0.5976582765579224, ""test_cross_entropy"": 0.6719237565994263, ""test_balanced_accuracy"": 0.5909702777862549}"
2026-04-16T00:27:40.973923,tpe,lcbench,189865,0,704,14.729934692382812,"{""OpenML_task_id"": ""126029"", ""batch_size"": 469, ""epoch"": 7, ""learning_rate"": 0.04084589757239603, ""max_dropout"": 0.6922285740385349, ""max_units"": 945, ""momentum"": 0.16224629209604863, ""num_layers"": 1, ""weight_decay"": 0.049157874365569336}","{""time"": 14.729934692382812, ""val_accuracy"": 81.74592590332031, ""val_cross_entropy"": 0.4318181574344635, ""val_balanced_accuracy"": 0.8251876831054688, ""test_cross_entropy"": 0.569888174533844, ""test_balanced_accuracy"": 0.8223406672477722}"
2026-04-16T00:27:41.026801,tpe,lcbench,189865,0,705,2.928530216217041,"{""OpenML_task_id"": ""3945"", ""batch_size"": 449, ""epoch"": 2, ""learning_rate"": 0.004590822925971598, ""max_dropout"": 0.985472834561327, ""max_units"": 969, ""momentum"": 0.13110647988942054, ""num_layers"": 1, ""weight_decay"": 0.05825556865582669}","{""time"": 2.928530216217041, ""val_accuracy"": 61.64612579345703, ""val_cross_entropy"": 0.610673189163208, ""val_balanced_accuracy"": 0.5960985422134399, ""test_cross_entropy"": 0.6670903563499451, ""test_balanced_accuracy"": 0.5969427824020386}"
2026-04-16T00:27:41.081920,tpe,lcbench,189865,0,706,1.288632869720459,"{""OpenML_task_id"": ""167190"", ""batch_size"": 483, ""epoch"": 1, ""learning_rate"": 0.0028414901295362328, ""max_dropout"": 0.6731201426221018, ""max_units"": 932, ""momentum"": 0.11494541644883566, ""num_layers"": 1, ""weight_decay"": 0.05226225339940711}","{""time"": 1.288632869720459, ""val_accuracy"": 60.15082550048828, ""val_cross_entropy"": 0.6071012616157532, ""val_balanced_accuracy"": 0.6039989590644836, ""test_cross_entropy"": 0.6692548990249634, ""test_balanced_accuracy"": 0.6006672382354736}"
2026-04-16T00:27:41.139117,tpe,lcbench,189865,0,707,2.419548511505127,"{""OpenML_task_id"": ""167149"", ""batch_size"": 459, ""epoch"": 2, ""learning_rate"": 0.0019219838995584342, ""max_dropout"": 0.9152323686385326, ""max_units"": 910, ""momentum"": 0.14535572163786487, ""num_layers"": 1, ""weight_decay"": 0.055374630567158}","{""time"": 2.419548511505127, ""val_accuracy"": 60.56307601928711, ""val_cross_entropy"": 0.6181632876396179, ""val_balanced_accuracy"": 0.5940045714378357, ""test_cross_entropy"": 0.6705586910247803, ""test_balanced_accuracy"": 0.5911946296691895}"
2026-04-16T00:27:41.195725,tpe,lcbench,189865,0,708,0.913520336151123,"{""OpenML_task_id"": ""168910"", ""batch_size"": 474, ""epoch"": 1, ""learning_rate"": 0.002002404750588737, ""max_dropout"": 0.9386454099821363, ""max_units"": 966, ""momentum"": 0.1302912095107232, ""num_layers"": 1, ""weight_decay"": 0.050007037175119236}","{""time"": 0.913520336151123, ""val_accuracy"": 59.897464752197266, ""val_cross_entropy"": 0.5867806673049927, ""val_balanced_accuracy"": 0.6003419756889343, ""test_cross_entropy"": 0.6668216586112976, ""test_balanced_accuracy"": 0.5977688431739807}"
2026-04-16T00:27:41.254351,tpe,lcbench,189865,0,709,6.980861663818359,"{""OpenML_task_id"": ""168331"", ""batch_size"": 484, ""epoch"": 3, ""learning_rate"": 0.005012615979542999, ""max_dropout"": 0.6390314446502534, ""max_units"": 945, ""momentum"": 0.16890146099200026, ""num_layers"": 1, ""weight_decay"": 0.0686000835773464}","{""time"": 6.980861663818359, ""val_accuracy"": 63.53908157348633, ""val_cross_entropy"": 0.6029344201087952, ""val_balanced_accuracy"": 0.6064600944519043, ""test_cross_entropy"": 0.6757165193557739, ""test_balanced_accuracy"": 0.6041337847709656}"
2026-04-16T00:27:41.308850,tpe,lcbench,189865,0,710,1.0473895072937012,"{""OpenML_task_id"": ""189909"", ""batch_size"": 404, ""epoch"": 1, ""learning_rate"": 0.0018204211021209016, ""max_dropout"": 0.9605925910171644, ""max_units"": 887, ""momentum"": 0.11601428847906814, ""num_layers"": 1, ""weight_decay"": 0.05459630840150177}","{""time"": 1.0473895072937012, ""val_accuracy"": 59.630271911621094, ""val_cross_entropy"": 0.59893399477005, ""val_balanced_accuracy"": 0.5945338606834412, ""test_cross_entropy"": 0.6682435274124146, ""test_balanced_accuracy"": 0.5914596915245056}"
2026-04-16T00:27:41.366307,tpe,lcbench,189865,0,711,2.347036123275757,"{""OpenML_task_id"": ""126026"", ""batch_size"": 492, ""epoch"": 4, ""learning_rate"": 0.000146609377348263, ""max_dropout"": 0.8103216683367704, ""max_units"": 922, ""momentum"": 0.14769147625748666, ""num_layers"": 1, ""weight_decay"": 0.04782697909647793}","{""time"": 2.347036123275757, ""val_accuracy"": 57.794429779052734, ""val_cross_entropy"": 0.6231748461723328, ""val_balanced_accuracy"": 0.5723140835762024, ""test_cross_entropy"": 0.6811244487762451, ""test_balanced_accuracy"": 0.5711603164672852}"
2026-04-16T00:27:41.419662,tpe,lcbench,189865,0,712,0.9260705709457397,"{""OpenML_task_id"": ""167152"", ""batch_size"": 440, ""epoch"": 2, ""learning_rate"": 0.00012289732841908637, ""max_dropout"": 0.9806019931109359, ""max_units"": 970, ""momentum"": 0.17272050487301943, ""num_layers"": 1, ""weight_decay"": 0.05111654381833757}","{""time"": 0.9260705709457397, ""val_accuracy"": 56.22308349609375, ""val_cross_entropy"": 0.5977758765220642, ""val_balanced_accuracy"": 0.561751127243042, ""test_cross_entropy"": 0.6725603342056274, ""test_balanced_accuracy"": 0.5608892440795898}"
2026-04-16T00:27:41.486726,tpe,lcbench,189865,0,713,26.248260498046875,"{""OpenML_task_id"": ""168329"", ""batch_size"": 461, ""epoch"": 27, ""learning_rate"": 0.003490662819851524, ""max_dropout"": 0.9696066187126693, ""max_units"": 372, ""momentum"": 0.1143922451583487, ""num_layers"": 1, ""weight_decay"": 0.04452175133113937}","{""time"": 26.248260498046875, ""val_accuracy"": 73.89411926269531, ""val_cross_entropy"": 0.5733757615089417, ""val_balanced_accuracy"": 0.7292110323905945, ""test_cross_entropy"": 0.6328405141830444, ""test_balanced_accuracy"": 0.7176468968391418}"
2026-04-16T00:27:41.544766,tpe,lcbench,189865,0,714,1.4238965511322021,"{""OpenML_task_id"": ""167201"", ""batch_size"": 428, ""epoch"": 1, ""learning_rate"": 0.00015567311025554048, ""max_dropout"": 0.9473409557523716, ""max_units"": 952, ""momentum"": 0.10029232560804224, ""num_layers"": 3, ""weight_decay"": 0.006759259728399733}","{""time"": 1.4238965511322021, ""val_accuracy"": 44.421775817871094, ""val_cross_entropy"": 0.6863510012626648, ""val_balanced_accuracy"": 0.493253618478775, ""test_cross_entropy"": 0.6874526143074036, ""test_balanced_accuracy"": 0.5096921920776367}"
2026-04-16T00:27:41.601566,tpe,lcbench,189865,0,715,1.4573638439178467,"{""OpenML_task_id"": ""126029"", ""batch_size"": 469, ""epoch"": 3, ""learning_rate"": 0.00011649255780009204, ""max_dropout"": 0.9861303491029874, ""max_units"": 899, ""momentum"": 0.13188124148322644, ""num_layers"": 1, ""weight_decay"": 0.056647610590539264}","{""time"": 1.4573638439178467, ""val_accuracy"": 56.51272201538086, ""val_cross_entropy"": 0.6225860118865967, ""val_balanced_accuracy"": 0.5598663687705994, ""test_cross_entropy"": 0.6781862378120422, ""test_balanced_accuracy"": 0.5610690116882324}"
2026-04-16T00:27:41.660225,tpe,lcbench,189865,0,716,4.25606632232666,"{""OpenML_task_id"": ""146212"", ""batch_size"": 450, ""epoch"": 2, ""learning_rate"": 0.005155508182566854, ""max_dropout"": 0.6910619134363226, ""max_units"": 849, ""momentum"": 0.14647633997463116, ""num_layers"": 1, ""weight_decay"": 0.05344863528955667}","{""time"": 4.25606632232666, ""val_accuracy"": 61.560935974121094, ""val_cross_entropy"": 0.6216190457344055, ""val_balanced_accuracy"": 0.597629725933075, ""test_cross_entropy"": 0.6712698936462402, ""test_balanced_accuracy"": 0.5978566408157349}"
2026-04-16T00:27:41.717033,tpe,lcbench,189865,0,717,1.0850402116775513,"{""OpenML_task_id"": ""168331"", ""batch_size"": 484, ""epoch"": 1, ""learning_rate"": 0.003415028527015948, ""max_dropout"": 0.8975995496382395, ""max_units"": 925, ""momentum"": 0.1295735010792821, ""num_layers"": 1, ""weight_decay"": 0.04884769856834085}","{""time"": 1.0850402116775513, ""val_accuracy"": 60.50465393066406, ""val_cross_entropy"": 0.6043205857276917, ""val_balanced_accuracy"": 0.6033012270927429, ""test_cross_entropy"": 0.6668018102645874, ""test_balanced_accuracy"": 0.6017164587974548}"
2026-04-16T00:27:41.770787,tpe,lcbench,189865,0,718,3.7638182640075684,"{""OpenML_task_id"": ""189906"", ""batch_size"": 474, ""epoch"": 3, ""learning_rate"": 0.0021238241281386744, ""max_dropout"": 0.9805753390167796, ""max_units"": 969, ""momentum"": 0.11595649312163568, ""num_layers"": 1, ""weight_decay"": 0.059321301284207845}","{""time"": 3.7638182640075684, ""val_accuracy"": 62.82566833496094, ""val_cross_entropy"": 0.6087947487831116, ""val_balanced_accuracy"": 0.593754231929779, ""test_cross_entropy"": 0.6734087467193604, ""test_balanced_accuracy"": 0.5927957892417908}"
2026-04-16T00:27:41.833126,tpe,lcbench,189865,0,719,28.047130584716797,"{""OpenML_task_id"": ""126029"", ""batch_size"": 495, ""epoch"": 13, ""learning_rate"": 0.0032034052738820597, ""max_dropout"": 0.6482251199111849, ""max_units"": 280, ""momentum"": 0.10022125415042325, ""num_layers"": 3, ""weight_decay"": 0.044520817157245915}","{""time"": 28.047130584716797, ""val_accuracy"": 55.70655059814453, ""val_cross_entropy"": 0.6785269379615784, ""val_balanced_accuracy"": 0.5565668344497681, ""test_cross_entropy"": 0.6893874406814575, ""test_balanced_accuracy"": 0.556769609451294}"
2026-04-16T00:27:41.891071,tpe,lcbench,189865,0,720,3.989722490310669,"{""OpenML_task_id"": ""34539"", ""batch_size"": 459, ""epoch"": 2, ""learning_rate"": 0.004878466909104479, ""max_dropout"": 0.7156696438135663, ""max_units"": 876, ""momentum"": 0.1528807559867956, ""num_layers"": 1, ""weight_decay"": 0.06245141970182823}","{""time"": 3.989722490310669, ""val_accuracy"": 61.75321578979492, ""val_cross_entropy"": 0.6197375059127808, ""val_balanced_accuracy"": 0.5971295237541199, ""test_cross_entropy"": 0.672222375869751, ""test_balanced_accuracy"": 0.5982741117477417}"
2026-04-16T00:27:41.951322,tpe,lcbench,189865,0,721,26.092079162597656,"{""OpenML_task_id"": ""167149"", ""batch_size"": 447, ""epoch"": 25, ""learning_rate"": 0.0019926293334664408, ""max_dropout"": 0.9560388235387005, ""max_units"": 943, ""momentum"": 0.17823709130847576, ""num_layers"": 1, ""weight_decay"": 0.05361871339980076}","{""time"": 26.092079162597656, ""val_accuracy"": 69.25496673583984, ""val_cross_entropy"": 0.6058188080787659, ""val_balanced_accuracy"": 0.6664015650749207, ""test_cross_entropy"": 0.6510498523712158, ""test_balanced_accuracy"": 0.6579647660255432}"
2026-04-16T00:27:42.020147,tpe,lcbench,189865,0,722,8.411588668823242,"{""OpenML_task_id"": ""167168"", ""batch_size"": 467, ""epoch"": 6, ""learning_rate"": 0.0020376786354719587, ""max_dropout"": 0.9985439520714342, ""max_units"": 973, ""momentum"": 0.1325560106478525, ""num_layers"": 1, ""weight_decay"": 0.05084680780257547}","{""time"": 8.411588668823242, ""val_accuracy"": 66.46137237548828, ""val_cross_entropy"": 0.5916627645492554, ""val_balanced_accuracy"": 0.6184320449829102, ""test_cross_entropy"": 0.6698399186134338, ""test_balanced_accuracy"": 0.6137130260467529}"
2026-04-16T00:27:42.081748,tpe,lcbench,189865,0,723,1.1910200119018555,"{""OpenML_task_id"": ""168910"", ""batch_size"": 479, ""epoch"": 1, ""learning_rate"": 0.005119782396072847, ""max_dropout"": 0.92800410264817, ""max_units"": 905, ""momentum"": 0.15891513511338728, ""num_layers"": 1, ""weight_decay"": 0.04666024629200312}","{""time"": 1.1910200119018555, ""val_accuracy"": 60.9658203125, ""val_cross_entropy"": 0.6146211624145508, ""val_balanced_accuracy"": 0.6016108989715576, ""test_cross_entropy"": 0.6667017936706543, ""test_balanced_accuracy"": 0.6003545522689819}"
2026-04-16T00:27:42.143754,tpe,lcbench,189865,0,724,4.203076362609863,"{""OpenML_task_id"": ""168331"", ""batch_size"": 276, ""epoch"": 2, ""learning_rate"": 0.0022670120185953073, ""max_dropout"": 0.5244892108504253, ""max_units"": 928, ""momentum"": 0.11669678063966632, ""num_layers"": 1, ""weight_decay"": 0.05589291870003457}","{""time"": 4.203076362609863, ""val_accuracy"": 58.57157897949219, ""val_cross_entropy"": 0.6322936415672302, ""val_balanced_accuracy"": 0.5920917987823486, ""test_cross_entropy"": 0.6728760004043579, ""test_balanced_accuracy"": 0.5889919996261597}"
2026-04-16T00:27:42.195495,tpe,lcbench,189865,0,725,5.813689708709717,"{""OpenML_task_id"": ""189905"", ""batch_size"": 489, ""epoch"": 4, ""learning_rate"": 0.0018455493152080317, ""max_dropout"": 0.9667965407596645, ""max_units"": 861, ""momentum"": 0.13975553396241985, ""num_layers"": 1, ""weight_decay"": 0.052977439021327254}","{""time"": 5.813689708709717, ""val_accuracy"": 63.94344711303711, ""val_cross_entropy"": 0.5997149348258972, ""val_balanced_accuracy"": 0.5963953733444214, ""test_cross_entropy"": 0.6773422956466675, ""test_balanced_accuracy"": 0.5926770567893982}"
2026-04-16T00:27:42.260412,tpe,lcbench,189865,0,726,22.70770263671875,"{""OpenML_task_id"": ""126029"", ""batch_size"": 440, ""epoch"": 42, ""learning_rate"": 0.00012679898722037995, ""max_dropout"": 0.6728807937444654, ""max_units"": 952, ""momentum"": 0.11545762187686509, ""num_layers"": 1, ""weight_decay"": 0.04434978468681342}","{""time"": 22.70770263671875, ""val_accuracy"": 61.30292510986328, ""val_cross_entropy"": 0.6852884888648987, ""val_balanced_accuracy"": 0.5801692008972168, ""test_cross_entropy"": 0.6798935532569885, ""test_balanced_accuracy"": 0.579340934753418}"
2026-04-16T00:27:42.311679,tpe,lcbench,189865,0,727,1.0543618202209473,"{""OpenML_task_id"": ""189866"", ""batch_size"": 461, ""epoch"": 1, ""learning_rate"": 0.0037576209395980232, ""max_dropout"": 0.9993806733953472, ""max_units"": 890, ""momentum"": 0.10022232557348408, ""num_layers"": 1, ""weight_decay"": 0.0575405143094632}","{""time"": 1.0543618202209473, ""val_accuracy"": 60.601436614990234, ""val_cross_entropy"": 0.6054951548576355, ""val_balanced_accuracy"": 0.5999940037727356, ""test_cross_entropy"": 0.6669691801071167, ""test_balanced_accuracy"": 0.598873496055603}"
2026-04-16T00:27:42.370287,tpe,lcbench,189865,0,728,2.161571502685547,"{""OpenML_task_id"": ""189354"", ""batch_size"": 323, ""epoch"": 3, ""learning_rate"": 0.00011729069785897643, ""max_dropout"": 0.9518323174405549, ""max_units"": 971, ""momentum"": 0.13209597193482328, ""num_layers"": 1, ""weight_decay"": 0.014038527746225354}","{""time"": 2.161571502685547, ""val_accuracy"": 55.634239196777344, ""val_cross_entropy"": 0.6182094812393188, ""val_balanced_accuracy"": 0.5492041110992432, ""test_cross_entropy"": 0.6756473779678345, ""test_balanced_accuracy"": 0.5437569618225098}"
2026-04-16T00:27:42.429207,tpe,lcbench,189865,0,729,2.436282157897949,"{""OpenML_task_id"": ""168329"", ""batch_size"": 418, ""epoch"": 1, ""learning_rate"": 0.0034052399954463738, ""max_dropout"": 0.9791150531148708, ""max_units"": 919, ""momentum"": 0.16256928959700323, ""num_layers"": 3, ""weight_decay"": 0.05463025016794893}","{""time"": 2.436282157897949, ""val_accuracy"": 50.167388916015625, ""val_cross_entropy"": 0.6735657453536987, ""val_balanced_accuracy"": 0.5029581785202026, ""test_cross_entropy"": 0.6650215983390808, ""test_balanced_accuracy"": 0.5043953657150269}"
2026-04-16T00:27:42.491539,tpe,lcbench,189865,0,730,6.62108850479126,"{""OpenML_task_id"": ""167185"", ""batch_size"": 475, ""epoch"": 5, ""learning_rate"": 0.0016668568618212368, ""max_dropout"": 0.9999322386309377, ""max_units"": 946, ""momentum"": 0.14420625376113716, ""num_layers"": 1, ""weight_decay"": 0.05019913309100196}","{""time"": 6.62108850479126, ""val_accuracy"": 64.77362060546875, ""val_cross_entropy"": 0.5949264168739319, ""val_balanced_accuracy"": 0.6032782196998596, ""test_cross_entropy"": 0.6757649183273315, ""test_balanced_accuracy"": 0.5990688800811768}"
2026-04-16T00:27:42.552160,tpe,lcbench,189865,0,731,1.1519747972488403,"{""OpenML_task_id"": ""189906"", ""batch_size"": 453, ""epoch"": 2, ""learning_rate"": 0.00015686917935451962, ""max_dropout"": 0.6998831728473649, ""max_units"": 974, ""momentum"": 0.12572963422009753, ""num_layers"": 1, ""weight_decay"": 0.05205748495974339}","{""time"": 1.1519747972488403, ""val_accuracy"": 57.2844352722168, ""val_cross_entropy"": 0.5959272384643555, ""val_balanced_accuracy"": 0.5649434328079224, ""test_cross_entropy"": 0.6739716529846191, ""test_balanced_accuracy"": 0.5633133053779602}"
2026-04-16T00:27:42.610580,tpe,lcbench,189865,0,732,21.077564239501953,"{""OpenML_task_id"": ""167201"", ""batch_size"": 388, ""epoch"": 3, ""learning_rate"": 0.0053154328797025115, ""max_dropout"": 0.938226687829454, ""max_units"": 827, ""momentum"": 0.10010718196595242, ""num_layers"": 5, ""weight_decay"": 0.06546143733727626}","{""time"": 21.077564239501953, ""val_accuracy"": 46.637874603271484, ""val_cross_entropy"": 0.5314203500747681, ""val_balanced_accuracy"": 0.5775932669639587, ""test_cross_entropy"": 0.6643785238265991, ""test_balanced_accuracy"": 0.5673990845680237}"
2026-04-16T00:27:42.675031,tpe,lcbench,189865,0,733,0.9455931186676025,"{""OpenML_task_id"": ""168331"", ""batch_size"": 483, ""epoch"": 1, ""learning_rate"": 0.002007989876940888, ""max_dropout"": 0.9692781307907842, ""max_units"": 934, ""momentum"": 0.14772212022150694, ""num_layers"": 1, ""weight_decay"": 0.047731966169294426}","{""time"": 0.9455931186676025, ""val_accuracy"": 60.006553649902344, ""val_cross_entropy"": 0.5949150919914246, ""val_balanced_accuracy"": 0.5975545048713684, ""test_cross_entropy"": 0.6685031652450562, ""test_balanced_accuracy"": 0.5951125025749207}"
2026-04-16T00:27:42.739101,tpe,lcbench,189865,0,734,1.3346503973007202,"{""OpenML_task_id"": ""126029"", ""batch_size"": 495, ""epoch"": 1, ""learning_rate"": 0.004038191818205078, ""max_dropout"": 0.9157615276026698, ""max_units"": 905, ""momentum"": 0.18237959251183306, ""num_layers"": 1, ""weight_decay"": 0.010274281105592547}","{""time"": 1.3346503973007202, ""val_accuracy"": 60.50038146972656, ""val_cross_entropy"": 0.6144546866416931, ""val_balanced_accuracy"": 0.6033587455749512, ""test_cross_entropy"": 0.6715158224105835, ""test_balanced_accuracy"": 0.5980699062347412}"
2026-04-16T00:27:42.800275,tpe,lcbench,189865,0,735,0.9943996071815491,"{""OpenML_task_id"": ""168910"", ""batch_size"": 470, ""epoch"": 2, ""learning_rate"": 0.00010440950109590115, ""max_dropout"": 0.66568815054103, ""max_units"": 877, ""momentum"": 0.1163836508090034, ""num_layers"": 1, ""weight_decay"": 0.04621534057752256}","{""time"": 0.9943996071815491, ""val_accuracy"": 57.30104446411133, ""val_cross_entropy"": 0.5936439633369446, ""val_balanced_accuracy"": 0.5738531351089478, ""test_cross_entropy"": 0.6731235384941101, ""test_balanced_accuracy"": 0.5713129043579102}"
2026-04-16T00:27:42.860863,tpe,lcbench,189865,0,736,4.601894855499268,"{""OpenML_task_id"": ""167149"", ""batch_size"": 454, ""epoch"": 3, ""learning_rate"": 0.003291804606178025, ""max_dropout"": 0.980020588556814, ""max_units"": 958, ""momentum"": 0.13047830100272212, ""num_layers"": 1, ""weight_decay"": 0.05894808132670506}","{""time"": 4.601894855499268, ""val_accuracy"": 63.18389892578125, ""val_cross_entropy"": 0.5975189805030823, ""val_balanced_accuracy"": 0.5948514938354492, ""test_cross_entropy"": 0.6729298830032349, ""test_balanced_accuracy"": 0.5944885015487671}"
2026-04-16T00:27:42.918708,tpe,lcbench,189865,0,737,1.0599397420883179,"{""OpenML_task_id"": ""167168"", ""batch_size"": 433, ""epoch"": 1, ""learning_rate"": 0.0021683388152273207, ""max_dropout"": 0.9615980371672519, ""max_units"": 912, ""momentum"": 0.1684070182400674, ""num_layers"": 1, ""weight_decay"": 0.05590666343671637}","{""time"": 1.0599397420883179, ""val_accuracy"": 59.57206726074219, ""val_cross_entropy"": 0.6052135825157166, ""val_balanced_accuracy"": 0.5951964855194092, ""test_cross_entropy"": 0.6692919135093689, ""test_balanced_accuracy"": 0.5923436880111694}"
2026-04-16T00:27:42.984187,tpe,lcbench,189865,0,738,2.1294987201690674,"{""OpenML_task_id"": ""167161"", ""batch_size"": 466, ""epoch"": 4, ""learning_rate"": 0.0001376476632967254, ""max_dropout"": 0.9461722207678074, ""max_units"": 950, ""momentum"": 0.1429670062962896, ""num_layers"": 1, ""weight_decay"": 0.06067600986171316}","{""time"": 2.1294987201690674, ""val_accuracy"": 57.02976989746094, ""val_cross_entropy"": 0.6298284530639648, ""val_balanced_accuracy"": 0.5634884834289551, ""test_cross_entropy"": 0.679905116558075, ""test_balanced_accuracy"": 0.5635077953338623}"
2026-04-16T00:27:43.038793,tpe,lcbench,189865,0,739,24.927696228027344,"{""OpenML_task_id"": ""168868"", ""batch_size"": 480, ""epoch"": 2, ""learning_rate"": 0.09987320342660186, ""max_dropout"": 0.6461690968609276, ""max_units"": 976, ""momentum"": 0.11658801928628365, ""num_layers"": 4, ""weight_decay"": 0.0036307105260744224}","{""time"": 24.927696228027344, ""val_accuracy"": 64.96775817871094, ""val_cross_entropy"": 0.6450490951538086, ""val_balanced_accuracy"": 0.657829225063324, ""test_cross_entropy"": 0.680693507194519, ""test_balanced_accuracy"": 0.6524623036384583}"
2026-04-16T00:27:43.086639,tpe,lcbench,189865,0,740,2.413970708847046,"{""OpenML_task_id"": ""167104"", ""batch_size"": 443, ""epoch"": 1, ""learning_rate"": 0.005144369535239733, ""max_dropout"": 0.7169678621468835, ""max_units"": 895, ""momentum"": 0.1556023464113698, ""num_layers"": 3, ""weight_decay"": 0.051253728379518915}","{""time"": 2.413970708847046, ""val_accuracy"": 53.18943405151367, ""val_cross_entropy"": 0.6601988673210144, ""val_balanced_accuracy"": 0.5197231769561768, ""test_cross_entropy"": 0.6696323752403259, ""test_balanced_accuracy"": 0.5221206545829773}"
2026-04-16T00:27:43.145313,tpe,lcbench,189865,0,741,3.176746129989624,"{""OpenML_task_id"": ""168329"", ""batch_size"": 300, ""epoch"": 2, ""learning_rate"": 0.002298161375412166, ""max_dropout"": 0.9800784938709072, ""max_units"": 939, ""momentum"": 0.13007573532557587, ""num_layers"": 1, ""weight_decay"": 0.043732411792651193}","{""time"": 3.176746129989624, ""val_accuracy"": 58.70052719116211, ""val_cross_entropy"": 0.6102487444877625, ""val_balanced_accuracy"": 0.5895787477493286, ""test_cross_entropy"": 0.6692889332771301, ""test_balanced_accuracy"": 0.5879582762718201}"
2026-04-16T00:27:43.210831,tpe,lcbench,189865,0,742,10.252289772033691,"{""OpenML_task_id"": ""126029"", ""batch_size"": 351, ""epoch"": 3, ""learning_rate"": 0.07276118468799903, ""max_dropout"": 0.9994735476703158, ""max_units"": 927, ""momentum"": 0.10031989022488869, ""num_layers"": 1, ""weight_decay"": 0.05395977210811122}","{""time"": 10.252289772033691, ""val_accuracy"": 80.69283294677734, ""val_cross_entropy"": 0.466452032327652, ""val_balanced_accuracy"": 0.8007151484489441, ""test_cross_entropy"": 0.5825567841529846, ""test_balanced_accuracy"": 0.8059277534484863}"
2026-04-16T00:27:43.278880,tpe,lcbench,189865,0,743,0.41290539503097534,"{""OpenML_task_id"": ""168331"", ""batch_size"": 495, ""epoch"": 1, ""learning_rate"": 0.00013039512498191487, ""max_dropout"": 0.679127090389195, ""max_units"": 977, ""momentum"": 0.1297364296579485, ""num_layers"": 1, ""weight_decay"": 0.048254715111558016}","{""time"": 0.41290539503097534, ""val_accuracy"": 57.54100799560547, ""val_cross_entropy"": 0.5525763630867004, ""val_balanced_accuracy"": 0.596570611000061, ""test_cross_entropy"": 0.6696757078170776, ""test_balanced_accuracy"": 0.5912454128265381}"
2026-04-16T00:27:43.338634,tpe,lcbench,189865,0,744,2.7695605754852295,"{""OpenML_task_id"": ""168331"", ""batch_size"": 490, ""epoch"": 1, ""learning_rate"": 0.06228768076711389, ""max_dropout"": 0.6714838073516776, ""max_units"": 975, ""momentum"": 0.177587849424433, ""num_layers"": 1, ""weight_decay"": 0.04850344040664108}","{""time"": 2.7695605754852295, ""val_accuracy"": 58.535282135009766, ""val_cross_entropy"": 0.6725022196769714, ""val_balanced_accuracy"": 0.5657629370689392, ""test_cross_entropy"": 0.6758362054824829, ""test_balanced_accuracy"": 0.576037585735321}"
2026-04-16T00:27:43.398478,tpe,lcbench,189865,0,745,5.808112144470215,"{""OpenML_task_id"": ""168331"", ""batch_size"": 497, ""epoch"": 3, ""learning_rate"": 0.0037388402731023964, ""max_dropout"": 0.6871522183822245, ""max_units"": 975, ""momentum"": 0.15342482259541906, ""num_layers"": 1, ""weight_decay"": 0.05053694764018065}","{""time"": 5.808112144470215, ""val_accuracy"": 63.09117126464844, ""val_cross_entropy"": 0.6047398447990417, ""val_balanced_accuracy"": 0.6015569567680359, ""test_cross_entropy"": 0.676909863948822, ""test_balanced_accuracy"": 0.5995889902114868}"
2026-04-16T00:27:43.470123,tpe,lcbench,189865,0,746,2.992676019668579,"{""OpenML_task_id"": ""168331"", ""batch_size"": 496, ""epoch"": 2, ""learning_rate"": 0.0022626426676038104, ""max_dropout"": 0.6942923037115873, ""max_units"": 883, ""momentum"": 0.1375031770185898, ""num_layers"": 1, ""weight_decay"": 0.04873221669379351}","{""time"": 2.992676019668579, ""val_accuracy"": 61.735904693603516, ""val_cross_entropy"": 0.621583104133606, ""val_balanced_accuracy"": 0.5961042642593384, ""test_cross_entropy"": 0.6741776466369629, ""test_balanced_accuracy"": 0.5936081409454346}"
2026-04-16T00:27:43.531772,tpe,lcbench,189865,0,747,3.989722490310669,"{""OpenML_task_id"": ""168331"", ""batch_size"": 495, ""epoch"": 1, ""learning_rate"": 0.0909913800138559, ""max_dropout"": 0.6596421606617063, ""max_units"": 798, ""momentum"": 0.11739269741734104, ""num_layers"": 3, ""weight_decay"": 0.0479683436342538}","{""time"": 3.989722490310669, ""val_accuracy"": 55.053245544433594, ""val_cross_entropy"": 0.6656039953231812, ""val_balanced_accuracy"": 0.523213267326355, ""test_cross_entropy"": 0.6697575449943542, ""test_balanced_accuracy"": 0.5230107307434082}"
2026-04-16T00:27:43.595543,tpe,lcbench,189865,0,748,1.0655176639556885,"{""OpenML_task_id"": ""168331"", ""batch_size"": 489, ""epoch"": 2, ""learning_rate"": 0.00012369504682267855, ""max_dropout"": 0.726662645642354, ""max_units"": 865, ""momentum"": 0.16578746559624827, ""num_layers"": 1, ""weight_decay"": 0.04632523359623508}","{""time"": 1.0655176639556885, ""val_accuracy"": 57.373443603515625, ""val_cross_entropy"": 0.5928876399993896, ""val_balanced_accuracy"": 0.5725488662719727, ""test_cross_entropy"": 0.6745041012763977, ""test_balanced_accuracy"": 0.5704983472824097}"
2026-04-16T00:27:43.649526,tpe,lcbench,189865,0,749,29.12923812866211,"{""OpenML_task_id"": ""168331"", ""batch_size"": 484, ""epoch"": 4, ""learning_rate"": 0.005115299917228922, ""max_dropout"": 0.6402730283109036, ""max_units"": 975, ""momentum"": 0.14152728347179033, ""num_layers"": 4, ""weight_decay"": 0.05201228681487716}","{""time"": 29.12923812866211, ""val_accuracy"": 50.907772064208984, ""val_cross_entropy"": 0.6564337611198425, ""val_balanced_accuracy"": 0.5214468836784363, ""test_cross_entropy"": 0.6856176853179932, ""test_balanced_accuracy"": 0.5223059058189392}"
2026-04-16T00:27:43.709501,tpe,lcbench,189865,0,750,1.2481932640075684,"{""OpenML_task_id"": ""7593"", ""batch_size"": 498, ""epoch"": 2, ""learning_rate"": 0.0002023523368559272, ""max_dropout"": 0.6787152781597557, ""max_units"": 926, ""momentum"": 0.11510001104139164, ""num_layers"": 1, ""weight_decay"": 0.05088057815394501}","{""time"": 1.2481932640075684, ""val_accuracy"": 58.15114212036133, ""val_cross_entropy"": 0.591660737991333, ""val_balanced_accuracy"": 0.5732744336128235, ""test_cross_entropy"": 0.6747939586639404, ""test_balanced_accuracy"": 0.5722464323043823}"
2026-04-16T00:27:43.762090,tpe,lcbench,189865,0,751,1.0822513103485107,"{""OpenML_task_id"": ""167184"", ""batch_size"": 275, ""epoch"": 1, ""learning_rate"": 0.00011889643485569862, ""max_dropout"": 0.6907477720383213, ""max_units"": 844, ""momentum"": 0.399448086356723, ""num_layers"": 1, ""weight_decay"": 0.04902617021858865}","{""time"": 1.0822513103485107, ""val_accuracy"": 53.57389450073242, ""val_cross_entropy"": 0.6341114640235901, ""val_balanced_accuracy"": 0.5372620820999146, ""test_cross_entropy"": 0.6888124942779541, ""test_balanced_accuracy"": 0.527556300163269}"
2026-04-16T00:27:43.825266,tpe,lcbench,189865,0,752,5.6602983474731445,"{""OpenML_task_id"": ""189906"", ""batch_size"": 478, ""epoch"": 3, ""learning_rate"": 0.0035594882483097495, ""max_dropout"": 0.7109642326542502, ""max_units"": 953, ""momentum"": 0.13063824659715964, ""num_layers"": 1, ""weight_decay"": 0.053476696523610465}","{""time"": 5.6602983474731445, ""val_accuracy"": 63.01528549194336, ""val_cross_entropy"": 0.6054365634918213, ""val_balanced_accuracy"": 0.6005378365516663, ""test_cross_entropy"": 0.6758214831352234, ""test_balanced_accuracy"": 0.5984875559806824}"
2026-04-16T00:27:43.889064,tpe,lcbench,189865,0,753,1.2872384786605835,"{""OpenML_task_id"": ""3945"", ""batch_size"": 487, ""epoch"": 1, ""learning_rate"": 0.002054657479754094, ""max_dropout"": 0.6643569724170344, ""max_units"": 909, ""momentum"": 0.15449127325891937, ""num_layers"": 1, ""weight_decay"": 0.057060633876197135}","{""time"": 1.2872384786605835, ""val_accuracy"": 59.89209747314453, ""val_cross_entropy"": 0.6035529971122742, ""val_balanced_accuracy"": 0.5992265939712524, ""test_cross_entropy"": 0.670242190361023, ""test_balanced_accuracy"": 0.5957541465759277}"
2026-04-16T00:27:43.953485,tpe,lcbench,189865,0,754,13.105376243591309,"{""OpenML_task_id"": ""167190"", ""batch_size"": 477, ""epoch"": 5, ""learning_rate"": 0.005403966548318051, ""max_dropout"": 0.6384340620307213, ""max_units"": 980, ""momentum"": 0.18554595581135408, ""num_layers"": 1, ""weight_decay"": 0.04607672064714201}","{""time"": 13.105376243591309, ""val_accuracy"": 65.11339569091797, ""val_cross_entropy"": 0.6038879752159119, ""val_balanced_accuracy"": 0.6295923590660095, ""test_cross_entropy"": 0.6648552417755127, ""test_balanced_accuracy"": 0.622320294380188}"
2026-04-16T00:27:44.013120,tpe,lcbench,189865,0,755,0.41011643409729004,"{""OpenML_task_id"": ""167149"", ""batch_size"": 501, ""epoch"": 1, ""learning_rate"": 0.00014210638736364986, ""max_dropout"": 0.7021382823746962, ""max_units"": 942, ""momentum"": 0.11657619658314877, ""num_layers"": 1, ""weight_decay"": 0.05455664843517257}","{""time"": 0.41011643409729004, ""val_accuracy"": 57.82916259765625, ""val_cross_entropy"": 0.5487619042396545, ""val_balanced_accuracy"": 0.5987136363983154, ""test_cross_entropy"": 0.6695879101753235, ""test_balanced_accuracy"": 0.5935073494911194}"
2026-04-16T00:27:44.074903,tpe,lcbench,189865,0,756,4.461053371429443,"{""OpenML_task_id"": ""167149"", ""batch_size"": 503, ""epoch"": 3, ""learning_rate"": 0.0020079810630463262, ""max_dropout"": 0.7215151216469275, ""max_units"": 940, ""momentum"": 0.1007475740040775, ""num_layers"": 1, ""weight_decay"": 0.05518507113413228}","{""time"": 4.461053371429443, ""val_accuracy"": 63.17847442626953, ""val_cross_entropy"": 0.6203756928443909, ""val_balanced_accuracy"": 0.5976707935333252, ""test_cross_entropy"": 0.6770381927490234, ""test_balanced_accuracy"": 0.5948038101196289}"
2026-04-16T00:27:44.127871,tpe,lcbench,189865,0,757,3.984144449234009,"{""OpenML_task_id"": ""167149"", ""batch_size"": 310, ""epoch"": 2, ""learning_rate"": 0.0031901166214761004, ""max_dropout"": 0.7546784003482861, ""max_units"": 919, ""momentum"": 0.1410831736111784, ""num_layers"": 1, ""weight_decay"": 0.05772291589298441}","{""time"": 3.984144449234009, ""val_accuracy"": 58.571800231933594, ""val_cross_entropy"": 0.6219622492790222, ""val_balanced_accuracy"": 0.5916774868965149, ""test_cross_entropy"": 0.6707223653793335, ""test_balanced_accuracy"": 0.5910604596138}"
2026-04-16T00:27:44.180032,tpe,lcbench,189865,0,758,1.0906181335449219,"{""OpenML_task_id"": ""167149"", ""batch_size"": 500, ""epoch"": 1, ""learning_rate"": 0.0017738610259418785, ""max_dropout"": 0.7283510412004988, ""max_units"": 937, ""momentum"": 0.11704715197265522, ""num_layers"": 1, ""weight_decay"": 0.05307774683263751}","{""time"": 1.0906181335449219, ""val_accuracy"": 59.921119689941406, ""val_cross_entropy"": 0.587918221950531, ""val_balanced_accuracy"": 0.599202573299408, ""test_cross_entropy"": 0.6677471399307251, ""test_balanced_accuracy"": 0.5964682102203369}"
2026-04-16T00:27:44.235156,tpe,lcbench,189865,0,759,4.483365058898926,"{""OpenML_task_id"": ""167149"", ""batch_size"": 281, ""epoch"": 2, ""learning_rate"": 0.0036580125710403504, ""max_dropout"": 0.6997519359997284, ""max_units"": 953, ""momentum"": 0.1648789119990437, ""num_layers"": 1, ""weight_decay"": 0.05585550137818043}","{""time"": 4.483365058898926, ""val_accuracy"": 58.04531478881836, ""val_cross_entropy"": 0.6308899521827698, ""val_balanced_accuracy"": 0.5901648998260498, ""test_cross_entropy"": 0.6712579727172852, ""test_balanced_accuracy"": 0.5890324711799622}"
2026-04-16T00:27:44.291213,tpe,lcbench,189865,0,760,12.193392753601074,"{""OpenML_task_id"": ""167149"", ""batch_size"": 184, ""epoch"": 4, ""learning_rate"": 0.0017870216644059885, ""max_dropout"": 0.7462236332595336, ""max_units"": 899, ""momentum"": 0.37782782552144345, ""num_layers"": 1, ""weight_decay"": 0.04997581712262497}","{""time"": 12.193392753601074, ""val_accuracy"": 59.775917053222656, ""val_cross_entropy"": 0.6370945572853088, ""val_balanced_accuracy"": 0.6056485772132874, ""test_cross_entropy"": 0.6701442003250122, ""test_balanced_accuracy"": 0.5953770279884338}"
2026-04-16T00:27:44.347843,tpe,lcbench,189865,0,761,28.224227905273438,"{""OpenML_task_id"": ""167149"", ""batch_size"": 496, ""epoch"": 22, ""learning_rate"": 0.004987647242768791, ""max_dropout"": 0.6980740553144443, ""max_units"": 925, ""momentum"": 0.13023839678507712, ""num_layers"": 1, ""weight_decay"": 0.05421637079508897}","{""time"": 28.224227905273438, ""val_accuracy"": 74.5453109741211, ""val_cross_entropy"": 0.5565880537033081, ""val_balanced_accuracy"": 0.7297008037567139, ""test_cross_entropy"": 0.6277480125427246, ""test_balanced_accuracy"": 0.7196001410484314}"
2026-04-16T00:27:44.402923,tpe,lcbench,189865,0,762,1.03902268409729,"{""OpenML_task_id"": ""168331"", ""batch_size"": 473, ""epoch"": 1, ""learning_rate"": 0.002141095003090166, ""max_dropout"": 0.8532336153613869, ""max_units"": 950, ""momentum"": 0.1428505740550017, ""num_layers"": 1, ""weight_decay"": 0.0522668213399749}","{""time"": 1.03902268409729, ""val_accuracy"": 59.74662399291992, ""val_cross_entropy"": 0.5957022309303284, ""val_balanced_accuracy"": 0.6006283164024353, ""test_cross_entropy"": 0.6682913303375244, ""test_balanced_accuracy"": 0.5976479649543762}"
2026-04-16T00:27:44.461287,tpe,lcbench,189865,0,763,30.161144256591797,"{""OpenML_task_id"": ""168330"", ""batch_size"": 422, ""epoch"": 31, ""learning_rate"": 0.0016053253980133826, ""max_dropout"": 0.9292459702907162, ""max_units"": 890, ""momentum"": 0.11576555371001425, ""num_layers"": 1, ""weight_decay"": 0.06219435478488332}","{""time"": 30.161144256591797, ""val_accuracy"": 68.23161315917969, ""val_cross_entropy"": 0.6086416244506836, ""val_balanced_accuracy"": 0.6592938303947449, ""test_cross_entropy"": 0.6533629894256592, ""test_balanced_accuracy"": 0.6504989862442017}"
2026-04-16T00:27:44.528040,tpe,lcbench,189865,0,764,1.451785922050476,"{""OpenML_task_id"": ""189865"", ""batch_size"": 398, ""epoch"": 2, ""learning_rate"": 0.00016511925798694407, ""max_dropout"": 0.7130042769658798, ""max_units"": 913, ""momentum"": 0.1581666022299732, ""num_layers"": 1, ""weight_decay"": 0.05956479337018568}","{""time"": 1.451785922050476, ""val_accuracy"": 56.48319625854492, ""val_cross_entropy"": 0.6204866170883179, ""val_balanced_accuracy"": 0.553356409072876, ""test_cross_entropy"": 0.6784632205963135, ""test_balanced_accuracy"": 0.5515608191490173}"
2026-04-16T00:27:44.585802,tpe,lcbench,189865,0,765,0.3306316137313843,"{""OpenML_task_id"": ""167201"", ""batch_size"": 484, ""epoch"": 1, ""learning_rate"": 0.00011001526042139737, ""max_dropout"": 0.8889856607289263, ""max_units"": 959, ""momentum"": 0.11466994010587507, ""num_layers"": 1, ""weight_decay"": 0.05537085132736348}","{""time"": 0.3306316137313843, ""val_accuracy"": 57.56394958496094, ""val_cross_entropy"": 0.554938793182373, ""val_balanced_accuracy"": 0.5973528027534485, ""test_cross_entropy"": 0.669193685054779, ""test_balanced_accuracy"": 0.5936726927757263}"
2026-04-16T00:27:44.641243,tpe,lcbench,189865,0,766,5.078804016113281,"{""OpenML_task_id"": ""167201"", ""batch_size"": 489, ""epoch"": 3, ""learning_rate"": 0.003576056875635291, ""max_dropout"": 0.8864376047083515, ""max_units"": 939, ""momentum"": 0.11258061029200173, ""num_layers"": 1, ""weight_decay"": 0.05685790349441342}","{""time"": 5.078804016113281, ""val_accuracy"": 64.13582611083984, ""val_cross_entropy"": 0.5923265814781189, ""val_balanced_accuracy"": 0.6017256379127502, ""test_cross_entropy"": 0.675017237663269, ""test_balanced_accuracy"": 0.6008471846580505}"
2026-04-16T00:27:44.698873,tpe,lcbench,189865,0,767,1.0766733884811401,"{""OpenML_task_id"": ""168910"", ""batch_size"": 503, ""epoch"": 1, ""learning_rate"": 0.005181941446925646, ""max_dropout"": 0.8807139117537315, ""max_units"": 957, ""momentum"": 0.10048061285796775, ""num_layers"": 1, ""weight_decay"": 0.055300485961871454}","{""time"": 1.0766733884811401, ""val_accuracy"": 61.34854507446289, ""val_cross_entropy"": 0.6008226871490479, ""val_balanced_accuracy"": 0.6067748069763184, ""test_cross_entropy"": 0.6637794375419617, ""test_balanced_accuracy"": 0.6069009900093079}"
2026-04-16T00:27:44.830098,tpe,lcbench,189865,0,768,1.5968109369277954,"{""OpenML_task_id"": ""146212"", ""batch_size"": 485, ""epoch"": 3, ""learning_rate"": 0.00015291266215364255, ""max_dropout"": 0.9035307521710705, ""max_units"": 923, ""momentum"": 0.11741558119635584, ""num_layers"": 1, ""weight_decay"": 0.057831734337978856}","{""time"": 1.5968109369277954, ""val_accuracy"": 57.13777542114258, ""val_cross_entropy"": 0.6147558093070984, ""val_balanced_accuracy"": 0.5674402117729187, ""test_cross_entropy"": 0.6790063977241516, ""test_balanced_accuracy"": 0.5675268173217773}"
2026-04-16T00:27:44.886463,tpe,lcbench,189865,0,769,1.1296632289886475,"{""OpenML_task_id"": ""34539"", ""batch_size"": 494, ""epoch"": 1, ""learning_rate"": 0.0034521612924313075, ""max_dropout"": 0.8963826927564698, ""max_units"": 872, ""momentum"": 0.1295047522568417, ""num_layers"": 1, ""weight_decay"": 0.05483071817447577}","{""time"": 1.1296632289886475, ""val_accuracy"": 60.70624923706055, ""val_cross_entropy"": 0.6089509129524231, ""val_balanced_accuracy"": 0.601418137550354, ""test_cross_entropy"": 0.6677848696708679, ""test_balanced_accuracy"": 0.6000717878341675}"
2026-04-16T00:27:44.950990,tpe,lcbench,189865,0,770,2.3191466331481934,"{""OpenML_task_id"": ""167201"", ""batch_size"": 480, ""epoch"": 2, ""learning_rate"": 0.001967601297308872, ""max_dropout"": 0.917102587368757, ""max_units"": 907, ""momentum"": 0.1137536644368435, ""num_layers"": 1, ""weight_decay"": 0.051539496099314686}","{""time"": 2.3191466331481934, ""val_accuracy"": 61.27861022949219, ""val_cross_entropy"": 0.6159734725952148, ""val_balanced_accuracy"": 0.5974246263504028, ""test_cross_entropy"": 0.6701499223709106, ""test_balanced_accuracy"": 0.595225989818573}"
2026-04-16T00:27:45.015606,tpe,lcbench,189865,0,771,10.832389831542969,"{""OpenML_task_id"": ""167152"", ""batch_size"": 469, ""epoch"": 4, ""learning_rate"": 0.0018086304858645592, ""max_dropout"": 0.8282218013192254, ""max_units"": 930, ""momentum"": 0.8363988450705218, ""num_layers"": 1, ""weight_decay"": 0.053270618958144736}","{""time"": 10.832389831542969, ""val_accuracy"": 63.65079879760742, ""val_cross_entropy"": 0.6476140022277832, ""val_balanced_accuracy"": 0.6221434473991394, ""test_cross_entropy"": 0.6788873672485352, ""test_balanced_accuracy"": 0.6154866218566895}"
2026-04-16T00:27:45.076674,tpe,lcbench,189865,0,772,0.34039291739463806,"{""OpenML_task_id"": ""168329"", ""batch_size"": 497, ""epoch"": 1, ""learning_rate"": 0.0001344447449647129, ""max_dropout"": 0.9292878787950394, ""max_units"": 959, ""momentum"": 0.10021746830118486, ""num_layers"": 1, ""weight_decay"": 0.05947621329366784}","{""time"": 0.34039291739463806, ""val_accuracy"": 57.38307571411133, ""val_cross_entropy"": 0.5522002577781677, ""val_balanced_accuracy"": 0.5965592265129089, ""test_cross_entropy"": 0.668708086013794, ""test_balanced_accuracy"": 0.5929880142211914}"
2026-04-16T00:27:45.134389,tpe,lcbench,189865,0,773,36.510169982910156,"{""OpenML_task_id"": ""168329"", ""batch_size"": 483, ""epoch"": 47, ""learning_rate"": 0.005352099028121864, ""max_dropout"": 0.9090768196874316, ""max_units"": 948, ""momentum"": 0.10146983653574085, ""num_layers"": 1, ""weight_decay"": 0.06294335992723046}","{""time"": 36.510169982910156, ""val_accuracy"": 80.41474151611328, ""val_cross_entropy"": 0.49873578548431396, ""val_balanced_accuracy"": 0.801364541053772, ""test_cross_entropy"": 0.5954184532165527, ""test_balanced_accuracy"": 0.7925633192062378}"
2026-04-16T00:27:45.195126,tpe,lcbench,189865,0,774,5.943375587463379,"{""OpenML_task_id"": ""168329"", ""batch_size"": 470, ""epoch"": 16, ""learning_rate"": 0.00011816177845158256, ""max_dropout"": 0.9092801086125507, ""max_units"": 469, ""momentum"": 0.10062053659411753, ""num_layers"": 1, ""weight_decay"": 0.06138134419767853}","{""time"": 5.943375587463379, ""val_accuracy"": 59.78390121459961, ""val_cross_entropy"": 0.7002070546150208, ""val_balanced_accuracy"": 0.5761343240737915, ""test_cross_entropy"": 0.6860897541046143, ""test_balanced_accuracy"": 0.5740271806716919}"
2026-04-16T00:27:45.250483,tpe,lcbench,189865,0,775,0.9957940578460693,"{""OpenML_task_id"": ""168329"", ""batch_size"": 494, ""epoch"": 1, ""learning_rate"": 0.003442669055761773, ""max_dropout"": 0.9426658403396716, ""max_units"": 936, ""momentum"": 0.12754178019406281, ""num_layers"": 1, ""weight_decay"": 0.059723417938840624}","{""time"": 0.9957940578460693, ""val_accuracy"": 60.54898452758789, ""val_cross_entropy"": 0.6004363298416138, ""val_balanced_accuracy"": 0.6039033532142639, ""test_cross_entropy"": 0.6659210920333862, ""test_balanced_accuracy"": 0.603147029876709}"
2026-04-16T00:27:45.295861,tpe,lcbench,189865,0,776,2.164360523223877,"{""OpenML_task_id"": ""167201"", ""batch_size"": 476, ""epoch"": 2, ""learning_rate"": 0.0019463960034523972, ""max_dropout"": 0.930980868791647, ""max_units"": 961, ""momentum"": 0.11822269915581825, ""num_layers"": 1, ""weight_decay"": 0.058174561924124624}","{""time"": 2.164360523223877, ""val_accuracy"": 61.127437591552734, ""val_cross_entropy"": 0.6120665669441223, ""val_balanced_accuracy"": 0.5976787805557251, ""test_cross_entropy"": 0.669519305229187, ""test_balanced_accuracy"": 0.5958405137062073}"
2026-04-16T00:27:45.365413,tpe,lcbench,189865,0,777,1.666534423828125,"{""OpenML_task_id"": ""189906"", ""batch_size"": 483, ""epoch"": 3, ""learning_rate"": 0.0001575380637821365, ""max_dropout"": 0.9246994223355167, ""max_units"": 907, ""momentum"": 0.14365129344650385, ""num_layers"": 1, ""weight_decay"": 0.05942713014655511}","{""time"": 1.666534423828125, ""val_accuracy"": 56.9937744140625, ""val_cross_entropy"": 0.6188610196113586, ""val_balanced_accuracy"": 0.5664950609207153, ""test_cross_entropy"": 0.6796736121177673, ""test_balanced_accuracy"": 0.5663243532180786}"
2026-04-16T00:27:45.422679,tpe,lcbench,189865,0,778,1.9314838647842407,"{""OpenML_task_id"": ""168329"", ""batch_size"": 461, ""epoch"": 1, ""learning_rate"": 0.003461147886082597, ""max_dropout"": 0.8927195292794062, ""max_units"": 217, ""momentum"": 0.11616109651325135, ""num_layers"": 1, ""weight_decay"": 0.0562117448444272}","{""time"": 1.9314838647842407, ""val_accuracy"": 62.88908767700195, ""val_cross_entropy"": 0.6407496929168701, ""val_balanced_accuracy"": 0.592907726764679, ""test_cross_entropy"": 0.6719216108322144, ""test_balanced_accuracy"": 0.5892055034637451}"
2026-04-16T00:27:45.479513,tpe,lcbench,189865,0,779,1.032050371170044,"{""OpenML_task_id"": ""168329"", ""batch_size"": 464, ""epoch"": 2, ""learning_rate"": 0.00015996875977839382, ""max_dropout"": 0.8730985115165789, ""max_units"": 932, ""momentum"": 0.1375213164820754, ""num_layers"": 1, ""weight_decay"": 0.05785311042272177}","{""time"": 1.032050371170044, ""val_accuracy"": 57.195674896240234, ""val_cross_entropy"": 0.595271646976471, ""val_balanced_accuracy"": 0.5678418874740601, ""test_cross_entropy"": 0.6740214228630066, ""test_balanced_accuracy"": 0.5670658349990845}"
2026-04-16T00:27:45.542193,tpe,lcbench,189865,0,780,4.883577823638916,"{""OpenML_task_id"": ""189909"", ""batch_size"": 429, ""epoch"": 3, ""learning_rate"": 0.0033574625749730183, ""max_dropout"": 0.9436801438706395, ""max_units"": 958, ""momentum"": 0.11506516329228822, ""num_layers"": 1, ""weight_decay"": 0.054126024336594136}","{""time"": 4.883577823638916, ""val_accuracy"": 62.48412322998047, ""val_cross_entropy"": 0.6003078818321228, ""val_balanced_accuracy"": 0.5951533913612366, ""test_cross_entropy"": 0.6716887354850769, ""test_balanced_accuracy"": 0.5941393971443176}"
2026-04-16T00:27:45.601332,tpe,lcbench,189865,0,781,1.1798641681671143,"{""OpenML_task_id"": ""168329"", ""batch_size"": 493, ""epoch"": 1, ""learning_rate"": 0.005568424915436755, ""max_dropout"": 0.9210427496585853, ""max_units"": 888, ""momentum"": 0.1566297064064679, ""num_layers"": 1, ""weight_decay"": 0.06092627422449733}","{""time"": 1.1798641681671143, ""val_accuracy"": 61.17280960083008, ""val_cross_entropy"": 0.6143560409545898, ""val_balanced_accuracy"": 0.6019954085350037, ""test_cross_entropy"": 0.6655287742614746, ""test_balanced_accuracy"": 0.6017842292785645}"
2026-04-16T00:27:45.660617,tpe,lcbench,189865,0,782,37.20740509033203,"{""OpenML_task_id"": ""167201"", ""batch_size"": 449, ""epoch"": 40, ""learning_rate"": 0.0018330307230166269, ""max_dropout"": 0.9380193651484016, ""max_units"": 918, ""momentum"": 0.13485329517657424, ""num_layers"": 1, ""weight_decay"": 0.0633206840869665}","{""time"": 37.20740509033203, ""val_accuracy"": 69.10546875, ""val_cross_entropy"": 0.6038057804107666, ""val_balanced_accuracy"": 0.6761797070503235, ""test_cross_entropy"": 0.6467006206512451, ""test_balanced_accuracy"": 0.6667181253433228}"
2026-04-16T00:27:45.715053,tpe,lcbench,189865,0,783,0.9957940578460693,"{""OpenML_task_id"": ""167149"", ""batch_size"": 475, ""epoch"": 1, ""learning_rate"": 0.003510323298993464, ""max_dropout"": 0.9516554268992694, ""max_units"": 939, ""momentum"": 0.10187450183953864, ""num_layers"": 1, ""weight_decay"": 0.05639566785023067}","{""time"": 0.9957940578460693, ""val_accuracy"": 60.51272964477539, ""val_cross_entropy"": 0.5989114046096802, ""val_balanced_accuracy"": 0.6040542721748352, ""test_cross_entropy"": 0.6653989553451538, ""test_balanced_accuracy"": 0.6029998064041138}"
2026-04-16T00:27:45.775723,tpe,lcbench,189865,0,784,2.2006165981292725,"{""OpenML_task_id"": ""126026"", ""batch_size"": 483, ""epoch"": 2, ""learning_rate"": 0.0018263192760816984, ""max_dropout"": 0.959441048073467, ""max_units"": 963, ""momentum"": 0.17433672584556248, ""num_layers"": 1, ""weight_decay"": 0.048368041816743326}","{""time"": 2.2006165981292725, ""val_accuracy"": 60.80092239379883, ""val_cross_entropy"": 0.6173432469367981, ""val_balanced_accuracy"": 0.5972229242324829, ""test_cross_entropy"": 0.6699604392051697, ""test_balanced_accuracy"": 0.5944442749023438}"
2026-04-16T00:27:45.828676,tpe,lcbench,189865,0,785,2.3107798099517822,"{""OpenML_task_id"": ""167201"", ""batch_size"": 456, ""epoch"": 4, ""learning_rate"": 0.00013443601658580544, ""max_dropout"": 0.9218950386858922, ""max_units"": 863, ""momentum"": 0.1308643496007762, ""num_layers"": 1, ""weight_decay"": 0.05034514559930708}","{""time"": 2.3107798099517822, ""val_accuracy"": 56.95389175415039, ""val_cross_entropy"": 0.6356271505355835, ""val_balanced_accuracy"": 0.5638357400894165, ""test_cross_entropy"": 0.6806343793869019, ""test_balanced_accuracy"": 0.563273549079895}"
2026-04-16T00:27:45.885321,tpe,lcbench,189865,0,786,1.5521878004074097,"{""OpenML_task_id"": ""167168"", ""batch_size"": 414, ""epoch"": 3, ""learning_rate"": 0.00011227422254073481, ""max_dropout"": 0.9413346705366052, ""max_units"": 906, ""momentum"": 0.10021868519555231, ""num_layers"": 1, ""weight_decay"": 0.052716002153944216}","{""time"": 1.5521878004074097, ""val_accuracy"": 56.16220474243164, ""val_cross_entropy"": 0.6265761256217957, ""val_balanced_accuracy"": 0.553224503993988, ""test_cross_entropy"": 0.6768013834953308, ""test_balanced_accuracy"": 0.5537565350532532}"
2026-04-16T00:27:45.945218,tpe,lcbench,189865,0,787,1.319311261177063,"{""OpenML_task_id"": ""167201"", ""batch_size"": 365, ""epoch"": 1, ""learning_rate"": 0.005180308087245687, ""max_dropout"": 0.8701288143376353, ""max_units"": 949, ""momentum"": 0.1495772388295338, ""num_layers"": 1, ""weight_decay"": 0.05544238597554387}","{""time"": 1.319311261177063, ""val_accuracy"": 59.41468048095703, ""val_cross_entropy"": 0.6333818435668945, ""val_balanced_accuracy"": 0.5944896340370178, ""test_cross_entropy"": 0.6669580936431885, ""test_balanced_accuracy"": 0.5923798084259033}"
2026-04-16T00:27:46.006240,tpe,lcbench,189865,0,788,3.62437105178833,"{""OpenML_task_id"": ""168329"", ""batch_size"": 210, ""epoch"": 2, ""learning_rate"": 0.002057508295024124, ""max_dropout"": 0.9583110938796523, ""max_units"": 922, ""momentum"": 0.12065198211509964, ""num_layers"": 1, ""weight_decay"": 0.05782075798385272}","{""time"": 3.62437105178833, ""val_accuracy"": 58.01144790649414, ""val_cross_entropy"": 0.6099199652671814, ""val_balanced_accuracy"": 0.5878819823265076, ""test_cross_entropy"": 0.6730366945266724, ""test_balanced_accuracy"": 0.5837099552154541}"
2026-04-16T00:27:46.067817,tpe,lcbench,189865,0,789,11.729034423828125,"{""OpenML_task_id"": ""189905"", ""batch_size"": 467, ""epoch"": 5, ""learning_rate"": 0.003770981652440926, ""max_dropout"": 0.9628722623742164, ""max_units"": 893, ""momentum"": 0.5131874420472353, ""num_layers"": 1, ""weight_decay"": 0.050877952113902086}","{""time"": 11.729034423828125, ""val_accuracy"": 65.40066528320312, ""val_cross_entropy"": 0.6327786445617676, ""val_balanced_accuracy"": 0.627547025680542, ""test_cross_entropy"": 0.6682915091514587, ""test_balanced_accuracy"": 0.6227893233299255}"
2026-04-16T00:27:46.128787,tpe,lcbench,189865,0,790,1.3695122003555298,"{""OpenML_task_id"": ""168910"", ""batch_size"": 496, ""epoch"": 1, ""learning_rate"": 0.001791367605078387, ""max_dropout"": 0.9346376710875275, ""max_units"": 966, ""momentum"": 0.6316425808537881, ""num_layers"": 1, ""weight_decay"": 0.04710237666357275}","{""time"": 1.3695122003555298, ""val_accuracy"": 58.024505615234375, ""val_cross_entropy"": 0.6489056348800659, ""val_balanced_accuracy"": 0.5868971943855286, ""test_cross_entropy"": 0.6785362958908081, ""test_balanced_accuracy"": 0.5848622918128967}"
2026-04-16T00:27:46.185820,tpe,lcbench,189865,0,791,3.238102674484253,"{""OpenML_task_id"": ""189354"", ""batch_size"": 504, ""epoch"": 2, ""learning_rate"": 0.005448968460122744, ""max_dropout"": 0.8952497862535194, ""max_units"": 941, ""momentum"": 0.10111060842322667, ""num_layers"": 1, ""weight_decay"": 0.05990889028436152}","{""time"": 3.238102674484253, ""val_accuracy"": 63.06987380981445, ""val_cross_entropy"": 0.6101459860801697, ""val_balanced_accuracy"": 0.5982695817947388, ""test_cross_entropy"": 0.6713954210281372, ""test_balanced_accuracy"": 0.6010615229606628}"
2026-04-16T00:27:46.251083,tpe,lcbench,189865,0,792,5.000713348388672,"{""OpenML_task_id"": ""167201"", ""batch_size"": 437, ""epoch"": 3, ""learning_rate"": 0.0032769216474865044, ""max_dropout"": 0.9696056224363607, ""max_units"": 923, ""momentum"": 0.1443076942366072, ""num_layers"": 1, ""weight_decay"": 0.04481389227040689}","{""time"": 5.000713348388672, ""val_accuracy"": 62.41289520263672, ""val_cross_entropy"": 0.6024154424667358, ""val_balanced_accuracy"": 0.5930830240249634, ""test_cross_entropy"": 0.6723675727844238, ""test_balanced_accuracy"": 0.5915048122406006}"
2026-04-16T00:27:46.324177,tpe,lcbench,189865,0,793,1.1603416204452515,"{""OpenML_task_id"": ""167149"", ""batch_size"": 474, ""epoch"": 1, ""learning_rate"": 0.0020541360298561595, ""max_dropout"": 0.9171461448225953, ""max_units"": 823, ""momentum"": 0.18764026515972543, ""num_layers"": 1, ""weight_decay"": 0.05413160407793344}","{""time"": 1.1603416204452515, ""val_accuracy"": 60.06770324707031, ""val_cross_entropy"": 0.6119555830955505, ""val_balanced_accuracy"": 0.5930241942405701, ""test_cross_entropy"": 0.6723055243492126, ""test_balanced_accuracy"": 0.5905218124389648}"
2026-04-16T00:27:46.390426,tpe,lcbench,189865,0,794,0.898181140422821,"{""OpenML_task_id"": ""189866"", ""batch_size"": 487, ""epoch"": 1, ""learning_rate"": 0.002159666437813788, ""max_dropout"": 0.9559953089344394, ""max_units"": 970, ""momentum"": 0.12544273560374267, ""num_layers"": 1, ""weight_decay"": 0.049655862543527954}","{""time"": 0.898181140422821, ""val_accuracy"": 60.117332458496094, ""val_cross_entropy"": 0.5872020125389099, ""val_balanced_accuracy"": 0.6018186211585999, ""test_cross_entropy"": 0.6664369106292725, ""test_balanced_accuracy"": 0.5997011065483093}"
2026-04-16T00:27:46.454742,tpe,lcbench,189865,0,795,6.213902950286865,"{""OpenML_task_id"": ""167161"", ""batch_size"": 467, ""epoch"": 3, ""learning_rate"": 0.005370412795325788, ""max_dropout"": 0.978820326970836, ""max_units"": 885, ""momentum"": 0.16994130311795688, ""num_layers"": 1, ""weight_decay"": 0.052139054137436414}","{""time"": 6.213902950286865, ""val_accuracy"": 64.54780578613281, ""val_cross_entropy"": 0.6044223308563232, ""val_balanced_accuracy"": 0.6047332286834717, ""test_cross_entropy"": 0.6692577004432678, ""test_balanced_accuracy"": 0.603256344795227}"
2026-04-16T00:27:46.513286,tpe,lcbench,189865,0,796,2.66497540473938,"{""OpenML_task_id"": ""167185"", ""batch_size"": 512, ""epoch"": 2, ""learning_rate"": 0.0021524209749072495, ""max_dropout"": 0.9430893202268895, ""max_units"": 950, ""momentum"": 0.32842742938234093, ""num_layers"": 1, ""weight_decay"": 0.05627606932735015}","{""time"": 2.66497540473938, ""val_accuracy"": 60.29716873168945, ""val_cross_entropy"": 0.6438930630683899, ""val_balanced_accuracy"": 0.5895450115203857, ""test_cross_entropy"": 0.6755000352859497, ""test_balanced_accuracy"": 0.5860862135887146}"
2026-04-16T00:27:46.574322,tpe,lcbench,189865,0,797,0.5676916241645813,"{""OpenML_task_id"": ""168329"", ""batch_size"": 341, ""epoch"": 1, ""learning_rate"": 0.0001384071666341549, ""max_dropout"": 0.9677543787741381, ""max_units"": 909, ""momentum"": 0.15035903011358837, ""num_layers"": 1, ""weight_decay"": 0.05356062708523388}","{""time"": 0.5676916241645813, ""val_accuracy"": 55.25006103515625, ""val_cross_entropy"": 0.6053985357284546, ""val_balanced_accuracy"": 0.5550074577331543, ""test_cross_entropy"": 0.6757375001907349, ""test_balanced_accuracy"": 0.5482694506645203}"
2026-04-16T00:27:46.639181,tpe,lcbench,189865,0,798,3.3217709064483643,"{""OpenML_task_id"": ""168329"", ""batch_size"": 332, ""epoch"": 4, ""learning_rate"": 0.00023026807192013548, ""max_dropout"": 0.9344983041275792, ""max_units"": 938, ""momentum"": 0.1546465290973607, ""num_layers"": 1, ""weight_decay"": 0.0533639565648964}","{""time"": 3.3217709064483643, ""val_accuracy"": 56.69301986694336, ""val_cross_entropy"": 0.6335575580596924, ""val_balanced_accuracy"": 0.5626883506774902, ""test_cross_entropy"": 0.6812041997909546, ""test_balanced_accuracy"": 0.5591502785682678}"
2026-04-16T00:27:46.702707,tpe,lcbench,189865,0,799,3.243680715560913,"{""OpenML_task_id"": ""168329"", ""batch_size"": 395, ""epoch"": 2, ""learning_rate"": 0.0038419408850903026, ""max_dropout"": 0.9214873411266179, ""max_units"": 975, ""momentum"": 0.18438476234333634, ""num_layers"": 1, ""weight_decay"": 0.05505732673075701}","{""time"": 3.243680715560913, ""val_accuracy"": 60.01285171508789, ""val_cross_entropy"": 0.6166054606437683, ""val_balanced_accuracy"": 0.592385470867157, ""test_cross_entropy"": 0.6687824726104736, ""test_balanced_accuracy"": 0.5926103591918945}"
2026-04-16T00:27:46.775813,tpe,lcbench,189865,0,800,4.122197151184082,"{""OpenML_task_id"": ""168329"", ""batch_size"": 345, ""epoch"": 1, ""learning_rate"": 0.05173116141644647, ""max_dropout"": 0.9001830853274969, ""max_units"": 323, ""momentum"": 0.16317142747113966, ""num_layers"": 1, ""weight_decay"": 0.052293883393699656}","{""time"": 4.122197151184082, ""val_accuracy"": 60.51157760620117, ""val_cross_entropy"": 0.6619067192077637, ""val_balanced_accuracy"": 0.5720892548561096, ""test_cross_entropy"": 0.674559473991394, ""test_balanced_accuracy"": 0.5782381296157837}"
2026-04-16T00:27:46.840952,tpe,lcbench,189865,0,801,1.9719234704971313,"{""OpenML_task_id"": ""168329"", ""batch_size"": 316, ""epoch"": 3, ""learning_rate"": 0.00011404868547500035, ""max_dropout"": 0.9613476563803895, ""max_units"": 920, ""momentum"": 0.1202798944122873, ""num_layers"": 1, ""weight_decay"": 0.05821426631042263}","{""time"": 1.9719234704971313, ""val_accuracy"": 54.859954833984375, ""val_cross_entropy"": 0.6335914731025696, ""val_balanced_accuracy"": 0.5376506447792053, ""test_cross_entropy"": 0.6793845891952515, ""test_balanced_accuracy"": 0.5349307656288147}"
2026-04-16T00:27:46.901255,tpe,lcbench,189865,0,802,0.9177037477493286,"{""OpenML_task_id"": ""168329"", ""batch_size"": 443, ""epoch"": 1, ""learning_rate"": 0.0018865052345534922, ""max_dropout"": 0.9508202748683577, ""max_units"": 958, ""momentum"": 0.10047008723838673, ""num_layers"": 1, ""weight_decay"": 0.04956747844075402}","{""time"": 0.9177037477493286, ""val_accuracy"": 59.843109130859375, ""val_cross_entropy"": 0.5853410363197327, ""val_balanced_accuracy"": 0.5996187329292297, ""test_cross_entropy"": 0.665847897529602, ""test_balanced_accuracy"": 0.5967082977294922}"
2026-04-16T00:27:46.956879,tpe,lcbench,189865,0,803,16.482784271240234,"{""OpenML_task_id"": ""168329"", ""batch_size"": 362, ""epoch"": 34, ""learning_rate"": 0.00012589188303844758, ""max_dropout"": 0.9723706532118993, ""max_units"": 935, ""momentum"": 0.14532204992297063, ""num_layers"": 1, ""weight_decay"": 0.051658017020256936}","{""time"": 16.482784271240234, ""val_accuracy"": 60.40076446533203, ""val_cross_entropy"": 0.7090494632720947, ""val_balanced_accuracy"": 0.5838591456413269, ""test_cross_entropy"": 0.6797293424606323, ""test_balanced_accuracy"": 0.5814797878265381}"
2026-04-16T00:27:47.015050,tpe,lcbench,189865,0,804,3.2896981239318848,"{""OpenML_task_id"": ""189906"", ""batch_size"": 424, ""epoch"": 2, ""learning_rate"": 0.0035789290662970206, ""max_dropout"": 0.9401586187025833, ""max_units"": 854, ""momentum"": 0.1301702427382994, ""num_layers"": 1, ""weight_decay"": 0.054134391010113594}","{""time"": 3.2896981239318848, ""val_accuracy"": 60.96919631958008, ""val_cross_entropy"": 0.6204578876495361, ""val_balanced_accuracy"": 0.5925798416137695, ""test_cross_entropy"": 0.6693843603134155, ""test_balanced_accuracy"": 0.59205561876297}"
2026-04-16T00:27:47.079296,tpe,lcbench,189865,0,805,7.017117977142334,"{""OpenML_task_id"": ""168329"", ""batch_size"": 383, ""epoch"": 3, ""learning_rate"": 0.0057568507620036815, ""max_dropout"": 0.7907813227822944, ""max_units"": 957, ""momentum"": 0.11823734315933472, ""num_layers"": 1, ""weight_decay"": 0.055769018109030476}","{""time"": 7.017117977142334, ""val_accuracy"": 62.65681457519531, ""val_cross_entropy"": 0.606915295124054, ""val_balanced_accuracy"": 0.6109147667884827, ""test_cross_entropy"": 0.665147066116333, ""test_balanced_accuracy"": 0.6081721782684326}"
2026-04-16T00:27:47.134214,tpe,lcbench,189865,0,806,19.40420150756836,"{""OpenML_task_id"": ""167104"", ""batch_size"": 353, ""epoch"": 11, ""learning_rate"": 0.0032691666159293696, ""max_dropout"": 0.9155584316109396, ""max_units"": 909, ""momentum"": 0.1498120608079097, ""num_layers"": 1, ""weight_decay"": 0.04758740743236342}","{""time"": 19.40420150756836, ""val_accuracy"": 68.92276000976562, ""val_cross_entropy"": 0.6080188751220703, ""val_balanced_accuracy"": 0.6662808656692505, ""test_cross_entropy"": 0.6505478620529175, ""test_balanced_accuracy"": 0.6597567796707153}"
2026-04-16T00:27:47.198671,tpe,lcbench,189865,0,807,1.659562110900879,"{""OpenML_task_id"": ""168910"", ""batch_size"": 372, ""epoch"": 1, ""learning_rate"": 0.0018156205538789442, ""max_dropout"": 0.9649197616147248, ""max_units"": 973, ""momentum"": 0.6747064229066625, ""num_layers"": 1, ""weight_decay"": 0.06073647956602104}","{""time"": 1.659562110900879, ""val_accuracy"": 55.9129524230957, ""val_cross_entropy"": 0.6943323016166687, ""val_balanced_accuracy"": 0.5701807141304016, ""test_cross_entropy"": 0.6857415437698364, ""test_balanced_accuracy"": 0.5670377612113953}"
2026-04-16T00:27:47.266423,tpe,lcbench,189865,0,808,6.749379634857178,"{""OpenML_task_id"": ""167149"", ""batch_size"": 335, ""epoch"": 4, ""learning_rate"": 0.0018425100734697133, ""max_dropout"": 0.9823631744384796, ""max_units"": 882, ""momentum"": 0.16966287170391287, ""num_layers"": 1, ""weight_decay"": 0.05735154077969194}","{""time"": 6.749379634857178, ""val_accuracy"": 61.09340286254883, ""val_cross_entropy"": 0.6121179461479187, ""val_balanced_accuracy"": 0.5908767580986023, ""test_cross_entropy"": 0.6711612939834595, ""test_balanced_accuracy"": 0.5858258008956909}"
2026-04-16T00:27:47.323265,tpe,lcbench,189865,0,809,2.9494473934173584,"{""OpenML_task_id"": ""167201"", ""batch_size"": 456, ""epoch"": 2, ""learning_rate"": 0.004193629958835739, ""max_dropout"": 0.9557232211027317, ""max_units"": 938, ""momentum"": 0.10048731148518852, ""num_layers"": 1, ""weight_decay"": 0.05078249559900152}","{""time"": 2.9494473934173584, ""val_accuracy"": 61.81814956665039, ""val_cross_entropy"": 0.6142995357513428, ""val_balanced_accuracy"": 0.5969519019126892, ""test_cross_entropy"": 0.6677484512329102, ""test_balanced_accuracy"": 0.5972309112548828}"
2026-04-16T00:27:47.379291,tpe,lcbench,189865,0,810,28.745758056640625,"{""OpenML_task_id"": ""168868"", ""batch_size"": 447, ""epoch"": 28, ""learning_rate"": 0.0021751201003093056, ""max_dropout"": 0.9377922465455188, ""max_units"": 924, ""momentum"": 0.13483224575505434, ""num_layers"": 1, ""weight_decay"": 0.05383310069853178}","{""time"": 28.745758056640625, ""val_accuracy"": 69.76726531982422, ""val_cross_entropy"": 0.6012470722198486, ""val_balanced_accuracy"": 0.6743791103363037, ""test_cross_entropy"": 0.6471589803695679, ""test_balanced_accuracy"": 0.6654743552207947}"
2026-04-16T00:27:47.437771,tpe,lcbench,189865,0,811,0.4896012544631958,"{""OpenML_task_id"": ""167168"", ""batch_size"": 402, ""epoch"": 1, ""learning_rate"": 0.00016134717910663607, ""max_dropout"": 0.9754960088353769, ""max_units"": 976, ""momentum"": 0.11812324980488259, ""num_layers"": 1, ""weight_decay"": 0.049128237228019754}","{""time"": 0.4896012544631958, ""val_accuracy"": 55.69061279296875, ""val_cross_entropy"": 0.5835037231445312, ""val_balanced_accuracy"": 0.5651805400848389, ""test_cross_entropy"": 0.6717198491096497, ""test_balanced_accuracy"": 0.5598898530006409}"
2026-04-16T00:27:47.493055,tpe,lcbench,189865,0,812,3.360816240310669,"{""OpenML_task_id"": ""167168"", ""batch_size"": 411, ""epoch"": 2, ""learning_rate"": 0.005627912012309925, ""max_dropout"": 0.9808088050918313, ""max_units"": 951, ""momentum"": 0.11781710559141179, ""num_layers"": 1, ""weight_decay"": 0.048993677228412656}","{""time"": 3.360816240310669, ""val_accuracy"": 61.4177360534668, ""val_cross_entropy"": 0.6044819355010986, ""val_balanced_accuracy"": 0.5963601469993591, ""test_cross_entropy"": 0.6658420562744141, ""test_balanced_accuracy"": 0.5977824926376343}"
2026-04-16T00:27:47.553509,tpe,lcbench,189865,0,813,1.1756807565689087,"{""OpenML_task_id"": ""189865"", ""batch_size"": 402, ""epoch"": 1, ""learning_rate"": 0.003581640446932081, ""max_dropout"": 0.9650336600696019, ""max_units"": 898, ""momentum"": 0.10039260857633792, ""num_layers"": 1, ""weight_decay"": 0.04686545854730734}","{""time"": 1.1756807565689087, ""val_accuracy"": 59.98252487182617, ""val_cross_entropy"": 0.6139172911643982, ""val_balanced_accuracy"": 0.5981064438819885, ""test_cross_entropy"": 0.6676598787307739, ""test_balanced_accuracy"": 0.595607578754425}"
2026-04-16T00:27:47.619718,tpe,lcbench,189865,0,814,4.544721603393555,"{""OpenML_task_id"": ""167168"", ""batch_size"": 402, ""epoch"": 6, ""learning_rate"": 0.00012709259994492136, ""max_dropout"": 0.9812102240731927, ""max_units"": 973, ""momentum"": 0.44393830471332196, ""num_layers"": 1, ""weight_decay"": 0.051725615259012744}","{""time"": 4.544721603393555, ""val_accuracy"": 57.214332580566406, ""val_cross_entropy"": 0.6497821807861328, ""val_balanced_accuracy"": 0.5652473568916321, ""test_cross_entropy"": 0.6855634450912476, ""test_balanced_accuracy"": 0.5617307424545288}"
2026-04-16T00:27:47.681327,tpe,lcbench,189865,0,815,1.66513991355896,"{""OpenML_task_id"": ""167168"", ""batch_size"": 413, ""epoch"": 3, ""learning_rate"": 0.00012213166836185088, ""max_dropout"": 0.9512809674750012, ""max_units"": 919, ""momentum"": 0.11849645709822137, ""num_layers"": 1, ""weight_decay"": 0.049400991448040686}","{""time"": 1.66513991355896, ""val_accuracy"": 56.03915023803711, ""val_cross_entropy"": 0.6274752616882324, ""val_balanced_accuracy"": 0.5536783933639526, ""test_cross_entropy"": 0.6771081686019897, ""test_balanced_accuracy"": 0.5537101030349731}"
2026-04-16T00:27:47.740372,tpe,lcbench,189865,0,816,1.6818735599517822,"{""OpenML_task_id"": ""167168"", ""batch_size"": 416, ""epoch"": 1, ""learning_rate"": 0.0019354594891727236, ""max_dropout"": 0.9664197153291522, ""max_units"": 946, ""momentum"": 0.7143073928264196, ""num_layers"": 1, ""weight_decay"": 0.047634960788436945}","{""time"": 1.6818735599517822, ""val_accuracy"": 56.89244079589844, ""val_cross_entropy"": 0.6867291927337646, ""val_balanced_accuracy"": 0.5759233236312866, ""test_cross_entropy"": 0.6841986179351807, ""test_balanced_accuracy"": 0.5727378129959106}"
2026-04-16T00:27:47.805546,tpe,lcbench,189865,0,817,3.426356315612793,"{""OpenML_task_id"": ""167168"", ""batch_size"": 373, ""epoch"": 2, ""learning_rate"": 0.003712394333788091, ""max_dropout"": 0.9266474086269669, ""max_units"": 874, ""momentum"": 0.1151266825697915, ""num_layers"": 1, ""weight_decay"": 0.06644708012500752}","{""time"": 3.426356315612793, ""val_accuracy"": 60.40306854248047, ""val_cross_entropy"": 0.6118117570877075, ""val_balanced_accuracy"": 0.592024028301239, ""test_cross_entropy"": 0.668735146522522, ""test_balanced_accuracy"": 0.593136191368103}"
2026-04-16T00:27:47.879464,tpe,lcbench,189865,0,818,1.8436322212219238,"{""OpenML_task_id"": ""7593"", ""batch_size"": 437, ""epoch"": 3, ""learning_rate"": 0.00017884541419749896, ""max_dropout"": 0.9996570263026969, ""max_units"": 957, ""momentum"": 0.12863533644285516, ""num_layers"": 1, ""weight_decay"": 0.04552026963656225}","{""time"": 1.8436322212219238, ""val_accuracy"": 56.59653854370117, ""val_cross_entropy"": 0.6127735376358032, ""val_balanced_accuracy"": 0.5632638931274414, ""test_cross_entropy"": 0.6751076579093933, ""test_balanced_accuracy"": 0.5617617964744568}"
2026-04-16T00:27:47.942859,tpe,lcbench,189865,0,819,8.014164924621582,"{""OpenML_task_id"": ""167168"", ""batch_size"": 425, ""epoch"": 5, ""learning_rate"": 0.002080259776514799, ""max_dropout"": 0.94762036492516, ""max_units"": 908, ""momentum"": 0.11664009624814276, ""num_layers"": 1, ""weight_decay"": 0.052785476038265736}","{""time"": 8.014164924621582, ""val_accuracy"": 64.25238800048828, ""val_cross_entropy"": 0.6006942391395569, ""val_balanced_accuracy"": 0.6035256385803223, ""test_cross_entropy"": 0.6729754209518433, ""test_balanced_accuracy"": 0.5985549092292786}"
2026-04-16T00:27:48.002648,tpe,lcbench,189865,0,820,1.1770752668380737,"{""OpenML_task_id"": ""189906"", ""batch_size"": 377, ""epoch"": 1, ""learning_rate"": 0.0055772264598583764, ""max_dropout"": 0.9809601207359295, ""max_units"": 978, ""momentum"": 0.10059450182483211, ""num_layers"": 1, ""weight_decay"": 0.05028421771859584}","{""time"": 1.1770752668380737, ""val_accuracy"": 60.022464752197266, ""val_cross_entropy"": 0.6206520795822144, ""val_balanced_accuracy"": 0.597686767578125, ""test_cross_entropy"": 0.6637206077575684, ""test_balanced_accuracy"": 0.5961974859237671}"
2026-04-16T00:27:48.075055,tpe,lcbench,189865,0,821,7.473109722137451,"{""OpenML_task_id"": ""168330"", ""batch_size"": 423, ""epoch"": 2, ""learning_rate"": 0.03322877143616344, ""max_dropout"": 0.914087643649697, ""max_units"": 932, ""momentum"": 0.13113035918498808, ""num_layers"": 1, ""weight_decay"": 0.05504712613540029}","{""time"": 7.473109722137451, ""val_accuracy"": 65.4813003540039, ""val_cross_entropy"": 0.6286457180976868, ""val_balanced_accuracy"": 0.6293702125549316, ""test_cross_entropy"": 0.6509208679199219, ""test_balanced_accuracy"": 0.629773736000061}"
2026-04-16T00:27:48.131595,tpe,lcbench,189865,0,822,1.075278878211975,"{""OpenML_task_id"": ""167168"", ""batch_size"": 429, ""epoch"": 1, ""learning_rate"": 0.0035314456189699285, ""max_dropout"": 0.9633036565168114, ""max_units"": 960, ""momentum"": 0.13692057239677458, ""num_layers"": 1, ""weight_decay"": 0.05185005591508023}","{""time"": 1.075278878211975, ""val_accuracy"": 59.88193130493164, ""val_cross_entropy"": 0.6081905364990234, ""val_balanced_accuracy"": 0.600350022315979, ""test_cross_entropy"": 0.6663702726364136, ""test_balanced_accuracy"": 0.5983163714408875}"
2026-04-16T00:27:48.183674,tpe,lcbench,189865,0,823,2.3177521228790283,"{""OpenML_task_id"": ""3945"", ""batch_size"": 433, ""epoch"": 2, ""learning_rate"": 0.0017886317862839893, ""max_dropout"": 0.9806295410646773, ""max_units"": 896, ""momentum"": 0.11537374121041158, ""num_layers"": 1, ""weight_decay"": 0.056574449723893076}","{""time"": 2.3177521228790283, ""val_accuracy"": 60.15071105957031, ""val_cross_entropy"": 0.6163526773452759, ""val_balanced_accuracy"": 0.5936070084571838, ""test_cross_entropy"": 0.6698595881462097, ""test_balanced_accuracy"": 0.590557873249054}"
2026-04-16T00:27:48.247250,tpe,lcbench,189865,0,824,4.455475807189941,"{""OpenML_task_id"": ""167184"", ""batch_size"": 396, ""epoch"": 3, ""learning_rate"": 0.002050092488071779, ""max_dropout"": 0.9364765718703008, ""max_units"": 931, ""momentum"": 0.13940971524662718, ""num_layers"": 1, ""weight_decay"": 0.059169325997972505}","{""time"": 4.455475807189941, ""val_accuracy"": 60.864158630371094, ""val_cross_entropy"": 0.6124303340911865, ""val_balanced_accuracy"": 0.587403416633606, ""test_cross_entropy"": 0.6727288365364075, ""test_balanced_accuracy"": 0.5856772065162659}"
2026-04-16T00:27:48.319041,tpe,lcbench,189865,0,825,1.2412209510803223,"{""OpenML_task_id"": ""168329"", ""batch_size"": 448, ""epoch"": 1, ""learning_rate"": 0.00553117770222667, ""max_dropout"": 0.9682165408987371, ""max_units"": 851, ""momentum"": 0.11563517218257215, ""num_layers"": 1, ""weight_decay"": 0.04893862775920159}","{""time"": 1.2412209510803223, ""val_accuracy"": 61.10575485229492, ""val_cross_entropy"": 0.6160042881965637, ""val_balanced_accuracy"": 0.5991340279579163, ""test_cross_entropy"": 0.6668972373008728, ""test_balanced_accuracy"": 0.5976194739341736}"
2026-04-16T00:27:48.379479,tpe,lcbench,189865,0,826,6.40076208114624,"{""OpenML_task_id"": ""189908"", ""batch_size"": 391, ""epoch"": 4, ""learning_rate"": 0.0017911125602617921, ""max_dropout"": 0.832487732916034, ""max_units"": 980, ""momentum"": 0.14971132370063658, ""num_layers"": 1, ""weight_decay"": 0.04572325779829842}","{""time"": 6.40076208114624, ""val_accuracy"": 61.016658782958984, ""val_cross_entropy"": 0.6161944270133972, ""val_balanced_accuracy"": 0.5899409651756287, ""test_cross_entropy"": 0.6746991872787476, ""test_balanced_accuracy"": 0.5857363939285278}"
2026-04-16T00:27:48.440611,tpe,lcbench,189865,0,827,3.1948742866516113,"{""OpenML_task_id"": ""168910"", ""batch_size"": 402, ""epoch"": 2, ""learning_rate"": 0.0036982236629063987, ""max_dropout"": 0.9018540180837235, ""max_units"": 945, ""momentum"": 0.1286408096057156, ""num_layers"": 1, ""weight_decay"": 0.05380920492456118}","{""time"": 3.1948742866516113, ""val_accuracy"": 60.529239654541016, ""val_cross_entropy"": 0.6150804758071899, ""val_balanced_accuracy"": 0.5942391157150269, ""test_cross_entropy"": 0.6687695980072021, ""test_balanced_accuracy"": 0.5945973992347717}"
2026-04-16T00:27:48.507653,tpe,lcbench,189865,0,828,0.5704805850982666,"{""OpenML_task_id"": ""167201"", ""batch_size"": 458, ""epoch"": 1, ""learning_rate"": 0.0002514431753998722, ""max_dropout"": 0.9457409288074637, ""max_units"": 915, ""momentum"": 0.10081032055579447, ""num_layers"": 1, ""weight_decay"": 0.043873813354475655}","{""time"": 0.5704805850982666, ""val_accuracy"": 57.00421142578125, ""val_cross_entropy"": 0.5722002387046814, ""val_balanced_accuracy"": 0.5730022192001343, ""test_cross_entropy"": 0.6699245572090149, ""test_balanced_accuracy"": 0.5690985918045044}"
2026-04-16T00:27:48.572642,tpe,lcbench,189865,0,829,2.03328013420105,"{""OpenML_task_id"": ""167201"", ""batch_size"": 385, ""epoch"": 3, ""learning_rate"": 0.00015677745868559974, ""max_dropout"": 0.9290431689150621, ""max_units"": 871, ""momentum"": 0.10044625567361844, ""num_layers"": 1, ""weight_decay"": 0.04388855296768606}","{""time"": 2.03328013420105, ""val_accuracy"": 56.32419204711914, ""val_cross_entropy"": 0.6284894943237305, ""val_balanced_accuracy"": 0.5576730370521545, ""test_cross_entropy"": 0.677692174911499, ""test_balanced_accuracy"": 0.5557447075843811}"
2026-04-16T00:27:48.638762,tpe,lcbench,189865,0,830,0.5370132923126221,"{""OpenML_task_id"": ""167201"", ""batch_size"": 460, ""epoch"": 1, ""learning_rate"": 0.00012496884555963442, ""max_dropout"": 0.945272200417727, ""max_units"": 882, ""momentum"": 0.3033557104341321, ""num_layers"": 1, ""weight_decay"": 0.04379008928796396}","{""time"": 0.5370132923126221, ""val_accuracy"": 55.913700103759766, ""val_cross_entropy"": 0.5983883142471313, ""val_balanced_accuracy"": 0.566928505897522, ""test_cross_entropy"": 0.6779178380966187, ""test_balanced_accuracy"": 0.562838613986969}"
2026-04-16T00:27:48.697499,tpe,lcbench,189865,0,831,1.4378412961959839,"{""OpenML_task_id"": ""167201"", ""batch_size"": 450, ""epoch"": 1, ""learning_rate"": 0.0036023164895977794, ""max_dropout"": 0.9256808068124728, ""max_units"": 860, ""momentum"": 0.34757917575716524, ""num_layers"": 1, ""weight_decay"": 0.04494436791134347}","{""time"": 1.4378412961959839, ""val_accuracy"": 59.46898651123047, ""val_cross_entropy"": 0.644369900226593, ""val_balanced_accuracy"": 0.5896922945976257, ""test_cross_entropy"": 0.6741670966148376, ""test_balanced_accuracy"": 0.586089551448822}"
2026-04-16T00:27:48.762281,tpe,lcbench,189865,0,832,0.6220759749412537,"{""OpenML_task_id"": ""167201"", ""batch_size"": 454, ""epoch"": 1, ""learning_rate"": 0.00014846781457837906, ""max_dropout"": 0.8655205066045983, ""max_units"": 831, ""momentum"": 0.3137112148449343, ""num_layers"": 1, ""weight_decay"": 0.0471436117564002}","{""time"": 0.6220759749412537, ""val_accuracy"": 56.49009323120117, ""val_cross_entropy"": 0.5963793992996216, ""val_balanced_accuracy"": 0.5660328269004822, ""test_cross_entropy"": 0.6789203882217407, ""test_balanced_accuracy"": 0.5616161227226257}"
2026-04-16T00:27:48.827337,tpe,lcbench,189865,0,833,3.185112953186035,"{""OpenML_task_id"": ""167201"", ""batch_size"": 459, ""epoch"": 2, ""learning_rate"": 0.0019566556775547908, ""max_dropout"": 0.885608756482672, ""max_units"": 825, ""momentum"": 0.3086555428223622, ""num_layers"": 1, ""weight_decay"": 0.04695714448653916}","{""time"": 3.185112953186035, ""val_accuracy"": 59.81538009643555, ""val_cross_entropy"": 0.6320069432258606, ""val_balanced_accuracy"": 0.5896068215370178, ""test_cross_entropy"": 0.6738762855529785, ""test_balanced_accuracy"": 0.5851925611495972}"
2026-04-16T00:27:48.887582,tpe,lcbench,189865,0,834,12.919912338256836,"{""OpenML_task_id"": ""167201"", ""batch_size"": 455, ""epoch"": 4, ""learning_rate"": 0.05779862438201752, ""max_dropout"": 0.8929242444965644, ""max_units"": 834, ""momentum"": 0.4055300851512121, ""num_layers"": 1, ""weight_decay"": 0.06142376132646133}","{""time"": 12.919912338256836, ""val_accuracy"": 83.40338134765625, ""val_cross_entropy"": 0.4272536039352417, ""val_balanced_accuracy"": 0.8383792042732239, ""test_cross_entropy"": 0.5653672218322754, ""test_balanced_accuracy"": 0.8397731781005859}"
2026-04-16T00:27:48.956207,tpe,lcbench,189865,0,835,0.5635082125663757,"{""OpenML_task_id"": ""167201"", ""batch_size"": 440, ""epoch"": 1, ""learning_rate"": 0.00013812033108393253, ""max_dropout"": 0.904520025021852, ""max_units"": 849, ""momentum"": 0.3065993945352857, ""num_layers"": 1, ""weight_decay"": 0.06302825515312446}","{""time"": 0.5635082125663757, ""val_accuracy"": 56.061279296875, ""val_cross_entropy"": 0.5940868258476257, ""val_balanced_accuracy"": 0.5647150278091431, ""test_cross_entropy"": 0.6790563464164734, ""test_balanced_accuracy"": 0.5601900219917297}"
2026-04-16T00:27:49.018769,tpe,lcbench,189865,0,836,1.697212815284729,"{""OpenML_task_id"": ""167201"", ""batch_size"": 439, ""epoch"": 3, ""learning_rate"": 0.0001356123283165117, ""max_dropout"": 0.9061909193827441, ""max_units"": 848, ""momentum"": 0.11569564995737595, ""num_layers"": 1, ""weight_decay"": 0.0635331478444263}","{""time"": 1.697212815284729, ""val_accuracy"": 56.744728088378906, ""val_cross_entropy"": 0.6267292499542236, ""val_balanced_accuracy"": 0.5589498281478882, ""test_cross_entropy"": 0.6794571876525879, ""test_balanced_accuracy"": 0.559403121471405}"
2026-04-16T00:27:49.094274,tpe,lcbench,189865,0,837,4.580977916717529,"{""OpenML_task_id"": ""167201"", ""batch_size"": 434, ""epoch"": 2, ""learning_rate"": 0.005777343468530769, ""max_dropout"": 0.8663274079599909, ""max_units"": 800, ""momentum"": 0.25676734927692046, ""num_layers"": 1, ""weight_decay"": 0.05927617569396697}","{""time"": 4.580977916717529, ""val_accuracy"": 60.974891662597656, ""val_cross_entropy"": 0.6215471029281616, ""val_balanced_accuracy"": 0.5920974016189575, ""test_cross_entropy"": 0.6724668741226196, ""test_balanced_accuracy"": 0.5932923555374146}"
2026-04-16T00:27:49.216248,tpe,lcbench,189865,0,838,1.4685195684432983,"{""OpenML_task_id"": ""167201"", ""batch_size"": 442, ""epoch"": 1, ""learning_rate"": 0.00386973275124937, ""max_dropout"": 0.900067067473786, ""max_units"": 862, ""momentum"": 0.36983718100461943, ""num_layers"": 1, ""weight_decay"": 0.06189487757701408}","{""time"": 1.4685195684432983, ""val_accuracy"": 59.316280364990234, ""val_cross_entropy"": 0.6497082114219666, ""val_balanced_accuracy"": 0.5889032483100891, ""test_cross_entropy"": 0.6733496189117432, ""test_balanced_accuracy"": 0.585947573184967}"
2026-04-16T00:27:49.280000,tpe,lcbench,189865,0,839,2.434887647628784,"{""OpenML_task_id"": ""167201"", ""batch_size"": 443, ""epoch"": 2, ""learning_rate"": 0.0019459860220544503, ""max_dropout"": 0.907227458958878, ""max_units"": 880, ""momentum"": 0.10028925486983088, ""num_layers"": 1, ""weight_decay"": 0.06421056288513026}","{""time"": 2.434887647628784, ""val_accuracy"": 60.47454071044922, ""val_cross_entropy"": 0.6164595484733582, ""val_balanced_accuracy"": 0.5928613543510437, ""test_cross_entropy"": 0.6705527305603027, ""test_balanced_accuracy"": 0.590654730796814}"
2026-04-16T00:27:49.336028,tpe,lcbench,189865,0,840,11.92844295501709,"{""OpenML_task_id"": ""167201"", ""batch_size"": 462, ""epoch"": 3, ""learning_rate"": 0.06495485291381886, ""max_dropout"": 0.9188559041814917, ""max_units"": 849, ""momentum"": 0.3444995381612716, ""num_layers"": 1, ""weight_decay"": 0.06307166229038291}","{""time"": 11.92844295501709, ""val_accuracy"": 80.86447143554688, ""val_cross_entropy"": 0.4764319658279419, ""val_balanced_accuracy"": 0.8114945888519287, ""test_cross_entropy"": 0.5866376161575317, ""test_balanced_accuracy"": 0.8141658306121826}"
2026-04-16T00:27:49.397717,tpe,lcbench,189865,0,841,20.617389678955078,"{""OpenML_task_id"": ""167190"", ""batch_size"": 431, ""epoch"": 14, ""learning_rate"": 0.0035842759270594796, ""max_dropout"": 0.9419778336504847, ""max_units"": 880, ""momentum"": 0.28346286150787287, ""num_layers"": 1, ""weight_decay"": 0.060992244955150945}","{""time"": 20.617389678955078, ""val_accuracy"": 71.74834442138672, ""val_cross_entropy"": 0.5913863182067871, ""val_balanced_accuracy"": 0.6928343772888184, ""test_cross_entropy"": 0.6407716274261475, ""test_balanced_accuracy"": 0.6852904558181763}"
2026-04-16T00:27:49.463274,tpe,lcbench,189865,0,842,1.3444117307662964,"{""OpenML_task_id"": ""167201"", ""batch_size"": 442, ""epoch"": 1, ""learning_rate"": 0.002484725566024552, ""max_dropout"": 0.9356388452504188, ""max_units"": 875, ""momentum"": 0.36714762056476985, ""num_layers"": 1, ""weight_decay"": 0.06491876836616499}","{""time"": 1.3444117307662964, ""val_accuracy"": 58.824039459228516, ""val_cross_entropy"": 0.640821635723114, ""val_balanced_accuracy"": 0.5863500833511353, ""test_cross_entropy"": 0.675275444984436, ""test_balanced_accuracy"": 0.583487331867218}"
2026-04-16T00:27:49.517156,tpe,lcbench,189865,0,843,3.5727756023406982,"{""OpenML_task_id"": ""167201"", ""batch_size"": 451, ""epoch"": 2, ""learning_rate"": 0.005759432398442228, ""max_dropout"": 0.9175149376894457, ""max_units"": 892, ""momentum"": 0.10068268569592492, ""num_layers"": 1, ""weight_decay"": 0.061998577417207795}","{""time"": 3.5727756023406982, ""val_accuracy"": 62.248355865478516, ""val_cross_entropy"": 0.6122679710388184, ""val_balanced_accuracy"": 0.5953826904296875, ""test_cross_entropy"": 0.6699875593185425, ""test_balanced_accuracy"": 0.5985537767410278}"
2026-04-16T00:27:49.578397,tpe,lcbench,189865,0,844,1.384851336479187,"{""OpenML_task_id"": ""167201"", ""batch_size"": 462, ""epoch"": 1, ""learning_rate"": 0.0018079532701190365, ""max_dropout"": 0.9461907401107505, ""max_units"": 862, ""momentum"": 0.4576440607661809, ""num_layers"": 1, ""weight_decay"": 0.058900879624293426}","{""time"": 1.384851336479187, ""val_accuracy"": 58.424964904785156, ""val_cross_entropy"": 0.6422797441482544, ""val_balanced_accuracy"": 0.5820257067680359, ""test_cross_entropy"": 0.6792001724243164, ""test_balanced_accuracy"": 0.5790371298789978}"
2026-04-16T00:27:49.644467,tpe,lcbench,189865,0,845,42.399017333984375,"{""OpenML_task_id"": ""167201"", ""batch_size"": 410, ""epoch"": 37, ""learning_rate"": 0.0019328551127622989, ""max_dropout"": 0.8767732058358575, ""max_units"": 843, ""momentum"": 0.4252670981529009, ""num_layers"": 1, ""weight_decay"": 0.05694464689113629}","{""time"": 42.399017333984375, ""val_accuracy"": 73.4435043334961, ""val_cross_entropy"": 0.5839393734931946, ""val_balanced_accuracy"": 0.728438138961792, ""test_cross_entropy"": 0.6284273266792297, ""test_balanced_accuracy"": 0.7206577658653259}"
2026-04-16T00:27:49.700389,tpe,lcbench,189865,0,846,6.4802470207214355,"{""OpenML_task_id"": ""167201"", ""batch_size"": 420, ""epoch"": 3, ""learning_rate"": 0.0040971905363185014, ""max_dropout"": 0.9462224885420294, ""max_units"": 888, ""momentum"": 0.3031033042987527, ""num_layers"": 1, ""weight_decay"": 0.06437860833653392}","{""time"": 6.4802470207214355, ""val_accuracy"": 61.81720733642578, ""val_cross_entropy"": 0.6162427067756653, ""val_balanced_accuracy"": 0.5956166982650757, ""test_cross_entropy"": 0.671980619430542, ""test_balanced_accuracy"": 0.5934858918190002}"
2026-04-16T00:27:49.764492,tpe,lcbench,189865,0,847,3.883742570877075,"{""OpenML_task_id"": ""167201"", ""batch_size"": 467, ""epoch"": 5, ""learning_rate"": 0.00017583505592468898, ""max_dropout"": 0.8883632867678359, ""max_units"": 901, ""momentum"": 0.32424823735027947, ""num_layers"": 1, ""weight_decay"": 0.06002911586389389}","{""time"": 3.883742570877075, ""val_accuracy"": 58.549461364746094, ""val_cross_entropy"": 0.644506573677063, ""val_balanced_accuracy"": 0.5686841011047363, ""test_cross_entropy"": 0.6857120990753174, ""test_balanced_accuracy"": 0.566573977470398}"
2026-04-16T00:27:49.826513,tpe,lcbench,189865,0,848,1.126874327659607,"{""OpenML_task_id"": ""167201"", ""batch_size"": 448, ""epoch"": 1, ""learning_rate"": 0.0020568421653810887, ""max_dropout"": 0.9240441025050117, ""max_units"": 821, ""momentum"": 0.11272529195402281, ""num_layers"": 1, ""weight_decay"": 0.04994452006947786}","{""time"": 1.126874327659607, ""val_accuracy"": 60.38429260253906, ""val_cross_entropy"": 0.6038047671318054, ""val_balanced_accuracy"": 0.5959928035736084, ""test_cross_entropy"": 0.6699824333190918, ""test_balanced_accuracy"": 0.5933217406272888}"
2026-04-16T00:27:49.885323,tpe,lcbench,189865,0,849,2.295440673828125,"{""OpenML_task_id"": ""167201"", ""batch_size"": 434, ""epoch"": 4, ""learning_rate"": 0.00013455808065005376, ""max_dropout"": 0.9547663094095942, ""max_units"": 870, ""momentum"": 0.11356313054290572, ""num_layers"": 1, ""weight_decay"": 0.057118666788603306}","{""time"": 2.295440673828125, ""val_accuracy"": 56.60765838623047, ""val_cross_entropy"": 0.6369784474372864, ""val_balanced_accuracy"": 0.5588858723640442, ""test_cross_entropy"": 0.679725170135498, ""test_balanced_accuracy"": 0.558833658695221}"
2026-04-16T00:27:49.943299,tpe,lcbench,189865,0,850,0.9023645520210266,"{""OpenML_task_id"": ""189909"", ""batch_size"": 457, ""epoch"": 2, ""learning_rate"": 0.00013111650532571494, ""max_dropout"": 0.9576588667141391, ""max_units"": 884, ""momentum"": 0.1016316113317169, ""num_layers"": 1, ""weight_decay"": 0.05489923940832705}","{""time"": 0.9023645520210266, ""val_accuracy"": 56.782623291015625, ""val_cross_entropy"": 0.5951812267303467, ""val_balanced_accuracy"": 0.5682145953178406, ""test_cross_entropy"": 0.6711702346801758, ""test_balanced_accuracy"": 0.5677379369735718}"
2026-04-16T00:27:50.002285,tpe,lcbench,189865,0,851,0.3766491413116455,"{""OpenML_task_id"": ""167152"", ""batch_size"": 472, ""epoch"": 1, ""learning_rate"": 0.00011376333688162416, ""max_dropout"": 0.8441086865038735, ""max_units"": 904, ""momentum"": 0.11434407265829895, ""num_layers"": 1, ""weight_decay"": 0.05101569348410487}","{""time"": 0.3766491413116455, ""val_accuracy"": 57.515113830566406, ""val_cross_entropy"": 0.5626015067100525, ""val_balanced_accuracy"": 0.5940544009208679, ""test_cross_entropy"": 0.6703452467918396, ""test_balanced_accuracy"": 0.589963436126709}"
2026-04-16T00:27:50.071788,tpe,lcbench,189865,0,852,3.286909341812134,"{""OpenML_task_id"": ""168329"", ""batch_size"": 464, ""epoch"": 2, ""learning_rate"": 0.00407865967836955, ""max_dropout"": 0.8690754975055951, ""max_units"": 902, ""momentum"": 0.12173422201730036, ""num_layers"": 1, ""weight_decay"": 0.05160406569002554}","{""time"": 3.286909341812134, ""val_accuracy"": 61.646358489990234, ""val_cross_entropy"": 0.6248230934143066, ""val_balanced_accuracy"": 0.5947709083557129, ""test_cross_entropy"": 0.6707738637924194, ""test_balanced_accuracy"": 0.5951204299926758}"
2026-04-16T00:27:50.131459,tpe,lcbench,189865,0,853,10.6036958694458,"{""OpenML_task_id"": ""146212"", ""batch_size"": 451, ""epoch"": 3, ""learning_rate"": 0.02666531167171153, ""max_dropout"": 0.8902820814337467, ""max_units"": 899, ""momentum"": 0.12418916227304086, ""num_layers"": 1, ""weight_decay"": 0.048750244763094024}","{""time"": 10.6036958694458, ""val_accuracy"": 69.94780731201172, ""val_cross_entropy"": 0.5813981890678406, ""val_balanced_accuracy"": 0.6804764270782471, ""test_cross_entropy"": 0.6371736526489258, ""test_balanced_accuracy"": 0.678230881690979}"
2026-04-16T00:27:50.205028,tpe,lcbench,189865,0,854,1.3039721250534058,"{""OpenML_task_id"": ""34539"", ""batch_size"": 469, ""epoch"": 1, ""learning_rate"": 0.0054972155410996214, ""max_dropout"": 0.8458937046202005, ""max_units"": 863, ""momentum"": 0.11349614780761311, ""num_layers"": 1, ""weight_decay"": 0.0509890992496661}","{""time"": 1.3039721250534058, ""val_accuracy"": 61.122657775878906, ""val_cross_entropy"": 0.6151760816574097, ""val_balanced_accuracy"": 0.602774441242218, ""test_cross_entropy"": 0.6661427021026611, ""test_balanced_accuracy"": 0.6012438535690308}"
2026-04-16T00:27:50.270882,tpe,lcbench,189865,0,855,1.1073517799377441,"{""OpenML_task_id"": ""126026"", ""batch_size"": 440, ""epoch"": 1, ""learning_rate"": 0.00207129897333089, ""max_dropout"": 0.8584079353334615, ""max_units"": 908, ""momentum"": 0.1245680549999998, ""num_layers"": 1, ""weight_decay"": 0.05290462046553864}","{""time"": 1.1073517799377441, ""val_accuracy"": 59.928436279296875, ""val_cross_entropy"": 0.5987171530723572, ""val_balanced_accuracy"": 0.5994231700897217, ""test_cross_entropy"": 0.6680954098701477, ""test_balanced_accuracy"": 0.5963373780250549}"
2026-04-16T00:27:50.347201,tpe,lcbench,189865,0,856,8.651437759399414,"{""OpenML_task_id"": ""167152"", ""batch_size"": 459, ""epoch"": 4, ""learning_rate"": 0.0034944827557346547, ""max_dropout"": 0.9041287006808538, ""max_units"": 884, ""momentum"": 0.2755506469297937, ""num_layers"": 1, ""weight_decay"": 0.047667809549059525}","{""time"": 8.651437759399414, ""val_accuracy"": 63.33774185180664, ""val_cross_entropy"": 0.6122279167175293, ""val_balanced_accuracy"": 0.6036730408668518, ""test_cross_entropy"": 0.671812891960144, ""test_balanced_accuracy"": 0.5993614792823792}"
2026-04-16T00:27:50.404583,tpe,lcbench,189865,0,857,1.3416228294372559,"{""OpenML_task_id"": ""189906"", ""batch_size"": 474, ""epoch"": 2, ""learning_rate"": 0.00017075342193342602, ""max_dropout"": 0.8513458785679852, ""max_units"": 911, ""momentum"": 0.2952524715564893, ""num_layers"": 1, ""weight_decay"": 0.04553603040292141}","{""time"": 1.3416228294372559, ""val_accuracy"": 56.91295623779297, ""val_cross_entropy"": 0.6148996353149414, ""val_balanced_accuracy"": 0.5626518726348877, ""test_cross_entropy"": 0.6781108379364014, ""test_balanced_accuracy"": 0.5613901615142822}"
2026-04-16T00:27:50.464767,tpe,lcbench,189865,0,858,3.3845221996307373,"{""OpenML_task_id"": ""167152"", ""batch_size"": 430, ""epoch"": 2, ""learning_rate"": 0.002108126984489107, ""max_dropout"": 0.9191680356499663, ""max_units"": 853, ""momentum"": 0.38117270121627855, ""num_layers"": 1, ""weight_decay"": 0.06862398291595531}","{""time"": 3.3845221996307373, ""val_accuracy"": 58.98189163208008, ""val_cross_entropy"": 0.6384972333908081, ""val_balanced_accuracy"": 0.5851646661758423, ""test_cross_entropy"": 0.6741604804992676, ""test_balanced_accuracy"": 0.5816506147384644}"
2026-04-16T00:27:50.535052,tpe,lcbench,189865,0,859,5.525034427642822,"{""OpenML_task_id"": ""167152"", ""batch_size"": 448, ""epoch"": 3, ""learning_rate"": 0.0034972909716683345, ""max_dropout"": 0.8829478783887743, ""max_units"": 889, ""momentum"": 0.13143063273603353, ""num_layers"": 1, ""weight_decay"": 0.050122724086348186}","{""time"": 5.525034427642822, ""val_accuracy"": 62.48876953125, ""val_cross_entropy"": 0.6048179864883423, ""val_balanced_accuracy"": 0.5945599675178528, ""test_cross_entropy"": 0.6743220090866089, ""test_balanced_accuracy"": 0.5924973487854004}"
2026-04-16T00:27:50.599249,tpe,lcbench,189865,0,860,1.18683660030365,"{""OpenML_task_id"": ""167168"", ""batch_size"": 468, ""epoch"": 1, ""learning_rate"": 0.005889493675923404, ""max_dropout"": 0.9360639925383096, ""max_units"": 873, ""momentum"": 0.10048637049184758, ""num_layers"": 1, ""weight_decay"": 0.055080414446237215}","{""time"": 1.18683660030365, ""val_accuracy"": 61.35498046875, ""val_cross_entropy"": 0.6098490357398987, ""val_balanced_accuracy"": 0.6024376749992371, ""test_cross_entropy"": 0.6648736000061035, ""test_balanced_accuracy"": 0.6018714308738708}"
2026-04-16T00:27:50.664747,tpe,lcbench,189865,0,861,0.9762715101242065,"{""OpenML_task_id"": ""167152"", ""batch_size"": 455, ""epoch"": 1, ""learning_rate"": 0.0021638672889941965, ""max_dropout"": 0.9121070920479779, ""max_units"": 917, ""momentum"": 0.11636546584985141, ""num_layers"": 1, ""weight_decay"": 0.06681299888485559}","{""time"": 0.9762715101242065, ""val_accuracy"": 59.91952133178711, ""val_cross_entropy"": 0.5913863182067871, ""val_balanced_accuracy"": 0.599484920501709, ""test_cross_entropy"": 0.667101263999939, ""test_balanced_accuracy"": 0.5970897078514099}"
2026-04-16T00:27:50.721964,tpe,lcbench,189865,0,862,4.600500583648682,"{""OpenML_task_id"": ""167201"", ""batch_size"": 476, ""epoch"": 3, ""learning_rate"": 0.001867394353442213, ""max_dropout"": 0.8026341673450512, ""max_units"": 839, ""momentum"": 0.10030932197643153, ""num_layers"": 1, ""weight_decay"": 0.05285111430491181}","{""time"": 4.600500583648682, ""val_accuracy"": 62.68538284301758, ""val_cross_entropy"": 0.6232765316963196, ""val_balanced_accuracy"": 0.5940272212028503, ""test_cross_entropy"": 0.6750088930130005, ""test_balanced_accuracy"": 0.5906941890716553}"
2026-04-16T00:27:50.784057,tpe,lcbench,189865,0,863,24.022686004638672,"{""OpenML_task_id"": ""189905"", ""batch_size"": 461, ""epoch"": 18, ""learning_rate"": 0.004153537012242879, ""max_dropout"": 0.9315217632516569, ""max_units"": 911, ""momentum"": 0.49745681177845924, ""num_layers"": 1, ""weight_decay"": 0.04903349973254098}","{""time"": 24.022686004638672, ""val_accuracy"": 77.24049377441406, ""val_cross_entropy"": 0.5467324256896973, ""val_balanced_accuracy"": 0.76210618019104, ""test_cross_entropy"": 0.6124213933944702, ""test_balanced_accuracy"": 0.7558379769325256}"
2026-04-16T00:27:50.848993,tpe,lcbench,189865,0,864,2.490666627883911,"{""OpenML_task_id"": ""167152"", ""batch_size"": 421, ""epoch"": 2, ""learning_rate"": 0.0018732560696301985, ""max_dropout"": 0.9508796838268675, ""max_units"": 894, ""momentum"": 0.13192544632906153, ""num_layers"": 1, ""weight_decay"": 0.05854561170215182}","{""time"": 2.490666627883911, ""val_accuracy"": 59.79005813598633, ""val_cross_entropy"": 0.6194487810134888, ""val_balanced_accuracy"": 0.5914924144744873, ""test_cross_entropy"": 0.6704574823379517, ""test_balanced_accuracy"": 0.5883486270904541}"
2026-04-16T00:27:50.915934,tpe,lcbench,189865,0,865,1.1115351915359497,"{""OpenML_task_id"": ""167152"", ""batch_size"": 444, ""epoch"": 1, ""learning_rate"": 0.0019198783695831493, ""max_dropout"": 0.9713448105045112, ""max_units"": 812, ""momentum"": 0.132966643202339, ""num_layers"": 1, ""weight_decay"": 0.051507108623175986}","{""time"": 1.1115351915359497, ""val_accuracy"": 60.15357971191406, ""val_cross_entropy"": 0.6054365634918213, ""val_balanced_accuracy"": 0.5925696492195129, ""test_cross_entropy"": 0.6710216999053955, ""test_balanced_accuracy"": 0.5897778272628784}"
2026-04-16T00:27:50.980738,tpe,lcbench,189865,0,866,0.912125825881958,"{""OpenML_task_id"": ""189866"", ""batch_size"": 473, ""epoch"": 2, ""learning_rate"": 0.00012860239269023657, ""max_dropout"": 0.8969346244496927, ""max_units"": 872, ""momentum"": 0.11440246735156667, ""num_layers"": 1, ""weight_decay"": 0.05596411986031056}","{""time"": 0.912125825881958, ""val_accuracy"": 57.15445327758789, ""val_cross_entropy"": 0.5912332534790039, ""val_balanced_accuracy"": 0.5724363923072815, ""test_cross_entropy"": 0.6726109385490417, ""test_balanced_accuracy"": 0.5713695287704468}"
2026-04-16T00:27:51.040259,tpe,lcbench,189865,0,867,2.678920030593872,"{""OpenML_task_id"": ""167181"", ""batch_size"": 464, ""epoch"": 3, ""learning_rate"": 0.00017620988158723706, ""max_dropout"": 0.9661462165953525, ""max_units"": 920, ""momentum"": 0.4756995825398491, ""num_layers"": 1, ""weight_decay"": 0.043745397186493847}","{""time"": 2.678920030593872, ""val_accuracy"": 56.80396270751953, ""val_cross_entropy"": 0.6325865387916565, ""val_balanced_accuracy"": 0.5671762228012085, ""test_cross_entropy"": 0.6841225624084473, ""test_balanced_accuracy"": 0.5635895133018494}"
2026-04-16T00:27:51.097180,tpe,lcbench,189865,0,868,15.29887866973877,"{""OpenML_task_id"": ""168329"", ""batch_size"": 437, ""epoch"": 6, ""learning_rate"": 0.006080081174048567, ""max_dropout"": 0.8354475611266438, ""max_units"": 524, ""momentum"": 0.13334669214074377, ""num_layers"": 1, ""weight_decay"": 0.05428686226536224}","{""time"": 15.29887866973877, ""val_accuracy"": 68.9618148803711, ""val_cross_entropy"": 0.580941915512085, ""val_balanced_accuracy"": 0.663408637046814, ""test_cross_entropy"": 0.6610806584358215, ""test_balanced_accuracy"": 0.6523590087890625}"
2026-04-16T00:27:51.166851,tpe,lcbench,189865,0,869,11.32742691040039,"{""OpenML_task_id"": ""167152"", ""batch_size"": 453, ""epoch"": 4, ""learning_rate"": 0.0839307539398477, ""max_dropout"": 0.9341235348152492, ""max_units"": 883, ""momentum"": 0.11519334872890133, ""num_layers"": 1, ""weight_decay"": 0.06074150590570281}","{""time"": 11.32742691040039, ""val_accuracy"": 83.62448120117188, ""val_cross_entropy"": 0.41534897685050964, ""val_balanced_accuracy"": 0.8403916358947754, ""test_cross_entropy"": 0.565445065498352, ""test_balanced_accuracy"": 0.8420988917350769}"
2026-04-16T00:27:51.229513,tpe,lcbench,189865,0,870,0.4198777377605438,"{""OpenML_task_id"": ""167201"", ""batch_size"": 406, ""epoch"": 1, ""learning_rate"": 0.00011087937710036715, ""max_dropout"": 0.9821575852241752, ""max_units"": 904, ""momentum"": 0.10166375040791628, ""num_layers"": 1, ""weight_decay"": 0.04796763786081369}","{""time"": 0.4198777377605438, ""val_accuracy"": 55.54072570800781, ""val_cross_entropy"": 0.598724365234375, ""val_balanced_accuracy"": 0.571355402469635, ""test_cross_entropy"": 0.6725216507911682, ""test_balanced_accuracy"": 0.5667458176612854}"
2026-04-16T00:27:51.289505,tpe,lcbench,189865,0,871,1.2509821653366089,"{""OpenML_task_id"": ""168910"", ""batch_size"": 412, ""epoch"": 1, ""learning_rate"": 0.0039204146279484394, ""max_dropout"": 0.9858157766621783, ""max_units"": 855, ""momentum"": 0.14312447108347626, ""num_layers"": 1, ""weight_decay"": 0.04863628964467816}","{""time"": 1.2509821653366089, ""val_accuracy"": 60.096927642822266, ""val_cross_entropy"": 0.6233597993850708, ""val_balanced_accuracy"": 0.5942912697792053, ""test_cross_entropy"": 0.6697449684143066, ""test_balanced_accuracy"": 0.5917665958404541}"
2026-04-16T00:27:51.347285,tpe,lcbench,189865,0,872,3.1418843269348145,"{""OpenML_task_id"": ""189354"", ""batch_size"": 404, ""epoch"": 2, ""learning_rate"": 0.0036410679062222535, ""max_dropout"": 0.9841657791966069, ""max_units"": 897, ""momentum"": 0.1282114957573051, ""num_layers"": 1, ""weight_decay"": 0.04998242759934132}","{""time"": 3.1418843269348145, ""val_accuracy"": 60.938385009765625, ""val_cross_entropy"": 0.6114798188209534, ""val_balanced_accuracy"": 0.5949558615684509, ""test_cross_entropy"": 0.6673033237457275, ""test_balanced_accuracy"": 0.5941064953804016}"
2026-04-16T00:27:51.410984,tpe,lcbench,189865,0,873,2.599435329437256,"{""OpenML_task_id"": ""189906"", ""batch_size"": 405, ""epoch"": 2, ""learning_rate"": 0.0020423120555913736, ""max_dropout"": 0.9985426916831656, ""max_units"": 871, ""momentum"": 0.11568003430323975, ""num_layers"": 1, ""weight_decay"": 0.05201961315271466}","{""time"": 2.599435329437256, ""val_accuracy"": 59.959075927734375, ""val_cross_entropy"": 0.621454656124115, ""val_balanced_accuracy"": 0.5920251607894897, ""test_cross_entropy"": 0.6698129177093506, ""test_balanced_accuracy"": 0.5883800387382507}"
2026-04-16T00:27:51.471979,tpe,lcbench,189865,0,874,6.4063401222229,"{""OpenML_task_id"": ""167168"", ""batch_size"": 410, ""epoch"": 4, ""learning_rate"": 0.0019186740264106516, ""max_dropout"": 0.9684859048235773, ""max_units"": 836, ""momentum"": 0.1452216297548197, ""num_layers"": 1, ""weight_decay"": 0.04798918496865166}","{""time"": 6.4063401222229, ""val_accuracy"": 61.911956787109375, ""val_cross_entropy"": 0.6099323034286499, ""val_balanced_accuracy"": 0.5886146426200867, ""test_cross_entropy"": 0.6760685443878174, ""test_balanced_accuracy"": 0.583824634552002}"
2026-04-16T00:27:51.534372,tpe,lcbench,189865,0,875,0.5105183124542236,"{""OpenML_task_id"": ""168329"", ""batch_size"": 398, ""epoch"": 1, ""learning_rate"": 0.0001575660516943267, ""max_dropout"": 0.9744715108515234, ""max_units"": 903, ""momentum"": 0.11527162385845986, ""num_layers"": 1, ""weight_decay"": 0.05330972788714099}","{""time"": 0.5105183124542236, ""val_accuracy"": 55.62712860107422, ""val_cross_entropy"": 0.5950702428817749, ""val_balanced_accuracy"": 0.5639131665229797, ""test_cross_entropy"": 0.6731346249580383, ""test_balanced_accuracy"": 0.5588261485099792}"
2026-04-16T00:27:51.600471,tpe,lcbench,189865,0,876,1.7836699485778809,"{""OpenML_task_id"": ""167185"", ""batch_size"": 403, ""epoch"": 3, ""learning_rate"": 0.00013487482198312148, ""max_dropout"": 0.9826237288115891, ""max_units"": 891, ""momentum"": 0.11255900792572063, ""num_layers"": 1, ""weight_decay"": 0.050814360148257125}","{""time"": 1.7836699485778809, ""val_accuracy"": 55.94090270996094, ""val_cross_entropy"": 0.6284792423248291, ""val_balanced_accuracy"": 0.55390864610672, ""test_cross_entropy"": 0.6772673726081848, ""test_balanced_accuracy"": 0.553398609161377}"
2026-04-16T00:27:51.664165,tpe,lcbench,189865,0,877,17.12563705444336,"{""OpenML_task_id"": ""167201"", ""batch_size"": 384, ""epoch"": 9, ""learning_rate"": 0.004986660088745356, ""max_dropout"": 0.9838510078386711, ""max_units"": 856, ""momentum"": 0.1155683917058171, ""num_layers"": 1, ""weight_decay"": 0.046175794721578345}","{""time"": 17.12563705444336, ""val_accuracy"": 70.62655639648438, ""val_cross_entropy"": 0.6022500395774841, ""val_balanced_accuracy"": 0.6800586581230164, ""test_cross_entropy"": 0.6456491947174072, ""test_balanced_accuracy"": 0.6735062599182129}"
2026-04-16T00:27:51.730908,tpe,lcbench,189865,0,878,2.03328013420105,"{""OpenML_task_id"": ""168910"", ""batch_size"": 390, ""epoch"": 1, ""learning_rate"": 0.0031516412254535145, ""max_dropout"": 0.9553592297920183, ""max_units"": 921, ""momentum"": 0.75981170058948, ""num_layers"": 1, ""weight_decay"": 0.0573912758650292}","{""time"": 2.03328013420105, ""val_accuracy"": 56.93412780761719, ""val_cross_entropy"": 0.7189646363258362, ""val_balanced_accuracy"": 0.5696882605552673, ""test_cross_entropy"": 0.6821098327636719, ""test_balanced_accuracy"": 0.5664680600166321}"
2026-04-16T00:27:51.788157,tpe,lcbench,189865,0,879,1.0836457014083862,"{""OpenML_task_id"": ""167161"", ""batch_size"": 401, ""epoch"": 1, ""learning_rate"": 0.002069015374577561, ""max_dropout"": 0.9848958810503846, ""max_units"": 889, ""momentum"": 0.1261784036978969, ""num_layers"": 1, ""weight_decay"": 0.05272725656912064}","{""time"": 1.0836457014083862, ""val_accuracy"": 59.55638885498047, ""val_cross_entropy"": 0.607204020023346, ""val_balanced_accuracy"": 0.5938244462013245, ""test_cross_entropy"": 0.669014573097229, ""test_balanced_accuracy"": 0.5907167196273804}"
2026-04-16T00:27:51.852177,tpe,lcbench,189865,0,880,3.632737874984741,"{""OpenML_task_id"": ""168329"", ""batch_size"": 398, ""epoch"": 2, ""learning_rate"": 0.006400188087495457, ""max_dropout"": 0.9628596996094491, ""max_units"": 928, ""momentum"": 0.11049972575039191, ""num_layers"": 1, ""weight_decay"": 0.06257366997734981}","{""time"": 3.632737874984741, ""val_accuracy"": 61.6428337097168, ""val_cross_entropy"": 0.6028152108192444, ""val_balanced_accuracy"": 0.5961599946022034, ""test_cross_entropy"": 0.6674869060516357, ""test_balanced_accuracy"": 0.5993168950080872}"
2026-04-16T00:27:51.918842,tpe,lcbench,189865,0,881,12.338418006896973,"{""OpenML_task_id"": ""167201"", ""batch_size"": 392, ""epoch"": 3, ""learning_rate"": 0.04645714142976178, ""max_dropout"": 0.9847643996961917, ""max_units"": 449, ""momentum"": 0.10094928106254919, ""num_layers"": 1, ""weight_decay"": 0.047391410997697704}","{""time"": 12.338418006896973, ""val_accuracy"": 77.14199829101562, ""val_cross_entropy"": 0.5156591534614563, ""val_balanced_accuracy"": 0.7694632411003113, ""test_cross_entropy"": 0.6108906865119934, ""test_balanced_accuracy"": 0.7666769027709961}"
2026-04-16T00:27:51.988484,tpe,lcbench,189865,0,882,1.1199020147323608,"{""OpenML_task_id"": ""168868"", ""batch_size"": 410, ""epoch"": 2, ""learning_rate"": 0.00014760199789525506, ""max_dropout"": 0.9511284950125545, ""max_units"": 871, ""momentum"": 0.10054556053261574, ""num_layers"": 1, ""weight_decay"": 0.04943030488682159}","{""time"": 1.1199020147323608, ""val_accuracy"": 56.29970169067383, ""val_cross_entropy"": 0.6117305755615234, ""val_balanced_accuracy"": 0.5572934150695801, ""test_cross_entropy"": 0.6729588508605957, ""test_balanced_accuracy"": 0.5569077134132385}"
2026-04-16T00:27:52.052705,tpe,lcbench,189865,0,883,1.126874327659607,"{""OpenML_task_id"": ""189906"", ""batch_size"": 416, ""epoch"": 1, ""learning_rate"": 0.0037080077000173272, ""max_dropout"": 0.9994440200883079, ""max_units"": 908, ""momentum"": 0.12941978994486758, ""num_layers"": 1, ""weight_decay"": 0.055426997166936255}","{""time"": 1.126874327659607, ""val_accuracy"": 59.98012161254883, ""val_cross_entropy"": 0.6149366497993469, ""val_balanced_accuracy"": 0.5970304608345032, ""test_cross_entropy"": 0.6677441596984863, ""test_balanced_accuracy"": 0.5951737761497498}"
2026-04-16T00:27:52.115441,tpe,lcbench,189865,0,884,3.9604384899139404,"{""OpenML_task_id"": ""167152"", ""batch_size"": 422, ""epoch"": 3, ""learning_rate"": 0.001894423132418751, ""max_dropout"": 0.9999876957484183, ""max_units"": 899, ""momentum"": 0.10123250249497115, ""num_layers"": 1, ""weight_decay"": 0.05875753359456094}","{""time"": 3.9604384899139404, ""val_accuracy"": 61.72153854370117, ""val_cross_entropy"": 0.6108910441398621, ""val_balanced_accuracy"": 0.5886157751083374, ""test_cross_entropy"": 0.6725287437438965, ""test_balanced_accuracy"": 0.5867651104927063}"
2026-04-16T00:27:52.174123,tpe,lcbench,189865,0,885,11.165667533874512,"{""OpenML_task_id"": ""7593"", ""batch_size"": 419, ""epoch"": 5, ""learning_rate"": 0.00472616190709536, ""max_dropout"": 0.9708051073437866, ""max_units"": 921, ""momentum"": 0.10031324433755723, ""num_layers"": 1, ""weight_decay"": 0.05104279985007664}","{""time"": 11.165667533874512, ""val_accuracy"": 66.3411865234375, ""val_cross_entropy"": 0.6005010604858398, ""val_balanced_accuracy"": 0.626372754573822, ""test_cross_entropy"": 0.6605327129364014, ""test_balanced_accuracy"": 0.6204654574394226}"
2026-04-16T00:27:52.240749,tpe,lcbench,189865,0,886,1.1185075044631958,"{""OpenML_task_id"": ""167104"", ""batch_size"": 430, ""epoch"": 1, ""learning_rate"": 0.0020595301791439423, ""max_dropout"": 0.9100436599493367, ""max_units"": 844, ""momentum"": 0.13145312376588947, ""num_layers"": 1, ""weight_decay"": 0.06600874951326507}","{""time"": 1.1185075044631958, ""val_accuracy"": 59.966739654541016, ""val_cross_entropy"": 0.6034358739852905, ""val_balanced_accuracy"": 0.5955258011817932, ""test_cross_entropy"": 0.6692449450492859, ""test_balanced_accuracy"": 0.5930445790290833}"
2026-04-16T00:27:52.298971,tpe,lcbench,189865,0,887,4.0329508781433105,"{""OpenML_task_id"": ""168330"", ""batch_size"": 426, ""epoch"": 2, ""learning_rate"": 0.0032710795071634775, ""max_dropout"": 0.9994548249130406, ""max_units"": 873, ""momentum"": 0.527228933038747, ""num_layers"": 1, ""weight_decay"": 0.052857909412944874}","{""time"": 4.0329508781433105, ""val_accuracy"": 58.81181335449219, ""val_cross_entropy"": 0.6476262807846069, ""val_balanced_accuracy"": 0.5839326977729797, ""test_cross_entropy"": 0.6748071908950806, ""test_balanced_accuracy"": 0.5811305046081543}"
2026-04-16T00:27:52.366161,tpe,lcbench,189865,0,888,3.112600326538086,"{""OpenML_task_id"": ""189865"", ""batch_size"": 387, ""epoch"": 3, ""learning_rate"": 0.00010039121420570173, ""max_dropout"": 0.9346708495303389, ""max_units"": 899, ""momentum"": 0.6114361605291623, ""num_layers"": 1, ""weight_decay"": 0.05406551501765012}","{""time"": 3.112600326538086, ""val_accuracy"": 55.722171783447266, ""val_cross_entropy"": 0.6643452048301697, ""val_balanced_accuracy"": 0.5517333745956421, ""test_cross_entropy"": 0.6928226947784424, ""test_balanced_accuracy"": 0.5487611889839172}"
2026-04-16T00:27:52.504254,tpe,lcbench,189865,0,889,0.5147017240524292,"{""OpenML_task_id"": ""3945"", ""batch_size"": 408, ""epoch"": 1, ""learning_rate"": 0.000160895028579375, ""max_dropout"": 0.9634444560510138, ""max_units"": 930, ""momentum"": 0.1268303443616282, ""num_layers"": 1, ""weight_decay"": 0.048128290241531924}","{""time"": 0.5147017240524292, ""val_accuracy"": 55.72844314575195, ""val_cross_entropy"": 0.5914315581321716, ""val_balanced_accuracy"": 0.5649595856666565, ""test_cross_entropy"": 0.6729103922843933, ""test_balanced_accuracy"": 0.5599112510681152}"
2026-04-16T00:27:52.567688,tpe,lcbench,189865,0,890,3.5713813304901123,"{""OpenML_task_id"": ""3945"", ""batch_size"": 411, ""epoch"": 2, ""learning_rate"": 0.005653660709954439, ""max_dropout"": 0.9522615776828525, ""max_units"": 930, ""momentum"": 0.13498974530819657, ""num_layers"": 1, ""weight_decay"": 0.04670433595478921}","{""time"": 3.5713813304901123, ""val_accuracy"": 61.18587875366211, ""val_cross_entropy"": 0.6091297268867493, ""val_balanced_accuracy"": 0.5950568914413452, ""test_cross_entropy"": 0.6672545671463013, ""test_balanced_accuracy"": 0.5965091586112976}"
2026-04-16T00:27:52.632357,tpe,lcbench,189865,0,891,1.2356430292129517,"{""OpenML_task_id"": ""189908"", ""batch_size"": 400, ""epoch"": 1, ""learning_rate"": 0.0034361092443882467, ""max_dropout"": 0.8772613597218042, ""max_units"": 928, ""momentum"": 0.14407147422876743, ""num_layers"": 1, ""weight_decay"": 0.04912196956064231}","{""time"": 1.2356430292129517, ""val_accuracy"": 59.572181701660156, ""val_cross_entropy"": 0.6180923581123352, ""val_balanced_accuracy"": 0.59823077917099, ""test_cross_entropy"": 0.6681932806968689, ""test_balanced_accuracy"": 0.5954247117042542}"
2026-04-16T00:27:52.698071,tpe,lcbench,189865,0,892,6.414706707000732,"{""OpenML_task_id"": ""3945"", ""batch_size"": 400, ""epoch"": 4, ""learning_rate"": 0.002006877752452164, ""max_dropout"": 0.9224607696555137, ""max_units"": 926, ""momentum"": 0.14631314434948056, ""num_layers"": 1, ""weight_decay"": 0.046145284984861215}","{""time"": 6.414706707000732, ""val_accuracy"": 61.7276611328125, ""val_cross_entropy"": 0.609667181968689, ""val_balanced_accuracy"": 0.5910525918006897, ""test_cross_entropy"": 0.6741775274276733, ""test_balanced_accuracy"": 0.5870472192764282}"
2026-04-16T00:27:52.765580,tpe,lcbench,189865,0,893,0.41011643409729004,"{""OpenML_task_id"": ""167168"", ""batch_size"": 413, ""epoch"": 1, ""learning_rate"": 0.00010702007189967853, ""max_dropout"": 0.9699757210187359, ""max_units"": 944, ""momentum"": 0.12718915145356213, ""num_layers"": 1, ""weight_decay"": 0.048203777582895645}","{""time"": 0.41011643409729004, ""val_accuracy"": 55.472652435302734, ""val_cross_entropy"": 0.5952593088150024, ""val_balanced_accuracy"": 0.5717511177062988, ""test_cross_entropy"": 0.6726015210151672, ""test_balanced_accuracy"": 0.567169725894928}"
2026-04-16T00:27:52.820775,tpe,lcbench,189865,0,894,2.4613826274871826,"{""OpenML_task_id"": ""3945"", ""batch_size"": 409, ""epoch"": 2, ""learning_rate"": 0.0019345618755849127, ""max_dropout"": 0.9703159504625878, ""max_units"": 941, ""momentum"": 0.1257284145123778, ""num_layers"": 1, ""weight_decay"": 0.04806721038626922}","{""time"": 2.4613826274871826, ""val_accuracy"": 59.78937530517578, ""val_cross_entropy"": 0.6176011562347412, ""val_balanced_accuracy"": 0.5934745669364929, ""test_cross_entropy"": 0.668926477432251, ""test_balanced_accuracy"": 0.5899499654769897}"
2026-04-16T00:27:52.881395,tpe,lcbench,189865,0,895,3.3873112201690674,"{""OpenML_task_id"": ""3945"", ""batch_size"": 394, ""epoch"": 2, ""learning_rate"": 0.004668865307880054, ""max_dropout"": 0.9832731601699908, ""max_units"": 938, ""momentum"": 0.15543757627232302, ""num_layers"": 1, ""weight_decay"": 0.04517047368596137}","{""time"": 3.3873112201690674, ""val_accuracy"": 60.756290435791016, ""val_cross_entropy"": 0.6088173389434814, ""val_balanced_accuracy"": 0.5946835875511169, ""test_cross_entropy"": 0.666212797164917, ""test_balanced_accuracy"": 0.5948957204818726}"
2026-04-16T00:27:52.935450,tpe,lcbench,189865,0,896,4.191920757293701,"{""OpenML_task_id"": ""3945"", ""batch_size"": 409, ""epoch"": 3, ""learning_rate"": 0.0019446188942240828, ""max_dropout"": 0.9637131056821101, ""max_units"": 941, ""momentum"": 0.1302471178383611, ""num_layers"": 1, ""weight_decay"": 0.048049161885708264}","{""time"": 4.191920757293701, ""val_accuracy"": 61.14574432373047, ""val_cross_entropy"": 0.6116123795509338, ""val_balanced_accuracy"": 0.5887011289596558, ""test_cross_entropy"": 0.672421932220459, ""test_balanced_accuracy"": 0.5867584347724915}"
2026-04-16T00:27:53.001063,tpe,lcbench,189865,0,897,2.287073850631714,"{""OpenML_task_id"": ""167168"", ""batch_size"": 410, ""epoch"": 1, ""learning_rate"": 0.055030551498672184, ""max_dropout"": 0.9995233391248273, ""max_units"": 918, ""momentum"": 0.138412050203524, ""num_layers"": 1, ""weight_decay"": 0.050161324760331055}","{""time"": 2.287073850631714, ""val_accuracy"": 57.98622512817383, ""val_cross_entropy"": 0.6801125407218933, ""val_balanced_accuracy"": 0.558640718460083, ""test_cross_entropy"": 0.6680206656455994, ""test_balanced_accuracy"": 0.5694622993469238}"
2026-04-16T00:27:53.065652,tpe,lcbench,189865,0,898,0.4268500804901123,"{""OpenML_task_id"": ""167190"", ""batch_size"": 395, ""epoch"": 1, ""learning_rate"": 0.00011143918786592086, ""max_dropout"": 0.9784304032869178, ""max_units"": 939, ""momentum"": 0.12015278586801104, ""num_layers"": 1, ""weight_decay"": 0.050514773851077006}","{""time"": 0.4268500804901123, ""val_accuracy"": 55.294654846191406, ""val_cross_entropy"": 0.5984653830528259, ""val_balanced_accuracy"": 0.5676881074905396, ""test_cross_entropy"": 0.6728894114494324, ""test_balanced_accuracy"": 0.562574565410614}"
2026-04-16T00:27:53.131326,tpe,lcbench,189865,0,899,29.8348388671875,"{""OpenML_task_id"": ""167190"", ""batch_size"": 383, ""epoch"": 52, ""learning_rate"": 0.06865029019108614, ""max_dropout"": 0.9521460272376004, ""max_units"": 949, ""momentum"": 0.11986676125478077, ""num_layers"": 1, ""weight_decay"": 0.04708092574880305}","{""time"": 29.8348388671875, ""val_accuracy"": 90.48863220214844, ""val_cross_entropy"": 0.30002671480178833, ""val_balanced_accuracy"": 0.9004417061805725, ""test_cross_entropy"": 0.4968172311782837, ""test_balanced_accuracy"": 0.8957926034927368}"
2026-04-16T00:27:53.192357,tpe,lcbench,189865,0,900,5.492961883544922,"{""OpenML_task_id"": ""167190"", ""batch_size"": 388, ""epoch"": 3, ""learning_rate"": 0.0036348146195647043, ""max_dropout"": 0.9450163017803296, ""max_units"": 936, ""momentum"": 0.12056186093060944, ""num_layers"": 1, ""weight_decay"": 0.04935253324640392}","{""time"": 5.492961883544922, ""val_accuracy"": 62.041046142578125, ""val_cross_entropy"": 0.6051622033119202, ""val_balanced_accuracy"": 0.5971102118492126, ""test_cross_entropy"": 0.6687740087509155, ""test_balanced_accuracy"": 0.5950648188591003}"
2026-04-16T00:27:53.272824,tpe,lcbench,189865,0,901,4.808276653289795,"{""OpenML_task_id"": ""167190"", ""batch_size"": 401, ""epoch"": 2, ""learning_rate"": 0.006387100356216053, ""max_dropout"": 0.9698432753214004, ""max_units"": 552, ""momentum"": 0.11916553667545833, ""num_layers"": 1, ""weight_decay"": 0.04529236773695061}","{""time"": 4.808276653289795, ""val_accuracy"": 62.457908630371094, ""val_cross_entropy"": 0.6081915497779846, ""val_balanced_accuracy"": 0.5957223176956177, ""test_cross_entropy"": 0.6696367263793945, ""test_balanced_accuracy"": 0.5933794975280762}"
2026-04-16T00:27:53.341156,tpe,lcbench,189865,0,902,2.231295108795166,"{""OpenML_task_id"": ""167168"", ""batch_size"": 399, ""epoch"": 4, ""learning_rate"": 0.00011578904561087414, ""max_dropout"": 0.9479264626930398, ""max_units"": 946, ""momentum"": 0.11734253259047597, ""num_layers"": 1, ""weight_decay"": 0.05076640252453616}","{""time"": 2.231295108795166, ""val_accuracy"": 56.1332893371582, ""val_cross_entropy"": 0.6324498653411865, ""val_balanced_accuracy"": 0.5539002418518066, ""test_cross_entropy"": 0.6786059141159058, ""test_balanced_accuracy"": 0.5532497763633728}"
2026-04-16T00:27:53.403859,tpe,lcbench,189865,0,903,43.799068450927734,"{""OpenML_task_id"": ""167190"", ""batch_size"": 417, ""epoch"": 45, ""learning_rate"": 0.0021122183752468604, ""max_dropout"": 0.9731195272021798, ""max_units"": 952, ""momentum"": 0.1435954074957857, ""num_layers"": 1, ""weight_decay"": 0.04804846794361552}","{""time"": 43.799068450927734, ""val_accuracy"": 71.35353088378906, ""val_cross_entropy"": 0.5976073741912842, ""val_balanced_accuracy"": 0.7032819390296936, ""test_cross_entropy"": 0.6362784504890442, ""test_balanced_accuracy"": 0.6946458220481873}"
2026-04-16T00:27:53.470500,tpe,lcbench,189865,0,904,1.1380300521850586,"{""OpenML_task_id"": ""167168"", ""batch_size"": 393, ""epoch"": 1, ""learning_rate"": 0.003684959952712237, ""max_dropout"": 0.9651983403748264, ""max_units"": 934, ""momentum"": 0.10033137784202792, ""num_layers"": 1, ""weight_decay"": 0.05085685034827609}","{""time"": 1.1380300521850586, ""val_accuracy"": 59.819602966308594, ""val_cross_entropy"": 0.6128670573234558, ""val_balanced_accuracy"": 0.598858654499054, ""test_cross_entropy"": 0.6663583517074585, ""test_balanced_accuracy"": 0.5966980457305908}"
2026-04-16T00:27:53.532757,tpe,lcbench,189865,0,905,1.128268837928772,"{""OpenML_task_id"": ""167190"", ""batch_size"": 385, ""epoch"": 1, ""learning_rate"": 0.00197997628640171, ""max_dropout"": 0.9386607546940582, ""max_units"": 916, ""momentum"": 0.1299360757238215, ""num_layers"": 1, ""weight_decay"": 0.04521701231983953}","{""time"": 1.128268837928772, ""val_accuracy"": 59.40255355834961, ""val_cross_entropy"": 0.6079407930374146, ""val_balanced_accuracy"": 0.5948253870010376, ""test_cross_entropy"": 0.6689914464950562, ""test_balanced_accuracy"": 0.5913886427879333}"
2026-04-16T00:27:53.597120,tpe,lcbench,189865,0,906,0.8898143172264099,"{""OpenML_task_id"": ""167168"", ""batch_size"": 418, ""epoch"": 2, ""learning_rate"": 0.00010442494303822234, ""max_dropout"": 0.9807795113373925, ""max_units"": 957, ""momentum"": 0.15095163929220168, ""num_layers"": 1, ""weight_decay"": 0.048410957870787384}","{""time"": 0.8898143172264099, ""val_accuracy"": 55.84037399291992, ""val_cross_entropy"": 0.6006161570549011, ""val_balanced_accuracy"": 0.55832439661026, ""test_cross_entropy"": 0.6721450090408325, ""test_balanced_accuracy"": 0.5573210716247559}"
2026-04-16T00:27:53.655379,tpe,lcbench,189865,0,907,25.786693572998047,"{""OpenML_task_id"": ""3945"", ""batch_size"": 375, ""epoch"": 20, ""learning_rate"": 0.004950222729533807, ""max_dropout"": 0.9497047683611055, ""max_units"": 929, ""momentum"": 0.12017607882386873, ""num_layers"": 1, ""weight_decay"": 0.050379124844238087}","{""time"": 25.786693572998047, ""val_accuracy"": 76.5711669921875, ""val_cross_entropy"": 0.5423672199249268, ""val_balanced_accuracy"": 0.7504969239234924, ""test_cross_entropy"": 0.6158894300460815, ""test_balanced_accuracy"": 0.7443426847457886}"
2026-04-16T00:27:53.726761,tpe,lcbench,189865,0,908,4.179370403289795,"{""OpenML_task_id"": ""167190"", ""batch_size"": 392, ""epoch"": 3, ""learning_rate"": 0.0019012502910369915, ""max_dropout"": 0.9792609337047437, ""max_units"": 955, ""momentum"": 0.12929306637789062, ""num_layers"": 1, ""weight_decay"": 0.04730855517130622}","{""time"": 4.179370403289795, ""val_accuracy"": 61.04529571533203, ""val_cross_entropy"": 0.6083343625068665, ""val_balanced_accuracy"": 0.5890897512435913, ""test_cross_entropy"": 0.6712185144424438, ""test_balanced_accuracy"": 0.587094247341156}"
2026-04-16T00:27:53.798303,tpe,lcbench,189865,0,909,1.1714973449707031,"{""OpenML_task_id"": ""167168"", ""batch_size"": 404, ""epoch"": 1, ""learning_rate"": 0.0037150076851271553, ""max_dropout"": 0.9638621261333841, ""max_units"": 913, ""momentum"": 0.10052728964875929, ""num_layers"": 1, ""weight_decay"": 0.04348656653000055}","{""time"": 1.1714973449707031, ""val_accuracy"": 60.016971588134766, ""val_cross_entropy"": 0.6127694249153137, ""val_balanced_accuracy"": 0.5988061428070068, ""test_cross_entropy"": 0.6671781539916992, ""test_balanced_accuracy"": 0.5961690545082092}"
2026-04-16T00:27:53.859293,tpe,lcbench,189865,0,910,7.991852760314941,"{""OpenML_task_id"": ""167168"", ""batch_size"": 396, ""epoch"": 5, ""learning_rate"": 0.0018802824314065056, ""max_dropout"": 0.9323573023261619, ""max_units"": 938, ""momentum"": 0.1558037100075126, ""num_layers"": 1, ""weight_decay"": 0.051716889545633055}","{""time"": 7.991852760314941, ""val_accuracy"": 62.87097930908203, ""val_cross_entropy"": 0.6096805334091187, ""val_balanced_accuracy"": 0.5983780026435852, ""test_cross_entropy"": 0.6729145050048828, ""test_balanced_accuracy"": 0.5935956835746765}"
2026-04-16T00:27:53.922851,tpe,lcbench,189865,0,911,4.971429824829102,"{""OpenML_task_id"": ""3945"", ""batch_size"": 409, ""epoch"": 3, ""learning_rate"": 0.0035572089918386365, ""max_dropout"": 0.9829049737506896, ""max_units"": 956, ""momentum"": 0.11535835787441548, ""num_layers"": 1, ""weight_decay"": 0.04912163858648182}","{""time"": 4.971429824829102, ""val_accuracy"": 62.653228759765625, ""val_cross_entropy"": 0.599037766456604, ""val_balanced_accuracy"": 0.5975567698478699, ""test_cross_entropy"": 0.6686668395996094, ""test_balanced_accuracy"": 0.5960792303085327}"
2026-04-16T00:27:53.987809,tpe,lcbench,189865,0,912,1.2663214206695557,"{""OpenML_task_id"": ""167190"", ""batch_size"": 417, ""epoch"": 1, ""learning_rate"": 0.0060587140039106155, ""max_dropout"": 0.95677931578372, ""max_units"": 909, ""momentum"": 0.13962528487799686, ""num_layers"": 1, ""weight_decay"": 0.04571606493799369}","{""time"": 1.2663214206695557, ""val_accuracy"": 60.519195556640625, ""val_cross_entropy"": 0.623054563999176, ""val_balanced_accuracy"": 0.5978908538818359, ""test_cross_entropy"": 0.66566002368927, ""test_balanced_accuracy"": 0.5958655476570129}"
2026-04-16T00:27:54.052066,tpe,lcbench,189865,0,913,0.875869631767273,"{""OpenML_task_id"": ""167168"", ""batch_size"": 419, ""epoch"": 2, ""learning_rate"": 0.00010378778483596045, ""max_dropout"": 0.9319463542681724, ""max_units"": 932, ""momentum"": 0.11912853539399025, ""num_layers"": 1, ""weight_decay"": 0.05145892707506139}","{""time"": 0.875869631767273, ""val_accuracy"": 55.924686431884766, ""val_cross_entropy"": 0.6007209420204163, ""val_balanced_accuracy"": 0.5604668259620667, ""test_cross_entropy"": 0.6721034646034241, ""test_balanced_accuracy"": 0.5591726899147034}"
2026-04-16T00:27:54.122689,tpe,lcbench,189865,0,914,2.6412694454193115,"{""OpenML_task_id"": ""168329"", ""batch_size"": 407, ""epoch"": 2, ""learning_rate"": 0.0019509735315405155, ""max_dropout"": 0.9816713138056502, ""max_units"": 906, ""momentum"": 0.1617199905701624, ""num_layers"": 1, ""weight_decay"": 0.047133667596566835}","{""time"": 2.6412694454193115, ""val_accuracy"": 59.5613899230957, ""val_cross_entropy"": 0.6245343089103699, ""val_balanced_accuracy"": 0.5914991497993469, ""test_cross_entropy"": 0.6701143980026245, ""test_balanced_accuracy"": 0.5873978137969971}"
2026-04-16T00:27:54.181664,tpe,lcbench,189865,0,915,1.0195001363754272,"{""OpenML_task_id"": ""167184"", ""batch_size"": 388, ""epoch"": 1, ""learning_rate"": 0.0018017811091491996, ""max_dropout"": 0.9998305504904148, ""max_units"": 961, ""momentum"": 0.13773033857402311, ""num_layers"": 1, ""weight_decay"": 0.04942506451576399}","{""time"": 1.0195001363754272, ""val_accuracy"": 59.06722640991211, ""val_cross_entropy"": 0.6024031043052673, ""val_balanced_accuracy"": 0.5928579568862915, ""test_cross_entropy"": 0.6679363250732422, ""test_balanced_accuracy"": 0.5894415378570557}"
2026-04-16T00:27:54.249465,tpe,lcbench,189865,0,916,10.485166549682617,"{""OpenML_task_id"": ""146212"", ""batch_size"": 377, ""epoch"": 3, ""learning_rate"": 0.03654326498911788, ""max_dropout"": 0.9525799199649945, ""max_units"": 930, ""momentum"": 0.11770229432457326, ""num_layers"": 1, ""weight_decay"": 0.052625323619220614}","{""time"": 10.485166549682617, ""val_accuracy"": 74.26870727539062, ""val_cross_entropy"": 0.5428717732429504, ""val_balanced_accuracy"": 0.7299820184707642, ""test_cross_entropy"": 0.6145539283752441, ""test_balanced_accuracy"": 0.7318221926689148}"
2026-04-16T00:27:54.310007,tpe,lcbench,189865,0,917,2.5087945461273193,"{""OpenML_task_id"": ""189909"", ""batch_size"": 396, ""epoch"": 4, ""learning_rate"": 0.00014055524207348796, ""max_dropout"": 0.9642823804101046, ""max_units"": 949, ""momentum"": 0.13057225983356946, ""num_layers"": 1, ""weight_decay"": 0.044891100384461535}","{""time"": 2.5087945461273193, ""val_accuracy"": 56.308616638183594, ""val_cross_entropy"": 0.6278637051582336, ""val_balanced_accuracy"": 0.5567271709442139, ""test_cross_entropy"": 0.6776840686798096, ""test_balanced_accuracy"": 0.5549502968788147}"
2026-04-16T00:27:54.367862,tpe,lcbench,189865,0,918,1.1226909160614014,"{""OpenML_task_id"": ""168329"", ""batch_size"": 424, ""epoch"": 1, ""learning_rate"": 0.003680622988530919, ""max_dropout"": 0.9329928429964319, ""max_units"": 916, ""momentum"": 0.10028607852332361, ""num_layers"": 1, ""weight_decay"": 0.0497951767040241}","{""time"": 1.1226909160614014, ""val_accuracy"": 60.20615005493164, ""val_cross_entropy"": 0.6078154444694519, ""val_balanced_accuracy"": 0.6012300848960876, ""test_cross_entropy"": 0.666399359703064, ""test_balanced_accuracy"": 0.5990974307060242}"
2026-04-16T00:27:54.439033,tpe,lcbench,189865,0,919,0.8326410055160522,"{""OpenML_task_id"": ""126026"", ""batch_size"": 429, ""epoch"": 2, ""learning_rate"": 0.00010260753873718391, ""max_dropout"": 0.9697287623169436, ""max_units"": 964, ""momentum"": 0.14821628009110077, ""num_layers"": 1, ""weight_decay"": 0.054027569897493334}","{""time"": 0.8326410055160522, ""val_accuracy"": 55.949012756347656, ""val_cross_entropy"": 0.5958799719810486, ""val_balanced_accuracy"": 0.5614179968833923, ""test_cross_entropy"": 0.67201828956604, ""test_balanced_accuracy"": 0.5603001117706299}"
2026-04-16T00:27:54.505234,tpe,lcbench,189865,0,920,1.200781226158142,"{""OpenML_task_id"": ""167168"", ""batch_size"": 416, ""epoch"": 1, ""learning_rate"": 0.004682991658277459, ""max_dropout"": 0.9819430058956008, ""max_units"": 900, ""momentum"": 0.11561290780672079, ""num_layers"": 1, ""weight_decay"": 0.046837767583552466}","{""time"": 1.200781226158142, ""val_accuracy"": 60.414241790771484, ""val_cross_entropy"": 0.6169702410697937, ""val_balanced_accuracy"": 0.5979261994361877, ""test_cross_entropy"": 0.6668468117713928, ""test_balanced_accuracy"": 0.5958859920501709}"
2026-04-16T00:27:54.565308,tpe,lcbench,189865,0,921,2.542261838912964,"{""OpenML_task_id"": ""34539"", ""batch_size"": 405, ""epoch"": 2, ""learning_rate"": 0.0019594401121950378, ""max_dropout"": 0.9507823154915718, ""max_units"": 934, ""momentum"": 0.133073020714093, ""num_layers"": 1, ""weight_decay"": 0.05121422828626634}","{""time"": 2.542261838912964, ""val_accuracy"": 59.60354995727539, ""val_cross_entropy"": 0.619201123714447, ""val_balanced_accuracy"": 0.5921177268028259, ""test_cross_entropy"": 0.6695287227630615, ""test_balanced_accuracy"": 0.5886797904968262}"
2026-04-16T00:27:54.633124,tpe,lcbench,189865,0,922,6.679656028747559,"{""OpenML_task_id"": ""189905"", ""batch_size"": 392, ""epoch"": 3, ""learning_rate"": 0.006066650390134194, ""max_dropout"": 0.9236544189168682, ""max_units"": 945, ""momentum"": 0.1002241949815056, ""num_layers"": 1, ""weight_decay"": 0.05218921396125995}","{""time"": 6.679656028747559, ""val_accuracy"": 63.767208099365234, ""val_cross_entropy"": 0.6033341288566589, ""val_balanced_accuracy"": 0.6118021607398987, ""test_cross_entropy"": 0.6624415516853333, ""test_balanced_accuracy"": 0.6095413565635681}"
2026-04-16T00:27:54.695004,tpe,lcbench,189865,0,923,1.069701075553894,"{""OpenML_task_id"": ""167181"", ""batch_size"": 411, ""epoch"": 1, ""learning_rate"": 0.0019424409475933433, ""max_dropout"": 0.9841102868041315, ""max_units"": 919, ""momentum"": 0.16123729372859555, ""num_layers"": 1, ""weight_decay"": 0.048831446919928835}","{""time"": 1.069701075553894, ""val_accuracy"": 59.32431411743164, ""val_cross_entropy"": 0.6075646877288818, ""val_balanced_accuracy"": 0.5928738117218018, ""test_cross_entropy"": 0.6695867776870728, ""test_balanced_accuracy"": 0.5895101428031921}"
2026-04-16T00:27:54.754253,tpe,lcbench,189865,0,924,8.099226951599121,"{""OpenML_task_id"": ""189906"", ""batch_size"": 381, ""epoch"": 4, ""learning_rate"": 0.00348832821595387, ""max_dropout"": 0.9499490578512801, ""max_units"": 902, ""momentum"": 0.11947406991356621, ""num_layers"": 1, ""weight_decay"": 0.043375302832954404}","{""time"": 8.099226951599121, ""val_accuracy"": 63.35091018676758, ""val_cross_entropy"": 0.6046083569526672, ""val_balanced_accuracy"": 0.6077813506126404, ""test_cross_entropy"": 0.6645634174346924, ""test_balanced_accuracy"": 0.6027675271034241}"
2026-04-16T00:27:54.821568,tpe,lcbench,189865,0,925,2.349824905395508,"{""OpenML_task_id"": ""168329"", ""batch_size"": 422, ""epoch"": 2, ""learning_rate"": 0.0018525346791003299, ""max_dropout"": 0.9619285566933728, ""max_units"": 963, ""momentum"": 0.14597690033034408, ""num_layers"": 1, ""weight_decay"": 0.05533837130305452}","{""time"": 2.349824905395508, ""val_accuracy"": 59.75505828857422, ""val_cross_entropy"": 0.6160423159599304, ""val_balanced_accuracy"": 0.5930185317993164, ""test_cross_entropy"": 0.6693962812423706, ""test_balanced_accuracy"": 0.5898813009262085}"
2026-04-16T00:27:54.884752,tpe,lcbench,189865,0,926,1.104562759399414,"{""OpenML_task_id"": ""189873"", ""batch_size"": 397, ""epoch"": 1, ""learning_rate"": 0.0035813413285552004, ""max_dropout"": 0.9770508146238732, ""max_units"": 938, ""momentum"": 0.10016904841202792, ""num_layers"": 1, ""weight_decay"": 0.053751026043612746}","{""time"": 1.104562759399414, ""val_accuracy"": 59.86936950683594, ""val_cross_entropy"": 0.6102991104125977, ""val_balanced_accuracy"": 0.5991705656051636, ""test_cross_entropy"": 0.6660284399986267, ""test_balanced_accuracy"": 0.5971488952636719}"
2026-04-16T00:27:54.956001,tpe,lcbench,189865,0,927,1.030655860900879,"{""OpenML_task_id"": ""167152"", ""batch_size"": 423, ""epoch"": 2, ""learning_rate"": 0.0001377561123876802, ""max_dropout"": 0.9991847690456215, ""max_units"": 923, ""momentum"": 0.12857801537373117, ""num_layers"": 1, ""weight_decay"": 0.04713349607842769}","{""time"": 1.030655860900879, ""val_accuracy"": 56.1620979309082, ""val_cross_entropy"": 0.6049978137016296, ""val_balanced_accuracy"": 0.55832439661026, ""test_cross_entropy"": 0.6723732948303223, ""test_balanced_accuracy"": 0.5578017234802246}"
2026-04-16T00:27:55.021603,tpe,lcbench,189865,0,928,6.622482776641846,"{""OpenML_task_id"": ""167190"", ""batch_size"": 405, ""epoch"": 3, ""learning_rate"": 0.006231059508471657, ""max_dropout"": 0.9170746974748926, ""max_units"": 962, ""momentum"": 0.11558000264631811, ""num_layers"": 1, ""weight_decay"": 0.049829514539283644}","{""time"": 6.622482776641846, ""val_accuracy"": 63.888221740722656, ""val_cross_entropy"": 0.6044007539749146, ""val_balanced_accuracy"": 0.611992359161377, ""test_cross_entropy"": 0.6626578569412231, ""test_balanced_accuracy"": 0.6099239587783813}"
2026-04-16T00:27:55.094369,tpe,lcbench,189865,0,929,1.7836699485778809,"{""OpenML_task_id"": ""189866"", ""batch_size"": 408, ""epoch"": 1, ""learning_rate"": 0.0017614028488262832, ""max_dropout"": 0.9469736215314695, ""max_units"": 99, ""momentum"": 0.16645727021967163, ""num_layers"": 1, ""weight_decay"": 0.051547581907691646}","{""time"": 1.7836699485778809, ""val_accuracy"": 61.952003479003906, ""val_cross_entropy"": 0.6654046177864075, ""val_balanced_accuracy"": 0.5767412185668945, ""test_cross_entropy"": 0.6751858592033386, ""test_balanced_accuracy"": 0.5710231065750122}"
2026-04-16T00:27:55.159369,tpe,lcbench,189865,0,930,1.040417194366455,"{""OpenML_task_id"": ""167168"", ""batch_size"": 428, ""epoch"": 2, ""learning_rate"": 0.0001382354996714779, ""max_dropout"": 0.9340272077131996, ""max_units"": 896, ""momentum"": 0.14056142122959492, ""num_layers"": 1, ""weight_decay"": 0.05584705003774454}","{""time"": 1.040417194366455, ""val_accuracy"": 56.3365478515625, ""val_cross_entropy"": 0.606666624546051, ""val_balanced_accuracy"": 0.5596912503242493, ""test_cross_entropy"": 0.6737691164016724, ""test_balanced_accuracy"": 0.5589402318000793}"
2026-04-16T00:27:55.222963,tpe,lcbench,189865,0,931,0.5049404501914978,"{""OpenML_task_id"": ""3945"", ""batch_size"": 414, ""epoch"": 1, ""learning_rate"": 0.00016082261175971133, ""max_dropout"": 0.967321789747123, ""max_units"": 942, ""momentum"": 0.11773826050313277, ""num_layers"": 1, ""weight_decay"": 0.04537159565337614}","{""time"": 0.5049404501914978, ""val_accuracy"": 55.767677307128906, ""val_cross_entropy"": 0.5891585350036621, ""val_balanced_accuracy"": 0.5664432048797607, ""test_cross_entropy"": 0.6722564101219177, ""test_balanced_accuracy"": 0.5615904331207275}"
2026-04-16T00:27:55.288005,tpe,lcbench,189865,0,932,4.9128618240356445,"{""OpenML_task_id"": ""3945"", ""batch_size"": 414, ""epoch"": 3, ""learning_rate"": 0.0035653059757346705, ""max_dropout"": 0.9812153865595653, ""max_units"": 967, ""momentum"": 0.11678694168055155, ""num_layers"": 1, ""weight_decay"": 0.047420169163003824}","{""time"": 4.9128618240356445, ""val_accuracy"": 62.72090148925781, ""val_cross_entropy"": 0.5983133316040039, ""val_balanced_accuracy"": 0.5979113578796387, ""test_cross_entropy"": 0.668626070022583, ""test_balanced_accuracy"": 0.5965683460235596}"
2026-04-16T00:27:55.352560,tpe,lcbench,189865,0,933,0.4421892762184143,"{""OpenML_task_id"": ""3945"", ""batch_size"": 396, ""epoch"": 1, ""learning_rate"": 0.00011889682476012925, ""max_dropout"": 0.9703701209509906, ""max_units"": 943, ""momentum"": 0.13041255078288885, ""num_layers"": 1, ""weight_decay"": 0.0525250628047394}","{""time"": 0.4421892762184143, ""val_accuracy"": 55.3498420715332, ""val_cross_entropy"": 0.5963331460952759, ""val_balanced_accuracy"": 0.566558837890625, ""test_cross_entropy"": 0.6730393767356873, ""test_balanced_accuracy"": 0.5613665580749512}"
2026-04-16T00:27:55.432325,tpe,lcbench,189865,0,934,2.918769121170044,"{""OpenML_task_id"": ""3945"", ""batch_size"": 398, ""epoch"": 5, ""learning_rate"": 0.00011720833667371356, ""max_dropout"": 0.9606477437366284, ""max_units"": 945, ""momentum"": 0.14903764528334187, ""num_layers"": 1, ""weight_decay"": 0.04917302131630778}","{""time"": 2.918769121170044, ""val_accuracy"": 56.36589050292969, ""val_cross_entropy"": 0.6363084316253662, ""val_balanced_accuracy"": 0.5554459095001221, ""test_cross_entropy"": 0.6796866655349731, ""test_balanced_accuracy"": 0.5540471076965332}"
2026-04-16T00:27:55.497713,tpe,lcbench,189865,0,935,1.135241150856018,"{""OpenML_task_id"": ""3945"", ""batch_size"": 416, ""epoch"": 1, ""learning_rate"": 0.005007382058558289, ""max_dropout"": 0.9683861228222315, ""max_units"": 967, ""momentum"": 0.1392614208276312, ""num_layers"": 1, ""weight_decay"": 0.052160810049048496}","{""time"": 1.135241150856018, ""val_accuracy"": 60.168495178222656, ""val_cross_entropy"": 0.6162067651748657, ""val_balanced_accuracy"": 0.5992048382759094, ""test_cross_entropy"": 0.665156364440918, ""test_balanced_accuracy"": 0.5977209210395813}"
2026-04-16T00:27:55.557913,tpe,lcbench,189865,0,936,6.877670764923096,"{""OpenML_task_id"": ""3945"", ""batch_size"": 407, ""epoch"": 4, ""learning_rate"": 0.00309874706210891, ""max_dropout"": 0.9997872512531348, ""max_units"": 949, ""momentum"": 0.13256352731278637, ""num_layers"": 1, ""weight_decay"": 0.050292743293994406}","{""time"": 6.877670764923096, ""val_accuracy"": 63.9206428527832, ""val_cross_entropy"": 0.6031317114830017, ""val_balanced_accuracy"": 0.6046836376190186, ""test_cross_entropy"": 0.6662351489067078, ""test_balanced_accuracy"": 0.6009365320205688}"
2026-04-16T00:27:55.632404,tpe,lcbench,189865,0,937,20.451446533203125,"{""OpenML_task_id"": ""3945"", ""batch_size"": 417, ""epoch"": 23, ""learning_rate"": 0.0021396708452948573, ""max_dropout"": 0.9715186149508315, ""max_units"": 246, ""momentum"": 0.15872334861978687, ""num_layers"": 1, ""weight_decay"": 0.0457670723037852}","{""time"": 20.451446533203125, ""val_accuracy"": 69.24136352539062, ""val_cross_entropy"": 0.6085604429244995, ""val_balanced_accuracy"": 0.6675999760627747, ""test_cross_entropy"": 0.6542364358901978, ""test_balanced_accuracy"": 0.6550958752632141}"
2026-04-16T00:27:55.696045,tpe,lcbench,189865,0,938,1.0446006059646606,"{""OpenML_task_id"": ""3945"", ""batch_size"": 403, ""epoch"": 2, ""learning_rate"": 0.00011829024474426604, ""max_dropout"": 0.8222178724668385, ""max_units"": 971, ""momentum"": 0.13030554358865568, ""num_layers"": 1, ""weight_decay"": 0.048454965604890196}","{""time"": 1.0446006059646606, ""val_accuracy"": 56.205928802490234, ""val_cross_entropy"": 0.6020773649215698, ""val_balanced_accuracy"": 0.5569555163383484, ""test_cross_entropy"": 0.6734524369239807, ""test_balanced_accuracy"": 0.5552022457122803}"
2026-04-16T00:27:55.765797,tpe,lcbench,189865,0,939,8.492467880249023,"{""OpenML_task_id"": ""3945"", ""batch_size"": 429, ""epoch"": 3, ""learning_rate"": 0.006691983700821245, ""max_dropout"": 0.9638928798163051, ""max_units"": 950, ""momentum"": 0.8508620871145886, ""num_layers"": 1, ""weight_decay"": 0.05321687090514016}","{""time"": 8.492467880249023, ""val_accuracy"": 69.10572814941406, ""val_cross_entropy"": 0.6207836270332336, ""val_balanced_accuracy"": 0.6834877133369446, ""test_cross_entropy"": 0.6474209427833557, ""test_balanced_accuracy"": 0.683966338634491}"
2026-04-16T00:27:55.829907,tpe,lcbench,189865,0,940,3.054032564163208,"{""OpenML_task_id"": ""3945"", ""batch_size"": 417, ""epoch"": 2, ""learning_rate"": 0.0037265398409480777, ""max_dropout"": 0.9386528942317213, ""max_units"": 938, ""momentum"": 0.11602792726132656, ""num_layers"": 1, ""weight_decay"": 0.05084824716055266}","{""time"": 3.054032564163208, ""val_accuracy"": 60.976287841796875, ""val_cross_entropy"": 0.6133397817611694, ""val_balanced_accuracy"": 0.5956894159317017, ""test_cross_entropy"": 0.6679449081420898, ""test_balanced_accuracy"": 0.595595121383667}"
2026-04-16T00:27:55.899325,tpe,lcbench,189865,0,941,0.9999774694442749,"{""OpenML_task_id"": ""168329"", ""batch_size"": 382, ""epoch"": 1, ""learning_rate"": 0.00200264783612904, ""max_dropout"": 0.9831038414442489, ""max_units"": 974, ""momentum"": 0.10029041601773311, ""num_layers"": 1, ""weight_decay"": 0.04803240376717687}","{""time"": 0.9999774694442749, ""val_accuracy"": 59.3023681640625, ""val_cross_entropy"": 0.5979392528533936, ""val_balanced_accuracy"": 0.5966707468032837, ""test_cross_entropy"": 0.6659713983535767, ""test_balanced_accuracy"": 0.593482494354248}"
2026-04-16T00:27:55.965892,tpe,lcbench,189865,0,942,6.449568271636963,"{""OpenML_task_id"": ""3945"", ""batch_size"": 396, ""epoch"": 2, ""learning_rate"": 0.004684560657751718, ""max_dropout"": 0.9544594700730306, ""max_units"": 925, ""momentum"": 0.9613673488658999, ""num_layers"": 1, ""weight_decay"": 0.04595693734495827}","{""time"": 6.449568271636963, ""val_accuracy"": 62.70451354980469, ""val_cross_entropy"": 0.6658948063850403, ""val_balanced_accuracy"": 0.620129406452179, ""test_cross_entropy"": 0.6716783046722412, ""test_balanced_accuracy"": 0.6211758852005005}"
2026-04-16T00:27:56.030516,tpe,lcbench,189865,0,943,1.008344292640686,"{""OpenML_task_id"": ""3945"", ""batch_size"": 427, ""epoch"": 1, ""learning_rate"": 0.0019049230016423696, ""max_dropout"": 0.9243845937450866, ""max_units"": 955, ""momentum"": 0.150771937833758, ""num_layers"": 1, ""weight_decay"": 0.05301104826540367}","{""time"": 1.008344292640686, ""val_accuracy"": 59.39915466308594, ""val_cross_entropy"": 0.5955429673194885, ""val_balanced_accuracy"": 0.5971500277519226, ""test_cross_entropy"": 0.6678299903869629, ""test_balanced_accuracy"": 0.5939297676086426}"
2026-04-16T00:27:56.094852,tpe,lcbench,189865,0,944,3.988327980041504,"{""OpenML_task_id"": ""189354"", ""batch_size"": 402, ""epoch"": 3, ""learning_rate"": 0.0018803534382559057, ""max_dropout"": 0.9813719607207388, ""max_units"": 977, ""momentum"": 0.1318950005253033, ""num_layers"": 1, ""weight_decay"": 0.050881462598212475}","{""time"": 3.988327980041504, ""val_accuracy"": 61.19229507446289, ""val_cross_entropy"": 0.6076931357383728, ""val_balanced_accuracy"": 0.5891043543815613, ""test_cross_entropy"": 0.6715303659439087, ""test_balanced_accuracy"": 0.5874907970428467}"
2026-04-16T00:27:56.161621,tpe,lcbench,189865,0,945,1.0599397420883179,"{""OpenML_task_id"": ""3945"", ""batch_size"": 430, ""epoch"": 1, ""learning_rate"": 0.0031223721586345634, ""max_dropout"": 0.9583384207220149, ""max_units"": 942, ""momentum"": 0.11893587701047602, ""num_layers"": 1, ""weight_decay"": 0.04955334012756731}","{""time"": 1.0599397420883179, ""val_accuracy"": 59.950843811035156, ""val_cross_entropy"": 0.6051878929138184, ""val_balanced_accuracy"": 0.6004656553268433, ""test_cross_entropy"": 0.6666872501373291, ""test_balanced_accuracy"": 0.5981622934341431}"
2026-04-16T00:27:56.233859,tpe,lcbench,189865,0,946,9.092090606689453,"{""OpenML_task_id"": ""3945"", ""batch_size"": 369, ""epoch"": 4, ""learning_rate"": 0.004492769046034347, ""max_dropout"": 0.9984037247575023, ""max_units"": 914, ""momentum"": 0.16132903240129481, ""num_layers"": 1, ""weight_decay"": 0.0539682353239238}","{""time"": 9.092090606689453, ""val_accuracy"": 64.05294036865234, ""val_cross_entropy"": 0.610366940498352, ""val_balanced_accuracy"": 0.6122819185256958, ""test_cross_entropy"": 0.6604948043823242, ""test_balanced_accuracy"": 0.6077210903167725}"
2026-04-16T00:27:56.300327,tpe,lcbench,189865,0,947,0.9483820796012878,"{""OpenML_task_id"": ""3945"", ""batch_size"": 414, ""epoch"": 1, ""learning_rate"": 0.0018571056617183693, ""max_dropout"": 0.9999488652678252, ""max_units"": 958, ""momentum"": 0.10000261242284346, ""num_layers"": 1, ""weight_decay"": 0.046736948726008594}","{""time"": 0.9483820796012878, ""val_accuracy"": 59.62208557128906, ""val_cross_entropy"": 0.5922155976295471, ""val_balanced_accuracy"": 0.5968961119651794, ""test_cross_entropy"": 0.6659604907035828, ""test_balanced_accuracy"": 0.5938323736190796}"
2026-04-16T00:27:56.363712,tpe,lcbench,189865,0,948,3.939521551132202,"{""OpenML_task_id"": ""167161"", ""batch_size"": 406, ""epoch"": 2, ""learning_rate"": 0.006833618366558315, ""max_dropout"": 0.9150700420106621, ""max_units"": 930, ""momentum"": 0.14130082737316663, ""num_layers"": 1, ""weight_decay"": 0.052538449366696945}","{""time"": 3.939521551132202, ""val_accuracy"": 61.1721076965332, ""val_cross_entropy"": 0.6100956797599792, ""val_balanced_accuracy"": 0.5949785709381104, ""test_cross_entropy"": 0.6686539649963379, ""test_balanced_accuracy"": 0.5974553823471069}"
2026-04-16T00:27:56.433909,tpe,lcbench,189865,0,949,4.176581382751465,"{""OpenML_task_id"": ""3945"", ""batch_size"": 396, ""epoch"": 3, ""learning_rate"": 0.001821458040673047, ""max_dropout"": 0.968042188491756, ""max_units"": 978, ""momentum"": 0.17160671981518996, ""num_layers"": 1, ""weight_decay"": 0.048907910666317105}","{""time"": 4.176581382751465, ""val_accuracy"": 60.737056732177734, ""val_cross_entropy"": 0.6116370558738708, ""val_balanced_accuracy"": 0.5870438814163208, ""test_cross_entropy"": 0.672110915184021, ""test_balanced_accuracy"": 0.5851870179176331}"
2026-04-16T00:27:56.490239,tpe,lcbench,189865,0,950,3.041482448577881,"{""OpenML_task_id"": ""167185"", ""batch_size"": 422, ""epoch"": 2, ""learning_rate"": 0.0036759768361657175, ""max_dropout"": 0.9467151428290801, ""max_units"": 945, ""momentum"": 0.12794668638207563, ""num_layers"": 1, ""weight_decay"": 0.044633795243923365}","{""time"": 3.041482448577881, ""val_accuracy"": 60.95500946044922, ""val_cross_entropy"": 0.6148533821105957, ""val_balanced_accuracy"": 0.5959666967391968, ""test_cross_entropy"": 0.6676967144012451, ""test_balanced_accuracy"": 0.5953418016433716}"
2026-04-16T00:27:56.556954,tpe,lcbench,189865,0,951,1.3332560062408447,"{""OpenML_task_id"": ""167104"", ""batch_size"": 379, ""epoch"": 1, ""learning_rate"": 0.00013782848354294862, ""max_dropout"": 0.9808142367053961, ""max_units"": 917, ""momentum"": 0.8018548894769162, ""num_layers"": 1, ""weight_decay"": 0.05143427094406624}","{""time"": 1.3332560062408447, ""val_accuracy"": 55.20845031738281, ""val_cross_entropy"": 0.6432939767837524, ""val_balanced_accuracy"": 0.541808545589447, ""test_cross_entropy"": 0.6940240263938904, ""test_balanced_accuracy"": 0.5404090285301208}"
2026-04-16T00:27:56.626781,tpe,lcbench,189865,0,952,2.1253151893615723,"{""OpenML_task_id"": ""167168"", ""batch_size"": 495, ""epoch"": 4, ""learning_rate"": 0.00015984253608696266, ""max_dropout"": 0.9402895372229549, ""max_units"": 976, ""momentum"": 0.11641053917025952, ""num_layers"": 1, ""weight_decay"": 0.05431879890553736}","{""time"": 2.1253151893615723, ""val_accuracy"": 57.83423614501953, ""val_cross_entropy"": 0.625308096408844, ""val_balanced_accuracy"": 0.572153627872467, ""test_cross_entropy"": 0.6780573129653931, ""test_balanced_accuracy"": 0.5722333192825317}"
2026-04-16T00:27:56.688128,tpe,lcbench,189865,0,953,6.261314868927002,"{""OpenML_task_id"": ""3945"", ""batch_size"": 393, ""epoch"": 3, ""learning_rate"": 0.00515557511755625, ""max_dropout"": 0.9656404004428224, ""max_units"": 935, ""momentum"": 0.14433876488860292, ""num_layers"": 1, ""weight_decay"": 0.04786124376938957}","{""time"": 6.261314868927002, ""val_accuracy"": 62.96938705444336, ""val_cross_entropy"": 0.6063973903656006, ""val_balanced_accuracy"": 0.6051890254020691, ""test_cross_entropy"": 0.6640675067901611, ""test_balanced_accuracy"": 0.6028652787208557}"
2026-04-16T00:27:56.750575,tpe,lcbench,189865,0,954,0.8870253562927246,"{""OpenML_task_id"": ""168329"", ""batch_size"": 504, ""epoch"": 1, ""learning_rate"": 0.002197490901884113, ""max_dropout"": 0.9344010107501423, ""max_units"": 960, ""momentum"": 0.1282905459553549, ""num_layers"": 1, ""weight_decay"": 0.056468426987935125}","{""time"": 0.8870253562927246, ""val_accuracy"": 60.1558723449707, ""val_cross_entropy"": 0.5865607857704163, ""val_balanced_accuracy"": 0.60185307264328, ""test_cross_entropy"": 0.667127251625061, ""test_balanced_accuracy"": 0.6000787019729614}"
2026-04-16T00:27:56.817306,tpe,lcbench,189865,0,955,7.339240550994873,"{""OpenML_task_id"": ""168868"", ""batch_size"": 432, ""epoch"": 2, ""learning_rate"": 0.04232481767957391, ""max_dropout"": 0.9797454334173703, ""max_units"": 918, ""momentum"": 0.15466100793169132, ""num_layers"": 1, ""weight_decay"": 0.05118372669825334}","{""time"": 7.339240550994873, ""val_accuracy"": 66.2237319946289, ""val_cross_entropy"": 0.6205328702926636, ""val_balanced_accuracy"": 0.6402514576911926, ""test_cross_entropy"": 0.64341801404953, ""test_balanced_accuracy"": 0.6431093215942383}"
2026-04-16T00:27:56.883843,tpe,lcbench,189865,0,956,43.21199417114258,"{""OpenML_task_id"": ""7593"", ""batch_size"": 485, ""epoch"": 49, ""learning_rate"": 0.0033602414729652715, ""max_dropout"": 0.9102084211852952, ""max_units"": 948, ""momentum"": 0.11735212905589042, ""num_layers"": 1, ""weight_decay"": 0.0455400837389162}","{""time"": 43.21199417114258, ""val_accuracy"": 75.85857391357422, ""val_cross_entropy"": 0.5587049126625061, ""val_balanced_accuracy"": 0.7523687481880188, ""test_cross_entropy"": 0.6186830997467041, ""test_balanced_accuracy"": 0.7429115772247314}"
2026-04-16T00:27:56.951712,tpe,lcbench,189865,0,957,0.9107313752174377,"{""OpenML_task_id"": ""168330"", ""batch_size"": 416, ""epoch"": 2, ""learning_rate"": 0.00010304751935688751, ""max_dropout"": 0.9567867525040177, ""max_units"": 907, ""momentum"": 0.13265213150957506, ""num_layers"": 1, ""weight_decay"": 0.04962938482556398}","{""time"": 0.9107313752174377, ""val_accuracy"": 55.86231994628906, ""val_cross_entropy"": 0.6063213348388672, ""val_balanced_accuracy"": 0.5577400326728821, ""test_cross_entropy"": 0.672930896282196, ""test_balanced_accuracy"": 0.5567260980606079}"
2026-04-16T00:27:57.007181,tpe,lcbench,189865,0,958,0.9302539825439453,"{""OpenML_task_id"": ""189865"", ""batch_size"": 482, ""epoch"": 1, ""learning_rate"": 0.0020219239511624467, ""max_dropout"": 0.9810972786988164, ""max_units"": 935, ""momentum"": 0.11805392759871804, ""num_layers"": 1, ""weight_decay"": 0.04291464922350795}","{""time"": 0.9302539825439453, ""val_accuracy"": 60.20109939575195, ""val_cross_entropy"": 0.5922238230705261, ""val_balanced_accuracy"": 0.5993786454200745, ""test_cross_entropy"": 0.667395293712616, ""test_balanced_accuracy"": 0.5969382524490356}"
2026-04-16T00:27:57.142432,tpe,lcbench,189865,0,959,5.767672538757324,"{""OpenML_task_id"": ""167152"", ""batch_size"": 412, ""epoch"": 3, ""learning_rate"": 0.0047347531130013925, ""max_dropout"": 0.9323629767145457, ""max_units"": 978, ""momentum"": 0.14475992433324134, ""num_layers"": 1, ""weight_decay"": 0.053833699104293545}","{""time"": 5.767672538757324, ""val_accuracy"": 62.9717903137207, ""val_cross_entropy"": 0.6053512692451477, ""val_balanced_accuracy"": 0.6037697196006775, ""test_cross_entropy"": 0.6669527888298035, ""test_balanced_accuracy"": 0.6024560332298279}"
2026-04-16T00:27:57.209114,tpe,lcbench,189865,0,960,1.761358380317688,"{""OpenML_task_id"": ""167168"", ""batch_size"": 407, ""epoch"": 1, ""learning_rate"": 0.0019484219153638872, ""max_dropout"": 0.9999849385095668, ""max_units"": 164, ""momentum"": 0.17149617248884425, ""num_layers"": 1, ""weight_decay"": 0.056229651842647534}","{""time"": 1.761358380317688, ""val_accuracy"": 61.839141845703125, ""val_cross_entropy"": 0.6592544913291931, ""val_balanced_accuracy"": 0.5773619413375854, ""test_cross_entropy"": 0.6761884093284607, ""test_balanced_accuracy"": 0.5723086595535278}"
2026-04-16T00:27:57.273639,tpe,lcbench,189865,0,961,23.548564910888672,"{""OpenML_task_id"": ""167190"", ""batch_size"": 496, ""epoch"": 32, ""learning_rate"": 0.03978144027166437, ""max_dropout"": 0.9552988518123362, ""max_units"": 964, ""momentum"": 0.1162212393607738, ""num_layers"": 1, ""weight_decay"": 0.05224125928248145}","{""time"": 23.548564910888672, ""val_accuracy"": 89.51154327392578, ""val_cross_entropy"": 0.3405517637729645, ""val_balanced_accuracy"": 0.885445773601532, ""test_cross_entropy"": 0.5218977928161621, ""test_balanced_accuracy"": 0.881033718585968}"
2026-04-16T00:27:57.337613,tpe,lcbench,189865,0,962,3.9004762172698975,"{""OpenML_task_id"": ""167184"", ""batch_size"": 392, ""epoch"": 2, ""learning_rate"": 0.007068947074132393, ""max_dropout"": 0.9681803924268668, ""max_units"": 925, ""momentum"": 0.14073496121930296, ""num_layers"": 1, ""weight_decay"": 0.04739744418215344}","{""time"": 3.9004762172698975, ""val_accuracy"": 61.21599197387695, ""val_cross_entropy"": 0.6056862473487854, ""val_balanced_accuracy"": 0.5946949124336243, ""test_cross_entropy"": 0.6670040488243103, ""test_balanced_accuracy"": 0.5967116951942444}"
2026-04-16T00:27:57.412090,tpe,lcbench,189865,0,963,0.3836215138435364,"{""OpenML_task_id"": ""189908"", ""batch_size"": 436, ""epoch"": 1, ""learning_rate"": 0.00011020961808268035, ""max_dropout"": 0.8990275026333271, ""max_units"": 953, ""momentum"": 0.101132718251116, ""num_layers"": 1, ""weight_decay"": 0.04994985728436369}","{""time"": 0.3836215138435364, ""val_accuracy"": 56.399658203125, ""val_cross_entropy"": 0.5756025910377502, ""val_balanced_accuracy"": 0.5837511420249939, ""test_cross_entropy"": 0.6705765724182129, ""test_balanced_accuracy"": 0.5795321464538574}"
2026-04-16T00:27:57.483210,tpe,lcbench,189865,0,964,1.6107555627822876,"{""OpenML_task_id"": ""189908"", ""batch_size"": 424, ""epoch"": 3, ""learning_rate"": 0.00011889278754875936, ""max_dropout"": 0.862446555923418, ""max_units"": 955, ""momentum"": 0.11221051136772783, ""num_layers"": 1, ""weight_decay"": 0.04859584467683295}","{""time"": 1.6107555627822876, ""val_accuracy"": 56.492462158203125, ""val_cross_entropy"": 0.623087465763092, ""val_balanced_accuracy"": 0.5566772222518921, ""test_cross_entropy"": 0.6771721243858337, ""test_balanced_accuracy"": 0.556629478931427}"
2026-04-16T00:27:57.545256,tpe,lcbench,189865,0,965,1.068306565284729,"{""OpenML_task_id"": ""189908"", ""batch_size"": 437, ""epoch"": 1, ""learning_rate"": 0.003256862984924686, ""max_dropout"": 0.9008016445102492, ""max_units"": 963, ""momentum"": 0.10195303168437468, ""num_layers"": 1, ""weight_decay"": 0.045931353553678604}","{""time"": 1.068306565284729, ""val_accuracy"": 59.96719741821289, ""val_cross_entropy"": 0.6013272404670715, ""val_balanced_accuracy"": 0.6036937236785889, ""test_cross_entropy"": 0.6659561991691589, ""test_balanced_accuracy"": 0.6013091802597046}"
2026-04-16T00:27:57.609991,tpe,lcbench,189865,0,966,9.822793006896973,"{""OpenML_task_id"": ""168329"", ""batch_size"": 424, ""epoch"": 6, ""learning_rate"": 0.0021272398290100108, ""max_dropout"": 0.8768366288776658, ""max_units"": 987, ""momentum"": 0.10078650902210931, ""num_layers"": 1, ""weight_decay"": 0.050068694560359187}","{""time"": 9.822793006896973, ""val_accuracy"": 65.1976547241211, ""val_cross_entropy"": 0.5985013842582703, ""val_balanced_accuracy"": 0.6143020987510681, ""test_cross_entropy"": 0.6699386239051819, ""test_balanced_accuracy"": 0.6091775298118591}"
2026-04-16T00:27:57.667564,tpe,lcbench,189865,0,967,1.0822513103485107,"{""OpenML_task_id"": ""189909"", ""batch_size"": 405, ""epoch"": 2, ""learning_rate"": 0.00014108901016849187, ""max_dropout"": 0.8759969175539722, ""max_units"": 977, ""momentum"": 0.11834071724206106, ""num_layers"": 1, ""weight_decay"": 0.047912328013265754}","{""time"": 1.0822513103485107, ""val_accuracy"": 56.493324279785156, ""val_cross_entropy"": 0.6009089946746826, ""val_balanced_accuracy"": 0.5587856769561768, ""test_cross_entropy"": 0.6722486019134521, ""test_balanced_accuracy"": 0.5576570630073547}"
2026-04-16T00:27:57.739227,tpe,lcbench,189865,0,968,1.069701075553894,"{""OpenML_task_id"": ""3945"", ""batch_size"": 512, ""epoch"": 1, ""learning_rate"": 0.0047501346620282825, ""max_dropout"": 0.9082966664053961, ""max_units"": 947, ""momentum"": 0.10052194511031197, ""num_layers"": 1, ""weight_decay"": 0.04403741404958035}","{""time"": 1.069701075553894, ""val_accuracy"": 61.296730041503906, ""val_cross_entropy"": 0.6009891629219055, ""val_balanced_accuracy"": 0.6064959764480591, ""test_cross_entropy"": 0.6645622253417969, ""test_balanced_accuracy"": 0.6063340306282043}"
2026-04-16T00:27:57.804322,tpe,lcbench,189865,0,969,5.877835750579834,"{""OpenML_task_id"": ""189908"", ""batch_size"": 487, ""epoch"": 4, ""learning_rate"": 0.001987699317907674, ""max_dropout"": 0.918527642348843, ""max_units"": 907, ""momentum"": 0.11671676935960135, ""num_layers"": 1, ""weight_decay"": 0.054357891124570644}","{""time"": 5.877835750579834, ""val_accuracy"": 64.30240631103516, ""val_cross_entropy"": 0.5937569737434387, ""val_balanced_accuracy"": 0.6002835631370544, ""test_cross_entropy"": 0.6774052381515503, ""test_balanced_accuracy"": 0.5969325304031372}"
2026-04-16T00:27:57.867662,tpe,lcbench,189865,0,970,3.367788553237915,"{""OpenML_task_id"": ""189908"", ""batch_size"": 386, ""epoch"": 2, ""learning_rate"": 0.003605464457706711, ""max_dropout"": 0.8530443565582585, ""max_units"": 931, ""momentum"": 0.11384172811121032, ""num_layers"": 1, ""weight_decay"": 0.050084612170595184}","{""time"": 3.367788553237915, ""val_accuracy"": 60.23279571533203, ""val_cross_entropy"": 0.6163433790206909, ""val_balanced_accuracy"": 0.5938889980316162, ""test_cross_entropy"": 0.6695012450218201, ""test_balanced_accuracy"": 0.5944352149963379}"
2026-04-16T00:27:57.933166,tpe,lcbench,189865,0,971,0.4045385718345642,"{""OpenML_task_id"": ""189908"", ""batch_size"": 477, ""epoch"": 1, ""learning_rate"": 0.0001645495874979007, ""max_dropout"": 0.8841193411500109, ""max_units"": 952, ""momentum"": 0.1002413766633692, ""num_layers"": 1, ""weight_decay"": 0.05723703611544998}","{""time"": 0.4045385718345642, ""val_accuracy"": 57.10890197753906, ""val_cross_entropy"": 0.5568932294845581, ""val_balanced_accuracy"": 0.58934485912323, ""test_cross_entropy"": 0.6693048477172852, ""test_balanced_accuracy"": 0.5849794149398804}"
2026-04-16T00:27:58.005389,tpe,lcbench,189865,0,972,2.356797456741333,"{""OpenML_task_id"": ""146212"", ""batch_size"": 480, ""epoch"": 5, ""learning_rate"": 0.00011901007180772395, ""max_dropout"": 0.892762485372303, ""max_units"": 981, ""momentum"": 0.10209552856568924, ""num_layers"": 1, ""weight_decay"": 0.058228696486632016}","{""time"": 2.356797456741333, ""val_accuracy"": 57.927635192871094, ""val_cross_entropy"": 0.6312845349311829, ""val_balanced_accuracy"": 0.5688196420669556, ""test_cross_entropy"": 0.6799042820930481, ""test_balanced_accuracy"": 0.5693754553794861}"
2026-04-16T00:27:58.078065,tpe,lcbench,189865,0,973,6.068878173828125,"{""OpenML_task_id"": ""189908"", ""batch_size"": 477, ""epoch"": 3, ""learning_rate"": 0.005259403172712508, ""max_dropout"": 0.8407982367829265, ""max_units"": 965, ""momentum"": 0.1131035616307834, ""num_layers"": 1, ""weight_decay"": 0.05752923608349067}","{""time"": 6.068878173828125, ""val_accuracy"": 64.79203033447266, ""val_cross_entropy"": 0.5972692966461182, ""val_balanced_accuracy"": 0.6094459891319275, ""test_cross_entropy"": 0.6717439889907837, ""test_balanced_accuracy"": 0.6084865927696228}"
2026-04-16T00:27:58.153309,tpe,lcbench,189865,0,974,2.0611696243286133,"{""OpenML_task_id"": ""189908"", ""batch_size"": 496, ""epoch"": 1, ""learning_rate"": 0.002129411361783684, ""max_dropout"": 0.8860948284609139, ""max_units"": 981, ""momentum"": 0.9275567943232446, ""num_layers"": 1, ""weight_decay"": 0.05628981358022921}","{""time"": 2.0611696243286133, ""val_accuracy"": 59.424198150634766, ""val_cross_entropy"": 0.7007177472114563, ""val_balanced_accuracy"": 0.5882297158241272, ""test_cross_entropy"": 0.6795639991760254, ""test_balanced_accuracy"": 0.5871592164039612}"
2026-04-16T00:27:58.202467,tpe,lcbench,189865,0,975,4.037134170532227,"{""OpenML_task_id"": ""34539"", ""batch_size"": 488, ""epoch"": 2, ""learning_rate"": 0.0031623572827251174, ""max_dropout"": 0.9033216047951216, ""max_units"": 354, ""momentum"": 0.11428681875042863, ""num_layers"": 1, ""weight_decay"": 0.057624463934706646}","{""time"": 4.037134170532227, ""val_accuracy"": 63.832069396972656, ""val_cross_entropy"": 0.6158624887466431, ""val_balanced_accuracy"": 0.5981999635696411, ""test_cross_entropy"": 0.6686037182807922, ""test_balanced_accuracy"": 0.595579206943512}"
2026-04-16T00:27:58.280517,tpe,lcbench,189865,0,976,3.9785666465759277,"{""OpenML_task_id"": ""189908"", ""batch_size"": 475, ""epoch"": 3, ""learning_rate"": 0.0019069388529765958, ""max_dropout"": 0.8912919680965589, ""max_units"": 960, ""momentum"": 0.1264731959841666, ""num_layers"": 1, ""weight_decay"": 0.05587475837322386}","{""time"": 3.9785666465759277, ""val_accuracy"": 62.1871223449707, ""val_cross_entropy"": 0.6193285584449768, ""val_balanced_accuracy"": 0.5910108685493469, ""test_cross_entropy"": 0.6759817600250244, ""test_balanced_accuracy"": 0.5897721648216248}"
2026-04-16T00:27:58.337541,tpe,lcbench,189865,0,977,24.687850952148438,"{""OpenML_task_id"": ""189908"", ""batch_size"": 486, ""epoch"": 30, ""learning_rate"": 0.0733100779885178, ""max_dropout"": 0.8638450296170371, ""max_units"": 950, ""momentum"": 0.11358188346409427, ""num_layers"": 1, ""weight_decay"": 0.05480923961640713}","{""time"": 24.687850952148438, ""val_accuracy"": 89.50949096679688, ""val_cross_entropy"": 0.3243579864501953, ""val_balanced_accuracy"": 0.8904708027839661, ""test_cross_entropy"": 0.5106849670410156, ""test_balanced_accuracy"": 0.886383593082428}"
2026-04-16T00:27:58.410743,tpe,lcbench,189865,0,978,1.1463968753814697,"{""OpenML_task_id"": ""126026"", ""batch_size"": 498, ""epoch"": 1, ""learning_rate"": 0.007235393667311088, ""max_dropout"": 0.8616581942065237, ""max_units"": 977, ""momentum"": 0.10228168082122363, ""num_layers"": 1, ""weight_decay"": 0.053740115060123356}","{""time"": 1.1463968753814697, ""val_accuracy"": 61.488182067871094, ""val_cross_entropy"": 0.6094616651535034, ""val_balanced_accuracy"": 0.6060102581977844, ""test_cross_entropy"": 0.664188027381897, ""test_balanced_accuracy"": 0.606499433517456}"
2026-04-16T00:27:58.474869,tpe,lcbench,189865,0,979,2.9034297466278076,"{""OpenML_task_id"": ""189908"", ""batch_size"": 473, ""epoch"": 2, ""learning_rate"": 0.00328570259932558, ""max_dropout"": 0.8359872612939127, ""max_units"": 947, ""momentum"": 0.12824136984033466, ""num_layers"": 1, ""weight_decay"": 0.05900296902621521}","{""time"": 2.9034297466278076, ""val_accuracy"": 61.38751983642578, ""val_cross_entropy"": 0.6255906820297241, ""val_balanced_accuracy"": 0.5946711301803589, ""test_cross_entropy"": 0.6717832088470459, ""test_balanced_accuracy"": 0.5943626761436462}"
2026-04-16T00:27:58.549026,tpe,lcbench,189865,0,980,0.8953921794891357,"{""OpenML_task_id"": ""189908"", ""batch_size"": 503, ""epoch"": 1, ""learning_rate"": 0.0020315960356238867, ""max_dropout"": 0.881437517733641, ""max_units"": 984, ""momentum"": 0.11407809485429851, ""num_layers"": 1, ""weight_decay"": 0.0528568754472078}","{""time"": 0.8953921794891357, ""val_accuracy"": 59.91471862792969, ""val_cross_entropy"": 0.5817701816558838, ""val_balanced_accuracy"": 0.6025456786155701, ""test_cross_entropy"": 0.6666657328605652, ""test_balanced_accuracy"": 0.6001874208450317}"
2026-04-16T00:27:58.621149,tpe,lcbench,189865,0,981,5.600336074829102,"{""OpenML_task_id"": ""189908"", ""batch_size"": 482, ""epoch"": 3, ""learning_rate"": 0.0049009086321356275, ""max_dropout"": 0.8900899448712987, ""max_units"": 963, ""momentum"": 0.10034467903954006, ""num_layers"": 1, ""weight_decay"": 0.05572411515231913}","{""time"": 5.600336074829102, ""val_accuracy"": 65.05107879638672, ""val_cross_entropy"": 0.5928927659988403, ""val_balanced_accuracy"": 0.6088000535964966, ""test_cross_entropy"": 0.6716090440750122, ""test_balanced_accuracy"": 0.6080456972122192}"
2026-04-16T00:27:58.683557,tpe,lcbench,189865,0,982,5.929430961608887,"{""OpenML_task_id"": ""168329"", ""batch_size"": 492, ""epoch"": 4, ""learning_rate"": 0.0019001866620343172, ""max_dropout"": 0.879813669861024, ""max_units"": 920, ""momentum"": 0.1310941083782763, ""num_layers"": 1, ""weight_decay"": 0.05724131631249018}","{""time"": 5.929430961608887, ""val_accuracy"": 64.23793029785156, ""val_cross_entropy"": 0.5980420112609863, ""val_balanced_accuracy"": 0.5999951362609863, ""test_cross_entropy"": 0.6788609027862549, ""test_balanced_accuracy"": 0.5966969132423401}"
2026-04-16T00:27:58.751274,tpe,lcbench,189865,0,983,2.160176992416382,"{""OpenML_task_id"": ""167168"", ""batch_size"": 474, ""epoch"": 2, ""learning_rate"": 0.0017965255345069174, ""max_dropout"": 0.910786930539329, ""max_units"": 945, ""momentum"": 0.10081427154559885, ""num_layers"": 1, ""weight_decay"": 0.05211786851606525}","{""time"": 2.160176992416382, ""val_accuracy"": 61.07883834838867, ""val_cross_entropy"": 0.6094852685928345, ""val_balanced_accuracy"": 0.5985697507858276, ""test_cross_entropy"": 0.6693211793899536, ""test_balanced_accuracy"": 0.5965182781219482}"
2026-04-16T00:27:58.817977,tpe,lcbench,189865,0,984,0.3836215138435364,"{""OpenML_task_id"": ""189873"", ""batch_size"": 480, ""epoch"": 1, ""learning_rate"": 0.00011625362551196688, ""max_dropout"": 0.8055465266058157, ""max_units"": 903, ""momentum"": 0.13042806820758227, ""num_layers"": 1, ""weight_decay"": 0.054768421382935105}","{""time"": 0.3836215138435364, ""val_accuracy"": 57.69002151489258, ""val_cross_entropy"": 0.5579444766044617, ""val_balanced_accuracy"": 0.5961360931396484, ""test_cross_entropy"": 0.6706483364105225, ""test_balanced_accuracy"": 0.591771125793457}"
2026-04-16T00:27:58.883629,tpe,lcbench,189865,0,985,1.156158208847046,"{""OpenML_task_id"": ""189873"", ""batch_size"": 483, ""epoch"": 1, ""learning_rate"": 0.005260409484352987, ""max_dropout"": 0.8334565299574543, ""max_units"": 964, ""momentum"": 0.13732444935056753, ""num_layers"": 1, ""weight_decay"": 0.05960389511585093}","{""time"": 1.156158208847046, ""val_accuracy"": 60.88412857055664, ""val_cross_entropy"": 0.6078894138336182, ""val_balanced_accuracy"": 0.6051440238952637, ""test_cross_entropy"": 0.6646047234535217, ""test_balanced_accuracy"": 0.6046225428581238}"
2026-04-16T00:27:58.953925,tpe,lcbench,189865,0,986,5.062070369720459,"{""OpenML_task_id"": ""189873"", ""batch_size"": 471, ""epoch"": 3, ""learning_rate"": 0.0032954119759230813, ""max_dropout"": 0.7903017237951377, ""max_units"": 984, ""momentum"": 0.10085756966235493, ""num_layers"": 1, ""weight_decay"": 0.05769457274036434}","{""time"": 5.062070369720459, ""val_accuracy"": 63.32094955444336, ""val_cross_entropy"": 0.5999605655670166, ""val_balanced_accuracy"": 0.600845992565155, ""test_cross_entropy"": 0.6742701530456543, ""test_balanced_accuracy"": 0.5997639894485474}"
2026-04-16T00:27:59.027461,tpe,lcbench,189865,0,987,9.107429504394531,"{""OpenML_task_id"": ""189873"", ""batch_size"": 490, ""epoch"": 2, ""learning_rate"": 0.07781401392628129, ""max_dropout"": 0.856845778949974, ""max_units"": 933, ""momentum"": 0.1294931133337254, ""num_layers"": 1, ""weight_decay"": 0.05505361767763438}","{""time"": 9.107429504394531, ""val_accuracy"": 72.6701431274414, ""val_cross_entropy"": 0.5533223748207092, ""val_balanced_accuracy"": 0.7115544080734253, ""test_cross_entropy"": 0.6217817068099976, ""test_balanced_accuracy"": 0.7130665183067322}"
2026-04-16T00:27:59.089866,tpe,lcbench,189865,0,988,1.2258816957473755,"{""OpenML_task_id"": ""189873"", ""batch_size"": 481, ""epoch"": 2, ""learning_rate"": 0.00020028669490331736, ""max_dropout"": 0.8172545952488298, ""max_units"": 898, ""momentum"": 0.14955497882724023, ""num_layers"": 1, ""weight_decay"": 0.05582370124439597}","{""time"": 1.2258816957473755, ""val_accuracy"": 57.674949645996094, ""val_cross_entropy"": 0.5998649597167969, ""val_balanced_accuracy"": 0.5696219801902771, ""test_cross_entropy"": 0.6759181022644043, ""test_balanced_accuracy"": 0.5690334439277649}"
2026-04-16T00:27:59.152832,tpe,lcbench,189865,0,989,0.4463726878166199,"{""OpenML_task_id"": ""189873"", ""batch_size"": 505, ""epoch"": 1, ""learning_rate"": 0.00018526158239903177, ""max_dropout"": 0.8135777760301959, ""max_units"": 921, ""momentum"": 0.13168223351268377, ""num_layers"": 1, ""weight_decay"": 0.05162724064382659}","{""time"": 0.4463726878166199, ""val_accuracy"": 57.559776306152344, ""val_cross_entropy"": 0.551212728023529, ""val_balanced_accuracy"": 0.5914856195449829, ""test_cross_entropy"": 0.6699978113174438, ""test_balanced_accuracy"": 0.5865782499313354}"
2026-04-16T00:27:59.219269,tpe,lcbench,189865,0,990,5.901541709899902,"{""OpenML_task_id"": ""189908"", ""batch_size"": 504, ""epoch"": 3, ""learning_rate"": 0.003619084583786227, ""max_dropout"": 0.7825470507503377, ""max_units"": 892, ""momentum"": 0.15996702531414564, ""num_layers"": 1, ""weight_decay"": 0.053006104529902905}","{""time"": 5.901541709899902, ""val_accuracy"": 63.75942611694336, ""val_cross_entropy"": 0.6012296080589294, ""val_balanced_accuracy"": 0.6012541651725769, ""test_cross_entropy"": 0.6774884462356567, ""test_balanced_accuracy"": 0.5993260145187378}"
2026-04-16T00:27:59.284833,tpe,lcbench,189865,0,991,6.860937118530273,"{""OpenML_task_id"": ""189873"", ""batch_size"": 511, ""epoch"": 15, ""learning_rate"": 0.0001209447008449535, ""max_dropout"": 0.8674396439676784, ""max_units"": 913, ""momentum"": 0.14728170935218848, ""num_layers"": 1, ""weight_decay"": 0.05180019041288992}","{""time"": 6.860937118530273, ""val_accuracy"": 61.956966400146484, ""val_cross_entropy"": 0.6644890308380127, ""val_balanced_accuracy"": 0.5842635631561279, ""test_cross_entropy"": 0.6805746555328369, ""test_balanced_accuracy"": 0.5846726894378662}"
2026-04-16T00:27:59.351588,tpe,lcbench,189865,0,992,1.319311261177063,"{""OpenML_task_id"": ""189908"", ""batch_size"": 495, ""epoch"": 1, ""learning_rate"": 0.006945410709465108, ""max_dropout"": 0.8409770369894354, ""max_units"": 887, ""momentum"": 0.13435000157262278, ""num_layers"": 1, ""weight_decay"": 0.05490361120866626}","{""time"": 1.319311261177063, ""val_accuracy"": 61.408599853515625, ""val_cross_entropy"": 0.619024395942688, ""val_balanced_accuracy"": 0.6035970449447632, ""test_cross_entropy"": 0.6657509803771973, ""test_balanced_accuracy"": 0.603228747844696}"
2026-04-16T00:27:59.413837,tpe,lcbench,189865,0,993,1.7460192441940308,"{""OpenML_task_id"": ""189905"", ""batch_size"": 502, ""epoch"": 3, ""learning_rate"": 0.00012285417070486822, ""max_dropout"": 0.8260353573545595, ""max_units"": 381, ""momentum"": 0.15913074044085873, ""num_layers"": 1, ""weight_decay"": 0.05700733579659482}","{""time"": 1.7460192441940308, ""val_accuracy"": 58.654083251953125, ""val_cross_entropy"": 0.654160737991333, ""val_balanced_accuracy"": 0.5663557052612305, ""test_cross_entropy"": 0.6847627758979797, ""test_balanced_accuracy"": 0.5656054615974426}"
2026-04-16T00:27:59.472200,tpe,lcbench,189865,0,994,8.054604530334473,"{""OpenML_task_id"": ""189873"", ""batch_size"": 505, ""epoch"": 4, ""learning_rate"": 0.00341782970559966, ""max_dropout"": 0.8116052797423361, ""max_units"": 909, ""momentum"": 0.13593469455901072, ""num_layers"": 1, ""weight_decay"": 0.05116421485350909}","{""time"": 8.054604530334473, ""val_accuracy"": 65.48416900634766, ""val_cross_entropy"": 0.5944485664367676, ""val_balanced_accuracy"": 0.612179160118103, ""test_cross_entropy"": 0.6761540174484253, ""test_balanced_accuracy"": 0.6084146499633789}"
2026-04-16T00:27:59.534927,tpe,lcbench,189865,0,995,9.76283073425293,"{""OpenML_task_id"": ""189873"", ""batch_size"": 495, ""epoch"": 2, ""learning_rate"": 0.06014456158474735, ""max_dropout"": 0.7785999112716728, ""max_units"": 918, ""momentum"": 0.12870790447355385, ""num_layers"": 1, ""weight_decay"": 0.05395462655181943}","{""time"": 9.76283073425293, ""val_accuracy"": 69.3350601196289, ""val_cross_entropy"": 0.587781548500061, ""val_balanced_accuracy"": 0.6745720505714417, ""test_cross_entropy"": 0.6376771926879883, ""test_balanced_accuracy"": 0.6735987663269043}"
2026-04-16T00:27:59.601583,tpe,lcbench,189865,0,996,10.239739418029785,"{""OpenML_task_id"": ""189873"", ""batch_size"": 509, ""epoch"": 5, ""learning_rate"": 0.002269834187778251, ""max_dropout"": 0.7987183671661613, ""max_units"": 487, ""momentum"": 0.1480946794726584, ""num_layers"": 1, ""weight_decay"": 0.05895508163839091}","{""time"": 10.239739418029785, ""val_accuracy"": 64.60015106201172, ""val_cross_entropy"": 0.59641432762146, ""val_balanced_accuracy"": 0.5975875854492188, ""test_cross_entropy"": 0.6840783357620239, ""test_balanced_accuracy"": 0.5890931487083435}"
2026-04-16T00:27:59.671405,tpe,lcbench,189865,0,997,1.1812586784362793,"{""OpenML_task_id"": ""189873"", ""batch_size"": 493, ""epoch"": 1, ""learning_rate"": 0.004802490388451636, ""max_dropout"": 0.8188406941738724, ""max_units"": 925, ""momentum"": 0.10077975799251354, ""num_layers"": 1, ""weight_decay"": 0.05217799781820793}","{""time"": 1.1812586784362793, ""val_accuracy"": 61.082332611083984, ""val_cross_entropy"": 0.6046556234359741, ""val_balanced_accuracy"": 0.606192946434021, ""test_cross_entropy"": 0.6653242111206055, ""test_balanced_accuracy"": 0.6053032875061035}"
2026-04-16T00:27:59.737164,tpe,lcbench,189865,0,998,0.8396133780479431,"{""OpenML_task_id"": ""189873"", ""batch_size"": 512, ""epoch"": 2, ""learning_rate"": 0.0001268959454732595, ""max_dropout"": 0.8698986367553271, ""max_units"": 955, ""momentum"": 0.17397667190681287, ""num_layers"": 1, ""weight_decay"": 0.05517177948297938}","{""time"": 0.8396133780479431, ""val_accuracy"": 57.364688873291016, ""val_cross_entropy"": 0.5802534222602844, ""val_balanced_accuracy"": 0.5765619277954102, ""test_cross_entropy"": 0.6733496189117432, ""test_balanced_accuracy"": 0.5752745270729065}"
2026-04-16T00:27:59.807201,tpe,lcbench,189865,0,999,1.097590446472168,"{""OpenML_task_id"": ""189873"", ""batch_size"": 489, ""epoch"": 1, ""learning_rate"": 0.002131810126670413, ""max_dropout"": 0.8362288554608663, ""max_units"": 901, ""momentum"": 0.1275255115065492, ""num_layers"": 1, ""weight_decay"": 0.0499236459553523}","{""time"": 1.097590446472168, ""val_accuracy"": 60.14967727661133, ""val_cross_entropy"": 0.5985692143440247, ""val_balanced_accuracy"": 0.6003385186195374, ""test_cross_entropy"": 0.6691758632659912, ""test_balanced_accuracy"": 0.5975624918937683}"
